Unity Editor version:    2022.3.0f1 (fb119bb0b476)
Branch:                  2022.3/release
Build type:              Release
Batch mode:              YES
macOS version:           Version 26.3.1 (a) (Build 25D771280a)
Darwin version:          25.3.0
Architecture:            arm64
Running under Rosetta:   NO
Available memory:        8192 MB
[Licensing::Module] Trying to connect to existing licensing client channel...
[Licensing::IpcConnector] Connection attempt to the License Client on channel: "LicenseClient-guribbong" failed because channel doesn't exist; code: "0x80000002"
Launching external process: /Applications/Unity/Hub/Editor/2022.3.0f1/Unity.app/Contents/Frameworks/UnityLicensingClient.app/Contents/MacOS/Unity.Licensing.Client
[Licensing::Module] Successfully launched the LicensingClient (PId: 83238)
[Licensing::IpcConnector] Successfully connected to the License Client on channel: "LicenseClient-guribbong"
[Licensing::Client] Handshaking with LicensingClient:
  Version:                 1.12.1+9338cad
  Session Id:              9a48ebd550d44c5585891a616007fb72
  Correlation Id:          fea6ef4ac62a8da7495d14552d996355
  External correlation Id: 6126847569342476765
  Machine Id:              kK/taOzULwH3CoqhnK6anvJ0b88=
[Licensing::Module] Successfully connected to LicensingClient on channel: "LicenseClient-guribbong" (connect: 3.53s, validation: 0.20s, handshake: 0.58s)
[Licensing::IpcConnector] Successfully connected to the License Notification on channel: "LicenseClient-guribbong-notifications"
[Licensing::Module] Connected to LicensingClient (PId: 83238, launch time: 0.00, total connection time: 4.30s)
[Licensing::Module] Error: Access token is unavailable; failed to update
[Licensing::Client] Error: Code 500 while processing request (status: Unable to update licenses. Errors: No ULF license found.,Token not found in cache)
[Licensing::Client] Error: Code 500 while updating license in client (status: Unable to update licenses. Errors: No ULF license found.,Token not found in cache)
[Licensing::Client] Successfully resolved entitlements
[Licensing::Module] Serial number assigned to: "14568638156105-UnityPersXXXX"
Pro License: NO
Launching external process: /Applications/Unity/Hub/Editor/2022.3.0f1/Unity.app/Contents/Resources/PackageManager/Server/UnityPackageManager

COMMAND LINE ARGUMENTS:
/Applications/Unity/Hub/Editor/2022.3.0f1/Unity.app/Contents/MacOS/Unity
-batchmode
-projectPath
unity/EmbodiedDebate
-executeMethod
ArgusUnity.Editor.BridgePlayModeSmoke.CaptureAndQuit
-logFile
tmp/community-kiosk-unity-smoke.log
Successfully changed project path to: /Users/guribbong/code/Argus/unity/EmbodiedDebate
/Users/guribbong/code/Argus/unity/EmbodiedDebate
[UnityMemory] Configuration Parameters - Can be set up in boot.config
    "memorysetup-bucket-allocator-granularity=16"
    "memorysetup-bucket-allocator-bucket-count=8"
    "memorysetup-bucket-allocator-block-size=33554432"
    "memorysetup-bucket-allocator-block-count=8"
    "memorysetup-main-allocator-block-size=16777216"
    "memorysetup-thread-allocator-block-size=16777216"
    "memorysetup-gfx-main-allocator-block-size=16777216"
    "memorysetup-gfx-thread-allocator-block-size=16777216"
    "memorysetup-cache-allocator-block-size=4194304"
    "memorysetup-typetree-allocator-block-size=2097152"
    "memorysetup-profiler-bucket-allocator-granularity=16"
    "memorysetup-profiler-bucket-allocator-bucket-count=8"
    "memorysetup-profiler-bucket-allocator-block-size=33554432"
    "memorysetup-profiler-bucket-allocator-block-count=8"
    "memorysetup-profiler-allocator-block-size=16777216"
    "memorysetup-profiler-editor-allocator-block-size=1048576"
    "memorysetup-temp-allocator-size-main=16777216"
    "memorysetup-job-temp-allocator-block-size=2097152"
    "memorysetup-job-temp-allocator-block-size-background=1048576"
    "memorysetup-job-temp-allocator-reduction-small-platforms=262144"
    "memorysetup-allocator-temp-initial-block-size-main=262144"
    "memorysetup-allocator-temp-initial-block-size-worker=262144"
    "memorysetup-temp-allocator-size-background-worker=32768"
    "memorysetup-temp-allocator-size-job-worker=262144"
    "memorysetup-temp-allocator-size-preload-manager=33554432"
    "memorysetup-temp-allocator-size-nav-mesh-worker=65536"
    "memorysetup-temp-allocator-size-audio-worker=65536"
    "memorysetup-temp-allocator-size-cloud-worker=32768"
    "memorysetup-temp-allocator-size-gi-baking-worker=262144"
    "memorysetup-temp-allocator-size-gfx=262144"
Player connection [8649715968] Host "[IP] 192.168.3.1 [Port] 55496 [Flags] 2 [Guid] 3825225036 [EditorId] 3825225036 [Version] 1048832 [Id] OSXEditor(0,topabaem.local) [Debug] 1 [PackageName] OSXEditor [ProjectName] Editor" joined multi-casting on [225.0.0.222:54997]...

Player connection [8649715968] Host "[IP] 192.168.3.1 [Port] 55496 [Flags] 2 [Guid] 3825225036 [EditorId] 3825225036 [Version] 1048832 [Id] OSXEditor(0,topabaem.local) [Debug] 1 [PackageName] OSXEditor [ProjectName] Editor" joined alternative multi-casting on [225.0.0.222:34997]...

[Package Manager] UpmClient::Connect -- Connected to IPC stream "Upm-83235" after 1.0 seconds.
[Licensing::Client] Successfully resolved entitlements
[Package Manager] Restoring resolved packages state from cache
[Licensing::Client] Successfully resolved entitlement details
[Package Manager] Registered 19 packages:
  Packages from [https://packages.unity.com]:
    com.unity.nuget.newtonsoft-json@3.2.1 (location: /Users/guribbong/code/Argus/unity/EmbodiedDebate/Library/PackageCache/com.unity.nuget.newtonsoft-json@3.2.1)
    com.unity.test-framework@1.1.33 (location: /Users/guribbong/code/Argus/unity/EmbodiedDebate/Library/PackageCache/com.unity.test-framework@1.1.33)
    com.unity.ext.nunit@1.0.6 (location: /Users/guribbong/code/Argus/unity/EmbodiedDebate/Library/PackageCache/com.unity.ext.nunit@1.0.6)
    com.unity.mathematics@1.2.6 (location: /Users/guribbong/code/Argus/unity/EmbodiedDebate/Library/PackageCache/com.unity.mathematics@1.2.6)
    com.unity.burst@1.8.4 (location: /Users/guribbong/code/Argus/unity/EmbodiedDebate/Library/PackageCache/com.unity.burst@1.8.4)
    com.unity.searcher@4.9.2 (location: /Users/guribbong/code/Argus/unity/EmbodiedDebate/Library/PackageCache/com.unity.searcher@4.9.2)
  Built-in packages:
    com.unity.modules.animation@1.0.0 (location: /Users/guribbong/code/Argus/unity/EmbodiedDebate/Library/PackageCache/com.unity.modules.animation@1.0.0)
    com.unity.modules.imageconversion@1.0.0 (location: /Users/guribbong/code/Argus/unity/EmbodiedDebate/Library/PackageCache/com.unity.modules.imageconversion@1.0.0)
    com.unity.modules.physics@1.0.0 (location: /Users/guribbong/code/Argus/unity/EmbodiedDebate/Library/PackageCache/com.unity.modules.physics@1.0.0)
    com.unity.modules.unitywebrequest@1.0.0 (location: /Users/guribbong/code/Argus/unity/EmbodiedDebate/Library/PackageCache/com.unity.modules.unitywebrequest@1.0.0)
    com.unity.render-pipelines.universal@14.0.7 (location: /Users/guribbong/code/Argus/unity/EmbodiedDebate/Library/PackageCache/com.unity.render-pipelines.universal@14.0.7)
    com.unity.modules.imgui@1.0.0 (location: /Users/guribbong/code/Argus/unity/EmbodiedDebate/Library/PackageCache/com.unity.modules.imgui@1.0.0)
    com.unity.modules.jsonserialize@1.0.0 (location: /Users/guribbong/code/Argus/unity/EmbodiedDebate/Library/PackageCache/com.unity.modules.jsonserialize@1.0.0)
    com.unity.render-pipelines.core@14.0.7 (location: /Users/guribbong/code/Argus/unity/EmbodiedDebate/Library/PackageCache/com.unity.render-pipelines.core@14.0.7)
    com.unity.shadergraph@14.0.7 (location: /Users/guribbong/code/Argus/unity/EmbodiedDebate/Library/PackageCache/com.unity.shadergraph@14.0.7)
    com.unity.ugui@1.0.0 (location: /Users/guribbong/code/Argus/unity/EmbodiedDebate/Library/PackageCache/com.unity.ugui@1.0.0)
    com.unity.modules.terrain@1.0.0 (location: /Users/guribbong/code/Argus/unity/EmbodiedDebate/Library/PackageCache/com.unity.modules.terrain@1.0.0)
    com.unity.modules.ui@1.0.0 (location: /Users/guribbong/code/Argus/unity/EmbodiedDebate/Library/PackageCache/com.unity.modules.ui@1.0.0)
  Embedded packages:
    com.unity.cloud.gltfast@file:/Users/guribbong/code/Argus/unity/EmbodiedDebate/Packages/com.unity.cloud.gltfast (location: /Users/guribbong/code/Argus/unity/EmbodiedDebate/Packages/com.unity.cloud.gltfast)
[Subsystems] No new subsystems found in resolved package list.
Package Manager log level set to [2]
[Package Manager] Done registering packages in 0.31 seconds
Refreshing native plugins compatible for Editor in 7.99 ms, found 0 plugins.
Preloading 0 native plugins for Editor in 0.00 ms.
Initialize engine version: 2022.3.0f1 (fb119bb0b476)
[Subsystems] Discovering subsystems at path /Applications/Unity/Hub/Editor/2022.3.0f1/Unity.app/Contents/Resources/UnitySubsystems
[Subsystems] Discovering subsystems at path /Users/guribbong/code/Argus/unity/EmbodiedDebate/Assets
GfxDevice: creating device client; threaded=0; jobified=0
 preferred device: Apple M2 (high power)
Metal devices available: 1
0: Apple M2 (high power)
Using device Apple M2 (high power)
Initializing Metal device caps: Apple M2
[Licensing::Client] Successfully resolved entitlements
Initialize mono
Mono path[0] = '/Applications/Unity/Hub/Editor/2022.3.0f1/Unity.app/Contents/Managed'
Mono path[1] = '/Applications/Unity/Hub/Editor/2022.3.0f1/Unity.app/Contents/MonoBleedingEdge/lib/mono/unityjit-macos'
Mono config path = '/Applications/Unity/Hub/Editor/2022.3.0f1/Unity.app/Contents/MonoBleedingEdge/etc'
Using monoOptions --debugger-agent=transport=dt_socket,embedding=1,server=y,suspend=n,address=127.0.0.1:56235
Using cacheserver namespaces - metadata:defaultmetadata, artifacts:defaultartifacts
Using cacheserver namespaces - metadata:defaultmetadata, artifacts:defaultartifacts
ImportWorker Server TCP listen port: 0
Begin MonoManager ReloadAssembly
Registering precompiled unity dll's ...
Register platform support module: /Applications/Unity/Hub/Editor/2022.3.0f1/Unity.app/Contents/PlaybackEngines/MacStandaloneSupport/UnityEditor.OSXStandalone.Extensions.dll
Registered in 0.001976 seconds.
- Loaded All Assemblies, in  0.414 seconds
Native extension for OSXStandalone target not found
Mono: successfully reloaded assembly
- Finished resetting the current domain, in  0.251 seconds
Domain Reload Profiling: 666ms
	BeginReloadAssembly (119ms)
		ExecutionOrderSort (0ms)
		DisableScriptedObjects (0ms)
		BackupInstance (0ms)
		ReleaseScriptingObjects (0ms)
		CreateAndSetChildDomain (2ms)
	RebuildCommonClasses (42ms)
	RebuildNativeTypeToScriptingClass (12ms)
	initialDomainReloadingComplete (58ms)
	LoadAllAssembliesAndSetupDomain (183ms)
		LoadAssemblies (116ms)
		RebuildTransferFunctionScriptingTraits (0ms)
		AnalyzeDomain (177ms)
			TypeCache.Refresh (176ms)
				TypeCache.ScanAssembly (155ms)
			ScanForSourceGeneratedMonoScriptInfo (0ms)
			ResolveRequiredComponents (1ms)
	FinalizeReload (252ms)
		ReleaseScriptCaches (0ms)
		RebuildScriptCaches (0ms)
		SetupLoadedEditorAssemblies (190ms)
			LogAssemblyErrors (0ms)
			InitializePlatformSupportModulesInManaged (7ms)
			SetLoadedEditorAssemblies (8ms)
			RefreshPlugins (0ms)
			BeforeProcessingInitializeOnLoad (2ms)
			ProcessInitializeOnLoadAttributes (129ms)
			ProcessInitializeOnLoadMethodAttributes (43ms)
			AfterProcessingInitializeOnLoad (0ms)
			EditorAssembliesLoaded (0ms)
		ExecutionOrderSort2 (0ms)
		AwakeInstancesAfterBackupRestoration (0ms)
[Licensing::Client] Successfully resolved entitlements
Application.AssetDatabase Initial Refresh Start
[40m[32minfo[39m[22m[49m: Microsoft.Hosting.Lifetime[14]
      Now listening on: http://unix:/tmp/ilpp.sock-8e16111b622e4d5ea6b5ecc926298bfd
[40m[32minfo[39m[22m[49m: Microsoft.Hosting.Lifetime[0]
      Application started. Press Ctrl+C to shut down.
[40m[32minfo[39m[22m[49m: Microsoft.Hosting.Lifetime[0]
      Hosting environment: Production
[40m[32minfo[39m[22m[49m: Microsoft.Hosting.Lifetime[0]
      Content root path: /Users/guribbong/code/Argus/unity/EmbodiedDebate/
[40m[32minfo[39m[22m[49m: Microsoft.AspNetCore.Hosting.Diagnostics[1]
      Request starting HTTP/2 POST http://ilpp/UnityILPP.PostProcessing/Ping application/grpc -
[40m[32minfo[39m[22m[49m: Microsoft.AspNetCore.Routing.EndpointMiddleware[0]
      Executing endpoint 'gRPC - /UnityILPP.PostProcessing/Ping'
[40m[32minfo[39m[22m[49m: Microsoft.AspNetCore.Routing.EndpointMiddleware[1]
      Executed endpoint 'gRPC - /UnityILPP.PostProcessing/Ping'
[40m[32minfo[39m[22m[49m: Microsoft.AspNetCore.Hosting.Diagnostics[2]
      Request finished HTTP/2 POST http://ilpp/UnityILPP.PostProcessing/Ping application/grpc - - 200 - application/grpc 84.0292ms
Starting: /Applications/Unity/Hub/Editor/2022.3.0f1/Unity.app/Contents/bee_backend --dont-print-to-structured-log --ipc --defer-dag-verification --dagfile="Library/Bee/200b0aE.dag" --continue-on-failure --profile="Library/Bee/backend1.traceevents" ScriptAssemblies
WorkingDir: /Users/guribbong/code/Argus/unity/EmbodiedDebate
DisplayProgressbar: Compiling Scripts
[40m[32minfo[39m[22m[49m: Microsoft.AspNetCore.Hosting.Diagnostics[1]
      Request starting HTTP/2 POST http://ilpp/UnityILPP.PostProcessing/ConfigurePostProcessors application/grpc -
[40m[32minfo[39m[22m[49m: Microsoft.AspNetCore.Routing.EndpointMiddleware[0]
      Executing endpoint 'gRPC - /UnityILPP.PostProcessing/ConfigurePostProcessors'
[40m[1m[33mwarn[39m[22m[49m: Unity.ILPP.Runner.PostProcessingAssemblyLoadContext[0]
      Assembly system.runtime.interopservices.windowsruntime has duplicate hint path. Ignoring "/Applications/Unity/Hub/Editor/2022.3.0f1/Unity.app/Contents/UnityReferenceAssemblies/unity-4.8-api/Facades/System.Runtime.InteropServices.WindowsRuntime.dll" in favor of "/Applications/Unity/Hub/Editor/2022.3.0f1/Unity.app/Contents/NetStandard/Extensions/2.0.0/System.Runtime.InteropServices.WindowsRuntime.dll"
[40m[1m[33mwarn[39m[22m[49m: Unity.ILPP.Runner.PostProcessingAssemblyLoadContext[0]
      Assembly system.componentmodel.composition has duplicate hint path. Ignoring "/Applications/Unity/Hub/Editor/2022.3.0f1/Unity.app/Contents/UnityReferenceAssemblies/unity-4.8-api/System.ComponentModel.Composition.dll" in favor of "/Applications/Unity/Hub/Editor/2022.3.0f1/Unity.app/Contents/NetStandard/compat/2.1.0/shims/netfx/System.ComponentModel.Composition.dll"
[40m[32minfo[39m[22m[49m: Unity.ILPP.Runner.PostProcessingAssemblyLoadContext[0]
      Resolved Unity.Burst.Cecil, Version=0.11.4.0, Culture=neutral, PublicKeyToken=50cebf1cceb9d05e with Library/PackageCache/com.unity.burst@1.8.4/Unity.Burst.CodeGen/Unity.Burst.Cecil.dll
[40m[32minfo[39m[22m[49m: Microsoft.AspNetCore.Routing.EndpointMiddleware[1]
      Executed endpoint 'gRPC - /UnityILPP.PostProcessing/ConfigurePostProcessors'
[40m[32minfo[39m[22m[49m: Microsoft.AspNetCore.Hosting.Diagnostics[2]
      Request finished HTTP/2 POST http://ilpp/UnityILPP.PostProcessing/ConfigurePostProcessors application/grpc - - 200 - application/grpc 32.1900ms
ExitCode: 0 Duration: 0s377ms
[295/377    0s] ILPP-Configuration Library/ilpp-configuration.nevergeneratedoutput
*** Tundra build success (0.35 seconds), 1 items updated, 377 evaluated
AssetDatabase: script compilation time: 1.441016s
Total cache size 25932744
Total cache size after purge 25932744
Begin MonoManager ReloadAssembly
Symbol file LoadedFromMemory is not a mono symbol file
- Loaded All Assemblies, in  0.558 seconds
Refreshing native plugins compatible for Editor in 0.94 ms, found 0 plugins.
Preloading 0 native plugins for Editor in 0.00 ms.
Refreshing native plugins compatible for Editor in 0.69 ms, found 0 plugins.
Native extension for OSXStandalone target not found
Mono: successfully reloaded assembly
- Finished resetting the current domain, in  2.158 seconds
Domain Reload Profiling: 2716ms
	BeginReloadAssembly (143ms)
		ExecutionOrderSort (0ms)
		DisableScriptedObjects (5ms)
		BackupInstance (0ms)
		ReleaseScriptingObjects (0ms)
		CreateAndSetChildDomain (33ms)
	RebuildCommonClasses (36ms)
	RebuildNativeTypeToScriptingClass (12ms)
	initialDomainReloadingComplete (24ms)
	LoadAllAssembliesAndSetupDomain (343ms)
		LoadAssemblies (214ms)
		RebuildTransferFunctionScriptingTraits (0ms)
		AnalyzeDomain (204ms)
			TypeCache.Refresh (186ms)
				TypeCache.ScanAssembly (176ms)
			ScanForSourceGeneratedMonoScriptInfo (10ms)
			ResolveRequiredComponents (8ms)
	FinalizeReload (2159ms)
		ReleaseScriptCaches (0ms)
		RebuildScriptCaches (0ms)
		SetupLoadedEditorAssemblies (1899ms)
			LogAssemblyErrors (0ms)
			InitializePlatformSupportModulesInManaged (3ms)
			SetLoadedEditorAssemblies (2ms)
			RefreshPlugins (0ms)
			BeforeProcessingInitializeOnLoad (40ms)
			ProcessInitializeOnLoadAttributes (1772ms)
			ProcessInitializeOnLoadMethodAttributes (81ms)
			AfterProcessingInitializeOnLoad (1ms)
			EditorAssembliesLoaded (0ms)
		ExecutionOrderSort2 (0ms)
		AwakeInstancesAfterBackupRestoration (3ms)
Asset Pipeline Refresh (id=eff113b9eee6846d3b82b81bb40da075): Total: 5.488 seconds - Initiated by InitialRefreshV2(ForceSynchronousImport)
	Summary:
		Imports: total=560 (actual=0, local cache=560, cache server=0)
		Asset DB Process Time: managed=0 ms, native=1243 ms
		Asset DB Callback time: managed=10 ms, native=0 ms
		Scripting: domain reloads=1, domain reload time=2751 ms, compile time=1441 ms, other=39 ms
		Project Asset Count: scripts=3119, non-scripts=1539
		Asset File Changes: new=0, changed=0, moved=0, deleted=0
		Scan Filter Count: 1
	InvokeBeforeRefreshCallbacks: 0.321ms
	ApplyChangesToAssetFolders: 0.019ms
	Scan: 322.791ms
	OnSourceAssetsModified: 0.001ms
	GetAllGuidsForCategorization: 0.347ms
	CategorizeAssets: 128.277ms
	ImportOutOfDateAssets: 2181.921ms (730.147ms without children)
		CompileScripts: 1441.091ms
		ReloadNativeAssets: 0.358ms
		UnloadImportedAssets: 7.913ms
		EnsureUptoDateAssetsAreRegisteredWithGuidPM: 1.372ms
		InitializingProgressBar: 0.000ms
		PostProcessAllAssetNotificationsAddChangedAssets: 0.000ms
		OnDemandSchedulerStart: 1.040ms
	PostProcessAllAssets: 10.844ms
	GatherAllCurrentPrimaryArtifactRevisions: 0.002ms
	UnloadStreamsBegin: 2.232ms
	PersistCurrentRevisions: 0.196ms
	UnloadStreamsEnd: 0.012ms
	GenerateScriptTypeHashes: 2.176ms
	Untracked: 2840.765ms
Application.AssetDatabase Initial Refresh End
Launching external process: /Applications/Unity/Hub/Editor/2022.3.0f1/Unity.app/Contents/Tools/UnityShaderCompiler
Launched and connected shader compiler UnityShaderCompiler after 0.29 seconds
Scanning for USB devices : 0.308ms
Initializing Unity extensions:
[Licensing::Client] Successfully resolved entitlements
[MODES] ModeService[none].Initialize
[MODES] ModeService[none].LoadModes
[MODES] Loading mode Default (0) for mode-current-id-EmbodiedDebate
ProgressiveSceneManager::Cancel()
Unloading 6 Unused Serialized files (Serialized files now loaded: 0)
Unloading 59 unused Assets / (0.7 MB). Loaded Objects now: 3134.
Memory consumption went from 134.3 MB to 133.7 MB.
Total: 8.228833 ms (FindLiveObjects: 0.351917 ms CreateObjectMapping: 0.058667 ms MarkObjects: 6.432666 ms  DeleteObjects: 1.384833 ms)

ArgusUnity.Editor.BridgePlayModeSmoke: capture path=/Users/guribbong/code/Argus/tmp/community_kiosk_unity.png
UnityEngine.StackTraceUtility:ExtractStackTrace () (at /Users/bokken/build/output/unity/unity/Runtime/Export/Scripting/StackTrace.cs:37)
UnityEngine.DebugLogHandler:LogFormat (UnityEngine.LogType,UnityEngine.Object,string,object[])
UnityEngine.Logger:Log (UnityEngine.LogType,object)
UnityEngine.Debug:Log (object)
ArgusUnity.Editor.BridgePlayModeSmoke:CaptureAndQuit () (at Assets/Editor/BridgePlayModeSmoke.cs:29)

(Filename: Assets/Editor/BridgePlayModeSmoke.cs Line: 29)

Opening scene 'Assets/Project/Scenes/MainSimulation.unity'
Unloading 0 Unused Serialized files (Serialized files now loaded: 0)
Loaded scene 'Assets/Project/Scenes/MainSimulation.unity'
	Deserialize:            2.935 ms
	Integration:            154.702 ms
	Integration of assets:  0.002 ms
	Thread Wait Time:       0.021 ms
	Total Operation Time:   157.660 ms
Unloading 2 unused Assets / (5.5 KB). Loaded Objects now: 3155.
Memory consumption went from 128.1 MB to 128.1 MB.
Total: 10.240250 ms (FindLiveObjects: 1.822167 ms CreateObjectMapping: 0.073459 ms MarkObjects: 8.312167 ms  DeleteObjects: 0.031542 ms)

[Project] Loading completed in 15.047 seconds
	Project init time: 				9.127 seconds
		Template init time: 		0.000 seconds
		Package Manager init time: 		0.951 seconds
		Asset Database init time: 		0.600 seconds
		Global illumination init time: 	0.007 seconds
		Assemblies load time: 			0.670 seconds
		Unity extensions init time: 	0.006 seconds
		Asset Database refresh time: 	0.000 seconds
	Scene opening time: 			0.797 seconds
##utp:{"type":"ProjectInfo","version":2,"phase":"Immediate","time":1778234806664,"processId":83235,"projectLoad":15.047127375,"projectInit":9.126815875,"templateInit":0.0,"packageManagerInit":0.950517292,"assetDatabaseInit":0.599783875,"globalIlluminationInit":0.007166,"assembliesLoad":0.67019675,"unityExtensionsInit":0.006059375,"assetDatabaseRefresh":0.0,"sceneOpening":0.796810875}
##utp:{"type":"EditorInfo","version":2,"phase":"Immediate","time":1778234806664,"processId":83235,"editorVersion":"2022.3.0f1 (fb119bb0b476)","branch":"2022.3/release","buildType":"Release","platform":"OSX"}
Subscribe to USB device events
Scanning for USB devices : 0.302ms
Thread 0x342813000 may have been prematurely finalized
Reloading assemblies for play mode.
Reloading assemblies after forced synchronous recompile.
Begin MonoManager ReloadAssembly
Symbol file LoadedFromMemory is not a mono symbol file
- Loaded All Assemblies, in  0.665 seconds
Refreshing native plugins compatible for Editor in 0.67 ms, found 0 plugins.
Native extension for OSXStandalone target not found
Mono: successfully reloaded assembly
- Finished resetting the current domain, in  0.903 seconds
Domain Reload Profiling: 1577ms
	BeginReloadAssembly (542ms)
		ExecutionOrderSort (0ms)
		DisableScriptedObjects (5ms)
		BackupInstance (0ms)
		ReleaseScriptingObjects (0ms)
		CreateAndSetChildDomain (420ms)
	RebuildCommonClasses (42ms)
	RebuildNativeTypeToScriptingClass (12ms)
	initialDomainReloadingComplete (27ms)
	LoadAllAssembliesAndSetupDomain (50ms)
		LoadAssemblies (120ms)
		RebuildTransferFunctionScriptingTraits (0ms)
		AnalyzeDomain (13ms)
			TypeCache.Refresh (1ms)
				TypeCache.ScanAssembly (0ms)
			ScanForSourceGeneratedMonoScriptInfo (0ms)
			ResolveRequiredComponents (12ms)
	FinalizeReload (904ms)
		ReleaseScriptCaches (0ms)
		RebuildScriptCaches (0ms)
		SetupLoadedEditorAssemblies (544ms)
			LogAssemblyErrors (0ms)
			InitializePlatformSupportModulesInManaged (4ms)
			SetLoadedEditorAssemblies (7ms)
			RefreshPlugins (0ms)
			BeforeProcessingInitializeOnLoad (50ms)
			ProcessInitializeOnLoadAttributes (311ms)
			ProcessInitializeOnLoadMethodAttributes (170ms)
			AfterProcessingInitializeOnLoad (3ms)
			EditorAssembliesLoaded (1ms)
		ExecutionOrderSort2 (0ms)
		AwakeInstancesAfterBackupRestoration (14ms)
Asset Pipeline Refresh (id=ce178df75c548417f90ed824b995a6d2): Total: 1.799 seconds - Initiated by StopAssetImportingV2(ForceSynchronousImport | ForceDomainReload)
	Summary:
		Imports: total=0 (actual=0, local cache=0, cache server=0)
		Asset DB Process Time: managed=0 ms, native=162 ms
		Asset DB Callback time: managed=25 ms, native=1 ms
		Scripting: domain reloads=1, domain reload time=1609 ms, compile time=0 ms, other=0 ms
		Project Asset Count: scripts=3119, non-scripts=1539
		Asset File Changes: new=0, changed=0, moved=0, deleted=0
		Scan Filter Count: 0
	InvokeBeforeRefreshCallbacks: 1.236ms
	ApplyChangesToAssetFolders: 0.035ms
	Scan: 0.000ms
	OnSourceAssetsModified: 0.003ms
	GetAllGuidsForCategorization: 0.511ms
	CategorizeAssets: 55.272ms
	ImportOutOfDateAssets: 936.046ms (931.759ms without children)
		CompileScripts: 0.016ms
		CollectScriptTypesHashes: 0.370ms
		ReloadNativeAssets: 0.512ms
		UnloadImportedAssets: 0.670ms
		EnsureUptoDateAssetsAreRegisteredWithGuidPM: 1.557ms
		InitializingProgressBar: 0.000ms
		PostProcessAllAssetNotificationsAddChangedAssets: 0.000ms
		OnDemandSchedulerStart: 1.161ms
	PostProcessAllAssets: 25.641ms
	GatherAllCurrentPrimaryArtifactRevisions: 0.646ms
	UnloadStreamsBegin: 0.118ms
	PersistCurrentRevisions: 0.196ms
	UnloadStreamsEnd: 0.012ms
	GenerateScriptTypeHashes: 2.872ms
	Untracked: 778.937ms
SimulationBootstrap: Loaded robot model from Resources/UserModels/Idle.
UnityEngine.StackTraceUtility:ExtractStackTrace () (at /Users/bokken/build/output/unity/unity/Runtime/Export/Scripting/StackTrace.cs:37)
UnityEngine.DebugLogHandler:LogFormat (UnityEngine.LogType,UnityEngine.Object,string,object[])
UnityEngine.Logger:Log (UnityEngine.LogType,object)
UnityEngine.Debug:Log (object)
ArgusUnity.Runtime.SimulationBootstrap:LoadRobotPrefab (string) (at Assets/Project/Scripts/Runtime/SimulationBootstrap.cs:94)
ArgusUnity.Runtime.SimulationBootstrap:Awake () (at Assets/Project/Scripts/Runtime/SimulationBootstrap.cs:42)

(Filename: Assets/Project/Scripts/Runtime/SimulationBootstrap.cs Line: 94)

AudioListener component deleted: Component belongs to a disabled built-in package.
Loaded scene 'Temp/__Backupscenes/0.backup'
	Deserialize:            1.563 ms
	Integration:            299.434 ms
	Integration of assets:  0.015 ms
	Thread Wait Time:       0.005 ms
	Total Operation Time:   301.018 ms
AgentLocomotionDriver: Animator locomotion ready controller=MiniBotLocomotion, rootMotion=False, hasSpeed=True, hasTurn=True.
UnityEngine.StackTraceUtility:ExtractStackTrace () (at /Users/bokken/build/output/unity/unity/Runtime/Export/Scripting/StackTrace.cs:37)
UnityEngine.DebugLogHandler:LogFormat (UnityEngine.LogType,UnityEngine.Object,string,object[])
UnityEngine.Logger:Log (UnityEngine.LogType,object)
UnityEngine.Debug:Log (object)
ArgusUnity.Runtime.AgentLocomotionDriver:ConfigureAnimator () (at Assets/Project/Scripts/Runtime/AgentLocomotionDriver.cs:174)
ArgusUnity.Runtime.AgentLocomotionDriver:Awake () (at Assets/Project/Scripts/Runtime/AgentLocomotionDriver.cs:67)
UnityEngine.GameObject:AddComponent (System.Type) (at /Users/bokken/build/output/unity/unity/Runtime/Export/Scripting/GameObject.bindings.cs:235)
UnityEngine.GameObject:AddComponent<ArgusUnity.Runtime.AgentLocomotionDriver> () (at /Users/bokken/build/output/unity/unity/Runtime/Export/Scripting/GameObject.bindings.cs:240)
ArgusUnity.Runtime.AgentSpawnHandler:ConfigureLocomotion (UnityEngine.GameObject) (at Assets/Project/Scripts/Runtime/AgentSpawnHandler.cs:117)
ArgusUnity.Runtime.AgentSpawnHandler:OnAgentSpawn (ArgusUnity.Bridge.BridgeEnvelope) (at Assets/Project/Scripts/Runtime/AgentSpawnHandler.cs:84)
ArgusUnity.Scene.SimulationSceneOrchestrator:TryHandle (ArgusUnity.Bridge.BridgeEnvelope,ArgusUnity.Bridge.StructuredError&) (at Assets/Project/Scripts/Scene/SimulationSceneOrchestrator.cs:31)
ArgusUnity.Runtime.DemoSpawner:DispatchSpawn (string,string,int) (at Assets/Project/Scripts/Runtime/DemoSpawner.cs:137)
ArgusUnity.Runtime.DemoSpawner:Start () (at Assets/Project/Scripts/Runtime/DemoSpawner.cs:62)

(Filename: Assets/Project/Scripts/Runtime/AgentLocomotionDriver.cs Line: 174)

AgentLocomotionDriver: Animator locomotion ready controller=MiniBotLocomotion, rootMotion=False, hasSpeed=True, hasTurn=True.
UnityEngine.StackTraceUtility:ExtractStackTrace () (at /Users/bokken/build/output/unity/unity/Runtime/Export/Scripting/StackTrace.cs:37)
UnityEngine.DebugLogHandler:LogFormat (UnityEngine.LogType,UnityEngine.Object,string,object[])
UnityEngine.Logger:Log (UnityEngine.LogType,object)
UnityEngine.Debug:Log (object)
ArgusUnity.Runtime.AgentLocomotionDriver:ConfigureAnimator () (at Assets/Project/Scripts/Runtime/AgentLocomotionDriver.cs:174)
ArgusUnity.Runtime.AgentLocomotionDriver:Awake () (at Assets/Project/Scripts/Runtime/AgentLocomotionDriver.cs:67)
UnityEngine.GameObject:AddComponent (System.Type) (at /Users/bokken/build/output/unity/unity/Runtime/Export/Scripting/GameObject.bindings.cs:235)
UnityEngine.GameObject:AddComponent<ArgusUnity.Runtime.AgentLocomotionDriver> () (at /Users/bokken/build/output/unity/unity/Runtime/Export/Scripting/GameObject.bindings.cs:240)
ArgusUnity.Runtime.AgentSpawnHandler:ConfigureLocomotion (UnityEngine.GameObject) (at Assets/Project/Scripts/Runtime/AgentSpawnHandler.cs:117)
ArgusUnity.Runtime.AgentSpawnHandler:OnAgentSpawn (ArgusUnity.Bridge.BridgeEnvelope) (at Assets/Project/Scripts/Runtime/AgentSpawnHandler.cs:84)
ArgusUnity.Scene.SimulationSceneOrchestrator:TryHandle (ArgusUnity.Bridge.BridgeEnvelope,ArgusUnity.Bridge.StructuredError&) (at Assets/Project/Scripts/Scene/SimulationSceneOrchestrator.cs:31)
ArgusUnity.Runtime.DemoSpawner:DispatchSpawn (string,string,int) (at Assets/Project/Scripts/Runtime/DemoSpawner.cs:137)
ArgusUnity.Runtime.DemoSpawner:Start () (at Assets/Project/Scripts/Runtime/DemoSpawner.cs:62)

(Filename: Assets/Project/Scripts/Runtime/AgentLocomotionDriver.cs Line: 174)

AgentLocomotionDriver: Animator locomotion ready controller=MiniBotLocomotion, rootMotion=False, hasSpeed=True, hasTurn=True.
UnityEngine.StackTraceUtility:ExtractStackTrace () (at /Users/bokken/build/output/unity/unity/Runtime/Export/Scripting/StackTrace.cs:37)
UnityEngine.DebugLogHandler:LogFormat (UnityEngine.LogType,UnityEngine.Object,string,object[])
UnityEngine.Logger:Log (UnityEngine.LogType,object)
UnityEngine.Debug:Log (object)
ArgusUnity.Runtime.AgentLocomotionDriver:ConfigureAnimator () (at Assets/Project/Scripts/Runtime/AgentLocomotionDriver.cs:174)
ArgusUnity.Runtime.AgentLocomotionDriver:Awake () (at Assets/Project/Scripts/Runtime/AgentLocomotionDriver.cs:67)
UnityEngine.GameObject:AddComponent (System.Type) (at /Users/bokken/build/output/unity/unity/Runtime/Export/Scripting/GameObject.bindings.cs:235)
UnityEngine.GameObject:AddComponent<ArgusUnity.Runtime.AgentLocomotionDriver> () (at /Users/bokken/build/output/unity/unity/Runtime/Export/Scripting/GameObject.bindings.cs:240)
ArgusUnity.Runtime.AgentSpawnHandler:ConfigureLocomotion (UnityEngine.GameObject) (at Assets/Project/Scripts/Runtime/AgentSpawnHandler.cs:117)
ArgusUnity.Runtime.AgentSpawnHandler:OnAgentSpawn (ArgusUnity.Bridge.BridgeEnvelope) (at Assets/Project/Scripts/Runtime/AgentSpawnHandler.cs:84)
ArgusUnity.Scene.SimulationSceneOrchestrator:TryHandle (ArgusUnity.Bridge.BridgeEnvelope,ArgusUnity.Bridge.StructuredError&) (at Assets/Project/Scripts/Scene/SimulationSceneOrchestrator.cs:31)
ArgusUnity.Runtime.DemoSpawner:DispatchSpawn (string,string,int) (at Assets/Project/Scripts/Runtime/DemoSpawner.cs:137)
ArgusUnity.Runtime.DemoSpawner:Start () (at Assets/Project/Scripts/Runtime/DemoSpawner.cs:62)

(Filename: Assets/Project/Scripts/Runtime/AgentLocomotionDriver.cs Line: 174)

AgentLocomotionDriver: Animator locomotion ready controller=MiniBotLocomotion, rootMotion=False, hasSpeed=True, hasTurn=True.
UnityEngine.StackTraceUtility:ExtractStackTrace () (at /Users/bokken/build/output/unity/unity/Runtime/Export/Scripting/StackTrace.cs:37)
UnityEngine.DebugLogHandler:LogFormat (UnityEngine.LogType,UnityEngine.Object,string,object[])
UnityEngine.Logger:Log (UnityEngine.LogType,object)
UnityEngine.Debug:Log (object)
ArgusUnity.Runtime.AgentLocomotionDriver:ConfigureAnimator () (at Assets/Project/Scripts/Runtime/AgentLocomotionDriver.cs:174)
ArgusUnity.Runtime.AgentLocomotionDriver:Awake () (at Assets/Project/Scripts/Runtime/AgentLocomotionDriver.cs:67)
UnityEngine.GameObject:AddComponent (System.Type) (at /Users/bokken/build/output/unity/unity/Runtime/Export/Scripting/GameObject.bindings.cs:235)
UnityEngine.GameObject:AddComponent<ArgusUnity.Runtime.AgentLocomotionDriver> () (at /Users/bokken/build/output/unity/unity/Runtime/Export/Scripting/GameObject.bindings.cs:240)
ArgusUnity.Runtime.AgentSpawnHandler:ConfigureLocomotion (UnityEngine.GameObject) (at Assets/Project/Scripts/Runtime/AgentSpawnHandler.cs:117)
ArgusUnity.Runtime.AgentSpawnHandler:OnAgentSpawn (ArgusUnity.Bridge.BridgeEnvelope) (at Assets/Project/Scripts/Runtime/AgentSpawnHandler.cs:84)
ArgusUnity.Scene.SimulationSceneOrchestrator:TryHandle (ArgusUnity.Bridge.BridgeEnvelope,ArgusUnity.Bridge.StructuredError&) (at Assets/Project/Scripts/Scene/SimulationSceneOrchestrator.cs:31)
ArgusUnity.Runtime.DemoSpawner:DispatchSpawn (string,string,int) (at Assets/Project/Scripts/Runtime/DemoSpawner.cs:137)
ArgusUnity.Runtime.DemoSpawner:Start () (at Assets/Project/Scripts/Runtime/DemoSpawner.cs:62)

(Filename: Assets/Project/Scripts/Runtime/AgentLocomotionDriver.cs Line: 174)

AgentLocomotionDriver: Animator locomotion ready controller=MiniBotLocomotion, rootMotion=False, hasSpeed=True, hasTurn=True.
UnityEngine.StackTraceUtility:ExtractStackTrace () (at /Users/bokken/build/output/unity/unity/Runtime/Export/Scripting/StackTrace.cs:37)
UnityEngine.DebugLogHandler:LogFormat (UnityEngine.LogType,UnityEngine.Object,string,object[])
UnityEngine.Logger:Log (UnityEngine.LogType,object)
UnityEngine.Debug:Log (object)
ArgusUnity.Runtime.AgentLocomotionDriver:ConfigureAnimator () (at Assets/Project/Scripts/Runtime/AgentLocomotionDriver.cs:174)
ArgusUnity.Runtime.AgentLocomotionDriver:Awake () (at Assets/Project/Scripts/Runtime/AgentLocomotionDriver.cs:67)
UnityEngine.GameObject:AddComponent (System.Type) (at /Users/bokken/build/output/unity/unity/Runtime/Export/Scripting/GameObject.bindings.cs:235)
UnityEngine.GameObject:AddComponent<ArgusUnity.Runtime.AgentLocomotionDriver> () (at /Users/bokken/build/output/unity/unity/Runtime/Export/Scripting/GameObject.bindings.cs:240)
ArgusUnity.Runtime.AgentSpawnHandler:ConfigureLocomotion (UnityEngine.GameObject) (at Assets/Project/Scripts/Runtime/AgentSpawnHandler.cs:117)
ArgusUnity.Runtime.AgentSpawnHandler:OnAgentSpawn (ArgusUnity.Bridge.BridgeEnvelope) (at Assets/Project/Scripts/Runtime/AgentSpawnHandler.cs:84)
ArgusUnity.Scene.SimulationSceneOrchestrator:TryHandle (ArgusUnity.Bridge.BridgeEnvelope,ArgusUnity.Bridge.StructuredError&) (at Assets/Project/Scripts/Scene/SimulationSceneOrchestrator.cs:31)
ArgusUnity.Runtime.DemoSpawner:DispatchSpawn (string,string,int) (at Assets/Project/Scripts/Runtime/DemoSpawner.cs:137)
ArgusUnity.Runtime.DemoSpawner:Start () (at Assets/Project/Scripts/Runtime/DemoSpawner.cs:62)

(Filename: Assets/Project/Scripts/Runtime/AgentLocomotionDriver.cs Line: 174)

AgentLocomotionDriver: idle animation active state=Idle, source=Idle.fbx, controller=MiniBotLocomotion.
UnityEngine.StackTraceUtility:ExtractStackTrace () (at /Users/bokken/build/output/unity/unity/Runtime/Export/Scripting/StackTrace.cs:37)
UnityEngine.DebugLogHandler:LogFormat (UnityEngine.LogType,UnityEngine.Object,string,object[])
UnityEngine.Logger:Log (UnityEngine.LogType,object)
UnityEngine.Debug:Log (object)
ArgusUnity.Runtime.AgentLocomotionDriver:LogLocomotionSource () (at Assets/Project/Scripts/Runtime/AgentLocomotionDriver.cs:214)
ArgusUnity.Runtime.AgentLocomotionDriver:LateUpdate () (at Assets/Project/Scripts/Runtime/AgentLocomotionDriver.cs:125)

(Filename: Assets/Project/Scripts/Runtime/AgentLocomotionDriver.cs Line: 214)

AgentLocomotionDriver: walk animation active state=LocomotionBlendTree, source=Walking-2.fbx, speed=1.00, controller=MiniBotLocomotion.
UnityEngine.StackTraceUtility:ExtractStackTrace () (at /Users/bokken/build/output/unity/unity/Runtime/Export/Scripting/StackTrace.cs:37)
UnityEngine.DebugLogHandler:LogFormat (UnityEngine.LogType,UnityEngine.Object,string,object[])
UnityEngine.Logger:Log (UnityEngine.LogType,object)
UnityEngine.Debug:Log (object)
ArgusUnity.Runtime.AgentLocomotionDriver:LogLocomotionSource () (at Assets/Project/Scripts/Runtime/AgentLocomotionDriver.cs:258)
ArgusUnity.Runtime.AgentLocomotionDriver:LateUpdate () (at Assets/Project/Scripts/Runtime/AgentLocomotionDriver.cs:125)

(Filename: Assets/Project/Scripts/Runtime/AgentLocomotionDriver.cs Line: 258)

AgentLocomotionDriver: walk animation active state=LocomotionBlendTree, source=Walking-2.fbx, speed=1.00, controller=MiniBotLocomotion.
UnityEngine.StackTraceUtility:ExtractStackTrace () (at /Users/bokken/build/output/unity/unity/Runtime/Export/Scripting/StackTrace.cs:37)
UnityEngine.DebugLogHandler:LogFormat (UnityEngine.LogType,UnityEngine.Object,string,object[])
UnityEngine.Logger:Log (UnityEngine.LogType,object)
UnityEngine.Debug:Log (object)
ArgusUnity.Runtime.AgentLocomotionDriver:LogLocomotionSource () (at Assets/Project/Scripts/Runtime/AgentLocomotionDriver.cs:258)
ArgusUnity.Runtime.AgentLocomotionDriver:LateUpdate () (at Assets/Project/Scripts/Runtime/AgentLocomotionDriver.cs:125)

(Filename: Assets/Project/Scripts/Runtime/AgentLocomotionDriver.cs Line: 258)

AgentLocomotionDriver: walk animation active state=LocomotionBlendTree, source=Walking-2.fbx, speed=1.00, controller=MiniBotLocomotion.
UnityEngine.StackTraceUtility:ExtractStackTrace () (at /Users/bokken/build/output/unity/unity/Runtime/Export/Scripting/StackTrace.cs:37)
UnityEngine.DebugLogHandler:LogFormat (UnityEngine.LogType,UnityEngine.Object,string,object[])
UnityEngine.Logger:Log (UnityEngine.LogType,object)
UnityEngine.Debug:Log (object)
ArgusUnity.Runtime.AgentLocomotionDriver:LogLocomotionSource () (at Assets/Project/Scripts/Runtime/AgentLocomotionDriver.cs:258)
ArgusUnity.Runtime.AgentLocomotionDriver:LateUpdate () (at Assets/Project/Scripts/Runtime/AgentLocomotionDriver.cs:125)

(Filename: Assets/Project/Scripts/Runtime/AgentLocomotionDriver.cs Line: 258)

AgentLocomotionDriver: walk animation active state=LocomotionBlendTree, source=Walking-2.fbx, speed=1.00, controller=MiniBotLocomotion.
UnityEngine.StackTraceUtility:ExtractStackTrace () (at /Users/bokken/build/output/unity/unity/Runtime/Export/Scripting/StackTrace.cs:37)
UnityEngine.DebugLogHandler:LogFormat (UnityEngine.LogType,UnityEngine.Object,string,object[])
UnityEngine.Logger:Log (UnityEngine.LogType,object)
UnityEngine.Debug:Log (object)
ArgusUnity.Runtime.AgentLocomotionDriver:LogLocomotionSource () (at Assets/Project/Scripts/Runtime/AgentLocomotionDriver.cs:258)
ArgusUnity.Runtime.AgentLocomotionDriver:LateUpdate () (at Assets/Project/Scripts/Runtime/AgentLocomotionDriver.cs:125)

(Filename: Assets/Project/Scripts/Runtime/AgentLocomotionDriver.cs Line: 258)

[MODES] ModeService[none].Initialize
[MODES] ModeService[none].LoadModes
[MODES] Loading mode Default (0) for mode-current-id-EmbodiedDebate
AgentLocomotionDriver: idle animation active state=Idle, source=Idle.fbx, controller=MiniBotLocomotion.
UnityEngine.StackTraceUtility:ExtractStackTrace () (at /Users/bokken/build/output/unity/unity/Runtime/Export/Scripting/StackTrace.cs:37)
UnityEngine.DebugLogHandler:LogFormat (UnityEngine.LogType,UnityEngine.Object,string,object[])
UnityEngine.Logger:Log (UnityEngine.LogType,object)
UnityEngine.Debug:Log (object)
ArgusUnity.Runtime.AgentLocomotionDriver:LogLocomotionSource () (at Assets/Project/Scripts/Runtime/AgentLocomotionDriver.cs:214)
ArgusUnity.Runtime.AgentLocomotionDriver:LateUpdate () (at Assets/Project/Scripts/Runtime/AgentLocomotionDriver.cs:125)

(Filename: Assets/Project/Scripts/Runtime/AgentLocomotionDriver.cs Line: 214)

AgentLocomotionDriver: idle animation active state=Idle, source=Idle.fbx, controller=MiniBotLocomotion.
UnityEngine.StackTraceUtility:ExtractStackTrace () (at /Users/bokken/build/output/unity/unity/Runtime/Export/Scripting/StackTrace.cs:37)
UnityEngine.DebugLogHandler:LogFormat (UnityEngine.LogType,UnityEngine.Object,string,object[])
UnityEngine.Logger:Log (UnityEngine.LogType,object)
UnityEngine.Debug:Log (object)
ArgusUnity.Runtime.AgentLocomotionDriver:LogLocomotionSource () (at Assets/Project/Scripts/Runtime/AgentLocomotionDriver.cs:214)
ArgusUnity.Runtime.AgentLocomotionDriver:LateUpdate () (at Assets/Project/Scripts/Runtime/AgentLocomotionDriver.cs:125)

(Filename: Assets/Project/Scripts/Runtime/AgentLocomotionDriver.cs Line: 214)

AgentLocomotionDriver: idle animation active state=Idle, source=Idle.fbx, controller=MiniBotLocomotion.
UnityEngine.StackTraceUtility:ExtractStackTrace () (at /Users/bokken/build/output/unity/unity/Runtime/Export/Scripting/StackTrace.cs:37)
UnityEngine.DebugLogHandler:LogFormat (UnityEngine.LogType,UnityEngine.Object,string,object[])
UnityEngine.Logger:Log (UnityEngine.LogType,object)
UnityEngine.Debug:Log (object)
ArgusUnity.Runtime.AgentLocomotionDriver:LogLocomotionSource () (at Assets/Project/Scripts/Runtime/AgentLocomotionDriver.cs:214)
ArgusUnity.Runtime.AgentLocomotionDriver:LateUpdate () (at Assets/Project/Scripts/Runtime/AgentLocomotionDriver.cs:125)

(Filename: Assets/Project/Scripts/Runtime/AgentLocomotionDriver.cs Line: 214)

AgentLocomotionDriver: idle animation active state=Idle, source=Idle.fbx, controller=MiniBotLocomotion.
UnityEngine.StackTraceUtility:ExtractStackTrace () (at /Users/bokken/build/output/unity/unity/Runtime/Export/Scripting/StackTrace.cs:37)
UnityEngine.DebugLogHandler:LogFormat (UnityEngine.LogType,UnityEngine.Object,string,object[])
UnityEngine.Logger:Log (UnityEngine.LogType,object)
UnityEngine.Debug:Log (object)
ArgusUnity.Runtime.AgentLocomotionDriver:LogLocomotionSource () (at Assets/Project/Scripts/Runtime/AgentLocomotionDriver.cs:214)
ArgusUnity.Runtime.AgentLocomotionDriver:LateUpdate () (at Assets/Project/Scripts/Runtime/AgentLocomotionDriver.cs:125)

(Filename: Assets/Project/Scripts/Runtime/AgentLocomotionDriver.cs Line: 214)

Created GICache directory at /Users/guribbong/Library/Caches/com.unity3d.UnityEditor/GiCache. Took: 0.031s, timestamps: [18.560 - 18.591]
Setting up 4 worker threads for Enlighten.
ArgusSmoke: capturing /Users/guribbong/code/Argus/tmp/community_kiosk_unity.png after 1201 frames.
UnityEngine.StackTraceUtility:ExtractStackTrace () (at /Users/bokken/build/output/unity/unity/Runtime/Export/Scripting/StackTrace.cs:37)
UnityEngine.DebugLogHandler:LogFormat (UnityEngine.LogType,UnityEngine.Object,string,object[])
UnityEngine.Logger:Log (UnityEngine.LogType,object)
UnityEngine.Debug:Log (object)
ArgusUnity.Runtime.SmokeScreenshot:LateUpdate () (at Assets/Project/Scripts/Runtime/SmokeScreenshot.cs:44)

(Filename: Assets/Project/Scripts/Runtime/SmokeScreenshot.cs Line: 44)

ArgusSmoke: wrote 1280x720 PNG to /Users/guribbong/code/Argus/tmp/community_kiosk_unity.png
UnityEngine.StackTraceUtility:ExtractStackTrace () (at /Users/bokken/build/output/unity/unity/Runtime/Export/Scripting/StackTrace.cs:37)
UnityEngine.DebugLogHandler:LogFormat (UnityEngine.LogType,UnityEngine.Object,string,object[])
UnityEngine.Logger:Log (UnityEngine.LogType,object)
UnityEngine.Debug:Log (object)
ArgusUnity.Runtime.SmokeScreenshot:CaptureMainCameraToPng (string,int,int) (at Assets/Project/Scripts/Runtime/SmokeScreenshot.cs:114)
ArgusUnity.Runtime.SmokeScreenshot:LateUpdate () (at Assets/Project/Scripts/Runtime/SmokeScreenshot.cs:46)

(Filename: Assets/Project/Scripts/Runtime/SmokeScreenshot.cs Line: 114)

Thread 0x342787000 may have been prematurely finalized
Unloading 9 Unused Serialized files (Serialized files now loaded: 0)
Loaded scene 'Temp/__Backupscenes/0.backup'
	Deserialize:            2.105 ms
	Integration:            296.105 ms
	Integration of assets:  0.001 ms
	Thread Wait Time:       0.003 ms
	Total Operation Time:   298.214 ms
Unloading 115 unused Assets / (2.0 MB). Loaded Objects now: 3169.
Memory consumption went from 152.7 MB to 150.7 MB.
Total: 26.207250 ms (FindLiveObjects: 9.499875 ms CreateObjectMapping: 0.088041 ms MarkObjects: 15.844417 ms  DeleteObjects: 0.773875 ms)

[UnityConnectServicesConfig] config is NOT valid, switching to default
gi::BakeBackendSwitch: switching bake backend from 3 to 2.
Thread 0x374f87000 may have been prematurely finalized
[Licensing::IpcConnector] License Notification channel disconnected successfully.
[Licensing::IpcConnector] License Client channel disconnected successfully.
Thread 0x17bb93000 may have been prematurely finalized
Cleanup mono
[40m[32minfo[39m[22m[49m: Microsoft.Hosting.Lifetime[0]
      Application is shutting down...
[40m[32minfo[39m[22m[49m: Unity.ILPP.Runner.PostProcessingAssemblyLoadContext[0]
      ALC ILPP context 1 is unloading
debugger-agent: Unable to listen on 48
[Performance] Application.InitializeProject                                                                                                        :        1 samples, Peak.  9.13 s (1.0x), Avg.  9.13 s, Total. 9.127 s (43.7%)
[Performance] Application.PackageManager.StartServer                                                                                               :        1 samples, Peak.  3.74 ms (1.0x), Avg.  3.74 ms, Total. 3.738 ms (0.0%)
[Performance] Application.AcquireProjectLock                                                                                                       :        1 samples, Peak.  3.84 ms (1.0x), Avg.  3.84 ms, Total. 3.841 ms (0.0%)
[Performance] Application.InitializeEngineNoGraphics                                                                                               :        1 samples, Peak.  82.9 ms (1.0x), Avg.  82.9 ms, Total. 82.90 ms (0.4%)
[Performance] Application.PackageManager.Initialize                                                                                                :        1 samples, Peak.   951 ms (1.0x), Avg.   951 ms, Total. 950.5 ms (4.6%)
[Performance] Connecting to Package Manager                                                                                                        :       96 samples, Peak.  91.7 us (64.7x), Avg.  1.42 us, Total. 136.0 us (0.0%)
[Performance] Application.EngineGraphics.Initialize                                                                                                :        1 samples, Peak.   128 ms (1.0x), Avg.   128 ms, Total. 128.2 ms (0.6%)
[Performance] Application.GI.Initialize                                                                                                            :        1 samples, Peak.  7.32 ms (1.0x), Avg.  7.32 ms, Total. 7.324 ms (0.0%)
[Performance] Application.LoadAllDefaultResourcesFromEditor                                                                                        :        1 samples, Peak.  2.46 ms (1.0x), Avg.  2.46 ms, Total. 2.462 ms (0.0%)
[Performance] Application.LoadMonoAssemblies                                                                                                       :        1 samples, Peak.   670 ms (1.0x), Avg.   670 ms, Total. 670.2 ms (3.2%)
[Performance] RestoreManagedReferences                                                                                                             :        3 samples, Peak.   121 ms (2.2x), Avg.  54.6 ms, Total. 163.7 ms (0.8%)
[Performance] InitializeOnLoad ProjectSearch                                                                                                       :        3 samples, Peak.   267 us (1.1x), Avg.   245 us, Total. 734.5 us (0.0%)
[Performance] InitializeOnLoad AssetStoreContext                                                                                                   :        3 samples, Peak.  21.7 ms (1.1x), Avg.  20.6 ms, Total. 61.74 ms (0.3%)
[Performance] InitializeOnLoad SearchService                                                                                                       :        3 samples, Peak.   128 us (1.2x), Avg.   102 us, Total. 307.4 us (0.0%)
[Performance] InitializeOnLoad ObjectSelectorSearch                                                                                                :        3 samples, Peak.   465 us (1.6x), Avg.   291 us, Total. 872.0 us (0.0%)
[Performance] InitializeOnLoad NativeFormatImporterUtility                                                                                         :        3 samples, Peak.  2.09 ms (1.1x), Avg.  1.83 ms, Total. 5.494 ms (0.0%)
[Performance] InitializeOnLoad ManagedDebuggerWindow                                                                                               :        3 samples, Peak.   565 us (1.7x), Avg.   339 us, Total. 1.018 ms (0.0%)
[Performance] InitializeOnLoad PrefabInstanceChangedListener                                                                                       :        3 samples, Peak.   565 us (1.1x), Avg.   505 us, Total. 1.514 ms (0.0%)
[Performance] InitializeOnLoad ManagedDebugger                                                                                                     :        3 samples, Peak.   417 ns (1.2x), Avg.   347 ns, Total. 1.042 us (0.0%)
[Performance] InitializeOnLoad CloudBuild                                                                                                          :        3 samples, Peak.  6.58 us (1.8x), Avg.  3.72 us, Total. 11.17 us (0.0%)
[Performance] InitializeOnLoad Collab                                                                                                              :        3 samples, Peak.  8.94 ms (1.6x), Avg.  5.72 ms, Total. 17.17 ms (0.1%)
[Performance] InitializeOnLoad ShortcutIntegration                                                                                                 :        3 samples, Peak.  59.8 us (1.1x), Avg.  54.8 us, Total. 164.3 us (0.0%)
[Performance] InitializeOnLoad MixerEffectDefinitionReloader                                                                                       :        3 samples, Peak.  2.46 ms (1.2x), Avg.  2.04 ms, Total. 6.132 ms (0.0%)
[Performance] InitializeOnLoad DrivenRectTransformUndo                                                                                             :        3 samples, Peak.   255 us (1.2x), Avg.   212 us, Total. 635.0 us (0.0%)
[Performance] InitializeOnLoad WindowLayout                                                                                                        :        3 samples, Peak.   460 us (1.1x), Avg.   412 us, Total. 1.235 ms (0.0%)
[Performance] InitializeOnLoad SettingsService                                                                                                     :        3 samples, Peak.  10.6 us (1.5x), Avg.  6.85 us, Total. 20.54 us (0.0%)
[Performance] InitializeOnLoad CacheServerWindow                                                                                                   :        3 samples, Peak.  12.4 us (1.6x), Avg.  7.72 us, Total. 23.17 us (0.0%)
[Performance] InitializeOnLoad MenuItems                                                                                                           :        3 samples, Peak.  71.6 us (1.1x), Avg.  63.8 us, Total. 191.5 us (0.0%)
[Performance] InitializeOnLoad CheckNavigationPackage                                                                                              :        3 samples, Peak.   377 us (1.2x), Avg.   314 us, Total. 943.2 us (0.0%)
[Performance] InitializeOnLoad UISystemProfilerRenderService                                                                                       :        3 samples, Peak.  14.0 us (1.4x), Avg.  9.75 us, Total. 29.25 us (0.0%)
[Performance] InitializeOnLoad EditMode                                                                                                            :        3 samples, Peak.   473 us (1.3x), Avg.   368 us, Total. 1.105 ms (0.0%)
[Performance] InitializeOnLoad UnityConnect                                                                                                        :        3 samples, Peak.  44.4 us (1.2x), Avg.  37.9 us, Total. 113.8 us (0.0%)
[Performance] InitializeOnLoad AddComponentWindow                                                                                                  :        3 samples, Peak.   107 us (1.2x), Avg.  92.1 us, Total. 276.2 us (0.0%)
[Performance] InitializeOnLoad PlayModeDownload                                                                                                    :        3 samples, Peak.  3.37 ms (2.6x), Avg.  1.28 ms, Total. 3.842 ms (0.0%)
[Performance] InitializeOnLoad SceneSearch                                                                                                         :        3 samples, Peak.  88.0 us (1.4x), Avg.  60.8 us, Total. 182.5 us (0.0%)
[Performance] InitializeOnLoad EditorDelegateRegistration                                                                                          :        3 samples, Peak.  1.01 ms (1.4x), Avg.   708 us, Total. 2.124 ms (0.0%)
[Performance] InitializeOnLoad UxmlObjectEditorFactories                                                                                           :        3 samples, Peak.   608 us (1.4x), Avg.   448 us, Total. 1.343 ms (0.0%)
[Performance] InitializeOnLoad RetainedMode                                                                                                        :        3 samples, Peak.  2.46 ms (1.2x), Avg.  2.10 ms, Total. 6.302 ms (0.0%)
[Performance] InitializeOnLoad EditorShaderLoader                                                                                                  :        3 samples, Peak.   694 us (1.3x), Avg.   552 us, Total. 1.657 ms (0.0%)
[Performance] InitializeOnLoad UIDocumentHierarchyWatcher                                                                                          :        3 samples, Peak.  57.7 us (1.1x), Avg.  52.1 us, Total. 156.2 us (0.0%)
[Performance] InitializeOnLoad EditorMonitor                                                                                                       :        3 samples, Peak.   135 us (1.2x), Avg.   117 us, Total. 350.7 us (0.0%)
[Performance] InitializeOnLoad LiveReloadTrackerCreator                                                                                            :        3 samples, Peak.   236 us (1.5x), Avg.   159 us, Total. 477.3 us (0.0%)
[Performance] InitializeOnLoad UXMLEditorFactories                                                                                                 :        3 samples, Peak.  65.4 ms (1.2x), Avg.  54.6 ms, Total. 163.9 ms (0.8%)
[Performance] InitializeOnLoad ServicesRepository                                                                                                  :        3 samples, Peak.   811 us (1.1x), Avg.   719 us, Total. 2.156 ms (0.0%)
[Performance] InitializeOnLoad UDPService                                                                                                          :        3 samples, Peak.  4.36 ms (1.4x), Avg.  3.23 ms, Total. 9.683 ms (0.0%)
[Performance] InitializeOnLoad EditorGameServicesAnalytics                                                                                         :        3 samples, Peak.  2.82 ms (2.1x), Avg.  1.32 ms, Total. 3.951 ms (0.0%)
[Performance] InitializeOnLoad CloudBuildPoller                                                                                                    :        3 samples, Peak.   107 us (1.1x), Avg.  92.8 us, Total. 278.5 us (0.0%)
[Performance] InitializeOnLoad BuildService                                                                                                        :        3 samples, Peak.  2.37 ms (1.1x), Avg.  2.08 ms, Total. 6.249 ms (0.0%)
[Performance] InitializeOnLoad CollabService                                                                                                       :        3 samples, Peak.  2.09 ms (1.1x), Avg.  1.93 ms, Total. 5.779 ms (0.0%)
[Performance] InitializeOnLoad PurchasingService                                                                                                   :        3 samples, Peak.  9.32 ms (1.2x), Avg.  7.71 ms, Total. 23.14 ms (0.1%)
[Performance] InitializeOnLoad CrashService                                                                                                        :        3 samples, Peak.  3.92 ms (1.6x), Avg.  2.47 ms, Total. 7.415 ms (0.0%)
[Performance] InitializeOnLoad AdsService                                                                                                          :        3 samples, Peak.  2.68 ms (1.1x), Avg.  2.38 ms, Total. 7.128 ms (0.0%)
[Performance] InitializeOnLoad AnalyticsService                                                                                                    :        3 samples, Peak.  2.23 ms (1.1x), Avg.  1.97 ms, Total. 5.914 ms (0.0%)
[Performance] InitializeOnLoad SearchWindow                                                                                                        :        3 samples, Peak.   240 us (1.6x), Avg.   148 us, Total. 444.9 us (0.0%)
[Performance] InitializeOnLoad SearchMonitor                                                                                                       :        3 samples, Peak.  10.2 ms (1.9x), Avg.  5.33 ms, Total. 16.00 ms (0.1%)
[Performance] InitializeOnLoad ParameterControllerEditor                                                                                           :        3 samples, Peak.  31.1 us (1.3x), Avg.  23.9 us, Total. 71.83 us (0.0%)
[Performance] InitializeOnLoad LayerSettingsWindow                                                                                                 :        3 samples, Peak.  31.7 us (2.4x), Avg.  13.1 us, Total. 39.25 us (0.0%)
[Performance] InitializeOnLoad PackageManagerHookGUIDConverter.RegisterPackagesEventHandler                                                        :        3 samples, Peak.   656 us (2.2x), Avg.   302 us, Total. 906.6 us (0.0%)
[Performance] InitializeOnLoad EditorDragAndDrop.RegisterEditorClient                                                                              :        3 samples, Peak.   262 us (1.2x), Avg.   214 us, Total. 642.5 us (0.0%)
[Performance] InitializeOnLoad EditorEventCallbacks.InitializeFontAssetResourceChangeCallBacks                                                     :        3 samples, Peak.  1.01 ms (1.1x), Avg.   955 us, Total. 2.865 ms (0.0%)
[Performance] InitializeOnLoad SceneTemplateService.Init                                                                                           :        3 samples, Peak.  1.26 ms (1.1x), Avg.  1.13 ms, Total. 3.404 ms (0.0%)
[Performance] InitializeOnLoad DiagnosticSwitchesConsoleMessage.Init                                                                               :        3 samples, Peak.  3.71 ms (1.5x), Avg.  2.44 ms, Total. 7.328 ms (0.0%)
[Performance] InitializeOnLoad ScopedRegistryAddedPopup.SubscribeToRegistriesAdded                                                                 :        3 samples, Peak.  28.2 ms (1.8x), Avg.  15.5 ms, Total. 46.44 ms (0.2%)
[Performance] InitializeOnLoad PackageManagerWindow.EditorInitializedInSafeMode                                                                    :        3 samples, Peak.   328 us (1.6x), Avg.   199 us, Total. 597.9 us (0.0%)
[Performance] InitializeOnLoad MemoryProfilerCompilationGuard.InjectCompileGuard                                                                   :        3 samples, Peak.   172 us (1.5x), Avg.   112 us, Total. 337.3 us (0.0%)
[Performance] InitializeOnLoad SceneVisibilityManager.Initialize                                                                                   :        3 samples, Peak.  4.35 ms (2.1x), Avg.  2.03 ms, Total. 6.076 ms (0.0%)
[Performance] InitializeOnLoad AssetPostprocessingInternal.RefreshCustomDependencies                                                               :        3 samples, Peak.  18.0 ms (2.1x), Avg.  8.42 ms, Total. 25.26 ms (0.1%)
[Performance] InitializeOnLoad ToolShortcutContext.Init                                                                                            :        3 samples, Peak.   149 us (1.2x), Avg.   123 us, Total. 368.8 us (0.0%)
[Performance] InitializeOnLoad SysrootManager.Initialize                                                                                           :        3 samples, Peak.  1.25 ms (1.9x), Avg.   673 us, Total. 2.018 ms (0.0%)
[Performance] InitializeOnLoad EditorWindow.Initialize                                                                                             :        3 samples, Peak.   685 us (2.2x), Avg.   315 us, Total. 946.1 us (0.0%)
[Performance] AssemblyReloadEvents.afterAssemblyReload: UnityEditor.SceneTemplate.SceneTemplateService.AfterAssemblyReload                         :        3 samples, Peak.   101 ms (2.9x), Avg.  35.0 ms, Total. 104.9 ms (0.5%)
[Performance] ProcessService.EditorAfterLoadAllAssemblies                                                                                          :        3 samples, Peak.   952 us (1.7x), Avg.   561 us, Total. 1.682 ms (0.0%)
[Performance] Application.ReadLicenseInfo                                                                                                          :        1 samples, Peak.  22.8 ms (1.0x), Avg.  22.8 ms, Total. 22.80 ms (0.1%)
[Performance] Application.InitialRefresh                                                                                                           :        1 samples, Peak.  5.49 s (1.0x), Avg.  5.49 s, Total. 5.490 s (26.3%)
[Performance] Compiling Scripts                                                                                                                    :        1 samples, Peak.  1.44 s (1.0x), Avg.  1.44 s, Total. 1.441 s (6.9%)
[Performance] AssemblyReloadEvents.beforeAssemblyReload: UnityEditor.SceneTemplate.SceneTemplateService.BeforeAssemblyReload                       :        2 samples, Peak.   652 us (1.1x), Avg.   568 us, Total. 1.136 ms (0.0%)
[Performance] InitializeOnLoad BurstLoader                                                                                                         :        2 samples, Peak.  1.59 s (2.0x), Avg.   803 ms, Total. 1.605 s (7.7%)
[Performance] InitializeOnLoad ShadowCasterGroup2DManager                                                                                          :        2 samples, Peak.   112 us (1.2x), Avg.  90.4 us, Total. 180.9 us (0.0%)
[Performance] InitializeOnLoad RealtimeProbeSubdivisionDebug                                                                                       :        2 samples, Peak.   311 us (1.1x), Avg.   273 us, Total. 546.5 us (0.0%)
[Performance] InitializeOnLoad ProbeGIBaking                                                                                                       :        2 samples, Peak.  4.85 ms (1.4x), Avg.  3.46 ms, Total. 6.927 ms (0.0%)
[Performance] InitializeOnLoad FilterWindow                                                                                                        :        2 samples, Peak.  34.7 us (1.0x), Avg.  34.6 us, Total. 69.21 us (0.0%)
[Performance] InitializeOnLoad NodeClassCache                                                                                                      :        2 samples, Peak.  15.7 us (1.5x), Avg.  10.2 us, Total. 20.33 us (0.0%)
[Performance] InitializeOnLoad ShaderGraphMaterialsUpdater                                                                                         :        4 samples, Peak.   422 us (1.8x), Avg.   241 us, Total. 963.0 us (0.0%)
[Performance] InitializeOnLoad PrefabLayoutRebuilder                                                                                               :        2 samples, Peak.   283 us (1.1x), Avg.   246 us, Total. 492.0 us (0.0%)
[Performance] InitializeOnLoad BackgroundWatcher                                                                                                   :        2 samples, Peak.  95.2 us (1.0x), Avg.  93.6 us, Total. 187.2 us (0.0%)
[Performance] InitializeOnLoad UnityTestProtocolStarter                                                                                            :        2 samples, Peak.   414 us (1.4x), Avg.   287 us, Total. 573.8 us (0.0%)
[Performance] InitializeOnLoad TestStarter                                                                                                         :        2 samples, Peak.   645 us (1.1x), Avg.   586 us, Total. 1.173 ms (0.0%)
[Performance] InitializeOnLoad RerunCallbackInitializer                                                                                            :        2 samples, Peak.  3.44 ms (1.2x), Avg.  2.81 ms, Total. 5.618 ms (0.0%)
[Performance] InitializeOnLoad EditorToolManager                                                                                                   :        2 samples, Peak.  2.96 ms (1.2x), Avg.  2.55 ms, Total. 5.103 ms (0.0%)
[Performance] InitializeOnLoad Renderer2DAnalytics                                                                                                 :        2 samples, Peak.   206 us (1.4x), Avg.   142 us, Total. 284.9 us (0.0%)
[Performance] InitializeOnLoad RendererDataPatcher                                                                                                 :        2 samples, Peak.   143 ms (1.5x), Avg.  98.8 ms, Total. 197.6 ms (0.9%)
[Performance] InitializeOnLoad MaterialReimporter.RegisterUpgraderReimport                                                                         :        4 samples, Peak.   758 us (2.1x), Avg.   363 us, Total. 1.453 ms (0.0%)
[Performance] InitializeOnLoad $BurstDirectCallInitializer.Initialize                                                                              :        2 samples, Peak.  25.4 ms (1.3x), Avg.  20.1 ms, Total. 40.30 ms (0.2%)
[Performance] InitializeOnLoad TestJobDataHolder.ResumeRunningJobs                                                                                 :        2 samples, Peak.   919 us (1.7x), Avg.   546 us, Total. 1.093 ms (0.0%)
[Performance] InitializeOnLoad AnalyticsReporter.RegisterCallbacks                                                                                 :        2 samples, Peak.   341 us (1.2x), Avg.   274 us, Total. 548.6 us (0.0%)
[Performance] InitializeOnLoad CoreRenderPipelinePreferences.InitPreferenceProviders                                                               :        2 samples, Peak.  99.2 ms (1.4x), Avg.  72.2 ms, Total. 144.3 ms (0.7%)
[Performance] InitializeOnLoad VolumeGizmoDrawer.InitVolumeGizmoCallbacks                                                                          :        2 samples, Peak.   507 us (1.3x), Avg.   402 us, Total. 803.7 us (0.0%)
[Performance] DidReloadScriptsTestRunnerWindow.CompilationCallback                                                                                 :        2 samples, Peak.  1.02 ms (1.1x), Avg.   922 us, Total. 1.844 ms (0.0%)
[Performance] DidReloadScriptsTestListCache.ScriptReloaded                                                                                         :        2 samples, Peak.  1.02 ms (1.7x), Avg.   588 us, Total. 1.175 ms (0.0%)
[Performance] DidReloadScriptsDebugWindow.OnEditorReload                                                                                           :        2 samples, Peak.  18.8 ms (1.2x), Avg.  15.9 ms, Total. 31.72 ms (0.2%)
[Performance] DidReloadScriptsLookDev.OnEditorReload                                                                                               :        2 samples, Peak.   408 us (1.3x), Avg.   304 us, Total. 607.5 us (0.0%)
[Performance] DidReloadScriptsVolumeComponentEditor.OnEditorReload                                                                                 :        2 samples, Peak.  25.3 ms (1.1x), Avg.  22.6 ms, Total. 45.21 ms (0.2%)
[Performance] DidReloadScriptsOnScriptsReloadHandler.OnScriptsReloaded                                                                             :        2 samples, Peak.  4.05 ms (1.4x), Avg.  2.88 ms, Total. 5.755 ms (0.0%)
[Performance] DidReloadScriptsAdvancedDropdownWindow.OnScriptReload                                                                                :        2 samples, Peak.   212 us (1.0x), Avg.   212 us, Total. 424.3 us (0.0%)
[Performance] SyncVS.PostprocessSyncProject                                                                                                        :        2 samples, Peak.  1.17 ms (1.1x), Avg.  1.09 ms, Total. 2.188 ms (0.0%)
[Performance] Application.ImportPackagesAndSetTemplateWhenCreatingProject                                                                          :        1 samples, Peak.  67.4 ms (1.0x), Avg.  67.4 ms, Total. 67.37 ms (0.3%)
[Performance] Application.SyncCurrentColorSpace                                                                                                    :        1 samples, Peak.   484 ms (1.0x), Avg.   484 ms, Total. 484.2 ms (2.3%)
[Performance] Application.OnUsbDevicesChanged                                                                                                      :        1 samples, Peak.   545 us (1.0x), Avg.   545 us, Total. 544.6 us (0.0%)
[Performance] Application.AssetInstanceCacheUpdate                                                                                                 :        1 samples, Peak.   209 ns (1.0x), Avg.   209 ns, Total. 209.0 ns (0.0%)
[Performance] Application.UnityExtensions.Initialize                                                                                               :        1 samples, Peak.  6.06 ms (1.0x), Avg.  6.06 ms, Total. 6.060 ms (0.0%)
[Performance] CodeEditorProjectSync.SyncEditorProject                                                                                              :        1 samples, Peak.   211 us (1.0x), Avg.   211 us, Total. 211.1 us (0.0%)
[Performance] Application.ExecuteStartups                                                                                                          :        1 samples, Peak.  66.7 ms (1.0x), Avg.  66.7 ms, Total. 66.69 ms (0.3%)
[Performance] Menu.RegisterMenuInterface                                                                                                           :       26 samples, Peak.   160 us (25.0x), Avg.  6.42 us, Total. 166.9 us (0.0%)
[Performance] Gizmo.RebuildRenderers                                                                                                               :        4 samples, Peak.  63.5 ms (3.7x), Avg.  17.1 ms, Total. 68.36 ms (0.3%)
[Performance] Gizmo.AddGizmoRenderers                                                                                                              :      220 samples, Peak.  4.16 ms (88.2x), Avg.  47.2 us, Total. 10.38 ms (0.0%)
[Performance] Application.editorInitializingProject                                                                                                :        1 samples, Peak.  71.7 ms (1.0x), Avg.  71.7 ms, Total. 71.70 ms (0.3%)
[Performance] Application.FinishLoadingProject                                                                                                     :        1 samples, Peak.   797 ms (1.0x), Avg.   797 ms, Total. 796.8 ms (3.8%)
[Performance] Application.InitializeMenu                                                                                                           :        1 samples, Peak.   475 ms (1.0x), Avg.   475 ms, Total. 475.3 ms (2.3%)
[Performance] Menu.RebuildAll                                                                                                                      :        1 samples, Peak.   475 ms (1.0x), Avg.   475 ms, Total. 475.1 ms (2.3%)
[Performance] Menu.BuildRegisteredMenuInterfaces                                                                                                   :        1 samples, Peak.   462 ms (1.0x), Avg.   462 ms, Total. 462.0 ms (2.2%)
[Performance] Menu.FilterMenuItem                                                                                                                  :     1051 samples, Peak.  77.0 ms (628.0x), Avg.   123 us, Total. 128.8 ms (0.6%)
[Performance] UpdateAllMenus                                                                                                                       :        2 samples, Peak.  58.8 ms (2.0x), Avg.  30.0 ms, Total. 60.00 ms (0.3%)
[Performance] Selection.selectionChanged: UnityEditor.PackageManager.UI.Internal.SelectionProxy.OnSelectionChanged                                 :        1 samples, Peak.   827 us (1.0x), Avg.   827 us, Total. 826.7 us (0.0%)
[Performance] Selection.selectionChanged: UnityEditorInternal.EditMode.OnSelectionChange                                                           :        1 samples, Peak.   390 us (1.0x), Avg.   390 us, Total. 389.8 us (0.0%)
[Performance] EditorSceneManager.sceneClosing: UnityEditor.SceneVisibilityManager.EditorSceneManagerOnSceneClosing                                 :        4 samples, Peak.   298 us (1.8x), Avg.   167 us, Total. 669.4 us (0.0%)
[Performance] EditorSceneManager.sceneClosed: callback in UnityEditor.Search.SearchMonitor                                                         :        3 samples, Peak.  93.3 us (1.6x), Avg.  57.1 us, Total. 171.4 us (0.0%)
[Performance] EditorSceneManager.activeSceneChangedInEditMode: callback in UnityEditor.Search.SearchMonitor                                        :        3 samples, Peak.   435 us (2.9x), Avg.   152 us, Total. 456.4 us (0.0%)
[Performance] GUIView.RepaintAll.PlayerLoopController                                                                                              :     1203 samples, Peak.  1.62 us (17.6x), Avg.  92.4 ns, Total. 111.1 us (0.0%)
[Performance] EditorSceneManager.newSceneCreated: UnityEditor.SceneTemplate.SceneTemplateService.OnNewSceneCreated                                 :        1 samples, Peak.   291 us (1.0x), Avg.   291 us, Total. 291.3 us (0.0%)
[Performance] EditorSceneManager.newSceneCreated: UnityEditor.SceneVisibilityManager.EditorSceneManagerOnNewSceneCreated                           :        1 samples, Peak.   176 us (1.0x), Avg.   176 us, Total. 175.8 us (0.0%)
[Performance] EditorSceneManager.newSceneCreated: UnityEditor.SceneManagement.StageNavigationManager.OnNewSceneCreated                             :        1 samples, Peak.  58.0 us (1.0x), Avg.  58.0 us, Total. 58.00 us (0.0%)
[Performance] Application.InvokeFinishedLoadingProject                                                                                             :        1 samples, Peak.  45.7 ms (1.0x), Avg.  45.7 ms, Total. 45.73 ms (0.2%)
[Performance] ProcessService.OnProjectLoaded                                                                                                       :        1 samples, Peak.   107 us (1.0x), Avg.   107 us, Total. 107.5 us (0.0%)
[Performance] VersionControl.Task.Wait                                                                                                             :        1 samples, Peak.  55.9 us (1.0x), Avg.  55.9 us, Total. 55.87 us (0.0%)
[Performance] EditorSceneManager.sceneOpening: UnityEditor.SceneVisibilityManager.EditorSceneManagerOnSceneOpening                                 :        1 samples, Peak.   173 us (1.0x), Avg.   173 us, Total. 172.9 us (0.0%)
[Performance] Inspector.InitOrRebuild                                                                                                              :        3 samples, Peak.   984 us (1.5x), Avg.   637 us, Total. 1.911 ms (0.0%)
[Performance] EditorSceneManager.sceneOpened: callback in UnityEditor.Search.SearchMonitor                                                         :        1 samples, Peak.  47.9 us (1.0x), Avg.  47.9 us, Total. 47.87 us (0.0%)
[Performance] EditorSceneManager.sceneOpened: UnityEditor.SceneTemplate.SceneTemplateService.OnSceneOpened                                         :        1 samples, Peak.   399 us (1.0x), Avg.   399 us, Total. 399.0 us (0.0%)
[Performance] EditorSceneManager.sceneOpened: UnityEditor.SceneVisibilityManager.EditorSceneManagerOnSceneOpened                                   :        1 samples, Peak.   146 us (1.0x), Avg.   146 us, Total. 146.0 us (0.0%)
[Performance] EditorSceneManager.sceneOpened: UnityEditor.SceneManagement.StageNavigationManager.OnSceneOpened                                     :        1 samples, Peak.  53.8 us (1.0x), Avg.  53.8 us, Total. 53.79 us (0.0%)
[Performance] EditorApplication.playModeStateChanged                                                                                               :        2 samples, Peak.  3.69 ms (1.7x), Avg.  2.12 ms, Total. 4.249 ms (0.0%)
[Performance] EditorApplication.playModeStateChanged: UnityEditor.PackageManager.UI.Internal.PlayModeDownload.PlayModeStateChanged                 :        4 samples, Peak.   572 us (2.9x), Avg.   199 us, Total. 796.6 us (0.0%)
[Performance] EditorApplication.playModeStateChanged: UnityEditor.SceneManagement.EditorSceneManager.PlayModeStateChangedCallback                  :        4 samples, Peak.  61.8 us (2.4x), Avg.  25.5 us, Total. 102.2 us (0.0%)
[Performance] EditorApplication.playModeStateChanged: UnityEditor.Search.SearchMonitor.OnPlayModeChanged                                           :        3 samples, Peak.   182 us (1.6x), Avg.   114 us, Total. 342.1 us (0.0%)
[Performance] EditorApplication.playModeStateChanged: Unity.Burst.Editor.BurstLoader.EditorApplicationOnPlayModeStateChanged                       :        4 samples, Peak.   147 us (1.5x), Avg.  95.2 us, Total. 380.8 us (0.0%)
[Performance] EditorApplication.playModeStateChanged: UnityEngine.Rendering.Universal.ShadowCasterGroup2DManager.OnPlayModeStateChanged            :        4 samples, Peak.   615 us (2.7x), Avg.   224 us, Total. 895.0 us (0.0%)
[Performance] EditorApplication.playModeStateChanged: UnityEditor.TestTools.TestRunner.PlaymodeLauncher+BackgroundWatcher.OnPlayModeStateChanged   :        4 samples, Peak.  2.18 ms (2.7x), Avg.   816 us, Total. 3.262 ms (0.0%)
[Performance] EditorApplication.playModeStateChanged: UnityEditor.PackageManager.UI.Internal.ApplicationProxy.PlayModeStateChanged                 :        4 samples, Peak.   221 us (2.2x), Avg.   102 us, Total. 408.3 us (0.0%)
[Performance] EditorApplication.playModeStateChanged: UnityEditor.SceneVisibilityManager.EditorApplicationPlayModeStateChanged                     :        4 samples, Peak.  99.8 us (3.0x), Avg.  33.3 us, Total. 133.3 us (0.0%)
[Performance] EditorApplication.playModeStateChanged: UnityEditor.TestTools.TestRunner.TestRunnerWindow.OnPlayModeStateChanged                     :        4 samples, Peak.   347 us (2.7x), Avg.   130 us, Total. 520.9 us (0.0%)
[Performance] Application.InvokeProjectWasLoaded                                                                                                   :        1 samples, Peak.  65.2 us (1.0x), Avg.  65.2 us, Total. 65.17 us (0.0%)
[Performance] Application.Tick                                                                                                                     :     1200 samples, Peak.  3.84 s (910.0x), Avg.  4.22 ms, Total. 5.062 s (24.3%)
[Performance] CheckLicensingClient                                                                                                                 :        2 samples, Peak.   227 us (2.0x), Avg.   116 us, Total. 232.5 us (0.0%)
[Performance] CheckLicensingClientNotification                                                                                                     :        2 samples, Peak.  18.7 us (1.6x), Avg.  11.4 us, Total. 22.79 us (0.0%)
[Performance] Application.TickVersionControl                                                                                                       :     1201 samples, Peak.   108 us (454.7x), Avg.   238 ns, Total. 285.8 us (0.0%)
[Performance] MonoCompiler.Tick                                                                                                                    :        4 samples, Peak.  3.49 s (4.0x), Avg.   873 ms, Total. 3.493 s (16.7%)
[Performance] Application.EnterPlayMode                                                                                                            :        1 samples, Peak.  3.48 s (1.0x), Avg.  3.48 s, Total. 3.479 s (16.7%)
[Performance] Application.Reload                                                                                                                   :        1 samples, Peak.  1.80 s (1.0x), Avg.  1.80 s, Total. 1.799 s (8.6%)
[Performance] AssemblyReloadEvents.beforeAssemblyReload: UnityEditor.Search.SearchMonitor.OnBeforeAssemblyReload                                   :        1 samples, Peak.  2.17 ms (1.0x), Avg.  2.17 ms, Total. 2.169 ms (0.0%)
[Performance] UnityBuildPostprocessor.OnProcessScene                                                                                               :        1 samples, Peak.   933 us (1.0x), Avg.   933 us, Total. 933.3 us (0.0%)
[Performance] SceneDataContainer.TransformHierarchyChangedSetParentCallback                                                                        :       15 samples, Peak.  16.0 us (9.6x), Avg.  1.68 us, Total. 25.17 us (0.0%)
[Performance] SceneVisibilityState.IsFlagSetInParents                                                                                              :       30 samples, Peak.  1.75 us (7.2x), Avg.   243 ns, Total. 7.293 us (0.0%)
[Performance] UnityConnect.Tick                                                                                                                    :        2 samples, Peak.  9.06 ms (2.0x), Avg.  4.63 ms, Total. 9.256 ms (0.0%)
[Performance] Collab.Tick                                                                                                                          :        2 samples, Peak.  12.6 us (1.8x), Avg.  7.15 us, Total. 14.29 us (0.0%)
[Performance] CurlRequest.Tick                                                                                                                     :        5 samples, Peak.   348 us (5.0x), Avg.  70.1 us, Total. 350.3 us (0.0%)
[Performance] WebSocketClient.Tick                                                                                                                 :        5 samples, Peak.  2.50 us (2.6x), Avg.   967 ns, Total. 4.834 us (0.0%)
[Performance] AssetDatabase.Tick                                                                                                                   :        5 samples, Peak.  67.2 us (4.9x), Avg.  13.9 us, Total. 69.25 us (0.0%)
[Performance] SceneBackgroundTask.Tick                                                                                                             :        4 samples, Peak.   209 ns (1.1x), Avg.   187 ns, Total. 750.0 ns (0.0%)
[Performance] Scheduler.Tick                                                                                                                       :       27 samples, Peak.  4.26 ms (26.6x), Avg.   160 us, Total. 4.325 ms (0.0%)
[Performance] RepaintAllProfilerWindows                                                                                                            :        3 samples, Peak.   483 us (3.0x), Avg.   162 us, Total. 485.2 us (0.0%)
[Performance] PlayerUpdates.Tick                                                                                                                   :        7 samples, Peak.  12.5 us (1.8x), Avg.  6.81 us, Total. 47.67 us (0.0%)
[Performance] Application.TickGlobalCallbacks                                                                                                      :     1201 samples, Peak.   175 ms (1080.9x), Avg.   162 us, Total. 195.0 ms (0.9%)
[Performance] EditorAnalytics.Tick                                                                                                                 :        3 samples, Peak.   266 us (2.9x), Avg.  91.3 us, Total. 273.9 us (0.0%)
[Performance] Video.Update                                                                                                                         :     1201 samples, Peak.  1.12 us (9.9x), Avg.   114 ns, Total. 136.8 us (0.0%)
[Performance] Application.TickProgress                                                                                                             :     1201 samples, Peak.  3.17 ms (1166.0x), Avg.  2.72 us, Total. 3.265 ms (0.0%)
[Performance] Application.TickSceneTracker                                                                                                         :     1201 samples, Peak.  13.8 ms (952.0x), Avg.  14.5 us, Total. 17.41 ms (0.1%)
[Performance] ObjectChangeEvents.changesPublished: UnityEditor.PrefabInstanceChangedListener.OnObjectChanged                                       :        1 samples, Peak.   830 us (1.0x), Avg.   830 us, Total. 829.8 us (0.0%)
[Performance] ObjectChangeEvents.changesPublished: UnityEditor.Search.SearchMonitor.OnObjectChanged                                                :        1 samples, Peak.   367 us (1.0x), Avg.   367 us, Total. 366.9 us (0.0%)
[Performance] EditorApplication.update                                                                                                             :     1201 samples, Peak.  9.79 ms (954.8x), Avg.  10.3 us, Total. 12.31 ms (0.1%)
[Performance] EditorApplication.update: UnityEngine.Rendering.ProbeSubdivisionContext+RealtimeProbeSubdivisionDebug.UpdateRealtimeSubdivisionDebug :     1201 samples, Peak.  3.16 ms (1120.1x), Avg.  2.82 us, Total. 3.384 ms (0.0%)
[Performance] EditorApplication.update: callback in UnityEditor.Rendering.Universal.MaterialReimporter                                             :     1201 samples, Peak.  1.48 ms (903.1x), Avg.  1.64 us, Total. 1.970 ms (0.0%)
[Performance] EditorApplication.update: UnityEditor.PackageManager.UI.Internal.ApplicationProxy.OnUpdate                                           :     1201 samples, Peak.  1.17 ms (909.5x), Avg.  1.29 us, Total. 1.544 ms (0.0%)
[Performance] EditorApplication.update: UnityEditor.SceneManagement.StageNavigationManager.Update                                                  :     1201 samples, Peak.   346 us (719.8x), Avg.   481 ns, Total. 577.2 us (0.0%)
[Performance] EditorApplication.update: GLTFast.OnScriptsReloadHandler.Progress                                                                    :        1 samples, Peak.  2.56 ms (1.0x), Avg.  2.56 ms, Total. 2.563 ms (0.0%)
[Performance] Package.AsyncRequest                                                                                                                 :        1 samples, Peak.   223 us (1.0x), Avg.   223 us, Total. 222.6 us (0.0%)
[Performance] ConsoleLog.Tick                                                                                                                      :        4 samples, Peak.   424 us (3.9x), Avg.   109 us, Total. 436.6 us (0.0%)
[Performance] HierarchyWindow.Tick                                                                                                                 :        4 samples, Peak.   450 us (2.6x), Avg.   176 us, Total. 705.7 us (0.0%)
[Performance] EditorApplication.hierarchyChanged: Unity.UIElements.Editor.UIDocumentHierarchyWatcher.OnHierarchyChanged                            :        2 samples, Peak.   187 us (1.1x), Avg.   170 us, Total. 340.3 us (0.0%)
[Performance] Inspector.Tick                                                                                                                       :        3 samples, Peak.   137 ms (3.0x), Avg.  45.7 ms, Total. 137.1 ms (0.7%)
[Performance] EditorApplication.delayCall: UnityEditor.ShortcutManagement.ShortcutIntegration.EnsureShortcutsAreInitialized                        :        1 samples, Peak.  32.2 ms (1.0x), Avg.  32.2 ms, Total. 32.21 ms (0.2%)
[Performance] EditorApplication.delayCall: callback in UnityEditor.Rendering.Universal.RendererDataPatcher                                         :        1 samples, Peak.   103 ms (1.0x), Avg.   103 ms, Total. 103.3 ms (0.5%)
[Performance] EditorApplication.delayCall: callback in UnityEditor.SceneVisibilityManager                                                          :        1 samples, Peak.  1.21 ms (1.0x), Avg.  1.21 ms, Total. 1.206 ms (0.0%)
[Performance] EditorApplication.delayCall: callback in UnityEditor.EditorTools.ToolShortcutContext                                                 :        1 samples, Peak.  97.3 us (1.0x), Avg.  97.3 us, Total. 97.29 us (0.0%)
[Performance] EditorApplication.delayCall: callback in UnityEditor.EditorWindow                                                                    :        1 samples, Peak.  39.3 us (1.0x), Avg.  39.3 us, Total. 39.33 us (0.0%)
[Performance] Tooltip.Tick                                                                                                                         :        6 samples, Peak.  10.9 us (5.1x), Avg.  2.15 us, Total. 12.88 us (0.0%)
[Performance] Application.RequestRepaintForPanels                                                                                                  :     1200 samples, Peak.   299 us (341.0x), Avg.   877 ns, Total. 1.053 ms (0.0%)
[Performance] Application.UpdateScene                                                                                                              :     1200 samples, Peak.   709 ms (1026.8x), Avg.   690 us, Total. 828.1 ms (4.0%)
[Performance] PackageImporter.Tick                                                                                                                 :        3 samples, Peak.  1.62 us (2.1x), Avg.   778 ns, Total. 2.333 us (0.0%)
[Performance] InspectorBackground.Tick                                                                                                             :        3 samples, Peak.  1.17 us (2.0x), Avg.   570 ns, Total. 1.709 us (0.0%)
[Performance] BurstDebug.Tick                                                                                                                      :        2 samples, Peak.  4.71 us (1.4x), Avg.  3.29 us, Total. 6.584 us (0.0%)
[Performance] Application.ChangeLayoutIfNeeded                                                                                                     :     1200 samples, Peak.   125 ns (3.4x), Avg.  37.2 ns, Total. 44.65 us (0.0%)
[Performance] AsyncReadManager.ForceCloseFiles                                                                                                     :        2 samples, Peak.  91.6 us (2.0x), Avg.  46.2 us, Total. 92.33 us (0.0%)
[Performance] Application.Message                                                                                                                  :     1200 samples, Peak.   792 ns (9.5x), Avg.  83.2 ns, Total. 99.85 us (0.0%)
[Performance] Application.ExitPlayMode                                                                                                             :        1 samples, Peak.   365 ms (1.0x), Avg.   365 ms, Total. 364.9 ms (1.7%)
[Performance] CoreBusinessMetrics.Tick                                                                                                             :        1 samples, Peak.  60.9 us (1.0x), Avg.  60.9 us, Total. 60.88 us (0.0%)
[Performance] GI.Tick                                                                                                                              :        1 samples, Peak.  1.85 ms (1.0x), Avg.  1.85 ms, Total. 1.849 ms (0.0%)
[Performance] UnitySynchronization.ExecuteTasks                                                                                                    :        1 samples, Peak.  2.04 us (1.0x), Avg.  2.04 us, Total. 2.042 us (0.0%)
[Performance] Application.TickPreloadManager                                                                                                       :        1 samples, Peak.  3.25 us (1.0x), Avg.  3.25 us, Total. 3.250 us (0.0%)
[Performance] Application.Shutdown.CollabTerminate                                                                                                 :        1 samples, Peak.   190 us (1.0x), Avg.   190 us, Total. 189.9 us (0.0%)
[Performance] Application.Shutdown.CollabCleanup                                                                                                   :        1 samples, Peak.  2.57 ms (1.0x), Avg.  2.57 ms, Total. 2.574 ms (0.0%)
[Performance] Application.Shutdown.SaveDefaultWindowPreferences                                                                                    :        1 samples, Peak.   234 us (1.0x), Avg.   234 us, Total. 234.0 us (0.0%)
[Performance] Application.Shutdown.SaveSceneManagerSetup                                                                                           :        1 samples, Peak.   381 us (1.0x), Avg.   381 us, Total. 381.5 us (0.0%)
[Performance] Application.Shutdown.CleanupAllContainerWindows                                                                                      :        1 samples, Peak.  98.0 us (1.0x), Avg.  98.0 us, Total. 98.04 us (0.0%)
[Performance] EditorApplication.quitting: Unity.Burst.Editor.BurstLoader.OnEditorApplicationQuitting                                               :        1 samples, Peak.  32.7 us (1.0x), Avg.  32.7 us, Total. 32.67 us (0.0%)
[Performance] EditorApplication.quitting: callback in UnityEditor.TextCore.Text.EditorEventCallbacks                                               :        1 samples, Peak.  10.4 ms (1.0x), Avg.  10.4 ms, Total. 10.39 ms (0.0%)
[Performance] EditorApplication.quitting: UnityEditor.Search.SearchMonitor.OnQuitting                                                              :        1 samples, Peak.  1.32 ms (1.0x), Avg.  1.32 ms, Total. 1.324 ms (0.0%)
[Performance] Application.Shutdown.PauseProfilerSession                                                                                            :        1 samples, Peak.  17.5 us (1.0x), Avg.  17.5 us, Total. 17.50 us (0.0%)
[Performance] Application.Shutdown.PauseAssetImportWorkers                                                                                         :        1 samples, Peak.   744 us (1.0x), Avg.   744 us, Total. 744.3 us (0.0%)
[Performance] Application.Shutdown.SaveAssets                                                                                                      :        1 samples, Peak.  6.46 ms (1.0x), Avg.  6.46 ms, Total. 6.460 ms (0.0%)
[Performance] BuilderAssetModificationProcessor.OnWillSaveAssets                                                                                   :        1 samples, Peak.   381 us (1.0x), Avg.   381 us, Total. 380.5 us (0.0%)
[Performance] TerrainModificationProcessor.OnWillSaveAssets                                                                                        :        1 samples, Peak.   557 us (1.0x), Avg.   557 us, Total. 556.6 us (0.0%)
[Performance] AssetDatabase.ImportAssets                                                                                                           :        2 samples, Peak.   291 ns (1.8x), Avg.   166 ns, Total. 332.0 ns (0.0%)
[Performance] Application.Shutdown.CleanupRenderPipeline                                                                                           :        1 samples, Peak.  2.92 us (1.0x), Avg.  2.92 us, Total. 2.916 us (0.0%)
[Performance] Application.Shutdown.StopPreloadManager                                                                                              :        1 samples, Peak.  11.0 ms (1.0x), Avg.  11.0 ms, Total. 11.05 ms (0.1%)
[Performance] Application.Shutdown.DestroyWorld                                                                                                    :        1 samples, Peak.   455 us (1.0x), Avg.   455 us, Total. 454.7 us (0.0%)
[Performance] Application.Shutdown.CleanupAfterLoad                                                                                                :        1 samples, Peak.   144 ms (1.0x), Avg.   144 ms, Total. 143.9 ms (0.7%)
[Performance] Application.Shutdown.Progress                                                                                                        :        1 samples, Peak.  11.3 us (1.0x), Avg.  11.3 us, Total. 11.33 us (0.0%)
[Performance] Application.Shutdown.GICleanupManagers                                                                                               :        1 samples, Peak.  3.16 ms (1.0x), Avg.  3.16 ms, Total. 3.157 ms (0.0%)
[Performance] Application.Shutdown.MenuCleanupClass                                                                                                :        1 samples, Peak.   194 us (1.0x), Avg.   194 us, Total. 194.0 us (0.0%)
[Performance] Application.Shutdown.ADBSaveStateBeforeShutdown                                                                                      :        1 samples, Peak.  13.4 us (1.0x), Avg.  13.4 us, Total. 13.42 us (0.0%)
[Performance] Application.Shutdown.RemoteShutdown                                                                                                  :        1 samples, Peak.   542 ns (1.0x), Avg.   542 ns, Total. 542.0 ns (0.0%)
[Performance] Application.Shutdown.CleanupVCProvider                                                                                               :        1 samples, Peak.   140 us (1.0x), Avg.   140 us, Total. 139.6 us (0.0%)
[Performance] Application.Shutdown.InputShutdown                                                                                                   :        1 samples, Peak.   411 us (1.0x), Avg.   411 us, Total. 411.1 us (0.0%)
[Performance] Application.Shutdown.GizmoManagerDestroy                                                                                             :        1 samples, Peak.   593 us (1.0x), Avg.   593 us, Total. 593.2 us (0.0%)
[Performance] Application.Shutdown.ProfilerSession                                                                                                 :        1 samples, Peak.  1.09 ms (1.0x), Avg.  1.09 ms, Total. 1.094 ms (0.0%)
[Performance] Application.Shutdown.ReleaseGfxWindowOnAllGUIViews                                                                                   :        1 samples, Peak.   958 ns (1.0x), Avg.   958 ns, Total. 958.0 ns (0.0%)
[Performance] Application.Shutdown.CleanupEngine                                                                                                   :        1 samples, Peak.   258 ms (1.0x), Avg.   258 ms, Total. 258.4 ms (1.2%)
[Performance] Application.Shutdown.CleanupAssetDatabase                                                                                            :        1 samples, Peak.  8.66 ms (1.0x), Avg.  8.66 ms, Total. 8.656 ms (0.0%)
[Performance] Application.Shutdown.ScriptCompilationCleanUp                                                                                        :        1 samples, Peak.  14.5 us (1.0x), Avg.  14.5 us, Total. 14.50 us (0.0%)
[Performance] Application.Shutdown.DestroyJobSystem                                                                                                :        1 samples, Peak.  69.3 us (1.0x), Avg.  69.3 us, Total. 69.33 us (0.0%)
[Performance] Application.Shutdown.CleanupPersistentManager                                                                                        :        1 samples, Peak.  2.01 ms (1.0x), Avg.  2.01 ms, Total. 2.013 ms (0.0%)
[Performance] Application.Shutdown.CleanupAsyncReadManager                                                                                         :        1 samples, Peak.   220 us (1.0x), Avg.   220 us, Total. 219.6 us (0.0%)
[Performance] Application.Shutdown.CleanupMono                                                                                                     :        1 samples, Peak.   139 ms (1.0x), Avg.   139 ms, Total. 138.6 ms (0.7%)
[Performance] Application.Shutdown.CleanupStdConverters                                                                                            :        1 samples, Peak.  5.29 us (1.0x), Avg.  5.29 us, Total. 5.292 us (0.0%)
[Performance] Application.Shutdown.UnloadAllPlatformSupportModuleNativeDlls                                                                        :        1 samples, Peak.  2.04 us (1.0x), Avg.  2.04 us, Total. 2.042 us (0.0%)
[Performance] Application.Shutdown.UnloadAllPlatformSupportNativeLibraries                                                                         :        1 samples, Peak.   125 ns (1.0x), Avg.   125 ns, Total. 125.0 ns (0.0%)
[Performance] Application.Shutdown.CleanupAutoDocumentation                                                                                        :        1 samples, Peak.  1.12 ms (1.0x), Avg.  1.12 ms, Total. 1.119 ms (0.0%)
[Performance] Application.Shutdown.ShaderNameManagerDestroy                                                                                        :        1 samples, Peak.  41.0 us (1.0x), Avg.  41.0 us, Total. 41.00 us (0.0%)
[Performance] Application.Shutdown.CleanupCacheServer                                                                                              :        1 samples, Peak.  42.0 ns (1.0x), Avg.  42.0 ns, Total. 42.00 ns (0.0%)
[Performance] Application.Shutdown.Virtualization_Shutdown                                                                                         :        1 samples, Peak.   125 us (1.0x), Avg.   125 us, Total. 124.8 us (0.0%)
[Performance] Application.Shutdown.DevConnections                                                                                                  :        1 samples, Peak.  98.7 us (1.0x), Avg.  98.7 us, Total. 98.67 us (0.0%)
[Package Manager] Server::Kill -- Server was shutdown
Checking for leaked weakptr:
  Found no leaked weakptrs.
Memory Statistics:
[ALLOC_TEMP_TLS] TLS Allocator
  StackAllocators : 
    [ALLOC_TEMP_CurlRequest]
      Initial Block Size 64.0 KB
      Current Block Size 64.0 KB
      Peak Allocated Bytes 0 B
      Overflow Count 0
    [ALLOC_TEMP_MAIN]
      Peak usage frame count: [4.0 KB-8.0 KB]: 1198 frames, [2.0 MB-4.0 MB]: 1 frames, [8.0 MB-16.0 MB]: 1 frames
      Initial Block Size 16.0 MB
      Current Block Size 16.0 MB
      Peak Allocated Bytes 10.6 MB
      Overflow Count 0
    [ALLOC_TEMP_Background Job.worker 6]
      Initial Block Size 32.0 KB
      Current Block Size 32.0 KB
      Peak Allocated Bytes 0 B
      Overflow Count 0
    [ALLOC_TEMP_Background Job.worker 15]
      Initial Block Size 32.0 KB
      Current Block Size 32.0 KB
      Peak Allocated Bytes 0 B
      Overflow Count 0
    [ALLOC_TEMP_BakingJobs.worker 0]
      Initial Block Size 256.0 KB
      Current Block Size 256.0 KB
      Peak Allocated Bytes 0 B
      Overflow Count 0
    [ALLOC_TEMP_AssetDatabase.FileHasherReader] x 4
      Initial Block Size 64.0 KB
      Current Block Size 64.0 KB
      Peak Allocated Bytes 31 B
      Overflow Count 0
    [ALLOC_TEMP_BakingJobs.worker 1]
      Initial Block Size 256.0 KB
      Current Block Size 256.0 KB
      Peak Allocated Bytes 301 B
      Overflow Count 0
    [ALLOC_TEMP_BatchDeleteObjects]
      Initial Block Size 64.0 KB
      Current Block Size 64.0 KB
      Peak Allocated Bytes 0 B
      Overflow Count 0
    [ALLOC_TEMP_CoreBusinessMetricsCache]
      Initial Block Size 64.0 KB
      Current Block Size 64.0 KB
      Peak Allocated Bytes 7.9 KB
      Overflow Count 0
    [ALLOC_TEMP_REST Message Handler]
      Initial Block Size 64.0 KB
      Current Block Size 64.0 KB
      Peak Allocated Bytes 0 B
      Overflow Count 0
    [ALLOC_TEMP_Job.worker 4]
      Initial Block Size 256.0 KB
      Current Block Size 1.9 MB
      Peak Allocated Bytes 1.9 MB
      Overflow Count 0
    [ALLOC_TEMP_Background Job.worker 1]
      Initial Block Size 32.0 KB
      Current Block Size 208.0 KB
      Peak Allocated Bytes 121.6 KB
      Overflow Count 0
    [ALLOC_TEMP_AssetDatabase.IOService]
      Initial Block Size 64.0 KB
      Current Block Size 64.0 KB
      Peak Allocated Bytes 0 B
      Overflow Count 0
    [ALLOC_TEMP_Loading.PreloadManager] x 3
      Initial Block Size 32.0 MB
      Current Block Size 32.0 MB
      Peak Allocated Bytes 2.0 MB
      Overflow Count 0
    [ALLOC_TEMP_Background Job.worker 7]
      Initial Block Size 32.0 KB
      Current Block Size 32.0 KB
      Peak Allocated Bytes 0 B
      Overflow Count 0
    [ALLOC_TEMP_CloudJob.worker 0]
      Initial Block Size 32.0 KB
      Current Block Size 32.0 KB
      Peak Allocated Bytes 6.5 KB
      Overflow Count 0
    [ALLOC_TEMP_Background Job.worker 10]
      Initial Block Size 32.0 KB
      Current Block Size 32.0 KB
      Peak Allocated Bytes 0 B
      Overflow Count 0
    [ALLOC_TEMP_Background Job.worker 12]
      Initial Block Size 32.0 KB
      Current Block Size 32.0 KB
      Peak Allocated Bytes 0 B
      Overflow Count 0
    [ALLOC_TEMP_Background Job.worker 4]
      Initial Block Size 32.0 KB
      Current Block Size 32.0 KB
      Peak Allocated Bytes 0 B
      Overflow Count 0
    [ALLOC_TEMP_Background Job.worker 13]
      Initial Block Size 32.0 KB
      Current Block Size 32.0 KB
      Peak Allocated Bytes 0 B
      Overflow Count 0
    [ALLOC_TEMP_CurlRequest]
      Initial Block Size 64.0 KB
      Current Block Size 64.0 KB
      Peak Allocated Bytes 0 B
      Overflow Count 0
    [ALLOC_TEMP_BakingJobs.worker 4]
      Initial Block Size 256.0 KB
      Current Block Size 256.0 KB
      Peak Allocated Bytes 0 B
      Overflow Count 0
    [ALLOC_TEMP_Profiler.Dispatcher]
      Initial Block Size 64.0 KB
      Current Block Size 64.0 KB
      Peak Allocated Bytes 0 B
      Overflow Count 0
    [ALLOC_TEMP_Background Job.worker 14]
      Initial Block Size 32.0 KB
      Current Block Size 32.0 KB
      Peak Allocated Bytes 0 B
      Overflow Count 0
    [ALLOC_TEMP_ReadCacheIndex] x 3
      Initial Block Size 64.0 KB
      Current Block Size 64.0 KB
      Peak Allocated Bytes 1.0 KB
      Overflow Count 0
    [ALLOC_TEMP_Background Job.worker 9]
      Initial Block Size 32.0 KB
      Current Block Size 32.0 KB
      Peak Allocated Bytes 0 B
      Overflow Count 0
    [ALLOC_TEMP_EnlightenWorker] x 4
      Initial Block Size 64.0 KB
      Current Block Size 64.0 KB
      Peak Allocated Bytes 0 B
      Overflow Count 0
    [ALLOC_TEMP_Job.worker 3]
      Initial Block Size 256.0 KB
      Current Block Size 256.0 KB
      Peak Allocated Bytes 22.8 KB
      Overflow Count 1
    [ALLOC_TEMP_Job.worker 2]
      Initial Block Size 256.0 KB
      Current Block Size 256.0 KB
      Peak Allocated Bytes 16.9 KB
      Overflow Count 1
    [ALLOC_TEMP_Loading.AsyncRead]
      Initial Block Size 64.0 KB
      Current Block Size 64.0 KB
      Peak Allocated Bytes 128 B
      Overflow Count 0
    [ALLOC_TEMP_Background Job.worker 3]
      Initial Block Size 32.0 KB
      Current Block Size 32.0 KB
      Peak Allocated Bytes 0 B
      Overflow Count 0
    [ALLOC_TEMP_Background Job.worker 2]
      Initial Block Size 32.0 KB
      Current Block Size 32.0 KB
      Peak Allocated Bytes 103 B
      Overflow Count 0
    [ALLOC_TEMP_Background Job.worker 8]
      Initial Block Size 32.0 KB
      Current Block Size 32.0 KB
      Peak Allocated Bytes 0 B
      Overflow Count 0
    [ALLOC_TEMP_OSX HID Input]
      Initial Block Size 64.0 KB
      Current Block Size 64.0 KB
      Peak Allocated Bytes 0 B
      Overflow Count 0
    [ALLOC_TEMP_BakingJobs.worker 7]
      Initial Block Size 256.0 KB
      Current Block Size 256.0 KB
      Peak Allocated Bytes 0 B
      Overflow Count 0
    [ALLOC_TEMP_BakingJobs.worker 6]
      Initial Block Size 256.0 KB
      Current Block Size 256.0 KB
      Peak Allocated Bytes 0 B
      Overflow Count 0
    [ALLOC_TEMP_Job.worker 6]
      Initial Block Size 256.0 KB
      Current Block Size 256.0 KB
      Peak Allocated Bytes 53.5 KB
      Overflow Count 0
    [ALLOC_TEMP_Background Job.worker 0]
      Initial Block Size 32.0 KB
      Current Block Size 32.0 KB
      Peak Allocated Bytes 0 B
      Overflow Count 0
    [ALLOC_TEMP_AUDIO_FMOD stream thread]
      Initial Block Size 64.0 KB
      Current Block Size 64.0 KB
      Peak Allocated Bytes 0 B
      Overflow Count 0
    [ALLOC_TEMP_AssetDatabase.FileHasherHasher] x 4
      Initial Block Size 64.0 KB
      Current Block Size 64.0 KB
      Peak Allocated Bytes 31 B
      Overflow Count 0
    [ALLOC_TEMP_BakingJobs.worker 3]
      Initial Block Size 256.0 KB
      Current Block Size 256.0 KB
      Peak Allocated Bytes 0 B
      Overflow Count 0
    [ALLOC_TEMP_Job.worker 1]
      Initial Block Size 256.0 KB
      Current Block Size 1.9 MB
      Peak Allocated Bytes 1.9 MB
      Overflow Count 0
    [ALLOC_TEMP_Background Job.worker 5]
      Initial Block Size 32.0 KB
      Current Block Size 32.0 KB
      Peak Allocated Bytes 0 B
      Overflow Count 0
    [ALLOC_TEMP_BakingJobs.worker 2]
      Initial Block Size 256.0 KB
      Current Block Size 256.0 KB
      Peak Allocated Bytes 0 B
      Overflow Count 0
    [ALLOC_TEMP_Background Job.worker 11]
      Initial Block Size 32.0 KB
      Current Block Size 32.0 KB
      Peak Allocated Bytes 0 B
      Overflow Count 0
    [ALLOC_TEMP_EditorTaskManager]
      Initial Block Size 64.0 KB
      Current Block Size 80.0 KB
      Peak Allocated Bytes 64.0 KB
      Overflow Count 0
    [ALLOC_TEMP_Job.worker 5]
      Initial Block Size 256.0 KB
      Current Block Size 1.9 MB
      Peak Allocated Bytes 1.9 MB
      Overflow Count 0
    [ALLOC_TEMP_HTTP REST Server]
      Initial Block Size 64.0 KB
      Current Block Size 64.0 KB
      Peak Allocated Bytes 70 B
      Overflow Count 0
    [ALLOC_TEMP_AssetGarbageCollectorHelper] x 7
      Initial Block Size 64.0 KB
      Current Block Size 64.0 KB
      Peak Allocated Bytes 0 B
      Overflow Count 0
    [ALLOC_TEMP_AUDIO_Audio Mixer Thread]
      Initial Block Size 64.0 KB
      Current Block Size 64.0 KB
      Peak Allocated Bytes 0 B
      Overflow Count 0
    [ALLOC_TEMP_BakingJobs.worker 5]
      Initial Block Size 256.0 KB
      Current Block Size 256.0 KB
      Peak Allocated Bytes 0 B
      Overflow Count 0
    [ALLOC_TEMP_Job.worker 0]
      Initial Block Size 256.0 KB
      Current Block Size 256.0 KB
      Peak Allocated Bytes 18.4 KB
      Overflow Count 1
[ALLOC_MEMORYPROFILER]
  Peak usage frame count: [128.0 KB-256.0 KB]: 1199 frames, [256.0 KB-0.5 MB]: 1 frames
  Requested Block Size 1.0 MB
  Peak Block count 1
  Peak Allocated memory 448.4 KB
  Peak Large allocation bytes 0 B
[ALLOC_DEFAULT] Dual Thread Allocator
  Peak main deferred allocation count 306
    [ALLOC_BUCKET]
      Large Block size 32.0 MB
      Used Block count 1
      Peak Allocated bytes 7.4 MB
    [ALLOC_DEFAULT_MAIN]
      Peak usage frame count: [64.0 MB-128.0 MB]: 1200 frames
      Requested Block Size 16.0 MB
      Peak Block count 6
      Peak Allocated memory 92.9 MB
      Peak Large allocation bytes 0 B
    [ALLOC_DEFAULT_THREAD]
      Peak usage frame count: [1.0 MB-2.0 MB]: 1199 frames, [32.0 MB-64.0 MB]: 1 frames
      Requested Block Size 16.0 MB
      Peak Block count 1
      Peak Allocated memory 43.5 MB
      Peak Large allocation bytes 29.0 MB
[ALLOC_TEMP_JOB_1_FRAME]
  Initial Block Size 2.0 MB
  Used Block Count 0
  Overflow Count (too large) 0
  Overflow Count (full) 0
[ALLOC_TEMP_JOB_2_FRAMES]
  Initial Block Size 2.0 MB
  Used Block Count 0
  Overflow Count (too large) 0
  Overflow Count (full) 0
[ALLOC_TEMP_JOB_4_FRAMES (JobTemp)]
  Initial Block Size 2.0 MB
  Used Block Count 1
  Overflow Count (too large) 0
  Overflow Count (full) 0
[ALLOC_TEMP_JOB_ASYNC (Background)]
  Initial Block Size 1.0 MB
  Used Block Count 1
  Overflow Count (too large) 3
  Overflow Count (full) 0
[ALLOC_GFX] Dual Thread Allocator
  Peak main deferred allocation count 0
    [ALLOC_BUCKET]
      Large Block size 32.0 MB
      Used Block count 1
      Peak Allocated bytes 7.4 MB
    [ALLOC_GFX_MAIN]
      Peak usage frame count: [4.0 MB-8.0 MB]: 1199 frames, [8.0 MB-16.0 MB]: 1 frames
      Requested Block Size 16.0 MB
      Peak Block count 1
      Peak Allocated memory 10.0 MB
      Peak Large allocation bytes 0 B
    [ALLOC_GFX_THREAD]
      Peak usage frame count: [0-1.0 KB]: 1199 frames, [2.0 KB-4.0 KB]: 1 frames
      Requested Block Size 16.0 MB
      Peak Block count 1
      Peak Allocated memory 2.2 KB
      Peak Large allocation bytes 0 B
[ALLOC_CACHEOBJECTS] Dual Thread Allocator
  Peak main deferred allocation count 694
    [ALLOC_BUCKET]
      Large Block size 32.0 MB
      Used Block count 1
      Peak Allocated bytes 7.4 MB
    [ALLOC_CACHEOBJECTS_MAIN]
      Peak usage frame count: [16.0 MB-32.0 MB]: 1199 frames, [32.0 MB-64.0 MB]: 1 frames
      Requested Block Size 4.0 MB
      Peak Block count 10
      Peak Allocated memory 32.9 MB
      Peak Large allocation bytes 10.7 MB
    [ALLOC_CACHEOBJECTS_THREAD]
      Peak usage frame count: [128.0 KB-256.0 KB]: 1199 frames, [256.0 KB-0.5 MB]: 1 frames
      Requested Block Size 4.0 MB
      Peak Block count 1
      Peak Allocated memory 273.7 KB
      Peak Large allocation bytes 0 B
[ALLOC_TYPETREE] Dual Thread Allocator
  Peak main deferred allocation count 524
    [ALLOC_BUCKET]
      Large Block size 32.0 MB
      Used Block count 1
      Peak Allocated bytes 7.4 MB
    [ALLOC_TYPETREE_MAIN]
      Peak usage frame count: [0.5 MB-1.0 MB]: 1198 frames, [1.0 MB-2.0 MB]: 1 frames, [8.0 MB-16.0 MB]: 1 frames
      Requested Block Size 2.0 MB
      Peak Block count 7
      Peak Allocated memory 11.9 MB
      Peak Large allocation bytes 0 B
    [ALLOC_TYPETREE_THREAD]
      Peak usage frame count: [128.0 KB-256.0 KB]: 1200 frames
      Requested Block Size 2.0 MB
      Peak Block count 1
      Peak Allocated memory 227.5 KB
      Peak Large allocation bytes 0 B
[ALLOC_PROFILER]
  Peak usage frame count: [256.0 KB-0.5 MB]: 1199 frames, [0.5 MB-1.0 MB]: 1 frames
  Requested Block Size 16.0 MB
  Peak Block count 1
  Peak Allocated memory 0.6 MB
  Peak Large allocation bytes 0 B
    [ALLOC_PROFILER_BUCKET]
      Large Block size 32.0 MB
      Used Block count 1
      Peak Allocated bytes 11.4 KB
[ALLOC_PROFILER_EDITOR]
  Peak usage frame count: [0-1.0 KB]: 1200 frames
  Requested Block Size 1.0 MB
  Peak Block count 0
  Peak Allocated memory 0 B
  Peak Large allocation bytes 0 B
    [ALLOC_PROFILER_BUCKET]
      Large Block size 32.0 MB
      Used Block count 1
      Peak Allocated bytes 11.4 KB
##utp:{"type":"MemoryLeaks","version":2,"phase":"Immediate","time":1778234812593,"processId":83235,"allocatedMemory":17496318,"memoryLabels":[{"Default":11375},{"Permanent":15536},{"Thread":1083508},{"Manager":29991},{"VertexData":12},{"Geometry":280},{"Texture":168},{"Shader":67451},{"Material":24},{"GfxDevice":38216},{"Animation":304},{"Audio":3904},{"FontEngine":288},{"Physics":561},{"Serialization":612},{"Input":9024},{"JobScheduler":232},{"Mono":40},{"ScriptingNativeRuntime":7924888},{"BaseObject":1618916},{"Resource":912},{"Renderer":2272},{"Transform":24},{"File":3653},{"WebCam":40},{"Culling":40},{"Terrain":1025},{"Wind":24},{"String":19002},{"DynamicArray":132736},{"HashMap":80065},{"Utility":289286},{"Curl":2047},{"PoolAlloc":1464},{"AI":40},{"TypeTree":4533},{"ScriptManager":528},{"RuntimeInitializeOnLoadManager":72},{"SpriteAtlas":112},{"GI":3416},{"Director":7880},{"CloudService":2552},{"WebRequest":816},{"VR":45641},{"SceneManager":616},{"Video":2120},{"LazyScriptCache":32},{"NativeArray":12},{"Camera":25},{"Secure":9817},{"SerializationCache":1576},{"APIUpdating":11856},{"Subsystems":384},{"VirtualTexturing":57512},{"StaticSafetyDebugInfo":327680},{"Baselib":16},{"EditorGui":80},{"EditorUtility":6167},{"VersionControl":4},{"Undo":720},{"AssetDatabase":5626675},{"RestService":1310},{"EditorGi":376},{"License":3616},{"UnityConnect":25512},{"Collab":785},{"Upm":1600},{"DrivenProperties":80},{"LocalIPC":222},{"ProfilerEditor":10967},{"CoreBusinessMetrics":2984},{"AssetReference":32},{"IPCStream":32}]}
