Unity Editor version:    2022.3.0f1 (fb119bb0b476)
Branch:                  2022.3/release
Build type:              Release
Batch mode:              YES
macOS version:           Version 26.3.1 (a) (Build 25D771280a)
Darwin version:          25.3.0
Architecture:            arm64
Running under Rosetta:   NO
Available memory:        8192 MB
[Licensing::Module] Trying to connect to existing licensing client channel...
[Licensing::IpcConnector] Connection attempt to the License Client on channel: "LicenseClient-guribbong" failed because channel doesn't exist; code: "0x80000002"
Launching external process: /Applications/Unity/Hub/Editor/2022.3.0f1/Unity.app/Contents/Frameworks/UnityLicensingClient.app/Contents/MacOS/Unity.Licensing.Client
[Licensing::Module] Successfully launched the LicensingClient (PId: 98329)
[Licensing::IpcConnector] Successfully connected to the License Client on channel: "LicenseClient-guribbong"
[Licensing::Client] Handshaking with LicensingClient:
  Version:                 1.12.1+9338cad
  Session Id:              0cf978665ffa4405bc7c6c404e55fae9
  Correlation Id:          f556ada783ba5e0a684ec7685cf2d268
  External correlation Id: 8514274357348459375
  Machine Id:              kK/taOzULwH3CoqhnK6anvJ0b88=
[Licensing::Module] Successfully connected to LicensingClient on channel: "LicenseClient-guribbong" (connect: 10.14s, validation: 0.49s, handshake: 0.70s)
[Licensing::IpcConnector] Successfully connected to the License Notification on channel: "LicenseClient-guribbong-notifications"
[Licensing::Module] Connected to LicensingClient (PId: 98329, launch time: 0.01, total connection time: 11.34s)
[Licensing::Module] Error: Access token is unavailable; failed to update
[Licensing::Client] Error: Code 500 while processing request (status: Unable to update licenses. Errors: No ULF license found.,Token not found in cache)
[Licensing::Client] Error: Code 500 while updating license in client (status: Unable to update licenses. Errors: No ULF license found.,Token not found in cache)
[Licensing::Client] Successfully resolved entitlements
[Licensing::Module] Serial number assigned to: "14568638156105-UnityPersXXXX"
Pro License: NO
Launching external process: /Applications/Unity/Hub/Editor/2022.3.0f1/Unity.app/Contents/Resources/PackageManager/Server/UnityPackageManager

COMMAND LINE ARGUMENTS:
/Applications/Unity/Hub/Editor/2022.3.0f1/Unity.app/Contents/MacOS/Unity
-batchmode
-projectPath
/Users/guribbong/code/Argus/unity/EmbodiedDebate
-executeMethod
ArgusUnity.Editor.HideAndSeekDesignBuilder.OpenSceneInPlayMode
-logFile
/Users/guribbong/code/Argus/tmp/desk-solid-capture.log
Successfully changed project path to: /Users/guribbong/code/Argus/unity/EmbodiedDebate
/Users/guribbong/code/Argus/unity/EmbodiedDebate
[UnityMemory] Configuration Parameters - Can be set up in boot.config
    "memorysetup-bucket-allocator-granularity=16"
    "memorysetup-bucket-allocator-bucket-count=8"
    "memorysetup-bucket-allocator-block-size=33554432"
    "memorysetup-bucket-allocator-block-count=8"
    "memorysetup-main-allocator-block-size=16777216"
    "memorysetup-thread-allocator-block-size=16777216"
    "memorysetup-gfx-main-allocator-block-size=16777216"
    "memorysetup-gfx-thread-allocator-block-size=16777216"
    "memorysetup-cache-allocator-block-size=4194304"
    "memorysetup-typetree-allocator-block-size=2097152"
    "memorysetup-profiler-bucket-allocator-granularity=16"
    "memorysetup-profiler-bucket-allocator-bucket-count=8"
    "memorysetup-profiler-bucket-allocator-block-size=33554432"
    "memorysetup-profiler-bucket-allocator-block-count=8"
    "memorysetup-profiler-allocator-block-size=16777216"
    "memorysetup-profiler-editor-allocator-block-size=1048576"
    "memorysetup-temp-allocator-size-main=16777216"
    "memorysetup-job-temp-allocator-block-size=2097152"
    "memorysetup-job-temp-allocator-block-size-background=1048576"
    "memorysetup-job-temp-allocator-reduction-small-platforms=262144"
    "memorysetup-allocator-temp-initial-block-size-main=262144"
    "memorysetup-allocator-temp-initial-block-size-worker=262144"
    "memorysetup-temp-allocator-size-background-worker=32768"
    "memorysetup-temp-allocator-size-job-worker=262144"
    "memorysetup-temp-allocator-size-preload-manager=33554432"
    "memorysetup-temp-allocator-size-nav-mesh-worker=65536"
    "memorysetup-temp-allocator-size-audio-worker=65536"
    "memorysetup-temp-allocator-size-cloud-worker=32768"
    "memorysetup-temp-allocator-size-gi-baking-worker=262144"
    "memorysetup-temp-allocator-size-gfx=262144"
Player connection [8649715968] Host "[IP] 192.168.3.1 [Port] 55496 [Flags] 2 [Guid] 1702855860 [EditorId] 1702855860 [Version] 1048832 [Id] OSXEditor(0,topabaem.local) [Debug] 1 [PackageName] OSXEditor [ProjectName] Editor" joined multi-casting on [225.0.0.222:54997]...

Player connection [8649715968] Host "[IP] 192.168.3.1 [Port] 55496 [Flags] 2 [Guid] 1702855860 [EditorId] 1702855860 [Version] 1048832 [Id] OSXEditor(0,topabaem.local) [Debug] 1 [PackageName] OSXEditor [ProjectName] Editor" joined alternative multi-casting on [225.0.0.222:34997]...

[Package Manager] UpmClient::Connect -- Connected to IPC stream "Upm-98247" after 9.7 seconds.
[Licensing::Client] Successfully resolved entitlements
[Package Manager] Restoring resolved packages state from cache
[Licensing::Client] Successfully resolved entitlement details
[Package Manager] Registered 12 packages:
  Packages from [https://packages.unity.com]:
    com.unity.nuget.newtonsoft-json@3.2.1 (location: /Users/guribbong/code/Argus/unity/EmbodiedDebate/Library/PackageCache/com.unity.nuget.newtonsoft-json@3.2.1)
    com.unity.test-framework@1.1.33 (location: /Users/guribbong/code/Argus/unity/EmbodiedDebate/Library/PackageCache/com.unity.test-framework@1.1.33)
    com.unity.ext.nunit@1.0.6 (location: /Users/guribbong/code/Argus/unity/EmbodiedDebate/Library/PackageCache/com.unity.ext.nunit@1.0.6)
    com.unity.mathematics@1.2.6 (location: /Users/guribbong/code/Argus/unity/EmbodiedDebate/Library/PackageCache/com.unity.mathematics@1.2.6)
    com.unity.burst@1.8.4 (location: /Users/guribbong/code/Argus/unity/EmbodiedDebate/Library/PackageCache/com.unity.burst@1.8.4)
  Built-in packages:
    com.unity.modules.animation@1.0.0 (location: /Users/guribbong/code/Argus/unity/EmbodiedDebate/Library/PackageCache/com.unity.modules.animation@1.0.0)
    com.unity.modules.imageconversion@1.0.0 (location: /Users/guribbong/code/Argus/unity/EmbodiedDebate/Library/PackageCache/com.unity.modules.imageconversion@1.0.0)
    com.unity.modules.physics@1.0.0 (location: /Users/guribbong/code/Argus/unity/EmbodiedDebate/Library/PackageCache/com.unity.modules.physics@1.0.0)
    com.unity.modules.unitywebrequest@1.0.0 (location: /Users/guribbong/code/Argus/unity/EmbodiedDebate/Library/PackageCache/com.unity.modules.unitywebrequest@1.0.0)
    com.unity.modules.imgui@1.0.0 (location: /Users/guribbong/code/Argus/unity/EmbodiedDebate/Library/PackageCache/com.unity.modules.imgui@1.0.0)
    com.unity.modules.jsonserialize@1.0.0 (location: /Users/guribbong/code/Argus/unity/EmbodiedDebate/Library/PackageCache/com.unity.modules.jsonserialize@1.0.0)
  Embedded packages:
    com.unity.cloud.gltfast@file:/Users/guribbong/code/Argus/unity/EmbodiedDebate/Packages/com.unity.cloud.gltfast (location: /Users/guribbong/code/Argus/unity/EmbodiedDebate/Packages/com.unity.cloud.gltfast)
[Subsystems] No new subsystems found in resolved package list.
Package Manager log level set to [2]
[Package Manager] Done registering packages in 0.88 seconds
Refreshing native plugins compatible for Editor in 12.85 ms, found 0 plugins.
Preloading 0 native plugins for Editor in 0.00 ms.
Initialize engine version: 2022.3.0f1 (fb119bb0b476)
[Subsystems] Discovering subsystems at path /Applications/Unity/Hub/Editor/2022.3.0f1/Unity.app/Contents/Resources/UnitySubsystems
[Subsystems] Discovering subsystems at path /Users/guribbong/code/Argus/unity/EmbodiedDebate/Assets
GfxDevice: creating device client; threaded=0; jobified=0
 preferred device: Apple M2 (high power)
Metal devices available: 1
0: Apple M2 (high power)
Using device Apple M2 (high power)
Initializing Metal device caps: Apple M2
[Licensing::Client] Successfully resolved entitlements
Initialize mono
Mono path[0] = '/Applications/Unity/Hub/Editor/2022.3.0f1/Unity.app/Contents/Managed'
Mono path[1] = '/Applications/Unity/Hub/Editor/2022.3.0f1/Unity.app/Contents/MonoBleedingEdge/lib/mono/unityjit-macos'
Mono config path = '/Applications/Unity/Hub/Editor/2022.3.0f1/Unity.app/Contents/MonoBleedingEdge/etc'
Using monoOptions --debugger-agent=transport=dt_socket,embedding=1,server=y,suspend=n,address=127.0.0.1:56247
Using cacheserver namespaces - metadata:defaultmetadata, artifacts:defaultartifacts
Using cacheserver namespaces - metadata:defaultmetadata, artifacts:defaultartifacts
ImportWorker Server TCP listen port: 0
Begin MonoManager ReloadAssembly
Registering precompiled unity dll's ...
Register platform support module: /Applications/Unity/Hub/Editor/2022.3.0f1/Unity.app/Contents/PlaybackEngines/MacStandaloneSupport/UnityEditor.OSXStandalone.Extensions.dll
Registered in 0.002244 seconds.
- Loaded All Assemblies, in  0.516 seconds
Native extension for OSXStandalone target not found
Mono: successfully reloaded assembly
- Finished resetting the current domain, in  0.276 seconds
Domain Reload Profiling: 793ms
	BeginReloadAssembly (201ms)
		ExecutionOrderSort (0ms)
		DisableScriptedObjects (0ms)
		BackupInstance (0ms)
		ReleaseScriptingObjects (0ms)
		CreateAndSetChildDomain (3ms)
	RebuildCommonClasses (53ms)
	RebuildNativeTypeToScriptingClass (13ms)
	initialDomainReloadingComplete (62ms)
	LoadAllAssembliesAndSetupDomain (187ms)
		LoadAssemblies (195ms)
		RebuildTransferFunctionScriptingTraits (0ms)
		AnalyzeDomain (181ms)
			TypeCache.Refresh (180ms)
				TypeCache.ScanAssembly (158ms)
			ScanForSourceGeneratedMonoScriptInfo (0ms)
			ResolveRequiredComponents (1ms)
	FinalizeReload (277ms)
		ReleaseScriptCaches (0ms)
		RebuildScriptCaches (0ms)
		SetupLoadedEditorAssemblies (218ms)
			LogAssemblyErrors (0ms)
			InitializePlatformSupportModulesInManaged (6ms)
			SetLoadedEditorAssemblies (9ms)
			RefreshPlugins (0ms)
			BeforeProcessingInitializeOnLoad (2ms)
			ProcessInitializeOnLoadAttributes (135ms)
			ProcessInitializeOnLoadMethodAttributes (66ms)
			AfterProcessingInitializeOnLoad (0ms)
			EditorAssembliesLoaded (0ms)
		ExecutionOrderSort2 (0ms)
		AwakeInstancesAfterBackupRestoration (0ms)
[Licensing::Client] Successfully resolved entitlements
Application.AssetDatabase Initial Refresh Start
[40m[32minfo[39m[22m[49m: Microsoft.Hosting.Lifetime[14]
      Now listening on: http://unix:/tmp/ilpp.sock-8e16111b622e4d5ea6b5ecc926298bfd
[40m[32minfo[39m[22m[49m: Microsoft.Hosting.Lifetime[0]
      Application started. Press Ctrl+C to shut down.
[40m[32minfo[39m[22m[49m: Microsoft.Hosting.Lifetime[0]
      Hosting environment: Production
[40m[32minfo[39m[22m[49m: Microsoft.Hosting.Lifetime[0]
      Content root path: /Users/guribbong/code/Argus/unity/EmbodiedDebate/
[40m[32minfo[39m[22m[49m: Microsoft.AspNetCore.Hosting.Diagnostics[1]
      Request starting HTTP/2 POST http://ilpp/UnityILPP.PostProcessing/Ping application/grpc -
[40m[32minfo[39m[22m[49m: Microsoft.AspNetCore.Routing.EndpointMiddleware[0]
      Executing endpoint 'gRPC - /UnityILPP.PostProcessing/Ping'
[40m[32minfo[39m[22m[49m: Microsoft.AspNetCore.Routing.EndpointMiddleware[1]
      Executed endpoint 'gRPC - /UnityILPP.PostProcessing/Ping'
[40m[32minfo[39m[22m[49m: Microsoft.AspNetCore.Hosting.Diagnostics[2]
      Request finished HTTP/2 POST http://ilpp/UnityILPP.PostProcessing/Ping application/grpc - - 200 - application/grpc 111.9476ms
Starting: /Applications/Unity/Hub/Editor/2022.3.0f1/Unity.app/Contents/bee_backend --dont-print-to-structured-log --ipc --defer-dag-verification --dagfile="Library/Bee/200b0aE.dag" --continue-on-failure --profile="Library/Bee/backend1.traceevents" ScriptAssemblies
WorkingDir: /Users/guribbong/code/Argus/unity/EmbodiedDebate
DisplayProgressbar: Compiling Scripts
[40m[32minfo[39m[22m[49m: Microsoft.AspNetCore.Hosting.Diagnostics[1]
      Request starting HTTP/2 POST http://ilpp/UnityILPP.PostProcessing/ConfigurePostProcessors application/grpc -
[40m[32minfo[39m[22m[49m: Microsoft.AspNetCore.Routing.EndpointMiddleware[0]
      Executing endpoint 'gRPC - /UnityILPP.PostProcessing/ConfigurePostProcessors'
[40m[1m[33mwarn[39m[22m[49m: Unity.ILPP.Runner.PostProcessingAssemblyLoadContext[0]
      Assembly system.runtime.interopservices.windowsruntime has duplicate hint path. Ignoring "/Applications/Unity/Hub/Editor/2022.3.0f1/Unity.app/Contents/UnityReferenceAssemblies/unity-4.8-api/Facades/System.Runtime.InteropServices.WindowsRuntime.dll" in favor of "/Applications/Unity/Hub/Editor/2022.3.0f1/Unity.app/Contents/NetStandard/Extensions/2.0.0/System.Runtime.InteropServices.WindowsRuntime.dll"
[40m[1m[33mwarn[39m[22m[49m: Unity.ILPP.Runner.PostProcessingAssemblyLoadContext[0]
      Assembly system.componentmodel.composition has duplicate hint path. Ignoring "/Applications/Unity/Hub/Editor/2022.3.0f1/Unity.app/Contents/UnityReferenceAssemblies/unity-4.8-api/System.ComponentModel.Composition.dll" in favor of "/Applications/Unity/Hub/Editor/2022.3.0f1/Unity.app/Contents/NetStandard/compat/2.1.0/shims/netfx/System.ComponentModel.Composition.dll"
[40m[32minfo[39m[22m[49m: Unity.ILPP.Runner.PostProcessingAssemblyLoadContext[0]
      Resolved Unity.Burst.Cecil, Version=0.11.4.0, Culture=neutral, PublicKeyToken=50cebf1cceb9d05e with Library/PackageCache/com.unity.burst@1.8.4/Unity.Burst.CodeGen/Unity.Burst.Cecil.dll
[40m[32minfo[39m[22m[49m: Microsoft.AspNetCore.Routing.EndpointMiddleware[1]
      Executed endpoint 'gRPC - /UnityILPP.PostProcessing/ConfigurePostProcessors'
[40m[32minfo[39m[22m[49m: Microsoft.AspNetCore.Hosting.Diagnostics[2]
      Request finished HTTP/2 POST http://ilpp/UnityILPP.PostProcessing/ConfigurePostProcessors application/grpc - - 200 - application/grpc 32.7474ms
ExitCode: 0 Duration: 0s416ms
[199/239    0s] ILPP-Configuration Library/ilpp-configuration.nevergeneratedoutput
*** Tundra build success (0.35 seconds), 1 items updated, 239 evaluated
Total cache size 13674288
Total cache size after purge 13674288
AssetDatabase: script compilation time: 1.802932s
Begin MonoManager ReloadAssembly
Symbol file LoadedFromMemory is not a mono symbol file
- Loaded All Assemblies, in  0.542 seconds
Refreshing native plugins compatible for Editor in 0.70 ms, found 0 plugins.
Preloading 0 native plugins for Editor in 0.00 ms.
Refreshing native plugins compatible for Editor in 2.27 ms, found 0 plugins.
Native extension for OSXStandalone target not found
Mono: successfully reloaded assembly
- Finished resetting the current domain, in  2.585 seconds
Domain Reload Profiling: 3131ms
	BeginReloadAssembly (179ms)
		ExecutionOrderSort (0ms)
		DisableScriptedObjects (4ms)
		BackupInstance (0ms)
		ReleaseScriptingObjects (0ms)
		CreateAndSetChildDomain (41ms)
	RebuildCommonClasses (34ms)
	RebuildNativeTypeToScriptingClass (11ms)
	initialDomainReloadingComplete (23ms)
	LoadAllAssembliesAndSetupDomain (296ms)
		LoadAssemblies (220ms)
		RebuildTransferFunctionScriptingTraits (0ms)
		AnalyzeDomain (171ms)
			TypeCache.Refresh (165ms)
				TypeCache.ScanAssembly (157ms)
			ScanForSourceGeneratedMonoScriptInfo (4ms)
			ResolveRequiredComponents (2ms)
	FinalizeReload (2587ms)
		ReleaseScriptCaches (0ms)
		RebuildScriptCaches (0ms)
		SetupLoadedEditorAssemblies (2438ms)
			LogAssemblyErrors (0ms)
			InitializePlatformSupportModulesInManaged (4ms)
			SetLoadedEditorAssemblies (9ms)
			RefreshPlugins (0ms)
			BeforeProcessingInitializeOnLoad (47ms)
			ProcessInitializeOnLoadAttributes (2326ms)
			ProcessInitializeOnLoadMethodAttributes (50ms)
			AfterProcessingInitializeOnLoad (1ms)
			EditorAssembliesLoaded (0ms)
		ExecutionOrderSort2 (0ms)
		AwakeInstancesAfterBackupRestoration (5ms)
Asset Pipeline Refresh (id=9aa9ed6a7cbfd4ed4bd075f50d921d8a): Total: 5.940 seconds - Initiated by InitialRefreshV2(ForceSynchronousImport)
	Summary:
		Imports: total=4 (actual=0, local cache=4, cache server=0)
		Asset DB Process Time: managed=0 ms, native=930 ms
		Asset DB Callback time: managed=45 ms, native=0 ms
		Scripting: domain reloads=1, domain reload time=3151 ms, compile time=1803 ms, other=8 ms
		Project Asset Count: scripts=1026, non-scripts=623
		Asset File Changes: new=0, changed=0, moved=0, deleted=0
		Scan Filter Count: 1
	InvokeBeforeRefreshCallbacks: 0.697ms
	ApplyChangesToAssetFolders: 0.013ms
	Scan: 311.204ms
	OnSourceAssetsModified: 0.002ms
	GetAllGuidsForCategorization: 0.146ms
	CategorizeAssets: 84.083ms
	ImportOutOfDateAssets: 2604.753ms (796.385ms without children)
		CompileScripts: 1803.028ms
		ReloadNativeAssets: 0.000ms
		UnloadImportedAssets: 3.932ms
		EnsureUptoDateAssetsAreRegisteredWithGuidPM: 0.460ms
		InitializingProgressBar: 0.000ms
		PostProcessAllAssetNotificationsAddChangedAssets: 0.000ms
		OnDemandSchedulerStart: 0.947ms
	PostProcessAllAssets: 45.690ms
	GatherAllCurrentPrimaryArtifactRevisions: 0.000ms
	UnloadStreamsBegin: 0.452ms
	PersistCurrentRevisions: 0.060ms
	UnloadStreamsEnd: 0.005ms
	GenerateScriptTypeHashes: 1.149ms
	Untracked: 2892.633ms
Application.AssetDatabase Initial Refresh End
Launching external process: /Applications/Unity/Hub/Editor/2022.3.0f1/Unity.app/Contents/Tools/UnityShaderCompiler
Launched and connected shader compiler UnityShaderCompiler after 0.58 seconds
Scanning for USB devices : 0.318ms
Initializing Unity extensions:
[Licensing::Client] Successfully resolved entitlements
[MODES] ModeService[none].Initialize
[MODES] ModeService[none].LoadModes
[MODES] Loading mode Default (0) for mode-current-id-EmbodiedDebate
ProgressiveSceneManager::Cancel()
Unloading 3 Unused Serialized files (Serialized files now loaded: 0)
Unloading 35 unused Assets / (375.5 KB). Loaded Objects now: 1339.
Memory consumption went from 93.7 MB to 93.3 MB.
Total: 6.255000 ms (FindLiveObjects: 0.468584 ms CreateObjectMapping: 0.060542 ms MarkObjects: 4.823208 ms  DeleteObjects: 0.902125 ms)

Asset Pipeline Refresh (id=d46994fb76a7b4faaa2cd4856f9f2bb8): Total: 0.072 seconds - Initiated by RefreshV2(NoUpdateAssetOptions)
Start importing Assets/ThirdParty/StylooClassroomAssetPack/StylooClassroomAssetPack GLTF & FBX/classroom/GLTF/wallsfloor.glb using Guid(95d4331adf82140bbb5c243cad6bfa64) Importer(-1,00000000000000000000000000000000)  -> (artifact id: '2f4597164da06dcd23f707636f81de45') in 0.159925 seconds
Refreshing native plugins compatible for Editor in 2.65 ms, found 0 plugins.
Preloading 0 native plugins for Editor in 0.00 ms.
Asset Pipeline Refresh (id=69c5d4b3835d84dccb0207c7a752d105): Total: 0.221 seconds - Initiated by StopAssetImportingV2(NoUpdateAssetOptions)
HideAndSeekDesignBuilder: GLTF asset wallsfloor.glb, importer=GLTFast.Editor.GltfImporter, gameObjectLoaded=True
UnityEngine.StackTraceUtility:ExtractStackTrace () (at /Users/bokken/build/output/unity/unity/Runtime/Export/Scripting/StackTrace.cs:37)
UnityEngine.DebugLogHandler:LogFormat (UnityEngine.LogType,UnityEngine.Object,string,object[])
UnityEngine.Logger:Log (UnityEngine.LogType,object)
UnityEngine.Debug:Log (object)
ArgusUnity.Editor.HideAndSeekDesignBuilder:EnsureGltfClassroomImports () (at Assets/Editor/HideAndSeekDesignBuilder.cs:102)
ArgusUnity.Editor.HideAndSeekDesignBuilder:BuildScene () (at Assets/Editor/HideAndSeekDesignBuilder.cs:40)
ArgusUnity.Editor.HideAndSeekDesignBuilder:OpenSceneInPlayMode () (at Assets/Editor/HideAndSeekDesignBuilder.cs:80)

(Filename: Assets/Editor/HideAndSeekDesignBuilder.cs Line: 102)

Start importing Assets/ThirdParty/StylooClassroomAssetPack/StylooClassroomAssetPack GLTF & FBX/classroom/GLTF/table.glb using Guid(0fac535ef0639442ea3d608d5efbaf9b) Importer(-1,00000000000000000000000000000000)  -> (artifact id: '0a8cc223b14d120b3f35fefb97523cfd') in 0.013459 seconds
Refreshing native plugins compatible for Editor in 1.15 ms, found 0 plugins.
Preloading 0 native plugins for Editor in 0.00 ms.
Asset Pipeline Refresh (id=762af2017880b482fad990ed50ffebfe): Total: 0.038 seconds - Initiated by StopAssetImportingV2(NoUpdateAssetOptions)
HideAndSeekDesignBuilder: GLTF asset table.glb, importer=GLTFast.Editor.GltfImporter, gameObjectLoaded=True
UnityEngine.StackTraceUtility:ExtractStackTrace () (at /Users/bokken/build/output/unity/unity/Runtime/Export/Scripting/StackTrace.cs:37)
UnityEngine.DebugLogHandler:LogFormat (UnityEngine.LogType,UnityEngine.Object,string,object[])
UnityEngine.Logger:Log (UnityEngine.LogType,object)
UnityEngine.Debug:Log (object)
ArgusUnity.Editor.HideAndSeekDesignBuilder:EnsureGltfClassroomImports () (at Assets/Editor/HideAndSeekDesignBuilder.cs:102)
ArgusUnity.Editor.HideAndSeekDesignBuilder:BuildScene () (at Assets/Editor/HideAndSeekDesignBuilder.cs:40)
ArgusUnity.Editor.HideAndSeekDesignBuilder:OpenSceneInPlayMode () (at Assets/Editor/HideAndSeekDesignBuilder.cs:80)

(Filename: Assets/Editor/HideAndSeekDesignBuilder.cs Line: 102)

Start importing Assets/ThirdParty/StylooClassroomAssetPack/StylooClassroomAssetPack GLTF & FBX/classroom/GLTF/desk.glb using Guid(0efed4ee7808840d3b57c7df53106661) Importer(-1,00000000000000000000000000000000)  -> (artifact id: 'b763c2214533a676cae910b2f21ee7f4') in 0.008718 seconds
Refreshing native plugins compatible for Editor in 0.65 ms, found 0 plugins.
Preloading 0 native plugins for Editor in 0.00 ms.
Asset Pipeline Refresh (id=e23a10047c86b473f9f9e1863f17e7d6): Total: 0.040 seconds - Initiated by StopAssetImportingV2(NoUpdateAssetOptions)
HideAndSeekDesignBuilder: GLTF asset desk.glb, importer=GLTFast.Editor.GltfImporter, gameObjectLoaded=True
UnityEngine.StackTraceUtility:ExtractStackTrace () (at /Users/bokken/build/output/unity/unity/Runtime/Export/Scripting/StackTrace.cs:37)
UnityEngine.DebugLogHandler:LogFormat (UnityEngine.LogType,UnityEngine.Object,string,object[])
UnityEngine.Logger:Log (UnityEngine.LogType,object)
UnityEngine.Debug:Log (object)
ArgusUnity.Editor.HideAndSeekDesignBuilder:EnsureGltfClassroomImports () (at Assets/Editor/HideAndSeekDesignBuilder.cs:102)
ArgusUnity.Editor.HideAndSeekDesignBuilder:BuildScene () (at Assets/Editor/HideAndSeekDesignBuilder.cs:40)
ArgusUnity.Editor.HideAndSeekDesignBuilder:OpenSceneInPlayMode () (at Assets/Editor/HideAndSeekDesignBuilder.cs:80)

(Filename: Assets/Editor/HideAndSeekDesignBuilder.cs Line: 102)

Start importing Assets/Project/Resources/Animations/FBXTurns/Right Turn 90.fbx using Guid(82cc6131a0e2f4d71a2a3455b84d0688) Importer(-1,00000000000000000000000000000000)  -> (artifact id: 'feabab098f753e4c57d5cc7bbc737f41') in 0.352447 seconds
Refreshing native plugins compatible for Editor in 0.82 ms, found 0 plugins.
Preloading 0 native plugins for Editor in 0.00 ms.
Asset Pipeline Refresh (id=e9474c615e75744c8b5240abf730f79c): Total: 0.501 seconds - Initiated by StopAssetImportingV2(NoUpdateAssetOptions)
	Summary:
		Imports: total=1 (actual=1, local cache=0, cache server=0)
		Asset DB Process Time: managed=35 ms, native=336 ms
		Asset DB Callback time: managed=118 ms, native=10 ms
		Scripting: domain reloads=0, domain reload time=0 ms, compile time=0 ms, other=0 ms
		Project Asset Count: scripts=1026, non-scripts=623
		Asset File Changes: new=0, changed=0, moved=0, deleted=0
		Scan Filter Count: 6
	InvokeBeforeRefreshCallbacks: 0.000ms
	ApplyChangesToAssetFolders: 0.014ms
	Scan: 1.141ms
	OnSourceAssetsModified: 0.000ms
	GetAllGuidsForCategorization: 0.048ms
	CategorizeAssets: 0.582ms
	ImportOutOfDateAssets: 354.504ms (0.188ms without children)
		ImportManagerImport: 353.747ms (0.291ms without children)
			ImportInProcess: 353.430ms
			UpdateCategorizedAssets: 0.026ms
		UnloadImportedAssets: 0.008ms
		ReloadImportedAssets: 0.000ms
		EnsureUptoDateAssetsAreRegisteredWithGuidPM: 0.201ms
		InitializingProgressBar: 0.004ms
		PostProcessAllAssetNotificationsAddChangedAssets: 0.000ms
		OnDemandSchedulerStart: 0.356ms
	PostProcessAllAssets: 121.912ms
	Hotreload: 7.041ms
	GatherAllCurrentPrimaryArtifactRevisions: 0.055ms
	UnloadStreamsBegin: 0.037ms
	PersistCurrentRevisions: 0.059ms
	UnloadStreamsEnd: 0.004ms
	Untracked: 15.925ms
HideAndSeekDesignBuilder: FBX turn animation role=right-90, asset=Right Turn 90.fbx, importedClips=1, minus2MeansLeft=False
UnityEngine.StackTraceUtility:ExtractStackTrace () (at /Users/bokken/build/output/unity/unity/Runtime/Export/Scripting/StackTrace.cs:37)
UnityEngine.DebugLogHandler:LogFormat (UnityEngine.LogType,UnityEngine.Object,string,object[])
UnityEngine.Logger:Log (UnityEngine.LogType,object)
UnityEngine.Debug:Log (object)
ArgusUnity.Editor.HideAndSeekDesignBuilder:EnsureTurnAnimationImports () (at Assets/Editor/HideAndSeekDesignBuilder.cs:164)
ArgusUnity.Editor.HideAndSeekDesignBuilder:BuildScene () (at Assets/Editor/HideAndSeekDesignBuilder.cs:41)
ArgusUnity.Editor.HideAndSeekDesignBuilder:OpenSceneInPlayMode () (at Assets/Editor/HideAndSeekDesignBuilder.cs:80)

(Filename: Assets/Editor/HideAndSeekDesignBuilder.cs Line: 164)

Start importing Assets/Project/Resources/Animations/FBXTurns/Right Turn 90-2.fbx using Guid(1170e0a4254694dcc89393ce7f5d98cf) Importer(-1,00000000000000000000000000000000)  -> (artifact id: '8d61fcf8d2f8e7fd33a95a6898d1a496') in 0.540628 seconds
Refreshing native plugins compatible for Editor in 0.99 ms, found 0 plugins.
Preloading 0 native plugins for Editor in 0.00 ms.
Asset Pipeline Refresh (id=43485b5826480408bbaa2c15f0bc66d6): Total: 0.573 seconds - Initiated by StopAssetImportingV2(NoUpdateAssetOptions)
	Summary:
		Imports: total=1 (actual=1, local cache=0, cache server=0)
		Asset DB Process Time: managed=184 ms, native=377 ms
		Asset DB Callback time: managed=6 ms, native=5 ms
		Scripting: domain reloads=0, domain reload time=0 ms, compile time=0 ms, other=0 ms
		Project Asset Count: scripts=1026, non-scripts=623
		Asset File Changes: new=0, changed=0, moved=0, deleted=0
		Scan Filter Count: 6
	InvokeBeforeRefreshCallbacks: 0.001ms
	ApplyChangesToAssetFolders: 0.023ms
	Scan: 1.228ms
	OnSourceAssetsModified: 0.000ms
	GetAllGuidsForCategorization: 0.044ms
	CategorizeAssets: 0.492ms
	ImportOutOfDateAssets: 545.306ms (0.151ms without children)
		ImportManagerImport: 544.331ms (0.376ms without children)
			ImportInProcess: 543.904ms
			UpdateCategorizedAssets: 0.050ms
		ReloadNativeAssets: 0.000ms
		UnloadImportedAssets: 0.006ms
		ReloadImportedAssets: 0.000ms
		EnsureUptoDateAssetsAreRegisteredWithGuidPM: 0.198ms
		InitializingProgressBar: 0.005ms
		PostProcessAllAssetNotificationsAddChangedAssets: 0.000ms
		OnDemandSchedulerStart: 0.614ms
	PostProcessAllAssets: 7.410ms
	Hotreload: 4.109ms
	GatherAllCurrentPrimaryArtifactRevisions: 0.450ms
	UnloadStreamsBegin: 0.072ms
	PersistCurrentRevisions: 0.059ms
	UnloadStreamsEnd: 0.041ms
	Untracked: 13.796ms
HideAndSeekDesignBuilder: FBX turn animation role=left-90-from-minus-2, asset=Right Turn 90-2.fbx, importedClips=1, minus2MeansLeft=True
UnityEngine.StackTraceUtility:ExtractStackTrace () (at /Users/bokken/build/output/unity/unity/Runtime/Export/Scripting/StackTrace.cs:37)
UnityEngine.DebugLogHandler:LogFormat (UnityEngine.LogType,UnityEngine.Object,string,object[])
UnityEngine.Logger:Log (UnityEngine.LogType,object)
UnityEngine.Debug:Log (object)
ArgusUnity.Editor.HideAndSeekDesignBuilder:EnsureTurnAnimationImports () (at Assets/Editor/HideAndSeekDesignBuilder.cs:164)
ArgusUnity.Editor.HideAndSeekDesignBuilder:BuildScene () (at Assets/Editor/HideAndSeekDesignBuilder.cs:41)
ArgusUnity.Editor.HideAndSeekDesignBuilder:OpenSceneInPlayMode () (at Assets/Editor/HideAndSeekDesignBuilder.cs:80)

(Filename: Assets/Editor/HideAndSeekDesignBuilder.cs Line: 164)

Start importing Assets/Project/Resources/Animations/FBXTurns/Happy Right Turn.fbx using Guid(1be269054e1384c259b5d79fb375c6f8) Importer(-1,00000000000000000000000000000000)  -> (artifact id: '0a4304117256efcf441b8ff80be9248b') in 0.356033 seconds
Refreshing native plugins compatible for Editor in 1.45 ms, found 0 plugins.
Preloading 0 native plugins for Editor in 0.00 ms.
Asset Pipeline Refresh (id=45893315e40ef4215a2705dda70595ee): Total: 0.388 seconds - Initiated by StopAssetImportingV2(NoUpdateAssetOptions)
	Summary:
		Imports: total=1 (actual=1, local cache=0, cache server=0)
		Asset DB Process Time: managed=0 ms, native=376 ms
		Asset DB Callback time: managed=4 ms, native=6 ms
		Scripting: domain reloads=0, domain reload time=0 ms, compile time=0 ms, other=0 ms
		Project Asset Count: scripts=1026, non-scripts=623
		Asset File Changes: new=0, changed=0, moved=0, deleted=0
		Scan Filter Count: 6
	InvokeBeforeRefreshCallbacks: 0.001ms
	ApplyChangesToAssetFolders: 0.027ms
	Scan: 2.523ms
	OnSourceAssetsModified: 0.000ms
	GetAllGuidsForCategorization: 0.063ms
	CategorizeAssets: 1.075ms
	ImportOutOfDateAssets: 358.115ms (0.133ms without children)
		ImportManagerImport: 357.178ms (0.147ms without children)
			ImportInProcess: 357.011ms
			UpdateCategorizedAssets: 0.020ms
		ReloadNativeAssets: 0.000ms
		UnloadImportedAssets: 0.011ms
		ReloadImportedAssets: 0.000ms
		EnsureUptoDateAssetsAreRegisteredWithGuidPM: 0.198ms
		InitializingProgressBar: 0.004ms
		PostProcessAllAssetNotificationsAddChangedAssets: 0.000ms
		OnDemandSchedulerStart: 0.591ms
	PostProcessAllAssets: 6.474ms
	Hotreload: 4.547ms
	GatherAllCurrentPrimaryArtifactRevisions: 0.316ms
	UnloadStreamsBegin: 0.067ms
	PersistCurrentRevisions: 0.059ms
	UnloadStreamsEnd: 0.005ms
	Untracked: 14.772ms
HideAndSeekDesignBuilder: FBX turn animation role=happy-right, asset=Happy Right Turn.fbx, importedClips=1, minus2MeansLeft=False
UnityEngine.StackTraceUtility:ExtractStackTrace () (at /Users/bokken/build/output/unity/unity/Runtime/Export/Scripting/StackTrace.cs:37)
UnityEngine.DebugLogHandler:LogFormat (UnityEngine.LogType,UnityEngine.Object,string,object[])
UnityEngine.Logger:Log (UnityEngine.LogType,object)
UnityEngine.Debug:Log (object)
ArgusUnity.Editor.HideAndSeekDesignBuilder:EnsureTurnAnimationImports () (at Assets/Editor/HideAndSeekDesignBuilder.cs:164)
ArgusUnity.Editor.HideAndSeekDesignBuilder:BuildScene () (at Assets/Editor/HideAndSeekDesignBuilder.cs:41)
ArgusUnity.Editor.HideAndSeekDesignBuilder:OpenSceneInPlayMode () (at Assets/Editor/HideAndSeekDesignBuilder.cs:80)

(Filename: Assets/Editor/HideAndSeekDesignBuilder.cs Line: 164)

Start importing Assets/Project/Resources/Animations/FBXTurns/Happy Right Turn-2.fbx using Guid(61038be6e25984c94a7ef50954a36c5b) Importer(-1,00000000000000000000000000000000)  -> (artifact id: '7980855351221ddbb29ef1dfd101f7f5') in 0.405160 seconds
Refreshing native plugins compatible for Editor in 1.97 ms, found 0 plugins.
Preloading 0 native plugins for Editor in 0.00 ms.
Asset Pipeline Refresh (id=1f8d82877b45e45b2a65ad5a2c967c2a): Total: 0.444 seconds - Initiated by StopAssetImportingV2(NoUpdateAssetOptions)
	Summary:
		Imports: total=1 (actual=1, local cache=0, cache server=0)
		Asset DB Process Time: managed=3 ms, native=423 ms
		Asset DB Callback time: managed=9 ms, native=7 ms
		Scripting: domain reloads=0, domain reload time=0 ms, compile time=0 ms, other=0 ms
		Project Asset Count: scripts=1026, non-scripts=623
		Asset File Changes: new=0, changed=0, moved=0, deleted=0
		Scan Filter Count: 6
	InvokeBeforeRefreshCallbacks: 0.000ms
	ApplyChangesToAssetFolders: 0.018ms
	Scan: 1.035ms
	OnSourceAssetsModified: 0.000ms
	GetAllGuidsForCategorization: 0.068ms
	CategorizeAssets: 0.554ms
	ImportOutOfDateAssets: 411.014ms (0.255ms without children)
		ImportManagerImport: 409.452ms (0.589ms without children)
			ImportInProcess: 408.787ms
			UpdateCategorizedAssets: 0.077ms
		ReloadNativeAssets: 0.000ms
		UnloadImportedAssets: 0.014ms
		ReloadImportedAssets: 0.001ms
		EnsureUptoDateAssetsAreRegisteredWithGuidPM: 0.241ms
		InitializingProgressBar: 0.005ms
		PostProcessAllAssetNotificationsAddChangedAssets: 0.000ms
		OnDemandSchedulerStart: 1.046ms
	PostProcessAllAssets: 12.007ms
	Hotreload: 4.914ms
	GatherAllCurrentPrimaryArtifactRevisions: 0.077ms
	UnloadStreamsBegin: 0.053ms
	PersistCurrentRevisions: 0.066ms
	UnloadStreamsEnd: 0.005ms
	Untracked: 14.346ms
HideAndSeekDesignBuilder: FBX turn animation role=happy-left-from-minus-2, asset=Happy Right Turn-2.fbx, importedClips=1, minus2MeansLeft=True
UnityEngine.StackTraceUtility:ExtractStackTrace () (at /Users/bokken/build/output/unity/unity/Runtime/Export/Scripting/StackTrace.cs:37)
UnityEngine.DebugLogHandler:LogFormat (UnityEngine.LogType,UnityEngine.Object,string,object[])
UnityEngine.Logger:Log (UnityEngine.LogType,object)
UnityEngine.Debug:Log (object)
ArgusUnity.Editor.HideAndSeekDesignBuilder:EnsureTurnAnimationImports () (at Assets/Editor/HideAndSeekDesignBuilder.cs:164)
ArgusUnity.Editor.HideAndSeekDesignBuilder:BuildScene () (at Assets/Editor/HideAndSeekDesignBuilder.cs:41)
ArgusUnity.Editor.HideAndSeekDesignBuilder:OpenSceneInPlayMode () (at Assets/Editor/HideAndSeekDesignBuilder.cs:80)

(Filename: Assets/Editor/HideAndSeekDesignBuilder.cs Line: 164)

Start importing Assets/Project/Resources/Animations/Locomotion/Walking-2.fbx using Guid(f2ed7a64c18074ecfa681f4713b3f10d) Importer(-1,00000000000000000000000000000000)  -> (artifact id: 'b91607e58ee3dd60a967e18e37cfeb9e') in 0.458134 seconds
Refreshing native plugins compatible for Editor in 0.76 ms, found 0 plugins.
Preloading 0 native plugins for Editor in 0.00 ms.
Asset Pipeline Refresh (id=547d5948f3bd74ba587d0a12c2f0b499): Total: 0.514 seconds - Initiated by StopAssetImportingV2(NoUpdateAssetOptions)
	Summary:
		Imports: total=1 (actual=1, local cache=0, cache server=0)
		Asset DB Process Time: managed=3 ms, native=493 ms
		Asset DB Callback time: managed=7 ms, native=9 ms
		Scripting: domain reloads=0, domain reload time=0 ms, compile time=0 ms, other=0 ms
		Project Asset Count: scripts=1026, non-scripts=623
		Asset File Changes: new=0, changed=0, moved=0, deleted=0
		Scan Filter Count: 6
	InvokeBeforeRefreshCallbacks: 0.000ms
	ApplyChangesToAssetFolders: 0.024ms
	Scan: 1.770ms
	OnSourceAssetsModified: 0.001ms
	GetAllGuidsForCategorization: 0.051ms
	CategorizeAssets: 1.572ms
	ImportOutOfDateAssets: 467.519ms (4.391ms without children)
		ImportManagerImport: 461.551ms (0.356ms without children)
			ImportInProcess: 461.154ms
			UpdateCategorizedAssets: 0.041ms
		ReloadNativeAssets: 0.001ms
		UnloadImportedAssets: 0.010ms
		ReloadImportedAssets: 0.000ms
		EnsureUptoDateAssetsAreRegisteredWithGuidPM: 0.335ms
		InitializingProgressBar: 0.005ms
		PostProcessAllAssetNotificationsAddChangedAssets: 0.000ms
		OnDemandSchedulerStart: 1.226ms
	PostProcessAllAssets: 14.551ms
	Hotreload: 2.454ms
	GatherAllCurrentPrimaryArtifactRevisions: 0.100ms
	UnloadStreamsBegin: 0.046ms
	PersistCurrentRevisions: 0.094ms
	UnloadStreamsEnd: 0.006ms
	Untracked: 25.427ms
Start importing Assets/Project/Resources/Animations/Locomotion/Walking-2.fbx using Guid(f2ed7a64c18074ecfa681f4713b3f10d) Importer(-1,00000000000000000000000000000000)  -> (artifact id: 'b91607e58ee3dd60a967e18e37cfeb9e') in 0.260079 seconds
Refreshing native plugins compatible for Editor in 1.60 ms, found 0 plugins.
Preloading 0 native plugins for Editor in 0.00 ms.
Asset Pipeline Refresh (id=75db4aff834ca4b29bc6ed0431e75886): Total: 0.333 seconds - Initiated by StopAssetImportingV2(NoUpdateAssetOptions)
	Summary:
		Imports: total=1 (actual=1, local cache=0, cache server=0)
		Asset DB Process Time: managed=1 ms, native=285 ms
		Asset DB Callback time: managed=41 ms, native=4 ms
		Scripting: domain reloads=0, domain reload time=0 ms, compile time=0 ms, other=0 ms
		Project Asset Count: scripts=1026, non-scripts=623
		Asset File Changes: new=0, changed=0, moved=0, deleted=0
		Scan Filter Count: 6
	InvokeBeforeRefreshCallbacks: 0.004ms
	ApplyChangesToAssetFolders: 0.070ms
	Scan: 1.963ms
	OnSourceAssetsModified: 0.000ms
	GetAllGuidsForCategorization: 0.058ms
	CategorizeAssets: 0.795ms
	ImportOutOfDateAssets: 264.324ms (-1.237ms without children)
		ImportManagerImport: 263.458ms (2.080ms without children)
			ImportInProcess: 261.354ms
			UpdateCategorizedAssets: 0.024ms
		ReloadNativeAssets: 0.000ms
		UnloadImportedAssets: 0.101ms
		ReloadImportedAssets: 1.446ms
		EnsureUptoDateAssetsAreRegisteredWithGuidPM: 0.218ms
		InitializingProgressBar: 0.003ms
		PostProcessAllAssetNotificationsAddChangedAssets: 0.000ms
		OnDemandSchedulerStart: 0.335ms
	PostProcessAllAssets: 41.618ms
	Hotreload: 4.112ms
	GatherAllCurrentPrimaryArtifactRevisions: 0.433ms
	UnloadStreamsBegin: 0.084ms
	PersistCurrentRevisions: 0.061ms
	UnloadStreamsEnd: 0.005ms
	Untracked: 18.978ms
HideAndSeekDesignBuilder: humanoid animation import asset=Walking-2.fbx, clip=Walk_InPlace, loop=True, avatarValid=True, avatarHuman=True.
UnityEngine.StackTraceUtility:ExtractStackTrace () (at /Users/bokken/build/output/unity/unity/Runtime/Export/Scripting/StackTrace.cs:37)
UnityEngine.DebugLogHandler:LogFormat (UnityEngine.LogType,UnityEngine.Object,string,object[])
UnityEngine.Logger:Log (UnityEngine.LogType,object)
UnityEngine.Debug:Log (object)
ArgusUnity.Editor.HideAndSeekDesignBuilder:ConfigureHumanoidAnimation (string,string,bool) (at Assets/Editor/HideAndSeekDesignBuilder.cs:249)
ArgusUnity.Editor.HideAndSeekDesignBuilder:EnsureLocomotionAnimationImports () (at Assets/Editor/HideAndSeekDesignBuilder.cs:199)
ArgusUnity.Editor.HideAndSeekDesignBuilder:BuildScene () (at Assets/Editor/HideAndSeekDesignBuilder.cs:42)
ArgusUnity.Editor.HideAndSeekDesignBuilder:OpenSceneInPlayMode () (at Assets/Editor/HideAndSeekDesignBuilder.cs:80)

(Filename: Assets/Editor/HideAndSeekDesignBuilder.cs Line: 249)

Start importing Assets/Project/Resources/UserModels/Idle.fbx using Guid(3cef4c5e4db924e9cb5ca8890eae77de) Importer(-1,00000000000000000000000000000000)  -> (artifact id: '1d66e0bcf2fd9720e2c0d9f676e8cea1') in 0.418570 seconds
Refreshing native plugins compatible for Editor in 1.60 ms, found 0 plugins.
Preloading 0 native plugins for Editor in 0.00 ms.
Asset Pipeline Refresh (id=66f822f1e89254125a7ded805f9b42a6): Total: 0.465 seconds - Initiated by StopAssetImportingV2(NoUpdateAssetOptions)
	Summary:
		Imports: total=1 (actual=1, local cache=0, cache server=0)
		Asset DB Process Time: managed=3 ms, native=439 ms
		Asset DB Callback time: managed=14 ms, native=6 ms
		Scripting: domain reloads=0, domain reload time=0 ms, compile time=0 ms, other=0 ms
		Project Asset Count: scripts=1026, non-scripts=623
		Asset File Changes: new=0, changed=0, moved=0, deleted=0
		Scan Filter Count: 5
	InvokeBeforeRefreshCallbacks: 0.000ms
	ApplyChangesToAssetFolders: 0.015ms
	Scan: 0.947ms
	OnSourceAssetsModified: 0.000ms
	GetAllGuidsForCategorization: 0.043ms
	CategorizeAssets: 0.468ms
	ImportOutOfDateAssets: 425.326ms (0.218ms without children)
		ImportManagerImport: 421.840ms (0.884ms without children)
			ImportInProcess: 420.873ms
			UpdateCategorizedAssets: 0.083ms
		UnloadImportedAssets: 0.007ms
		ReloadImportedAssets: 0.000ms
		EnsureUptoDateAssetsAreRegisteredWithGuidPM: 0.225ms
		InitializingProgressBar: 0.004ms
		PostProcessAllAssetNotificationsAddChangedAssets: 0.000ms
		OnDemandSchedulerStart: 3.032ms
	PostProcessAllAssets: 17.366ms
	Hotreload: 4.543ms
	GatherAllCurrentPrimaryArtifactRevisions: 0.054ms
	UnloadStreamsBegin: 0.046ms
	PersistCurrentRevisions: 0.074ms
	UnloadStreamsEnd: 0.005ms
	Untracked: 16.099ms
Start importing Assets/Project/Resources/UserModels/Idle.fbx using Guid(3cef4c5e4db924e9cb5ca8890eae77de) Importer(-1,00000000000000000000000000000000)  -> (artifact id: '1d66e0bcf2fd9720e2c0d9f676e8cea1') in 0.464292 seconds
Refreshing native plugins compatible for Editor in 0.70 ms, found 0 plugins.
Preloading 0 native plugins for Editor in 0.00 ms.
Asset Pipeline Refresh (id=4da2d36f96d834124808c6bf1ce63e57): Total: 0.508 seconds - Initiated by StopAssetImportingV2(NoUpdateAssetOptions)
	Summary:
		Imports: total=1 (actual=1, local cache=0, cache server=0)
		Asset DB Process Time: managed=2 ms, native=498 ms
		Asset DB Callback time: managed=5 ms, native=1 ms
		Scripting: domain reloads=0, domain reload time=0 ms, compile time=0 ms, other=0 ms
		Project Asset Count: scripts=1026, non-scripts=623
		Asset File Changes: new=0, changed=0, moved=0, deleted=0
		Scan Filter Count: 5
	InvokeBeforeRefreshCallbacks: 0.000ms
	ApplyChangesToAssetFolders: 0.020ms
	Scan: 1.255ms
	OnSourceAssetsModified: 0.001ms
	GetAllGuidsForCategorization: 0.058ms
	CategorizeAssets: 0.605ms
	ImportOutOfDateAssets: 480.783ms (-0.934ms without children)
		ImportManagerImport: 467.693ms (2.302ms without children)
			ImportInProcess: 465.306ms
			UpdateCategorizedAssets: 0.085ms
		ReloadNativeAssets: 0.000ms
		UnloadImportedAssets: 0.224ms
		ReloadImportedAssets: 1.476ms
		EnsureUptoDateAssetsAreRegisteredWithGuidPM: 0.359ms
		InitializingProgressBar: 0.005ms
		PostProcessAllAssetNotificationsAddChangedAssets: 0.000ms
		OnDemandSchedulerStart: 11.960ms
	PostProcessAllAssets: 5.971ms
	Hotreload: 1.320ms
	GatherAllCurrentPrimaryArtifactRevisions: 0.081ms
	UnloadStreamsBegin: 0.045ms
	PersistCurrentRevisions: 0.060ms
	UnloadStreamsEnd: 0.006ms
	Untracked: 17.642ms
HideAndSeekDesignBuilder: humanoid animation import asset=Idle.fbx, clip=Idle, loop=True, avatarValid=True, avatarHuman=True.
UnityEngine.StackTraceUtility:ExtractStackTrace () (at /Users/bokken/build/output/unity/unity/Runtime/Export/Scripting/StackTrace.cs:37)
UnityEngine.DebugLogHandler:LogFormat (UnityEngine.LogType,UnityEngine.Object,string,object[])
UnityEngine.Logger:Log (UnityEngine.LogType,object)
UnityEngine.Debug:Log (object)
ArgusUnity.Editor.HideAndSeekDesignBuilder:ConfigureHumanoidAnimation (string,string,bool) (at Assets/Editor/HideAndSeekDesignBuilder.cs:249)
ArgusUnity.Editor.HideAndSeekDesignBuilder:EnsureLocomotionAnimationImports () (at Assets/Editor/HideAndSeekDesignBuilder.cs:203)
ArgusUnity.Editor.HideAndSeekDesignBuilder:BuildScene () (at Assets/Editor/HideAndSeekDesignBuilder.cs:42)
ArgusUnity.Editor.HideAndSeekDesignBuilder:OpenSceneInPlayMode () (at Assets/Editor/HideAndSeekDesignBuilder.cs:80)

(Filename: Assets/Editor/HideAndSeekDesignBuilder.cs Line: 249)

Refreshing native plugins compatible for Editor in 1.83 ms, found 0 plugins.
Preloading 0 native plugins for Editor in 0.00 ms.
Asset Pipeline Refresh (id=4f07bb01c457e4ebfab1998d0e9b3140): Total: 0.089 seconds - Initiated by StopAssetImportingV2(NoUpdateAssetOptions)
Start importing Assets/Project/Resources/Animations/Controllers/MiniBotLocomotion.controller using Guid(ebda5135bdb3d4046b43dbf48b9b966f) Importer(-1,00000000000000000000000000000000)  -> (artifact id: '453c605dc07cd93abac116ec88f7d157') in 0.002775 seconds
Refreshing native plugins compatible for Editor in 0.86 ms, found 0 plugins.
Preloading 0 native plugins for Editor in 0.00 ms.
Asset Pipeline Refresh (id=5163de23c832941558863fab271a8b86): Total: 0.041 seconds - Initiated by StopAssetImportingV2(NoUpdateAssetOptions)
Start importing Assets/Project/Resources/Animations/Controllers/MiniBotLocomotion.controller using Guid(ebda5135bdb3d4046b43dbf48b9b966f) Importer(-1,00000000000000000000000000000000)  -> (artifact id: '328fea25b2b9a0689b6488b6dc347a23') in 0.002925 seconds
Refreshing native plugins compatible for Editor in 1.42 ms, found 0 plugins.
Preloading 0 native plugins for Editor in 0.00 ms.
Asset Pipeline Refresh (id=29f0a8116594c426088d19eaa9287cba): Total: 0.093 seconds - Initiated by StopAssetImportingV2(NoUpdateAssetOptions)
HideAndSeekDesignBuilder: locomotion AnimatorController ready path=Assets/Project/Resources/Animations/Controllers/MiniBotLocomotion.controller, idle=Idle, walk=Walk_InPlace.
UnityEngine.StackTraceUtility:ExtractStackTrace () (at /Users/bokken/build/output/unity/unity/Runtime/Export/Scripting/StackTrace.cs:37)
UnityEngine.DebugLogHandler:LogFormat (UnityEngine.LogType,UnityEngine.Object,string,object[])
UnityEngine.Logger:Log (UnityEngine.LogType,object)
UnityEngine.Debug:Log (object)
ArgusUnity.Editor.HideAndSeekDesignBuilder:EnsureLocomotionAnimatorController () (at Assets/Editor/HideAndSeekDesignBuilder.cs:300)
ArgusUnity.Editor.HideAndSeekDesignBuilder:BuildScene () (at Assets/Editor/HideAndSeekDesignBuilder.cs:43)
ArgusUnity.Editor.HideAndSeekDesignBuilder:OpenSceneInPlayMode () (at Assets/Editor/HideAndSeekDesignBuilder.cs:80)

(Filename: Assets/Editor/HideAndSeekDesignBuilder.cs Line: 300)

HideAndSeekDesignBuilder: mini-bot import animationType=Human, importAnimation=True, avatarValid=True, avatarHuman=True, walkingBones leftFoot=True, rightFoot=True, leftLeg=True, rightLeg=True.
UnityEngine.StackTraceUtility:ExtractStackTrace () (at /Users/bokken/build/output/unity/unity/Runtime/Export/Scripting/StackTrace.cs:37)
UnityEngine.DebugLogHandler:LogFormat (UnityEngine.LogType,UnityEngine.Object,string,object[])
UnityEngine.Logger:Log (UnityEngine.LogType,object)
UnityEngine.Debug:Log (object)
ArgusUnity.Editor.HideAndSeekDesignBuilder:LogMiniBotRigInfo () (at Assets/Editor/HideAndSeekDesignBuilder.cs:846)
ArgusUnity.Editor.HideAndSeekDesignBuilder:BuildScene () (at Assets/Editor/HideAndSeekDesignBuilder.cs:44)
ArgusUnity.Editor.HideAndSeekDesignBuilder:OpenSceneInPlayMode () (at Assets/Editor/HideAndSeekDesignBuilder.cs:80)

(Filename: Assets/Editor/HideAndSeekDesignBuilder.cs Line: 846)

Unloading 0 Unused Serialized files (Serialized files now loaded: 0)
Unloading 419 unused Assets / (84.4 KB). Loaded Objects now: 1339.
Memory consumption went from 102.4 MB to 102.3 MB.
Total: 51.412500 ms (FindLiveObjects: 0.093917 ms CreateObjectMapping: 0.037333 ms MarkObjects: 48.124792 ms  DeleteObjects: 3.155375 ms)

Start importing Assets/Project/Materials/FurnitureCollision.physicMaterial using Guid(4055c0a04dcaa4517a2fc6c986d95402) Importer(-1,00000000000000000000000000000000)  -> (artifact id: '93557a2231481f13710b813665cbb595') in 0.061084 seconds
Start importing Assets/Project/Materials/HideSeekDefenseBlue.mat using Guid(1ab91de9bb9934e9f880738d62def819) Importer(-1,00000000000000000000000000000000)  -> (artifact id: '5393f3c5a3a094310f103cc049b5b045') in 0.003537 seconds
Start importing Assets/Project/Materials/HideSeekAttackRed.mat using Guid(4aa4d8a01259243b6b5dba6db789b200) Importer(-1,00000000000000000000000000000000)  -> (artifact id: '2e7068000da311e85c1b16a61381ad53') in 0.007219 seconds
Refreshing native plugins compatible for Editor in 6.74 ms, found 0 plugins.
Preloading 0 native plugins for Editor in 0.00 ms.
Asset Pipeline Refresh (id=54fd732ce655e4ec9b4af3ae9bff28a2): Total: 0.392 seconds - Initiated by StopAssetImportingV2(NoUpdateAssetOptions)
	Summary:
		Imports: total=3 (actual=3, local cache=0, cache server=0)
		Asset DB Process Time: managed=1 ms, native=350 ms
		Asset DB Callback time: managed=5 ms, native=34 ms
		Scripting: domain reloads=0, domain reload time=0 ms, compile time=0 ms, other=0 ms
		Project Asset Count: scripts=1026, non-scripts=623
		Asset File Changes: new=0, changed=0, moved=0, deleted=0
		Scan Filter Count: 6
	InvokeBeforeRefreshCallbacks: 0.501ms
	ApplyChangesToAssetFolders: 0.466ms
	Scan: 135.271ms
	OnSourceAssetsModified: 0.001ms
	GetAllGuidsForCategorization: 7.177ms
	CategorizeAssets: 3.113ms
	ImportOutOfDateAssets: 139.014ms (5.862ms without children)
		ImportManagerImport: 86.217ms (5.099ms without children)
			ImportInProcess: 81.078ms
			UpdateCategorizedAssets: 0.040ms
		ReloadNativeAssets: 2.545ms
		UnloadImportedAssets: 0.022ms
		ReloadImportedAssets: 0.001ms
		EnsureUptoDateAssetsAreRegisteredWithGuidPM: 0.675ms
		InitializingProgressBar: 0.063ms
		PostProcessAllAssetNotificationsAddChangedAssets: 0.000ms
		OnDemandSchedulerStart: 43.629ms
	PostProcessAllAssets: 20.549ms
	Hotreload: 18.302ms
	GatherAllCurrentPrimaryArtifactRevisions: 1.557ms
	UnloadStreamsBegin: 1.973ms
	PersistCurrentRevisions: 0.093ms
	UnloadStreamsEnd: 0.046ms
	Untracked: 64.345ms
Start importing Assets/Project/Scenes/MiniBotHideAndSeekDesign.unity using Guid(9a4a9106e8b4148eea11b87fdf0edb7b) Importer(-1,00000000000000000000000000000000)  -> (artifact id: '36d0a98363fc7bbf1a5e49e552defbd0') in 0.012928 seconds
Refreshing native plugins compatible for Editor in 0.65 ms, found 0 plugins.
Preloading 0 native plugins for Editor in 0.00 ms.
Asset Pipeline Refresh (id=6f7c3722a7a634cdfb1b0e78d17b52fb): Total: 0.089 seconds - Initiated by StopAssetImportingV2(NoUpdateAssetOptions)
HideAndSeekDesignBuilder: physics setup furnitureColliders=13, staticSchoolroomColliders=5.
UnityEngine.StackTraceUtility:ExtractStackTrace () (at /Users/bokken/build/output/unity/unity/Runtime/Export/Scripting/StackTrace.cs:37)
UnityEngine.DebugLogHandler:LogFormat (UnityEngine.LogType,UnityEngine.Object,string,object[])
UnityEngine.Logger:Log (UnityEngine.LogType,object)
UnityEngine.Debug:Log (object)
ArgusUnity.Editor.HideAndSeekDesignBuilder:BuildScene () (at Assets/Editor/HideAndSeekDesignBuilder.cs:63)
ArgusUnity.Editor.HideAndSeekDesignBuilder:OpenSceneInPlayMode () (at Assets/Editor/HideAndSeekDesignBuilder.cs:80)

(Filename: Assets/Editor/HideAndSeekDesignBuilder.cs Line: 63)

HideAndSeekDesignBuilder: saved Assets/Project/Scenes/MiniBotHideAndSeekDesign.unity
UnityEngine.StackTraceUtility:ExtractStackTrace () (at /Users/bokken/build/output/unity/unity/Runtime/Export/Scripting/StackTrace.cs:37)
UnityEngine.DebugLogHandler:LogFormat (UnityEngine.LogType,UnityEngine.Object,string,object[])
UnityEngine.Logger:Log (UnityEngine.LogType,object)
UnityEngine.Debug:Log (object)
ArgusUnity.Editor.HideAndSeekDesignBuilder:BuildScene () (at Assets/Editor/HideAndSeekDesignBuilder.cs:66)
ArgusUnity.Editor.HideAndSeekDesignBuilder:OpenSceneInPlayMode () (at Assets/Editor/HideAndSeekDesignBuilder.cs:80)

(Filename: Assets/Editor/HideAndSeekDesignBuilder.cs Line: 66)

Opening scene 'Assets/Project/Scenes/MiniBotHideAndSeekDesign.unity'
Unloading 0 Unused Serialized files (Serialized files now loaded: 0)
Loaded scene 'Assets/Project/Scenes/MiniBotHideAndSeekDesign.unity'
	Deserialize:            9.021 ms
	Integration:            431.084 ms
	Integration of assets:  0.007 ms
	Thread Wait Time:       0.001 ms
	Total Operation Time:   440.112 ms
Unloading 16 unused Assets / (7.2 KB). Loaded Objects now: 1904.
Memory consumption went from 97.7 MB to 97.7 MB.
Total: 46.690541 ms (FindLiveObjects: 3.547333 ms CreateObjectMapping: 0.547250 ms MarkObjects: 39.118917 ms  DeleteObjects: 3.471500 ms)

HideAndSeekDesignBuilder: opened scene and entered Play Mode.
UnityEngine.StackTraceUtility:ExtractStackTrace () (at /Users/bokken/build/output/unity/unity/Runtime/Export/Scripting/StackTrace.cs:37)
UnityEngine.DebugLogHandler:LogFormat (UnityEngine.LogType,UnityEngine.Object,string,object[])
UnityEngine.Logger:Log (UnityEngine.LogType,object)
UnityEngine.Debug:Log (object)
ArgusUnity.Editor.HideAndSeekDesignBuilder:OpenSceneInPlayMode () (at Assets/Editor/HideAndSeekDesignBuilder.cs:84)

(Filename: Assets/Editor/HideAndSeekDesignBuilder.cs Line: 84)

[Project] Loading completed in 43.097 seconds
	Project init time: 				20.003 seconds
		Template init time: 		0.000 seconds
		Package Manager init time: 		9.721 seconds
		Asset Database init time: 		1.381 seconds
		Global illumination init time: 	0.008 seconds
		Assemblies load time: 			0.801 seconds
		Unity extensions init time: 	0.006 seconds
		Asset Database refresh time: 	0.072 seconds
	Scene opening time: 			10.034 seconds
##utp:{"type":"ProjectInfo","version":2,"phase":"Immediate","time":1778048682969,"processId":98247,"projectLoad":43.097163167000008,"projectInit":20.003112291,"templateInit":0.0,"packageManagerInit":9.721449375,"assetDatabaseInit":1.380825417,"globalIlluminationInit":0.008190292,"assembliesLoad":0.801415375,"unityExtensionsInit":0.005594917,"assetDatabaseRefresh":0.071817833,"sceneOpening":10.033639917}
##utp:{"type":"EditorInfo","version":2,"phase":"Immediate","time":1778048682969,"processId":98247,"editorVersion":"2022.3.0f1 (fb119bb0b476)","branch":"2022.3/release","buildType":"Release","platform":"OSX"}
Subscribe to USB device events
Scanning for USB devices : 0.272ms
Thread 0x341987000 may have been prematurely finalized
Reloading assemblies for play mode.
Reloading assemblies after forced synchronous recompile.
Begin MonoManager ReloadAssembly
Symbol file LoadedFromMemory is not a mono symbol file
- Loaded All Assemblies, in  0.803 seconds
Refreshing native plugins compatible for Editor in 0.69 ms, found 0 plugins.
Native extension for OSXStandalone target not found
[MODES] ModeService[none].Initialize
[MODES] ModeService[none].LoadModes
[MODES] Loading mode Default (0) for mode-current-id-EmbodiedDebate
Mono: successfully reloaded assembly
- Finished resetting the current domain, in  0.718 seconds
Domain Reload Profiling: 1526ms
	BeginReloadAssembly (679ms)
		ExecutionOrderSort (0ms)
		DisableScriptedObjects (18ms)
		BackupInstance (0ms)
		ReleaseScriptingObjects (0ms)
		CreateAndSetChildDomain (484ms)
	RebuildCommonClasses (47ms)
	RebuildNativeTypeToScriptingClass (15ms)
	initialDomainReloadingComplete (26ms)
	LoadAllAssembliesAndSetupDomain (40ms)
		LoadAssemblies (151ms)
		RebuildTransferFunctionScriptingTraits (0ms)
		AnalyzeDomain (5ms)
			TypeCache.Refresh (2ms)
				TypeCache.ScanAssembly (0ms)
			ScanForSourceGeneratedMonoScriptInfo (0ms)
			ResolveRequiredComponents (2ms)
	FinalizeReload (719ms)
		ReleaseScriptCaches (0ms)
		RebuildScriptCaches (0ms)
		SetupLoadedEditorAssemblies (295ms)
			LogAssemblyErrors (0ms)
			InitializePlatformSupportModulesInManaged (5ms)
			SetLoadedEditorAssemblies (12ms)
			RefreshPlugins (0ms)
			BeforeProcessingInitializeOnLoad (41ms)
			ProcessInitializeOnLoadAttributes (191ms)
			ProcessInitializeOnLoadMethodAttributes (44ms)
			AfterProcessingInitializeOnLoad (1ms)
			EditorAssembliesLoaded (0ms)
		ExecutionOrderSort2 (0ms)
		AwakeInstancesAfterBackupRestoration (153ms)
Asset Pipeline Refresh (id=54cf60b953371408fae2e9329fa9b9f8): Total: 1.692 seconds - Initiated by StopAssetImportingV2(ForceSynchronousImport | ForceDomainReload)
	Summary:
		Imports: total=0 (actual=0, local cache=0, cache server=0)
		Asset DB Process Time: managed=0 ms, native=99 ms
		Asset DB Callback time: managed=12 ms, native=4 ms
		Scripting: domain reloads=1, domain reload time=1574 ms, compile time=0 ms, other=0 ms
		Project Asset Count: scripts=1026, non-scripts=623
		Asset File Changes: new=0, changed=0, moved=0, deleted=0
		Scan Filter Count: 0
	InvokeBeforeRefreshCallbacks: 4.944ms
	ApplyChangesToAssetFolders: 0.049ms
	Scan: 0.001ms
	OnSourceAssetsModified: 0.001ms
	GetAllGuidsForCategorization: 0.174ms
	CategorizeAssets: 38.232ms
	ImportOutOfDateAssets: 738.214ms (736.842ms without children)
		CompileScripts: 0.032ms
		CollectScriptTypesHashes: 0.017ms
		ReloadNativeAssets: 0.154ms
		UnloadImportedAssets: 0.351ms
		EnsureUptoDateAssetsAreRegisteredWithGuidPM: 0.469ms
		InitializingProgressBar: 0.000ms
		PostProcessAllAssetNotificationsAddChangedAssets: 0.000ms
		OnDemandSchedulerStart: 0.347ms
	PostProcessAllAssets: 12.559ms
	GatherAllCurrentPrimaryArtifactRevisions: 0.270ms
	UnloadStreamsBegin: 1.234ms
	PersistCurrentRevisions: 0.061ms
	UnloadStreamsEnd: 0.007ms
	GenerateScriptTypeHashes: 0.454ms
	Untracked: 896.385ms
AgentLocomotionDriver: Animator locomotion ready controller=MiniBotLocomotion, rootMotion=False, hasSpeed=True, hasIsMoving=True.
UnityEngine.StackTraceUtility:ExtractStackTrace () (at /Users/bokken/build/output/unity/unity/Runtime/Export/Scripting/StackTrace.cs:37)
UnityEngine.DebugLogHandler:LogFormat (UnityEngine.LogType,UnityEngine.Object,string,object[])
UnityEngine.Logger:Log (UnityEngine.LogType,object)
UnityEngine.Debug:Log (object)
ArgusUnity.Runtime.AgentLocomotionDriver:ConfigureAnimator () (at Assets/Project/Scripts/Runtime/AgentLocomotionDriver.cs:144)
ArgusUnity.Runtime.AgentLocomotionDriver:Awake () (at Assets/Project/Scripts/Runtime/AgentLocomotionDriver.cs:51)

(Filename: Assets/Project/Scripts/Runtime/AgentLocomotionDriver.cs Line: 144)

AgentLocomotionDriver: Animator locomotion ready controller=MiniBotLocomotion, rootMotion=False, hasSpeed=True, hasIsMoving=True.
UnityEngine.StackTraceUtility:ExtractStackTrace () (at /Users/bokken/build/output/unity/unity/Runtime/Export/Scripting/StackTrace.cs:37)
UnityEngine.DebugLogHandler:LogFormat (UnityEngine.LogType,UnityEngine.Object,string,object[])
UnityEngine.Logger:Log (UnityEngine.LogType,object)
UnityEngine.Debug:Log (object)
ArgusUnity.Runtime.AgentLocomotionDriver:ConfigureAnimator () (at Assets/Project/Scripts/Runtime/AgentLocomotionDriver.cs:144)
ArgusUnity.Runtime.AgentLocomotionDriver:Awake () (at Assets/Project/Scripts/Runtime/AgentLocomotionDriver.cs:51)

(Filename: Assets/Project/Scripts/Runtime/AgentLocomotionDriver.cs Line: 144)

AgentLocomotionDriver: Animator locomotion ready controller=MiniBotLocomotion, rootMotion=False, hasSpeed=True, hasIsMoving=True.
UnityEngine.StackTraceUtility:ExtractStackTrace () (at /Users/bokken/build/output/unity/unity/Runtime/Export/Scripting/StackTrace.cs:37)
UnityEngine.DebugLogHandler:LogFormat (UnityEngine.LogType,UnityEngine.Object,string,object[])
UnityEngine.Logger:Log (UnityEngine.LogType,object)
UnityEngine.Debug:Log (object)
ArgusUnity.Runtime.AgentLocomotionDriver:ConfigureAnimator () (at Assets/Project/Scripts/Runtime/AgentLocomotionDriver.cs:144)
ArgusUnity.Runtime.AgentLocomotionDriver:Awake () (at Assets/Project/Scripts/Runtime/AgentLocomotionDriver.cs:51)

(Filename: Assets/Project/Scripts/Runtime/AgentLocomotionDriver.cs Line: 144)

ArgusVideo: capturing 240 frames at 30 FPS to /Users/guribbong/code/Argus/tmp/desk_solid_frames
UnityEngine.StackTraceUtility:ExtractStackTrace () (at /Users/bokken/build/output/unity/unity/Runtime/Export/Scripting/StackTrace.cs:37)
UnityEngine.DebugLogHandler:LogFormat (UnityEngine.LogType,UnityEngine.Object,string,object[])
UnityEngine.Logger:Log (UnityEngine.LogType,object)
UnityEngine.Debug:Log (object)
ArgusUnity.Runtime.SmokeVideoCapture:Awake () (at Assets/Project/Scripts/Runtime/SmokeVideoCapture.cs:40)

(Filename: Assets/Project/Scripts/Runtime/SmokeVideoCapture.cs Line: 40)

AgentLocomotionDriver: Animator locomotion ready controller=MiniBotLocomotion, rootMotion=False, hasSpeed=True, hasIsMoving=True.
UnityEngine.StackTraceUtility:ExtractStackTrace () (at /Users/bokken/build/output/unity/unity/Runtime/Export/Scripting/StackTrace.cs:37)
UnityEngine.DebugLogHandler:LogFormat (UnityEngine.LogType,UnityEngine.Object,string,object[])
UnityEngine.Logger:Log (UnityEngine.LogType,object)
UnityEngine.Debug:Log (object)
ArgusUnity.Runtime.AgentLocomotionDriver:ConfigureAnimator () (at Assets/Project/Scripts/Runtime/AgentLocomotionDriver.cs:144)
ArgusUnity.Runtime.AgentLocomotionDriver:Awake () (at Assets/Project/Scripts/Runtime/AgentLocomotionDriver.cs:51)

(Filename: Assets/Project/Scripts/Runtime/AgentLocomotionDriver.cs Line: 144)

Loaded scene 'Temp/__Backupscenes/0.backup'
	Deserialize:            19.490 ms
	Integration:            434.517 ms
	Integration of assets:  4.847 ms
	Thread Wait Time:       -0.138 ms
	Total Operation Time:   458.716 ms
MiniBotHideAndSeekScenario: registered free-roam agents=4, bounds=(-3.85,-1.95)-(3.85,1.95).
UnityEngine.StackTraceUtility:ExtractStackTrace () (at /Users/bokken/build/output/unity/unity/Runtime/Export/Scripting/StackTrace.cs:37)
UnityEngine.DebugLogHandler:LogFormat (UnityEngine.LogType,UnityEngine.Object,string,object[])
UnityEngine.Logger:Log (UnityEngine.LogType,object)
UnityEngine.Debug:Log (object)
ArgusUnity.Runtime.MiniBotHideAndSeekScenario:Start () (at Assets/Project/Scripts/Runtime/MiniBotHideAndSeekScenario.cs:67)

(Filename: Assets/Project/Scripts/Runtime/MiniBotHideAndSeekScenario.cs Line: 67)

MiniBotHideAndSeekScenario: obstacle avoidance retarget Hider 01, collider=Classroom table.
UnityEngine.StackTraceUtility:ExtractStackTrace () (at /Users/bokken/build/output/unity/unity/Runtime/Export/Scripting/StackTrace.cs:37)
UnityEngine.DebugLogHandler:LogFormat (UnityEngine.LogType,UnityEngine.Object,string,object[])
UnityEngine.Logger:Log (UnityEngine.LogType,object)
UnityEngine.Debug:Log (object)
ArgusUnity.Runtime.MiniBotHideAndSeekScenario:SteerAroundObstacle (ArgusUnity.Runtime.MiniBotHideAndSeekScenario/WanderAgent,UnityEngine.Vector3,UnityEngine.Vector3) (at Assets/Project/Scripts/Runtime/MiniBotHideAndSeekScenario.cs:355)
ArgusUnity.Runtime.MiniBotHideAndSeekScenario:ResolveDesiredDirection (ArgusUnity.Runtime.MiniBotHideAndSeekScenario/WanderAgent,UnityEngine.Vector3) (at Assets/Project/Scripts/Runtime/MiniBotHideAndSeekScenario.cs:195)
ArgusUnity.Runtime.MiniBotHideAndSeekScenario:FixedUpdate () (at Assets/Project/Scripts/Runtime/MiniBotHideAndSeekScenario.cs:93)

(Filename: Assets/Project/Scripts/Runtime/MiniBotHideAndSeekScenario.cs Line: 355)

MiniBotHideAndSeekScenario: obstacle avoidance retarget Hider 02, collider=Classroom table.
UnityEngine.StackTraceUtility:ExtractStackTrace () (at /Users/bokken/build/output/unity/unity/Runtime/Export/Scripting/StackTrace.cs:37)
UnityEngine.DebugLogHandler:LogFormat (UnityEngine.LogType,UnityEngine.Object,string,object[])
UnityEngine.Logger:Log (UnityEngine.LogType,object)
UnityEngine.Debug:Log (object)
ArgusUnity.Runtime.MiniBotHideAndSeekScenario:SteerAroundObstacle (ArgusUnity.Runtime.MiniBotHideAndSeekScenario/WanderAgent,UnityEngine.Vector3,UnityEngine.Vector3) (at Assets/Project/Scripts/Runtime/MiniBotHideAndSeekScenario.cs:355)
ArgusUnity.Runtime.MiniBotHideAndSeekScenario:ResolveDesiredDirection (ArgusUnity.Runtime.MiniBotHideAndSeekScenario/WanderAgent,UnityEngine.Vector3) (at Assets/Project/Scripts/Runtime/MiniBotHideAndSeekScenario.cs:195)
ArgusUnity.Runtime.MiniBotHideAndSeekScenario:FixedUpdate () (at Assets/Project/Scripts/Runtime/MiniBotHideAndSeekScenario.cs:93)

(Filename: Assets/Project/Scripts/Runtime/MiniBotHideAndSeekScenario.cs Line: 355)

MiniBotHideAndSeekScenario: obstacle avoidance retarget Seeker 01, collider=Classroom table.
UnityEngine.StackTraceUtility:ExtractStackTrace () (at /Users/bokken/build/output/unity/unity/Runtime/Export/Scripting/StackTrace.cs:37)
UnityEngine.DebugLogHandler:LogFormat (UnityEngine.LogType,UnityEngine.Object,string,object[])
UnityEngine.Logger:Log (UnityEngine.LogType,object)
UnityEngine.Debug:Log (object)
ArgusUnity.Runtime.MiniBotHideAndSeekScenario:SteerAroundObstacle (ArgusUnity.Runtime.MiniBotHideAndSeekScenario/WanderAgent,UnityEngine.Vector3,UnityEngine.Vector3) (at Assets/Project/Scripts/Runtime/MiniBotHideAndSeekScenario.cs:355)
ArgusUnity.Runtime.MiniBotHideAndSeekScenario:ResolveDesiredDirection (ArgusUnity.Runtime.MiniBotHideAndSeekScenario/WanderAgent,UnityEngine.Vector3) (at Assets/Project/Scripts/Runtime/MiniBotHideAndSeekScenario.cs:195)
ArgusUnity.Runtime.MiniBotHideAndSeekScenario:FixedUpdate () (at Assets/Project/Scripts/Runtime/MiniBotHideAndSeekScenario.cs:93)

(Filename: Assets/Project/Scripts/Runtime/MiniBotHideAndSeekScenario.cs Line: 355)

MiniBotHideAndSeekScenario: obstacle avoidance retarget Seeker 02, collider=Classroom table.
UnityEngine.StackTraceUtility:ExtractStackTrace () (at /Users/bokken/build/output/unity/unity/Runtime/Export/Scripting/StackTrace.cs:37)
UnityEngine.DebugLogHandler:LogFormat (UnityEngine.LogType,UnityEngine.Object,string,object[])
UnityEngine.Logger:Log (UnityEngine.LogType,object)
UnityEngine.Debug:Log (object)
ArgusUnity.Runtime.MiniBotHideAndSeekScenario:SteerAroundObstacle (ArgusUnity.Runtime.MiniBotHideAndSeekScenario/WanderAgent,UnityEngine.Vector3,UnityEngine.Vector3) (at Assets/Project/Scripts/Runtime/MiniBotHideAndSeekScenario.cs:355)
ArgusUnity.Runtime.MiniBotHideAndSeekScenario:ResolveDesiredDirection (ArgusUnity.Runtime.MiniBotHideAndSeekScenario/WanderAgent,UnityEngine.Vector3) (at Assets/Project/Scripts/Runtime/MiniBotHideAndSeekScenario.cs:195)
ArgusUnity.Runtime.MiniBotHideAndSeekScenario:FixedUpdate () (at Assets/Project/Scripts/Runtime/MiniBotHideAndSeekScenario.cs:93)

(Filename: Assets/Project/Scripts/Runtime/MiniBotHideAndSeekScenario.cs Line: 355)

MiniBotHideAndSeekScenario: movement confirmed for Hider 01.
UnityEngine.StackTraceUtility:ExtractStackTrace () (at /Users/bokken/build/output/unity/unity/Runtime/Export/Scripting/StackTrace.cs:37)
UnityEngine.DebugLogHandler:LogFormat (UnityEngine.LogType,UnityEngine.Object,string,object[])
UnityEngine.Logger:Log (UnityEngine.LogType,object)
UnityEngine.Debug:Log (object)
ArgusUnity.Runtime.MiniBotHideAndSeekScenario:FixedUpdate () (at Assets/Project/Scripts/Runtime/MiniBotHideAndSeekScenario.cs:100)

(Filename: Assets/Project/Scripts/Runtime/MiniBotHideAndSeekScenario.cs Line: 100)

MiniBotHideAndSeekScenario: free-roam speed check Hider 01 movementSpeed=0.70, walkDistanceDelta=0.014.
UnityEngine.StackTraceUtility:ExtractStackTrace () (at /Users/bokken/build/output/unity/unity/Runtime/Export/Scripting/StackTrace.cs:37)
UnityEngine.DebugLogHandler:LogFormat (UnityEngine.LogType,UnityEngine.Object,string,object[])
UnityEngine.Logger:Log (UnityEngine.LogType,object)
UnityEngine.Debug:Log (object)
ArgusUnity.Runtime.MiniBotHideAndSeekScenario:FixedUpdate () (at Assets/Project/Scripts/Runtime/MiniBotHideAndSeekScenario.cs:112)

(Filename: Assets/Project/Scripts/Runtime/MiniBotHideAndSeekScenario.cs Line: 112)

MiniBotHideAndSeekScenario: movement confirmed for Hider 02.
UnityEngine.StackTraceUtility:ExtractStackTrace () (at /Users/bokken/build/output/unity/unity/Runtime/Export/Scripting/StackTrace.cs:37)
UnityEngine.DebugLogHandler:LogFormat (UnityEngine.LogType,UnityEngine.Object,string,object[])
UnityEngine.Logger:Log (UnityEngine.LogType,object)
UnityEngine.Debug:Log (object)
ArgusUnity.Runtime.MiniBotHideAndSeekScenario:FixedUpdate () (at Assets/Project/Scripts/Runtime/MiniBotHideAndSeekScenario.cs:100)

(Filename: Assets/Project/Scripts/Runtime/MiniBotHideAndSeekScenario.cs Line: 100)

MiniBotHideAndSeekScenario: free-roam speed check Hider 02 movementSpeed=0.61, walkDistanceDelta=0.012.
UnityEngine.StackTraceUtility:ExtractStackTrace () (at /Users/bokken/build/output/unity/unity/Runtime/Export/Scripting/StackTrace.cs:37)
UnityEngine.DebugLogHandler:LogFormat (UnityEngine.LogType,UnityEngine.Object,string,object[])
UnityEngine.Logger:Log (UnityEngine.LogType,object)
UnityEngine.Debug:Log (object)
ArgusUnity.Runtime.MiniBotHideAndSeekScenario:FixedUpdate () (at Assets/Project/Scripts/Runtime/MiniBotHideAndSeekScenario.cs:112)

(Filename: Assets/Project/Scripts/Runtime/MiniBotHideAndSeekScenario.cs Line: 112)

MiniBotHideAndSeekScenario: movement confirmed for Seeker 01.
UnityEngine.StackTraceUtility:ExtractStackTrace () (at /Users/bokken/build/output/unity/unity/Runtime/Export/Scripting/StackTrace.cs:37)
UnityEngine.DebugLogHandler:LogFormat (UnityEngine.LogType,UnityEngine.Object,string,object[])
UnityEngine.Logger:Log (UnityEngine.LogType,object)
UnityEngine.Debug:Log (object)
ArgusUnity.Runtime.MiniBotHideAndSeekScenario:FixedUpdate () (at Assets/Project/Scripts/Runtime/MiniBotHideAndSeekScenario.cs:100)

(Filename: Assets/Project/Scripts/Runtime/MiniBotHideAndSeekScenario.cs Line: 100)

MiniBotHideAndSeekScenario: free-roam speed check Seeker 01 movementSpeed=0.73, walkDistanceDelta=0.015.
UnityEngine.StackTraceUtility:ExtractStackTrace () (at /Users/bokken/build/output/unity/unity/Runtime/Export/Scripting/StackTrace.cs:37)
UnityEngine.DebugLogHandler:LogFormat (UnityEngine.LogType,UnityEngine.Object,string,object[])
UnityEngine.Logger:Log (UnityEngine.LogType,object)
UnityEngine.Debug:Log (object)
ArgusUnity.Runtime.MiniBotHideAndSeekScenario:FixedUpdate () (at Assets/Project/Scripts/Runtime/MiniBotHideAndSeekScenario.cs:112)

(Filename: Assets/Project/Scripts/Runtime/MiniBotHideAndSeekScenario.cs Line: 112)

MiniBotHideAndSeekScenario: movement confirmed for Seeker 02.
UnityEngine.StackTraceUtility:ExtractStackTrace () (at /Users/bokken/build/output/unity/unity/Runtime/Export/Scripting/StackTrace.cs:37)
UnityEngine.DebugLogHandler:LogFormat (UnityEngine.LogType,UnityEngine.Object,string,object[])
UnityEngine.Logger:Log (UnityEngine.LogType,object)
UnityEngine.Debug:Log (object)
ArgusUnity.Runtime.MiniBotHideAndSeekScenario:FixedUpdate () (at Assets/Project/Scripts/Runtime/MiniBotHideAndSeekScenario.cs:100)

(Filename: Assets/Project/Scripts/Runtime/MiniBotHideAndSeekScenario.cs Line: 100)

MiniBotHideAndSeekScenario: free-roam speed check Seeker 02 movementSpeed=0.74, walkDistanceDelta=0.015.
UnityEngine.StackTraceUtility:ExtractStackTrace () (at /Users/bokken/build/output/unity/unity/Runtime/Export/Scripting/StackTrace.cs:37)
UnityEngine.DebugLogHandler:LogFormat (UnityEngine.LogType,UnityEngine.Object,string,object[])
UnityEngine.Logger:Log (UnityEngine.LogType,object)
UnityEngine.Debug:Log (object)
ArgusUnity.Runtime.MiniBotHideAndSeekScenario:FixedUpdate () (at Assets/Project/Scripts/Runtime/MiniBotHideAndSeekScenario.cs:112)

(Filename: Assets/Project/Scripts/Runtime/MiniBotHideAndSeekScenario.cs Line: 112)

AgentLocomotionDriver: walk animation active speed=0.71, controller=MiniBotLocomotion.
UnityEngine.StackTraceUtility:ExtractStackTrace () (at /Users/bokken/build/output/unity/unity/Runtime/Export/Scripting/StackTrace.cs:37)
UnityEngine.DebugLogHandler:LogFormat (UnityEngine.LogType,UnityEngine.Object,string,object[])
UnityEngine.Logger:Log (UnityEngine.LogType,object)
UnityEngine.Debug:Log (object)
ArgusUnity.Runtime.AgentLocomotionDriver:LateUpdate () (at Assets/Project/Scripts/Runtime/AgentLocomotionDriver.cs:98)

(Filename: Assets/Project/Scripts/Runtime/AgentLocomotionDriver.cs Line: 98)

AgentLocomotionDriver: walk animation active speed=0.61, controller=MiniBotLocomotion.
UnityEngine.StackTraceUtility:ExtractStackTrace () (at /Users/bokken/build/output/unity/unity/Runtime/Export/Scripting/StackTrace.cs:37)
UnityEngine.DebugLogHandler:LogFormat (UnityEngine.LogType,UnityEngine.Object,string,object[])
UnityEngine.Logger:Log (UnityEngine.LogType,object)
UnityEngine.Debug:Log (object)
ArgusUnity.Runtime.AgentLocomotionDriver:LateUpdate () (at Assets/Project/Scripts/Runtime/AgentLocomotionDriver.cs:98)

(Filename: Assets/Project/Scripts/Runtime/AgentLocomotionDriver.cs Line: 98)

AgentLocomotionDriver: walk animation active speed=0.69, controller=MiniBotLocomotion.
UnityEngine.StackTraceUtility:ExtractStackTrace () (at /Users/bokken/build/output/unity/unity/Runtime/Export/Scripting/StackTrace.cs:37)
UnityEngine.DebugLogHandler:LogFormat (UnityEngine.LogType,UnityEngine.Object,string,object[])
UnityEngine.Logger:Log (UnityEngine.LogType,object)
UnityEngine.Debug:Log (object)
ArgusUnity.Runtime.AgentLocomotionDriver:LateUpdate () (at Assets/Project/Scripts/Runtime/AgentLocomotionDriver.cs:98)

(Filename: Assets/Project/Scripts/Runtime/AgentLocomotionDriver.cs Line: 98)

AgentLocomotionDriver: walk animation active speed=0.73, controller=MiniBotLocomotion.
UnityEngine.StackTraceUtility:ExtractStackTrace () (at /Users/bokken/build/output/unity/unity/Runtime/Export/Scripting/StackTrace.cs:37)
UnityEngine.DebugLogHandler:LogFormat (UnityEngine.LogType,UnityEngine.Object,string,object[])
UnityEngine.Logger:Log (UnityEngine.LogType,object)
UnityEngine.Debug:Log (object)
ArgusUnity.Runtime.AgentLocomotionDriver:LateUpdate () (at Assets/Project/Scripts/Runtime/AgentLocomotionDriver.cs:98)

(Filename: Assets/Project/Scripts/Runtime/AgentLocomotionDriver.cs Line: 98)

Created GICache directory at /Users/guribbong/Library/Caches/com.unity3d.UnityEditor/GiCache. Took: 0.035s, timestamps: [47.561 - 47.597]
Setting up 4 worker threads for Enlighten.
MiniBotHideAndSeekScenario: boundary steering active for Seeker 02.
UnityEngine.StackTraceUtility:ExtractStackTrace () (at /Users/bokken/build/output/unity/unity/Runtime/Export/Scripting/StackTrace.cs:37)
UnityEngine.DebugLogHandler:LogFormat (UnityEngine.LogType,UnityEngine.Object,string,object[])
UnityEngine.Logger:Log (UnityEngine.LogType,object)
UnityEngine.Debug:Log (object)
ArgusUnity.Runtime.MiniBotHideAndSeekScenario:SteerInsideRoom (ArgusUnity.Runtime.MiniBotHideAndSeekScenario/WanderAgent,UnityEngine.Vector3,UnityEngine.Vector3) (at Assets/Project/Scripts/Runtime/MiniBotHideAndSeekScenario.cs:314)
ArgusUnity.Runtime.MiniBotHideAndSeekScenario:ResolveDesiredDirection (ArgusUnity.Runtime.MiniBotHideAndSeekScenario/WanderAgent,UnityEngine.Vector3) (at Assets/Project/Scripts/Runtime/MiniBotHideAndSeekScenario.cs:194)
ArgusUnity.Runtime.MiniBotHideAndSeekScenario:FixedUpdate () (at Assets/Project/Scripts/Runtime/MiniBotHideAndSeekScenario.cs:93)

(Filename: Assets/Project/Scripts/Runtime/MiniBotHideAndSeekScenario.cs Line: 314)

MiniBotHideAndSeekScenario: free-roam retarget Seeker 01 -> -0.20,-0.26.
UnityEngine.StackTraceUtility:ExtractStackTrace () (at /Users/bokken/build/output/unity/unity/Runtime/Export/Scripting/StackTrace.cs:37)
UnityEngine.DebugLogHandler:LogFormat (UnityEngine.LogType,UnityEngine.Object,string,object[])
UnityEngine.Logger:Log (UnityEngine.LogType,object)
UnityEngine.Debug:Log (object)
ArgusUnity.Runtime.MiniBotHideAndSeekScenario:ResolveDesiredDirection (ArgusUnity.Runtime.MiniBotHideAndSeekScenario/WanderAgent,UnityEngine.Vector3) (at Assets/Project/Scripts/Runtime/MiniBotHideAndSeekScenario.cs:187)
ArgusUnity.Runtime.MiniBotHideAndSeekScenario:FixedUpdate () (at Assets/Project/Scripts/Runtime/MiniBotHideAndSeekScenario.cs:93)

(Filename: Assets/Project/Scripts/Runtime/MiniBotHideAndSeekScenario.cs Line: 187)

MiniBotHideAndSeekScenario: boundary steering active for Hider 02.
UnityEngine.StackTraceUtility:ExtractStackTrace () (at /Users/bokken/build/output/unity/unity/Runtime/Export/Scripting/StackTrace.cs:37)
UnityEngine.DebugLogHandler:LogFormat (UnityEngine.LogType,UnityEngine.Object,string,object[])
UnityEngine.Logger:Log (UnityEngine.LogType,object)
UnityEngine.Debug:Log (object)
ArgusUnity.Runtime.MiniBotHideAndSeekScenario:SteerInsideRoom (ArgusUnity.Runtime.MiniBotHideAndSeekScenario/WanderAgent,UnityEngine.Vector3,UnityEngine.Vector3) (at Assets/Project/Scripts/Runtime/MiniBotHideAndSeekScenario.cs:314)
ArgusUnity.Runtime.MiniBotHideAndSeekScenario:ResolveDesiredDirection (ArgusUnity.Runtime.MiniBotHideAndSeekScenario/WanderAgent,UnityEngine.Vector3) (at Assets/Project/Scripts/Runtime/MiniBotHideAndSeekScenario.cs:194)
ArgusUnity.Runtime.MiniBotHideAndSeekScenario:FixedUpdate () (at Assets/Project/Scripts/Runtime/MiniBotHideAndSeekScenario.cs:93)

(Filename: Assets/Project/Scripts/Runtime/MiniBotHideAndSeekScenario.cs Line: 314)

MiniBotHideAndSeekScenario: wall pressure turnaround Seeker 02 -> 0.52,-0.86.
UnityEngine.StackTraceUtility:ExtractStackTrace () (at /Users/bokken/build/output/unity/unity/Runtime/Export/Scripting/StackTrace.cs:37)
UnityEngine.DebugLogHandler:LogFormat (UnityEngine.LogType,UnityEngine.Object,string,object[])
UnityEngine.Logger:Log (UnityEngine.LogType,object)
UnityEngine.Debug:Log (object)
ArgusUnity.Runtime.MiniBotHideAndSeekScenario:StartBoundaryRecovery (ArgusUnity.Runtime.MiniBotHideAndSeekScenario/WanderAgent,UnityEngine.Vector3) (at Assets/Project/Scripts/Runtime/MiniBotHideAndSeekScenario.cs:452)
ArgusUnity.Runtime.MiniBotHideAndSeekScenario:KeepInsideRoom (ArgusUnity.Runtime.MiniBotHideAndSeekScenario/WanderAgent) (at Assets/Project/Scripts/Runtime/MiniBotHideAndSeekScenario.cs:420)
ArgusUnity.Runtime.MiniBotHideAndSeekScenario:FixedUpdate () (at Assets/Project/Scripts/Runtime/MiniBotHideAndSeekScenario.cs:96)

(Filename: Assets/Project/Scripts/Runtime/MiniBotHideAndSeekScenario.cs Line: 452)

MiniBotHideAndSeekScenario: wall clamp kept Seeker 02 inside walkable room.
UnityEngine.StackTraceUtility:ExtractStackTrace () (at /Users/bokken/build/output/unity/unity/Runtime/Export/Scripting/StackTrace.cs:37)
UnityEngine.DebugLogHandler:LogFormat (UnityEngine.LogType,UnityEngine.Object,string,object[])
UnityEngine.Logger:Log (UnityEngine.LogType,object)
UnityEngine.Debug:Log (object)
ArgusUnity.Runtime.MiniBotHideAndSeekScenario:KeepInsideRoom (ArgusUnity.Runtime.MiniBotHideAndSeekScenario/WanderAgent) (at Assets/Project/Scripts/Runtime/MiniBotHideAndSeekScenario.cs:423)
ArgusUnity.Runtime.MiniBotHideAndSeekScenario:FixedUpdate () (at Assets/Project/Scripts/Runtime/MiniBotHideAndSeekScenario.cs:96)

(Filename: Assets/Project/Scripts/Runtime/MiniBotHideAndSeekScenario.cs Line: 423)

[UnityConnectServicesConfig] config is NOT valid, switching to default
MiniBotHideAndSeekScenario: wall pressure turnaround Hider 02 -> -0.52,-0.86.
UnityEngine.StackTraceUtility:ExtractStackTrace () (at /Users/bokken/build/output/unity/unity/Runtime/Export/Scripting/StackTrace.cs:37)
UnityEngine.DebugLogHandler:LogFormat (UnityEngine.LogType,UnityEngine.Object,string,object[])
UnityEngine.Logger:Log (UnityEngine.LogType,object)
UnityEngine.Debug:Log (object)
ArgusUnity.Runtime.MiniBotHideAndSeekScenario:StartBoundaryRecovery (ArgusUnity.Runtime.MiniBotHideAndSeekScenario/WanderAgent,UnityEngine.Vector3) (at Assets/Project/Scripts/Runtime/MiniBotHideAndSeekScenario.cs:452)
ArgusUnity.Runtime.MiniBotHideAndSeekScenario:KeepInsideRoom (ArgusUnity.Runtime.MiniBotHideAndSeekScenario/WanderAgent) (at Assets/Project/Scripts/Runtime/MiniBotHideAndSeekScenario.cs:420)
ArgusUnity.Runtime.MiniBotHideAndSeekScenario:FixedUpdate () (at Assets/Project/Scripts/Runtime/MiniBotHideAndSeekScenario.cs:96)

(Filename: Assets/Project/Scripts/Runtime/MiniBotHideAndSeekScenario.cs Line: 452)

MiniBotHideAndSeekScenario: wall clamp kept Hider 02 inside walkable room.
UnityEngine.StackTraceUtility:ExtractStackTrace () (at /Users/bokken/build/output/unity/unity/Runtime/Export/Scripting/StackTrace.cs:37)
UnityEngine.DebugLogHandler:LogFormat (UnityEngine.LogType,UnityEngine.Object,string,object[])
UnityEngine.Logger:Log (UnityEngine.LogType,object)
UnityEngine.Debug:Log (object)
ArgusUnity.Runtime.MiniBotHideAndSeekScenario:KeepInsideRoom (ArgusUnity.Runtime.MiniBotHideAndSeekScenario/WanderAgent) (at Assets/Project/Scripts/Runtime/MiniBotHideAndSeekScenario.cs:423)
ArgusUnity.Runtime.MiniBotHideAndSeekScenario:FixedUpdate () (at Assets/Project/Scripts/Runtime/MiniBotHideAndSeekScenario.cs:96)

(Filename: Assets/Project/Scripts/Runtime/MiniBotHideAndSeekScenario.cs Line: 423)

MiniBotHideAndSeekScenario: boundary steering active for Hider 01.
UnityEngine.StackTraceUtility:ExtractStackTrace () (at /Users/bokken/build/output/unity/unity/Runtime/Export/Scripting/StackTrace.cs:37)
UnityEngine.DebugLogHandler:LogFormat (UnityEngine.LogType,UnityEngine.Object,string,object[])
UnityEngine.Logger:Log (UnityEngine.LogType,object)
UnityEngine.Debug:Log (object)
ArgusUnity.Runtime.MiniBotHideAndSeekScenario:SteerInsideRoom (ArgusUnity.Runtime.MiniBotHideAndSeekScenario/WanderAgent,UnityEngine.Vector3,UnityEngine.Vector3) (at Assets/Project/Scripts/Runtime/MiniBotHideAndSeekScenario.cs:314)
ArgusUnity.Runtime.MiniBotHideAndSeekScenario:ResolveDesiredDirection (ArgusUnity.Runtime.MiniBotHideAndSeekScenario/WanderAgent,UnityEngine.Vector3) (at Assets/Project/Scripts/Runtime/MiniBotHideAndSeekScenario.cs:194)
ArgusUnity.Runtime.MiniBotHideAndSeekScenario:FixedUpdate () (at Assets/Project/Scripts/Runtime/MiniBotHideAndSeekScenario.cs:93)

(Filename: Assets/Project/Scripts/Runtime/MiniBotHideAndSeekScenario.cs Line: 314)

MiniBotHideAndSeekScenario: wall pressure turnaround Hider 01 -> 0.52,-0.86.
UnityEngine.StackTraceUtility:ExtractStackTrace () (at /Users/bokken/build/output/unity/unity/Runtime/Export/Scripting/StackTrace.cs:37)
UnityEngine.DebugLogHandler:LogFormat (UnityEngine.LogType,UnityEngine.Object,string,object[])
UnityEngine.Logger:Log (UnityEngine.LogType,object)
UnityEngine.Debug:Log (object)
ArgusUnity.Runtime.MiniBotHideAndSeekScenario:StartBoundaryRecovery (ArgusUnity.Runtime.MiniBotHideAndSeekScenario/WanderAgent,UnityEngine.Vector3) (at Assets/Project/Scripts/Runtime/MiniBotHideAndSeekScenario.cs:452)
ArgusUnity.Runtime.MiniBotHideAndSeekScenario:KeepInsideRoom (ArgusUnity.Runtime.MiniBotHideAndSeekScenario/WanderAgent) (at Assets/Project/Scripts/Runtime/MiniBotHideAndSeekScenario.cs:420)
ArgusUnity.Runtime.MiniBotHideAndSeekScenario:FixedUpdate () (at Assets/Project/Scripts/Runtime/MiniBotHideAndSeekScenario.cs:96)

(Filename: Assets/Project/Scripts/Runtime/MiniBotHideAndSeekScenario.cs Line: 452)

MiniBotHideAndSeekScenario: wall clamp kept Hider 01 inside walkable room.
UnityEngine.StackTraceUtility:ExtractStackTrace () (at /Users/bokken/build/output/unity/unity/Runtime/Export/Scripting/StackTrace.cs:37)
UnityEngine.DebugLogHandler:LogFormat (UnityEngine.LogType,UnityEngine.Object,string,object[])
UnityEngine.Logger:Log (UnityEngine.LogType,object)
UnityEngine.Debug:Log (object)
ArgusUnity.Runtime.MiniBotHideAndSeekScenario:KeepInsideRoom (ArgusUnity.Runtime.MiniBotHideAndSeekScenario/WanderAgent) (at Assets/Project/Scripts/Runtime/MiniBotHideAndSeekScenario.cs:423)
ArgusUnity.Runtime.MiniBotHideAndSeekScenario:FixedUpdate () (at Assets/Project/Scripts/Runtime/MiniBotHideAndSeekScenario.cs:96)

(Filename: Assets/Project/Scripts/Runtime/MiniBotHideAndSeekScenario.cs Line: 423)

MiniBotHideAndSeekScenario: boundary steering active for Seeker 01.
UnityEngine.StackTraceUtility:ExtractStackTrace () (at /Users/bokken/build/output/unity/unity/Runtime/Export/Scripting/StackTrace.cs:37)
UnityEngine.DebugLogHandler:LogFormat (UnityEngine.LogType,UnityEngine.Object,string,object[])
UnityEngine.Logger:Log (UnityEngine.LogType,object)
UnityEngine.Debug:Log (object)
ArgusUnity.Runtime.MiniBotHideAndSeekScenario:SteerInsideRoom (ArgusUnity.Runtime.MiniBotHideAndSeekScenario/WanderAgent,UnityEngine.Vector3,UnityEngine.Vector3) (at Assets/Project/Scripts/Runtime/MiniBotHideAndSeekScenario.cs:314)
ArgusUnity.Runtime.MiniBotHideAndSeekScenario:ResolveDesiredDirection (ArgusUnity.Runtime.MiniBotHideAndSeekScenario/WanderAgent,UnityEngine.Vector3) (at Assets/Project/Scripts/Runtime/MiniBotHideAndSeekScenario.cs:194)
ArgusUnity.Runtime.MiniBotHideAndSeekScenario:FixedUpdate () (at Assets/Project/Scripts/Runtime/MiniBotHideAndSeekScenario.cs:93)

(Filename: Assets/Project/Scripts/Runtime/MiniBotHideAndSeekScenario.cs Line: 314)

MiniBotHideAndSeekScenario: wall pressure turnaround Seeker 01 -> -0.86,-0.52.
UnityEngine.StackTraceUtility:ExtractStackTrace () (at /Users/bokken/build/output/unity/unity/Runtime/Export/Scripting/StackTrace.cs:37)
UnityEngine.DebugLogHandler:LogFormat (UnityEngine.LogType,UnityEngine.Object,string,object[])
UnityEngine.Logger:Log (UnityEngine.LogType,object)
UnityEngine.Debug:Log (object)
ArgusUnity.Runtime.MiniBotHideAndSeekScenario:StartBoundaryRecovery (ArgusUnity.Runtime.MiniBotHideAndSeekScenario/WanderAgent,UnityEngine.Vector3) (at Assets/Project/Scripts/Runtime/MiniBotHideAndSeekScenario.cs:452)
ArgusUnity.Runtime.MiniBotHideAndSeekScenario:KeepInsideRoom (ArgusUnity.Runtime.MiniBotHideAndSeekScenario/WanderAgent) (at Assets/Project/Scripts/Runtime/MiniBotHideAndSeekScenario.cs:420)
ArgusUnity.Runtime.MiniBotHideAndSeekScenario:FixedUpdate () (at Assets/Project/Scripts/Runtime/MiniBotHideAndSeekScenario.cs:96)

(Filename: Assets/Project/Scripts/Runtime/MiniBotHideAndSeekScenario.cs Line: 452)

MiniBotHideAndSeekScenario: wall clamp kept Seeker 01 inside walkable room.
UnityEngine.StackTraceUtility:ExtractStackTrace () (at /Users/bokken/build/output/unity/unity/Runtime/Export/Scripting/StackTrace.cs:37)
UnityEngine.DebugLogHandler:LogFormat (UnityEngine.LogType,UnityEngine.Object,string,object[])
UnityEngine.Logger:Log (UnityEngine.LogType,object)
UnityEngine.Debug:Log (object)
ArgusUnity.Runtime.MiniBotHideAndSeekScenario:KeepInsideRoom (ArgusUnity.Runtime.MiniBotHideAndSeekScenario/WanderAgent) (at Assets/Project/Scripts/Runtime/MiniBotHideAndSeekScenario.cs:423)
ArgusUnity.Runtime.MiniBotHideAndSeekScenario:FixedUpdate () (at Assets/Project/Scripts/Runtime/MiniBotHideAndSeekScenario.cs:96)

(Filename: Assets/Project/Scripts/Runtime/MiniBotHideAndSeekScenario.cs Line: 423)

ArgusVideo: wrote 240 frames to /Users/guribbong/code/Argus/tmp/desk_solid_frames
UnityEngine.StackTraceUtility:ExtractStackTrace () (at /Users/bokken/build/output/unity/unity/Runtime/Export/Scripting/StackTrace.cs:37)
UnityEngine.DebugLogHandler:LogFormat (UnityEngine.LogType,UnityEngine.Object,string,object[])
UnityEngine.Logger:Log (UnityEngine.LogType,object)
UnityEngine.Debug:Log (object)
ArgusUnity.Runtime.SmokeVideoCapture:LateUpdate () (at Assets/Project/Scripts/Runtime/SmokeVideoCapture.cs:64)

(Filename: Assets/Project/Scripts/Runtime/SmokeVideoCapture.cs Line: 64)

Thread 0x341987000 may have been prematurely finalized
Unloading 5 Unused Serialized files (Serialized files now loaded: 0)
Loaded scene 'Temp/__Backupscenes/0.backup'
	Deserialize:            12.943 ms
	Integration:            346.380 ms
	Integration of assets:  0.006 ms
	Thread Wait Time:       0.003 ms
	Total Operation Time:   359.332 ms
Unloading 20 unused Assets / (110.8 KB). Loaded Objects now: 2479.
Memory consumption went from 109.2 MB to 109.1 MB.
Total: 32.798209 ms (FindLiveObjects: 0.627708 ms CreateObjectMapping: 0.033542 ms MarkObjects: 23.123833 ms  DeleteObjects: 9.011625 ms)

gi::BakeBackendSwitch: switching bake backend from 3 to 2.
[00:00:00] Builtin Sky manager started.
Thread 0x328ee3000 may have been prematurely finalized
[Licensing::IpcConnector] License Notification channel disconnected successfully.
[Licensing::IpcConnector] License Client channel disconnected successfully.
Thread 0x178a13000 may have been prematurely finalized
Thread 0x178a9f000 may have been prematurely finalized
Thread 0x178b2b000 may have been prematurely finalized
Thread 0x178c43000 may have been prematurely finalized
Thread 0x178bb7000 may have been prematurely finalized
Thread 0x178ccf000 may have been prematurely finalized
Cleanup mono
[40m[32minfo[39m[22m[49m: Microsoft.Hosting.Lifetime[0]
      Application is shutting down...
[40m[32minfo[39m[22m[49m: Unity.ILPP.Runner.PostProcessingAssemblyLoadContext[0]
      ALC ILPP context 1 is unloading
debugger-agent: Unable to listen on 48
[Performance] Application.InitializeProject                                                                                                      :        1 samples, Peak.  20.0 s (1.0x), Avg.  20.0 s, Total. 20.00 s (31.0%)
[Performance] Application.PackageManager.StartServer                                                                                             :        1 samples, Peak.  10.9 ms (1.0x), Avg.  10.9 ms, Total. 10.87 ms (0.0%)
[Performance] Application.AcquireProjectLock                                                                                                     :        1 samples, Peak.  8.44 ms (1.0x), Avg.  8.44 ms, Total. 8.439 ms (0.0%)
[Performance] Application.InitializeEngineNoGraphics                                                                                             :        1 samples, Peak.   186 ms (1.0x), Avg.   186 ms, Total. 186.0 ms (0.3%)
[Performance] Application.PackageManager.Initialize                                                                                              :        1 samples, Peak.  9.72 s (1.0x), Avg.  9.72 s, Total. 9.722 s (15.1%)
[Performance] Connecting to Package Manager                                                                                                      :      969 samples, Peak.  4.70 ms (652.5x), Avg.  7.20 us, Total. 6.976 ms (0.0%)
[Performance] Application.EngineGraphics.Initialize                                                                                              :        1 samples, Peak.   119 ms (1.0x), Avg.   119 ms, Total. 118.9 ms (0.2%)
[Performance] Application.GI.Initialize                                                                                                          :        1 samples, Peak.  8.40 ms (1.0x), Avg.  8.40 ms, Total. 8.403 ms (0.0%)
[Performance] Application.LoadAllDefaultResourcesFromEditor                                                                                      :        1 samples, Peak.  3.41 ms (1.0x), Avg.  3.41 ms, Total. 3.414 ms (0.0%)
[Performance] Application.LoadMonoAssemblies                                                                                                     :        1 samples, Peak.   801 ms (1.0x), Avg.   801 ms, Total. 801.4 ms (1.2%)
[Performance] RestoreManagedReferences                                                                                                           :        3 samples, Peak.  99.5 ms (2.1x), Avg.  48.4 ms, Total. 145.1 ms (0.2%)
[Performance] InitializeOnLoad ProjectSearch                                                                                                     :        3 samples, Peak.   470 us (1.4x), Avg.   343 us, Total. 1.030 ms (0.0%)
[Performance] InitializeOnLoad AssetStoreContext                                                                                                 :        3 samples, Peak.  30.5 ms (1.2x), Avg.  25.2 ms, Total. 75.72 ms (0.1%)
[Performance] InitializeOnLoad SearchService                                                                                                     :        3 samples, Peak.   337 us (1.8x), Avg.   184 us, Total. 551.9 us (0.0%)
[Performance] InitializeOnLoad ObjectSelectorSearch                                                                                              :        3 samples, Peak.   264 us (1.1x), Avg.   234 us, Total. 702.8 us (0.0%)
[Performance] InitializeOnLoad NativeFormatImporterUtility                                                                                       :        3 samples, Peak.  2.41 ms (1.2x), Avg.  2.04 ms, Total. 6.110 ms (0.0%)
[Performance] InitializeOnLoad ManagedDebuggerWindow                                                                                             :        3 samples, Peak.   667 us (1.1x), Avg.   610 us, Total. 1.831 ms (0.0%)
[Performance] InitializeOnLoad PrefabInstanceChangedListener                                                                                     :        3 samples, Peak.   500 us (1.1x), Avg.   474 us, Total. 1.423 ms (0.0%)
[Performance] InitializeOnLoad ManagedDebugger                                                                                                   :        3 samples, Peak.   833 ns (1.5x), Avg.   569 ns, Total. 1.707 us (0.0%)
[Performance] InitializeOnLoad CloudBuild                                                                                                        :        3 samples, Peak.  3.79 us (1.1x), Avg.  3.43 us, Total. 10.29 us (0.0%)
[Performance] InitializeOnLoad Collab                                                                                                            :        3 samples, Peak.  10.8 ms (1.3x), Avg.  8.61 ms, Total. 25.82 ms (0.0%)
[Performance] InitializeOnLoad ShortcutIntegration                                                                                               :        3 samples, Peak.   281 us (2.1x), Avg.   135 us, Total. 405.9 us (0.0%)
[Performance] InitializeOnLoad MixerEffectDefinitionReloader                                                                                     :        3 samples, Peak.  7.80 ms (1.7x), Avg.  4.59 ms, Total. 13.76 ms (0.0%)
[Performance] InitializeOnLoad DrivenRectTransformUndo                                                                                           :        3 samples, Peak.   227 us (1.1x), Avg.   211 us, Total. 632.0 us (0.0%)
[Performance] InitializeOnLoad WindowLayout                                                                                                      :        3 samples, Peak.   400 us (1.4x), Avg.   280 us, Total. 839.4 us (0.0%)
[Performance] InitializeOnLoad SettingsService                                                                                                   :        3 samples, Peak.   107 us (2.7x), Avg.  39.2 us, Total. 117.5 us (0.0%)
[Performance] InitializeOnLoad CacheServerWindow                                                                                                 :        3 samples, Peak.   100 us (2.7x), Avg.  37.5 us, Total. 112.5 us (0.0%)
[Performance] InitializeOnLoad MenuItems                                                                                                         :        3 samples, Peak.   142 us (1.6x), Avg.  88.7 us, Total. 266.1 us (0.0%)
[Performance] InitializeOnLoad CheckNavigationPackage                                                                                            :        3 samples, Peak.   434 us (1.3x), Avg.   325 us, Total. 973.6 us (0.0%)
[Performance] InitializeOnLoad UISystemProfilerRenderService                                                                                     :        3 samples, Peak.  22.3 us (1.8x), Avg.  12.2 us, Total. 36.71 us (0.0%)
[Performance] InitializeOnLoad EditMode                                                                                                          :        3 samples, Peak.   416 us (1.2x), Avg.   354 us, Total. 1.063 ms (0.0%)
[Performance] InitializeOnLoad UnityConnect                                                                                                      :        3 samples, Peak.  42.0 us (1.0x), Avg.  40.5 us, Total. 121.5 us (0.0%)
[Performance] InitializeOnLoad AddComponentWindow                                                                                                :        3 samples, Peak.   279 us (1.5x), Avg.   187 us, Total. 559.7 us (0.0%)
[Performance] InitializeOnLoad PlayModeDownload                                                                                                  :        3 samples, Peak.  4.78 ms (2.8x), Avg.  1.73 ms, Total. 5.200 ms (0.0%)
[Performance] InitializeOnLoad SceneSearch                                                                                                       :        3 samples, Peak.  95.1 us (1.6x), Avg.  59.8 us, Total. 179.5 us (0.0%)
[Performance] InitializeOnLoad EditorDelegateRegistration                                                                                        :        3 samples, Peak.   874 us (1.1x), Avg.   799 us, Total. 2.396 ms (0.0%)
[Performance] InitializeOnLoad UxmlObjectEditorFactories                                                                                         :        3 samples, Peak.  1.10 ms (1.6x), Avg.   677 us, Total. 2.032 ms (0.0%)
[Performance] InitializeOnLoad RetainedMode                                                                                                      :        3 samples, Peak.  3.56 ms (1.3x), Avg.  2.74 ms, Total. 8.210 ms (0.0%)
[Performance] InitializeOnLoad EditorShaderLoader                                                                                                :        3 samples, Peak.  1.40 ms (1.4x), Avg.   987 us, Total. 2.961 ms (0.0%)
[Performance] InitializeOnLoad UIDocumentHierarchyWatcher                                                                                        :        3 samples, Peak.  66.6 us (1.1x), Avg.  60.3 us, Total. 181.0 us (0.0%)
[Performance] InitializeOnLoad EditorMonitor                                                                                                     :        3 samples, Peak.   337 us (1.7x), Avg.   203 us, Total. 608.0 us (0.0%)
[Performance] InitializeOnLoad LiveReloadTrackerCreator                                                                                          :        3 samples, Peak.   347 us (1.7x), Avg.   209 us, Total. 627.7 us (0.0%)
[Performance] InitializeOnLoad UXMLEditorFactories                                                                                               :        3 samples, Peak.  69.9 ms (1.2x), Avg.  56.9 ms, Total. 170.8 ms (0.3%)
[Performance] InitializeOnLoad ServicesRepository                                                                                                :        3 samples, Peak.  3.66 ms (2.3x), Avg.  1.61 ms, Total. 4.843 ms (0.0%)
[Performance] InitializeOnLoad UDPService                                                                                                        :        3 samples, Peak.  3.45 ms (1.3x), Avg.  2.66 ms, Total. 7.977 ms (0.0%)
[Performance] InitializeOnLoad EditorGameServicesAnalytics                                                                                       :        3 samples, Peak.  1.93 ms (1.1x), Avg.  1.69 ms, Total. 5.061 ms (0.0%)
[Performance] InitializeOnLoad CloudBuildPoller                                                                                                  :        3 samples, Peak.   352 us (2.0x), Avg.   174 us, Total. 520.5 us (0.0%)
[Performance] InitializeOnLoad BuildService                                                                                                      :        3 samples, Peak.  1.84 ms (1.3x), Avg.  1.43 ms, Total. 4.293 ms (0.0%)
[Performance] InitializeOnLoad CollabService                                                                                                     :        3 samples, Peak.  1.95 ms (1.6x), Avg.  1.24 ms, Total. 3.723 ms (0.0%)
[Performance] InitializeOnLoad PurchasingService                                                                                                 :        3 samples, Peak.  10.3 ms (1.2x), Avg.  8.24 ms, Total. 24.71 ms (0.0%)
[Performance] InitializeOnLoad CrashService                                                                                                      :        3 samples, Peak.  2.21 ms (1.4x), Avg.  1.56 ms, Total. 4.668 ms (0.0%)
[Performance] InitializeOnLoad AdsService                                                                                                        :        3 samples, Peak.  2.76 ms (1.4x), Avg.  1.96 ms, Total. 5.890 ms (0.0%)
[Performance] InitializeOnLoad AnalyticsService                                                                                                  :        3 samples, Peak.  1.52 ms (1.1x), Avg.  1.38 ms, Total. 4.146 ms (0.0%)
[Performance] InitializeOnLoad SearchWindow                                                                                                      :        3 samples, Peak.   483 us (1.9x), Avg.   259 us, Total. 776.9 us (0.0%)
[Performance] InitializeOnLoad SearchMonitor                                                                                                     :        3 samples, Peak.  14.2 ms (1.8x), Avg.  7.75 ms, Total. 23.26 ms (0.0%)
[Performance] InitializeOnLoad ParameterControllerEditor                                                                                         :        3 samples, Peak.  63.9 us (1.8x), Avg.  35.0 us, Total. 104.9 us (0.0%)
[Performance] InitializeOnLoad LayerSettingsWindow                                                                                               :        3 samples, Peak.  28.5 us (2.4x), Avg.  12.0 us, Total. 36.00 us (0.0%)
[Performance] InitializeOnLoad PackageManagerHookGUIDConverter.RegisterPackagesEventHandler                                                      :        3 samples, Peak.   899 us (2.3x), Avg.   395 us, Total. 1.185 ms (0.0%)
[Performance] InitializeOnLoad EditorDragAndDrop.RegisterEditorClient                                                                            :        3 samples, Peak.   369 us (1.4x), Avg.   269 us, Total. 807.0 us (0.0%)
[Performance] InitializeOnLoad EditorEventCallbacks.InitializeFontAssetResourceChangeCallBacks                                                   :        3 samples, Peak.  1.75 ms (1.3x), Avg.  1.37 ms, Total. 4.111 ms (0.0%)
[Performance] InitializeOnLoad SceneTemplateService.Init                                                                                         :        3 samples, Peak.  3.26 ms (1.9x), Avg.  1.75 ms, Total. 5.242 ms (0.0%)
[Performance] InitializeOnLoad DiagnosticSwitchesConsoleMessage.Init                                                                             :        3 samples, Peak.  3.32 ms (1.2x), Avg.  2.73 ms, Total. 8.190 ms (0.0%)
[Performance] InitializeOnLoad ScopedRegistryAddedPopup.SubscribeToRegistriesAdded                                                               :        3 samples, Peak.  47.4 ms (1.7x), Avg.  28.3 ms, Total. 84.84 ms (0.1%)
[Performance] InitializeOnLoad PackageManagerWindow.EditorInitializedInSafeMode                                                                  :        3 samples, Peak.   405 us (1.8x), Avg.   224 us, Total. 671.1 us (0.0%)
[Performance] InitializeOnLoad MemoryProfilerCompilationGuard.InjectCompileGuard                                                                 :        3 samples, Peak.  99.6 us (1.3x), Avg.  77.9 us, Total. 233.6 us (0.0%)
[Performance] InitializeOnLoad SceneVisibilityManager.Initialize                                                                                 :        3 samples, Peak.  4.19 ms (2.1x), Avg.  2.01 ms, Total. 6.023 ms (0.0%)
[Performance] InitializeOnLoad AssetPostprocessingInternal.RefreshCustomDependencies                                                             :        3 samples, Peak.  5.48 ms (1.6x), Avg.  3.53 ms, Total. 10.58 ms (0.0%)
[Performance] InitializeOnLoad ToolShortcutContext.Init                                                                                          :        3 samples, Peak.   143 us (1.2x), Avg.   117 us, Total. 349.9 us (0.0%)
[Performance] InitializeOnLoad SysrootManager.Initialize                                                                                         :        3 samples, Peak.   640 us (1.4x), Avg.   455 us, Total. 1.364 ms (0.0%)
[Performance] InitializeOnLoad EditorWindow.Initialize                                                                                           :        3 samples, Peak.   142 us (1.1x), Avg.   127 us, Total. 380.5 us (0.0%)
[Performance] AssemblyReloadEvents.afterAssemblyReload: UnityEditor.SceneTemplate.SceneTemplateService.AfterAssemblyReload                       :        3 samples, Peak.  8.74 ms (1.9x), Avg.  4.57 ms, Total. 13.72 ms (0.0%)
[Performance] ProcessService.EditorAfterLoadAllAssemblies                                                                                        :        3 samples, Peak.  1.36 ms (1.1x), Avg.  1.21 ms, Total. 3.621 ms (0.0%)
[Performance] Application.ReadLicenseInfo                                                                                                        :        1 samples, Peak.  38.5 ms (1.0x), Avg.  38.5 ms, Total. 38.49 ms (0.1%)
[Performance] Application.InitialRefresh                                                                                                         :        1 samples, Peak.  5.94 s (1.0x), Avg.  5.94 s, Total. 5.943 s (9.2%)
[Performance] Compiling Scripts                                                                                                                  :        1 samples, Peak.  1.80 s (1.0x), Avg.  1.80 s, Total. 1.803 s (2.8%)
[Performance] AssemblyReloadEvents.beforeAssemblyReload: UnityEditor.SceneTemplate.SceneTemplateService.BeforeAssemblyReload                     :        2 samples, Peak.  8.75 ms (1.9x), Avg.  4.58 ms, Total. 9.158 ms (0.0%)
[Performance] InitializeOnLoad BurstLoader                                                                                                       :        2 samples, Peak.  2.19 s (2.0x), Avg.  1.10 s, Total. 2.204 s (3.4%)
[Performance] InitializeOnLoad BackgroundWatcher                                                                                                 :        2 samples, Peak.   193 us (1.1x), Avg.   176 us, Total. 351.1 us (0.0%)
[Performance] InitializeOnLoad UnityTestProtocolStarter                                                                                          :        2 samples, Peak.   465 us (1.1x), Avg.   421 us, Total. 842.6 us (0.0%)
[Performance] InitializeOnLoad TestStarter                                                                                                       :        2 samples, Peak.  1.02 ms (1.4x), Avg.   750 us, Total. 1.501 ms (0.0%)
[Performance] InitializeOnLoad RerunCallbackInitializer                                                                                          :        2 samples, Peak.  3.77 ms (1.1x), Avg.  3.46 ms, Total. 6.923 ms (0.0%)
[Performance] InitializeOnLoad TestJobDataHolder.ResumeRunningJobs                                                                               :        2 samples, Peak.  1.66 ms (1.5x), Avg.  1.13 ms, Total. 2.254 ms (0.0%)
[Performance] InitializeOnLoad AnalyticsReporter.RegisterCallbacks                                                                               :        2 samples, Peak.   150 us (1.0x), Avg.   146 us, Total. 291.4 us (0.0%)
[Performance] InitializeOnLoad $BurstDirectCallInitializer.Initialize                                                                            :        2 samples, Peak.  14.4 ms (1.1x), Avg.  13.0 ms, Total. 26.07 ms (0.0%)
[Performance] DidReloadScriptsTestRunnerWindow.CompilationCallback                                                                               :        2 samples, Peak.   696 us (1.1x), Avg.   650 us, Total. 1.301 ms (0.0%)
[Performance] DidReloadScriptsTestListCache.ScriptReloaded                                                                                       :        2 samples, Peak.  1.75 ms (1.9x), Avg.   931 us, Total. 1.863 ms (0.0%)
[Performance] DidReloadScriptsOnScriptsReloadHandler.OnScriptsReloaded                                                                           :        2 samples, Peak.  3.67 ms (1.7x), Avg.  2.19 ms, Total. 4.373 ms (0.0%)
[Performance] DidReloadScriptsAdvancedDropdownWindow.OnScriptReload                                                                              :        2 samples, Peak.   263 us (1.2x), Avg.   222 us, Total. 443.7 us (0.0%)
[Performance] SyncVS.PostprocessSyncProject                                                                                                      :       18 samples, Peak.  12.9 ms (15.6x), Avg.   828 us, Total. 14.91 ms (0.0%)
[Performance] Application.ImportPackagesAndSetTemplateWhenCreatingProject                                                                        :        1 samples, Peak.   113 ms (1.0x), Avg.   113 ms, Total. 113.4 ms (0.2%)
[Performance] Application.SyncCurrentColorSpace                                                                                                  :        1 samples, Peak.   708 ms (1.0x), Avg.   708 ms, Total. 708.1 ms (1.1%)
[Performance] Application.OnUsbDevicesChanged                                                                                                    :        1 samples, Peak.   509 us (1.0x), Avg.   509 us, Total. 509.3 us (0.0%)
[Performance] Application.AssetInstanceCacheUpdate                                                                                               :        1 samples, Peak.  1.50 us (1.0x), Avg.  1.50 us, Total. 1.500 us (0.0%)
[Performance] Application.UnityExtensions.Initialize                                                                                             :        1 samples, Peak.  5.60 ms (1.0x), Avg.  5.60 ms, Total. 5.597 ms (0.0%)
[Performance] CodeEditorProjectSync.SyncEditorProject                                                                                            :        1 samples, Peak.   287 us (1.0x), Avg.   287 us, Total. 286.6 us (0.0%)
[Performance] Application.ExecuteStartups                                                                                                        :        1 samples, Peak.   104 ms (1.0x), Avg.   104 ms, Total. 104.3 ms (0.2%)
[Performance] Menu.RegisterMenuInterface                                                                                                         :       26 samples, Peak.   171 us (24.9x), Avg.  6.85 us, Total. 178.2 us (0.0%)
[Performance] Gizmo.RebuildRenderers                                                                                                             :        4 samples, Peak.  97.7 ms (3.5x), Avg.  28.3 ms, Total. 113.0 ms (0.2%)
[Performance] Gizmo.AddGizmoRenderers                                                                                                            :      164 samples, Peak.  7.06 ms (86.8x), Avg.  81.3 us, Total. 13.33 ms (0.0%)
[Performance] Application.editorInitializingProject                                                                                              :        1 samples, Peak.   135 ms (1.0x), Avg.   135 ms, Total. 135.3 ms (0.2%)
[Performance] Application.FinishLoadingProject                                                                                                   :        1 samples, Peak.  10.0 s (1.0x), Avg.  10.0 s, Total. 10.03 s (15.5%)
[Performance] Application.InitializeMenu                                                                                                         :        1 samples, Peak.   105 ms (1.0x), Avg.   105 ms, Total. 105.3 ms (0.2%)
[Performance] Menu.RebuildAll                                                                                                                    :        1 samples, Peak.   105 ms (1.0x), Avg.   105 ms, Total. 105.1 ms (0.2%)
[Performance] Menu.BuildRegisteredMenuInterfaces                                                                                                 :        1 samples, Peak.  94.2 ms (1.0x), Avg.  94.2 ms, Total. 94.24 ms (0.1%)
[Performance] Menu.FilterMenuItem                                                                                                                :      745 samples, Peak.  56.3 ms (726.8x), Avg.  77.4 us, Total. 57.68 ms (0.1%)
[Performance] UpdateAllMenus                                                                                                                     :        3 samples, Peak.   106 ms (2.6x), Avg.  40.5 ms, Total. 121.6 ms (0.2%)
[Performance] Selection.selectionChanged: UnityEditor.PackageManager.UI.Internal.SelectionProxy.OnSelectionChanged                               :        1 samples, Peak.   720 us (1.0x), Avg.   720 us, Total. 719.9 us (0.0%)
[Performance] Selection.selectionChanged: UnityEditorInternal.EditMode.OnSelectionChange                                                         :        1 samples, Peak.   688 us (1.0x), Avg.   688 us, Total. 688.1 us (0.0%)
[Performance] EditorSceneManager.sceneClosing: UnityEditor.SceneVisibilityManager.EditorSceneManagerOnSceneClosing                               :        5 samples, Peak.  1.12 ms (3.1x), Avg.   368 us, Total. 1.841 ms (0.0%)
[Performance] EditorSceneManager.sceneClosed: callback in UnityEditor.Search.SearchMonitor                                                       :        4 samples, Peak.   235 us (2.8x), Avg.  82.8 us, Total. 331.2 us (0.0%)
[Performance] EditorSceneManager.activeSceneChangedInEditMode: callback in UnityEditor.Search.SearchMonitor                                      :        4 samples, Peak.  37.2 us (1.9x), Avg.  19.2 us, Total. 76.67 us (0.0%)
[Performance] GUIView.RepaintAll.PlayerLoopController                                                                                            :      243 samples, Peak.   851 ms (90.4x), Avg.  9.42 ms, Total. 2.288 s (3.5%)
[Performance] EditorSceneManager.newSceneCreated: UnityEditor.SceneTemplate.SceneTemplateService.OnNewSceneCreated                               :        2 samples, Peak.   309 us (2.0x), Avg.   156 us, Total. 312.2 us (0.0%)
[Performance] EditorSceneManager.newSceneCreated: UnityEditor.SceneVisibilityManager.EditorSceneManagerOnNewSceneCreated                         :        2 samples, Peak.   146 us (1.8x), Avg.  80.5 us, Total. 161.0 us (0.0%)
[Performance] EditorSceneManager.newSceneCreated: UnityEditor.SceneManagement.StageNavigationManager.OnNewSceneCreated                           :        2 samples, Peak.   116 us (1.8x), Avg.  66.0 us, Total. 132.1 us (0.0%)
[Performance] Application.InvokeFinishedLoadingProject                                                                                           :        1 samples, Peak.  9.34 ms (1.0x), Avg.  9.34 ms, Total. 9.336 ms (0.0%)
[Performance] ProcessService.OnProjectLoaded                                                                                                     :        1 samples, Peak.   105 us (1.0x), Avg.   105 us, Total. 104.8 us (0.0%)
[Performance] VersionControl.Task.Wait                                                                                                           :        1 samples, Peak.  23.0 us (1.0x), Avg.  23.0 us, Total. 22.96 us (0.0%)
[Performance] AssetDatabase.Refresh                                                                                                              :        1 samples, Peak.  71.8 ms (1.0x), Avg.  71.8 ms, Total. 71.81 ms (0.1%)
[Performance] AssetDatabase.ImportAsset                                                                                                          :       12 samples, Peak.   573 ms (1.7x), Avg.   343 ms, Total. 4.116 s (6.4%)
[Performance] PresetManagerPostProcessor.OnPreprocessAsset                                                                                       :       17 samples, Peak.   292 us (4.8x), Avg.  60.7 us, Total. 1.032 ms (0.0%)
[Performance] CancelSplashScreenOnAssetChange.OnPreprocessAsset                                                                                  :       17 samples, Peak.  1.00 ms (12.8x), Avg.  78.5 us, Total. 1.334 ms (0.0%)
[Performance] SceneDataContainer.TransformHierarchyChangedSetParentCallback                                                                      :      768 samples, Peak.   190 us (98.4x), Avg.  1.94 us, Total. 1.486 ms (0.0%)
[Performance] SceneVisibilityState.IsFlagSetInParents                                                                                            :     2574 samples, Peak.   185 us (240.4x), Avg.   768 ns, Total. 1.977 ms (0.0%)
[Performance] AssetDatabase.ImportAssets                                                                                                         :       22 samples, Peak.   401 ms (17.9x), Avg.  22.5 ms, Total. 493.9 ms (0.8%)
[Performance] BuilderAssetPostprocessor.OnPostprocessAllAssets                                                                                   :       32 samples, Peak.  3.73 ms (9.8x), Avg.   379 us, Total. 12.11 ms (0.0%)
[Performance] ArtifactBrowserPostProcessor.OnPostprocessAllAssets                                                                                :       32 samples, Peak.   546 us (12.5x), Avg.  43.7 us, Total. 1.397 ms (0.0%)
[Performance] AssetEvents.OnPostprocessAllAssets                                                                                                 :       64 samples, Peak.   195 us (8.2x), Avg.  23.8 us, Total. 1.524 ms (0.0%)
[Performance] AudioMixerPostprocessor.OnPostprocessAllAssets                                                                                     :       32 samples, Peak.   960 us (16.5x), Avg.  58.2 us, Total. 1.864 ms (0.0%)
[Performance] StyleCatalogPostProcessor.OnPostprocessAllAssets                                                                                   :       32 samples, Peak.  18.7 ms (14.9x), Avg.  1.26 ms, Total. 40.23 ms (0.1%)
[Performance] BuildCatalog                                                                                                                       :        2 samples, Peak.  17.7 ms (1.1x), Avg.  16.0 ms, Total. 32.03 ms (0.0%)
[Performance] ModelImporterPostProcessor.OnPostprocessAllAssets                                                                                  :       32 samples, Peak.  39.9 ms (7.1x), Avg.  5.59 ms, Total. 179.0 ms (0.3%)
[Performance] RetainedModeAssetPostprocessor.OnPostprocessAllAssets                                                                              :       32 samples, Peak.  2.29 ms (8.4x), Avg.   272 us, Total. 8.697 ms (0.0%)
[Performance] AssetChangedListener.OnPostprocessAllAssets                                                                                        :       32 samples, Peak.  6.29 ms (7.3x), Avg.   864 us, Total. 27.66 ms (0.0%)
[Performance] SpeedTreePostProcessor.OnPostprocessAllAssets                                                                                      :       32 samples, Peak.   162 us (4.1x), Avg.  39.8 us, Total. 1.275 ms (0.0%)
[Performance] TextAssetPostProcessor.OnPostprocessAllAssets                                                                                      :       32 samples, Peak.   460 us (8.1x), Avg.  57.0 us, Total. 1.824 ms (0.0%)
[Performance] ModelImporter.Import                                                                                                               :        8 samples, Peak.   532 ms (1.3x), Avg.   395 ms, Total. 3.159 s (4.9%)
[Performance] FBXMaterialDescriptionPreprocessor.OnPreprocessMaterialDescription                                                                 :        8 samples, Peak.  21.3 ms (7.2x), Avg.  2.97 ms, Total. 23.74 ms (0.0%)
[Performance] SketchupMaterialDescriptionPreprocessor.OnPreprocessMaterialDescription                                                            :        8 samples, Peak.   147 us (4.0x), Avg.  36.4 us, Total. 290.9 us (0.0%)
[Performance] ThreeDSMaterialDescriptionPreprocessor.OnPreprocessMaterialDescription                                                             :        8 samples, Peak.   383 us (6.4x), Avg.  59.4 us, Total. 475.4 us (0.0%)
[Performance] TreeAOImporter.OnPostprocessModel                                                                                                  :        8 samples, Peak.  8.81 ms (7.3x), Avg.  1.20 ms, Total. 9.633 ms (0.0%)
[Performance] AssetDatabase.DeleteAssets                                                                                                         :        1 samples, Peak.   130 ms (1.0x), Avg.   130 ms, Total. 129.8 ms (0.2%)
[Performance] BuilderAssetModificationProcessor.OnWillDeleteAsset                                                                                :        1 samples, Peak.  4.16 ms (1.0x), Avg.  4.16 ms, Total. 4.159 ms (0.0%)
[Performance] TMP_FontAssetPostProcessor.OnWillDeleteAsset                                                                                       :        1 samples, Peak.  1.85 ms (1.0x), Avg.  1.85 ms, Total. 1.851 ms (0.0%)
[Performance] CancelSplashScreenOnAssetDelete.OnWillDeleteAsset                                                                                  :        1 samples, Peak.   571 us (1.0x), Avg.   571 us, Total. 570.7 us (0.0%)
[Performance] ShaderImporter.SourceAssetModified                                                                                                 :        4 samples, Peak.  3.33 us (2.6x), Avg.  1.26 us, Total. 5.041 us (0.0%)
[Performance] ShaderIncludeImporter.SourceAssetModified                                                                                          :        4 samples, Peak.   750 ns (1.3x), Avg.   594 ns, Total. 2.375 us (0.0%)
[Performance] EditorApplication.projectChanged: UnityEditor.Audio.MixerEffectDefinitionReloader.OnProjectChanged                                 :        2 samples, Peak.  1.72 ms (1.3x), Avg.  1.32 ms, Total. 2.640 ms (0.0%)
[Performance] BuilderAssetModificationProcessor.OnWillCreateAsset                                                                                :        3 samples, Peak.   492 us (2.6x), Avg.   190 us, Total. 568.6 us (0.0%)
[Performance] BuilderAssetModificationProcessor.OnWillSaveAssets                                                                                 :        3 samples, Peak.  1.25 ms (2.6x), Avg.   487 us, Total. 1.460 ms (0.0%)
[Performance] TerrainModificationProcessor.OnWillSaveAssets                                                                                      :        3 samples, Peak.  1.09 ms (1.8x), Avg.   617 us, Total. 1.851 ms (0.0%)
[Performance] EditorSceneManager.sceneSaving: UnityEditor.SceneTemplate.SceneTemplateService.OnSceneSaving                                       :        1 samples, Peak.  2.57 ms (1.0x), Avg.  2.57 ms, Total. 2.572 ms (0.0%)
[Performance] EditorSceneManager.sceneSaving: UnityEditor.SceneVisibilityManager.EditorSceneManagerOnSceneSaving                                 :        1 samples, Peak.   885 us (1.0x), Avg.   885 us, Total. 885.5 us (0.0%)
[Performance] EditorSceneManager.sceneSaved: UnityEditor.SceneTemplate.SceneTemplateService.OnSceneSaved                                         :        1 samples, Peak.   226 ms (1.0x), Avg.   226 ms, Total. 225.5 ms (0.3%)
[Performance] EditorSceneManager.sceneSaved: UnityEditor.SceneVisibilityManager.EditorSceneManagerOnSceneSaved                                   :        1 samples, Peak.   502 us (1.0x), Avg.   502 us, Total. 502.1 us (0.0%)
[Performance] EditorSceneManager.sceneOpening: UnityEditor.SceneVisibilityManager.EditorSceneManagerOnSceneOpening                               :        1 samples, Peak.  1.18 ms (1.0x), Avg.  1.18 ms, Total. 1.182 ms (0.0%)
[Performance] Inspector.InitOrRebuild                                                                                                            :        3 samples, Peak.  4.83 ms (1.7x), Avg.  2.86 ms, Total. 8.573 ms (0.0%)
[Performance] EditorSceneManager.sceneOpened: callback in UnityEditor.Search.SearchMonitor                                                       :        1 samples, Peak.  95.8 us (1.0x), Avg.  95.8 us, Total. 95.83 us (0.0%)
[Performance] EditorSceneManager.sceneOpened: UnityEditor.SceneTemplate.SceneTemplateService.OnSceneOpened                                       :        1 samples, Peak.  1.38 ms (1.0x), Avg.  1.38 ms, Total. 1.377 ms (0.0%)
[Performance] EditorSceneManager.sceneOpened: UnityEditor.SceneVisibilityManager.EditorSceneManagerOnSceneOpened                                 :        1 samples, Peak.   661 us (1.0x), Avg.   661 us, Total. 660.6 us (0.0%)
[Performance] EditorSceneManager.sceneOpened: UnityEditor.SceneManagement.StageNavigationManager.OnSceneOpened                                   :        1 samples, Peak.   938 us (1.0x), Avg.   938 us, Total. 938.5 us (0.0%)
[Performance] Menu.Game                                                                                                                          :        1 samples, Peak.   931 ms (1.0x), Avg.   931 ms, Total. 931.5 ms (1.4%)
[Performance] MenuItem.Game                                                                                                                      :        1 samples, Peak.   926 ms (1.0x), Avg.   926 ms, Total. 926.3 ms (1.4%)
[Performance] EditorResources.Load                                                                                                               :      221 samples, Peak.   118 ms (119.6x), Avg.   987 us, Total. 218.1 ms (0.3%)
[Performance] EditorApplication.playModeStateChanged                                                                                             :        2 samples, Peak.  22.8 ms (1.7x), Avg.  13.3 ms, Total. 26.61 ms (0.0%)
[Performance] EditorApplication.playModeStateChanged: UnityEditor.PackageManager.UI.Internal.PlayModeDownload.PlayModeStateChanged               :        4 samples, Peak.  2.46 ms (3.0x), Avg.   818 us, Total. 3.274 ms (0.0%)
[Performance] EditorApplication.playModeStateChanged: UnityEditor.SceneManagement.EditorSceneManager.PlayModeStateChangedCallback                :        4 samples, Peak.   144 us (2.9x), Avg.  50.6 us, Total. 202.5 us (0.0%)
[Performance] EditorApplication.playModeStateChanged: UnityEditor.Search.SearchMonitor.OnPlayModeChanged                                         :        3 samples, Peak.   834 us (1.6x), Avg.   523 us, Total. 1.569 ms (0.0%)
[Performance] EditorApplication.playModeStateChanged: Unity.Burst.Editor.BurstLoader.EditorApplicationOnPlayModeStateChanged                     :        4 samples, Peak.   870 us (1.8x), Avg.   477 us, Total. 1.908 ms (0.0%)
[Performance] EditorApplication.playModeStateChanged: UnityEditor.TestTools.TestRunner.PlaymodeLauncher+BackgroundWatcher.OnPlayModeStateChanged :        4 samples, Peak.  5.22 ms (3.3x), Avg.  1.56 ms, Total. 6.257 ms (0.0%)
[Performance] EditorApplication.playModeStateChanged: UnityEditor.PackageManager.UI.Internal.ApplicationProxy.PlayModeStateChanged               :        4 samples, Peak.   295 us (1.4x), Avg.   210 us, Total. 841.7 us (0.0%)
[Performance] EditorApplication.playModeStateChanged: UnityEditor.SceneVisibilityManager.EditorApplicationPlayModeStateChanged                   :        4 samples, Peak.   386 us (2.8x), Avg.   136 us, Total. 544.8 us (0.0%)
[Performance] EditorApplication.playModeStateChanged: UnityEditor.TestTools.TestRunner.TestRunnerWindow.OnPlayModeStateChanged                   :        4 samples, Peak.  1000 us (3.2x), Avg.   316 us, Total. 1.263 ms (0.0%)
[Performance] EditorApplication.playModeStateChanged: UnityEditor.GameView.OnPlayModeStateChanged                                                :        4 samples, Peak.   129 us (2.4x), Avg.  54.8 us, Total. 219.0 us (0.0%)
[Performance] EditorApplication.playModeStateChanged: UnityEditor.UIElements.DefaultEditorWindowBackend.PlayModeStateChangedCallback             :        4 samples, Peak.  7.49 ms (3.9x), Avg.  1.94 ms, Total. 7.779 ms (0.0%)
[Performance] Application.InvokeProjectWasLoaded                                                                                                 :        1 samples, Peak.  45.3 us (1.0x), Avg.  45.3 us, Total. 45.29 us (0.0%)
[Performance] Application.Tick                                                                                                                   :      239 samples, Peak.  4.88 s (63.2x), Avg.  77.3 ms, Total. 18.47 s (28.6%)
[Performance] CheckLicensingClient                                                                                                               :        4 samples, Peak.   634 us (1.3x), Avg.   483 us, Total. 1.931 ms (0.0%)
[Performance] CheckLicensingClientNotification                                                                                                   :        4 samples, Peak.   369 us (1.3x), Avg.   291 us, Total. 1.162 ms (0.0%)
[Performance] Application.TickVersionControl                                                                                                     :      240 samples, Peak.   656 us (110.0x), Avg.  5.97 us, Total. 1.432 ms (0.0%)
[Performance] MonoCompiler.Tick                                                                                                                  :       61 samples, Peak.  4.41 s (60.7x), Avg.  72.6 ms, Total. 4.429 s (6.9%)
[Performance] Application.EnterPlayMode                                                                                                          :        1 samples, Peak.  4.38 s (1.0x), Avg.  4.38 s, Total. 4.383 s (6.8%)
[Performance] Application.Reload                                                                                                                 :        1 samples, Peak.  1.69 s (1.0x), Avg.  1.69 s, Total. 1.692 s (2.6%)
[Performance] AssemblyReloadEvents.beforeAssemblyReload: UnityEditor.Search.SearchMonitor.OnBeforeAssemblyReload                                 :        1 samples, Peak.  4.06 ms (1.0x), Avg.  4.06 ms, Total. 4.056 ms (0.0%)
[Performance] UnityBuildPostprocessor.OnProcessScene                                                                                             :        1 samples, Peak.  1.97 ms (1.0x), Avg.  1.97 ms, Total. 1.973 ms (0.0%)
[Performance] GameView.Repaint                                                                                                                   :      242 samples, Peak.   828 ms (91.2x), Avg.  9.08 ms, Total. 2.196 s (3.4%)
[Performance] RefreshSkin                                                                                                                        :        1 samples, Peak.   242 ms (1.0x), Avg.   242 ms, Total. 242.4 ms (0.4%)
[Performance] UnityConnect.Tick                                                                                                                  :       57 samples, Peak.  25.3 ms (35.8x), Avg.   706 us, Total. 40.27 ms (0.1%)
[Performance] Collab.Tick                                                                                                                        :       57 samples, Peak.  1.86 ms (34.0x), Avg.  54.7 us, Total. 3.115 ms (0.0%)
[Performance] CurlRequest.Tick                                                                                                                   :      101 samples, Peak.  11.5 ms (86.2x), Avg.   134 us, Total. 13.49 ms (0.0%)
[Performance] WebSocketClient.Tick                                                                                                               :      101 samples, Peak.   323 us (65.1x), Avg.  4.96 us, Total. 500.5 us (0.0%)
[Performance] AssetDatabase.Tick                                                                                                                 :      101 samples, Peak.   669 us (95.5x), Avg.  7.01 us, Total. 708.0 us (0.0%)
[Performance] SceneBackgroundTask.Tick                                                                                                           :       77 samples, Peak.   709 ns (2.3x), Avg.   307 ns, Total. 23.63 us (0.0%)
[Performance] Scheduler.Tick                                                                                                                     :      240 samples, Peak.  8.14 ms (111.1x), Avg.  73.3 us, Total. 17.58 ms (0.0%)
[Performance] RepaintAllProfilerWindows                                                                                                          :       28 samples, Peak.   876 us (25.9x), Avg.  33.8 us, Total. 947.0 us (0.0%)
[Performance] PlayerUpdates.Tick                                                                                                                 :      153 samples, Peak.  93.9 us (5.2x), Avg.  17.9 us, Total. 2.739 ms (0.0%)
[Performance] Application.TickGlobalCallbacks                                                                                                    :      240 samples, Peak.   175 ms (215.6x), Avg.   812 us, Total. 194.8 ms (0.3%)
[Performance] EditorAnalytics.Tick                                                                                                               :       51 samples, Peak.  1.58 ms (34.2x), Avg.  46.1 us, Total. 2.352 ms (0.0%)
[Performance] Video.Update                                                                                                                       :      240 samples, Peak.  11.7 us (21.1x), Avg.   555 ns, Total. 133.3 us (0.0%)
[Performance] Application.TickProgress                                                                                                           :      240 samples, Peak.  4.77 ms (207.8x), Avg.  23.0 us, Total. 5.512 ms (0.0%)
[Performance] Application.TickSceneTracker                                                                                                       :      240 samples, Peak.  59.1 ms (122.9x), Avg.   481 us, Total. 115.4 ms (0.2%)
[Performance] ObjectChangeEvents.changesPublished: UnityEditor.PrefabInstanceChangedListener.OnObjectChanged                                     :        1 samples, Peak.   836 us (1.0x), Avg.   836 us, Total. 836.0 us (0.0%)
[Performance] ObjectChangeEvents.changesPublished: UnityEditor.Search.SearchMonitor.OnObjectChanged                                              :        1 samples, Peak.   422 us (1.0x), Avg.   422 us, Total. 421.8 us (0.0%)
[Performance] EditorApplication.update                                                                                                           :      240 samples, Peak.  59.1 ms (129.4x), Avg.   457 us, Total. 109.7 ms (0.2%)
[Performance] EditorApplication.update: UnityEditor.PackageManager.UI.Internal.ApplicationProxy.OnUpdate                                         :      240 samples, Peak.  59.1 ms (146.2x), Avg.   404 us, Total. 97.00 ms (0.2%)
[Performance] EditorApplication.update: UnityEditor.GameView.RepaintIfNeeded                                                                     :      240 samples, Peak.   201 us (49.8x), Avg.  4.04 us, Total. 969.2 us (0.0%)
[Performance] EditorApplication.update: UnityEditor.SceneManagement.StageNavigationManager.Update                                                :      240 samples, Peak.   713 us (107.2x), Avg.  6.66 us, Total. 1.598 ms (0.0%)
[Performance] EditorApplication.update: GLTFast.OnScriptsReloadHandler.Progress                                                                  :        1 samples, Peak.  6.49 ms (1.0x), Avg.  6.49 ms, Total. 6.491 ms (0.0%)
[Performance] Package.AsyncRequest                                                                                                               :        1 samples, Peak.   424 us (1.0x), Avg.   424 us, Total. 424.2 us (0.0%)
[Performance] ConsoleLog.Tick                                                                                                                    :       61 samples, Peak.  3.29 ms (42.0x), Avg.  78.4 us, Total. 4.780 ms (0.0%)
[Performance] HierarchyWindow.Tick                                                                                                               :       78 samples, Peak.  2.76 ms (66.6x), Avg.  41.4 us, Total. 3.226 ms (0.0%)
[Performance] EditorApplication.hierarchyChanged: Unity.UIElements.Editor.UIDocumentHierarchyWatcher.OnHierarchyChanged                          :        2 samples, Peak.   234 us (1.3x), Avg.   179 us, Total. 357.9 us (0.0%)
[Performance] Inspector.Tick                                                                                                                     :       77 samples, Peak.  65.1 ms (74.0x), Avg.   880 us, Total. 67.77 ms (0.1%)
[Performance] EditorApplication.delayCall: UnityEditor.ShortcutManagement.ShortcutIntegration.EnsureShortcutsAreInitialized                      :        1 samples, Peak.  61.0 ms (1.0x), Avg.  61.0 ms, Total. 60.98 ms (0.1%)
[Performance] EditorApplication.delayCall: callback in UnityEditor.SceneVisibilityManager                                                        :        1 samples, Peak.  2.68 ms (1.0x), Avg.  2.68 ms, Total. 2.680 ms (0.0%)
[Performance] EditorApplication.delayCall: callback in UnityEditor.EditorTools.ToolShortcutContext                                               :        1 samples, Peak.   279 us (1.0x), Avg.   279 us, Total. 278.7 us (0.0%)
[Performance] EditorApplication.delayCall: callback in UnityEditor.EditorWindow                                                                  :        1 samples, Peak.   128 us (1.0x), Avg.   128 us, Total. 128.3 us (0.0%)
[Performance] Tooltip.Tick                                                                                                                       :      151 samples, Peak.  12.9 us (16.1x), Avg.   801 ns, Total. 120.9 us (0.0%)
[Performance] Application.RequestRepaintForPanels                                                                                                :      239 samples, Peak.   571 us (108.2x), Avg.  5.27 us, Total. 1.261 ms (0.0%)
[Performance] Application.UpdateScene                                                                                                            :      239 samples, Peak.   245 ms (4.5x), Avg.  54.4 ms, Total. 12.99 s (20.1%)
[Performance] PackageImporter.Tick                                                                                                               :       60 samples, Peak.  2.67 us (3.8x), Avg.   699 ns, Total. 41.96 us (0.0%)
[Performance] InspectorBackground.Tick                                                                                                           :       75 samples, Peak.  1.04 us (2.1x), Avg.   486 ns, Total. 36.46 us (0.0%)
[Performance] BurstDebug.Tick                                                                                                                    :       27 samples, Peak.   111 us (8.7x), Avg.  12.8 us, Total. 345.0 us (0.0%)
[Performance] Application.ChangeLayoutIfNeeded                                                                                                   :      239 samples, Peak.  2.63 us (35.8x), Avg.  73.4 ns, Total. 17.53 us (0.0%)
[Performance] AsyncReadManager.ForceCloseFiles                                                                                                   :       16 samples, Peak.   205 us (12.5x), Avg.  16.5 us, Total. 263.2 us (0.0%)
[Performance] Application.Message                                                                                                                :      239 samples, Peak.  84.1 ms (235.5x), Avg.   357 us, Total. 85.34 ms (0.1%)
[Performance] Application.TickPreloadManager                                                                                                     :       89 samples, Peak.  21.4 us (4.0x), Avg.  5.40 us, Total. 480.9 us (0.0%)
[Performance] GameView.MouseMove                                                                                                                 :       10 samples, Peak.  76.7 ms (9.9x), Avg.  7.78 ms, Total. 77.78 ms (0.1%)
[Performance] GameView.MouseDown                                                                                                                 :        1 samples, Peak.  25.9 ms (1.0x), Avg.  25.9 ms, Total. 25.87 ms (0.0%)
[Performance] GameView.MouseUp                                                                                                                   :        1 samples, Peak.  7.42 ms (1.0x), Avg.  7.42 ms, Total. 7.415 ms (0.0%)
[Performance] GameView.MouseEnterWindow                                                                                                          :        1 samples, Peak.  9.06 ms (1.0x), Avg.  9.06 ms, Total. 9.065 ms (0.0%)
[Performance] GameView.MouseLeaveWindow                                                                                                          :        1 samples, Peak.  10.1 ms (1.0x), Avg.  10.1 ms, Total. 10.11 ms (0.0%)
[Performance] Application.ExitPlayMode                                                                                                           :        1 samples, Peak.   546 ms (1.0x), Avg.   546 ms, Total. 545.9 ms (0.8%)
[Performance] CoreBusinessMetrics.Tick                                                                                                           :        1 samples, Peak.  2.04 ms (1.0x), Avg.  2.04 ms, Total. 2.037 ms (0.0%)
[Performance] GI.Tick                                                                                                                            :        1 samples, Peak.  2.32 ms (1.0x), Avg.  2.32 ms, Total. 2.318 ms (0.0%)
[Performance] UnitySynchronization.ExecuteTasks                                                                                                  :        1 samples, Peak.  5.13 us (1.0x), Avg.  5.13 us, Total. 5.125 us (0.0%)
[Performance] Application.Shutdown.CollabTerminate                                                                                               :        1 samples, Peak.   953 us (1.0x), Avg.   953 us, Total. 953.3 us (0.0%)
[Performance] Application.Shutdown.CollabCleanup                                                                                                 :        1 samples, Peak.  2.51 ms (1.0x), Avg.  2.51 ms, Total. 2.508 ms (0.0%)
[Performance] Application.Shutdown.SaveDefaultWindowPreferences                                                                                  :        1 samples, Peak.   277 us (1.0x), Avg.   277 us, Total. 276.8 us (0.0%)
[Performance] Application.Shutdown.SaveSceneManagerSetup                                                                                         :        1 samples, Peak.   300 us (1.0x), Avg.   300 us, Total. 300.3 us (0.0%)
[Performance] Application.Shutdown.CleanupAllContainerWindows                                                                                    :        1 samples, Peak.  44.3 ms (1.0x), Avg.  44.3 ms, Total. 44.30 ms (0.1%)
[Performance] EditorApplication.quitting: Unity.Burst.Editor.BurstLoader.OnEditorApplicationQuitting                                             :        1 samples, Peak.  33.5 us (1.0x), Avg.  33.5 us, Total. 33.54 us (0.0%)
[Performance] EditorApplication.quitting: callback in UnityEditor.TextCore.Text.EditorEventCallbacks                                             :        1 samples, Peak.  92.3 ms (1.0x), Avg.  92.3 ms, Total. 92.32 ms (0.1%)
[Performance] EditorApplication.quitting: UnityEditor.Search.SearchMonitor.OnQuitting                                                            :        1 samples, Peak.  1.85 ms (1.0x), Avg.  1.85 ms, Total. 1.850 ms (0.0%)
[Performance] Application.Shutdown.PauseProfilerSession                                                                                          :        1 samples, Peak.  32.1 us (1.0x), Avg.  32.1 us, Total. 32.08 us (0.0%)
[Performance] Application.Shutdown.PauseAssetImportWorkers                                                                                       :        1 samples, Peak.  2.50 ms (1.0x), Avg.  2.50 ms, Total. 2.498 ms (0.0%)
[Performance] Application.Shutdown.SaveAssets                                                                                                    :        1 samples, Peak.  14.9 ms (1.0x), Avg.  14.9 ms, Total. 14.94 ms (0.0%)
[Performance] Application.Shutdown.CleanupRenderPipeline                                                                                         :        1 samples, Peak.  9.33 us (1.0x), Avg.  9.33 us, Total. 9.334 us (0.0%)
[Performance] Application.Shutdown.StopPreloadManager                                                                                            :        1 samples, Peak.  11.2 ms (1.0x), Avg.  11.2 ms, Total. 11.19 ms (0.0%)
[Performance] Application.Shutdown.DestroyWorld                                                                                                  :        1 samples, Peak.  2.92 ms (1.0x), Avg.  2.92 ms, Total. 2.915 ms (0.0%)
[Performance] Application.Shutdown.CleanupAfterLoad                                                                                              :        1 samples, Peak.   185 ms (1.0x), Avg.   185 ms, Total. 185.1 ms (0.3%)
[Performance] Application.Shutdown.Progress                                                                                                      :        1 samples, Peak.  22.3 us (1.0x), Avg.  22.3 us, Total. 22.33 us (0.0%)
[Performance] Application.Shutdown.GICleanupManagers                                                                                             :        1 samples, Peak.  5.15 ms (1.0x), Avg.  5.15 ms, Total. 5.155 ms (0.0%)
[Performance] Application.Shutdown.MenuCleanupClass                                                                                              :        1 samples, Peak.   507 us (1.0x), Avg.   507 us, Total. 506.9 us (0.0%)
[Performance] Application.Shutdown.ADBSaveStateBeforeShutdown                                                                                    :        1 samples, Peak.  6.25 us (1.0x), Avg.  6.25 us, Total. 6.250 us (0.0%)
[Performance] Application.Shutdown.RemoteShutdown                                                                                                :        1 samples, Peak.   583 ns (1.0x), Avg.   583 ns, Total. 583.0 ns (0.0%)
[Performance] Application.Shutdown.CleanupVCProvider                                                                                             :        1 samples, Peak.   134 us (1.0x), Avg.   134 us, Total. 133.7 us (0.0%)
[Performance] Application.Shutdown.InputShutdown                                                                                                 :        1 samples, Peak.   144 us (1.0x), Avg.   144 us, Total. 144.0 us (0.0%)
[Performance] Application.Shutdown.GizmoManagerDestroy                                                                                           :        1 samples, Peak.   913 us (1.0x), Avg.   913 us, Total. 912.6 us (0.0%)
[Performance] Application.Shutdown.ProfilerSession                                                                                               :        1 samples, Peak.  1.01 ms (1.0x), Avg.  1.01 ms, Total. 1.014 ms (0.0%)
[Performance] Application.Shutdown.ReleaseGfxWindowOnAllGUIViews                                                                                 :        1 samples, Peak.   625 ns (1.0x), Avg.   625 ns, Total. 625.0 ns (0.0%)
[Performance] Application.Shutdown.CleanupEngine                                                                                                 :        1 samples, Peak.   238 ms (1.0x), Avg.   238 ms, Total. 237.7 ms (0.4%)
[Performance] Application.Shutdown.CleanupAssetDatabase                                                                                          :        1 samples, Peak.  8.89 ms (1.0x), Avg.  8.89 ms, Total. 8.893 ms (0.0%)
[Performance] Application.Shutdown.ScriptCompilationCleanUp                                                                                      :        1 samples, Peak.  72.4 us (1.0x), Avg.  72.4 us, Total. 72.38 us (0.0%)
[Performance] Application.Shutdown.DestroyJobSystem                                                                                              :        1 samples, Peak.  87.3 us (1.0x), Avg.  87.3 us, Total. 87.29 us (0.0%)
[Performance] Application.Shutdown.CleanupPersistentManager                                                                                      :        1 samples, Peak.  1.87 ms (1.0x), Avg.  1.87 ms, Total. 1.873 ms (0.0%)
[Performance] Application.Shutdown.CleanupAsyncReadManager                                                                                       :        1 samples, Peak.   103 us (1.0x), Avg.   103 us, Total. 102.8 us (0.0%)
[Performance] Application.Shutdown.CleanupMono                                                                                                   :        1 samples, Peak.   197 ms (1.0x), Avg.   197 ms, Total. 196.9 ms (0.3%)
[Performance] Application.Shutdown.CleanupStdConverters                                                                                          :        1 samples, Peak.  7.75 us (1.0x), Avg.  7.75 us, Total. 7.750 us (0.0%)
[Performance] Application.Shutdown.UnloadAllPlatformSupportModuleNativeDlls                                                                      :        1 samples, Peak.   161 us (1.0x), Avg.   161 us, Total. 161.3 us (0.0%)
[Performance] Application.Shutdown.UnloadAllPlatformSupportNativeLibraries                                                                       :        1 samples, Peak.   167 ns (1.0x), Avg.   167 ns, Total. 167.0 ns (0.0%)
[Performance] Application.Shutdown.CleanupAutoDocumentation                                                                                      :        1 samples, Peak.   379 us (1.0x), Avg.   379 us, Total. 379.4 us (0.0%)
[Performance] Application.Shutdown.ShaderNameManagerDestroy                                                                                      :        1 samples, Peak.   282 us (1.0x), Avg.   282 us, Total. 282.1 us (0.0%)
[Performance] Application.Shutdown.CleanupCacheServer                                                                                            :        1 samples, Peak.   167 ns (1.0x), Avg.   167 ns, Total. 167.0 ns (0.0%)
[Performance] Application.Shutdown.Virtualization_Shutdown                                                                                       :        1 samples, Peak.  18.6 us (1.0x), Avg.  18.6 us, Total. 18.62 us (0.0%)
[Performance] Application.Shutdown.DevConnections                                                                                                :        1 samples, Peak.   229 us (1.0x), Avg.   229 us, Total. 229.3 us (0.0%)
[Package Manager] Server::Kill -- Server was shutdown
Checking for leaked weakptr:
  Found no leaked weakptrs.
Memory Statistics:
[ALLOC_TEMP_TLS] TLS Allocator
  StackAllocators : 
    [ALLOC_TEMP_CurlRequest]
      Initial Block Size 64.0 KB
      Current Block Size 64.0 KB
      Peak Allocated Bytes 0 B
      Overflow Count 0
    [ALLOC_TEMP_MAIN]
      Peak usage frame count: [2.0 MB-4.0 MB]: 238 frames, [8.0 MB-16.0 MB]: 1 frames
      Initial Block Size 16.0 MB
      Current Block Size 17.7 MB
      Peak Allocated Bytes 9.4 MB
      Overflow Count 0
    [ALLOC_TEMP_Background Job.worker 6]
      Initial Block Size 32.0 KB
      Current Block Size 32.0 KB
      Peak Allocated Bytes 0 B
      Overflow Count 0
    [ALLOC_TEMP_Background Job.worker 15]
      Initial Block Size 32.0 KB
      Current Block Size 32.0 KB
      Peak Allocated Bytes 0 B
      Overflow Count 0
    [ALLOC_TEMP_BakingJobs.worker 0]
      Initial Block Size 256.0 KB
      Current Block Size 256.0 KB
      Peak Allocated Bytes 0 B
      Overflow Count 0
    [ALLOC_TEMP_AssetDatabase.FileHasherReader] x 4
      Initial Block Size 64.0 KB
      Current Block Size 64.0 KB
      Peak Allocated Bytes 31 B
      Overflow Count 0
    [ALLOC_TEMP_BakingJobs.worker 1]
      Initial Block Size 256.0 KB
      Current Block Size 256.0 KB
      Peak Allocated Bytes 301 B
      Overflow Count 0
    [ALLOC_TEMP_BatchDeleteObjects]
      Initial Block Size 64.0 KB
      Current Block Size 64.0 KB
      Peak Allocated Bytes 0 B
      Overflow Count 0
    [ALLOC_TEMP_CoreBusinessMetricsCache]
      Initial Block Size 64.0 KB
      Current Block Size 64.0 KB
      Peak Allocated Bytes 7.9 KB
      Overflow Count 0
    [ALLOC_TEMP_REST Message Handler]
      Initial Block Size 64.0 KB
      Current Block Size 64.0 KB
      Peak Allocated Bytes 0 B
      Overflow Count 0
    [ALLOC_TEMP_Job.worker 4]
      Initial Block Size 256.0 KB
      Current Block Size 1.2 MB
      Peak Allocated Bytes 1.2 MB
      Overflow Count 1
    [ALLOC_TEMP_Background Job.worker 1]
      Initial Block Size 32.0 KB
      Current Block Size 64.0 KB
      Peak Allocated Bytes 31.3 KB
      Overflow Count 0
    [ALLOC_TEMP_AssetDatabase.IOService]
      Initial Block Size 64.0 KB
      Current Block Size 64.0 KB
      Peak Allocated Bytes 0 B
      Overflow Count 0
    [ALLOC_TEMP_Loading.PreloadManager] x 3
      Initial Block Size 32.0 MB
      Current Block Size 32.0 MB
      Peak Allocated Bytes 2.0 MB
      Overflow Count 0
    [ALLOC_TEMP_Background Job.worker 4]
      Initial Block Size 32.0 KB
      Current Block Size 32.0 KB
      Peak Allocated Bytes 0 B
      Overflow Count 0
    [ALLOC_TEMP_Background Job.worker 7]
      Initial Block Size 32.0 KB
      Current Block Size 32.0 KB
      Peak Allocated Bytes 0 B
      Overflow Count 0
    [ALLOC_TEMP_CloudJob.worker 0]
      Initial Block Size 32.0 KB
      Current Block Size 32.0 KB
      Peak Allocated Bytes 5.0 KB
      Overflow Count 0
    [ALLOC_TEMP_Background Job.worker 10]
      Initial Block Size 32.0 KB
      Current Block Size 32.0 KB
      Peak Allocated Bytes 0 B
      Overflow Count 0
    [ALLOC_TEMP_Background Job.worker 12]
      Initial Block Size 32.0 KB
      Current Block Size 32.0 KB
      Peak Allocated Bytes 0 B
      Overflow Count 0
    [ALLOC_TEMP_Background Job.worker 13]
      Initial Block Size 32.0 KB
      Current Block Size 32.0 KB
      Peak Allocated Bytes 0 B
      Overflow Count 0
    [ALLOC_TEMP_CurlRequest]
      Initial Block Size 64.0 KB
      Current Block Size 64.0 KB
      Peak Allocated Bytes 0 B
      Overflow Count 0
    [ALLOC_TEMP_BakingJobs.worker 4]
      Initial Block Size 256.0 KB
      Current Block Size 256.0 KB
      Peak Allocated Bytes 0 B
      Overflow Count 0
    [ALLOC_TEMP_Profiler.Dispatcher]
      Initial Block Size 64.0 KB
      Current Block Size 64.0 KB
      Peak Allocated Bytes 0 B
      Overflow Count 0
    [ALLOC_TEMP_Background Job.worker 14]
      Initial Block Size 32.0 KB
      Current Block Size 32.0 KB
      Peak Allocated Bytes 0 B
      Overflow Count 0
    [ALLOC_TEMP_ReadCacheIndex] x 3
      Initial Block Size 64.0 KB
      Current Block Size 64.0 KB
      Peak Allocated Bytes 1.0 KB
      Overflow Count 0
    [ALLOC_TEMP_Background Job.worker 9]
      Initial Block Size 32.0 KB
      Current Block Size 32.0 KB
      Peak Allocated Bytes 0 B
      Overflow Count 0
    [ALLOC_TEMP_EnlightenWorker] x 4
      Initial Block Size 64.0 KB
      Current Block Size 64.0 KB
      Peak Allocated Bytes 0 B
      Overflow Count 0
    [ALLOC_TEMP_Job.worker 3]
      Initial Block Size 256.0 KB
      Current Block Size 1.2 MB
      Peak Allocated Bytes 1.2 MB
      Overflow Count 0
    [ALLOC_TEMP_Job.worker 2]
      Initial Block Size 256.0 KB
      Current Block Size 1.2 MB
      Peak Allocated Bytes 1.2 MB
      Overflow Count 0
    [ALLOC_TEMP_Loading.AsyncRead]
      Initial Block Size 64.0 KB
      Current Block Size 64.0 KB
      Peak Allocated Bytes 128 B
      Overflow Count 0
    [ALLOC_TEMP_Background Job.worker 3]
      Initial Block Size 32.0 KB
      Current Block Size 32.0 KB
      Peak Allocated Bytes 0 B
      Overflow Count 0
    [ALLOC_TEMP_Background Job.worker 2]
      Initial Block Size 32.0 KB
      Current Block Size 32.0 KB
      Peak Allocated Bytes 103 B
      Overflow Count 0
    [ALLOC_TEMP_Background Job.worker 8]
      Initial Block Size 32.0 KB
      Current Block Size 32.0 KB
      Peak Allocated Bytes 0 B
      Overflow Count 0
    [ALLOC_TEMP_OSX HID Input]
      Initial Block Size 64.0 KB
      Current Block Size 64.0 KB
      Peak Allocated Bytes 0 B
      Overflow Count 0
    [ALLOC_TEMP_BakingJobs.worker 6]
      Initial Block Size 256.0 KB
      Current Block Size 256.0 KB
      Peak Allocated Bytes 0 B
      Overflow Count 0
    [ALLOC_TEMP_BakingJobs.worker 7]
      Initial Block Size 256.0 KB
      Current Block Size 256.0 KB
      Peak Allocated Bytes 0 B
      Overflow Count 0
    [ALLOC_TEMP_Job.worker 6]
      Initial Block Size 256.0 KB
      Current Block Size 256.0 KB
      Peak Allocated Bytes 13.0 KB
      Overflow Count 1
    [ALLOC_TEMP_Background Job.worker 0]
      Initial Block Size 32.0 KB
      Current Block Size 32.0 KB
      Peak Allocated Bytes 0 B
      Overflow Count 0
    [ALLOC_TEMP_AUDIO_FMOD stream thread]
      Initial Block Size 64.0 KB
      Current Block Size 64.0 KB
      Peak Allocated Bytes 0 B
      Overflow Count 0
    [ALLOC_TEMP_AssetDatabase.FileHasherHasher] x 4
      Initial Block Size 64.0 KB
      Current Block Size 64.0 KB
      Peak Allocated Bytes 130 B
      Overflow Count 0
    [ALLOC_TEMP_BakingJobs.worker 3]
      Initial Block Size 256.0 KB
      Current Block Size 256.0 KB
      Peak Allocated Bytes 0 B
      Overflow Count 0
    [ALLOC_TEMP_Job.worker 1]
      Initial Block Size 256.0 KB
      Current Block Size 1.2 MB
      Peak Allocated Bytes 1.2 MB
      Overflow Count 0
    [ALLOC_TEMP_Background Job.worker 5]
      Initial Block Size 32.0 KB
      Current Block Size 32.0 KB
      Peak Allocated Bytes 0 B
      Overflow Count 0
    [ALLOC_TEMP_BakingJobs.worker 2]
      Initial Block Size 256.0 KB
      Current Block Size 256.0 KB
      Peak Allocated Bytes 0 B
      Overflow Count 0
    [ALLOC_TEMP_Background Job.worker 11]
      Initial Block Size 32.0 KB
      Current Block Size 32.0 KB
      Peak Allocated Bytes 0 B
      Overflow Count 0
    [ALLOC_TEMP_EditorTaskManager]
      Initial Block Size 64.0 KB
      Current Block Size 80.0 KB
      Peak Allocated Bytes 64.0 KB
      Overflow Count 0
    [ALLOC_TEMP_Job.worker 5]
      Initial Block Size 256.0 KB
      Current Block Size 256.0 KB
      Peak Allocated Bytes 15.8 KB
      Overflow Count 0
    [ALLOC_TEMP_HTTP REST Server]
      Initial Block Size 64.0 KB
      Current Block Size 64.0 KB
      Peak Allocated Bytes 70 B
      Overflow Count 0
    [ALLOC_TEMP_AssetGarbageCollectorHelper] x 7
      Initial Block Size 64.0 KB
      Current Block Size 64.0 KB
      Peak Allocated Bytes 0 B
      Overflow Count 0
    [ALLOC_TEMP_AUDIO_Audio Mixer Thread]
      Initial Block Size 64.0 KB
      Current Block Size 64.0 KB
      Peak Allocated Bytes 0 B
      Overflow Count 0
    [ALLOC_TEMP_BakingJobs.worker 5]
      Initial Block Size 256.0 KB
      Current Block Size 256.0 KB
      Peak Allocated Bytes 0 B
      Overflow Count 0
    [ALLOC_TEMP_Job.worker 0]
      Initial Block Size 256.0 KB
      Current Block Size 256.0 KB
      Peak Allocated Bytes 146.1 KB
      Overflow Count 1
[ALLOC_MEMORYPROFILER]
  Peak usage frame count: [64.0 KB-128.0 KB]: 238 frames, [128.0 KB-256.0 KB]: 1 frames
  Requested Block Size 1.0 MB
  Peak Block count 1
  Peak Allocated memory 168.2 KB
  Peak Large allocation bytes 0 B
[ALLOC_DEFAULT] Dual Thread Allocator
  Peak main deferred allocation count 484
    [ALLOC_BUCKET]
      Large Block size 32.0 MB
      Used Block count 1
      Peak Allocated bytes 5.3 MB
    [ALLOC_DEFAULT_MAIN]
      Peak usage frame count: [32.0 MB-64.0 MB]: 239 frames
      Requested Block Size 16.0 MB
      Peak Block count 4
      Peak Allocated memory 51.5 MB
      Peak Large allocation bytes 0 B
    [ALLOC_DEFAULT_THREAD]
      Peak usage frame count: [2.0 MB-4.0 MB]: 239 frames
      Requested Block Size 16.0 MB
      Peak Block count 1
      Peak Allocated memory 3.5 MB
      Peak Large allocation bytes 0 B
[ALLOC_TEMP_JOB_1_FRAME]
  Initial Block Size 2.0 MB
  Used Block Count 0
  Overflow Count (too large) 0
  Overflow Count (full) 0
[ALLOC_TEMP_JOB_2_FRAMES]
  Initial Block Size 2.0 MB
  Used Block Count 0
  Overflow Count (too large) 0
  Overflow Count (full) 0
[ALLOC_TEMP_JOB_4_FRAMES (JobTemp)]
  Initial Block Size 2.0 MB
  Used Block Count 1
  Overflow Count (too large) 0
  Overflow Count (full) 0
[ALLOC_TEMP_JOB_ASYNC (Background)]
  Initial Block Size 1.0 MB
  Used Block Count 1
  Overflow Count (too large) 0
  Overflow Count (full) 0
[ALLOC_GFX] Dual Thread Allocator
  Peak main deferred allocation count 10
    [ALLOC_BUCKET]
      Large Block size 32.0 MB
      Used Block count 1
      Peak Allocated bytes 5.3 MB
    [ALLOC_GFX_MAIN]
      Peak usage frame count: [8.0 MB-16.0 MB]: 239 frames
      Requested Block Size 16.0 MB
      Peak Block count 2
      Peak Allocated memory 15.6 MB
      Peak Large allocation bytes 0 B
    [ALLOC_GFX_THREAD]
      Peak usage frame count: [0.5 MB-1.0 MB]: 239 frames
      Requested Block Size 16.0 MB
      Peak Block count 1
      Peak Allocated memory 0.8 MB
      Peak Large allocation bytes 0 B
[ALLOC_CACHEOBJECTS] Dual Thread Allocator
  Peak main deferred allocation count 263
    [ALLOC_BUCKET]
      Large Block size 32.0 MB
      Used Block count 1
      Peak Allocated bytes 5.3 MB
    [ALLOC_CACHEOBJECTS_MAIN]
      Peak usage frame count: [16.0 MB-32.0 MB]: 239 frames
      Requested Block Size 4.0 MB
      Peak Block count 5
      Peak Allocated memory 21.9 MB
      Peak Large allocation bytes 14.7 MB
    [ALLOC_CACHEOBJECTS_THREAD]
      Peak usage frame count: [0.5 MB-1.0 MB]: 238 frames, [1.0 MB-2.0 MB]: 1 frames
      Requested Block Size 4.0 MB
      Peak Block count 1
      Peak Allocated memory 1.0 MB
      Peak Large allocation bytes 0 B
[ALLOC_TYPETREE] Dual Thread Allocator
  Peak main deferred allocation count 497
    [ALLOC_BUCKET]
      Large Block size 32.0 MB
      Used Block count 1
      Peak Allocated bytes 5.3 MB
    [ALLOC_TYPETREE_MAIN]
      Peak usage frame count: [1.0 MB-2.0 MB]: 238 frames, [2.0 MB-4.0 MB]: 1 frames
      Requested Block Size 2.0 MB
      Peak Block count 3
      Peak Allocated memory 3.9 MB
      Peak Large allocation bytes 0 B
    [ALLOC_TYPETREE_THREAD]
      Peak usage frame count: [128.0 KB-256.0 KB]: 239 frames
      Requested Block Size 2.0 MB
      Peak Block count 1
      Peak Allocated memory 259.2 KB
      Peak Large allocation bytes 0 B
[ALLOC_PROFILER]
  Peak usage frame count: [256.0 KB-0.5 MB]: 239 frames
  Requested Block Size 16.0 MB
  Peak Block count 1
  Peak Allocated memory 473.6 KB
  Peak Large allocation bytes 0 B
    [ALLOC_PROFILER_BUCKET]
      Large Block size 32.0 MB
      Used Block count 1
      Peak Allocated bytes 4.6 KB
[ALLOC_PROFILER_EDITOR]
  Peak usage frame count: [0-1.0 KB]: 239 frames
  Requested Block Size 1.0 MB
  Peak Block count 0
  Peak Allocated memory 0 B
  Peak Large allocation bytes 0 B
    [ALLOC_PROFILER_BUCKET]
      Large Block size 32.0 MB
      Used Block count 1
      Peak Allocated bytes 4.6 KB
##utp:{"type":"MemoryLeaks","version":2,"phase":"Immediate","time":1778048704587,"processId":98247,"allocatedMemory":14310599,"memoryLabels":[{"Default":11375},{"Permanent":15536},{"Thread":1083508},{"Manager":29943},{"VertexData":12},{"Geometry":280},{"Texture":168},{"Shader":67451},{"Material":24},{"GfxDevice":39376},{"GfxThread":480},{"Animation":304},{"Audio":3904},{"FontEngine":288},{"Physics":561},{"Serialization":612},{"Input":9024},{"JobScheduler":232},{"Mono":40},{"ScriptingNativeRuntime":7924888},{"BaseObject":1618916},{"Resource":912},{"Renderer":2272},{"Transform":24},{"File":3661},{"WebCam":40},{"Culling":40},{"Terrain":1025},{"Wind":24},{"String":28954},{"DynamicArray":122593},{"HashMap":93065},{"Utility":289286},{"Curl":1056},{"PoolAlloc":1464},{"AI":40},{"TypeTree":4533},{"ScriptManager":528},{"RuntimeInitializeOnLoadManager":72},{"SpriteAtlas":112},{"GI":3656},{"Director":7880},{"CloudService":7256},{"WebRequest":816},{"VR":45641},{"SceneManager":616},{"Video":2120},{"LazyScriptCache":32},{"NativeArray":12},{"Camera":25},{"Secure":9817},{"SerializationCache":1576},{"APIUpdating":11856},{"Subsystems":384},{"VirtualTexturing":57512},{"StaticSafetyDebugInfo":327680},{"Baselib":16},{"EditorGui":88},{"EditorUtility":27850},{"VersionControl":4},{"Undo":720},{"AssetDatabase":2400903},{"RestService":1310},{"EditorGi":376},{"License":3616},{"UnityConnect":25512},{"Collab":785},{"Upm":1600},{"DrivenProperties":80},{"LocalIPC":222},{"ProfilerEditor":10967},{"CoreBusinessMetrics":2984},{"AssetReference":32},{"IPCStream":32}]}
