Unity Editor version:    2022.3.0f1 (fb119bb0b476)
Branch:                  2022.3/release
Build type:              Release
Batch mode:              YES
macOS version:           Version 26.3.1 (a) (Build 25D771280a)
Darwin version:          25.3.0
Architecture:            arm64
Running under Rosetta:   NO
Available memory:        8192 MB
[Licensing::Module] Trying to connect to existing licensing client channel...
[Licensing::IpcConnector] Connection attempt to the License Client on channel: "LicenseClient-guribbong" failed because channel doesn't exist; code: "0x80000002"
Launching external process: /Applications/Unity/Hub/Editor/2022.3.0f1/Unity.app/Contents/Frameworks/UnityLicensingClient.app/Contents/MacOS/Unity.Licensing.Client
[Licensing::Module] Successfully launched the LicensingClient (PId: 18831)
[Licensing::IpcConnector] Successfully connected to the License Client on channel: "LicenseClient-guribbong"
[Licensing::Client] Handshaking with LicensingClient:
  Version:                 1.12.1+9338cad
  Session Id:              6307d4e5a053416988a664f19ed44d7f
  Correlation Id:          2f6381020250d918229b13e0b242a2a9
  External correlation Id: 4067901153839676304
  Machine Id:              kK/taOzULwH3CoqhnK6anvJ0b88=
[Licensing::Module] Successfully connected to LicensingClient on channel: "LicenseClient-guribbong" (connect: 2.53s, validation: 0.12s, handshake: 0.30s)
[Licensing::IpcConnector] Successfully connected to the License Notification on channel: "LicenseClient-guribbong-notifications"
[Licensing::Module] Connected to LicensingClient (PId: 18831, launch time: 0.00, total connection time: 2.96s)
[Licensing::Module] Error: Access token is unavailable; failed to update
[Licensing::Client] Error: Code 500 while processing request (status: Unable to update licenses. Errors: No ULF license found.,Token not found in cache)
[Licensing::Client] Error: Code 500 while updating license in client (status: Unable to update licenses. Errors: No ULF license found.,Token not found in cache)
[Licensing::Client] Successfully resolved entitlements
[Licensing::Module] Serial number assigned to: "14568638156105-UnityPersXXXX"
Pro License: NO
Launching external process: /Applications/Unity/Hub/Editor/2022.3.0f1/Unity.app/Contents/Resources/PackageManager/Server/UnityPackageManager

COMMAND LINE ARGUMENTS:
/Applications/Unity/Hub/Editor/2022.3.0f1/Unity.app/Contents/MacOS/Unity
-batchmode
-quit
-projectPath
/Users/guribbong/code/Argus/unity/EmbodiedDebate
-executeMethod
ArgusUnity.Editor.HideAndSeekDesignBuilder.BuildScene
-logFile
/Users/guribbong/code/Argus/tmp/hide-seek-build-scene.log
Successfully changed project path to: /Users/guribbong/code/Argus/unity/EmbodiedDebate
/Users/guribbong/code/Argus/unity/EmbodiedDebate
[UnityMemory] Configuration Parameters - Can be set up in boot.config
    "memorysetup-bucket-allocator-granularity=16"
    "memorysetup-bucket-allocator-bucket-count=8"
    "memorysetup-bucket-allocator-block-size=33554432"
    "memorysetup-bucket-allocator-block-count=8"
    "memorysetup-main-allocator-block-size=16777216"
    "memorysetup-thread-allocator-block-size=16777216"
    "memorysetup-gfx-main-allocator-block-size=16777216"
    "memorysetup-gfx-thread-allocator-block-size=16777216"
    "memorysetup-cache-allocator-block-size=4194304"
    "memorysetup-typetree-allocator-block-size=2097152"
    "memorysetup-profiler-bucket-allocator-granularity=16"
    "memorysetup-profiler-bucket-allocator-bucket-count=8"
    "memorysetup-profiler-bucket-allocator-block-size=33554432"
    "memorysetup-profiler-bucket-allocator-block-count=8"
    "memorysetup-profiler-allocator-block-size=16777216"
    "memorysetup-profiler-editor-allocator-block-size=1048576"
    "memorysetup-temp-allocator-size-main=16777216"
    "memorysetup-job-temp-allocator-block-size=2097152"
    "memorysetup-job-temp-allocator-block-size-background=1048576"
    "memorysetup-job-temp-allocator-reduction-small-platforms=262144"
    "memorysetup-allocator-temp-initial-block-size-main=262144"
    "memorysetup-allocator-temp-initial-block-size-worker=262144"
    "memorysetup-temp-allocator-size-background-worker=32768"
    "memorysetup-temp-allocator-size-job-worker=262144"
    "memorysetup-temp-allocator-size-preload-manager=33554432"
    "memorysetup-temp-allocator-size-nav-mesh-worker=65536"
    "memorysetup-temp-allocator-size-audio-worker=65536"
    "memorysetup-temp-allocator-size-cloud-worker=32768"
    "memorysetup-temp-allocator-size-gi-baking-worker=262144"
    "memorysetup-temp-allocator-size-gfx=262144"
Player connection [8649715968] Host "[IP] 192.168.3.1 [Port] 55496 [Flags] 2 [Guid] 1890109437 [EditorId] 1890109437 [Version] 1048832 [Id] OSXEditor(0,topabaem.local) [Debug] 1 [PackageName] OSXEditor [ProjectName] Editor" joined multi-casting on [225.0.0.222:54997]...

Player connection [8649715968] Host "[IP] 192.168.3.1 [Port] 55496 [Flags] 2 [Guid] 1890109437 [EditorId] 1890109437 [Version] 1048832 [Id] OSXEditor(0,topabaem.local) [Debug] 1 [PackageName] OSXEditor [ProjectName] Editor" joined alternative multi-casting on [225.0.0.222:34997]...

[Package Manager] UpmClient::Connect -- Connected to IPC stream "Upm-18828" after 0.6 seconds.
[Licensing::Client] Successfully resolved entitlements
[Package Manager] Restoring resolved packages state from cache
[Licensing::Client] Successfully resolved entitlement details
[Package Manager] Registered 19 packages:
  Packages from [https://packages.unity.com]:
    com.unity.nuget.newtonsoft-json@3.2.1 (location: /Users/guribbong/code/Argus/unity/EmbodiedDebate/Library/PackageCache/com.unity.nuget.newtonsoft-json@3.2.1)
    com.unity.test-framework@1.1.33 (location: /Users/guribbong/code/Argus/unity/EmbodiedDebate/Library/PackageCache/com.unity.test-framework@1.1.33)
    com.unity.ext.nunit@1.0.6 (location: /Users/guribbong/code/Argus/unity/EmbodiedDebate/Library/PackageCache/com.unity.ext.nunit@1.0.6)
    com.unity.mathematics@1.2.6 (location: /Users/guribbong/code/Argus/unity/EmbodiedDebate/Library/PackageCache/com.unity.mathematics@1.2.6)
    com.unity.burst@1.8.4 (location: /Users/guribbong/code/Argus/unity/EmbodiedDebate/Library/PackageCache/com.unity.burst@1.8.4)
    com.unity.searcher@4.9.2 (location: /Users/guribbong/code/Argus/unity/EmbodiedDebate/Library/PackageCache/com.unity.searcher@4.9.2)
  Built-in packages:
    com.unity.modules.animation@1.0.0 (location: /Users/guribbong/code/Argus/unity/EmbodiedDebate/Library/PackageCache/com.unity.modules.animation@1.0.0)
    com.unity.modules.imageconversion@1.0.0 (location: /Users/guribbong/code/Argus/unity/EmbodiedDebate/Library/PackageCache/com.unity.modules.imageconversion@1.0.0)
    com.unity.modules.physics@1.0.0 (location: /Users/guribbong/code/Argus/unity/EmbodiedDebate/Library/PackageCache/com.unity.modules.physics@1.0.0)
    com.unity.modules.unitywebrequest@1.0.0 (location: /Users/guribbong/code/Argus/unity/EmbodiedDebate/Library/PackageCache/com.unity.modules.unitywebrequest@1.0.0)
    com.unity.render-pipelines.universal@14.0.7 (location: /Users/guribbong/code/Argus/unity/EmbodiedDebate/Library/PackageCache/com.unity.render-pipelines.universal@14.0.7)
    com.unity.modules.imgui@1.0.0 (location: /Users/guribbong/code/Argus/unity/EmbodiedDebate/Library/PackageCache/com.unity.modules.imgui@1.0.0)
    com.unity.modules.jsonserialize@1.0.0 (location: /Users/guribbong/code/Argus/unity/EmbodiedDebate/Library/PackageCache/com.unity.modules.jsonserialize@1.0.0)
    com.unity.render-pipelines.core@14.0.7 (location: /Users/guribbong/code/Argus/unity/EmbodiedDebate/Library/PackageCache/com.unity.render-pipelines.core@14.0.7)
    com.unity.shadergraph@14.0.7 (location: /Users/guribbong/code/Argus/unity/EmbodiedDebate/Library/PackageCache/com.unity.shadergraph@14.0.7)
    com.unity.ugui@1.0.0 (location: /Users/guribbong/code/Argus/unity/EmbodiedDebate/Library/PackageCache/com.unity.ugui@1.0.0)
    com.unity.modules.terrain@1.0.0 (location: /Users/guribbong/code/Argus/unity/EmbodiedDebate/Library/PackageCache/com.unity.modules.terrain@1.0.0)
    com.unity.modules.ui@1.0.0 (location: /Users/guribbong/code/Argus/unity/EmbodiedDebate/Library/PackageCache/com.unity.modules.ui@1.0.0)
  Embedded packages:
    com.unity.cloud.gltfast@file:/Users/guribbong/code/Argus/unity/EmbodiedDebate/Packages/com.unity.cloud.gltfast (location: /Users/guribbong/code/Argus/unity/EmbodiedDebate/Packages/com.unity.cloud.gltfast)
[Subsystems] No new subsystems found in resolved package list.
Package Manager log level set to [2]
[Package Manager] Done registering packages in 0.18 seconds
Refreshing native plugins compatible for Editor in 7.55 ms, found 0 plugins.
Preloading 0 native plugins for Editor in 0.00 ms.
Initialize engine version: 2022.3.0f1 (fb119bb0b476)
[Subsystems] Discovering subsystems at path /Applications/Unity/Hub/Editor/2022.3.0f1/Unity.app/Contents/Resources/UnitySubsystems
[Subsystems] Discovering subsystems at path /Users/guribbong/code/Argus/unity/EmbodiedDebate/Assets
GfxDevice: creating device client; threaded=0; jobified=0
 preferred device: Apple M2 (high power)
Metal devices available: 1
0: Apple M2 (high power)
Using device Apple M2 (high power)
Initializing Metal device caps: Apple M2
[Licensing::Client] Successfully resolved entitlements
Initialize mono
Mono path[0] = '/Applications/Unity/Hub/Editor/2022.3.0f1/Unity.app/Contents/Managed'
Mono path[1] = '/Applications/Unity/Hub/Editor/2022.3.0f1/Unity.app/Contents/MonoBleedingEdge/lib/mono/unityjit-macos'
Mono config path = '/Applications/Unity/Hub/Editor/2022.3.0f1/Unity.app/Contents/MonoBleedingEdge/etc'
Using monoOptions --debugger-agent=transport=dt_socket,embedding=1,server=y,suspend=n,address=127.0.0.1:56828
Using cacheserver namespaces - metadata:defaultmetadata, artifacts:defaultartifacts
Using cacheserver namespaces - metadata:defaultmetadata, artifacts:defaultartifacts
ImportWorker Server TCP listen port: 0
Begin MonoManager ReloadAssembly
Registering precompiled unity dll's ...
Register platform support module: /Applications/Unity/Hub/Editor/2022.3.0f1/Unity.app/Contents/PlaybackEngines/MacStandaloneSupport/UnityEditor.OSXStandalone.Extensions.dll
Registered in 0.001960 seconds.
- Loaded All Assemblies, in  0.273 seconds
Native extension for OSXStandalone target not found
Mono: successfully reloaded assembly
- Finished resetting the current domain, in  0.164 seconds
Domain Reload Profiling: 437ms
	BeginReloadAssembly (99ms)
		ExecutionOrderSort (0ms)
		DisableScriptedObjects (0ms)
		BackupInstance (0ms)
		ReleaseScriptingObjects (0ms)
		CreateAndSetChildDomain (1ms)
	RebuildCommonClasses (33ms)
	RebuildNativeTypeToScriptingClass (8ms)
	initialDomainReloadingComplete (34ms)
	LoadAllAssembliesAndSetupDomain (100ms)
		LoadAssemblies (99ms)
		RebuildTransferFunctionScriptingTraits (0ms)
		AnalyzeDomain (96ms)
			TypeCache.Refresh (95ms)
				TypeCache.ScanAssembly (84ms)
			ScanForSourceGeneratedMonoScriptInfo (0ms)
			ResolveRequiredComponents (1ms)
	FinalizeReload (164ms)
		ReleaseScriptCaches (0ms)
		RebuildScriptCaches (0ms)
		SetupLoadedEditorAssemblies (126ms)
			LogAssemblyErrors (0ms)
			InitializePlatformSupportModulesInManaged (4ms)
			SetLoadedEditorAssemblies (5ms)
			RefreshPlugins (0ms)
			BeforeProcessingInitializeOnLoad (1ms)
			ProcessInitializeOnLoadAttributes (90ms)
			ProcessInitializeOnLoadMethodAttributes (26ms)
			AfterProcessingInitializeOnLoad (0ms)
			EditorAssembliesLoaded (0ms)
		ExecutionOrderSort2 (0ms)
		AwakeInstancesAfterBackupRestoration (0ms)
[Licensing::Client] Successfully resolved entitlements
Application.AssetDatabase Initial Refresh Start
[40m[32minfo[39m[22m[49m: Microsoft.Hosting.Lifetime[14]
      Now listening on: http://unix:/tmp/ilpp.sock-8e16111b622e4d5ea6b5ecc926298bfd
[40m[32minfo[39m[22m[49m: Microsoft.Hosting.Lifetime[0]
      Application started. Press Ctrl+C to shut down.
[40m[32minfo[39m[22m[49m: Microsoft.Hosting.Lifetime[0]
      Hosting environment: Production
[40m[32minfo[39m[22m[49m: Microsoft.Hosting.Lifetime[0]
      Content root path: /Users/guribbong/code/Argus/unity/EmbodiedDebate/
[40m[32minfo[39m[22m[49m: Microsoft.AspNetCore.Hosting.Diagnostics[1]
      Request starting HTTP/2 POST http://ilpp/UnityILPP.PostProcessing/Ping application/grpc -
[40m[32minfo[39m[22m[49m: Microsoft.AspNetCore.Routing.EndpointMiddleware[0]
      Executing endpoint 'gRPC - /UnityILPP.PostProcessing/Ping'
[40m[32minfo[39m[22m[49m: Microsoft.AspNetCore.Routing.EndpointMiddleware[1]
      Executed endpoint 'gRPC - /UnityILPP.PostProcessing/Ping'
[40m[32minfo[39m[22m[49m: Microsoft.AspNetCore.Hosting.Diagnostics[2]
      Request finished HTTP/2 POST http://ilpp/UnityILPP.PostProcessing/Ping application/grpc - - 200 - application/grpc 48.1442ms
Starting: /Applications/Unity/Hub/Editor/2022.3.0f1/Unity.app/Contents/bee_backend --dont-print-to-structured-log --ipc --defer-dag-verification --dagfile="Library/Bee/200b0aE.dag" --continue-on-failure --profile="Library/Bee/backend1.traceevents" ScriptAssemblies
WorkingDir: /Users/guribbong/code/Argus/unity/EmbodiedDebate
DisplayProgressbar: Compiling Scripts
[40m[32minfo[39m[22m[49m: Microsoft.AspNetCore.Hosting.Diagnostics[1]
      Request starting HTTP/2 POST http://ilpp/UnityILPP.PostProcessing/ConfigurePostProcessors application/grpc -
[40m[32minfo[39m[22m[49m: Microsoft.AspNetCore.Routing.EndpointMiddleware[0]
      Executing endpoint 'gRPC - /UnityILPP.PostProcessing/ConfigurePostProcessors'
[40m[1m[33mwarn[39m[22m[49m: Unity.ILPP.Runner.PostProcessingAssemblyLoadContext[0]
      Assembly system.runtime.interopservices.windowsruntime has duplicate hint path. Ignoring "/Applications/Unity/Hub/Editor/2022.3.0f1/Unity.app/Contents/UnityReferenceAssemblies/unity-4.8-api/Facades/System.Runtime.InteropServices.WindowsRuntime.dll" in favor of "/Applications/Unity/Hub/Editor/2022.3.0f1/Unity.app/Contents/NetStandard/Extensions/2.0.0/System.Runtime.InteropServices.WindowsRuntime.dll"
[40m[1m[33mwarn[39m[22m[49m: Unity.ILPP.Runner.PostProcessingAssemblyLoadContext[0]
      Assembly system.componentmodel.composition has duplicate hint path. Ignoring "/Applications/Unity/Hub/Editor/2022.3.0f1/Unity.app/Contents/UnityReferenceAssemblies/unity-4.8-api/System.ComponentModel.Composition.dll" in favor of "/Applications/Unity/Hub/Editor/2022.3.0f1/Unity.app/Contents/NetStandard/compat/2.1.0/shims/netfx/System.ComponentModel.Composition.dll"
[40m[32minfo[39m[22m[49m: Unity.ILPP.Runner.PostProcessingAssemblyLoadContext[0]
      Resolved Unity.Burst.Cecil, Version=0.11.4.0, Culture=neutral, PublicKeyToken=50cebf1cceb9d05e with Library/PackageCache/com.unity.burst@1.8.4/Unity.Burst.CodeGen/Unity.Burst.Cecil.dll
[40m[32minfo[39m[22m[49m: Microsoft.AspNetCore.Routing.EndpointMiddleware[1]
      Executed endpoint 'gRPC - /UnityILPP.PostProcessing/ConfigurePostProcessors'
[40m[32minfo[39m[22m[49m: Microsoft.AspNetCore.Hosting.Diagnostics[2]
      Request finished HTTP/2 POST http://ilpp/UnityILPP.PostProcessing/ConfigurePostProcessors application/grpc - - 200 - application/grpc 17.2127ms
ExitCode: 0 Duration: 0s223ms
[295/377    0s] ILPP-Configuration Library/ilpp-configuration.nevergeneratedoutput
*** Tundra build success (0.20 seconds), 1 items updated, 377 evaluated
Total cache size 25932744
Total cache size after purge 25932744
AssetDatabase: script compilation time: 0.834511s
Begin MonoManager ReloadAssembly
Symbol file LoadedFromMemory is not a mono symbol file
- Loaded All Assemblies, in  0.329 seconds
Refreshing native plugins compatible for Editor in 0.48 ms, found 0 plugins.
Preloading 0 native plugins for Editor in 0.00 ms.
Refreshing native plugins compatible for Editor in 0.50 ms, found 0 plugins.
Native extension for OSXStandalone target not found
Mono: successfully reloaded assembly
- Finished resetting the current domain, in  1.510 seconds
Domain Reload Profiling: 1839ms
	BeginReloadAssembly (74ms)
		ExecutionOrderSort (0ms)
		DisableScriptedObjects (3ms)
		BackupInstance (0ms)
		ReleaseScriptingObjects (0ms)
		CreateAndSetChildDomain (20ms)
	RebuildCommonClasses (21ms)
	RebuildNativeTypeToScriptingClass (8ms)
	initialDomainReloadingComplete (13ms)
	LoadAllAssembliesAndSetupDomain (212ms)
		LoadAssemblies (120ms)
		RebuildTransferFunctionScriptingTraits (0ms)
		AnalyzeDomain (124ms)
			TypeCache.Refresh (114ms)
				TypeCache.ScanAssembly (109ms)
			ScanForSourceGeneratedMonoScriptInfo (6ms)
			ResolveRequiredComponents (5ms)
	FinalizeReload (1510ms)
		ReleaseScriptCaches (0ms)
		RebuildScriptCaches (0ms)
		SetupLoadedEditorAssemblies (1404ms)
			LogAssemblyErrors (0ms)
			InitializePlatformSupportModulesInManaged (2ms)
			SetLoadedEditorAssemblies (2ms)
			RefreshPlugins (0ms)
			BeforeProcessingInitializeOnLoad (27ms)
			ProcessInitializeOnLoadAttributes (1212ms)
			ProcessInitializeOnLoadMethodAttributes (161ms)
			AfterProcessingInitializeOnLoad (1ms)
			EditorAssembliesLoaded (0ms)
		ExecutionOrderSort2 (0ms)
		AwakeInstancesAfterBackupRestoration (6ms)
Asset Pipeline Refresh (id=4c22fff58aee54194883967405958d01): Total: 3.618 seconds - Initiated by InitialRefreshV2(ForceSynchronousImport)
	Summary:
		Imports: total=560 (actual=0, local cache=560, cache server=0)
		Asset DB Process Time: managed=0 ms, native=889 ms
		Asset DB Callback time: managed=17 ms, native=0 ms
		Scripting: domain reloads=1, domain reload time=1863 ms, compile time=835 ms, other=12 ms
		Project Asset Count: scripts=3120, non-scripts=1540
		Asset File Changes: new=0, changed=0, moved=0, deleted=0
		Scan Filter Count: 1
	InvokeBeforeRefreshCallbacks: 0.229ms
	ApplyChangesToAssetFolders: 0.013ms
	Scan: 260.981ms
	OnSourceAssetsModified: 0.001ms
	GetAllGuidsForCategorization: 0.246ms
	CategorizeAssets: 85.065ms
	ImportOutOfDateAssets: 1530.184ms (687.496ms without children)
		CompileScripts: 834.593ms
		ReloadNativeAssets: 0.153ms
		UnloadImportedAssets: 6.513ms
		EnsureUptoDateAssetsAreRegisteredWithGuidPM: 0.891ms
		InitializingProgressBar: 0.000ms
		PostProcessAllAssetNotificationsAddChangedAssets: 0.000ms
		OnDemandSchedulerStart: 0.538ms
	PostProcessAllAssets: 17.217ms
	GatherAllCurrentPrimaryArtifactRevisions: 0.000ms
	UnloadStreamsBegin: 0.967ms
	PersistCurrentRevisions: 0.120ms
	UnloadStreamsEnd: 0.007ms
	GenerateScriptTypeHashes: 3.387ms
	Untracked: 1722.908ms
Application.AssetDatabase Initial Refresh End
Launching external process: /Applications/Unity/Hub/Editor/2022.3.0f1/Unity.app/Contents/Tools/UnityShaderCompiler
Launched and connected shader compiler UnityShaderCompiler after 0.24 seconds
Scanning for USB devices : 0.161ms
Initializing Unity extensions:
[Licensing::Client] Successfully resolved entitlements
[MODES] ModeService[none].Initialize
[MODES] ModeService[none].LoadModes
[MODES] Loading mode Default (0) for mode-current-id-EmbodiedDebate
ProgressiveSceneManager::Cancel()
Unloading 6 Unused Serialized files (Serialized files now loaded: 0)
Unloading 59 unused Assets / (0.7 MB). Loaded Objects now: 3135.
Memory consumption went from 134.5 MB to 133.8 MB.
Total: 6.025875 ms (FindLiveObjects: 0.230292 ms CreateObjectMapping: 0.038625 ms MarkObjects: 5.078000 ms  DeleteObjects: 0.678666 ms)

Asset Pipeline Refresh (id=e1874620074b44c82b42d983957f1176): Total: 0.137 seconds - Initiated by RefreshV2(NoUpdateAssetOptions)
Start importing Assets/ThirdParty/StylooClassroomAssetPack/StylooClassroomAssetPack GLTF & FBX/classroom/GLTF/wallsfloor.glb using Guid(95d4331adf82140bbb5c243cad6bfa64) Importer(-1,00000000000000000000000000000000)  -> (artifact id: 'f3d2890c29c26a32b800ce5d03471518') in 0.072279 seconds
Refreshing native plugins compatible for Editor in 0.54 ms, found 0 plugins.
Preloading 0 native plugins for Editor in 0.00 ms.
Asset Pipeline Refresh (id=7cdb58a58eeac407b85a7d540a7288e0): Total: 0.114 seconds - Initiated by StopAssetImportingV2(NoUpdateAssetOptions)
HideAndSeekDesignBuilder: GLTF asset wallsfloor.glb, importer=GLTFast.Editor.GltfImporter, gameObjectLoaded=True
UnityEngine.StackTraceUtility:ExtractStackTrace () (at /Users/bokken/build/output/unity/unity/Runtime/Export/Scripting/StackTrace.cs:37)
UnityEngine.DebugLogHandler:LogFormat (UnityEngine.LogType,UnityEngine.Object,string,object[])
UnityEngine.Logger:Log (UnityEngine.LogType,object)
UnityEngine.Debug:Log (object)
ArgusUnity.Editor.HideAndSeekDesignBuilder:EnsureGltfClassroomImports () (at Assets/Editor/HideAndSeekDesignBuilder.cs:210)
ArgusUnity.Editor.HideAndSeekDesignBuilder:BuildScene () (at Assets/Editor/HideAndSeekDesignBuilder.cs:147)

(Filename: Assets/Editor/HideAndSeekDesignBuilder.cs Line: 210)

Start importing Assets/ThirdParty/StylooClassroomAssetPack/StylooClassroomAssetPack GLTF & FBX/classroom/GLTF/table.glb using Guid(0fac535ef0639442ea3d608d5efbaf9b) Importer(-1,00000000000000000000000000000000)  -> (artifact id: '5c883593d2a997f766a51e3bfbb6f666') in 0.006419 seconds
Refreshing native plugins compatible for Editor in 0.47 ms, found 0 plugins.
Preloading 0 native plugins for Editor in 0.00 ms.
Asset Pipeline Refresh (id=0fe26e5088de94769b95c3c91269108b): Total: 0.020 seconds - Initiated by StopAssetImportingV2(NoUpdateAssetOptions)
HideAndSeekDesignBuilder: GLTF asset table.glb, importer=GLTFast.Editor.GltfImporter, gameObjectLoaded=True
UnityEngine.StackTraceUtility:ExtractStackTrace () (at /Users/bokken/build/output/unity/unity/Runtime/Export/Scripting/StackTrace.cs:37)
UnityEngine.DebugLogHandler:LogFormat (UnityEngine.LogType,UnityEngine.Object,string,object[])
UnityEngine.Logger:Log (UnityEngine.LogType,object)
UnityEngine.Debug:Log (object)
ArgusUnity.Editor.HideAndSeekDesignBuilder:EnsureGltfClassroomImports () (at Assets/Editor/HideAndSeekDesignBuilder.cs:210)
ArgusUnity.Editor.HideAndSeekDesignBuilder:BuildScene () (at Assets/Editor/HideAndSeekDesignBuilder.cs:147)

(Filename: Assets/Editor/HideAndSeekDesignBuilder.cs Line: 210)

Start importing Assets/ThirdParty/StylooClassroomAssetPack/StylooClassroomAssetPack GLTF & FBX/classroom/GLTF/desk.glb using Guid(0efed4ee7808840d3b57c7df53106661) Importer(-1,00000000000000000000000000000000)  -> (artifact id: '6796f501a18b78f3f8cc5956ac718ae5') in 0.003549 seconds
Refreshing native plugins compatible for Editor in 0.44 ms, found 0 plugins.
Preloading 0 native plugins for Editor in 0.00 ms.
Asset Pipeline Refresh (id=2080057201b374ddcad18462ba7883f4): Total: 0.017 seconds - Initiated by StopAssetImportingV2(NoUpdateAssetOptions)
HideAndSeekDesignBuilder: GLTF asset desk.glb, importer=GLTFast.Editor.GltfImporter, gameObjectLoaded=True
UnityEngine.StackTraceUtility:ExtractStackTrace () (at /Users/bokken/build/output/unity/unity/Runtime/Export/Scripting/StackTrace.cs:37)
UnityEngine.DebugLogHandler:LogFormat (UnityEngine.LogType,UnityEngine.Object,string,object[])
UnityEngine.Logger:Log (UnityEngine.LogType,object)
UnityEngine.Debug:Log (object)
ArgusUnity.Editor.HideAndSeekDesignBuilder:EnsureGltfClassroomImports () (at Assets/Editor/HideAndSeekDesignBuilder.cs:210)
ArgusUnity.Editor.HideAndSeekDesignBuilder:BuildScene () (at Assets/Editor/HideAndSeekDesignBuilder.cs:147)

(Filename: Assets/Editor/HideAndSeekDesignBuilder.cs Line: 210)

Start importing Assets/Project/Resources/UserModels/Idle.fbx using Guid(3cef4c5e4db924e9cb5ca8890eae77de) Importer(-1,00000000000000000000000000000000)  -> (artifact id: '9f27ba06fdf37ef31f3487c718d975db') in 0.238243 seconds
Refreshing native plugins compatible for Editor in 0.52 ms, found 0 plugins.
Preloading 0 native plugins for Editor in 0.00 ms.
Asset Pipeline Refresh (id=cdc703b2828a5472f9ba41459c4bac60): Total: 0.263 seconds - Initiated by StopAssetImportingV2(NoUpdateAssetOptions)
Start importing Assets/Project/Resources/UserModels/Idle.fbx using Guid(3cef4c5e4db924e9cb5ca8890eae77de) Importer(-1,00000000000000000000000000000000)  -> (artifact id: '9f27ba06fdf37ef31f3487c718d975db') in 0.150454 seconds
Refreshing native plugins compatible for Editor in 0.46 ms, found 0 plugins.
Preloading 0 native plugins for Editor in 0.00 ms.
Asset Pipeline Refresh (id=bcca87cbeb3a3429f80c3ce9a870367f): Total: 0.166 seconds - Initiated by StopAssetImportingV2(NoUpdateAssetOptions)
HideAndSeekDesignBuilder: humanoid animation import asset=Idle.fbx, clip=Idle, loop=True, mirror=False, rootLocks=rotation:true,heightY:true,positionXZ:true, avatarSetup=CreateFromThisModel, sharedAvatar=False, sharedAvatarValid=False, sharedAvatarHuman=False, assetAvatarValid=True, assetAvatarHuman=True, importedClips=Idle.
UnityEngine.StackTraceUtility:ExtractStackTrace () (at /Users/bokken/build/output/unity/unity/Runtime/Export/Scripting/StackTrace.cs:37)
UnityEngine.DebugLogHandler:LogFormat (UnityEngine.LogType,UnityEngine.Object,string,object[])
UnityEngine.Logger:Log (UnityEngine.LogType,object)
UnityEngine.Debug:Log (object)
ArgusUnity.Editor.HideAndSeekDesignBuilder:ConfigureHumanoidAnimation (string,string,bool,UnityEngine.Avatar,bool) (at Assets/Editor/HideAndSeekDesignBuilder.cs:427)
ArgusUnity.Editor.HideAndSeekDesignBuilder:EnsureLocomotionAnimationImports () (at Assets/Editor/HideAndSeekDesignBuilder.cs:340)
ArgusUnity.Editor.HideAndSeekDesignBuilder:BuildScene () (at Assets/Editor/HideAndSeekDesignBuilder.cs:148)

(Filename: Assets/Editor/HideAndSeekDesignBuilder.cs Line: 427)

Start importing Assets/Project/Resources/Animations/Locomotion/Walking-2.fbx using Guid(f2ed7a64c18074ecfa681f4713b3f10d) Importer(-1,00000000000000000000000000000000)  -> (artifact id: 'a34faa1e46e4cb632eadaf084b989433') in 0.129990 seconds
Refreshing native plugins compatible for Editor in 0.45 ms, found 0 plugins.
Preloading 0 native plugins for Editor in 0.00 ms.
Asset Pipeline Refresh (id=2ad33a131174d4308b3c15a96ee651f9): Total: 0.146 seconds - Initiated by StopAssetImportingV2(NoUpdateAssetOptions)
Start importing Assets/Project/Resources/Animations/Locomotion/Walking-2.fbx using Guid(f2ed7a64c18074ecfa681f4713b3f10d) Importer(-1,00000000000000000000000000000000)  -> (artifact id: 'a34faa1e46e4cb632eadaf084b989433') in 0.127736 seconds
Refreshing native plugins compatible for Editor in 0.45 ms, found 0 plugins.
Preloading 0 native plugins for Editor in 0.00 ms.
Asset Pipeline Refresh (id=0c8548bbdeef14e3e9f35d5a90d7430e): Total: 0.142 seconds - Initiated by StopAssetImportingV2(NoUpdateAssetOptions)
HideAndSeekDesignBuilder: humanoid animation import asset=Walking-2.fbx, clip=Walk_InPlace, loop=True, mirror=False, rootLocks=rotation:true,heightY:true,positionXZ:true, avatarSetup=CopyFromOther, sharedAvatar=True, sharedAvatarValid=True, sharedAvatarHuman=True, assetAvatarValid=False, assetAvatarHuman=False, importedClips=Walk_InPlace.
UnityEngine.StackTraceUtility:ExtractStackTrace () (at /Users/bokken/build/output/unity/unity/Runtime/Export/Scripting/StackTrace.cs:37)
UnityEngine.DebugLogHandler:LogFormat (UnityEngine.LogType,UnityEngine.Object,string,object[])
UnityEngine.Logger:Log (UnityEngine.LogType,object)
UnityEngine.Debug:Log (object)
ArgusUnity.Editor.HideAndSeekDesignBuilder:ConfigureHumanoidAnimation (string,string,bool,UnityEngine.Avatar,bool) (at Assets/Editor/HideAndSeekDesignBuilder.cs:427)
ArgusUnity.Editor.HideAndSeekDesignBuilder:EnsureLocomotionAnimationImports () (at Assets/Editor/HideAndSeekDesignBuilder.cs:356)
ArgusUnity.Editor.HideAndSeekDesignBuilder:BuildScene () (at Assets/Editor/HideAndSeekDesignBuilder.cs:148)

(Filename: Assets/Editor/HideAndSeekDesignBuilder.cs Line: 427)

Start importing Assets/Project/Resources/Animations/FBXTurns/Right Turn 90.fbx using Guid(82cc6131a0e2f4d71a2a3455b84d0688) Importer(-1,00000000000000000000000000000000)  -> (artifact id: '988cb3fb0cb2c9e371fb0c806d47c8d5') in 0.136812 seconds
Refreshing native plugins compatible for Editor in 0.54 ms, found 0 plugins.
Preloading 0 native plugins for Editor in 0.00 ms.
Asset Pipeline Refresh (id=198dca9a257444b2fb3186b65a559930): Total: 0.153 seconds - Initiated by StopAssetImportingV2(NoUpdateAssetOptions)
HideAndSeekDesignBuilder: FBX turn animation role=right-90, asset=Right Turn 90.fbx, importedClips=1, clip=generic, minus2MeansLeft=False
UnityEngine.StackTraceUtility:ExtractStackTrace () (at /Users/bokken/build/output/unity/unity/Runtime/Export/Scripting/StackTrace.cs:37)
UnityEngine.DebugLogHandler:LogFormat (UnityEngine.LogType,UnityEngine.Object,string,object[])
UnityEngine.Logger:Log (UnityEngine.LogType,object)
UnityEngine.Debug:Log (object)
ArgusUnity.Editor.HideAndSeekDesignBuilder:EnsureTurnAnimationImports () (at Assets/Editor/HideAndSeekDesignBuilder.cs:281)
ArgusUnity.Editor.HideAndSeekDesignBuilder:BuildScene () (at Assets/Editor/HideAndSeekDesignBuilder.cs:149)

(Filename: Assets/Editor/HideAndSeekDesignBuilder.cs Line: 281)

Start importing Assets/Project/Resources/Animations/FBXTurns/Right Turn 90-2.fbx using Guid(1170e0a4254694dcc89393ce7f5d98cf) Importer(-1,00000000000000000000000000000000)  -> (artifact id: '312f182203c92c59974005b01b517093') in 0.153614 seconds
Refreshing native plugins compatible for Editor in 0.48 ms, found 0 plugins.
Preloading 0 native plugins for Editor in 0.00 ms.
Asset Pipeline Refresh (id=0d4384ac33499485d98baf7528ef8888): Total: 0.173 seconds - Initiated by StopAssetImportingV2(NoUpdateAssetOptions)
HideAndSeekDesignBuilder: FBX turn animation role=left-90-from-minus-2, asset=Right Turn 90-2.fbx, importedClips=1, clip=generic, minus2MeansLeft=True
UnityEngine.StackTraceUtility:ExtractStackTrace () (at /Users/bokken/build/output/unity/unity/Runtime/Export/Scripting/StackTrace.cs:37)
UnityEngine.DebugLogHandler:LogFormat (UnityEngine.LogType,UnityEngine.Object,string,object[])
UnityEngine.Logger:Log (UnityEngine.LogType,object)
UnityEngine.Debug:Log (object)
ArgusUnity.Editor.HideAndSeekDesignBuilder:EnsureTurnAnimationImports () (at Assets/Editor/HideAndSeekDesignBuilder.cs:281)
ArgusUnity.Editor.HideAndSeekDesignBuilder:BuildScene () (at Assets/Editor/HideAndSeekDesignBuilder.cs:149)

(Filename: Assets/Editor/HideAndSeekDesignBuilder.cs Line: 281)

Start importing Assets/Project/Resources/Animations/FBXTurns/Happy Right Turn.fbx using Guid(1be269054e1384c259b5d79fb375c6f8) Importer(-1,00000000000000000000000000000000)  -> (artifact id: '3e7d18dddea28843d5f43f6eec14061d') in 0.132251 seconds
Refreshing native plugins compatible for Editor in 0.47 ms, found 0 plugins.
Preloading 0 native plugins for Editor in 0.00 ms.
Asset Pipeline Refresh (id=59c6b37f1c7df4423a7631367e44c65f): Total: 0.150 seconds - Initiated by StopAssetImportingV2(NoUpdateAssetOptions)
Start importing Assets/Project/Resources/Animations/FBXTurns/Happy Right Turn.fbx using Guid(1be269054e1384c259b5d79fb375c6f8) Importer(-1,00000000000000000000000000000000)  -> (artifact id: '3e7d18dddea28843d5f43f6eec14061d') in 0.127004 seconds
Refreshing native plugins compatible for Editor in 0.44 ms, found 0 plugins.
Preloading 0 native plugins for Editor in 0.00 ms.
Asset Pipeline Refresh (id=f6ed02d2bc602494fb6c91c781643b87): Total: 0.141 seconds - Initiated by StopAssetImportingV2(NoUpdateAssetOptions)
HideAndSeekDesignBuilder: humanoid animation import asset=Happy Right Turn.fbx, clip=TurnRight_Happy, loop=True, mirror=False, rootLocks=rotation:true,heightY:true,positionXZ:true, avatarSetup=CopyFromOther, sharedAvatar=True, sharedAvatarValid=True, sharedAvatarHuman=True, assetAvatarValid=False, assetAvatarHuman=False, importedClips=TurnRight_Happy.
UnityEngine.StackTraceUtility:ExtractStackTrace () (at /Users/bokken/build/output/unity/unity/Runtime/Export/Scripting/StackTrace.cs:37)
UnityEngine.DebugLogHandler:LogFormat (UnityEngine.LogType,UnityEngine.Object,string,object[])
UnityEngine.Logger:Log (UnityEngine.LogType,object)
UnityEngine.Debug:Log (object)
ArgusUnity.Editor.HideAndSeekDesignBuilder:ConfigureHumanoidAnimation (string,string,bool,UnityEngine.Avatar,bool) (at Assets/Editor/HideAndSeekDesignBuilder.cs:427)
ArgusUnity.Editor.HideAndSeekDesignBuilder:EnsureTurnAnimationImports () (at Assets/Editor/HideAndSeekDesignBuilder.cs:238)
ArgusUnity.Editor.HideAndSeekDesignBuilder:BuildScene () (at Assets/Editor/HideAndSeekDesignBuilder.cs:149)

(Filename: Assets/Editor/HideAndSeekDesignBuilder.cs Line: 427)

HideAndSeekDesignBuilder: FBX turn animation role=quarantined-happy-right, asset=Happy Right Turn.fbx, importedClips=1, clip=TurnRight_Happy, minus2MeansLeft=False
UnityEngine.StackTraceUtility:ExtractStackTrace () (at /Users/bokken/build/output/unity/unity/Runtime/Export/Scripting/StackTrace.cs:37)
UnityEngine.DebugLogHandler:LogFormat (UnityEngine.LogType,UnityEngine.Object,string,object[])
UnityEngine.Logger:Log (UnityEngine.LogType,object)
UnityEngine.Debug:Log (object)
ArgusUnity.Editor.HideAndSeekDesignBuilder:EnsureTurnAnimationImports () (at Assets/Editor/HideAndSeekDesignBuilder.cs:281)
ArgusUnity.Editor.HideAndSeekDesignBuilder:BuildScene () (at Assets/Editor/HideAndSeekDesignBuilder.cs:149)

(Filename: Assets/Editor/HideAndSeekDesignBuilder.cs Line: 281)

Start importing Assets/Project/Resources/Animations/FBXTurns/Happy Right Turn-2.fbx using Guid(61038be6e25984c94a7ef50954a36c5b) Importer(-1,00000000000000000000000000000000)  -> (artifact id: 'db836ff54bbd137c91606cfd90d1e63a') in 0.129405 seconds
Refreshing native plugins compatible for Editor in 0.46 ms, found 0 plugins.
Preloading 0 native plugins for Editor in 0.00 ms.
Asset Pipeline Refresh (id=00bb0387845a444abbfad538d7f18865): Total: 0.147 seconds - Initiated by StopAssetImportingV2(NoUpdateAssetOptions)
Start importing Assets/Project/Resources/Animations/FBXTurns/Happy Right Turn-2.fbx using Guid(61038be6e25984c94a7ef50954a36c5b) Importer(-1,00000000000000000000000000000000)  -> (artifact id: 'db836ff54bbd137c91606cfd90d1e63a') in 0.126914 seconds
Refreshing native plugins compatible for Editor in 0.45 ms, found 0 plugins.
Preloading 0 native plugins for Editor in 0.00 ms.
Asset Pipeline Refresh (id=7d59aa8a7d1cc41c793f9e6c60449b4e): Total: 0.140 seconds - Initiated by StopAssetImportingV2(NoUpdateAssetOptions)
HideAndSeekDesignBuilder: humanoid animation import asset=Happy Right Turn-2.fbx, clip=TurnLeft_Happy, loop=True, mirror=False, rootLocks=rotation:true,heightY:true,positionXZ:true, avatarSetup=CopyFromOther, sharedAvatar=True, sharedAvatarValid=True, sharedAvatarHuman=True, assetAvatarValid=False, assetAvatarHuman=False, importedClips=TurnLeft_Happy.
UnityEngine.StackTraceUtility:ExtractStackTrace () (at /Users/bokken/build/output/unity/unity/Runtime/Export/Scripting/StackTrace.cs:37)
UnityEngine.DebugLogHandler:LogFormat (UnityEngine.LogType,UnityEngine.Object,string,object[])
UnityEngine.Logger:Log (UnityEngine.LogType,object)
UnityEngine.Debug:Log (object)
ArgusUnity.Editor.HideAndSeekDesignBuilder:ConfigureHumanoidAnimation (string,string,bool,UnityEngine.Avatar,bool) (at Assets/Editor/HideAndSeekDesignBuilder.cs:427)
ArgusUnity.Editor.HideAndSeekDesignBuilder:EnsureTurnAnimationImports () (at Assets/Editor/HideAndSeekDesignBuilder.cs:238)
ArgusUnity.Editor.HideAndSeekDesignBuilder:BuildScene () (at Assets/Editor/HideAndSeekDesignBuilder.cs:149)

(Filename: Assets/Editor/HideAndSeekDesignBuilder.cs Line: 427)

HideAndSeekDesignBuilder: FBX turn animation role=quarantined-happy-left-from-minus-2, asset=Happy Right Turn-2.fbx, importedClips=1, clip=TurnLeft_Happy, minus2MeansLeft=True
UnityEngine.StackTraceUtility:ExtractStackTrace () (at /Users/bokken/build/output/unity/unity/Runtime/Export/Scripting/StackTrace.cs:37)
UnityEngine.DebugLogHandler:LogFormat (UnityEngine.LogType,UnityEngine.Object,string,object[])
UnityEngine.Logger:Log (UnityEngine.LogType,object)
UnityEngine.Debug:Log (object)
ArgusUnity.Editor.HideAndSeekDesignBuilder:EnsureTurnAnimationImports () (at Assets/Editor/HideAndSeekDesignBuilder.cs:281)
ArgusUnity.Editor.HideAndSeekDesignBuilder:BuildScene () (at Assets/Editor/HideAndSeekDesignBuilder.cs:149)

(Filename: Assets/Editor/HideAndSeekDesignBuilder.cs Line: 281)

Start importing Assets/Project/Resources/Animations/Locomotion/Running.fbx using Guid(d43575bd13fae4161bd6a39cd2fbf7a7) Importer(-1,00000000000000000000000000000000)  -> (artifact id: '9ceefb425cd569dd44cac2701f2b0063') in 0.133992 seconds
Refreshing native plugins compatible for Editor in 0.47 ms, found 0 plugins.
Preloading 0 native plugins for Editor in 0.00 ms.
Asset Pipeline Refresh (id=ac9e6a63f5f25426f821ea9abd64f55f): Total: 0.150 seconds - Initiated by StopAssetImportingV2(NoUpdateAssetOptions)
Start importing Assets/Project/Resources/Animations/Locomotion/Running.fbx using Guid(d43575bd13fae4161bd6a39cd2fbf7a7) Importer(-1,00000000000000000000000000000000)  -> (artifact id: '9ceefb425cd569dd44cac2701f2b0063') in 0.131202 seconds
Refreshing native plugins compatible for Editor in 0.46 ms, found 0 plugins.
Preloading 0 native plugins for Editor in 0.00 ms.
Asset Pipeline Refresh (id=d3cf4277712604be0b9b446a55591575): Total: 0.145 seconds - Initiated by StopAssetImportingV2(NoUpdateAssetOptions)
HideAndSeekDesignBuilder: humanoid animation import asset=Running.fbx, clip=Run, loop=True, mirror=False, rootLocks=rotation:true,heightY:true,positionXZ:true, avatarSetup=CopyFromOther, sharedAvatar=True, sharedAvatarValid=True, sharedAvatarHuman=True, assetAvatarValid=False, assetAvatarHuman=False, importedClips=Run.
UnityEngine.StackTraceUtility:ExtractStackTrace () (at /Users/bokken/build/output/unity/unity/Runtime/Export/Scripting/StackTrace.cs:37)
UnityEngine.DebugLogHandler:LogFormat (UnityEngine.LogType,UnityEngine.Object,string,object[])
UnityEngine.Logger:Log (UnityEngine.LogType,object)
UnityEngine.Debug:Log (object)
ArgusUnity.Editor.HideAndSeekDesignBuilder:ConfigureHumanoidAnimation (string,string,bool,UnityEngine.Avatar,bool) (at Assets/Editor/HideAndSeekDesignBuilder.cs:427)
ArgusUnity.Editor.HideAndSeekDesignBuilder:EnsureExpandedAnimationImports () (at Assets/Editor/HideAndSeekDesignBuilder.cs:309)
ArgusUnity.Editor.HideAndSeekDesignBuilder:BuildScene () (at Assets/Editor/HideAndSeekDesignBuilder.cs:150)

(Filename: Assets/Editor/HideAndSeekDesignBuilder.cs Line: 427)

HideAndSeekDesignBuilder: expanded animation import role=quarantined-run-locomotion, activeLocomotion=False, asset=Running.fbx, clip=Run, loop=True, mirror=False, target=Assets/Project/Resources/Animations/Locomotion/Running.fbx.
UnityEngine.StackTraceUtility:ExtractStackTrace () (at /Users/bokken/build/output/unity/unity/Runtime/Export/Scripting/StackTrace.cs:37)
UnityEngine.DebugLogHandler:LogFormat (UnityEngine.LogType,UnityEngine.Object,string,object[])
UnityEngine.Logger:Log (UnityEngine.LogType,object)
UnityEngine.Debug:Log (object)
ArgusUnity.Editor.HideAndSeekDesignBuilder:EnsureExpandedAnimationImports () (at Assets/Editor/HideAndSeekDesignBuilder.cs:315)
ArgusUnity.Editor.HideAndSeekDesignBuilder:BuildScene () (at Assets/Editor/HideAndSeekDesignBuilder.cs:150)

(Filename: Assets/Editor/HideAndSeekDesignBuilder.cs Line: 315)

Start importing Assets/Project/Resources/Animations/Locomotion/Slow Run.fbx using Guid(07b1cd1c4ea6a401b86df6eaebc56999) Importer(-1,00000000000000000000000000000000)  -> (artifact id: '9bbe3bc33bce55e0322445193c00e0a3') in 0.127412 seconds
Refreshing native plugins compatible for Editor in 0.47 ms, found 0 plugins.
Preloading 0 native plugins for Editor in 0.00 ms.
Asset Pipeline Refresh (id=a844d83fc13cd42c3b13df021e1d7dba): Total: 0.142 seconds - Initiated by StopAssetImportingV2(NoUpdateAssetOptions)
Start importing Assets/Project/Resources/Animations/Locomotion/Slow Run.fbx using Guid(07b1cd1c4ea6a401b86df6eaebc56999) Importer(-1,00000000000000000000000000000000)  -> (artifact id: '9bbe3bc33bce55e0322445193c00e0a3') in 0.126775 seconds
Refreshing native plugins compatible for Editor in 0.44 ms, found 0 plugins.
Preloading 0 native plugins for Editor in 0.00 ms.
Asset Pipeline Refresh (id=a3d35b8b5f34f487ca1c9f55359e6b4f): Total: 0.141 seconds - Initiated by StopAssetImportingV2(NoUpdateAssetOptions)
HideAndSeekDesignBuilder: humanoid animation import asset=Slow Run.fbx, clip=SlowRun, loop=True, mirror=False, rootLocks=rotation:true,heightY:true,positionXZ:true, avatarSetup=CopyFromOther, sharedAvatar=True, sharedAvatarValid=True, sharedAvatarHuman=True, assetAvatarValid=False, assetAvatarHuman=False, importedClips=SlowRun.
UnityEngine.StackTraceUtility:ExtractStackTrace () (at /Users/bokken/build/output/unity/unity/Runtime/Export/Scripting/StackTrace.cs:37)
UnityEngine.DebugLogHandler:LogFormat (UnityEngine.LogType,UnityEngine.Object,string,object[])
UnityEngine.Logger:Log (UnityEngine.LogType,object)
UnityEngine.Debug:Log (object)
ArgusUnity.Editor.HideAndSeekDesignBuilder:ConfigureHumanoidAnimation (string,string,bool,UnityEngine.Avatar,bool) (at Assets/Editor/HideAndSeekDesignBuilder.cs:427)
ArgusUnity.Editor.HideAndSeekDesignBuilder:EnsureExpandedAnimationImports () (at Assets/Editor/HideAndSeekDesignBuilder.cs:309)
ArgusUnity.Editor.HideAndSeekDesignBuilder:BuildScene () (at Assets/Editor/HideAndSeekDesignBuilder.cs:150)

(Filename: Assets/Editor/HideAndSeekDesignBuilder.cs Line: 427)

HideAndSeekDesignBuilder: expanded animation import role=quarantined-slow-run-locomotion, activeLocomotion=False, asset=Slow Run.fbx, clip=SlowRun, loop=True, mirror=False, target=Assets/Project/Resources/Animations/Locomotion/Slow Run.fbx.
UnityEngine.StackTraceUtility:ExtractStackTrace () (at /Users/bokken/build/output/unity/unity/Runtime/Export/Scripting/StackTrace.cs:37)
UnityEngine.DebugLogHandler:LogFormat (UnityEngine.LogType,UnityEngine.Object,string,object[])
UnityEngine.Logger:Log (UnityEngine.LogType,object)
UnityEngine.Debug:Log (object)
ArgusUnity.Editor.HideAndSeekDesignBuilder:EnsureExpandedAnimationImports () (at Assets/Editor/HideAndSeekDesignBuilder.cs:315)
ArgusUnity.Editor.HideAndSeekDesignBuilder:BuildScene () (at Assets/Editor/HideAndSeekDesignBuilder.cs:150)

(Filename: Assets/Editor/HideAndSeekDesignBuilder.cs Line: 315)

Start importing Assets/Project/Resources/Animations/Locomotion/Running To Turn.fbx using Guid(06f4a46c02b354b268b2658de1f2164f) Importer(-1,00000000000000000000000000000000)  -> (artifact id: 'bea833bfd4f8165b854d2f1581bd56a1') in 0.164682 seconds
Refreshing native plugins compatible for Editor in 0.53 ms, found 0 plugins.
Preloading 0 native plugins for Editor in 0.00 ms.
Asset Pipeline Refresh (id=7c4124d45f51b4fcfbc2d58b63758d1d): Total: 0.199 seconds - Initiated by StopAssetImportingV2(NoUpdateAssetOptions)
Start importing Assets/Project/Resources/Animations/Locomotion/Running To Turn.fbx using Guid(06f4a46c02b354b268b2658de1f2164f) Importer(-1,00000000000000000000000000000000)  -> (artifact id: 'bea833bfd4f8165b854d2f1581bd56a1') in 0.140994 seconds
Refreshing native plugins compatible for Editor in 0.48 ms, found 0 plugins.
Preloading 0 native plugins for Editor in 0.00 ms.
Asset Pipeline Refresh (id=0b63c7a879029420a85d656d704c2812): Total: 0.157 seconds - Initiated by StopAssetImportingV2(NoUpdateAssetOptions)
HideAndSeekDesignBuilder: humanoid animation import asset=Running To Turn.fbx, clip=RunToTurn, loop=False, mirror=False, rootLocks=rotation:true,heightY:true,positionXZ:true, avatarSetup=CopyFromOther, sharedAvatar=True, sharedAvatarValid=True, sharedAvatarHuman=True, assetAvatarValid=False, assetAvatarHuman=False, importedClips=RunToTurn.
UnityEngine.StackTraceUtility:ExtractStackTrace () (at /Users/bokken/build/output/unity/unity/Runtime/Export/Scripting/StackTrace.cs:37)
UnityEngine.DebugLogHandler:LogFormat (UnityEngine.LogType,UnityEngine.Object,string,object[])
UnityEngine.Logger:Log (UnityEngine.LogType,object)
UnityEngine.Debug:Log (object)
ArgusUnity.Editor.HideAndSeekDesignBuilder:ConfigureHumanoidAnimation (string,string,bool,UnityEngine.Avatar,bool) (at Assets/Editor/HideAndSeekDesignBuilder.cs:427)
ArgusUnity.Editor.HideAndSeekDesignBuilder:EnsureExpandedAnimationImports () (at Assets/Editor/HideAndSeekDesignBuilder.cs:309)
ArgusUnity.Editor.HideAndSeekDesignBuilder:BuildScene () (at Assets/Editor/HideAndSeekDesignBuilder.cs:150)

(Filename: Assets/Editor/HideAndSeekDesignBuilder.cs Line: 427)

HideAndSeekDesignBuilder: expanded animation import role=quarantined-run-turn-candidate, activeLocomotion=False, asset=Running To Turn.fbx, clip=RunToTurn, loop=False, mirror=False, target=Assets/Project/Resources/Animations/Locomotion/Running To Turn.fbx.
UnityEngine.StackTraceUtility:ExtractStackTrace () (at /Users/bokken/build/output/unity/unity/Runtime/Export/Scripting/StackTrace.cs:37)
UnityEngine.DebugLogHandler:LogFormat (UnityEngine.LogType,UnityEngine.Object,string,object[])
UnityEngine.Logger:Log (UnityEngine.LogType,object)
UnityEngine.Debug:Log (object)
ArgusUnity.Editor.HideAndSeekDesignBuilder:EnsureExpandedAnimationImports () (at Assets/Editor/HideAndSeekDesignBuilder.cs:315)
ArgusUnity.Editor.HideAndSeekDesignBuilder:BuildScene () (at Assets/Editor/HideAndSeekDesignBuilder.cs:150)

(Filename: Assets/Editor/HideAndSeekDesignBuilder.cs Line: 315)

Start importing Assets/Project/Resources/Animations/FBXTurns/Left Turn W_Briefcase.fbx using Guid(aee9a1da03a1a47c6a8edda6be8f8eae) Importer(-1,00000000000000000000000000000000)  -> (artifact id: '0261bf6e215febaa3de699757626c6e4') in 0.162574 seconds
Refreshing native plugins compatible for Editor in 0.48 ms, found 0 plugins.
Preloading 0 native plugins for Editor in 0.00 ms.
Asset Pipeline Refresh (id=08494e3e8133d4936a87a38e70e4d93c): Total: 0.190 seconds - Initiated by StopAssetImportingV2(NoUpdateAssetOptions)
Start importing Assets/Project/Resources/Animations/FBXTurns/Left Turn W_Briefcase.fbx using Guid(aee9a1da03a1a47c6a8edda6be8f8eae) Importer(-1,00000000000000000000000000000000)  -> (artifact id: '0261bf6e215febaa3de699757626c6e4') in 0.141421 seconds
Refreshing native plugins compatible for Editor in 0.47 ms, found 0 plugins.
Preloading 0 native plugins for Editor in 0.00 ms.
Asset Pipeline Refresh (id=d273fe9d0202c4d8d92ae8ff94252c67): Total: 0.157 seconds - Initiated by StopAssetImportingV2(NoUpdateAssetOptions)
HideAndSeekDesignBuilder: humanoid animation import asset=Left Turn W_Briefcase.fbx, clip=TurnLeft_Briefcase, loop=True, mirror=False, rootLocks=rotation:true,heightY:true,positionXZ:true, avatarSetup=CopyFromOther, sharedAvatar=True, sharedAvatarValid=True, sharedAvatarHuman=True, assetAvatarValid=False, assetAvatarHuman=False, importedClips=TurnLeft_Briefcase.
UnityEngine.StackTraceUtility:ExtractStackTrace () (at /Users/bokken/build/output/unity/unity/Runtime/Export/Scripting/StackTrace.cs:37)
UnityEngine.DebugLogHandler:LogFormat (UnityEngine.LogType,UnityEngine.Object,string,object[])
UnityEngine.Logger:Log (UnityEngine.LogType,object)
UnityEngine.Debug:Log (object)
ArgusUnity.Editor.HideAndSeekDesignBuilder:ConfigureHumanoidAnimation (string,string,bool,UnityEngine.Avatar,bool) (at Assets/Editor/HideAndSeekDesignBuilder.cs:427)
ArgusUnity.Editor.HideAndSeekDesignBuilder:EnsureExpandedAnimationImports () (at Assets/Editor/HideAndSeekDesignBuilder.cs:309)
ArgusUnity.Editor.HideAndSeekDesignBuilder:BuildScene () (at Assets/Editor/HideAndSeekDesignBuilder.cs:150)

(Filename: Assets/Editor/HideAndSeekDesignBuilder.cs Line: 427)

HideAndSeekDesignBuilder: expanded animation import role=production-left-briefcase-turn, activeLocomotion=True, asset=Left Turn W_Briefcase.fbx, clip=TurnLeft_Briefcase, loop=True, mirror=False, target=Assets/Project/Resources/Animations/FBXTurns/Left Turn W_Briefcase.fbx.
UnityEngine.StackTraceUtility:ExtractStackTrace () (at /Users/bokken/build/output/unity/unity/Runtime/Export/Scripting/StackTrace.cs:37)
UnityEngine.DebugLogHandler:LogFormat (UnityEngine.LogType,UnityEngine.Object,string,object[])
UnityEngine.Logger:Log (UnityEngine.LogType,object)
UnityEngine.Debug:Log (object)
ArgusUnity.Editor.HideAndSeekDesignBuilder:EnsureExpandedAnimationImports () (at Assets/Editor/HideAndSeekDesignBuilder.cs:315)
ArgusUnity.Editor.HideAndSeekDesignBuilder:BuildScene () (at Assets/Editor/HideAndSeekDesignBuilder.cs:150)

(Filename: Assets/Editor/HideAndSeekDesignBuilder.cs Line: 315)

Start importing Assets/Project/Resources/Animations/FBXTurns/Left Turn W_Briefcase-2.fbx using Guid(f205dce3d15704ca6a8b9b0f86401123) Importer(-1,00000000000000000000000000000000)  -> (artifact id: '9b7cc026d1c5e804a6f7ac31763cc466') in 0.145845 seconds
Refreshing native plugins compatible for Editor in 1.27 ms, found 0 plugins.
Preloading 0 native plugins for Editor in 0.00 ms.
Asset Pipeline Refresh (id=fa20fc9499d9640fc9ec7175450c67bc): Total: 0.170 seconds - Initiated by StopAssetImportingV2(NoUpdateAssetOptions)
Start importing Assets/Project/Resources/Animations/FBXTurns/Left Turn W_Briefcase-2.fbx using Guid(f205dce3d15704ca6a8b9b0f86401123) Importer(-1,00000000000000000000000000000000)  -> (artifact id: '9b7cc026d1c5e804a6f7ac31763cc466') in 0.191596 seconds
Refreshing native plugins compatible for Editor in 0.51 ms, found 0 plugins.
Preloading 0 native plugins for Editor in 0.00 ms.
Asset Pipeline Refresh (id=362661a060e9f4694a6b3d87ce5d42d8): Total: 0.214 seconds - Initiated by StopAssetImportingV2(NoUpdateAssetOptions)
HideAndSeekDesignBuilder: humanoid animation import asset=Left Turn W_Briefcase-2.fbx, clip=TurnLeft_Briefcase_Alt, loop=False, mirror=False, rootLocks=rotation:true,heightY:true,positionXZ:true, avatarSetup=CopyFromOther, sharedAvatar=True, sharedAvatarValid=True, sharedAvatarHuman=True, assetAvatarValid=False, assetAvatarHuman=False, importedClips=TurnLeft_Briefcase_Alt.
UnityEngine.StackTraceUtility:ExtractStackTrace () (at /Users/bokken/build/output/unity/unity/Runtime/Export/Scripting/StackTrace.cs:37)
UnityEngine.DebugLogHandler:LogFormat (UnityEngine.LogType,UnityEngine.Object,string,object[])
UnityEngine.Logger:Log (UnityEngine.LogType,object)
UnityEngine.Debug:Log (object)
ArgusUnity.Editor.HideAndSeekDesignBuilder:ConfigureHumanoidAnimation (string,string,bool,UnityEngine.Avatar,bool) (at Assets/Editor/HideAndSeekDesignBuilder.cs:427)
ArgusUnity.Editor.HideAndSeekDesignBuilder:EnsureExpandedAnimationImports () (at Assets/Editor/HideAndSeekDesignBuilder.cs:309)
ArgusUnity.Editor.HideAndSeekDesignBuilder:BuildScene () (at Assets/Editor/HideAndSeekDesignBuilder.cs:150)

(Filename: Assets/Editor/HideAndSeekDesignBuilder.cs Line: 427)

HideAndSeekDesignBuilder: expanded animation import role=briefcase-turn-alt-preview, activeLocomotion=False, asset=Left Turn W_Briefcase-2.fbx, clip=TurnLeft_Briefcase_Alt, loop=False, mirror=False, target=Assets/Project/Resources/Animations/FBXTurns/Left Turn W_Briefcase-2.fbx.
UnityEngine.StackTraceUtility:ExtractStackTrace () (at /Users/bokken/build/output/unity/unity/Runtime/Export/Scripting/StackTrace.cs:37)
UnityEngine.DebugLogHandler:LogFormat (UnityEngine.LogType,UnityEngine.Object,string,object[])
UnityEngine.Logger:Log (UnityEngine.LogType,object)
UnityEngine.Debug:Log (object)
ArgusUnity.Editor.HideAndSeekDesignBuilder:EnsureExpandedAnimationImports () (at Assets/Editor/HideAndSeekDesignBuilder.cs:315)
ArgusUnity.Editor.HideAndSeekDesignBuilder:BuildScene () (at Assets/Editor/HideAndSeekDesignBuilder.cs:150)

(Filename: Assets/Editor/HideAndSeekDesignBuilder.cs Line: 315)

Start importing Assets/Project/Resources/Animations/FBXTurns/Right Turn W_Briefcase_Mirrored.fbx using Guid(88c9c815a6a8c492cb9e49b0c842be3e) Importer(-1,00000000000000000000000000000000)  -> (artifact id: '6973b3cb5972e91b7d2dccaf72732990') in 0.166553 seconds
Refreshing native plugins compatible for Editor in 0.47 ms, found 0 plugins.
Preloading 0 native plugins for Editor in 0.00 ms.
Asset Pipeline Refresh (id=2b3bccad84c164a8dba38e68e16f79b3): Total: 0.196 seconds - Initiated by StopAssetImportingV2(NoUpdateAssetOptions)
Start importing Assets/Project/Resources/Animations/FBXTurns/Right Turn W_Briefcase_Mirrored.fbx using Guid(88c9c815a6a8c492cb9e49b0c842be3e) Importer(-1,00000000000000000000000000000000)  -> (artifact id: '6973b3cb5972e91b7d2dccaf72732990') in 0.146004 seconds
Refreshing native plugins compatible for Editor in 0.48 ms, found 0 plugins.
Preloading 0 native plugins for Editor in 0.00 ms.
Asset Pipeline Refresh (id=58071411553224a69bec642e49480004): Total: 0.161 seconds - Initiated by StopAssetImportingV2(NoUpdateAssetOptions)
HideAndSeekDesignBuilder: humanoid animation import asset=Right Turn W_Briefcase_Mirrored.fbx, clip=TurnRight_Briefcase, loop=True, mirror=True, rootLocks=rotation:true,heightY:true,positionXZ:true, avatarSetup=CopyFromOther, sharedAvatar=True, sharedAvatarValid=True, sharedAvatarHuman=True, assetAvatarValid=False, assetAvatarHuman=False, importedClips=TurnRight_Briefcase.
UnityEngine.StackTraceUtility:ExtractStackTrace () (at /Users/bokken/build/output/unity/unity/Runtime/Export/Scripting/StackTrace.cs:37)
UnityEngine.DebugLogHandler:LogFormat (UnityEngine.LogType,UnityEngine.Object,string,object[])
UnityEngine.Logger:Log (UnityEngine.LogType,object)
UnityEngine.Debug:Log (object)
ArgusUnity.Editor.HideAndSeekDesignBuilder:ConfigureHumanoidAnimation (string,string,bool,UnityEngine.Avatar,bool) (at Assets/Editor/HideAndSeekDesignBuilder.cs:427)
ArgusUnity.Editor.HideAndSeekDesignBuilder:EnsureExpandedAnimationImports () (at Assets/Editor/HideAndSeekDesignBuilder.cs:309)
ArgusUnity.Editor.HideAndSeekDesignBuilder:BuildScene () (at Assets/Editor/HideAndSeekDesignBuilder.cs:150)

(Filename: Assets/Editor/HideAndSeekDesignBuilder.cs Line: 427)

HideAndSeekDesignBuilder: expanded animation import role=production-right-briefcase-turn-mirrored, activeLocomotion=True, asset=Right Turn W_Briefcase_Mirrored.fbx, clip=TurnRight_Briefcase, loop=True, mirror=True, target=Assets/Project/Resources/Animations/FBXTurns/Right Turn W_Briefcase_Mirrored.fbx.
UnityEngine.StackTraceUtility:ExtractStackTrace () (at /Users/bokken/build/output/unity/unity/Runtime/Export/Scripting/StackTrace.cs:37)
UnityEngine.DebugLogHandler:LogFormat (UnityEngine.LogType,UnityEngine.Object,string,object[])
UnityEngine.Logger:Log (UnityEngine.LogType,object)
UnityEngine.Debug:Log (object)
ArgusUnity.Editor.HideAndSeekDesignBuilder:EnsureExpandedAnimationImports () (at Assets/Editor/HideAndSeekDesignBuilder.cs:315)
ArgusUnity.Editor.HideAndSeekDesignBuilder:BuildScene () (at Assets/Editor/HideAndSeekDesignBuilder.cs:150)

(Filename: Assets/Editor/HideAndSeekDesignBuilder.cs Line: 315)

Start importing Assets/Project/Resources/Animations/Actions/Thinking.fbx using Guid(36a75f6830f56473790d1fae92b02700) Importer(-1,00000000000000000000000000000000)  -> (artifact id: 'fd0afac4c3936fda1f44c380eda18785') in 0.157120 seconds
Refreshing native plugins compatible for Editor in 0.47 ms, found 0 plugins.
Preloading 0 native plugins for Editor in 0.00 ms.
Asset Pipeline Refresh (id=4549821aec8eb4ca79d87dc3ad13a57a): Total: 0.177 seconds - Initiated by StopAssetImportingV2(NoUpdateAssetOptions)
Start importing Assets/Project/Resources/Animations/Actions/Thinking.fbx using Guid(36a75f6830f56473790d1fae92b02700) Importer(-1,00000000000000000000000000000000)  -> (artifact id: 'fd0afac4c3936fda1f44c380eda18785') in 0.153721 seconds
Refreshing native plugins compatible for Editor in 0.49 ms, found 0 plugins.
Preloading 0 native plugins for Editor in 0.00 ms.
Asset Pipeline Refresh (id=6e6c4fbc48c9c4a528517aa299408dc0): Total: 0.168 seconds - Initiated by StopAssetImportingV2(NoUpdateAssetOptions)
HideAndSeekDesignBuilder: humanoid animation import asset=Thinking.fbx, clip=Thinking, loop=False, mirror=False, rootLocks=rotation:true,heightY:true,positionXZ:true, avatarSetup=CopyFromOther, sharedAvatar=True, sharedAvatarValid=True, sharedAvatarHuman=True, assetAvatarValid=False, assetAvatarHuman=False, importedClips=Thinking.
UnityEngine.StackTraceUtility:ExtractStackTrace () (at /Users/bokken/build/output/unity/unity/Runtime/Export/Scripting/StackTrace.cs:37)
UnityEngine.DebugLogHandler:LogFormat (UnityEngine.LogType,UnityEngine.Object,string,object[])
UnityEngine.Logger:Log (UnityEngine.LogType,object)
UnityEngine.Debug:Log (object)
ArgusUnity.Editor.HideAndSeekDesignBuilder:ConfigureHumanoidAnimation (string,string,bool,UnityEngine.Avatar,bool) (at Assets/Editor/HideAndSeekDesignBuilder.cs:427)
ArgusUnity.Editor.HideAndSeekDesignBuilder:EnsureExpandedAnimationImports () (at Assets/Editor/HideAndSeekDesignBuilder.cs:309)
ArgusUnity.Editor.HideAndSeekDesignBuilder:BuildScene () (at Assets/Editor/HideAndSeekDesignBuilder.cs:150)

(Filename: Assets/Editor/HideAndSeekDesignBuilder.cs Line: 427)

HideAndSeekDesignBuilder: expanded animation import role=thinking-action-not-wired, activeLocomotion=False, asset=Thinking.fbx, clip=Thinking, loop=False, mirror=False, target=Assets/Project/Resources/Animations/Actions/Thinking.fbx.
UnityEngine.StackTraceUtility:ExtractStackTrace () (at /Users/bokken/build/output/unity/unity/Runtime/Export/Scripting/StackTrace.cs:37)
UnityEngine.DebugLogHandler:LogFormat (UnityEngine.LogType,UnityEngine.Object,string,object[])
UnityEngine.Logger:Log (UnityEngine.LogType,object)
UnityEngine.Debug:Log (object)
ArgusUnity.Editor.HideAndSeekDesignBuilder:EnsureExpandedAnimationImports () (at Assets/Editor/HideAndSeekDesignBuilder.cs:315)
ArgusUnity.Editor.HideAndSeekDesignBuilder:BuildScene () (at Assets/Editor/HideAndSeekDesignBuilder.cs:150)

(Filename: Assets/Editor/HideAndSeekDesignBuilder.cs Line: 315)

Start importing Assets/Project/Resources/Animations/Actions/Angry.fbx using Guid(bf6f5bc26201348749cec0762d90324c) Importer(-1,00000000000000000000000000000000)  -> (artifact id: 'fa14516dafcd04b369ba93df3c24b969') in 0.310248 seconds
Refreshing native plugins compatible for Editor in 0.50 ms, found 0 plugins.
Preloading 0 native plugins for Editor in 0.00 ms.
Asset Pipeline Refresh (id=1e10e46923a3148da924e8a5fd3fbf50): Total: 0.344 seconds - Initiated by StopAssetImportingV2(NoUpdateAssetOptions)
	Summary:
		Imports: total=1 (actual=1, local cache=0, cache server=0)
		Asset DB Process Time: managed=0 ms, native=322 ms
		Asset DB Callback time: managed=14 ms, native=5 ms
		Scripting: domain reloads=0, domain reload time=0 ms, compile time=0 ms, other=0 ms
		Project Asset Count: scripts=3120, non-scripts=1540
		Asset File Changes: new=0, changed=0, moved=0, deleted=0
		Scan Filter Count: 6
	InvokeBeforeRefreshCallbacks: 0.000ms
	ApplyChangesToAssetFolders: 0.014ms
	Scan: 0.687ms
	OnSourceAssetsModified: 0.000ms
	GetAllGuidsForCategorization: 0.109ms
	CategorizeAssets: 1.073ms
	ImportOutOfDateAssets: 313.679ms (0.172ms without children)
		ImportManagerImport: 312.486ms (0.288ms without children)
			ImportInProcess: 312.184ms
			UpdateCategorizedAssets: 0.014ms
		ReloadNativeAssets: 0.011ms
		UnloadImportedAssets: 0.013ms
		ReloadImportedAssets: 0.000ms
		EnsureUptoDateAssetsAreRegisteredWithGuidPM: 0.410ms
		InitializingProgressBar: 0.002ms
		PostProcessAllAssetNotificationsAddChangedAssets: 0.000ms
		OnDemandSchedulerStart: 0.585ms
	PostProcessAllAssets: 19.296ms
	Hotreload: 1.368ms
	GatherAllCurrentPrimaryArtifactRevisions: 0.093ms
	UnloadStreamsBegin: 0.022ms
	PersistCurrentRevisions: 0.122ms
	UnloadStreamsEnd: 0.006ms
	Untracked: 7.724ms
Start importing Assets/Project/Resources/Animations/Actions/Angry.fbx using Guid(bf6f5bc26201348749cec0762d90324c) Importer(-1,00000000000000000000000000000000)  -> (artifact id: 'fa14516dafcd04b369ba93df3c24b969') in 0.291833 seconds
Refreshing native plugins compatible for Editor in 0.48 ms, found 0 plugins.
Preloading 0 native plugins for Editor in 0.00 ms.
Asset Pipeline Refresh (id=f99a9090dde0c4616a0a522ab039f62d): Total: 0.312 seconds - Initiated by StopAssetImportingV2(NoUpdateAssetOptions)
	Summary:
		Imports: total=1 (actual=1, local cache=0, cache server=0)
		Asset DB Process Time: managed=0 ms, native=304 ms
		Asset DB Callback time: managed=5 ms, native=1 ms
		Scripting: domain reloads=0, domain reload time=0 ms, compile time=0 ms, other=0 ms
		Project Asset Count: scripts=3120, non-scripts=1540
		Asset File Changes: new=0, changed=0, moved=0, deleted=0
		Scan Filter Count: 6
	InvokeBeforeRefreshCallbacks: 0.000ms
	ApplyChangesToAssetFolders: 0.016ms
	Scan: 0.775ms
	OnSourceAssetsModified: 0.000ms
	GetAllGuidsForCategorization: 0.095ms
	CategorizeAssets: 0.982ms
	ImportOutOfDateAssets: 293.994ms (-0.490ms without children)
		ImportManagerImport: 292.879ms (0.842ms without children)
			ImportInProcess: 292.019ms
			UpdateCategorizedAssets: 0.018ms
		ReloadNativeAssets: 0.009ms
		UnloadImportedAssets: 0.078ms
		ReloadImportedAssets: 0.660ms
		EnsureUptoDateAssetsAreRegisteredWithGuidPM: 0.418ms
		InitializingProgressBar: 0.003ms
		OnDemandSchedulerStart: 0.436ms
	PostProcessAllAssets: 5.513ms
	Hotreload: 1.183ms
	GatherAllCurrentPrimaryArtifactRevisions: 0.098ms
	UnloadStreamsBegin: 0.038ms
	PersistCurrentRevisions: 0.130ms
	UnloadStreamsEnd: 0.005ms
	Untracked: 8.742ms
HideAndSeekDesignBuilder: humanoid animation import asset=Angry.fbx, clip=Angry, loop=False, mirror=False, rootLocks=rotation:true,heightY:true,positionXZ:true, avatarSetup=CopyFromOther, sharedAvatar=True, sharedAvatarValid=True, sharedAvatarHuman=True, assetAvatarValid=False, assetAvatarHuman=False, importedClips=Angry.
UnityEngine.StackTraceUtility:ExtractStackTrace () (at /Users/bokken/build/output/unity/unity/Runtime/Export/Scripting/StackTrace.cs:37)
UnityEngine.DebugLogHandler:LogFormat (UnityEngine.LogType,UnityEngine.Object,string,object[])
UnityEngine.Logger:Log (UnityEngine.LogType,object)
UnityEngine.Debug:Log (object)
ArgusUnity.Editor.HideAndSeekDesignBuilder:ConfigureHumanoidAnimation (string,string,bool,UnityEngine.Avatar,bool) (at Assets/Editor/HideAndSeekDesignBuilder.cs:427)
ArgusUnity.Editor.HideAndSeekDesignBuilder:EnsureExpandedAnimationImports () (at Assets/Editor/HideAndSeekDesignBuilder.cs:309)
ArgusUnity.Editor.HideAndSeekDesignBuilder:BuildScene () (at Assets/Editor/HideAndSeekDesignBuilder.cs:150)

(Filename: Assets/Editor/HideAndSeekDesignBuilder.cs Line: 427)

HideAndSeekDesignBuilder: expanded animation import role=angry-action-not-wired, activeLocomotion=False, asset=Angry.fbx, clip=Angry, loop=False, mirror=False, target=Assets/Project/Resources/Animations/Actions/Angry.fbx.
UnityEngine.StackTraceUtility:ExtractStackTrace () (at /Users/bokken/build/output/unity/unity/Runtime/Export/Scripting/StackTrace.cs:37)
UnityEngine.DebugLogHandler:LogFormat (UnityEngine.LogType,UnityEngine.Object,string,object[])
UnityEngine.Logger:Log (UnityEngine.LogType,object)
UnityEngine.Debug:Log (object)
ArgusUnity.Editor.HideAndSeekDesignBuilder:EnsureExpandedAnimationImports () (at Assets/Editor/HideAndSeekDesignBuilder.cs:315)
ArgusUnity.Editor.HideAndSeekDesignBuilder:BuildScene () (at Assets/Editor/HideAndSeekDesignBuilder.cs:150)

(Filename: Assets/Editor/HideAndSeekDesignBuilder.cs Line: 315)

Start importing Assets/Project/Resources/Animations/Actions/Male Laying Pose.fbx using Guid(6f5314b5ac7be4cd4b67afc80b5c49f2) Importer(-1,00000000000000000000000000000000)  -> (artifact id: '4de69289a8dc82693b729138e293b433') in 0.125971 seconds
Refreshing native plugins compatible for Editor in 0.48 ms, found 0 plugins.
Preloading 0 native plugins for Editor in 0.00 ms.
Asset Pipeline Refresh (id=159d4c3b38fcf44fa8bc309f5828701b): Total: 0.141 seconds - Initiated by StopAssetImportingV2(NoUpdateAssetOptions)
Start importing Assets/Project/Resources/Animations/Actions/Male Laying Pose.fbx using Guid(6f5314b5ac7be4cd4b67afc80b5c49f2) Importer(-1,00000000000000000000000000000000)  -> (artifact id: '4de69289a8dc82693b729138e293b433') in 0.120265 seconds
Refreshing native plugins compatible for Editor in 0.51 ms, found 0 plugins.
Preloading 0 native plugins for Editor in 0.00 ms.
Asset Pipeline Refresh (id=9ec3f9c03485247a69df5c150f72974d): Total: 0.134 seconds - Initiated by StopAssetImportingV2(NoUpdateAssetOptions)
HideAndSeekDesignBuilder: humanoid animation import asset=Male Laying Pose.fbx, clip=LayingPose, loop=False, mirror=False, rootLocks=rotation:true,heightY:true,positionXZ:true, avatarSetup=CopyFromOther, sharedAvatar=True, sharedAvatarValid=True, sharedAvatarHuman=True, assetAvatarValid=False, assetAvatarHuman=False, importedClips=LayingPose.
UnityEngine.StackTraceUtility:ExtractStackTrace () (at /Users/bokken/build/output/unity/unity/Runtime/Export/Scripting/StackTrace.cs:37)
UnityEngine.DebugLogHandler:LogFormat (UnityEngine.LogType,UnityEngine.Object,string,object[])
UnityEngine.Logger:Log (UnityEngine.LogType,object)
UnityEngine.Debug:Log (object)
ArgusUnity.Editor.HideAndSeekDesignBuilder:ConfigureHumanoidAnimation (string,string,bool,UnityEngine.Avatar,bool) (at Assets/Editor/HideAndSeekDesignBuilder.cs:427)
ArgusUnity.Editor.HideAndSeekDesignBuilder:EnsureExpandedAnimationImports () (at Assets/Editor/HideAndSeekDesignBuilder.cs:309)
ArgusUnity.Editor.HideAndSeekDesignBuilder:BuildScene () (at Assets/Editor/HideAndSeekDesignBuilder.cs:150)

(Filename: Assets/Editor/HideAndSeekDesignBuilder.cs Line: 427)

HideAndSeekDesignBuilder: expanded animation import role=laying-pose-action-not-wired, activeLocomotion=False, asset=Male Laying Pose.fbx, clip=LayingPose, loop=False, mirror=False, target=Assets/Project/Resources/Animations/Actions/Male Laying Pose.fbx.
UnityEngine.StackTraceUtility:ExtractStackTrace () (at /Users/bokken/build/output/unity/unity/Runtime/Export/Scripting/StackTrace.cs:37)
UnityEngine.DebugLogHandler:LogFormat (UnityEngine.LogType,UnityEngine.Object,string,object[])
UnityEngine.Logger:Log (UnityEngine.LogType,object)
UnityEngine.Debug:Log (object)
ArgusUnity.Editor.HideAndSeekDesignBuilder:EnsureExpandedAnimationImports () (at Assets/Editor/HideAndSeekDesignBuilder.cs:315)
ArgusUnity.Editor.HideAndSeekDesignBuilder:BuildScene () (at Assets/Editor/HideAndSeekDesignBuilder.cs:150)

(Filename: Assets/Editor/HideAndSeekDesignBuilder.cs Line: 315)

Start importing Assets/Project/Resources/Animations/Actions/Standing Torch Light Torch.fbx using Guid(20e51dd31e1d44271a121772694dcf0f) Importer(-1,00000000000000000000000000000000)  -> (artifact id: '1afe57928a3c90c7991c40eeda059b5a') in 0.150945 seconds
Refreshing native plugins compatible for Editor in 0.47 ms, found 0 plugins.
Preloading 0 native plugins for Editor in 0.00 ms.
Asset Pipeline Refresh (id=951ac25e135674b3e86bf1e2a81ceb14): Total: 0.172 seconds - Initiated by StopAssetImportingV2(NoUpdateAssetOptions)
Start importing Assets/Project/Resources/Animations/Actions/Standing Torch Light Torch.fbx using Guid(20e51dd31e1d44271a121772694dcf0f) Importer(-1,00000000000000000000000000000000)  -> (artifact id: '1afe57928a3c90c7991c40eeda059b5a') in 0.152049 seconds
Refreshing native plugins compatible for Editor in 0.48 ms, found 0 plugins.
Preloading 0 native plugins for Editor in 0.00 ms.
Asset Pipeline Refresh (id=17ae7271b1ce64c7cb417b6945e8447b): Total: 0.167 seconds - Initiated by StopAssetImportingV2(NoUpdateAssetOptions)
HideAndSeekDesignBuilder: humanoid animation import asset=Standing Torch Light Torch.fbx, clip=StandingTorch, loop=False, mirror=False, rootLocks=rotation:true,heightY:true,positionXZ:true, avatarSetup=CopyFromOther, sharedAvatar=True, sharedAvatarValid=True, sharedAvatarHuman=True, assetAvatarValid=False, assetAvatarHuman=False, importedClips=StandingTorch.
UnityEngine.StackTraceUtility:ExtractStackTrace () (at /Users/bokken/build/output/unity/unity/Runtime/Export/Scripting/StackTrace.cs:37)
UnityEngine.DebugLogHandler:LogFormat (UnityEngine.LogType,UnityEngine.Object,string,object[])
UnityEngine.Logger:Log (UnityEngine.LogType,object)
UnityEngine.Debug:Log (object)
ArgusUnity.Editor.HideAndSeekDesignBuilder:ConfigureHumanoidAnimation (string,string,bool,UnityEngine.Avatar,bool) (at Assets/Editor/HideAndSeekDesignBuilder.cs:427)
ArgusUnity.Editor.HideAndSeekDesignBuilder:EnsureExpandedAnimationImports () (at Assets/Editor/HideAndSeekDesignBuilder.cs:309)
ArgusUnity.Editor.HideAndSeekDesignBuilder:BuildScene () (at Assets/Editor/HideAndSeekDesignBuilder.cs:150)

(Filename: Assets/Editor/HideAndSeekDesignBuilder.cs Line: 427)

HideAndSeekDesignBuilder: expanded animation import role=standing-torch-action-not-wired, activeLocomotion=False, asset=Standing Torch Light Torch.fbx, clip=StandingTorch, loop=False, mirror=False, target=Assets/Project/Resources/Animations/Actions/Standing Torch Light Torch.fbx.
UnityEngine.StackTraceUtility:ExtractStackTrace () (at /Users/bokken/build/output/unity/unity/Runtime/Export/Scripting/StackTrace.cs:37)
UnityEngine.DebugLogHandler:LogFormat (UnityEngine.LogType,UnityEngine.Object,string,object[])
UnityEngine.Logger:Log (UnityEngine.LogType,object)
UnityEngine.Debug:Log (object)
ArgusUnity.Editor.HideAndSeekDesignBuilder:EnsureExpandedAnimationImports () (at Assets/Editor/HideAndSeekDesignBuilder.cs:315)
ArgusUnity.Editor.HideAndSeekDesignBuilder:BuildScene () (at Assets/Editor/HideAndSeekDesignBuilder.cs:150)

(Filename: Assets/Editor/HideAndSeekDesignBuilder.cs Line: 315)

Refreshing native plugins compatible for Editor in 0.47 ms, found 0 plugins.
Preloading 0 native plugins for Editor in 0.00 ms.
Asset Pipeline Refresh (id=a51452cb62ad24d3b8ba8efe981dd1a5): Total: 0.028 seconds - Initiated by StopAssetImportingV2(NoUpdateAssetOptions)
Start importing Assets/Project/Resources/Animations/Controllers/MiniBotLocomotion.controller using Guid(ebda5135bdb3d4046b43dbf48b9b966f) Importer(-1,00000000000000000000000000000000)  -> (artifact id: '453c605dc07cd93abac116ec88f7d157') in 0.000951 seconds
Refreshing native plugins compatible for Editor in 0.44 ms, found 0 plugins.
Preloading 0 native plugins for Editor in 0.00 ms.
Asset Pipeline Refresh (id=ada95ab000b1f41ffae87f9d3f08b920): Total: 0.026 seconds - Initiated by StopAssetImportingV2(NoUpdateAssetOptions)
Start importing Assets/Project/Resources/Animations/Controllers/MiniBotLocomotion.controller using Guid(ebda5135bdb3d4046b43dbf48b9b966f) Importer(-1,00000000000000000000000000000000)  -> (artifact id: 'f16e1334d3094dd9f9867fe1659124a0') in 0.000702 seconds
Refreshing native plugins compatible for Editor in 0.45 ms, found 0 plugins.
Preloading 0 native plugins for Editor in 0.00 ms.
Asset Pipeline Refresh (id=48cbf9829af4445239c45c84c6728d28): Total: 0.023 seconds - Initiated by StopAssetImportingV2(NoUpdateAssetOptions)
HideAndSeekDesignBuilder: locomotion AnimatorController ready path=Assets/Project/Resources/Animations/Controllers/MiniBotLocomotion.controller, idle=Idle, blendTree=LocomotionBlendTree, walk=Walk_InPlace@turn0-speed1.00, leftTurn=TurnLeft_Briefcase@turn-1-speed1.00, rightTurn=TurnRight_Briefcase@turn1-speed1.00, quarantined=SlowRun,Run,TurnLeft_Happy,TurnRight_Happy.
UnityEngine.StackTraceUtility:ExtractStackTrace () (at /Users/bokken/build/output/unity/unity/Runtime/Export/Scripting/StackTrace.cs:37)
UnityEngine.DebugLogHandler:LogFormat (UnityEngine.LogType,UnityEngine.Object,string,object[])
UnityEngine.Logger:Log (UnityEngine.LogType,object)
UnityEngine.Debug:Log (object)
ArgusUnity.Editor.HideAndSeekDesignBuilder:EnsureLocomotionAnimatorController () (at Assets/Editor/HideAndSeekDesignBuilder.cs:501)
ArgusUnity.Editor.HideAndSeekDesignBuilder:BuildScene () (at Assets/Editor/HideAndSeekDesignBuilder.cs:151)

(Filename: Assets/Editor/HideAndSeekDesignBuilder.cs Line: 501)

HideAndSeekDesignBuilder: mini-bot import animationType=Human, importAnimation=True, avatarValid=True, avatarHuman=True, walkingBones leftFoot=True, rightFoot=True, leftLeg=True, rightLeg=True.
UnityEngine.StackTraceUtility:ExtractStackTrace () (at /Users/bokken/build/output/unity/unity/Runtime/Export/Scripting/StackTrace.cs:37)
UnityEngine.DebugLogHandler:LogFormat (UnityEngine.LogType,UnityEngine.Object,string,object[])
UnityEngine.Logger:Log (UnityEngine.LogType,object)
UnityEngine.Debug:Log (object)
ArgusUnity.Editor.HideAndSeekDesignBuilder:LogMiniBotRigInfo () (at Assets/Editor/HideAndSeekDesignBuilder.cs:1207)
ArgusUnity.Editor.HideAndSeekDesignBuilder:BuildScene () (at Assets/Editor/HideAndSeekDesignBuilder.cs:152)

(Filename: Assets/Editor/HideAndSeekDesignBuilder.cs Line: 1207)

Unloading 0 Unused Serialized files (Serialized files now loaded: 0)
Unloading 1049 unused Assets / (211.8 KB). Loaded Objects now: 3135.
Memory consumption went from 170.2 MB to 170.0 MB.
Total: 23.266542 ms (FindLiveObjects: 0.108500 ms CreateObjectMapping: 0.047375 ms MarkObjects: 21.375791 ms  DeleteObjects: 1.734250 ms)

Start importing Assets/Project/Materials/FurnitureCollision.physicMaterial using Guid(4055c0a04dcaa4517a2fc6c986d95402) Importer(-1,00000000000000000000000000000000)  -> (artifact id: '93557a2231481f13710b813665cbb595') in 0.001224 seconds
Start importing Assets/Project/Materials/WallsFloorColliderDisplay.mat using Guid(115fdba3630c24a26bea67f91878d92e) Importer(-1,00000000000000000000000000000000)  -> (artifact id: '63e6ef5f919128e9728f46e2024804c9') in 0.000649 seconds
Start importing Assets/Project/Materials/HideSeekDefenseBlue.mat using Guid(1ab91de9bb9934e9f880738d62def819) Importer(-1,00000000000000000000000000000000)  -> (artifact id: '6192f3395ab21bcaa9fabb8e6ebbcfb2') in 0.000607 seconds
Start importing Assets/Project/Materials/HideSeekAttackRed.mat using Guid(4aa4d8a01259243b6b5dba6db789b200) Importer(-1,00000000000000000000000000000000)  -> (artifact id: '1e003da785150d9cba7a94d730ca518a') in 0.000484 seconds
Start importing Assets/Project/Materials/MiniBotLowFrictionContact.physicMaterial using Guid(dc9fa6446005d48759c4f50c470f1c28) Importer(-1,00000000000000000000000000000000)  -> (artifact id: '1c786f7e033238ce791a8fafaf87549e') in 0.000471 seconds
Refreshing native plugins compatible for Editor in 0.44 ms, found 0 plugins.
Preloading 0 native plugins for Editor in 0.00 ms.
Asset Pipeline Refresh (id=bc356c981a6414efe8532ca83816840b): Total: 0.025 seconds - Initiated by StopAssetImportingV2(NoUpdateAssetOptions)
Start importing Assets/Project/Scenes/MiniBotHideAndSeekDesign.unity using Guid(9a4a9106e8b4148eea11b87fdf0edb7b) Importer(-1,00000000000000000000000000000000)  -> (artifact id: '43587385358f80e414160813e43d9350') in 0.000903 seconds
Refreshing native plugins compatible for Editor in 0.46 ms, found 0 plugins.
Preloading 0 native plugins for Editor in 0.00 ms.
Asset Pipeline Refresh (id=95e0b041f1d2d4d9f990cd31c3a19b62): Total: 0.025 seconds - Initiated by StopAssetImportingV2(NoUpdateAssetOptions)
HideAndSeekDesignBuilder: physics setup furnitureColliders=11, staticSchoolroomColliders=5.
UnityEngine.StackTraceUtility:ExtractStackTrace () (at /Users/bokken/build/output/unity/unity/Runtime/Export/Scripting/StackTrace.cs:37)
UnityEngine.DebugLogHandler:LogFormat (UnityEngine.LogType,UnityEngine.Object,string,object[])
UnityEngine.Logger:Log (UnityEngine.LogType,object)
UnityEngine.Debug:Log (object)
ArgusUnity.Editor.HideAndSeekDesignBuilder:BuildScene () (at Assets/Editor/HideAndSeekDesignBuilder.cs:171)

(Filename: Assets/Editor/HideAndSeekDesignBuilder.cs Line: 171)

HideAndSeekDesignBuilder: saved Assets/Project/Scenes/MiniBotHideAndSeekDesign.unity
UnityEngine.StackTraceUtility:ExtractStackTrace () (at /Users/bokken/build/output/unity/unity/Runtime/Export/Scripting/StackTrace.cs:37)
UnityEngine.DebugLogHandler:LogFormat (UnityEngine.LogType,UnityEngine.Object,string,object[])
UnityEngine.Logger:Log (UnityEngine.LogType,object)
UnityEngine.Debug:Log (object)
ArgusUnity.Editor.HideAndSeekDesignBuilder:BuildScene () (at Assets/Editor/HideAndSeekDesignBuilder.cs:174)

(Filename: Assets/Editor/HideAndSeekDesignBuilder.cs Line: 174)

Batchmode quit successfully invoked - shutting down!
Thread 0x33af87000 may have been prematurely finalized
[Licensing::IpcConnector] License Notification channel disconnected successfully.
[Licensing::IpcConnector] License Client channel disconnected successfully.
Thread 0x17fa53000 may have been prematurely finalized
Thread 0x17fb6b000 may have been prematurely finalized
Thread 0x17fadf000 may have been prematurely finalized
Thread 0x17fc83000 may have been prematurely finalized
Cleanup mono
[40m[32minfo[39m[22m[49m: Microsoft.Hosting.Lifetime[0]
      Application is shutting down...
[40m[32minfo[39m[22m[49m: Unity.ILPP.Runner.PostProcessingAssemblyLoadContext[0]
      ALC ILPP context 1 is unloading
debugger-agent: Unable to listen on 48
[Performance] Application.InitializeProject                                                                                  :        1 samples, Peak.  6.17 s (1.0x), Avg.  6.17 s, Total. 6.167 s (35.2%)
[Performance] Application.PackageManager.StartServer                                                                         :        1 samples, Peak.  2.58 ms (1.0x), Avg.  2.58 ms, Total. 2.585 ms (0.0%)
[Performance] Application.AcquireProjectLock                                                                                 :        1 samples, Peak.  1.92 ms (1.0x), Avg.  1.92 ms, Total. 1.920 ms (0.0%)
[Performance] Application.InitializeEngineNoGraphics                                                                         :        1 samples, Peak.  77.3 ms (1.0x), Avg.  77.3 ms, Total. 77.29 ms (0.4%)
[Performance] Application.PackageManager.Initialize                                                                          :        1 samples, Peak.   590 ms (1.0x), Avg.   590 ms, Total. 590.5 ms (3.4%)
[Performance] Connecting to Package Manager                                                                                  :       60 samples, Peak.  61.7 us (47.9x), Avg.  1.29 us, Total. 77.33 us (0.0%)
[Performance] Application.EngineGraphics.Initialize                                                                          :        1 samples, Peak.  98.4 ms (1.0x), Avg.  98.4 ms, Total. 98.35 ms (0.6%)
[Performance] Application.GI.Initialize                                                                                      :        1 samples, Peak.  4.69 ms (1.0x), Avg.  4.69 ms, Total. 4.692 ms (0.0%)
[Performance] Application.LoadAllDefaultResourcesFromEditor                                                                  :        1 samples, Peak.  1.60 ms (1.0x), Avg.  1.60 ms, Total. 1.595 ms (0.0%)
[Performance] Application.LoadMonoAssemblies                                                                                 :        1 samples, Peak.   440 ms (1.0x), Avg.   440 ms, Total. 440.2 ms (2.5%)
[Performance] RestoreManagedReferences                                                                                       :        2 samples, Peak.  29.7 ms (2.0x), Avg.  14.9 ms, Total. 29.73 ms (0.2%)
[Performance] InitializeOnLoad ProjectSearch                                                                                 :        2 samples, Peak.   158 us (1.0x), Avg.   150 us, Total. 300.5 us (0.0%)
[Performance] InitializeOnLoad AssetStoreContext                                                                             :        2 samples, Peak.  15.9 ms (1.1x), Avg.  14.1 ms, Total. 28.29 ms (0.2%)
[Performance] InitializeOnLoad SearchService                                                                                 :        2 samples, Peak.  62.0 us (1.0x), Avg.  59.8 us, Total. 119.5 us (0.0%)
[Performance] InitializeOnLoad ObjectSelectorSearch                                                                          :        2 samples, Peak.   192 us (1.2x), Avg.   159 us, Total. 317.1 us (0.0%)
[Performance] InitializeOnLoad NativeFormatImporterUtility                                                                   :        2 samples, Peak.  1.62 ms (1.2x), Avg.  1.34 ms, Total. 2.672 ms (0.0%)
[Performance] InitializeOnLoad ManagedDebuggerWindow                                                                         :        2 samples, Peak.   476 us (1.6x), Avg.   304 us, Total. 607.5 us (0.0%)
[Performance] InitializeOnLoad PrefabInstanceChangedListener                                                                 :        2 samples, Peak.   342 us (1.0x), Avg.   328 us, Total. 656.8 us (0.0%)
[Performance] InitializeOnLoad ManagedDebugger                                                                               :        2 samples, Peak.   250 ns (1.1x), Avg.   229 ns, Total. 458.0 ns (0.0%)
[Performance] InitializeOnLoad CloudBuild                                                                                    :        2 samples, Peak.  1.63 us (1.1x), Avg.  1.52 us, Total. 3.042 us (0.0%)
[Performance] InitializeOnLoad Collab                                                                                        :        2 samples, Peak.  5.48 ms (1.4x), Avg.  4.00 ms, Total. 8.007 ms (0.0%)
[Performance] InitializeOnLoad ShortcutIntegration                                                                           :        2 samples, Peak.  42.7 us (1.2x), Avg.  36.5 us, Total. 73.04 us (0.0%)
[Performance] InitializeOnLoad MixerEffectDefinitionReloader                                                                 :        2 samples, Peak.  1.93 ms (1.4x), Avg.  1.41 ms, Total. 2.815 ms (0.0%)
[Performance] InitializeOnLoad DrivenRectTransformUndo                                                                       :        2 samples, Peak.   155 us (1.1x), Avg.   140 us, Total. 279.7 us (0.0%)
[Performance] InitializeOnLoad WindowLayout                                                                                  :        2 samples, Peak.   299 us (1.1x), Avg.   270 us, Total. 540.9 us (0.0%)
[Performance] InitializeOnLoad SettingsService                                                                               :        2 samples, Peak.  4.37 us (1.1x), Avg.  3.81 us, Total. 7.625 us (0.0%)
[Performance] InitializeOnLoad CacheServerWindow                                                                             :        2 samples, Peak.  5.75 us (1.1x), Avg.  5.44 us, Total. 10.87 us (0.0%)
[Performance] InitializeOnLoad MenuItems                                                                                     :        2 samples, Peak.  46.8 us (1.1x), Avg.  41.4 us, Total. 82.83 us (0.0%)
[Performance] InitializeOnLoad CheckNavigationPackage                                                                        :        2 samples, Peak.   230 us (1.2x), Avg.   186 us, Total. 371.6 us (0.0%)
[Performance] InitializeOnLoad UISystemProfilerRenderService                                                                 :        2 samples, Peak.  4.42 us (1.0x), Avg.  4.31 us, Total. 8.625 us (0.0%)
[Performance] InitializeOnLoad EditMode                                                                                      :        2 samples, Peak.   389 us (1.4x), Avg.   273 us, Total. 546.2 us (0.0%)
[Performance] InitializeOnLoad UnityConnect                                                                                  :        2 samples, Peak.  29.1 us (1.1x), Avg.  25.9 us, Total. 51.75 us (0.0%)
[Performance] InitializeOnLoad AddComponentWindow                                                                            :        2 samples, Peak.  61.8 us (1.1x), Avg.  57.1 us, Total. 114.2 us (0.0%)
[Performance] InitializeOnLoad PlayModeDownload                                                                              :        2 samples, Peak.  2.70 ms (1.9x), Avg.  1.40 ms, Total. 2.803 ms (0.0%)
[Performance] InitializeOnLoad SceneSearch                                                                                   :        2 samples, Peak.  46.7 us (1.5x), Avg.  31.7 us, Total. 63.33 us (0.0%)
[Performance] InitializeOnLoad EditorDelegateRegistration                                                                    :        2 samples, Peak.   373 us (1.0x), Avg.   365 us, Total. 729.2 us (0.0%)
[Performance] InitializeOnLoad UxmlObjectEditorFactories                                                                     :        2 samples, Peak.   246 us (1.0x), Avg.   241 us, Total. 482.5 us (0.0%)
[Performance] InitializeOnLoad RetainedMode                                                                                  :        2 samples, Peak.  1.34 ms (1.1x), Avg.  1.23 ms, Total. 2.459 ms (0.0%)
[Performance] InitializeOnLoad EditorShaderLoader                                                                            :        2 samples, Peak.   522 us (1.3x), Avg.   399 us, Total. 798.3 us (0.0%)
[Performance] InitializeOnLoad UIDocumentHierarchyWatcher                                                                    :        2 samples, Peak.  34.0 us (1.0x), Avg.  33.5 us, Total. 67.00 us (0.0%)
[Performance] InitializeOnLoad EditorMonitor                                                                                 :        2 samples, Peak.  74.9 us (1.0x), Avg.  74.1 us, Total. 148.2 us (0.0%)
[Performance] InitializeOnLoad LiveReloadTrackerCreator                                                                      :        2 samples, Peak.  87.7 us (1.0x), Avg.  85.7 us, Total. 171.4 us (0.0%)
[Performance] InitializeOnLoad UXMLEditorFactories                                                                           :        2 samples, Peak.  35.5 ms (1.1x), Avg.  31.6 ms, Total. 63.19 ms (0.4%)
[Performance] InitializeOnLoad ServicesRepository                                                                            :        2 samples, Peak.   418 us (1.1x), Avg.   390 us, Total. 779.9 us (0.0%)
[Performance] InitializeOnLoad UDPService                                                                                    :        2 samples, Peak.  2.26 ms (1.2x), Avg.  1.90 ms, Total. 3.802 ms (0.0%)
[Performance] InitializeOnLoad EditorGameServicesAnalytics                                                                   :        2 samples, Peak.   958 us (1.7x), Avg.   579 us, Total. 1.158 ms (0.0%)
[Performance] InitializeOnLoad CloudBuildPoller                                                                              :        2 samples, Peak.  66.5 us (1.1x), Avg.  58.4 us, Total. 116.7 us (0.0%)
[Performance] InitializeOnLoad BuildService                                                                                  :        2 samples, Peak.  1.09 ms (1.0x), Avg.  1.09 ms, Total. 2.176 ms (0.0%)
[Performance] InitializeOnLoad CollabService                                                                                 :        2 samples, Peak.  1.41 ms (1.1x), Avg.  1.23 ms, Total. 2.462 ms (0.0%)
[Performance] InitializeOnLoad PurchasingService                                                                             :        2 samples, Peak.  5.70 ms (1.1x), Avg.  5.23 ms, Total. 10.47 ms (0.1%)
[Performance] InitializeOnLoad CrashService                                                                                  :        2 samples, Peak.  1.11 ms (1.0x), Avg.  1.09 ms, Total. 2.179 ms (0.0%)
[Performance] InitializeOnLoad AdsService                                                                                    :        2 samples, Peak.  1.59 ms (1.0x), Avg.  1.52 ms, Total. 3.039 ms (0.0%)
[Performance] InitializeOnLoad AnalyticsService                                                                              :        2 samples, Peak.  1.33 ms (1.1x), Avg.  1.19 ms, Total. 2.389 ms (0.0%)
[Performance] InitializeOnLoad SearchWindow                                                                                  :        2 samples, Peak.  63.4 us (1.0x), Avg.  61.5 us, Total. 123.1 us (0.0%)
[Performance] InitializeOnLoad SearchMonitor                                                                                 :        2 samples, Peak.  6.00 ms (1.5x), Avg.  3.93 ms, Total. 7.860 ms (0.0%)
[Performance] InitializeOnLoad ParameterControllerEditor                                                                     :        2 samples, Peak.  22.9 us (1.1x), Avg.  21.7 us, Total. 43.33 us (0.0%)
[Performance] InitializeOnLoad LayerSettingsWindow                                                                           :        2 samples, Peak.  2.75 us (1.0x), Avg.  2.67 us, Total. 5.334 us (0.0%)
[Performance] InitializeOnLoad PackageManagerHookGUIDConverter.RegisterPackagesEventHandler                                  :        2 samples, Peak.   459 us (1.5x), Avg.   303 us, Total. 606.8 us (0.0%)
[Performance] InitializeOnLoad EditorDragAndDrop.RegisterEditorClient                                                        :        2 samples, Peak.  3.25 ms (1.9x), Avg.  1.68 ms, Total. 3.356 ms (0.0%)
[Performance] InitializeOnLoad EditorEventCallbacks.InitializeFontAssetResourceChangeCallBacks                               :        2 samples, Peak.  1.30 ms (1.3x), Avg.   976 us, Total. 1.951 ms (0.0%)
[Performance] InitializeOnLoad SceneTemplateService.Init                                                                     :        2 samples, Peak.  90.9 ms (2.0x), Avg.  45.9 ms, Total. 91.82 ms (0.5%)
[Performance] InitializeOnLoad DiagnosticSwitchesConsoleMessage.Init                                                         :        2 samples, Peak.  1.89 ms (1.4x), Avg.  1.36 ms, Total. 2.721 ms (0.0%)
[Performance] InitializeOnLoad ScopedRegistryAddedPopup.SubscribeToRegistriesAdded                                           :        2 samples, Peak.  15.8 ms (1.5x), Avg.  10.3 ms, Total. 20.61 ms (0.1%)
[Performance] InitializeOnLoad PackageManagerWindow.EditorInitializedInSafeMode                                              :        2 samples, Peak.   106 us (1.2x), Avg.  90.7 us, Total. 181.4 us (0.0%)
[Performance] InitializeOnLoad MemoryProfilerCompilationGuard.InjectCompileGuard                                             :        2 samples, Peak.  78.1 us (1.2x), Avg.  63.0 us, Total. 126.1 us (0.0%)
[Performance] InitializeOnLoad SceneVisibilityManager.Initialize                                                             :        2 samples, Peak.  3.05 ms (1.7x), Avg.  1.78 ms, Total. 3.556 ms (0.0%)
[Performance] InitializeOnLoad AssetPostprocessingInternal.RefreshCustomDependencies                                         :        2 samples, Peak.  2.67 ms (1.2x), Avg.  2.23 ms, Total. 4.464 ms (0.0%)
[Performance] InitializeOnLoad ToolShortcutContext.Init                                                                      :        2 samples, Peak.  89.5 us (1.1x), Avg.  82.5 us, Total. 165.0 us (0.0%)
[Performance] InitializeOnLoad SysrootManager.Initialize                                                                     :        2 samples, Peak.   296 us (1.1x), Avg.   273 us, Total. 545.4 us (0.0%)
[Performance] InitializeOnLoad EditorWindow.Initialize                                                                       :        2 samples, Peak.  95.7 us (1.1x), Avg.  91.0 us, Total. 182.0 us (0.0%)
[Performance] AssemblyReloadEvents.afterAssemblyReload: UnityEditor.SceneTemplate.SceneTemplateService.AfterAssemblyReload   :        2 samples, Peak.  2.17 ms (1.8x), Avg.  1.23 ms, Total. 2.466 ms (0.0%)
[Performance] ProcessService.EditorAfterLoadAllAssemblies                                                                    :        2 samples, Peak.   209 us (1.2x), Avg.   173 us, Total. 346.9 us (0.0%)
[Performance] Application.ReadLicenseInfo                                                                                    :        1 samples, Peak.  19.6 ms (1.0x), Avg.  19.6 ms, Total. 19.59 ms (0.1%)
[Performance] Application.InitialRefresh                                                                                     :        1 samples, Peak.  3.62 s (1.0x), Avg.  3.62 s, Total. 3.619 s (20.7%)
[Performance] Compiling Scripts                                                                                              :        1 samples, Peak.   835 ms (1.0x), Avg.   835 ms, Total. 834.5 ms (4.8%)
[Performance] AssemblyReloadEvents.beforeAssemblyReload: UnityEditor.SceneTemplate.SceneTemplateService.BeforeAssemblyReload :        1 samples, Peak.   271 us (1.0x), Avg.   271 us, Total. 271.0 us (0.0%)
[Performance] InitializeOnLoad BurstLoader                                                                                   :        1 samples, Peak.  1.09 s (1.0x), Avg.  1.09 s, Total. 1.091 s (6.2%)
[Performance] InitializeOnLoad ShadowCasterGroup2DManager                                                                    :        1 samples, Peak.   106 us (1.0x), Avg.   106 us, Total. 105.9 us (0.0%)
[Performance] InitializeOnLoad RealtimeProbeSubdivisionDebug                                                                 :        1 samples, Peak.   186 us (1.0x), Avg.   186 us, Total. 186.4 us (0.0%)
[Performance] InitializeOnLoad ProbeGIBaking                                                                                 :        1 samples, Peak.  7.59 ms (1.0x), Avg.  7.59 ms, Total. 7.586 ms (0.0%)
[Performance] InitializeOnLoad FilterWindow                                                                                  :        1 samples, Peak.   120 us (1.0x), Avg.   120 us, Total. 119.6 us (0.0%)
[Performance] InitializeOnLoad NodeClassCache                                                                                :        1 samples, Peak.   129 us (1.0x), Avg.   129 us, Total. 129.3 us (0.0%)
[Performance] InitializeOnLoad ShaderGraphMaterialsUpdater                                                                   :        2 samples, Peak.   592 us (1.8x), Avg.   337 us, Total. 673.8 us (0.0%)
[Performance] InitializeOnLoad PrefabLayoutRebuilder                                                                         :        1 samples, Peak.   257 us (1.0x), Avg.   257 us, Total. 257.0 us (0.0%)
[Performance] InitializeOnLoad BackgroundWatcher                                                                             :        1 samples, Peak.   130 us (1.0x), Avg.   130 us, Total. 129.9 us (0.0%)
[Performance] InitializeOnLoad UnityTestProtocolStarter                                                                      :        1 samples, Peak.   198 us (1.0x), Avg.   198 us, Total. 198.1 us (0.0%)
[Performance] InitializeOnLoad TestStarter                                                                                   :        1 samples, Peak.   455 us (1.0x), Avg.   455 us, Total. 454.5 us (0.0%)
[Performance] InitializeOnLoad RerunCallbackInitializer                                                                      :        1 samples, Peak.  2.25 ms (1.0x), Avg.  2.25 ms, Total. 2.247 ms (0.0%)
[Performance] InitializeOnLoad EditorToolManager                                                                             :        1 samples, Peak.  1.41 ms (1.0x), Avg.  1.41 ms, Total. 1.407 ms (0.0%)
[Performance] InitializeOnLoad Renderer2DAnalytics                                                                           :        1 samples, Peak.   140 us (1.0x), Avg.   140 us, Total. 140.3 us (0.0%)
[Performance] InitializeOnLoad RendererDataPatcher                                                                           :        1 samples, Peak.  36.5 ms (1.0x), Avg.  36.5 ms, Total. 36.55 ms (0.2%)
[Performance] InitializeOnLoad MaterialReimporter.RegisterUpgraderReimport                                                   :        2 samples, Peak.   434 us (1.8x), Avg.   244 us, Total. 488.7 us (0.0%)
[Performance] InitializeOnLoad $BurstDirectCallInitializer.Initialize                                                        :        1 samples, Peak.  10.9 ms (1.0x), Avg.  10.9 ms, Total. 10.87 ms (0.1%)
[Performance] InitializeOnLoad TestJobDataHolder.ResumeRunningJobs                                                           :        1 samples, Peak.  1.12 ms (1.0x), Avg.  1.12 ms, Total. 1.123 ms (0.0%)
[Performance] InitializeOnLoad AnalyticsReporter.RegisterCallbacks                                                           :        1 samples, Peak.   151 us (1.0x), Avg.   151 us, Total. 150.7 us (0.0%)
[Performance] InitializeOnLoad CoreRenderPipelinePreferences.InitPreferenceProviders                                         :        1 samples, Peak.  39.3 ms (1.0x), Avg.  39.3 ms, Total. 39.33 ms (0.2%)
[Performance] InitializeOnLoad VolumeGizmoDrawer.InitVolumeGizmoCallbacks                                                    :        1 samples, Peak.   869 us (1.0x), Avg.   869 us, Total. 869.5 us (0.0%)
[Performance] DidReloadScriptsTestRunnerWindow.CompilationCallback                                                           :        1 samples, Peak.   532 us (1.0x), Avg.   532 us, Total. 531.8 us (0.0%)
[Performance] DidReloadScriptsTestListCache.ScriptReloaded                                                                   :        1 samples, Peak.  1.89 ms (1.0x), Avg.  1.89 ms, Total. 1.890 ms (0.0%)
[Performance] DidReloadScriptsDebugWindow.OnEditorReload                                                                     :        1 samples, Peak.  6.78 ms (1.0x), Avg.  6.78 ms, Total. 6.780 ms (0.0%)
[Performance] DidReloadScriptsLookDev.OnEditorReload                                                                         :        1 samples, Peak.   114 us (1.0x), Avg.   114 us, Total. 114.0 us (0.0%)
[Performance] DidReloadScriptsVolumeComponentEditor.OnEditorReload                                                           :        1 samples, Peak.  13.5 ms (1.0x), Avg.  13.5 ms, Total. 13.53 ms (0.1%)
[Performance] DidReloadScriptsOnScriptsReloadHandler.OnScriptsReloaded                                                       :        1 samples, Peak.   819 us (1.0x), Avg.   819 us, Total. 818.8 us (0.0%)
[Performance] DidReloadScriptsAdvancedDropdownWindow.OnScriptReload                                                          :        1 samples, Peak.   186 us (1.0x), Avg.   186 us, Total. 185.5 us (0.0%)
[Performance] SyncVS.PostprocessSyncProject                                                                                  :       39 samples, Peak.   815 us (30.7x), Avg.  26.6 us, Total. 1.036 ms (0.0%)
[Performance] Application.ImportPackagesAndSetTemplateWhenCreatingProject                                                    :        1 samples, Peak.  37.6 ms (1.0x), Avg.  37.6 ms, Total. 37.55 ms (0.2%)
[Performance] Application.SyncCurrentColorSpace                                                                              :        1 samples, Peak.   386 ms (1.0x), Avg.   386 ms, Total. 386.3 ms (2.2%)
[Performance] Application.OnUsbDevicesChanged                                                                                :        1 samples, Peak.   188 us (1.0x), Avg.   188 us, Total. 188.0 us (0.0%)
[Performance] Application.AssetInstanceCacheUpdate                                                                           :        1 samples, Peak.   125 ns (1.0x), Avg.   125 ns, Total. 125.0 ns (0.0%)
[Performance] Application.UnityExtensions.Initialize                                                                         :        1 samples, Peak.  2.14 ms (1.0x), Avg.  2.14 ms, Total. 2.136 ms (0.0%)
[Performance] CodeEditorProjectSync.SyncEditorProject                                                                        :        1 samples, Peak.   180 us (1.0x), Avg.   180 us, Total. 179.7 us (0.0%)
[Performance] Application.ExecuteStartups                                                                                    :        1 samples, Peak.   138 ms (1.0x), Avg.   138 ms, Total. 137.8 ms (0.8%)
[Performance] Menu.RegisterMenuInterface                                                                                     :       26 samples, Peak.  1.58 us (7.6x), Avg.   208 ns, Total. 5.418 us (0.0%)
[Performance] Gizmo.RebuildRenderers                                                                                         :        1 samples, Peak.   135 ms (1.0x), Avg.   135 ms, Total. 135.3 ms (0.8%)
[Performance] Gizmo.AddGizmoRenderers                                                                                        :       55 samples, Peak.  75.1 ms (43.6x), Avg.  1.72 ms, Total. 94.81 ms (0.5%)
[Performance] Application.editorInitializingProject                                                                          :        1 samples, Peak.  50.8 ms (1.0x), Avg.  50.8 ms, Total. 50.78 ms (0.3%)
[Performance] Application.InitializeMenu                                                                                     :        1 samples, Peak.  64.1 ms (1.0x), Avg.  64.1 ms, Total. 64.07 ms (0.4%)
[Performance] Menu.RebuildAll                                                                                                :        1 samples, Peak.  63.9 ms (1.0x), Avg.  63.9 ms, Total. 63.89 ms (0.4%)
[Performance] Menu.BuildRegisteredMenuInterfaces                                                                             :        1 samples, Peak.  53.6 ms (1.0x), Avg.  53.6 ms, Total. 53.56 ms (0.3%)
[Performance] Menu.FilterMenuItem                                                                                            :      588 samples, Peak.  26.8 ms (582.0x), Avg.  46.0 us, Total. 27.03 ms (0.2%)
[Performance] UpdateAllMenus                                                                                                 :        1 samples, Peak.   503 us (1.0x), Avg.   503 us, Total. 502.8 us (0.0%)
[Performance] Selection.selectionChanged: UnityEditor.PackageManager.UI.Internal.SelectionProxy.OnSelectionChanged           :        1 samples, Peak.   775 us (1.0x), Avg.   775 us, Total. 775.0 us (0.0%)
[Performance] Selection.selectionChanged: UnityEditorInternal.EditMode.OnSelectionChange                                     :        1 samples, Peak.   245 us (1.0x), Avg.   245 us, Total. 245.4 us (0.0%)
[Performance] EditorSceneManager.sceneClosing: UnityEditor.SceneVisibilityManager.EditorSceneManagerOnSceneClosing           :        2 samples, Peak.   250 us (2.0x), Avg.   127 us, Total. 254.3 us (0.0%)
[Performance] EditorSceneManager.sceneClosed: callback in UnityEditor.Search.SearchMonitor                                   :        2 samples, Peak.  58.7 us (2.0x), Avg.  29.5 us, Total. 59.00 us (0.0%)
[Performance] EditorSceneManager.activeSceneChangedInEditMode: callback in UnityEditor.Search.SearchMonitor                  :        2 samples, Peak.  15.8 us (2.0x), Avg.  8.02 us, Total. 16.04 us (0.0%)
[Performance] GUIView.RepaintAll.PlayerLoopController                                                                        :        2 samples, Peak.   542 ns (1.0x), Avg.   521 ns, Total. 1.042 us (0.0%)
[Performance] EditorSceneManager.newSceneCreated: UnityEditor.SceneTemplate.SceneTemplateService.OnNewSceneCreated           :        2 samples, Peak.   169 us (2.0x), Avg.  85.1 us, Total. 170.2 us (0.0%)
[Performance] EditorSceneManager.newSceneCreated: UnityEditor.SceneVisibilityManager.EditorSceneManagerOnNewSceneCreated     :        2 samples, Peak.   116 us (1.9x), Avg.  60.7 us, Total. 121.3 us (0.0%)
[Performance] EditorSceneManager.newSceneCreated: UnityEditor.SceneManagement.StageNavigationManager.OnNewSceneCreated       :        2 samples, Peak.  45.4 us (1.6x), Avg.  29.0 us, Total. 58.08 us (0.0%)
[Performance] Application.InvokeFinishedLoadingProject                                                                       :        1 samples, Peak.  9.29 ms (1.0x), Avg.  9.29 ms, Total. 9.291 ms (0.1%)
[Performance] ProcessService.OnProjectLoaded                                                                                 :        1 samples, Peak.   102 us (1.0x), Avg.   102 us, Total. 102.0 us (0.0%)
[Performance] VersionControl.Task.Wait                                                                                       :        1 samples, Peak.   144 us (1.0x), Avg.   144 us, Total. 143.6 us (0.0%)
[Performance] AssetDatabase.Refresh                                                                                          :        1 samples, Peak.   137 ms (1.0x), Avg.   137 ms, Total. 136.6 ms (0.8%)
[Performance] AssetDatabase.ImportAsset                                                                                      :       34 samples, Peak.   344 ms (2.2x), Avg.   160 ms, Total. 5.438 s (31.1%)
[Performance] PresetManagerPostProcessor.OnPreprocessAsset                                                                   :       41 samples, Peak.   172 us (14.0x), Avg.  12.3 us, Total. 504.7 us (0.0%)
[Performance] CancelSplashScreenOnAssetChange.OnPreprocessAsset                                                              :       41 samples, Peak.   305 us (33.1x), Avg.  9.21 us, Total. 377.7 us (0.0%)
[Performance] ShaderGraphAssetPostProcessor.OnPreprocessAsset                                                                :       41 samples, Peak.   166 us (25.0x), Avg.  6.64 us, Total. 272.3 us (0.0%)
[Performance] SceneDataContainer.TransformHierarchyChangedSetParentCallback                                                  :     2559 samples, Peak.  9.54 us (19.7x), Avg.   484 ns, Total. 1.238 ms (0.0%)
[Performance] SceneVisibilityState.IsFlagSetInParents                                                                        :     9090 samples, Peak.  6.75 us (35.3x), Avg.   191 ns, Total. 1.738 ms (0.0%)
[Performance] AssetDatabase.ImportAssets                                                                                     :       44 samples, Peak.  25.6 ms (22.9x), Avg.  1.12 ms, Total. 49.10 ms (0.3%)
[Performance] BuilderAssetPostprocessor.OnPostprocessAllAssets                                                               :       76 samples, Peak.  2.18 ms (24.9x), Avg.  87.4 us, Total. 6.644 ms (0.0%)
[Performance] ArtifactBrowserPostProcessor.OnPostprocessAllAssets                                                            :       76 samples, Peak.   229 us (25.9x), Avg.  8.86 us, Total. 673.6 us (0.0%)
[Performance] AssetEvents.OnPostprocessAllAssets                                                                             :      152 samples, Peak.   144 us (26.3x), Avg.  5.47 us, Total. 831.5 us (0.0%)
[Performance] AudioMixerPostprocessor.OnPostprocessAllAssets                                                                 :       76 samples, Peak.   165 us (25.6x), Avg.  6.45 us, Total. 489.9 us (0.0%)
[Performance] StyleCatalogPostProcessor.OnPostprocessAllAssets                                                               :       76 samples, Peak.  10.8 ms (36.8x), Avg.   295 us, Total. 22.42 ms (0.1%)
[Performance] BuildCatalog                                                                                                   :        1 samples, Peak.  10.2 ms (1.0x), Avg.  10.2 ms, Total. 10.25 ms (0.1%)
[Performance] ModelImporterPostProcessor.OnPostprocessAllAssets                                                              :       76 samples, Peak.  14.4 ms (6.1x), Avg.  2.34 ms, Total. 177.6 ms (1.0%)
[Performance] MaterialPostprocessor.OnPostprocessAllAssets                                                                   :      152 samples, Peak.  1.23 ms (24.6x), Avg.  49.9 us, Total. 7.591 ms (0.0%)
[Performance] RetainedModeAssetPostprocessor.OnPostprocessAllAssets                                                          :       76 samples, Peak.  1.58 ms (28.5x), Avg.  55.3 us, Total. 4.204 ms (0.0%)
[Performance] AssetChangedListener.OnPostprocessAllAssets                                                                    :       76 samples, Peak.  4.58 ms (27.2x), Avg.   168 us, Total. 12.77 ms (0.1%)
[Performance] PostProcessor.OnPostprocessAllAssets                                                                           :       76 samples, Peak.   212 us (12.0x), Avg.  17.7 us, Total. 1.347 ms (0.0%)
[Performance] ShaderGraphAssetPostProcessor.OnPostprocessAllAssets                                                           :       76 samples, Peak.  1.22 ms (12.1x), Avg.   101 us, Total. 7.657 ms (0.0%)
[Performance] SpeedTreePostProcessor.OnPostprocessAllAssets                                                                  :       76 samples, Peak.  99.7 us (10.9x), Avg.  9.15 us, Total. 695.3 us (0.0%)
[Performance] TextAssetPostProcessor.OnPostprocessAllAssets                                                                  :       76 samples, Peak.   256 us (22.9x), Avg.  11.2 us, Total. 849.3 us (0.0%)
[Performance] ModelImporter.Import                                                                                           :       30 samples, Peak.   303 ms (2.0x), Avg.   152 ms, Total. 4.570 s (26.1%)
[Performance] FBXMaterialDescriptionPreprocessor.OnPreprocessMaterialDescription                                             :       60 samples, Peak.  3.00 ms (14.5x), Avg.   207 us, Total. 12.45 ms (0.1%)
[Performance] SketchupMaterialDescriptionPreprocessor.OnPreprocessMaterialDescription                                        :       60 samples, Peak.   243 us (26.8x), Avg.  9.09 us, Total. 545.7 us (0.0%)
[Performance] ThreeDSMaterialDescriptionPreprocessor.OnPreprocessMaterialDescription                                         :       60 samples, Peak.   262 us (36.2x), Avg.  7.24 us, Total. 434.3 us (0.0%)
[Performance] AutodeskInteractiveMaterialImport.OnPreprocessMaterialDescription                                              :       30 samples, Peak.  1.42 ms (28.2x), Avg.  50.4 us, Total. 1.511 ms (0.0%)
[Performance] FBXArnoldSurfaceMaterialDescriptionPreprocessor.OnPreprocessMaterialDescription                                :       30 samples, Peak.   121 us (14.6x), Avg.  8.31 us, Total. 249.3 us (0.0%)
[Performance] PhysicalMaterial3DsMaxPreprocessor.OnPreprocessMaterialDescription                                             :       30 samples, Peak.  95.9 us (13.3x), Avg.  7.22 us, Total. 216.7 us (0.0%)
[Performance] ModelPostprocessor.OnPostprocessModel                                                                          :       30 samples, Peak.  2.74 ms (27.1x), Avg.   101 us, Total. 3.039 ms (0.0%)
[Performance] TreeAOImporter.OnPostprocessModel                                                                              :       30 samples, Peak.   494 us (21.8x), Avg.  22.6 us, Total. 679.4 us (0.0%)
[Performance] AssetDatabase.DeleteAssets                                                                                     :        1 samples, Peak.  39.6 ms (1.0x), Avg.  39.6 ms, Total. 39.65 ms (0.2%)
[Performance] BuilderAssetModificationProcessor.OnWillDeleteAsset                                                            :        1 samples, Peak.  1.36 ms (1.0x), Avg.  1.36 ms, Total. 1.362 ms (0.0%)
[Performance] TMP_FontAssetPostProcessor.OnWillDeleteAsset                                                                   :        1 samples, Peak.   251 us (1.0x), Avg.   251 us, Total. 250.9 us (0.0%)
[Performance] CancelSplashScreenOnAssetDelete.OnWillDeleteAsset                                                              :        1 samples, Peak.   353 us (1.0x), Avg.   353 us, Total. 353.3 us (0.0%)
[Performance] ShaderImporter.SourceAssetModified                                                                             :        4 samples, Peak.   375 ns (1.4x), Avg.   260 ns, Total. 1.042 us (0.0%)
[Performance] ShaderIncludeImporter.SourceAssetModified                                                                      :        4 samples, Peak.   541 ns (1.6x), Avg.   343 ns, Total. 1.373 us (0.0%)
[Performance] EditorApplication.projectChanged: UnityEditor.Audio.MixerEffectDefinitionReloader.OnProjectChanged             :        3 samples, Peak.   821 us (1.9x), Avg.   443 us, Total. 1.329 ms (0.0%)
[Performance] MaterialModificationProcessor.OnWillCreateAsset                                                                :        6 samples, Peak.   262 us (3.2x), Avg.  81.7 us, Total. 490.2 us (0.0%)
[Performance] BuilderAssetModificationProcessor.OnWillCreateAsset                                                            :        3 samples, Peak.   175 us (2.7x), Avg.  64.9 us, Total. 194.8 us (0.0%)
[Performance] Undo.willFlushUndoRecord: UnityEditor.DrivenRectTransformUndo.ForceUpdateCanvases                              :        1 samples, Peak.   118 us (1.0x), Avg.   118 us, Total. 118.3 us (0.0%)
[Performance] BuilderAssetModificationProcessor.OnWillSaveAssets                                                             :        3 samples, Peak.   117 us (2.2x), Avg.  54.5 us, Total. 163.4 us (0.0%)
[Performance] TerrainModificationProcessor.OnWillSaveAssets                                                                  :        3 samples, Peak.   440 us (3.0x), Avg.   148 us, Total. 442.5 us (0.0%)
[Performance] EditorSceneManager.sceneSaving: UnityEditor.SceneTemplate.SceneTemplateService.OnSceneSaving                   :        1 samples, Peak.   173 us (1.0x), Avg.   173 us, Total. 172.6 us (0.0%)
[Performance] EditorSceneManager.sceneSaving: UnityEditor.SceneVisibilityManager.EditorSceneManagerOnSceneSaving             :        1 samples, Peak.  75.0 us (1.0x), Avg.  75.0 us, Total. 75.04 us (0.0%)
[Performance] EditorSceneManager.sceneSaved: UnityEditor.SceneTemplate.SceneTemplateService.OnSceneSaved                     :        1 samples, Peak.   158 ms (1.0x), Avg.   158 ms, Total. 157.6 ms (0.9%)
[Performance] EditorSceneManager.sceneSaved: UnityEditor.SceneVisibilityManager.EditorSceneManagerOnSceneSaved               :        1 samples, Peak.  66.3 us (1.0x), Avg.  66.3 us, Total. 66.33 us (0.0%)
[Performance] EditorApplication.quitting: UnityEditor.Search.SearchMonitor.OnQuitting                                        :        1 samples, Peak.  1.13 ms (1.0x), Avg.  1.13 ms, Total. 1.127 ms (0.0%)
[Performance] EditorApplication.quitting: Unity.Burst.Editor.BurstLoader.OnEditorApplicationQuitting                         :        1 samples, Peak.  22.0 us (1.0x), Avg.  22.0 us, Total. 22.04 us (0.0%)
[Performance] EditorApplication.quitting: callback in UnityEditor.TextCore.Text.EditorEventCallbacks                         :        1 samples, Peak.  2.95 ms (1.0x), Avg.  2.95 ms, Total. 2.946 ms (0.0%)
[Performance] Application.Shutdown.PauseProfilerSession                                                                      :        1 samples, Peak.   626 us (1.0x), Avg.   626 us, Total. 626.3 us (0.0%)
[Performance] Application.Shutdown.PauseAssetImportWorkers                                                                   :        1 samples, Peak.  56.1 us (1.0x), Avg.  56.1 us, Total. 56.08 us (0.0%)
[Performance] Application.Shutdown.SaveAssets                                                                                :        1 samples, Peak.  1.88 ms (1.0x), Avg.  1.88 ms, Total. 1.876 ms (0.0%)
[Performance] Application.Shutdown.CleanupRenderPipeline                                                                     :        1 samples, Peak.  1.83 us (1.0x), Avg.  1.83 us, Total. 1.833 us (0.0%)
[Performance] Application.Shutdown.StopPreloadManager                                                                        :        1 samples, Peak.  11.0 ms (1.0x), Avg.  11.0 ms, Total. 11.02 ms (0.1%)
[Performance] Application.Shutdown.DestroyWorld                                                                              :        1 samples, Peak.  1.08 ms (1.0x), Avg.  1.08 ms, Total. 1.078 ms (0.0%)
[Performance] Application.Shutdown.CleanupAfterLoad                                                                          :        1 samples, Peak.   231 ms (1.0x), Avg.   231 ms, Total. 230.5 ms (1.3%)
[Performance] Application.Shutdown.Progress                                                                                  :        1 samples, Peak.   378 us (1.0x), Avg.   378 us, Total. 378.4 us (0.0%)
[Performance] Application.Shutdown.GICleanupManagers                                                                         :        1 samples, Peak.  6.16 ms (1.0x), Avg.  6.16 ms, Total. 6.155 ms (0.0%)
[Performance] Application.Shutdown.MenuCleanupClass                                                                          :        1 samples, Peak.   495 us (1.0x), Avg.   495 us, Total. 494.8 us (0.0%)
[Performance] Application.Shutdown.ADBSaveStateBeforeShutdown                                                                :        1 samples, Peak.  16.0 us (1.0x), Avg.  16.0 us, Total. 15.96 us (0.0%)
[Performance] Application.Shutdown.RemoteShutdown                                                                            :        1 samples, Peak.   584 ns (1.0x), Avg.   584 ns, Total. 584.0 ns (0.0%)
[Performance] Application.Shutdown.CleanupVCProvider                                                                         :        1 samples, Peak.   294 us (1.0x), Avg.   294 us, Total. 293.8 us (0.0%)
[Performance] Application.Shutdown.InputShutdown                                                                             :        1 samples, Peak.   259 us (1.0x), Avg.   259 us, Total. 259.0 us (0.0%)
[Performance] Application.Shutdown.GizmoManagerDestroy                                                                       :        1 samples, Peak.   904 us (1.0x), Avg.   904 us, Total. 904.5 us (0.0%)
[Performance] Application.Shutdown.ProfilerSession                                                                           :        1 samples, Peak.  1.20 ms (1.0x), Avg.  1.20 ms, Total. 1.200 ms (0.0%)
[Performance] Application.Shutdown.ReleaseGfxWindowOnAllGUIViews                                                             :        1 samples, Peak.  1.38 us (1.0x), Avg.  1.38 us, Total. 1.375 us (0.0%)
[Performance] Application.Shutdown.CleanupEngine                                                                             :        1 samples, Peak.   296 ms (1.0x), Avg.   296 ms, Total. 296.3 ms (1.7%)
[Performance] Application.Shutdown.CleanupAssetDatabase                                                                      :        1 samples, Peak.  6.66 ms (1.0x), Avg.  6.66 ms, Total. 6.665 ms (0.0%)
[Performance] Application.Shutdown.ScriptCompilationCleanUp                                                                  :        1 samples, Peak.   553 us (1.0x), Avg.   553 us, Total. 553.2 us (0.0%)
[Performance] Application.Shutdown.DestroyJobSystem                                                                          :        1 samples, Peak.  54.8 us (1.0x), Avg.  54.8 us, Total. 54.75 us (0.0%)
[Performance] Application.Shutdown.CleanupPersistentManager                                                                  :        1 samples, Peak.  1.45 ms (1.0x), Avg.  1.45 ms, Total. 1.450 ms (0.0%)
[Performance] Application.Shutdown.CleanupAsyncReadManager                                                                   :        1 samples, Peak.   316 us (1.0x), Avg.   316 us, Total. 316.3 us (0.0%)
[Performance] Application.Shutdown.CleanupMono                                                                               :        1 samples, Peak.   132 ms (1.0x), Avg.   132 ms, Total. 132.0 ms (0.8%)
[Performance] Application.Shutdown.CleanupStdConverters                                                                      :        1 samples, Peak.  5.00 us (1.0x), Avg.  5.00 us, Total. 5.000 us (0.0%)
[Performance] Application.Shutdown.UnloadAllPlatformSupportModuleNativeDlls                                                  :        1 samples, Peak.  1.50 us (1.0x), Avg.  1.50 us, Total. 1.500 us (0.0%)
[Performance] Application.Shutdown.UnloadAllPlatformSupportNativeLibraries                                                   :        1 samples, Peak.   333 ns (1.0x), Avg.   333 ns, Total. 333.0 ns (0.0%)
[Performance] Application.Shutdown.CleanupAutoDocumentation                                                                  :        1 samples, Peak.   464 us (1.0x), Avg.   464 us, Total. 464.3 us (0.0%)
[Performance] Application.Shutdown.ShaderNameManagerDestroy                                                                  :        1 samples, Peak.   177 us (1.0x), Avg.   177 us, Total. 177.2 us (0.0%)
[Performance] Application.Shutdown.CleanupCacheServer                                                                        :        1 samples, Peak.  42.0 ns (1.0x), Avg.  42.0 ns, Total. 42.00 ns (0.0%)
[Performance] Application.Shutdown.Virtualization_Shutdown                                                                   :        1 samples, Peak.   165 us (1.0x), Avg.   165 us, Total. 165.4 us (0.0%)
[Performance] Application.Shutdown.DevConnections                                                                            :        1 samples, Peak.   187 us (1.0x), Avg.   187 us, Total. 187.1 us (0.0%)
Exiting batchmode successfully now!
[Package Manager] Server::Kill -- Server was shutdown
