Unity Editor version:    2022.3.0f1 (fb119bb0b476)
Branch:                  2022.3/release
Build type:              Release
Batch mode:              YES
macOS version:           Version 26.3.1 (a) (Build 25D771280a)
Darwin version:          25.3.0
Architecture:            arm64
Running under Rosetta:   NO
Available memory:        8192 MB
[Licensing::Module] Trying to connect to existing licensing client channel...
[Licensing::IpcConnector] Connection attempt to the License Client on channel: "LicenseClient-guribbong" failed because channel doesn't exist; code: "0x80000002"
Launching external process: /Applications/Unity/Hub/Editor/2022.3.0f1/Unity.app/Contents/Frameworks/UnityLicensingClient.app/Contents/MacOS/Unity.Licensing.Client
[Licensing::Module] Successfully launched the LicensingClient (PId: 13005)
[Licensing::IpcConnector] Successfully connected to the License Client on channel: "LicenseClient-guribbong"
[Licensing::Client] Handshaking with LicensingClient:
  Version:                 1.12.1+9338cad
  Session Id:              613d7661c1f043bda113aa8e0e257160
  Correlation Id:          a9ce4af50217a91d3bf96558975729f5
  External correlation Id: 6130869449190322853
  Machine Id:              kK/taOzULwH3CoqhnK6anvJ0b88=
[Licensing::Module] Successfully connected to LicensingClient on channel: "LicenseClient-guribbong" (connect: 4.20s, validation: 0.37s, handshake: 0.60s)
[Licensing::IpcConnector] Successfully connected to the License Notification on channel: "LicenseClient-guribbong-notifications"
[Licensing::Module] Connected to LicensingClient (PId: 13005, launch time: 0.00, total connection time: 5.17s)
[Licensing::Module] Error: Access token is unavailable; failed to update
[Licensing::Client] Error: Code 500 while processing request (status: Unable to update licenses. Errors: No ULF license found.,Token not found in cache)
[Licensing::Client] Error: Code 500 while updating license in client (status: Unable to update licenses. Errors: No ULF license found.,Token not found in cache)
[Licensing::Client] Successfully resolved entitlements
[Licensing::Module] Serial number assigned to: "14568638156105-UnityPersXXXX"
Pro License: NO
Launching external process: /Applications/Unity/Hub/Editor/2022.3.0f1/Unity.app/Contents/Resources/PackageManager/Server/UnityPackageManager

COMMAND LINE ARGUMENTS:
/Applications/Unity/Hub/Editor/2022.3.0f1/Unity.app/Contents/MacOS/Unity
-batchmode
-projectPath
unity/EmbodiedDebate
-executeMethod
ArgusUnity.Editor.HideAndSeekDesignBuilder.OpenSceneInPlayMode
-logFile
tmp/hide-and-seek-visible-motion-capture.log
Successfully changed project path to: /Users/guribbong/code/Argus/unity/EmbodiedDebate
/Users/guribbong/code/Argus/unity/EmbodiedDebate
[UnityMemory] Configuration Parameters - Can be set up in boot.config
    "memorysetup-bucket-allocator-granularity=16"
    "memorysetup-bucket-allocator-bucket-count=8"
    "memorysetup-bucket-allocator-block-size=33554432"
    "memorysetup-bucket-allocator-block-count=8"
    "memorysetup-main-allocator-block-size=16777216"
    "memorysetup-thread-allocator-block-size=16777216"
    "memorysetup-gfx-main-allocator-block-size=16777216"
    "memorysetup-gfx-thread-allocator-block-size=16777216"
    "memorysetup-cache-allocator-block-size=4194304"
    "memorysetup-typetree-allocator-block-size=2097152"
    "memorysetup-profiler-bucket-allocator-granularity=16"
    "memorysetup-profiler-bucket-allocator-bucket-count=8"
    "memorysetup-profiler-bucket-allocator-block-size=33554432"
    "memorysetup-profiler-bucket-allocator-block-count=8"
    "memorysetup-profiler-allocator-block-size=16777216"
    "memorysetup-profiler-editor-allocator-block-size=1048576"
    "memorysetup-temp-allocator-size-main=16777216"
    "memorysetup-job-temp-allocator-block-size=2097152"
    "memorysetup-job-temp-allocator-block-size-background=1048576"
    "memorysetup-job-temp-allocator-reduction-small-platforms=262144"
    "memorysetup-allocator-temp-initial-block-size-main=262144"
    "memorysetup-allocator-temp-initial-block-size-worker=262144"
    "memorysetup-temp-allocator-size-background-worker=32768"
    "memorysetup-temp-allocator-size-job-worker=262144"
    "memorysetup-temp-allocator-size-preload-manager=33554432"
    "memorysetup-temp-allocator-size-nav-mesh-worker=65536"
    "memorysetup-temp-allocator-size-audio-worker=65536"
    "memorysetup-temp-allocator-size-cloud-worker=32768"
    "memorysetup-temp-allocator-size-gi-baking-worker=262144"
    "memorysetup-temp-allocator-size-gfx=262144"
Player connection [8649715968] Host "[IP] 192.168.3.1 [Port] 55496 [Flags] 2 [Guid] 3797210175 [EditorId] 3797210175 [Version] 1048832 [Id] OSXEditor(0,topabaem.local) [Debug] 1 [PackageName] OSXEditor [ProjectName] Editor" joined multi-casting on [225.0.0.222:54997]...

Player connection [8649715968] Host "[IP] 192.168.3.1 [Port] 55496 [Flags] 2 [Guid] 3797210175 [EditorId] 3797210175 [Version] 1048832 [Id] OSXEditor(0,topabaem.local) [Debug] 1 [PackageName] OSXEditor [ProjectName] Editor" joined alternative multi-casting on [225.0.0.222:34997]...

[Package Manager] UpmClient::Connect -- Connected to IPC stream "Upm-13003" after 1.7 seconds.
[Licensing::Client] Successfully resolved entitlements
[Package Manager] Restoring resolved packages state from cache
[Licensing::Client] Successfully resolved entitlement details
[Package Manager] Registered 12 packages:
  Packages from [https://packages.unity.com]:
    com.unity.nuget.newtonsoft-json@3.2.1 (location: /Users/guribbong/code/Argus/unity/EmbodiedDebate/Library/PackageCache/com.unity.nuget.newtonsoft-json@3.2.1)
    com.unity.test-framework@1.1.33 (location: /Users/guribbong/code/Argus/unity/EmbodiedDebate/Library/PackageCache/com.unity.test-framework@1.1.33)
    com.unity.ext.nunit@1.0.6 (location: /Users/guribbong/code/Argus/unity/EmbodiedDebate/Library/PackageCache/com.unity.ext.nunit@1.0.6)
    com.unity.mathematics@1.2.6 (location: /Users/guribbong/code/Argus/unity/EmbodiedDebate/Library/PackageCache/com.unity.mathematics@1.2.6)
    com.unity.burst@1.8.4 (location: /Users/guribbong/code/Argus/unity/EmbodiedDebate/Library/PackageCache/com.unity.burst@1.8.4)
  Built-in packages:
    com.unity.modules.animation@1.0.0 (location: /Users/guribbong/code/Argus/unity/EmbodiedDebate/Library/PackageCache/com.unity.modules.animation@1.0.0)
    com.unity.modules.imageconversion@1.0.0 (location: /Users/guribbong/code/Argus/unity/EmbodiedDebate/Library/PackageCache/com.unity.modules.imageconversion@1.0.0)
    com.unity.modules.physics@1.0.0 (location: /Users/guribbong/code/Argus/unity/EmbodiedDebate/Library/PackageCache/com.unity.modules.physics@1.0.0)
    com.unity.modules.unitywebrequest@1.0.0 (location: /Users/guribbong/code/Argus/unity/EmbodiedDebate/Library/PackageCache/com.unity.modules.unitywebrequest@1.0.0)
    com.unity.modules.imgui@1.0.0 (location: /Users/guribbong/code/Argus/unity/EmbodiedDebate/Library/PackageCache/com.unity.modules.imgui@1.0.0)
    com.unity.modules.jsonserialize@1.0.0 (location: /Users/guribbong/code/Argus/unity/EmbodiedDebate/Library/PackageCache/com.unity.modules.jsonserialize@1.0.0)
  Embedded packages:
    com.unity.cloud.gltfast@file:/Users/guribbong/code/Argus/unity/EmbodiedDebate/Packages/com.unity.cloud.gltfast (location: /Users/guribbong/code/Argus/unity/EmbodiedDebate/Packages/com.unity.cloud.gltfast)
[Subsystems] No new subsystems found in resolved package list.
Package Manager log level set to [2]
[Package Manager] Done registering packages in 0.38 seconds
Refreshing native plugins compatible for Editor in 10.83 ms, found 0 plugins.
Preloading 0 native plugins for Editor in 0.00 ms.
Initialize engine version: 2022.3.0f1 (fb119bb0b476)
[Subsystems] Discovering subsystems at path /Applications/Unity/Hub/Editor/2022.3.0f1/Unity.app/Contents/Resources/UnitySubsystems
[Subsystems] Discovering subsystems at path /Users/guribbong/code/Argus/unity/EmbodiedDebate/Assets
GfxDevice: creating device client; threaded=0; jobified=0
 preferred device: Apple M2 (high power)
Metal devices available: 1
0: Apple M2 (high power)
Using device Apple M2 (high power)
Initializing Metal device caps: Apple M2
[Licensing::Client] Successfully resolved entitlements
Initialize mono
Mono path[0] = '/Applications/Unity/Hub/Editor/2022.3.0f1/Unity.app/Contents/Managed'
Mono path[1] = '/Applications/Unity/Hub/Editor/2022.3.0f1/Unity.app/Contents/MonoBleedingEdge/lib/mono/unityjit-macos'
Mono config path = '/Applications/Unity/Hub/Editor/2022.3.0f1/Unity.app/Contents/MonoBleedingEdge/etc'
Using monoOptions --debugger-agent=transport=dt_socket,embedding=1,server=y,suspend=n,address=127.0.0.1:56003
Using cacheserver namespaces - metadata:defaultmetadata, artifacts:defaultartifacts
Using cacheserver namespaces - metadata:defaultmetadata, artifacts:defaultartifacts
ImportWorker Server TCP listen port: 0
Begin MonoManager ReloadAssembly
Registering precompiled unity dll's ...
Register platform support module: /Applications/Unity/Hub/Editor/2022.3.0f1/Unity.app/Contents/PlaybackEngines/MacStandaloneSupport/UnityEditor.OSXStandalone.Extensions.dll
Registered in 0.002054 seconds.
- Loaded All Assemblies, in  0.359 seconds
Native extension for OSXStandalone target not found
Mono: successfully reloaded assembly
- Finished resetting the current domain, in  0.241 seconds
Domain Reload Profiling: 600ms
	BeginReloadAssembly (126ms)
		ExecutionOrderSort (0ms)
		DisableScriptedObjects (0ms)
		BackupInstance (0ms)
		ReleaseScriptingObjects (0ms)
		CreateAndSetChildDomain (2ms)
	RebuildCommonClasses (44ms)
	RebuildNativeTypeToScriptingClass (9ms)
	initialDomainReloadingComplete (46ms)
	LoadAllAssembliesAndSetupDomain (133ms)
		LoadAssemblies (123ms)
		RebuildTransferFunctionScriptingTraits (0ms)
		AnalyzeDomain (129ms)
			TypeCache.Refresh (128ms)
				TypeCache.ScanAssembly (109ms)
			ScanForSourceGeneratedMonoScriptInfo (0ms)
			ResolveRequiredComponents (1ms)
	FinalizeReload (242ms)
		ReleaseScriptCaches (0ms)
		RebuildScriptCaches (0ms)
		SetupLoadedEditorAssemblies (187ms)
			LogAssemblyErrors (0ms)
			InitializePlatformSupportModulesInManaged (6ms)
			SetLoadedEditorAssemblies (6ms)
			RefreshPlugins (0ms)
			BeforeProcessingInitializeOnLoad (2ms)
			ProcessInitializeOnLoadAttributes (125ms)
			ProcessInitializeOnLoadMethodAttributes (48ms)
			AfterProcessingInitializeOnLoad (0ms)
			EditorAssembliesLoaded (0ms)
		ExecutionOrderSort2 (0ms)
		AwakeInstancesAfterBackupRestoration (0ms)
[Licensing::Client] Successfully resolved entitlements
Application.AssetDatabase Initial Refresh Start
[40m[32minfo[39m[22m[49m: Microsoft.Hosting.Lifetime[14]
      Now listening on: http://unix:/tmp/ilpp.sock-8e16111b622e4d5ea6b5ecc926298bfd
[40m[32minfo[39m[22m[49m: Microsoft.Hosting.Lifetime[0]
      Application started. Press Ctrl+C to shut down.
[40m[32minfo[39m[22m[49m: Microsoft.Hosting.Lifetime[0]
      Hosting environment: Production
[40m[32minfo[39m[22m[49m: Microsoft.Hosting.Lifetime[0]
      Content root path: /Users/guribbong/code/Argus/unity/EmbodiedDebate/
[40m[32minfo[39m[22m[49m: Microsoft.AspNetCore.Hosting.Diagnostics[1]
      Request starting HTTP/2 POST http://ilpp/UnityILPP.PostProcessing/Ping application/grpc -
[40m[32minfo[39m[22m[49m: Microsoft.AspNetCore.Routing.EndpointMiddleware[0]
      Executing endpoint 'gRPC - /UnityILPP.PostProcessing/Ping'
[40m[32minfo[39m[22m[49m: Microsoft.AspNetCore.Routing.EndpointMiddleware[1]
      Executed endpoint 'gRPC - /UnityILPP.PostProcessing/Ping'
[40m[32minfo[39m[22m[49m: Microsoft.AspNetCore.Hosting.Diagnostics[2]
      Request finished HTTP/2 POST http://ilpp/UnityILPP.PostProcessing/Ping application/grpc - - 200 - application/grpc 81.8910ms
Starting: /Applications/Unity/Hub/Editor/2022.3.0f1/Unity.app/Contents/bee_backend --dont-print-to-structured-log --ipc --defer-dag-verification --dagfile="Library/Bee/200b0aE.dag" --continue-on-failure --profile="Library/Bee/backend1.traceevents" ScriptAssemblies
WorkingDir: /Users/guribbong/code/Argus/unity/EmbodiedDebate
DisplayProgressbar: Compiling Scripts
[40m[32minfo[39m[22m[49m: Microsoft.AspNetCore.Hosting.Diagnostics[1]
      Request starting HTTP/2 POST http://ilpp/UnityILPP.PostProcessing/ConfigurePostProcessors application/grpc -
[40m[32minfo[39m[22m[49m: Microsoft.AspNetCore.Routing.EndpointMiddleware[0]
      Executing endpoint 'gRPC - /UnityILPP.PostProcessing/ConfigurePostProcessors'
[40m[1m[33mwarn[39m[22m[49m: Unity.ILPP.Runner.PostProcessingAssemblyLoadContext[0]
      Assembly system.runtime.interopservices.windowsruntime has duplicate hint path. Ignoring "/Applications/Unity/Hub/Editor/2022.3.0f1/Unity.app/Contents/UnityReferenceAssemblies/unity-4.8-api/Facades/System.Runtime.InteropServices.WindowsRuntime.dll" in favor of "/Applications/Unity/Hub/Editor/2022.3.0f1/Unity.app/Contents/NetStandard/Extensions/2.0.0/System.Runtime.InteropServices.WindowsRuntime.dll"
[40m[1m[33mwarn[39m[22m[49m: Unity.ILPP.Runner.PostProcessingAssemblyLoadContext[0]
      Assembly system.componentmodel.composition has duplicate hint path. Ignoring "/Applications/Unity/Hub/Editor/2022.3.0f1/Unity.app/Contents/UnityReferenceAssemblies/unity-4.8-api/System.ComponentModel.Composition.dll" in favor of "/Applications/Unity/Hub/Editor/2022.3.0f1/Unity.app/Contents/NetStandard/compat/2.1.0/shims/netfx/System.ComponentModel.Composition.dll"
[40m[32minfo[39m[22m[49m: Unity.ILPP.Runner.PostProcessingAssemblyLoadContext[0]
      Resolved Unity.Burst.Cecil, Version=0.11.4.0, Culture=neutral, PublicKeyToken=50cebf1cceb9d05e with Library/PackageCache/com.unity.burst@1.8.4/Unity.Burst.CodeGen/Unity.Burst.Cecil.dll
[40m[32minfo[39m[22m[49m: Microsoft.AspNetCore.Routing.EndpointMiddleware[1]
      Executed endpoint 'gRPC - /UnityILPP.PostProcessing/ConfigurePostProcessors'
[40m[32minfo[39m[22m[49m: Microsoft.AspNetCore.Hosting.Diagnostics[2]
      Request finished HTTP/2 POST http://ilpp/UnityILPP.PostProcessing/ConfigurePostProcessors application/grpc - - 200 - application/grpc 49.1819ms
ExitCode: 0 Duration: 0s405ms
[199/239    0s] ILPP-Configuration Library/ilpp-configuration.nevergeneratedoutput
*** Tundra build success (0.36 seconds), 1 items updated, 239 evaluated
Total cache size 13674288
Total cache size after purge 13674288
AssetDatabase: script compilation time: 1.485885s
Begin MonoManager ReloadAssembly
Symbol file LoadedFromMemory is not a mono symbol file
- Loaded All Assemblies, in  0.503 seconds
Refreshing native plugins compatible for Editor in 1.26 ms, found 0 plugins.
Preloading 0 native plugins for Editor in 0.00 ms.
Refreshing native plugins compatible for Editor in 0.63 ms, found 0 plugins.
Native extension for OSXStandalone target not found
Mono: successfully reloaded assembly
- Finished resetting the current domain, in  0.780 seconds
Domain Reload Profiling: 1283ms
	BeginReloadAssembly (155ms)
		ExecutionOrderSort (0ms)
		DisableScriptedObjects (4ms)
		BackupInstance (0ms)
		ReleaseScriptingObjects (0ms)
		CreateAndSetChildDomain (48ms)
	RebuildCommonClasses (32ms)
	RebuildNativeTypeToScriptingClass (10ms)
	initialDomainReloadingComplete (22ms)
	LoadAllAssembliesAndSetupDomain (284ms)
		LoadAssemblies (183ms)
		RebuildTransferFunctionScriptingTraits (0ms)
		AnalyzeDomain (179ms)
			TypeCache.Refresh (174ms)
				TypeCache.ScanAssembly (162ms)
			ScanForSourceGeneratedMonoScriptInfo (4ms)
			ResolveRequiredComponents (1ms)
	FinalizeReload (780ms)
		ReleaseScriptCaches (0ms)
		RebuildScriptCaches (0ms)
		SetupLoadedEditorAssemblies (648ms)
			LogAssemblyErrors (0ms)
			InitializePlatformSupportModulesInManaged (3ms)
			SetLoadedEditorAssemblies (3ms)
			RefreshPlugins (0ms)
			BeforeProcessingInitializeOnLoad (37ms)
			ProcessInitializeOnLoadAttributes (544ms)
			ProcessInitializeOnLoadMethodAttributes (60ms)
			AfterProcessingInitializeOnLoad (1ms)
			EditorAssembliesLoaded (0ms)
		ExecutionOrderSort2 (0ms)
		AwakeInstancesAfterBackupRestoration (5ms)
Asset Pipeline Refresh (id=e6637d8a948344599a95f89f5d521608): Total: 3.521 seconds - Initiated by InitialRefreshV2(ForceSynchronousImport)
	Summary:
		Imports: total=4 (actual=0, local cache=4, cache server=0)
		Asset DB Process Time: managed=0 ms, native=706 ms
		Asset DB Callback time: managed=19 ms, native=0 ms
		Scripting: domain reloads=1, domain reload time=1297 ms, compile time=1486 ms, other=10 ms
		Project Asset Count: scripts=1021, non-scripts=615
		Asset File Changes: new=0, changed=0, moved=0, deleted=0
		Scan Filter Count: 1
	InvokeBeforeRefreshCallbacks: 0.543ms
	ApplyChangesToAssetFolders: 0.012ms
	Scan: 311.536ms
	OnSourceAssetsModified: 0.001ms
	GetAllGuidsForCategorization: 0.143ms
	CategorizeAssets: 43.601ms
	ImportOutOfDateAssets: 793.280ms (-698.364ms without children)
		CompileScripts: 1485.976ms
		ReloadNativeAssets: 0.001ms
		UnloadImportedAssets: 3.480ms
		EnsureUptoDateAssetsAreRegisteredWithGuidPM: 0.540ms
		InitializingProgressBar: 0.000ms
		PostProcessAllAssetNotificationsAddChangedAssets: 0.000ms
		OnDemandSchedulerStart: 1.648ms
	PostProcessAllAssets: 19.598ms
	GatherAllCurrentPrimaryArtifactRevisions: 0.000ms
	UnloadStreamsBegin: 0.351ms
	PersistCurrentRevisions: 0.056ms
	UnloadStreamsEnd: 0.004ms
	GenerateScriptTypeHashes: 0.990ms
	Untracked: 2351.485ms
Application.AssetDatabase Initial Refresh End
Launching external process: /Applications/Unity/Hub/Editor/2022.3.0f1/Unity.app/Contents/Tools/UnityShaderCompiler
Launched and connected shader compiler UnityShaderCompiler after 0.46 seconds
Scanning for USB devices : 0.231ms
Initializing Unity extensions:
[Licensing::Client] Successfully resolved entitlements
[MODES] ModeService[none].Initialize
[MODES] ModeService[none].LoadModes
[MODES] Loading mode Default (0) for mode-current-id-EmbodiedDebate
ProgressiveSceneManager::Cancel()
Unloading 3 Unused Serialized files (Serialized files now loaded: 0)
Unloading 35 unused Assets / (375.7 KB). Loaded Objects now: 1337.
Memory consumption went from 93.4 MB to 93.0 MB.
Total: 12.322084 ms (FindLiveObjects: 0.227042 ms CreateObjectMapping: 0.018291 ms MarkObjects: 11.656209 ms  DeleteObjects: 0.419917 ms)

Asset Pipeline Refresh (id=a60b85053deea44f1b364039ca83d3af): Total: 0.568 seconds - Initiated by RefreshV2(NoUpdateAssetOptions)
	Summary:
		Imports: total=0 (actual=0, local cache=0, cache server=0)
		Asset DB Process Time: managed=0 ms, native=567 ms
		Asset DB Callback time: managed=0 ms, native=0 ms
		Scripting: domain reloads=0, domain reload time=0 ms, compile time=0 ms, other=0 ms
		Project Asset Count: scripts=1021, non-scripts=615
		Asset File Changes: new=0, changed=0, moved=0, deleted=0
		Scan Filter Count: 1
	InvokeBeforeRefreshCallbacks: 0.000ms
	ApplyChangesToAssetFolders: 0.022ms
	Scan: 519.591ms
	OnSourceAssetsModified: 0.001ms
	GetAllGuidsForCategorization: 0.386ms
	CategorizeAssets: 1.371ms
	ImportOutOfDateAssets: 1.000ms (0.347ms without children)
		ReloadNativeAssets: 0.000ms
		UnloadImportedAssets: 0.127ms
		EnsureUptoDateAssetsAreRegisteredWithGuidPM: 0.218ms
		InitializingProgressBar: 0.000ms
		PostProcessAllAssetNotificationsAddChangedAssets: 0.000ms
		OnDemandSchedulerStart: 0.307ms
	GatherAllCurrentPrimaryArtifactRevisions: 0.217ms
	UnloadStreamsBegin: 0.013ms
	PersistCurrentRevisions: 0.055ms
	UnloadStreamsEnd: 0.008ms
	Untracked: 45.068ms
Start importing Assets/ThirdParty/StylooClassroomAssetPack/StylooClassroomAssetPack GLTF & FBX/classroom/GLTF/wallsfloor.glb using Guid(95d4331adf82140bbb5c243cad6bfa64) Importer(-1,00000000000000000000000000000000)  -> (artifact id: '2f4597164da06dcd23f707636f81de45') in 0.289199 seconds
Refreshing native plugins compatible for Editor in 0.91 ms, found 0 plugins.
Preloading 0 native plugins for Editor in 0.00 ms.
Asset Pipeline Refresh (id=9350d9762a7f74dcabad5af951644694): Total: 0.389 seconds - Initiated by StopAssetImportingV2(NoUpdateAssetOptions)
	Summary:
		Imports: total=1 (actual=1, local cache=0, cache server=0)
		Asset DB Process Time: managed=3 ms, native=327 ms
		Asset DB Callback time: managed=50 ms, native=7 ms
		Scripting: domain reloads=0, domain reload time=0 ms, compile time=0 ms, other=0 ms
		Project Asset Count: scripts=1021, non-scripts=615
		Asset File Changes: new=0, changed=0, moved=0, deleted=0
		Scan Filter Count: 7
	InvokeBeforeRefreshCallbacks: 0.000ms
	ApplyChangesToAssetFolders: 0.045ms
	Scan: 2.296ms
	OnSourceAssetsModified: 0.000ms
	GetAllGuidsForCategorization: 0.045ms
	CategorizeAssets: 1.093ms
	ImportOutOfDateAssets: 307.227ms (10.530ms without children)
		ImportManagerImport: 295.882ms (3.282ms without children)
			ImportInProcess: 292.577ms
			UpdateCategorizedAssets: 0.023ms
		ReloadNativeAssets: 0.001ms
		UnloadImportedAssets: 0.010ms
		ReloadImportedAssets: 0.000ms
		EnsureUptoDateAssetsAreRegisteredWithGuidPM: 0.252ms
		InitializingProgressBar: 0.006ms
		PostProcessAllAssetNotificationsAddChangedAssets: 0.001ms
		OnDemandSchedulerStart: 0.546ms
	PostProcessAllAssets: 55.058ms
	Hotreload: 2.541ms
	GatherAllCurrentPrimaryArtifactRevisions: 0.093ms
	UnloadStreamsBegin: 0.008ms
	PersistCurrentRevisions: 0.065ms
	UnloadStreamsEnd: 0.007ms
	Untracked: 20.234ms
HideAndSeekDesignBuilder: GLTF asset wallsfloor.glb, importer=GLTFast.Editor.GltfImporter, gameObjectLoaded=True
UnityEngine.StackTraceUtility:ExtractStackTrace () (at /Users/bokken/build/output/unity/unity/Runtime/Export/Scripting/StackTrace.cs:37)
UnityEngine.DebugLogHandler:LogFormat (UnityEngine.LogType,UnityEngine.Object,string,object[])
UnityEngine.Logger:Log (UnityEngine.LogType,object)
UnityEngine.Debug:Log (object)
ArgusUnity.Editor.HideAndSeekDesignBuilder:EnsureGltfClassroomImports () (at Assets/Editor/HideAndSeekDesignBuilder.cs:80)
ArgusUnity.Editor.HideAndSeekDesignBuilder:BuildScene () (at Assets/Editor/HideAndSeekDesignBuilder.cs:24)
ArgusUnity.Editor.HideAndSeekDesignBuilder:OpenSceneInPlayMode () (at Assets/Editor/HideAndSeekDesignBuilder.cs:58)

(Filename: Assets/Editor/HideAndSeekDesignBuilder.cs Line: 80)

Start importing Assets/ThirdParty/StylooClassroomAssetPack/StylooClassroomAssetPack GLTF & FBX/classroom/GLTF/table.glb using Guid(0fac535ef0639442ea3d608d5efbaf9b) Importer(-1,00000000000000000000000000000000)  -> (artifact id: '0a8cc223b14d120b3f35fefb97523cfd') in 0.009994 seconds
Refreshing native plugins compatible for Editor in 0.71 ms, found 0 plugins.
Preloading 0 native plugins for Editor in 0.00 ms.
Asset Pipeline Refresh (id=46a24a8cae513452bab15330b19491ef): Total: 0.038 seconds - Initiated by StopAssetImportingV2(NoUpdateAssetOptions)
HideAndSeekDesignBuilder: GLTF asset table.glb, importer=GLTFast.Editor.GltfImporter, gameObjectLoaded=True
UnityEngine.StackTraceUtility:ExtractStackTrace () (at /Users/bokken/build/output/unity/unity/Runtime/Export/Scripting/StackTrace.cs:37)
UnityEngine.DebugLogHandler:LogFormat (UnityEngine.LogType,UnityEngine.Object,string,object[])
UnityEngine.Logger:Log (UnityEngine.LogType,object)
UnityEngine.Debug:Log (object)
ArgusUnity.Editor.HideAndSeekDesignBuilder:EnsureGltfClassroomImports () (at Assets/Editor/HideAndSeekDesignBuilder.cs:80)
ArgusUnity.Editor.HideAndSeekDesignBuilder:BuildScene () (at Assets/Editor/HideAndSeekDesignBuilder.cs:24)
ArgusUnity.Editor.HideAndSeekDesignBuilder:OpenSceneInPlayMode () (at Assets/Editor/HideAndSeekDesignBuilder.cs:58)

(Filename: Assets/Editor/HideAndSeekDesignBuilder.cs Line: 80)

Start importing Assets/ThirdParty/StylooClassroomAssetPack/StylooClassroomAssetPack GLTF & FBX/classroom/GLTF/desk.glb using Guid(0efed4ee7808840d3b57c7df53106661) Importer(-1,00000000000000000000000000000000)  -> (artifact id: 'b763c2214533a676cae910b2f21ee7f4') in 0.004363 seconds
Refreshing native plugins compatible for Editor in 0.63 ms, found 0 plugins.
Preloading 0 native plugins for Editor in 0.00 ms.
Asset Pipeline Refresh (id=cd9a2529f2bf34fc38febdc961fa8613): Total: 0.025 seconds - Initiated by StopAssetImportingV2(NoUpdateAssetOptions)
HideAndSeekDesignBuilder: GLTF asset desk.glb, importer=GLTFast.Editor.GltfImporter, gameObjectLoaded=True
UnityEngine.StackTraceUtility:ExtractStackTrace () (at /Users/bokken/build/output/unity/unity/Runtime/Export/Scripting/StackTrace.cs:37)
UnityEngine.DebugLogHandler:LogFormat (UnityEngine.LogType,UnityEngine.Object,string,object[])
UnityEngine.Logger:Log (UnityEngine.LogType,object)
UnityEngine.Debug:Log (object)
ArgusUnity.Editor.HideAndSeekDesignBuilder:EnsureGltfClassroomImports () (at Assets/Editor/HideAndSeekDesignBuilder.cs:80)
ArgusUnity.Editor.HideAndSeekDesignBuilder:BuildScene () (at Assets/Editor/HideAndSeekDesignBuilder.cs:24)
ArgusUnity.Editor.HideAndSeekDesignBuilder:OpenSceneInPlayMode () (at Assets/Editor/HideAndSeekDesignBuilder.cs:58)

(Filename: Assets/Editor/HideAndSeekDesignBuilder.cs Line: 80)

HideAndSeekDesignBuilder: mini-bot import animationType=Generic, importAnimation=True, avatarValid=False, avatarHuman=False, walkingBones leftFoot=True, rightFoot=True, leftLeg=True, rightLeg=True.
UnityEngine.StackTraceUtility:ExtractStackTrace () (at /Users/bokken/build/output/unity/unity/Runtime/Export/Scripting/StackTrace.cs:37)
UnityEngine.DebugLogHandler:LogFormat (UnityEngine.LogType,UnityEngine.Object,string,object[])
UnityEngine.Logger:Log (UnityEngine.LogType,object)
UnityEngine.Debug:Log (object)
ArgusUnity.Editor.HideAndSeekDesignBuilder:LogMiniBotRigInfo () (at Assets/Editor/HideAndSeekDesignBuilder.cs:373)
ArgusUnity.Editor.HideAndSeekDesignBuilder:BuildScene () (at Assets/Editor/HideAndSeekDesignBuilder.cs:25)
ArgusUnity.Editor.HideAndSeekDesignBuilder:OpenSceneInPlayMode () (at Assets/Editor/HideAndSeekDesignBuilder.cs:58)

(Filename: Assets/Editor/HideAndSeekDesignBuilder.cs Line: 373)

Unloading 2 Unused Serialized files (Serialized files now loaded: 0)
Unloading 97 unused Assets / (27.0 KB). Loaded Objects now: 1337.
Memory consumption went from 91.2 MB to 91.2 MB.
Total: 4.173542 ms (FindLiveObjects: 0.063875 ms CreateObjectMapping: 0.018542 ms MarkObjects: 3.966208 ms  DeleteObjects: 0.124250 ms)

Start importing Assets/Project/Materials/HideSeekDefenseBlue.mat using Guid(1ab91de9bb9934e9f880738d62def819) Importer(-1,00000000000000000000000000000000)  -> (artifact id: '5393f3c5a3a094310f103cc049b5b045') in 0.007422 seconds
Start importing Assets/Project/Materials/HideSeekAttackRed.mat using Guid(4aa4d8a01259243b6b5dba6db789b200) Importer(-1,00000000000000000000000000000000)  -> (artifact id: '2e7068000da311e85c1b16a61381ad53') in 0.000933 seconds
Refreshing native plugins compatible for Editor in 2.99 ms, found 0 plugins.
Preloading 0 native plugins for Editor in 0.00 ms.
Asset Pipeline Refresh (id=4318e0276ca9c4485828dfa41ee7281c): Total: 0.064 seconds - Initiated by StopAssetImportingV2(NoUpdateAssetOptions)
Start importing Assets/Project/Scenes/MiniBotHideAndSeekDesign.unity using Guid(9a4a9106e8b4148eea11b87fdf0edb7b) Importer(-1,00000000000000000000000000000000)  -> (artifact id: 'f97611d96c7cf87e21df9d01adffb1e6') in 0.001319 seconds
Refreshing native plugins compatible for Editor in 0.60 ms, found 0 plugins.
Preloading 0 native plugins for Editor in 0.00 ms.
Asset Pipeline Refresh (id=6e321c4edae2748859facef6483cd0b3): Total: 0.038 seconds - Initiated by StopAssetImportingV2(NoUpdateAssetOptions)
HideAndSeekDesignBuilder: saved Assets/Project/Scenes/MiniBotHideAndSeekDesign.unity
UnityEngine.StackTraceUtility:ExtractStackTrace () (at /Users/bokken/build/output/unity/unity/Runtime/Export/Scripting/StackTrace.cs:37)
UnityEngine.DebugLogHandler:LogFormat (UnityEngine.LogType,UnityEngine.Object,string,object[])
UnityEngine.Logger:Log (UnityEngine.LogType,object)
UnityEngine.Debug:Log (object)
ArgusUnity.Editor.HideAndSeekDesignBuilder:BuildScene () (at Assets/Editor/HideAndSeekDesignBuilder.cs:44)
ArgusUnity.Editor.HideAndSeekDesignBuilder:OpenSceneInPlayMode () (at Assets/Editor/HideAndSeekDesignBuilder.cs:58)

(Filename: Assets/Editor/HideAndSeekDesignBuilder.cs Line: 44)

Opening scene 'Assets/Project/Scenes/MiniBotHideAndSeekDesign.unity'
Unloading 0 Unused Serialized files (Serialized files now loaded: 0)
Loaded scene 'Assets/Project/Scenes/MiniBotHideAndSeekDesign.unity'
	Deserialize:            5.773 ms
	Integration:            85.371 ms
	Integration of assets:  0.003 ms
	Thread Wait Time:       0.016 ms
	Total Operation Time:   91.163 ms
Unloading 13 unused Assets / (6.5 KB). Loaded Objects now: 1838.
Memory consumption went from 95.1 MB to 95.1 MB.
Total: 8.417458 ms (FindLiveObjects: 0.097250 ms CreateObjectMapping: 0.026333 ms MarkObjects: 8.262667 ms  DeleteObjects: 0.030375 ms)

HideAndSeekDesignBuilder: opened scene and entered Play Mode.
UnityEngine.StackTraceUtility:ExtractStackTrace () (at /Users/bokken/build/output/unity/unity/Runtime/Export/Scripting/StackTrace.cs:37)
UnityEngine.DebugLogHandler:LogFormat (UnityEngine.LogType,UnityEngine.Object,string,object[])
UnityEngine.Logger:Log (UnityEngine.LogType,object)
UnityEngine.Debug:Log (object)
ArgusUnity.Editor.HideAndSeekDesignBuilder:OpenSceneInPlayMode () (at Assets/Editor/HideAndSeekDesignBuilder.cs:62)

(Filename: Assets/Editor/HideAndSeekDesignBuilder.cs Line: 62)

[Project] Loading completed in 18.280 seconds
	Project init time: 				8.156 seconds
		Template init time: 		0.000 seconds
		Package Manager init time: 		1.663 seconds
		Asset Database init time: 		0.716 seconds
		Global illumination init time: 	0.007 seconds
		Assemblies load time: 			0.607 seconds
		Unity extensions init time: 	0.003 seconds
		Asset Database refresh time: 	0.568 seconds
	Scene opening time: 			4.018 seconds
##utp:{"type":"ProjectInfo","version":2,"phase":"Immediate","time":1777990495466,"processId":13003,"projectLoad":18.279944583000004,"projectInit":8.15554825,"templateInit":0.0,"packageManagerInit":1.663014167,"assetDatabaseInit":0.7162665,"globalIlluminationInit":0.0066065,"assembliesLoad":0.606938625,"unityExtensionsInit":0.003314708,"assetDatabaseRefresh":0.567934625,"sceneOpening":4.017626917}
##utp:{"type":"EditorInfo","version":2,"phase":"Immediate","time":1777990495466,"processId":13003,"editorVersion":"2022.3.0f1 (fb119bb0b476)","branch":"2022.3/release","buildType":"Release","platform":"OSX"}
Subscribe to USB device events
Scanning for USB devices : 0.166ms
Thread 0x331d87000 may have been prematurely finalized
Reloading assemblies for play mode.
Reloading assemblies after forced synchronous recompile.
Begin MonoManager ReloadAssembly
Symbol file LoadedFromMemory is not a mono symbol file
- Loaded All Assemblies, in  0.687 seconds
Refreshing native plugins compatible for Editor in 0.73 ms, found 0 plugins.
Native extension for OSXStandalone target not found
[MODES] ModeService[none].Initialize
[MODES] ModeService[none].LoadModes
[MODES] Loading mode Default (0) for mode-current-id-EmbodiedDebate
Mono: successfully reloaded assembly
- Finished resetting the current domain, in  0.841 seconds
Domain Reload Profiling: 1532ms
	BeginReloadAssembly (581ms)
		ExecutionOrderSort (0ms)
		DisableScriptedObjects (24ms)
		BackupInstance (0ms)
		ReleaseScriptingObjects (0ms)
		CreateAndSetChildDomain (385ms)
	RebuildCommonClasses (41ms)
	RebuildNativeTypeToScriptingClass (12ms)
	initialDomainReloadingComplete (28ms)
	LoadAllAssembliesAndSetupDomain (28ms)
		LoadAssemblies (107ms)
		RebuildTransferFunctionScriptingTraits (0ms)
		AnalyzeDomain (3ms)
			TypeCache.Refresh (1ms)
				TypeCache.ScanAssembly (0ms)
			ScanForSourceGeneratedMonoScriptInfo (0ms)
			ResolveRequiredComponents (2ms)
	FinalizeReload (843ms)
		ReleaseScriptCaches (0ms)
		RebuildScriptCaches (0ms)
		SetupLoadedEditorAssemblies (413ms)
			LogAssemblyErrors (0ms)
			InitializePlatformSupportModulesInManaged (83ms)
			SetLoadedEditorAssemblies (8ms)
			RefreshPlugins (0ms)
			BeforeProcessingInitializeOnLoad (64ms)
			ProcessInitializeOnLoadAttributes (200ms)
			ProcessInitializeOnLoadMethodAttributes (57ms)
			AfterProcessingInitializeOnLoad (1ms)
			EditorAssembliesLoaded (0ms)
		ExecutionOrderSort2 (0ms)
		AwakeInstancesAfterBackupRestoration (189ms)
Asset Pipeline Refresh (id=385620cfa84904edc8e9efe29b6fd416): Total: 1.633 seconds - Initiated by StopAssetImportingV2(ForceSynchronousImport | ForceDomainReload)
	Summary:
		Imports: total=0 (actual=0, local cache=0, cache server=0)
		Asset DB Process Time: managed=0 ms, native=65 ms
		Asset DB Callback time: managed=15 ms, native=1 ms
		Scripting: domain reloads=1, domain reload time=1549 ms, compile time=0 ms, other=0 ms
		Project Asset Count: scripts=1021, non-scripts=615
		Asset File Changes: new=0, changed=0, moved=0, deleted=0
		Scan Filter Count: 0
	InvokeBeforeRefreshCallbacks: 1.942ms
	ApplyChangesToAssetFolders: 0.016ms
	Scan: 0.002ms
	OnSourceAssetsModified: 0.002ms
	GetAllGuidsForCategorization: 0.331ms
	CategorizeAssets: 15.814ms
	ImportOutOfDateAssets: 856.442ms (855.119ms without children)
		CompileScripts: 0.072ms
		CollectScriptTypesHashes: 0.003ms
		ReloadNativeAssets: 0.008ms
		UnloadImportedAssets: 0.293ms
		EnsureUptoDateAssetsAreRegisteredWithGuidPM: 0.359ms
		InitializingProgressBar: 0.000ms
		PostProcessAllAssetNotificationsAddChangedAssets: 0.000ms
		OnDemandSchedulerStart: 0.588ms
	PostProcessAllAssets: 15.958ms
	GatherAllCurrentPrimaryArtifactRevisions: 0.159ms
	UnloadStreamsBegin: 0.560ms
	PersistCurrentRevisions: 0.055ms
	UnloadStreamsEnd: 0.004ms
	GenerateScriptTypeHashes: 0.415ms
	Untracked: 741.271ms
MiniBotWalkAnimator: BVH clips walk=True, turnLeft=True, turnRight=True; walking bones leftFoot=True, rightFoot=True, leftLeg=True, rightLeg=True.
UnityEngine.StackTraceUtility:ExtractStackTrace () (at /Users/bokken/build/output/unity/unity/Runtime/Export/Scripting/StackTrace.cs:37)
UnityEngine.DebugLogHandler:LogFormat (UnityEngine.LogType,UnityEngine.Object,string,object[])
UnityEngine.Logger:Log (UnityEngine.LogType,object)
UnityEngine.Debug:Log (object)
ArgusUnity.Runtime.MiniBotWalkAnimator:Awake () (at Assets/Project/Scripts/Runtime/MiniBotWalkAnimator.cs:74)

(Filename: Assets/Project/Scripts/Runtime/MiniBotWalkAnimator.cs Line: 74)

ArgusVideo: capturing 240 frames at 30 FPS to /Users/guribbong/code/Argus/tmp/visible_motion_frames
UnityEngine.StackTraceUtility:ExtractStackTrace () (at /Users/bokken/build/output/unity/unity/Runtime/Export/Scripting/StackTrace.cs:37)
UnityEngine.DebugLogHandler:LogFormat (UnityEngine.LogType,UnityEngine.Object,string,object[])
UnityEngine.Logger:Log (UnityEngine.LogType,object)
UnityEngine.Debug:Log (object)
ArgusUnity.Runtime.SmokeVideoCapture:Awake () (at Assets/Project/Scripts/Runtime/SmokeVideoCapture.cs:40)

(Filename: Assets/Project/Scripts/Runtime/SmokeVideoCapture.cs Line: 40)

MiniBotWalkAnimator: BVH clips walk=True, turnLeft=True, turnRight=True; walking bones leftFoot=True, rightFoot=True, leftLeg=True, rightLeg=True.
UnityEngine.StackTraceUtility:ExtractStackTrace () (at /Users/bokken/build/output/unity/unity/Runtime/Export/Scripting/StackTrace.cs:37)
UnityEngine.DebugLogHandler:LogFormat (UnityEngine.LogType,UnityEngine.Object,string,object[])
UnityEngine.Logger:Log (UnityEngine.LogType,object)
UnityEngine.Debug:Log (object)
ArgusUnity.Runtime.MiniBotWalkAnimator:Awake () (at Assets/Project/Scripts/Runtime/MiniBotWalkAnimator.cs:74)

(Filename: Assets/Project/Scripts/Runtime/MiniBotWalkAnimator.cs Line: 74)

MiniBotWalkAnimator: BVH clips walk=True, turnLeft=True, turnRight=True; walking bones leftFoot=True, rightFoot=True, leftLeg=True, rightLeg=True.
UnityEngine.StackTraceUtility:ExtractStackTrace () (at /Users/bokken/build/output/unity/unity/Runtime/Export/Scripting/StackTrace.cs:37)
UnityEngine.DebugLogHandler:LogFormat (UnityEngine.LogType,UnityEngine.Object,string,object[])
UnityEngine.Logger:Log (UnityEngine.LogType,object)
UnityEngine.Debug:Log (object)
ArgusUnity.Runtime.MiniBotWalkAnimator:Awake () (at Assets/Project/Scripts/Runtime/MiniBotWalkAnimator.cs:74)

(Filename: Assets/Project/Scripts/Runtime/MiniBotWalkAnimator.cs Line: 74)

MiniBotWalkAnimator: BVH clips walk=True, turnLeft=True, turnRight=True; walking bones leftFoot=True, rightFoot=True, leftLeg=True, rightLeg=True.
UnityEngine.StackTraceUtility:ExtractStackTrace () (at /Users/bokken/build/output/unity/unity/Runtime/Export/Scripting/StackTrace.cs:37)
UnityEngine.DebugLogHandler:LogFormat (UnityEngine.LogType,UnityEngine.Object,string,object[])
UnityEngine.Logger:Log (UnityEngine.LogType,object)
UnityEngine.Debug:Log (object)
ArgusUnity.Runtime.MiniBotWalkAnimator:Awake () (at Assets/Project/Scripts/Runtime/MiniBotWalkAnimator.cs:74)

(Filename: Assets/Project/Scripts/Runtime/MiniBotWalkAnimator.cs Line: 74)

Loaded scene 'Temp/__Backupscenes/0.backup'
	Deserialize:            9.160 ms
	Integration:            553.032 ms
	Integration of assets:  1.217 ms
	Thread Wait Time:       0.026 ms
	Total Operation Time:   563.435 ms
MiniBotHideAndSeekScenario: registered moving agents=4.
UnityEngine.StackTraceUtility:ExtractStackTrace () (at /Users/bokken/build/output/unity/unity/Runtime/Export/Scripting/StackTrace.cs:37)
UnityEngine.DebugLogHandler:LogFormat (UnityEngine.LogType,UnityEngine.Object,string,object[])
UnityEngine.Logger:Log (UnityEngine.LogType,object)
UnityEngine.Debug:Log (object)
ArgusUnity.Runtime.MiniBotHideAndSeekScenario:Start () (at Assets/Project/Scripts/Runtime/MiniBotHideAndSeekScenario.cs:28)

(Filename: Assets/Project/Scripts/Runtime/MiniBotHideAndSeekScenario.cs Line: 28)

MiniBotHideAndSeekScenario: rotation confirmed for Hider 01.
UnityEngine.StackTraceUtility:ExtractStackTrace () (at /Users/bokken/build/output/unity/unity/Runtime/Export/Scripting/StackTrace.cs:37)
UnityEngine.DebugLogHandler:LogFormat (UnityEngine.LogType,UnityEngine.Object,string,object[])
UnityEngine.Logger:Log (UnityEngine.LogType,object)
UnityEngine.Debug:Log (object)
ArgusUnity.Runtime.MiniBotHideAndSeekScenario:Update () (at Assets/Project/Scripts/Runtime/MiniBotHideAndSeekScenario.cs:73)

(Filename: Assets/Project/Scripts/Runtime/MiniBotHideAndSeekScenario.cs Line: 73)

MiniBotHideAndSeekScenario: rotation confirmed for Hider 02.
UnityEngine.StackTraceUtility:ExtractStackTrace () (at /Users/bokken/build/output/unity/unity/Runtime/Export/Scripting/StackTrace.cs:37)
UnityEngine.DebugLogHandler:LogFormat (UnityEngine.LogType,UnityEngine.Object,string,object[])
UnityEngine.Logger:Log (UnityEngine.LogType,object)
UnityEngine.Debug:Log (object)
ArgusUnity.Runtime.MiniBotHideAndSeekScenario:Update () (at Assets/Project/Scripts/Runtime/MiniBotHideAndSeekScenario.cs:73)

(Filename: Assets/Project/Scripts/Runtime/MiniBotHideAndSeekScenario.cs Line: 73)

MiniBotHideAndSeekScenario: rotation confirmed for Seeker 01.
UnityEngine.StackTraceUtility:ExtractStackTrace () (at /Users/bokken/build/output/unity/unity/Runtime/Export/Scripting/StackTrace.cs:37)
UnityEngine.DebugLogHandler:LogFormat (UnityEngine.LogType,UnityEngine.Object,string,object[])
UnityEngine.Logger:Log (UnityEngine.LogType,object)
UnityEngine.Debug:Log (object)
ArgusUnity.Runtime.MiniBotHideAndSeekScenario:Update () (at Assets/Project/Scripts/Runtime/MiniBotHideAndSeekScenario.cs:73)

(Filename: Assets/Project/Scripts/Runtime/MiniBotHideAndSeekScenario.cs Line: 73)

MiniBotHideAndSeekScenario: rotation confirmed for Seeker 02.
UnityEngine.StackTraceUtility:ExtractStackTrace () (at /Users/bokken/build/output/unity/unity/Runtime/Export/Scripting/StackTrace.cs:37)
UnityEngine.DebugLogHandler:LogFormat (UnityEngine.LogType,UnityEngine.Object,string,object[])
UnityEngine.Logger:Log (UnityEngine.LogType,object)
UnityEngine.Debug:Log (object)
ArgusUnity.Runtime.MiniBotHideAndSeekScenario:Update () (at Assets/Project/Scripts/Runtime/MiniBotHideAndSeekScenario.cs:73)

(Filename: Assets/Project/Scripts/Runtime/MiniBotHideAndSeekScenario.cs Line: 73)

Created GICache directory at /Users/guribbong/Library/Caches/com.unity3d.UnityEditor/GiCache. Took: 0.010s, timestamps: [21.521 - 21.531]
Setting up 4 worker threads for Enlighten.
MiniBotHideAndSeekScenario: movement confirmed for Hider 01.
UnityEngine.StackTraceUtility:ExtractStackTrace () (at /Users/bokken/build/output/unity/unity/Runtime/Export/Scripting/StackTrace.cs:37)
UnityEngine.DebugLogHandler:LogFormat (UnityEngine.LogType,UnityEngine.Object,string,object[])
UnityEngine.Logger:Log (UnityEngine.LogType,object)
UnityEngine.Debug:Log (object)
ArgusUnity.Runtime.MiniBotHideAndSeekScenario:Update () (at Assets/Project/Scripts/Runtime/MiniBotHideAndSeekScenario.cs:67)

(Filename: Assets/Project/Scripts/Runtime/MiniBotHideAndSeekScenario.cs Line: 67)

MiniBotHideAndSeekScenario: movement confirmed for Seeker 01.
UnityEngine.StackTraceUtility:ExtractStackTrace () (at /Users/bokken/build/output/unity/unity/Runtime/Export/Scripting/StackTrace.cs:37)
UnityEngine.DebugLogHandler:LogFormat (UnityEngine.LogType,UnityEngine.Object,string,object[])
UnityEngine.Logger:Log (UnityEngine.LogType,object)
UnityEngine.Debug:Log (object)
ArgusUnity.Runtime.MiniBotHideAndSeekScenario:Update () (at Assets/Project/Scripts/Runtime/MiniBotHideAndSeekScenario.cs:67)

(Filename: Assets/Project/Scripts/Runtime/MiniBotHideAndSeekScenario.cs Line: 67)

MiniBotHideAndSeekScenario: movement confirmed for Seeker 02.
UnityEngine.StackTraceUtility:ExtractStackTrace () (at /Users/bokken/build/output/unity/unity/Runtime/Export/Scripting/StackTrace.cs:37)
UnityEngine.DebugLogHandler:LogFormat (UnityEngine.LogType,UnityEngine.Object,string,object[])
UnityEngine.Logger:Log (UnityEngine.LogType,object)
UnityEngine.Debug:Log (object)
ArgusUnity.Runtime.MiniBotHideAndSeekScenario:Update () (at Assets/Project/Scripts/Runtime/MiniBotHideAndSeekScenario.cs:67)

(Filename: Assets/Project/Scripts/Runtime/MiniBotHideAndSeekScenario.cs Line: 67)

MiniBotHideAndSeekScenario: movement confirmed for Hider 02.
UnityEngine.StackTraceUtility:ExtractStackTrace () (at /Users/bokken/build/output/unity/unity/Runtime/Export/Scripting/StackTrace.cs:37)
UnityEngine.DebugLogHandler:LogFormat (UnityEngine.LogType,UnityEngine.Object,string,object[])
UnityEngine.Logger:Log (UnityEngine.LogType,object)
UnityEngine.Debug:Log (object)
ArgusUnity.Runtime.MiniBotHideAndSeekScenario:Update () (at Assets/Project/Scripts/Runtime/MiniBotHideAndSeekScenario.cs:67)

(Filename: Assets/Project/Scripts/Runtime/MiniBotHideAndSeekScenario.cs Line: 67)

ArgusVideo: wrote 240 frames to /Users/guribbong/code/Argus/tmp/visible_motion_frames
UnityEngine.StackTraceUtility:ExtractStackTrace () (at /Users/bokken/build/output/unity/unity/Runtime/Export/Scripting/StackTrace.cs:37)
UnityEngine.DebugLogHandler:LogFormat (UnityEngine.LogType,UnityEngine.Object,string,object[])
UnityEngine.Logger:Log (UnityEngine.LogType,object)
UnityEngine.Debug:Log (object)
ArgusUnity.Runtime.SmokeVideoCapture:LateUpdate () (at Assets/Project/Scripts/Runtime/SmokeVideoCapture.cs:69)

(Filename: Assets/Project/Scripts/Runtime/SmokeVideoCapture.cs Line: 69)

Thread 0x16f48f000 may have been prematurely finalized
Unloading 8 Unused Serialized files (Serialized files now loaded: 0)
Loaded scene 'Temp/__Backupscenes/0.backup'
	Deserialize:            8.858 ms
	Integration:            272.343 ms
	Integration of assets:  0.004 ms
	Thread Wait Time:       0.014 ms
	Total Operation Time:   281.219 ms
Unloading 23 unused Assets / (85.0 KB). Loaded Objects now: 2412.
Memory consumption went from 125.0 MB to 124.9 MB.
Total: 55.828250 ms (FindLiveObjects: 0.641250 ms CreateObjectMapping: 0.033584 ms MarkObjects: 31.678916 ms  DeleteObjects: 23.473583 ms)

[UnityConnectServicesConfig] config is NOT valid, switching to default
gi::BakeBackendSwitch: switching bake backend from 3 to 2.
[00:00:00] Builtin Sky manager started.
Thread 0x365507000 may have been prematurely finalized
[Licensing::IpcConnector] License Notification channel disconnected successfully.
[Licensing::IpcConnector] License Client channel disconnected successfully.
Thread 0x17ff13000 may have been prematurely finalized
Thread 0x17ff9f000 may have been prematurely finalized
Thread 0x310113000 may have been prematurely finalized
Cleanup mono
[40m[32minfo[39m[22m[49m: Microsoft.Hosting.Lifetime[0]
      Application is shutting down...
debugger-agent: Unable to listen on 48
[Performance] Application.InitializeProject                                                                                                      :        1 samples, Peak.  8.15 s (1.0x), Avg.  8.15 s, Total. 8.155 s (23.9%)
[Performance] Application.PackageManager.StartServer                                                                                             :        1 samples, Peak.  6.77 ms (1.0x), Avg.  6.77 ms, Total. 6.774 ms (0.0%)
[Performance] Application.AcquireProjectLock                                                                                                     :        1 samples, Peak.  19.3 ms (1.0x), Avg.  19.3 ms, Total. 19.27 ms (0.1%)
[Performance] Application.InitializeEngineNoGraphics                                                                                             :        1 samples, Peak.   143 ms (1.0x), Avg.   143 ms, Total. 142.6 ms (0.4%)
[Performance] Application.PackageManager.Initialize                                                                                              :        1 samples, Peak.  1.66 s (1.0x), Avg.  1.66 s, Total. 1.663 s (4.9%)
[Performance] Connecting to Package Manager                                                                                                      :      167 samples, Peak.   173 us (79.6x), Avg.  2.17 us, Total. 362.0 us (0.0%)
[Performance] Application.EngineGraphics.Initialize                                                                                              :        1 samples, Peak.  79.9 ms (1.0x), Avg.  79.9 ms, Total. 79.92 ms (0.2%)
[Performance] Application.GI.Initialize                                                                                                          :        1 samples, Peak.  6.75 ms (1.0x), Avg.  6.75 ms, Total. 6.749 ms (0.0%)
[Performance] Application.LoadAllDefaultResourcesFromEditor                                                                                      :        1 samples, Peak.  2.46 ms (1.0x), Avg.  2.46 ms, Total. 2.461 ms (0.0%)
[Performance] Application.LoadMonoAssemblies                                                                                                     :        1 samples, Peak.   607 ms (1.0x), Avg.   607 ms, Total. 606.9 ms (1.8%)
[Performance] RestoreManagedReferences                                                                                                           :        3 samples, Peak.   122 ms (2.2x), Avg.  54.5 ms, Total. 163.6 ms (0.5%)
[Performance] InitializeOnLoad ProjectSearch                                                                                                     :        3 samples, Peak.   402 us (1.4x), Avg.   291 us, Total. 873.5 us (0.0%)
[Performance] InitializeOnLoad AssetStoreContext                                                                                                 :        3 samples, Peak.  24.5 ms (1.1x), Avg.  21.6 ms, Total. 64.86 ms (0.2%)
[Performance] InitializeOnLoad SearchService                                                                                                     :        3 samples, Peak.   214 us (1.6x), Avg.   133 us, Total. 400.4 us (0.0%)
[Performance] InitializeOnLoad ObjectSelectorSearch                                                                                              :        3 samples, Peak.   403 us (1.3x), Avg.   318 us, Total. 954.2 us (0.0%)
[Performance] InitializeOnLoad NativeFormatImporterUtility                                                                                       :        3 samples, Peak.  2.64 ms (1.3x), Avg.  2.05 ms, Total. 6.158 ms (0.0%)
[Performance] InitializeOnLoad ManagedDebuggerWindow                                                                                             :        3 samples, Peak.  1.32 ms (1.7x), Avg.   773 us, Total. 2.318 ms (0.0%)
[Performance] InitializeOnLoad PrefabInstanceChangedListener                                                                                     :        3 samples, Peak.  1.09 ms (1.7x), Avg.   659 us, Total. 1.978 ms (0.0%)
[Performance] InitializeOnLoad ManagedDebugger                                                                                                   :        3 samples, Peak.   583 ns (1.4x), Avg.   431 ns, Total. 1.292 us (0.0%)
[Performance] InitializeOnLoad CloudBuild                                                                                                        :        3 samples, Peak.  5.38 us (1.7x), Avg.  3.18 us, Total. 9.541 us (0.0%)
[Performance] InitializeOnLoad Collab                                                                                                            :        3 samples, Peak.  8.49 ms (1.2x), Avg.  7.23 ms, Total. 21.69 ms (0.1%)
[Performance] InitializeOnLoad ShortcutIntegration                                                                                               :        3 samples, Peak.   155 us (1.7x), Avg.  92.4 us, Total. 277.2 us (0.0%)
[Performance] InitializeOnLoad MixerEffectDefinitionReloader                                                                                     :        3 samples, Peak.  3.28 ms (1.4x), Avg.  2.26 ms, Total. 6.788 ms (0.0%)
[Performance] InitializeOnLoad DrivenRectTransformUndo                                                                                           :        3 samples, Peak.   208 us (1.1x), Avg.   193 us, Total. 579.7 us (0.0%)
[Performance] InitializeOnLoad WindowLayout                                                                                                      :        3 samples, Peak.   934 us (2.1x), Avg.   455 us, Total. 1.366 ms (0.0%)
[Performance] InitializeOnLoad SettingsService                                                                                                   :        3 samples, Peak.  11.0 us (1.6x), Avg.  7.04 us, Total. 21.12 us (0.0%)
[Performance] InitializeOnLoad CacheServerWindow                                                                                                 :        3 samples, Peak.  13.2 us (1.5x), Avg.  8.93 us, Total. 26.79 us (0.0%)
[Performance] InitializeOnLoad MenuItems                                                                                                         :        3 samples, Peak.   118 us (1.5x), Avg.  78.7 us, Total. 236.2 us (0.0%)
[Performance] InitializeOnLoad CheckNavigationPackage                                                                                            :        3 samples, Peak.  1.12 ms (2.0x), Avg.   564 us, Total. 1.693 ms (0.0%)
[Performance] InitializeOnLoad UISystemProfilerRenderService                                                                                     :        3 samples, Peak.  24.7 us (1.9x), Avg.  12.8 us, Total. 38.46 us (0.0%)
[Performance] InitializeOnLoad EditMode                                                                                                          :        3 samples, Peak.   720 us (1.5x), Avg.   473 us, Total. 1.419 ms (0.0%)
[Performance] InitializeOnLoad UnityConnect                                                                                                      :        3 samples, Peak.  37.4 us (1.0x), Avg.  37.2 us, Total. 111.5 us (0.0%)
[Performance] InitializeOnLoad AddComponentWindow                                                                                                :        3 samples, Peak.  92.4 us (1.1x), Avg.  80.7 us, Total. 242.0 us (0.0%)
[Performance] InitializeOnLoad PlayModeDownload                                                                                                  :        3 samples, Peak.  3.52 ms (2.7x), Avg.  1.29 ms, Total. 3.856 ms (0.0%)
[Performance] InitializeOnLoad SceneSearch                                                                                                       :        3 samples, Peak.  64.9 us (1.5x), Avg.  43.8 us, Total. 131.4 us (0.0%)
[Performance] InitializeOnLoad EditorDelegateRegistration                                                                                        :        3 samples, Peak.   606 us (1.1x), Avg.   562 us, Total. 1.685 ms (0.0%)
[Performance] InitializeOnLoad UxmlObjectEditorFactories                                                                                         :        3 samples, Peak.   470 us (1.2x), Avg.   384 us, Total. 1.151 ms (0.0%)
[Performance] InitializeOnLoad RetainedMode                                                                                                      :        3 samples, Peak.  2.48 ms (1.3x), Avg.  1.96 ms, Total. 5.884 ms (0.0%)
[Performance] InitializeOnLoad EditorShaderLoader                                                                                                :        3 samples, Peak.  1.12 ms (1.6x), Avg.   716 us, Total. 2.148 ms (0.0%)
[Performance] InitializeOnLoad UIDocumentHierarchyWatcher                                                                                        :        3 samples, Peak.   179 us (1.9x), Avg.  91.6 us, Total. 274.8 us (0.0%)
[Performance] InitializeOnLoad EditorMonitor                                                                                                     :        3 samples, Peak.   213 us (1.5x), Avg.   140 us, Total. 419.3 us (0.0%)
[Performance] InitializeOnLoad LiveReloadTrackerCreator                                                                                          :        3 samples, Peak.   201 us (1.4x), Avg.   140 us, Total. 421.1 us (0.0%)
[Performance] InitializeOnLoad UXMLEditorFactories                                                                                               :        3 samples, Peak.  84.9 ms (1.2x), Avg.  71.3 ms, Total. 213.9 ms (0.6%)
[Performance] InitializeOnLoad ServicesRepository                                                                                                :        3 samples, Peak.  1.04 ms (1.2x), Avg.   885 us, Total. 2.654 ms (0.0%)
[Performance] InitializeOnLoad UDPService                                                                                                        :        3 samples, Peak.  7.12 ms (1.7x), Avg.  4.24 ms, Total. 12.73 ms (0.0%)
[Performance] InitializeOnLoad EditorGameServicesAnalytics                                                                                       :        3 samples, Peak.  2.80 ms (1.5x), Avg.  1.89 ms, Total. 5.663 ms (0.0%)
[Performance] InitializeOnLoad CloudBuildPoller                                                                                                  :        3 samples, Peak.   307 us (1.3x), Avg.   238 us, Total. 714.2 us (0.0%)
[Performance] InitializeOnLoad BuildService                                                                                                      :        3 samples, Peak.  3.81 ms (1.2x), Avg.  3.17 ms, Total. 9.495 ms (0.0%)
[Performance] InitializeOnLoad CollabService                                                                                                     :        3 samples, Peak.  9.96 ms (2.5x), Avg.  4.00 ms, Total. 12.01 ms (0.0%)
[Performance] InitializeOnLoad PurchasingService                                                                                                 :        3 samples, Peak.  7.79 ms (1.0x), Avg.  7.58 ms, Total. 22.74 ms (0.1%)
[Performance] InitializeOnLoad CrashService                                                                                                      :        3 samples, Peak.  1.80 ms (1.2x), Avg.  1.54 ms, Total. 4.610 ms (0.0%)
[Performance] InitializeOnLoad AdsService                                                                                                        :        3 samples, Peak.  2.22 ms (1.5x), Avg.  1.51 ms, Total. 4.542 ms (0.0%)
[Performance] InitializeOnLoad AnalyticsService                                                                                                  :        3 samples, Peak.  1.52 ms (1.1x), Avg.  1.36 ms, Total. 4.068 ms (0.0%)
[Performance] InitializeOnLoad SearchWindow                                                                                                      :        3 samples, Peak.   118 us (1.1x), Avg.   105 us, Total. 314.1 us (0.0%)
[Performance] InitializeOnLoad SearchMonitor                                                                                                     :        3 samples, Peak.  15.7 ms (2.3x), Avg.  6.91 ms, Total. 20.73 ms (0.1%)
[Performance] InitializeOnLoad ParameterControllerEditor                                                                                         :        3 samples, Peak.  46.5 us (1.4x), Avg.  32.6 us, Total. 97.71 us (0.0%)
[Performance] InitializeOnLoad LayerSettingsWindow                                                                                               :        3 samples, Peak.  29.2 us (2.3x), Avg.  13.0 us, Total. 38.92 us (0.0%)
[Performance] InitializeOnLoad PackageManagerHookGUIDConverter.RegisterPackagesEventHandler                                                      :        3 samples, Peak.   612 us (2.1x), Avg.   293 us, Total. 878.6 us (0.0%)
[Performance] InitializeOnLoad EditorDragAndDrop.RegisterEditorClient                                                                            :        3 samples, Peak.   226 us (1.2x), Avg.   185 us, Total. 556.3 us (0.0%)
[Performance] InitializeOnLoad EditorEventCallbacks.InitializeFontAssetResourceChangeCallBacks                                                   :        3 samples, Peak.  1.41 ms (1.3x), Avg.  1.10 ms, Total. 3.300 ms (0.0%)
[Performance] InitializeOnLoad SceneTemplateService.Init                                                                                         :        3 samples, Peak.  1.56 ms (1.2x), Avg.  1.34 ms, Total. 4.010 ms (0.0%)
[Performance] InitializeOnLoad DiagnosticSwitchesConsoleMessage.Init                                                                             :        3 samples, Peak.  5.11 ms (1.6x), Avg.  3.15 ms, Total. 9.453 ms (0.0%)
[Performance] InitializeOnLoad ScopedRegistryAddedPopup.SubscribeToRegistriesAdded                                                               :        3 samples, Peak.  32.4 ms (1.8x), Avg.  18.5 ms, Total. 55.37 ms (0.2%)
[Performance] InitializeOnLoad PackageManagerWindow.EditorInitializedInSafeMode                                                                  :        3 samples, Peak.   207 us (1.2x), Avg.   173 us, Total. 519.5 us (0.0%)
[Performance] InitializeOnLoad MemoryProfilerCompilationGuard.InjectCompileGuard                                                                 :        3 samples, Peak.   114 us (1.1x), Avg.   102 us, Total. 306.2 us (0.0%)
[Performance] InitializeOnLoad SceneVisibilityManager.Initialize                                                                                 :        3 samples, Peak.  4.81 ms (2.0x), Avg.  2.36 ms, Total. 7.072 ms (0.0%)
[Performance] InitializeOnLoad AssetPostprocessingInternal.RefreshCustomDependencies                                                             :        3 samples, Peak.  16.1 ms (2.1x), Avg.  7.73 ms, Total. 23.19 ms (0.1%)
[Performance] InitializeOnLoad ToolShortcutContext.Init                                                                                          :        3 samples, Peak.   177 us (1.4x), Avg.   124 us, Total. 373.5 us (0.0%)
[Performance] InitializeOnLoad SysrootManager.Initialize                                                                                         :        3 samples, Peak.  1.17 ms (1.9x), Avg.   631 us, Total. 1.894 ms (0.0%)
[Performance] InitializeOnLoad EditorWindow.Initialize                                                                                           :        3 samples, Peak.   229 us (1.5x), Avg.   157 us, Total. 470.3 us (0.0%)
[Performance] AssemblyReloadEvents.afterAssemblyReload: UnityEditor.SceneTemplate.SceneTemplateService.AfterAssemblyReload                       :        3 samples, Peak.  5.91 ms (1.9x), Avg.  3.19 ms, Total. 9.570 ms (0.0%)
[Performance] ProcessService.EditorAfterLoadAllAssemblies                                                                                        :        3 samples, Peak.   868 us (1.5x), Avg.   568 us, Total. 1.704 ms (0.0%)
[Performance] Application.ReadLicenseInfo                                                                                                        :        1 samples, Peak.  49.5 ms (1.0x), Avg.  49.5 ms, Total. 49.53 ms (0.1%)
[Performance] Application.InitialRefresh                                                                                                         :        1 samples, Peak.  3.53 s (1.0x), Avg.  3.53 s, Total. 3.526 s (10.3%)
[Performance] Compiling Scripts                                                                                                                  :        1 samples, Peak.  1.49 s (1.0x), Avg.  1.49 s, Total. 1.486 s (4.4%)
[Performance] AssemblyReloadEvents.beforeAssemblyReload: UnityEditor.SceneTemplate.SceneTemplateService.BeforeAssemblyReload                     :        2 samples, Peak.   844 us (1.3x), Avg.   641 us, Total. 1.283 ms (0.0%)
[Performance] InitializeOnLoad BurstLoader                                                                                                       :        2 samples, Peak.   383 ms (1.9x), Avg.   201 ms, Total. 402.1 ms (1.2%)
[Performance] InitializeOnLoad BackgroundWatcher                                                                                                 :        2 samples, Peak.   157 us (1.1x), Avg.   146 us, Total. 292.5 us (0.0%)
[Performance] InitializeOnLoad UnityTestProtocolStarter                                                                                          :        2 samples, Peak.   444 us (1.5x), Avg.   298 us, Total. 596.0 us (0.0%)
[Performance] InitializeOnLoad TestStarter                                                                                                       :        2 samples, Peak.   718 us (1.1x), Avg.   667 us, Total. 1.334 ms (0.0%)
[Performance] InitializeOnLoad RerunCallbackInitializer                                                                                          :        2 samples, Peak.  2.73 ms (1.3x), Avg.  2.17 ms, Total. 4.343 ms (0.0%)
[Performance] InitializeOnLoad TestJobDataHolder.ResumeRunningJobs                                                                               :        2 samples, Peak.   992 us (1.3x), Avg.   767 us, Total. 1.534 ms (0.0%)
[Performance] InitializeOnLoad AnalyticsReporter.RegisterCallbacks                                                                               :        2 samples, Peak.   308 us (1.5x), Avg.   211 us, Total. 421.3 us (0.0%)
[Performance] InitializeOnLoad $BurstDirectCallInitializer.Initialize                                                                            :        2 samples, Peak.  34.3 ms (1.4x), Avg.  25.0 ms, Total. 50.10 ms (0.1%)
[Performance] DidReloadScriptsTestRunnerWindow.CompilationCallback                                                                               :        2 samples, Peak.  1.26 ms (1.1x), Avg.  1.18 ms, Total. 2.363 ms (0.0%)
[Performance] DidReloadScriptsTestListCache.ScriptReloaded                                                                                       :        2 samples, Peak.   935 us (1.8x), Avg.   523 us, Total. 1.047 ms (0.0%)
[Performance] DidReloadScriptsOnScriptsReloadHandler.OnScriptsReloaded                                                                           :        2 samples, Peak.  1.05 ms (1.1x), Avg.   946 us, Total. 1.892 ms (0.0%)
[Performance] DidReloadScriptsAdvancedDropdownWindow.OnScriptReload                                                                              :        2 samples, Peak.   201 us (1.0x), Avg.   198 us, Total. 395.6 us (0.0%)
[Performance] SyncVS.PostprocessSyncProject                                                                                                      :        7 samples, Peak.  1.74 ms (3.9x), Avg.   443 us, Total. 3.102 ms (0.0%)
[Performance] Application.ImportPackagesAndSetTemplateWhenCreatingProject                                                                        :        1 samples, Peak.   110 ms (1.0x), Avg.   110 ms, Total. 109.8 ms (0.3%)
[Performance] Application.SyncCurrentColorSpace                                                                                                  :        1 samples, Peak.   541 ms (1.0x), Avg.   541 ms, Total. 541.2 ms (1.6%)
[Performance] Application.OnUsbDevicesChanged                                                                                                    :        1 samples, Peak.   434 us (1.0x), Avg.   434 us, Total. 434.0 us (0.0%)
[Performance] Application.AssetInstanceCacheUpdate                                                                                               :        1 samples, Peak.   209 ns (1.0x), Avg.   209 ns, Total. 209.0 ns (0.0%)
[Performance] Application.UnityExtensions.Initialize                                                                                             :        1 samples, Peak.  3.32 ms (1.0x), Avg.  3.32 ms, Total. 3.318 ms (0.0%)
[Performance] CodeEditorProjectSync.SyncEditorProject                                                                                            :        1 samples, Peak.   114 us (1.0x), Avg.   114 us, Total. 113.6 us (0.0%)
[Performance] Application.ExecuteStartups                                                                                                        :        1 samples, Peak.  61.8 ms (1.0x), Avg.  61.8 ms, Total. 61.78 ms (0.2%)
[Performance] Menu.RegisterMenuInterface                                                                                                         :       26 samples, Peak.   232 us (25.1x), Avg.  9.23 us, Total. 240.0 us (0.0%)
[Performance] Gizmo.RebuildRenderers                                                                                                             :        4 samples, Peak.  58.6 ms (2.9x), Avg.  20.2 ms, Total. 80.79 ms (0.2%)
[Performance] Gizmo.AddGizmoRenderers                                                                                                            :      164 samples, Peak.  2.06 ms (43.7x), Avg.  47.2 us, Total. 7.739 ms (0.0%)
[Performance] Application.editorInitializingProject                                                                                              :        1 samples, Peak.   112 ms (1.0x), Avg.   112 ms, Total. 112.4 ms (0.3%)
[Performance] Application.FinishLoadingProject                                                                                                   :        1 samples, Peak.  4.02 s (1.0x), Avg.  4.02 s, Total. 4.018 s (11.8%)
[Performance] Application.InitializeMenu                                                                                                         :        1 samples, Peak.  80.9 ms (1.0x), Avg.  80.9 ms, Total. 80.89 ms (0.2%)
[Performance] Menu.RebuildAll                                                                                                                    :        1 samples, Peak.  80.7 ms (1.0x), Avg.  80.7 ms, Total. 80.73 ms (0.2%)
[Performance] Menu.BuildRegisteredMenuInterfaces                                                                                                 :        1 samples, Peak.  72.8 ms (1.0x), Avg.  72.8 ms, Total. 72.82 ms (0.2%)
[Performance] Menu.FilterMenuItem                                                                                                                :      743 samples, Peak.  39.1 ms (730.8x), Avg.  53.5 us, Total. 39.78 ms (0.1%)
[Performance] UpdateAllMenus                                                                                                                     :        3 samples, Peak.  91.6 ms (2.5x), Avg.  36.4 ms, Total. 109.2 ms (0.3%)
[Performance] Selection.selectionChanged: UnityEditor.PackageManager.UI.Internal.SelectionProxy.OnSelectionChanged                               :        1 samples, Peak.  1.30 ms (1.0x), Avg.  1.30 ms, Total. 1.298 ms (0.0%)
[Performance] Selection.selectionChanged: UnityEditorInternal.EditMode.OnSelectionChange                                                         :        1 samples, Peak.   712 us (1.0x), Avg.   712 us, Total. 712.5 us (0.0%)
[Performance] EditorSceneManager.sceneClosing: UnityEditor.SceneVisibilityManager.EditorSceneManagerOnSceneClosing                               :        5 samples, Peak.   603 us (2.7x), Avg.   227 us, Total. 1.136 ms (0.0%)
[Performance] EditorSceneManager.sceneClosed: callback in UnityEditor.Search.SearchMonitor                                                       :        4 samples, Peak.   350 us (2.6x), Avg.   135 us, Total. 539.5 us (0.0%)
[Performance] EditorSceneManager.activeSceneChangedInEditMode: callback in UnityEditor.Search.SearchMonitor                                      :        4 samples, Peak.  51.8 us (2.5x), Avg.  20.8 us, Total. 83.17 us (0.0%)
[Performance] GUIView.RepaintAll.PlayerLoopController                                                                                            :      243 samples, Peak.   413 ms (103.4x), Avg.  3.99 ms, Total. 969.8 ms (2.8%)
[Performance] EditorSceneManager.newSceneCreated: UnityEditor.SceneTemplate.SceneTemplateService.OnNewSceneCreated                               :        2 samples, Peak.   226 us (2.0x), Avg.   114 us, Total. 227.9 us (0.0%)
[Performance] EditorSceneManager.newSceneCreated: UnityEditor.SceneVisibilityManager.EditorSceneManagerOnNewSceneCreated                         :        2 samples, Peak.   133 us (1.9x), Avg.  71.6 us, Total. 143.3 us (0.0%)
[Performance] EditorSceneManager.newSceneCreated: UnityEditor.SceneManagement.StageNavigationManager.OnNewSceneCreated                           :        2 samples, Peak.  54.9 us (2.0x), Avg.  28.0 us, Total. 56.00 us (0.0%)
[Performance] Application.InvokeFinishedLoadingProject                                                                                           :        1 samples, Peak.  9.07 ms (1.0x), Avg.  9.07 ms, Total. 9.066 ms (0.0%)
[Performance] ProcessService.OnProjectLoaded                                                                                                     :        1 samples, Peak.  64.8 us (1.0x), Avg.  64.8 us, Total. 64.79 us (0.0%)
[Performance] VersionControl.Task.Wait                                                                                                           :        1 samples, Peak.  45.9 us (1.0x), Avg.  45.9 us, Total. 45.87 us (0.0%)
[Performance] AssetDatabase.Refresh                                                                                                              :        1 samples, Peak.   568 ms (1.0x), Avg.   568 ms, Total. 567.9 ms (1.7%)
[Performance] AssetDatabase.ImportAsset                                                                                                          :        4 samples, Peak.   390 ms (3.2x), Avg.   123 ms, Total. 490.8 ms (1.4%)
[Performance] PresetManagerPostProcessor.OnPreprocessAsset                                                                                       :        6 samples, Peak.   696 us (5.5x), Avg.   127 us, Total. 759.2 us (0.0%)
[Performance] CancelSplashScreenOnAssetChange.OnPreprocessAsset                                                                                  :        6 samples, Peak.   656 us (4.6x), Avg.   144 us, Total. 861.4 us (0.0%)
[Performance] SceneDataContainer.TransformHierarchyChangedSetParentCallback                                                                      :       90 samples, Peak.  29.3 us (32.1x), Avg.   915 ns, Total. 82.33 us (0.0%)
[Performance] SceneVisibilityState.IsFlagSetInParents                                                                                            :      147 samples, Peak.  8.83 us (29.8x), Avg.   296 ns, Total. 43.51 us (0.0%)
[Performance] AssetDatabase.ImportAssets                                                                                                         :        9 samples, Peak.  65.3 ms (9.0x), Avg.  7.26 ms, Total. 65.30 ms (0.2%)
[Performance] BuilderAssetPostprocessor.OnPostprocessAllAssets                                                                                   :       10 samples, Peak.  3.57 ms (4.7x), Avg.   754 us, Total. 7.536 ms (0.0%)
[Performance] ArtifactBrowserPostProcessor.OnPostprocessAllAssets                                                                                :       10 samples, Peak.   726 us (4.9x), Avg.   147 us, Total. 1.475 ms (0.0%)
[Performance] AssetEvents.OnPostprocessAllAssets                                                                                                 :       20 samples, Peak.   733 us (7.0x), Avg.   105 us, Total. 2.098 ms (0.0%)
[Performance] AudioMixerPostprocessor.OnPostprocessAllAssets                                                                                     :       10 samples, Peak.  2.18 ms (5.0x), Avg.   437 us, Total. 4.374 ms (0.0%)
[Performance] StyleCatalogPostProcessor.OnPostprocessAllAssets                                                                                   :       10 samples, Peak.  28.7 ms (4.9x), Avg.  5.80 ms, Total. 58.03 ms (0.2%)
[Performance] BuildCatalog                                                                                                                       :        2 samples, Peak.  26.7 ms (1.1x), Avg.  23.9 ms, Total. 47.89 ms (0.1%)
[Performance] ModelImporterPostProcessor.OnPostprocessAllAssets                                                                                  :       10 samples, Peak.  2.95 ms (3.3x), Avg.   904 us, Total. 9.036 ms (0.0%)
[Performance] RetainedModeAssetPostprocessor.OnPostprocessAllAssets                                                                              :       10 samples, Peak.  2.89 ms (4.8x), Avg.   602 us, Total. 6.018 ms (0.0%)
[Performance] AssetChangedListener.OnPostprocessAllAssets                                                                                        :       10 samples, Peak.  7.86 ms (4.5x), Avg.  1.74 ms, Total. 17.41 ms (0.1%)
[Performance] SpeedTreePostProcessor.OnPostprocessAllAssets                                                                                      :       10 samples, Peak.   518 us (4.5x), Avg.   115 us, Total. 1.151 ms (0.0%)
[Performance] TextAssetPostProcessor.OnPostprocessAllAssets                                                                                      :       10 samples, Peak.   412 us (4.7x), Avg.  87.3 us, Total. 873.1 us (0.0%)
[Performance] BuilderAssetModificationProcessor.OnWillSaveAssets                                                                                 :        2 samples, Peak.  2.81 ms (1.7x), Avg.  1.63 ms, Total. 3.267 ms (0.0%)
[Performance] TerrainModificationProcessor.OnWillSaveAssets                                                                                      :        2 samples, Peak.  1.89 ms (1.5x), Avg.  1.23 ms, Total. 2.458 ms (0.0%)
[Performance] EditorSceneManager.sceneSaving: UnityEditor.SceneTemplate.SceneTemplateService.OnSceneSaving                                       :        1 samples, Peak.   243 us (1.0x), Avg.   243 us, Total. 243.5 us (0.0%)
[Performance] EditorSceneManager.sceneSaving: UnityEditor.SceneVisibilityManager.EditorSceneManagerOnSceneSaving                                 :        1 samples, Peak.   121 us (1.0x), Avg.   121 us, Total. 121.0 us (0.0%)
[Performance] BuilderAssetModificationProcessor.OnWillCreateAsset                                                                                :        1 samples, Peak.   208 us (1.0x), Avg.   208 us, Total. 207.8 us (0.0%)
[Performance] ShaderImporter.SourceAssetModified                                                                                                 :        1 samples, Peak.   875 ns (1.0x), Avg.   875 ns, Total. 875.0 ns (0.0%)
[Performance] ShaderIncludeImporter.SourceAssetModified                                                                                          :        1 samples, Peak.   458 ns (1.0x), Avg.   458 ns, Total. 458.0 ns (0.0%)
[Performance] EditorSceneManager.sceneSaved: UnityEditor.SceneTemplate.SceneTemplateService.OnSceneSaved                                         :        1 samples, Peak.  61.0 ms (1.0x), Avg.  61.0 ms, Total. 61.03 ms (0.2%)
[Performance] EditorSceneManager.sceneSaved: UnityEditor.SceneVisibilityManager.EditorSceneManagerOnSceneSaved                                   :        1 samples, Peak.   114 us (1.0x), Avg.   114 us, Total. 114.4 us (0.0%)
[Performance] EditorSceneManager.sceneOpening: UnityEditor.SceneVisibilityManager.EditorSceneManagerOnSceneOpening                               :        1 samples, Peak.   123 us (1.0x), Avg.   123 us, Total. 123.1 us (0.0%)
[Performance] Inspector.InitOrRebuild                                                                                                            :        3 samples, Peak.  1.26 ms (1.5x), Avg.   861 us, Total. 2.584 ms (0.0%)
[Performance] EditorSceneManager.sceneOpened: callback in UnityEditor.Search.SearchMonitor                                                       :        1 samples, Peak.  42.6 us (1.0x), Avg.  42.6 us, Total. 42.62 us (0.0%)
[Performance] EditorSceneManager.sceneOpened: UnityEditor.SceneTemplate.SceneTemplateService.OnSceneOpened                                       :        1 samples, Peak.   177 us (1.0x), Avg.   177 us, Total. 176.9 us (0.0%)
[Performance] EditorSceneManager.sceneOpened: UnityEditor.SceneVisibilityManager.EditorSceneManagerOnSceneOpened                                 :        1 samples, Peak.   107 us (1.0x), Avg.   107 us, Total. 107.2 us (0.0%)
[Performance] EditorSceneManager.sceneOpened: UnityEditor.SceneManagement.StageNavigationManager.OnSceneOpened                                   :        1 samples, Peak.  35.5 us (1.0x), Avg.  35.5 us, Total. 35.50 us (0.0%)
[Performance] Menu.Game                                                                                                                          :        1 samples, Peak.   753 ms (1.0x), Avg.   753 ms, Total. 753.0 ms (2.2%)
[Performance] MenuItem.Game                                                                                                                      :        1 samples, Peak.   753 ms (1.0x), Avg.   753 ms, Total. 752.6 ms (2.2%)
[Performance] EditorResources.Load                                                                                                               :      221 samples, Peak.  39.5 ms (99.5x), Avg.   397 us, Total. 87.67 ms (0.3%)
[Performance] EditorApplication.playModeStateChanged                                                                                             :        2 samples, Peak.  6.57 ms (1.4x), Avg.  4.63 ms, Total. 9.266 ms (0.0%)
[Performance] EditorApplication.playModeStateChanged: UnityEditor.PackageManager.UI.Internal.PlayModeDownload.PlayModeStateChanged               :        4 samples, Peak.   513 us (2.1x), Avg.   243 us, Total. 971.2 us (0.0%)
[Performance] EditorApplication.playModeStateChanged: UnityEditor.SceneManagement.EditorSceneManager.PlayModeStateChangedCallback                :        4 samples, Peak.  36.7 us (2.0x), Avg.  18.2 us, Total. 72.79 us (0.0%)
[Performance] EditorApplication.playModeStateChanged: UnityEditor.Search.SearchMonitor.OnPlayModeChanged                                         :        3 samples, Peak.   879 us (2.4x), Avg.   367 us, Total. 1.100 ms (0.0%)
[Performance] EditorApplication.playModeStateChanged: Unity.Burst.Editor.BurstLoader.EditorApplicationOnPlayModeStateChanged                     :        4 samples, Peak.   730 us (3.1x), Avg.   239 us, Total. 956.2 us (0.0%)
[Performance] EditorApplication.playModeStateChanged: UnityEditor.TestTools.TestRunner.PlaymodeLauncher+BackgroundWatcher.OnPlayModeStateChanged :        4 samples, Peak.   972 us (1.9x), Avg.   507 us, Total. 2.028 ms (0.0%)
[Performance] EditorApplication.playModeStateChanged: UnityEditor.PackageManager.UI.Internal.ApplicationProxy.PlayModeStateChanged               :        4 samples, Peak.   438 us (2.7x), Avg.   164 us, Total. 655.2 us (0.0%)
[Performance] EditorApplication.playModeStateChanged: UnityEditor.SceneVisibilityManager.EditorApplicationPlayModeStateChanged                   :        4 samples, Peak.  56.4 us (2.2x), Avg.  25.7 us, Total. 102.7 us (0.0%)
[Performance] EditorApplication.playModeStateChanged: UnityEditor.TestTools.TestRunner.TestRunnerWindow.OnPlayModeStateChanged                   :        4 samples, Peak.   160 us (2.2x), Avg.  72.9 us, Total. 291.6 us (0.0%)
[Performance] EditorApplication.playModeStateChanged: UnityEditor.GameView.OnPlayModeStateChanged                                                :        4 samples, Peak.  76.1 us (2.2x), Avg.  34.2 us, Total. 136.6 us (0.0%)
[Performance] EditorApplication.playModeStateChanged: UnityEditor.UIElements.DefaultEditorWindowBackend.PlayModeStateChangedCallback             :        4 samples, Peak.  3.13 ms (3.7x), Avg.   847 us, Total. 3.390 ms (0.0%)
[Performance] Application.InvokeProjectWasLoaded                                                                                                 :        1 samples, Peak.  25.2 us (1.0x), Avg.  25.2 us, Total. 25.17 us (0.0%)
[Performance] Application.Tick                                                                                                                   :      239 samples, Peak.  3.46 s (61.1x), Avg.  56.6 ms, Total. 13.52 s (39.6%)
[Performance] CheckLicensingClient                                                                                                               :        3 samples, Peak.   333 us (1.5x), Avg.   216 us, Total. 648.2 us (0.0%)
[Performance] CheckLicensingClientNotification                                                                                                   :        3 samples, Peak.   267 us (1.6x), Avg.   171 us, Total. 512.8 us (0.0%)
[Performance] Application.TickVersionControl                                                                                                     :      240 samples, Peak.   184 us (80.1x), Avg.  2.30 us, Total. 550.9 us (0.0%)
[Performance] MonoCompiler.Tick                                                                                                                  :       46 samples, Peak.  3.22 s (46.0x), Avg.  70.0 ms, Total. 3.221 s (9.4%)
[Performance] Application.EnterPlayMode                                                                                                          :        1 samples, Peak.  3.21 s (1.0x), Avg.  3.21 s, Total. 3.209 s (9.4%)
[Performance] Application.Reload                                                                                                                 :        1 samples, Peak.  1.63 s (1.0x), Avg.  1.63 s, Total. 1.633 s (4.8%)
[Performance] AssemblyReloadEvents.beforeAssemblyReload: UnityEditor.Search.SearchMonitor.OnBeforeAssemblyReload                                 :        1 samples, Peak.  17.0 ms (1.0x), Avg.  17.0 ms, Total. 16.98 ms (0.0%)
[Performance] UnityBuildPostprocessor.OnProcessScene                                                                                             :        1 samples, Peak.  1.70 ms (1.0x), Avg.  1.70 ms, Total. 1.704 ms (0.0%)
[Performance] GameView.Repaint                                                                                                                   :      242 samples, Peak.   405 ms (109.4x), Avg.  3.70 ms, Total. 896.1 ms (2.6%)
[Performance] RefreshSkin                                                                                                                        :        1 samples, Peak.   131 ms (1.0x), Avg.   131 ms, Total. 131.1 ms (0.4%)
[Performance] UnityConnect.Tick                                                                                                                  :        2 samples, Peak.  7.89 ms (1.4x), Avg.  5.48 ms, Total. 10.95 ms (0.0%)
[Performance] Collab.Tick                                                                                                                        :        2 samples, Peak.  2.84 ms (2.0x), Avg.  1.43 ms, Total. 2.867 ms (0.0%)
[Performance] CurlRequest.Tick                                                                                                                   :       85 samples, Peak.   817 us (79.3x), Avg.  10.3 us, Total. 875.7 us (0.0%)
[Performance] WebSocketClient.Tick                                                                                                               :       85 samples, Peak.   388 us (72.4x), Avg.  5.35 us, Total. 455.0 us (0.0%)
[Performance] AssetDatabase.Tick                                                                                                                 :       85 samples, Peak.  86.5 us (67.6x), Avg.  1.28 us, Total. 108.8 us (0.0%)
[Performance] SceneBackgroundTask.Tick                                                                                                           :       58 samples, Peak.   459 ns (3.6x), Avg.   126 ns, Total. 7.300 us (0.0%)
[Performance] Scheduler.Tick                                                                                                                     :      240 samples, Peak.  6.64 ms (137.3x), Avg.  48.3 us, Total. 11.60 ms (0.0%)
[Performance] RepaintAllProfilerWindows                                                                                                          :       21 samples, Peak.   236 us (15.3x), Avg.  15.5 us, Total. 324.8 us (0.0%)
[Performance] PlayerUpdates.Tick                                                                                                                 :      133 samples, Peak.  35.0 us (2.5x), Avg.  14.0 us, Total. 1.859 ms (0.0%)
[Performance] Application.TickGlobalCallbacks                                                                                                    :      240 samples, Peak.   127 ms (196.5x), Avg.   645 us, Total. 154.9 ms (0.5%)
[Performance] EditorAnalytics.Tick                                                                                                               :       37 samples, Peak.   760 us (28.8x), Avg.  26.4 us, Total. 977.7 us (0.0%)
[Performance] Video.Update                                                                                                                       :      240 samples, Peak.  2.46 us (5.8x), Avg.   425 ns, Total. 102.0 us (0.0%)
[Performance] Application.TickProgress                                                                                                           :      240 samples, Peak.  2.87 ms (206.2x), Avg.  13.9 us, Total. 3.345 ms (0.0%)
[Performance] Application.TickSceneTracker                                                                                                       :      240 samples, Peak.  6.58 ms (125.2x), Avg.  52.5 us, Total. 12.61 ms (0.0%)
[Performance] EditorApplication.update                                                                                                           :      240 samples, Peak.  6.52 ms (133.9x), Avg.  48.7 us, Total. 11.69 ms (0.0%)
[Performance] EditorApplication.update: UnityEditor.PackageManager.UI.Internal.ApplicationProxy.OnUpdate                                         :      240 samples, Peak.   625 us (39.2x), Avg.  15.9 us, Total. 3.826 ms (0.0%)
[Performance] EditorApplication.update: UnityEditor.SceneManagement.StageNavigationManager.Update                                                :      240 samples, Peak.   913 us (160.5x), Avg.  5.69 us, Total. 1.366 ms (0.0%)
[Performance] EditorApplication.update: UnityEditor.GameView.RepaintIfNeeded                                                                     :      240 samples, Peak.   167 us (68.0x), Avg.  2.45 us, Total. 589.0 us (0.0%)
[Performance] EditorApplication.update: GLTFast.OnScriptsReloadHandler.Progress                                                                  :        1 samples, Peak.  3.76 ms (1.0x), Avg.  3.76 ms, Total. 3.758 ms (0.0%)
[Performance] Package.AsyncRequest                                                                                                               :        1 samples, Peak.   230 us (1.0x), Avg.   230 us, Total. 230.4 us (0.0%)
[Performance] ConsoleLog.Tick                                                                                                                    :       46 samples, Peak.  1.31 ms (35.1x), Avg.  37.3 us, Total. 1.716 ms (0.0%)
[Performance] HierarchyWindow.Tick                                                                                                               :       58 samples, Peak.   785 us (36.3x), Avg.  21.6 us, Total. 1.253 ms (0.0%)
[Performance] EditorApplication.hierarchyChanged: Unity.UIElements.Editor.UIDocumentHierarchyWatcher.OnHierarchyChanged                          :        2 samples, Peak.   153 us (1.2x), Avg.   132 us, Total. 264.0 us (0.0%)
[Performance] Inspector.Tick                                                                                                                     :       57 samples, Peak.  27.5 ms (54.7x), Avg.   503 us, Total. 28.69 ms (0.1%)
[Performance] EditorApplication.delayCall: UnityEditor.ShortcutManagement.ShortcutIntegration.EnsureShortcutsAreInitialized                      :        1 samples, Peak.  26.1 ms (1.0x), Avg.  26.1 ms, Total. 26.07 ms (0.1%)
[Performance] EditorApplication.delayCall: callback in UnityEditor.SceneVisibilityManager                                                        :        1 samples, Peak.  1.05 ms (1.0x), Avg.  1.05 ms, Total. 1.045 ms (0.0%)
[Performance] EditorApplication.delayCall: callback in UnityEditor.EditorTools.ToolShortcutContext                                               :        1 samples, Peak.   115 us (1.0x), Avg.   115 us, Total. 114.8 us (0.0%)
[Performance] EditorApplication.delayCall: callback in UnityEditor.EditorWindow                                                                  :        1 samples, Peak.  28.4 us (1.0x), Avg.  28.4 us, Total. 28.37 us (0.0%)
[Performance] Tooltip.Tick                                                                                                                       :      132 samples, Peak.  11.5 us (28.0x), Avg.   411 ns, Total. 54.25 us (0.0%)
[Performance] Application.RequestRepaintForPanels                                                                                                :      239 samples, Peak.   529 us (135.2x), Avg.  3.91 us, Total. 935.3 us (0.0%)
[Performance] Application.UpdateScene                                                                                                            :      239 samples, Peak.  92.4 ms (2.3x), Avg.  40.0 ms, Total. 9.568 s (28.1%)
[Performance] PackageImporter.Tick                                                                                                               :       45 samples, Peak.  2.92 us (9.2x), Avg.   316 ns, Total. 14.21 us (0.0%)
[Performance] InspectorBackground.Tick                                                                                                           :       58 samples, Peak.  5.17 us (15.7x), Avg.   328 ns, Total. 19.04 us (0.0%)
[Performance] BurstDebug.Tick                                                                                                                    :       19 samples, Peak.  11.5 us (3.8x), Avg.  3.00 us, Total. 56.92 us (0.0%)
[Performance] Application.ChangeLayoutIfNeeded                                                                                                   :      239 samples, Peak.  2.54 us (40.3x), Avg.  63.1 ns, Total. 15.08 us (0.0%)
[Performance] AsyncReadManager.ForceCloseFiles                                                                                                   :       11 samples, Peak.   204 us (10.0x), Avg.  20.4 us, Total. 224.4 us (0.0%)
[Performance] Application.Message                                                                                                                :      239 samples, Peak.  7.21 us (5.6x), Avg.  1.28 us, Total. 305.8 us (0.0%)
[Performance] Application.ExitPlayMode                                                                                                           :        1 samples, Peak.   469 ms (1.0x), Avg.   469 ms, Total. 469.0 ms (1.4%)
[Performance] CoreBusinessMetrics.Tick                                                                                                           :        1 samples, Peak.  7.29 ms (1.0x), Avg.  7.29 ms, Total. 7.289 ms (0.0%)
[Performance] GI.Tick                                                                                                                            :        1 samples, Peak.  10.0 ms (1.0x), Avg.  10.0 ms, Total. 10.03 ms (0.0%)
[Performance] UnitySynchronization.ExecuteTasks                                                                                                  :        1 samples, Peak.  3.92 us (1.0x), Avg.  3.92 us, Total. 3.917 us (0.0%)
[Performance] Application.TickPreloadManager                                                                                                     :        1 samples, Peak.  9.71 us (1.0x), Avg.  9.71 us, Total. 9.708 us (0.0%)
[Performance] Application.Shutdown.CollabTerminate                                                                                               :        1 samples, Peak.  16.8 us (1.0x), Avg.  16.8 us, Total. 16.79 us (0.0%)
[Performance] Application.Shutdown.CollabCleanup                                                                                                 :        1 samples, Peak.  13.1 ms (1.0x), Avg.  13.1 ms, Total. 13.08 ms (0.0%)
[Performance] Application.Shutdown.SaveDefaultWindowPreferences                                                                                  :        1 samples, Peak.   220 us (1.0x), Avg.   220 us, Total. 220.0 us (0.0%)
[Performance] Application.Shutdown.SaveSceneManagerSetup                                                                                         :        1 samples, Peak.  1.97 ms (1.0x), Avg.  1.97 ms, Total. 1.968 ms (0.0%)
[Performance] Application.Shutdown.CleanupAllContainerWindows                                                                                    :        1 samples, Peak.   273 ms (1.0x), Avg.   273 ms, Total. 272.8 ms (0.8%)
[Performance] EditorApplication.quitting: Unity.Burst.Editor.BurstLoader.OnEditorApplicationQuitting                                             :        1 samples, Peak.  50.3 us (1.0x), Avg.  50.3 us, Total. 50.29 us (0.0%)
[Performance] EditorApplication.quitting: callback in UnityEditor.TextCore.Text.EditorEventCallbacks                                             :        1 samples, Peak.   438 ms (1.0x), Avg.   438 ms, Total. 438.2 ms (1.3%)
[Performance] EditorApplication.quitting: UnityEditor.Search.SearchMonitor.OnQuitting                                                            :        1 samples, Peak.  1.18 ms (1.0x), Avg.  1.18 ms, Total. 1.183 ms (0.0%)
[Performance] Application.Shutdown.PauseProfilerSession                                                                                          :        1 samples, Peak.  40.0 us (1.0x), Avg.  40.0 us, Total. 40.00 us (0.0%)
[Performance] Application.Shutdown.PauseAssetImportWorkers                                                                                       :        1 samples, Peak.  9.66 ms (1.0x), Avg.  9.66 ms, Total. 9.665 ms (0.0%)
[Performance] Application.Shutdown.SaveAssets                                                                                                    :        1 samples, Peak.  26.4 ms (1.0x), Avg.  26.4 ms, Total. 26.37 ms (0.1%)
[Performance] Application.Shutdown.CleanupRenderPipeline                                                                                         :        1 samples, Peak.  8.29 us (1.0x), Avg.  8.29 us, Total. 8.291 us (0.0%)
[Performance] Application.Shutdown.StopPreloadManager                                                                                            :        1 samples, Peak.  11.0 ms (1.0x), Avg.  11.0 ms, Total. 11.05 ms (0.0%)
[Performance] Application.Shutdown.DestroyWorld                                                                                                  :        1 samples, Peak.  3.53 ms (1.0x), Avg.  3.53 ms, Total. 3.532 ms (0.0%)
[Performance] Application.Shutdown.CleanupAfterLoad                                                                                              :        1 samples, Peak.   220 ms (1.0x), Avg.   220 ms, Total. 219.8 ms (0.6%)
[Performance] Application.Shutdown.Progress                                                                                                      :        1 samples, Peak.  40.5 us (1.0x), Avg.  40.5 us, Total. 40.46 us (0.0%)
[Performance] Application.Shutdown.GICleanupManagers                                                                                             :        1 samples, Peak.  33.5 ms (1.0x), Avg.  33.5 ms, Total. 33.54 ms (0.1%)
[Performance] Application.Shutdown.MenuCleanupClass                                                                                              :        1 samples, Peak.   328 us (1.0x), Avg.   328 us, Total. 328.3 us (0.0%)
[Performance] Application.Shutdown.ADBSaveStateBeforeShutdown                                                                                    :        1 samples, Peak.  22.2 us (1.0x), Avg.  22.2 us, Total. 22.17 us (0.0%)
[Performance] Application.Shutdown.RemoteShutdown                                                                                                :        1 samples, Peak.   875 ns (1.0x), Avg.   875 ns, Total. 875.0 ns (0.0%)
[Performance] Application.Shutdown.CleanupVCProvider                                                                                             :        1 samples, Peak.  1.16 ms (1.0x), Avg.  1.16 ms, Total. 1.163 ms (0.0%)
[Performance] Application.Shutdown.InputShutdown                                                                                                 :        1 samples, Peak.  3.00 ms (1.0x), Avg.  3.00 ms, Total. 3.004 ms (0.0%)
[Performance] Application.Shutdown.GizmoManagerDestroy                                                                                           :        1 samples, Peak.   545 us (1.0x), Avg.   545 us, Total. 544.6 us (0.0%)
[Performance] Application.Shutdown.ProfilerSession                                                                                               :        1 samples, Peak.  4.41 ms (1.0x), Avg.  4.41 ms, Total. 4.406 ms (0.0%)
[Performance] Application.Shutdown.ReleaseGfxWindowOnAllGUIViews                                                                                 :        1 samples, Peak.   667 ns (1.0x), Avg.   667 ns, Total. 667.0 ns (0.0%)
[Performance] Application.Shutdown.CleanupEngine                                                                                                 :        1 samples, Peak.   664 ms (1.0x), Avg.   664 ms, Total. 664.2 ms (1.9%)
[Performance] Application.Shutdown.CleanupAssetDatabase                                                                                          :        1 samples, Peak.  32.9 ms (1.0x), Avg.  32.9 ms, Total. 32.86 ms (0.1%)
[Performance] Application.Shutdown.ScriptCompilationCleanUp                                                                                      :        1 samples, Peak.   489 us (1.0x), Avg.   489 us, Total. 488.8 us (0.0%)
[Performance] Application.Shutdown.DestroyJobSystem                                                                                              :        1 samples, Peak.  68.8 us (1.0x), Avg.  68.8 us, Total. 68.79 us (0.0%)
[Performance] Application.Shutdown.CleanupPersistentManager                                                                                      :        1 samples, Peak.  1.25 ms (1.0x), Avg.  1.25 ms, Total. 1.255 ms (0.0%)
[Performance] Application.Shutdown.CleanupAsyncReadManager                                                                                       :        1 samples, Peak.  60.8 us (1.0x), Avg.  60.8 us, Total. 60.79 us (0.0%)
[Performance] Application.Shutdown.CleanupMono                                                                                                   :        1 samples, Peak.   210 ms (1.0x), Avg.   210 ms, Total. 209.9 ms (0.6%)
[Performance] Application.Shutdown.CleanupStdConverters                                                                                          :        1 samples, Peak.  5.92 us (1.0x), Avg.  5.92 us, Total. 5.917 us (0.0%)
[Performance] Application.Shutdown.UnloadAllPlatformSupportModuleNativeDlls                                                                      :        1 samples, Peak.  17.8 us (1.0x), Avg.  17.8 us, Total. 17.83 us (0.0%)
[Performance] Application.Shutdown.UnloadAllPlatformSupportNativeLibraries                                                                       :        1 samples, Peak.   334 ns (1.0x), Avg.   334 ns, Total. 334.0 ns (0.0%)
[Performance] Application.Shutdown.CleanupAutoDocumentation                                                                                      :        1 samples, Peak.  2.75 ms (1.0x), Avg.  2.75 ms, Total. 2.746 ms (0.0%)
[Performance] Application.Shutdown.ShaderNameManagerDestroy                                                                                      :        1 samples, Peak.   461 us (1.0x), Avg.   461 us, Total. 460.6 us (0.0%)
[Performance] Application.Shutdown.CleanupCacheServer                                                                                            :        1 samples, Peak.   167 ns (1.0x), Avg.   167 ns, Total. 167.0 ns (0.0%)
[Performance] Application.Shutdown.Virtualization_Shutdown                                                                                       :        1 samples, Peak.  2.77 ms (1.0x), Avg.  2.77 ms, Total. 2.774 ms (0.0%)
[Performance] Application.Shutdown.DevConnections                                                                                                :        1 samples, Peak.  86.5 us (1.0x), Avg.  86.5 us, Total. 86.50 us (0.0%)
[40m[32minfo[39m[22m[49m: Unity.ILPP.Runner.PostProcessingAssemblyLoadContext[0]
      ALC ILPP context 1 is unloading
[Package Manager] Server::Kill -- Server was shutdown
Checking for leaked weakptr:
  Found no leaked weakptrs.
Memory Statistics:
[ALLOC_TEMP_TLS] TLS Allocator
  StackAllocators : 
    [ALLOC_TEMP_CurlRequest]
      Initial Block Size 64.0 KB
      Current Block Size 64.0 KB
      Peak Allocated Bytes 0 B
      Overflow Count 0
    [ALLOC_TEMP_MAIN]
      Peak usage frame count: [2.0 MB-4.0 MB]: 238 frames, [8.0 MB-16.0 MB]: 1 frames
      Initial Block Size 16.0 MB
      Current Block Size 16.0 MB
      Peak Allocated Bytes 9.4 MB
      Overflow Count 0
    [ALLOC_TEMP_Background Job.worker 6]
      Initial Block Size 32.0 KB
      Current Block Size 32.0 KB
      Peak Allocated Bytes 0 B
      Overflow Count 0
    [ALLOC_TEMP_Background Job.worker 15]
      Initial Block Size 32.0 KB
      Current Block Size 32.0 KB
      Peak Allocated Bytes 0 B
      Overflow Count 0
    [ALLOC_TEMP_BakingJobs.worker 0]
      Initial Block Size 256.0 KB
      Current Block Size 256.0 KB
      Peak Allocated Bytes 0 B
      Overflow Count 0
    [ALLOC_TEMP_AssetDatabase.FileHasherReader] x 4
      Initial Block Size 64.0 KB
      Current Block Size 64.0 KB
      Peak Allocated Bytes 31 B
      Overflow Count 0
    [ALLOC_TEMP_BakingJobs.worker 1]
      Initial Block Size 256.0 KB
      Current Block Size 256.0 KB
      Peak Allocated Bytes 301 B
      Overflow Count 0
    [ALLOC_TEMP_BatchDeleteObjects]
      Initial Block Size 64.0 KB
      Current Block Size 64.0 KB
      Peak Allocated Bytes 0 B
      Overflow Count 0
    [ALLOC_TEMP_CoreBusinessMetricsCache]
      Initial Block Size 64.0 KB
      Current Block Size 64.0 KB
      Peak Allocated Bytes 7.9 KB
      Overflow Count 0
    [ALLOC_TEMP_REST Message Handler]
      Initial Block Size 64.0 KB
      Current Block Size 64.0 KB
      Peak Allocated Bytes 0 B
      Overflow Count 0
    [ALLOC_TEMP_Job.worker 4]
      Initial Block Size 256.0 KB
      Current Block Size 1.0 MB
      Peak Allocated Bytes 1.0 MB
      Overflow Count 0
    [ALLOC_TEMP_Background Job.worker 1]
      Initial Block Size 32.0 KB
      Current Block Size 64.0 KB
      Peak Allocated Bytes 31.3 KB
      Overflow Count 0
    [ALLOC_TEMP_AssetDatabase.IOService]
      Initial Block Size 64.0 KB
      Current Block Size 64.0 KB
      Peak Allocated Bytes 0 B
      Overflow Count 0
    [ALLOC_TEMP_Loading.PreloadManager] x 3
      Initial Block Size 32.0 MB
      Current Block Size 32.0 MB
      Peak Allocated Bytes 2.0 MB
      Overflow Count 0
    [ALLOC_TEMP_Background Job.worker 4]
      Initial Block Size 32.0 KB
      Current Block Size 32.0 KB
      Peak Allocated Bytes 0 B
      Overflow Count 0
    [ALLOC_TEMP_Background Job.worker 7]
      Initial Block Size 32.0 KB
      Current Block Size 32.0 KB
      Peak Allocated Bytes 0 B
      Overflow Count 0
    [ALLOC_TEMP_CloudJob.worker 0]
      Initial Block Size 32.0 KB
      Current Block Size 32.0 KB
      Peak Allocated Bytes 5.0 KB
      Overflow Count 0
    [ALLOC_TEMP_Background Job.worker 10]
      Initial Block Size 32.0 KB
      Current Block Size 32.0 KB
      Peak Allocated Bytes 0 B
      Overflow Count 0
    [ALLOC_TEMP_Background Job.worker 12]
      Initial Block Size 32.0 KB
      Current Block Size 32.0 KB
      Peak Allocated Bytes 0 B
      Overflow Count 0
    [ALLOC_TEMP_Background Job.worker 13]
      Initial Block Size 32.0 KB
      Current Block Size 32.0 KB
      Peak Allocated Bytes 0 B
      Overflow Count 0
    [ALLOC_TEMP_CurlRequest]
      Initial Block Size 64.0 KB
      Current Block Size 64.0 KB
      Peak Allocated Bytes 0 B
      Overflow Count 0
    [ALLOC_TEMP_BakingJobs.worker 4]
      Initial Block Size 256.0 KB
      Current Block Size 256.0 KB
      Peak Allocated Bytes 0 B
      Overflow Count 0
    [ALLOC_TEMP_Profiler.Dispatcher]
      Initial Block Size 64.0 KB
      Current Block Size 64.0 KB
      Peak Allocated Bytes 0 B
      Overflow Count 0
    [ALLOC_TEMP_Background Job.worker 14]
      Initial Block Size 32.0 KB
      Current Block Size 32.0 KB
      Peak Allocated Bytes 0 B
      Overflow Count 0
    [ALLOC_TEMP_ReadCacheIndex] x 3
      Initial Block Size 64.0 KB
      Current Block Size 64.0 KB
      Peak Allocated Bytes 1.0 KB
      Overflow Count 0
    [ALLOC_TEMP_Background Job.worker 9]
      Initial Block Size 32.0 KB
      Current Block Size 32.0 KB
      Peak Allocated Bytes 0 B
      Overflow Count 0
    [ALLOC_TEMP_EnlightenWorker] x 4
      Initial Block Size 64.0 KB
      Current Block Size 64.0 KB
      Peak Allocated Bytes 0 B
      Overflow Count 0
    [ALLOC_TEMP_Job.worker 3]
      Initial Block Size 256.0 KB
      Current Block Size 1.0 MB
      Peak Allocated Bytes 1.0 MB
      Overflow Count 0
    [ALLOC_TEMP_Job.worker 2]
      Initial Block Size 256.0 KB
      Current Block Size 256.0 KB
      Peak Allocated Bytes 12.9 KB
      Overflow Count 1
    [ALLOC_TEMP_Loading.AsyncRead]
      Initial Block Size 64.0 KB
      Current Block Size 64.0 KB
      Peak Allocated Bytes 128 B
      Overflow Count 0
    [ALLOC_TEMP_Background Job.worker 3]
      Initial Block Size 32.0 KB
      Current Block Size 32.0 KB
      Peak Allocated Bytes 0 B
      Overflow Count 0
    [ALLOC_TEMP_Background Job.worker 2]
      Initial Block Size 32.0 KB
      Current Block Size 32.0 KB
      Peak Allocated Bytes 103 B
      Overflow Count 0
    [ALLOC_TEMP_Background Job.worker 8]
      Initial Block Size 32.0 KB
      Current Block Size 32.0 KB
      Peak Allocated Bytes 0 B
      Overflow Count 0
    [ALLOC_TEMP_OSX HID Input]
      Initial Block Size 64.0 KB
      Current Block Size 64.0 KB
      Peak Allocated Bytes 0 B
      Overflow Count 0
    [ALLOC_TEMP_BakingJobs.worker 6]
      Initial Block Size 256.0 KB
      Current Block Size 256.0 KB
      Peak Allocated Bytes 0 B
      Overflow Count 0
    [ALLOC_TEMP_BakingJobs.worker 7]
      Initial Block Size 256.0 KB
      Current Block Size 256.0 KB
      Peak Allocated Bytes 0 B
      Overflow Count 0
    [ALLOC_TEMP_Job.worker 6]
      Initial Block Size 256.0 KB
      Current Block Size 256.0 KB
      Peak Allocated Bytes 16.9 KB
      Overflow Count 1
    [ALLOC_TEMP_Background Job.worker 0]
      Initial Block Size 32.0 KB
      Current Block Size 32.0 KB
      Peak Allocated Bytes 0 B
      Overflow Count 0
    [ALLOC_TEMP_AUDIO_FMOD stream thread]
      Initial Block Size 64.0 KB
      Current Block Size 64.0 KB
      Peak Allocated Bytes 0 B
      Overflow Count 0
    [ALLOC_TEMP_AssetDatabase.FileHasherHasher] x 4
      Initial Block Size 64.0 KB
      Current Block Size 64.0 KB
      Peak Allocated Bytes 31 B
      Overflow Count 0
    [ALLOC_TEMP_BakingJobs.worker 3]
      Initial Block Size 256.0 KB
      Current Block Size 256.0 KB
      Peak Allocated Bytes 0 B
      Overflow Count 0
    [ALLOC_TEMP_Job.worker 1]
      Initial Block Size 256.0 KB
      Current Block Size 1.0 MB
      Peak Allocated Bytes 1.0 MB
      Overflow Count 0
    [ALLOC_TEMP_Background Job.worker 5]
      Initial Block Size 32.0 KB
      Current Block Size 32.0 KB
      Peak Allocated Bytes 0 B
      Overflow Count 0
    [ALLOC_TEMP_BakingJobs.worker 2]
      Initial Block Size 256.0 KB
      Current Block Size 256.0 KB
      Peak Allocated Bytes 0 B
      Overflow Count 0
    [ALLOC_TEMP_Background Job.worker 11]
      Initial Block Size 32.0 KB
      Current Block Size 32.0 KB
      Peak Allocated Bytes 0 B
      Overflow Count 0
    [ALLOC_TEMP_EditorTaskManager]
      Initial Block Size 64.0 KB
      Current Block Size 80.0 KB
      Peak Allocated Bytes 64.0 KB
      Overflow Count 0
    [ALLOC_TEMP_Job.worker 5]
      Initial Block Size 256.0 KB
      Current Block Size 256.0 KB
      Peak Allocated Bytes 8.4 KB
      Overflow Count 1
    [ALLOC_TEMP_HTTP REST Server]
      Initial Block Size 64.0 KB
      Current Block Size 64.0 KB
      Peak Allocated Bytes 70 B
      Overflow Count 0
    [ALLOC_TEMP_AssetGarbageCollectorHelper] x 7
      Initial Block Size 64.0 KB
      Current Block Size 64.0 KB
      Peak Allocated Bytes 0 B
      Overflow Count 0
    [ALLOC_TEMP_AUDIO_Audio Mixer Thread]
      Initial Block Size 64.0 KB
      Current Block Size 64.0 KB
      Peak Allocated Bytes 0 B
      Overflow Count 0
    [ALLOC_TEMP_BakingJobs.worker 5]
      Initial Block Size 256.0 KB
      Current Block Size 256.0 KB
      Peak Allocated Bytes 0 B
      Overflow Count 0
    [ALLOC_TEMP_Job.worker 0]
      Initial Block Size 256.0 KB
      Current Block Size 256.0 KB
      Peak Allocated Bytes 23.7 KB
      Overflow Count 0
[ALLOC_MEMORYPROFILER]
  Peak usage frame count: [64.0 KB-128.0 KB]: 238 frames, [128.0 KB-256.0 KB]: 1 frames
  Requested Block Size 1.0 MB
  Peak Block count 1
  Peak Allocated memory 168.0 KB
  Peak Large allocation bytes 0 B
[ALLOC_DEFAULT] Dual Thread Allocator
  Peak main deferred allocation count 363
    [ALLOC_BUCKET]
      Large Block size 32.0 MB
      Used Block count 1
      Peak Allocated bytes 5.3 MB
    [ALLOC_DEFAULT_MAIN]
      Peak usage frame count: [32.0 MB-64.0 MB]: 239 frames
      Requested Block Size 16.0 MB
      Peak Block count 4
      Peak Allocated memory 51.4 MB
      Peak Large allocation bytes 0 B
    [ALLOC_DEFAULT_THREAD]
      Peak usage frame count: [1.0 MB-2.0 MB]: 239 frames
      Requested Block Size 16.0 MB
      Peak Block count 1
      Peak Allocated memory 1.8 MB
      Peak Large allocation bytes 0 B
[ALLOC_TEMP_JOB_1_FRAME]
  Initial Block Size 2.0 MB
  Used Block Count 0
  Overflow Count (too large) 0
  Overflow Count (full) 0
[ALLOC_TEMP_JOB_2_FRAMES]
  Initial Block Size 2.0 MB
  Used Block Count 0
  Overflow Count (too large) 0
  Overflow Count (full) 0
[ALLOC_TEMP_JOB_4_FRAMES (JobTemp)]
  Initial Block Size 2.0 MB
  Used Block Count 1
  Overflow Count (too large) 0
  Overflow Count (full) 0
[ALLOC_TEMP_JOB_ASYNC (Background)]
  Initial Block Size 1.0 MB
  Used Block Count 1
  Overflow Count (too large) 0
  Overflow Count (full) 0
[ALLOC_GFX] Dual Thread Allocator
  Peak main deferred allocation count 5
    [ALLOC_BUCKET]
      Large Block size 32.0 MB
      Used Block count 1
      Peak Allocated bytes 5.3 MB
    [ALLOC_GFX_MAIN]
      Peak usage frame count: [8.0 MB-16.0 MB]: 239 frames
      Requested Block Size 16.0 MB
      Peak Block count 1
      Peak Allocated memory 12.3 MB
      Peak Large allocation bytes 0 B
    [ALLOC_GFX_THREAD]
      Peak usage frame count: [0.5 MB-1.0 MB]: 239 frames
      Requested Block Size 16.0 MB
      Peak Block count 1
      Peak Allocated memory 0.8 MB
      Peak Large allocation bytes 0 B
[ALLOC_CACHEOBJECTS] Dual Thread Allocator
  Peak main deferred allocation count 177
    [ALLOC_BUCKET]
      Large Block size 32.0 MB
      Used Block count 1
      Peak Allocated bytes 5.3 MB
    [ALLOC_CACHEOBJECTS_MAIN]
      Peak usage frame count: [16.0 MB-32.0 MB]: 239 frames
      Requested Block Size 4.0 MB
      Peak Block count 5
      Peak Allocated memory 20.4 MB
      Peak Large allocation bytes 10.7 MB
    [ALLOC_CACHEOBJECTS_THREAD]
      Peak usage frame count: [0.5 MB-1.0 MB]: 239 frames
      Requested Block Size 4.0 MB
      Peak Block count 1
      Peak Allocated memory 1.0 MB
      Peak Large allocation bytes 0 B
[ALLOC_TYPETREE] Dual Thread Allocator
  Peak main deferred allocation count 497
    [ALLOC_BUCKET]
      Large Block size 32.0 MB
      Used Block count 1
      Peak Allocated bytes 5.3 MB
    [ALLOC_TYPETREE_MAIN]
      Peak usage frame count: [1.0 MB-2.0 MB]: 238 frames, [2.0 MB-4.0 MB]: 1 frames
      Requested Block Size 2.0 MB
      Peak Block count 3
      Peak Allocated memory 3.9 MB
      Peak Large allocation bytes 0 B
    [ALLOC_TYPETREE_THREAD]
      Peak usage frame count: [128.0 KB-256.0 KB]: 239 frames
      Requested Block Size 2.0 MB
      Peak Block count 1
      Peak Allocated memory 233.3 KB
      Peak Large allocation bytes 0 B
[ALLOC_PROFILER]
  Peak usage frame count: [0.5 MB-1.0 MB]: 239 frames
  Requested Block Size 16.0 MB
  Peak Block count 1
  Peak Allocated memory 0.8 MB
  Peak Large allocation bytes 0 B
    [ALLOC_PROFILER_BUCKET]
      Large Block size 32.0 MB
      Used Block count 1
      Peak Allocated bytes 5.1 KB
[ALLOC_PROFILER_EDITOR]
  Peak usage frame count: [0-1.0 KB]: 239 frames
  Requested Block Size 1.0 MB
  Peak Block count 0
  Peak Allocated memory 0 B
  Peak Large allocation bytes 0 B
    [ALLOC_PROFILER_BUCKET]
      Large Block size 32.0 MB
      Used Block count 1
      Peak Allocated bytes 5.1 KB
##utp:{"type":"MemoryLeaks","version":2,"phase":"Immediate","time":1777990511555,"processId":13003,"allocatedMemory":14285206,"memoryLabels":[{"Default":11375},{"Permanent":15536},{"Thread":1083508},{"Manager":29775},{"VertexData":12},{"Geometry":280},{"Texture":168},{"Shader":67451},{"Material":24},{"GfxDevice":39376},{"GfxThread":480},{"Animation":304},{"Audio":3904},{"FontEngine":288},{"Physics":561},{"Serialization":612},{"Input":9024},{"JobScheduler":232},{"Mono":40},{"ScriptingNativeRuntime":7924888},{"BaseObject":1618916},{"Resource":912},{"Renderer":2272},{"Transform":24},{"File":3661},{"WebCam":40},{"Culling":40},{"Terrain":1025},{"Wind":24},{"String":20171},{"DynamicArray":122540},{"HashMap":79147},{"Utility":289286},{"Curl":2047},{"PoolAlloc":1464},{"AI":40},{"TypeTree":4533},{"ScriptManager":528},{"RuntimeInitializeOnLoadManager":72},{"SpriteAtlas":112},{"GI":3656},{"Director":7880},{"CloudService":3224},{"WebRequest":816},{"VR":45641},{"SceneManager":616},{"Video":2120},{"LazyScriptCache":32},{"NativeArray":12},{"Camera":25},{"Secure":9817},{"SerializationCache":1576},{"APIUpdating":11856},{"Subsystems":384},{"VirtualTexturing":57512},{"StaticSafetyDebugInfo":327680},{"Baselib":16},{"EditorGui":88},{"EditorUtility":28650},{"VersionControl":4},{"Undo":720},{"AssetDatabase":2400673},{"RestService":1310},{"EditorGi":376},{"License":3616},{"UnityConnect":25512},{"Collab":785},{"Upm":1600},{"DrivenProperties":80},{"LocalIPC":222},{"ProfilerEditor":10967},{"CoreBusinessMetrics":2984},{"AssetReference":32},{"IPCStream":32}]}
