Unity Editor version:    2022.3.0f1 (fb119bb0b476)
Branch:                  2022.3/release
Build type:              Release
Batch mode:              YES
macOS version:           Version 26.3.1 (a) (Build 25D771280a)
Darwin version:          25.3.0
Architecture:            arm64
Running under Rosetta:   NO
Available memory:        8192 MB
[Licensing::Module] Trying to connect to existing licensing client channel...
[Licensing::IpcConnector] Connection attempt to the License Client on channel: "LicenseClient-guribbong" failed because channel doesn't exist; code: "0x80000002"
Launching external process: /Applications/Unity/Hub/Editor/2022.3.0f1/Unity.app/Contents/Frameworks/UnityLicensingClient.app/Contents/MacOS/Unity.Licensing.Client
[Licensing::Module] Successfully launched the LicensingClient (PId: 14551)
[Licensing::IpcConnector] Successfully connected to the License Client on channel: "LicenseClient-guribbong"
[Licensing::Client] Handshaking with LicensingClient:
  Version:                 1.12.1+9338cad
  Session Id:              c5a4572804874d8dae6129b46c71321e
  Correlation Id:          2e9be0c860e7d056fe99c3df0514564e
  External correlation Id: 4404975555589818626
  Machine Id:              kK/taOzULwH3CoqhnK6anvJ0b88=
[Licensing::Module] Successfully connected to LicensingClient on channel: "LicenseClient-guribbong" (connect: 4.02s, validation: 0.15s, handshake: 0.41s)
[Licensing::IpcConnector] Successfully connected to the License Notification on channel: "LicenseClient-guribbong-notifications"
[Licensing::Module] Connected to LicensingClient (PId: 14551, launch time: 0.00, total connection time: 4.58s)
[Licensing::Module] Error: Access token is unavailable; failed to update
[Licensing::Client] Error: Code 500 while processing request (status: Unable to update licenses. Errors: No ULF license found.,Token not found in cache)
[Licensing::Client] Error: Code 500 while updating license in client (status: Unable to update licenses. Errors: No ULF license found.,Token not found in cache)
[Licensing::Client] Successfully resolved entitlements
[Licensing::Module] Serial number assigned to: "14568638156105-UnityPersXXXX"
Pro License: NO
Launching external process: /Applications/Unity/Hub/Editor/2022.3.0f1/Unity.app/Contents/Resources/PackageManager/Server/UnityPackageManager

COMMAND LINE ARGUMENTS:
/Applications/Unity/Hub/Editor/2022.3.0f1/Unity.app/Contents/MacOS/Unity
-batchmode
-projectPath
unity/EmbodiedDebate
-executeMethod
ArgusUnity.Editor.HideAndSeekDesignBuilder.OpenSceneInPlayMode
-logFile
tmp/hide-and-seek-visible-motion-capture-close.log
Successfully changed project path to: /Users/guribbong/code/Argus/unity/EmbodiedDebate
/Users/guribbong/code/Argus/unity/EmbodiedDebate
[UnityMemory] Configuration Parameters - Can be set up in boot.config
    "memorysetup-bucket-allocator-granularity=16"
    "memorysetup-bucket-allocator-bucket-count=8"
    "memorysetup-bucket-allocator-block-size=33554432"
    "memorysetup-bucket-allocator-block-count=8"
    "memorysetup-main-allocator-block-size=16777216"
    "memorysetup-thread-allocator-block-size=16777216"
    "memorysetup-gfx-main-allocator-block-size=16777216"
    "memorysetup-gfx-thread-allocator-block-size=16777216"
    "memorysetup-cache-allocator-block-size=4194304"
    "memorysetup-typetree-allocator-block-size=2097152"
    "memorysetup-profiler-bucket-allocator-granularity=16"
    "memorysetup-profiler-bucket-allocator-bucket-count=8"
    "memorysetup-profiler-bucket-allocator-block-size=33554432"
    "memorysetup-profiler-bucket-allocator-block-count=8"
    "memorysetup-profiler-allocator-block-size=16777216"
    "memorysetup-profiler-editor-allocator-block-size=1048576"
    "memorysetup-temp-allocator-size-main=16777216"
    "memorysetup-job-temp-allocator-block-size=2097152"
    "memorysetup-job-temp-allocator-block-size-background=1048576"
    "memorysetup-job-temp-allocator-reduction-small-platforms=262144"
    "memorysetup-allocator-temp-initial-block-size-main=262144"
    "memorysetup-allocator-temp-initial-block-size-worker=262144"
    "memorysetup-temp-allocator-size-background-worker=32768"
    "memorysetup-temp-allocator-size-job-worker=262144"
    "memorysetup-temp-allocator-size-preload-manager=33554432"
    "memorysetup-temp-allocator-size-nav-mesh-worker=65536"
    "memorysetup-temp-allocator-size-audio-worker=65536"
    "memorysetup-temp-allocator-size-cloud-worker=32768"
    "memorysetup-temp-allocator-size-gi-baking-worker=262144"
    "memorysetup-temp-allocator-size-gfx=262144"
Player connection [8649715968] Host "[IP] 192.168.3.1 [Port] 55496 [Flags] 2 [Guid] 31277898 [EditorId] 31277898 [Version] 1048832 [Id] OSXEditor(0,topabaem.local) [Debug] 1 [PackageName] OSXEditor [ProjectName] Editor" joined multi-casting on [225.0.0.222:54997]...

Player connection [8649715968] Host "[IP] 192.168.3.1 [Port] 55496 [Flags] 2 [Guid] 31277898 [EditorId] 31277898 [Version] 1048832 [Id] OSXEditor(0,topabaem.local) [Debug] 1 [PackageName] OSXEditor [ProjectName] Editor" joined alternative multi-casting on [225.0.0.222:34997]...

[Package Manager] UpmClient::Connect -- Connected to IPC stream "Upm-14549" after 1.2 seconds.
[Licensing::Client] Successfully resolved entitlements
[Package Manager] Restoring resolved packages state from cache
[Licensing::Client] Successfully resolved entitlement details
[Package Manager] Registered 12 packages:
  Packages from [https://packages.unity.com]:
    com.unity.nuget.newtonsoft-json@3.2.1 (location: /Users/guribbong/code/Argus/unity/EmbodiedDebate/Library/PackageCache/com.unity.nuget.newtonsoft-json@3.2.1)
    com.unity.test-framework@1.1.33 (location: /Users/guribbong/code/Argus/unity/EmbodiedDebate/Library/PackageCache/com.unity.test-framework@1.1.33)
    com.unity.ext.nunit@1.0.6 (location: /Users/guribbong/code/Argus/unity/EmbodiedDebate/Library/PackageCache/com.unity.ext.nunit@1.0.6)
    com.unity.mathematics@1.2.6 (location: /Users/guribbong/code/Argus/unity/EmbodiedDebate/Library/PackageCache/com.unity.mathematics@1.2.6)
    com.unity.burst@1.8.4 (location: /Users/guribbong/code/Argus/unity/EmbodiedDebate/Library/PackageCache/com.unity.burst@1.8.4)
  Built-in packages:
    com.unity.modules.animation@1.0.0 (location: /Users/guribbong/code/Argus/unity/EmbodiedDebate/Library/PackageCache/com.unity.modules.animation@1.0.0)
    com.unity.modules.imageconversion@1.0.0 (location: /Users/guribbong/code/Argus/unity/EmbodiedDebate/Library/PackageCache/com.unity.modules.imageconversion@1.0.0)
    com.unity.modules.physics@1.0.0 (location: /Users/guribbong/code/Argus/unity/EmbodiedDebate/Library/PackageCache/com.unity.modules.physics@1.0.0)
    com.unity.modules.unitywebrequest@1.0.0 (location: /Users/guribbong/code/Argus/unity/EmbodiedDebate/Library/PackageCache/com.unity.modules.unitywebrequest@1.0.0)
    com.unity.modules.imgui@1.0.0 (location: /Users/guribbong/code/Argus/unity/EmbodiedDebate/Library/PackageCache/com.unity.modules.imgui@1.0.0)
    com.unity.modules.jsonserialize@1.0.0 (location: /Users/guribbong/code/Argus/unity/EmbodiedDebate/Library/PackageCache/com.unity.modules.jsonserialize@1.0.0)
  Embedded packages:
    com.unity.cloud.gltfast@file:/Users/guribbong/code/Argus/unity/EmbodiedDebate/Packages/com.unity.cloud.gltfast (location: /Users/guribbong/code/Argus/unity/EmbodiedDebate/Packages/com.unity.cloud.gltfast)
[Subsystems] No new subsystems found in resolved package list.
Package Manager log level set to [2]
[Package Manager] Done registering packages in 0.37 seconds
Refreshing native plugins compatible for Editor in 10.13 ms, found 0 plugins.
Preloading 0 native plugins for Editor in 0.00 ms.
Initialize engine version: 2022.3.0f1 (fb119bb0b476)
[Subsystems] Discovering subsystems at path /Applications/Unity/Hub/Editor/2022.3.0f1/Unity.app/Contents/Resources/UnitySubsystems
[Subsystems] Discovering subsystems at path /Users/guribbong/code/Argus/unity/EmbodiedDebate/Assets
GfxDevice: creating device client; threaded=0; jobified=0
 preferred device: Apple M2 (high power)
Metal devices available: 1
0: Apple M2 (high power)
Using device Apple M2 (high power)
Initializing Metal device caps: Apple M2
[Licensing::Client] Successfully resolved entitlements
Initialize mono
Mono path[0] = '/Applications/Unity/Hub/Editor/2022.3.0f1/Unity.app/Contents/Managed'
Mono path[1] = '/Applications/Unity/Hub/Editor/2022.3.0f1/Unity.app/Contents/MonoBleedingEdge/lib/mono/unityjit-macos'
Mono config path = '/Applications/Unity/Hub/Editor/2022.3.0f1/Unity.app/Contents/MonoBleedingEdge/etc'
Using monoOptions --debugger-agent=transport=dt_socket,embedding=1,server=y,suspend=n,address=127.0.0.1:56549
Using cacheserver namespaces - metadata:defaultmetadata, artifacts:defaultartifacts
Using cacheserver namespaces - metadata:defaultmetadata, artifacts:defaultartifacts
ImportWorker Server TCP listen port: 0
Begin MonoManager ReloadAssembly
Registering precompiled unity dll's ...
Register platform support module: /Applications/Unity/Hub/Editor/2022.3.0f1/Unity.app/Contents/PlaybackEngines/MacStandaloneSupport/UnityEditor.OSXStandalone.Extensions.dll
Registered in 0.001821 seconds.
- Loaded All Assemblies, in  0.322 seconds
Native extension for OSXStandalone target not found
Mono: successfully reloaded assembly
- Finished resetting the current domain, in  0.192 seconds
Domain Reload Profiling: 515ms
	BeginReloadAssembly (120ms)
		ExecutionOrderSort (0ms)
		DisableScriptedObjects (0ms)
		BackupInstance (0ms)
		ReleaseScriptingObjects (0ms)
		CreateAndSetChildDomain (1ms)
	RebuildCommonClasses (38ms)
	RebuildNativeTypeToScriptingClass (10ms)
	initialDomainReloadingComplete (41ms)
	LoadAllAssembliesAndSetupDomain (113ms)
		LoadAssemblies (117ms)
		RebuildTransferFunctionScriptingTraits (0ms)
		AnalyzeDomain (110ms)
			TypeCache.Refresh (109ms)
				TypeCache.ScanAssembly (95ms)
			ScanForSourceGeneratedMonoScriptInfo (0ms)
			ResolveRequiredComponents (1ms)
	FinalizeReload (193ms)
		ReleaseScriptCaches (0ms)
		RebuildScriptCaches (0ms)
		SetupLoadedEditorAssemblies (152ms)
			LogAssemblyErrors (0ms)
			InitializePlatformSupportModulesInManaged (5ms)
			SetLoadedEditorAssemblies (5ms)
			RefreshPlugins (0ms)
			BeforeProcessingInitializeOnLoad (1ms)
			ProcessInitializeOnLoadAttributes (96ms)
			ProcessInitializeOnLoadMethodAttributes (44ms)
			AfterProcessingInitializeOnLoad (0ms)
			EditorAssembliesLoaded (0ms)
		ExecutionOrderSort2 (0ms)
		AwakeInstancesAfterBackupRestoration (0ms)
[Licensing::Client] Successfully resolved entitlements
Application.AssetDatabase Initial Refresh Start
[40m[32minfo[39m[22m[49m: Microsoft.Hosting.Lifetime[14]
      Now listening on: http://unix:/tmp/ilpp.sock-8e16111b622e4d5ea6b5ecc926298bfd
[40m[32minfo[39m[22m[49m: Microsoft.Hosting.Lifetime[0]
      Application started. Press Ctrl+C to shut down.
[40m[32minfo[39m[22m[49m: Microsoft.Hosting.Lifetime[0]
      Hosting environment: Production
[40m[32minfo[39m[22m[49m: Microsoft.Hosting.Lifetime[0]
      Content root path: /Users/guribbong/code/Argus/unity/EmbodiedDebate/
[40m[32minfo[39m[22m[49m: Microsoft.AspNetCore.Hosting.Diagnostics[1]
      Request starting HTTP/2 POST http://ilpp/UnityILPP.PostProcessing/Ping application/grpc -
[40m[32minfo[39m[22m[49m: Microsoft.AspNetCore.Routing.EndpointMiddleware[0]
      Executing endpoint 'gRPC - /UnityILPP.PostProcessing/Ping'
[40m[32minfo[39m[22m[49m: Microsoft.AspNetCore.Routing.EndpointMiddleware[1]
      Executed endpoint 'gRPC - /UnityILPP.PostProcessing/Ping'
[40m[32minfo[39m[22m[49m: Microsoft.AspNetCore.Hosting.Diagnostics[2]
      Request finished HTTP/2 POST http://ilpp/UnityILPP.PostProcessing/Ping application/grpc - - 200 - application/grpc 53.5025ms
Starting: /Applications/Unity/Hub/Editor/2022.3.0f1/Unity.app/Contents/bee_backend --dont-print-to-structured-log --ipc --defer-dag-verification --dagfile="Library/Bee/200b0aE.dag" --continue-on-failure --profile="Library/Bee/backend1.traceevents" ScriptAssemblies
WorkingDir: /Users/guribbong/code/Argus/unity/EmbodiedDebate
DisplayProgressbar: Compiling Scripts
[40m[32minfo[39m[22m[49m: Microsoft.AspNetCore.Hosting.Diagnostics[1]
      Request starting HTTP/2 POST http://ilpp/UnityILPP.PostProcessing/ConfigurePostProcessors application/grpc -
[40m[32minfo[39m[22m[49m: Microsoft.AspNetCore.Routing.EndpointMiddleware[0]
      Executing endpoint 'gRPC - /UnityILPP.PostProcessing/ConfigurePostProcessors'
[40m[1m[33mwarn[39m[22m[49m: Unity.ILPP.Runner.PostProcessingAssemblyLoadContext[0]
      Assembly system.runtime.interopservices.windowsruntime has duplicate hint path. Ignoring "/Applications/Unity/Hub/Editor/2022.3.0f1/Unity.app/Contents/UnityReferenceAssemblies/unity-4.8-api/Facades/System.Runtime.InteropServices.WindowsRuntime.dll" in favor of "/Applications/Unity/Hub/Editor/2022.3.0f1/Unity.app/Contents/NetStandard/Extensions/2.0.0/System.Runtime.InteropServices.WindowsRuntime.dll"
[40m[1m[33mwarn[39m[22m[49m: Unity.ILPP.Runner.PostProcessingAssemblyLoadContext[0]
      Assembly system.componentmodel.composition has duplicate hint path. Ignoring "/Applications/Unity/Hub/Editor/2022.3.0f1/Unity.app/Contents/UnityReferenceAssemblies/unity-4.8-api/System.ComponentModel.Composition.dll" in favor of "/Applications/Unity/Hub/Editor/2022.3.0f1/Unity.app/Contents/NetStandard/compat/2.1.0/shims/netfx/System.ComponentModel.Composition.dll"
[40m[32minfo[39m[22m[49m: Unity.ILPP.Runner.PostProcessingAssemblyLoadContext[0]
      Resolved Unity.Burst.Cecil, Version=0.11.4.0, Culture=neutral, PublicKeyToken=50cebf1cceb9d05e with Library/PackageCache/com.unity.burst@1.8.4/Unity.Burst.CodeGen/Unity.Burst.Cecil.dll
[40m[32minfo[39m[22m[49m: Microsoft.AspNetCore.Routing.EndpointMiddleware[1]
      Executed endpoint 'gRPC - /UnityILPP.PostProcessing/ConfigurePostProcessors'
[40m[32minfo[39m[22m[49m: Microsoft.AspNetCore.Hosting.Diagnostics[2]
      Request finished HTTP/2 POST http://ilpp/UnityILPP.PostProcessing/ConfigurePostProcessors application/grpc - - 200 - application/grpc 23.5918ms
ExitCode: 0 Duration: 0s237ms
[199/239    0s] ILPP-Configuration Library/ilpp-configuration.nevergeneratedoutput
*** Tundra build success (0.21 seconds), 1 items updated, 239 evaluated
Total cache size 13674288
Total cache size after purge 13674288
AssetDatabase: script compilation time: 0.948500s
Begin MonoManager ReloadAssembly
Symbol file LoadedFromMemory is not a mono symbol file
- Loaded All Assemblies, in  0.367 seconds
Refreshing native plugins compatible for Editor in 0.59 ms, found 0 plugins.
Preloading 0 native plugins for Editor in 0.00 ms.
Refreshing native plugins compatible for Editor in 0.60 ms, found 0 plugins.
Native extension for OSXStandalone target not found
Mono: successfully reloaded assembly
- Finished resetting the current domain, in  1.627 seconds
Domain Reload Profiling: 1995ms
	BeginReloadAssembly (111ms)
		ExecutionOrderSort (0ms)
		DisableScriptedObjects (4ms)
		BackupInstance (0ms)
		ReleaseScriptingObjects (0ms)
		CreateAndSetChildDomain (24ms)
	RebuildCommonClasses (25ms)
	RebuildNativeTypeToScriptingClass (9ms)
	initialDomainReloadingComplete (17ms)
	LoadAllAssembliesAndSetupDomain (206ms)
		LoadAssemblies (150ms)
		RebuildTransferFunctionScriptingTraits (0ms)
		AnalyzeDomain (117ms)
			TypeCache.Refresh (113ms)
				TypeCache.ScanAssembly (106ms)
			ScanForSourceGeneratedMonoScriptInfo (3ms)
			ResolveRequiredComponents (1ms)
	FinalizeReload (1628ms)
		ReleaseScriptCaches (0ms)
		RebuildScriptCaches (0ms)
		SetupLoadedEditorAssemblies (1535ms)
			LogAssemblyErrors (0ms)
			InitializePlatformSupportModulesInManaged (2ms)
			SetLoadedEditorAssemblies (3ms)
			RefreshPlugins (0ms)
			BeforeProcessingInitializeOnLoad (22ms)
			ProcessInitializeOnLoadAttributes (1473ms)
			ProcessInitializeOnLoadMethodAttributes (33ms)
			AfterProcessingInitializeOnLoad (1ms)
			EditorAssembliesLoaded (0ms)
		ExecutionOrderSort2 (0ms)
		AwakeInstancesAfterBackupRestoration (3ms)
Asset Pipeline Refresh (id=b41c0613836cc4897af337962a55d5a8): Total: 3.452 seconds - Initiated by InitialRefreshV2(ForceSynchronousImport)
	Summary:
		Imports: total=4 (actual=0, local cache=4, cache server=0)
		Asset DB Process Time: managed=0 ms, native=478 ms
		Asset DB Callback time: managed=8 ms, native=0 ms
		Scripting: domain reloads=1, domain reload time=2008 ms, compile time=949 ms, other=6 ms
		Project Asset Count: scripts=1021, non-scripts=615
		Asset File Changes: new=0, changed=0, moved=0, deleted=0
		Scan Filter Count: 1
	InvokeBeforeRefreshCallbacks: 0.276ms
	ApplyChangesToAssetFolders: 0.016ms
	Scan: 191.071ms
	OnSourceAssetsModified: 0.002ms
	GetAllGuidsForCategorization: 0.320ms
	CategorizeAssets: 28.872ms
	ImportOutOfDateAssets: 1639.597ms (686.401ms without children)
		CompileScripts: 948.594ms
		ReloadNativeAssets: 0.000ms
		UnloadImportedAssets: 2.377ms
		EnsureUptoDateAssetsAreRegisteredWithGuidPM: 0.481ms
		InitializingProgressBar: 0.001ms
		OnDemandSchedulerStart: 1.743ms
	PostProcessAllAssets: 8.775ms
	GatherAllCurrentPrimaryArtifactRevisions: 0.001ms
	UnloadStreamsBegin: 0.350ms
	PersistCurrentRevisions: 0.049ms
	UnloadStreamsEnd: 0.004ms
	GenerateScriptTypeHashes: 0.616ms
	Untracked: 1582.196ms
Application.AssetDatabase Initial Refresh End
Launching external process: /Applications/Unity/Hub/Editor/2022.3.0f1/Unity.app/Contents/Tools/UnityShaderCompiler
Launched and connected shader compiler UnityShaderCompiler after 0.29 seconds
Scanning for USB devices : 0.688ms
Initializing Unity extensions:
[Licensing::Client] Successfully resolved entitlements
[MODES] ModeService[none].Initialize
[MODES] ModeService[none].LoadModes
[MODES] Loading mode Default (0) for mode-current-id-EmbodiedDebate
ProgressiveSceneManager::Cancel()
Unloading 3 Unused Serialized files (Serialized files now loaded: 0)
Unloading 35 unused Assets / (375.3 KB). Loaded Objects now: 1337.
Memory consumption went from 93.8 MB to 93.4 MB.
Total: 12.154417 ms (FindLiveObjects: 0.274959 ms CreateObjectMapping: 0.017542 ms MarkObjects: 10.779208 ms  DeleteObjects: 1.081666 ms)

Asset Pipeline Refresh (id=7d1dd827e0b114fbbb17cb9f964bf868): Total: 0.136 seconds - Initiated by RefreshV2(NoUpdateAssetOptions)
Start importing Assets/ThirdParty/StylooClassroomAssetPack/StylooClassroomAssetPack GLTF & FBX/classroom/GLTF/wallsfloor.glb using Guid(95d4331adf82140bbb5c243cad6bfa64) Importer(-1,00000000000000000000000000000000)  -> (artifact id: '2f4597164da06dcd23f707636f81de45') in 0.107722 seconds
Refreshing native plugins compatible for Editor in 0.61 ms, found 0 plugins.
Preloading 0 native plugins for Editor in 0.00 ms.
Asset Pipeline Refresh (id=57c089c5ae49c464dbbedb53ec587b54): Total: 0.159 seconds - Initiated by StopAssetImportingV2(NoUpdateAssetOptions)
HideAndSeekDesignBuilder: GLTF asset wallsfloor.glb, importer=GLTFast.Editor.GltfImporter, gameObjectLoaded=True
UnityEngine.StackTraceUtility:ExtractStackTrace () (at /Users/bokken/build/output/unity/unity/Runtime/Export/Scripting/StackTrace.cs:37)
UnityEngine.DebugLogHandler:LogFormat (UnityEngine.LogType,UnityEngine.Object,string,object[])
UnityEngine.Logger:Log (UnityEngine.LogType,object)
UnityEngine.Debug:Log (object)
ArgusUnity.Editor.HideAndSeekDesignBuilder:EnsureGltfClassroomImports () (at Assets/Editor/HideAndSeekDesignBuilder.cs:80)
ArgusUnity.Editor.HideAndSeekDesignBuilder:BuildScene () (at Assets/Editor/HideAndSeekDesignBuilder.cs:24)
ArgusUnity.Editor.HideAndSeekDesignBuilder:OpenSceneInPlayMode () (at Assets/Editor/HideAndSeekDesignBuilder.cs:58)

(Filename: Assets/Editor/HideAndSeekDesignBuilder.cs Line: 80)

Start importing Assets/ThirdParty/StylooClassroomAssetPack/StylooClassroomAssetPack GLTF & FBX/classroom/GLTF/table.glb using Guid(0fac535ef0639442ea3d608d5efbaf9b) Importer(-1,00000000000000000000000000000000)  -> (artifact id: '0a8cc223b14d120b3f35fefb97523cfd') in 0.029930 seconds
Refreshing native plugins compatible for Editor in 0.56 ms, found 0 plugins.
Preloading 0 native plugins for Editor in 0.00 ms.
Asset Pipeline Refresh (id=1287627fd09d54df68866f538ae9ff27): Total: 0.042 seconds - Initiated by StopAssetImportingV2(NoUpdateAssetOptions)
HideAndSeekDesignBuilder: GLTF asset table.glb, importer=GLTFast.Editor.GltfImporter, gameObjectLoaded=True
UnityEngine.StackTraceUtility:ExtractStackTrace () (at /Users/bokken/build/output/unity/unity/Runtime/Export/Scripting/StackTrace.cs:37)
UnityEngine.DebugLogHandler:LogFormat (UnityEngine.LogType,UnityEngine.Object,string,object[])
UnityEngine.Logger:Log (UnityEngine.LogType,object)
UnityEngine.Debug:Log (object)
ArgusUnity.Editor.HideAndSeekDesignBuilder:EnsureGltfClassroomImports () (at Assets/Editor/HideAndSeekDesignBuilder.cs:80)
ArgusUnity.Editor.HideAndSeekDesignBuilder:BuildScene () (at Assets/Editor/HideAndSeekDesignBuilder.cs:24)
ArgusUnity.Editor.HideAndSeekDesignBuilder:OpenSceneInPlayMode () (at Assets/Editor/HideAndSeekDesignBuilder.cs:58)

(Filename: Assets/Editor/HideAndSeekDesignBuilder.cs Line: 80)

Start importing Assets/ThirdParty/StylooClassroomAssetPack/StylooClassroomAssetPack GLTF & FBX/classroom/GLTF/desk.glb using Guid(0efed4ee7808840d3b57c7df53106661) Importer(-1,00000000000000000000000000000000)  -> (artifact id: 'b763c2214533a676cae910b2f21ee7f4') in 0.003936 seconds
Refreshing native plugins compatible for Editor in 0.53 ms, found 0 plugins.
Preloading 0 native plugins for Editor in 0.00 ms.
Asset Pipeline Refresh (id=b51b19fcc59b3462d8ca0a0dce14e91c): Total: 0.016 seconds - Initiated by StopAssetImportingV2(NoUpdateAssetOptions)
HideAndSeekDesignBuilder: GLTF asset desk.glb, importer=GLTFast.Editor.GltfImporter, gameObjectLoaded=True
UnityEngine.StackTraceUtility:ExtractStackTrace () (at /Users/bokken/build/output/unity/unity/Runtime/Export/Scripting/StackTrace.cs:37)
UnityEngine.DebugLogHandler:LogFormat (UnityEngine.LogType,UnityEngine.Object,string,object[])
UnityEngine.Logger:Log (UnityEngine.LogType,object)
UnityEngine.Debug:Log (object)
ArgusUnity.Editor.HideAndSeekDesignBuilder:EnsureGltfClassroomImports () (at Assets/Editor/HideAndSeekDesignBuilder.cs:80)
ArgusUnity.Editor.HideAndSeekDesignBuilder:BuildScene () (at Assets/Editor/HideAndSeekDesignBuilder.cs:24)
ArgusUnity.Editor.HideAndSeekDesignBuilder:OpenSceneInPlayMode () (at Assets/Editor/HideAndSeekDesignBuilder.cs:58)

(Filename: Assets/Editor/HideAndSeekDesignBuilder.cs Line: 80)

HideAndSeekDesignBuilder: mini-bot import animationType=Generic, importAnimation=True, avatarValid=False, avatarHuman=False, walkingBones leftFoot=True, rightFoot=True, leftLeg=True, rightLeg=True.
UnityEngine.StackTraceUtility:ExtractStackTrace () (at /Users/bokken/build/output/unity/unity/Runtime/Export/Scripting/StackTrace.cs:37)
UnityEngine.DebugLogHandler:LogFormat (UnityEngine.LogType,UnityEngine.Object,string,object[])
UnityEngine.Logger:Log (UnityEngine.LogType,object)
UnityEngine.Debug:Log (object)
ArgusUnity.Editor.HideAndSeekDesignBuilder:LogMiniBotRigInfo () (at Assets/Editor/HideAndSeekDesignBuilder.cs:373)
ArgusUnity.Editor.HideAndSeekDesignBuilder:BuildScene () (at Assets/Editor/HideAndSeekDesignBuilder.cs:25)
ArgusUnity.Editor.HideAndSeekDesignBuilder:OpenSceneInPlayMode () (at Assets/Editor/HideAndSeekDesignBuilder.cs:58)

(Filename: Assets/Editor/HideAndSeekDesignBuilder.cs Line: 373)

Unloading 2 Unused Serialized files (Serialized files now loaded: 0)
Unloading 97 unused Assets / (27.0 KB). Loaded Objects now: 1337.
Memory consumption went from 92.9 MB to 92.9 MB.
Total: 2.665583 ms (FindLiveObjects: 0.047666 ms CreateObjectMapping: 0.015167 ms MarkObjects: 2.532958 ms  DeleteObjects: 0.069208 ms)

Start importing Assets/Project/Materials/HideSeekDefenseBlue.mat using Guid(1ab91de9bb9934e9f880738d62def819) Importer(-1,00000000000000000000000000000000)  -> (artifact id: '5393f3c5a3a094310f103cc049b5b045') in 0.030315 seconds
Start importing Assets/Project/Materials/HideSeekAttackRed.mat using Guid(4aa4d8a01259243b6b5dba6db789b200) Importer(-1,00000000000000000000000000000000)  -> (artifact id: '2e7068000da311e85c1b16a61381ad53') in 0.001410 seconds
Refreshing native plugins compatible for Editor in 2.24 ms, found 0 plugins.
Preloading 0 native plugins for Editor in 0.00 ms.
Asset Pipeline Refresh (id=e97681be6542e4a9196adf63c5788ab0): Total: 0.070 seconds - Initiated by StopAssetImportingV2(NoUpdateAssetOptions)
Start importing Assets/Project/Scenes/MiniBotHideAndSeekDesign.unity using Guid(9a4a9106e8b4148eea11b87fdf0edb7b) Importer(-1,00000000000000000000000000000000)  -> (artifact id: '17741fa8c873273d18e4ac9d21bbf550') in 0.000870 seconds
Refreshing native plugins compatible for Editor in 0.52 ms, found 0 plugins.
Preloading 0 native plugins for Editor in 0.00 ms.
Asset Pipeline Refresh (id=623340091b7864fa7ad365913476f7f7): Total: 0.018 seconds - Initiated by StopAssetImportingV2(NoUpdateAssetOptions)
HideAndSeekDesignBuilder: saved Assets/Project/Scenes/MiniBotHideAndSeekDesign.unity
UnityEngine.StackTraceUtility:ExtractStackTrace () (at /Users/bokken/build/output/unity/unity/Runtime/Export/Scripting/StackTrace.cs:37)
UnityEngine.DebugLogHandler:LogFormat (UnityEngine.LogType,UnityEngine.Object,string,object[])
UnityEngine.Logger:Log (UnityEngine.LogType,object)
UnityEngine.Debug:Log (object)
ArgusUnity.Editor.HideAndSeekDesignBuilder:BuildScene () (at Assets/Editor/HideAndSeekDesignBuilder.cs:44)
ArgusUnity.Editor.HideAndSeekDesignBuilder:OpenSceneInPlayMode () (at Assets/Editor/HideAndSeekDesignBuilder.cs:58)

(Filename: Assets/Editor/HideAndSeekDesignBuilder.cs Line: 44)

Opening scene 'Assets/Project/Scenes/MiniBotHideAndSeekDesign.unity'
Unloading 0 Unused Serialized files (Serialized files now loaded: 0)
Loaded scene 'Assets/Project/Scenes/MiniBotHideAndSeekDesign.unity'
	Deserialize:            3.203 ms
	Integration:            139.655 ms
	Integration of assets:  0.002 ms
	Thread Wait Time:       0.017 ms
	Total Operation Time:   142.877 ms
Unloading 13 unused Assets / (6.5 KB). Loaded Objects now: 1838.
Memory consumption went from 96.8 MB to 96.8 MB.
Total: 8.253792 ms (FindLiveObjects: 0.086791 ms CreateObjectMapping: 0.021084 ms MarkObjects: 8.116666 ms  DeleteObjects: 0.028625 ms)

HideAndSeekDesignBuilder: opened scene and entered Play Mode.
UnityEngine.StackTraceUtility:ExtractStackTrace () (at /Users/bokken/build/output/unity/unity/Runtime/Export/Scripting/StackTrace.cs:37)
UnityEngine.DebugLogHandler:LogFormat (UnityEngine.LogType,UnityEngine.Object,string,object[])
UnityEngine.Logger:Log (UnityEngine.LogType,object)
UnityEngine.Debug:Log (object)
ArgusUnity.Editor.HideAndSeekDesignBuilder:OpenSceneInPlayMode () (at Assets/Editor/HideAndSeekDesignBuilder.cs:62)

(Filename: Assets/Editor/HideAndSeekDesignBuilder.cs Line: 62)

[Project] Loading completed in 15.226 seconds
	Project init time: 				7.159 seconds
		Template init time: 		0.000 seconds
		Package Manager init time: 		1.255 seconds
		Asset Database init time: 		0.615 seconds
		Global illumination init time: 	0.005 seconds
		Assemblies load time: 			0.519 seconds
		Unity extensions init time: 	0.001 seconds
		Asset Database refresh time: 	0.136 seconds
	Scene opening time: 			2.676 seconds
##utp:{"type":"ProjectInfo","version":2,"phase":"Immediate","time":1777990677373,"processId":14549,"projectLoad":15.226095167,"projectInit":7.158758125,"templateInit":0.0,"packageManagerInit":1.2554425,"assetDatabaseInit":0.614723708,"globalIlluminationInit":0.005469334,"assembliesLoad":0.518634125,"unityExtensionsInit":0.001269458,"assetDatabaseRefresh":0.136376667,"sceneOpening":2.675812583}
##utp:{"type":"EditorInfo","version":2,"phase":"Immediate","time":1777990677373,"processId":14549,"editorVersion":"2022.3.0f1 (fb119bb0b476)","branch":"2022.3/release","buildType":"Release","platform":"OSX"}
Subscribe to USB device events
Scanning for USB devices : 0.283ms
Thread 0x337c87000 may have been prematurely finalized
Reloading assemblies for play mode.
Reloading assemblies after forced synchronous recompile.
Begin MonoManager ReloadAssembly
Symbol file LoadedFromMemory is not a mono symbol file
- Loaded All Assemblies, in  0.571 seconds
Refreshing native plugins compatible for Editor in 0.44 ms, found 0 plugins.
Native extension for OSXStandalone target not found
[MODES] ModeService[none].Initialize
[MODES] ModeService[none].LoadModes
[MODES] Loading mode Default (0) for mode-current-id-EmbodiedDebate
Mono: successfully reloaded assembly
- Finished resetting the current domain, in  0.377 seconds
Domain Reload Profiling: 953ms
	BeginReloadAssembly (492ms)
		ExecutionOrderSort (0ms)
		DisableScriptedObjects (15ms)
		BackupInstance (0ms)
		ReleaseScriptingObjects (0ms)
		CreateAndSetChildDomain (346ms)
	RebuildCommonClasses (30ms)
	RebuildNativeTypeToScriptingClass (9ms)
	initialDomainReloadingComplete (20ms)
	LoadAllAssembliesAndSetupDomain (25ms)
		LoadAssemblies (117ms)
		RebuildTransferFunctionScriptingTraits (0ms)
		AnalyzeDomain (2ms)
			TypeCache.Refresh (1ms)
				TypeCache.ScanAssembly (0ms)
			ScanForSourceGeneratedMonoScriptInfo (0ms)
			ResolveRequiredComponents (1ms)
	FinalizeReload (377ms)
		ReleaseScriptCaches (0ms)
		RebuildScriptCaches (0ms)
		SetupLoadedEditorAssemblies (157ms)
			LogAssemblyErrors (0ms)
			InitializePlatformSupportModulesInManaged (3ms)
			SetLoadedEditorAssemblies (5ms)
			RefreshPlugins (0ms)
			BeforeProcessingInitializeOnLoad (25ms)
			ProcessInitializeOnLoadAttributes (96ms)
			ProcessInitializeOnLoadMethodAttributes (27ms)
			AfterProcessingInitializeOnLoad (1ms)
			EditorAssembliesLoaded (0ms)
		ExecutionOrderSort2 (0ms)
		AwakeInstancesAfterBackupRestoration (94ms)
Asset Pipeline Refresh (id=69918a26b7a374a94b361bdef7f4cfc0): Total: 1.026 seconds - Initiated by StopAssetImportingV2(ForceSynchronousImport | ForceDomainReload)
	Summary:
		Imports: total=0 (actual=0, local cache=0, cache server=0)
		Asset DB Process Time: managed=0 ms, native=49 ms
		Asset DB Callback time: managed=6 ms, native=2 ms
		Scripting: domain reloads=1, domain reload time=967 ms, compile time=0 ms, other=0 ms
		Project Asset Count: scripts=1021, non-scripts=615
		Asset File Changes: new=0, changed=0, moved=0, deleted=0
		Scan Filter Count: 0
	InvokeBeforeRefreshCallbacks: 2.047ms
	ApplyChangesToAssetFolders: 0.037ms
	Scan: 0.002ms
	OnSourceAssetsModified: 0.001ms
	GetAllGuidsForCategorization: 0.137ms
	CategorizeAssets: 9.320ms
	ImportOutOfDateAssets: 383.082ms (382.232ms without children)
		CompileScripts: 0.022ms
		CollectScriptTypesHashes: 0.003ms
		ReloadNativeAssets: 0.005ms
		UnloadImportedAssets: 0.243ms
		EnsureUptoDateAssetsAreRegisteredWithGuidPM: 0.268ms
		InitializingProgressBar: 0.000ms
		PostProcessAllAssetNotificationsAddChangedAssets: 0.000ms
		OnDemandSchedulerStart: 0.309ms
	PostProcessAllAssets: 6.460ms
	GatherAllCurrentPrimaryArtifactRevisions: 0.259ms
	UnloadStreamsBegin: 1.330ms
	PersistCurrentRevisions: 0.047ms
	UnloadStreamsEnd: 0.003ms
	GenerateScriptTypeHashes: 0.228ms
	Untracked: 622.882ms
ArgusVideo: capturing 240 frames at 30 FPS to /Users/guribbong/code/Argus/tmp/visible_motion_frames_close
UnityEngine.StackTraceUtility:ExtractStackTrace () (at /Users/bokken/build/output/unity/unity/Runtime/Export/Scripting/StackTrace.cs:37)
UnityEngine.DebugLogHandler:LogFormat (UnityEngine.LogType,UnityEngine.Object,string,object[])
UnityEngine.Logger:Log (UnityEngine.LogType,object)
UnityEngine.Debug:Log (object)
ArgusUnity.Runtime.SmokeVideoCapture:Awake () (at Assets/Project/Scripts/Runtime/SmokeVideoCapture.cs:40)

(Filename: Assets/Project/Scripts/Runtime/SmokeVideoCapture.cs Line: 40)

MiniBotWalkAnimator: BVH clips walk=True, turnLeft=True, turnRight=True; walking bones leftFoot=True, rightFoot=True, leftLeg=True, rightLeg=True.
UnityEngine.StackTraceUtility:ExtractStackTrace () (at /Users/bokken/build/output/unity/unity/Runtime/Export/Scripting/StackTrace.cs:37)
UnityEngine.DebugLogHandler:LogFormat (UnityEngine.LogType,UnityEngine.Object,string,object[])
UnityEngine.Logger:Log (UnityEngine.LogType,object)
UnityEngine.Debug:Log (object)
ArgusUnity.Runtime.MiniBotWalkAnimator:Awake () (at Assets/Project/Scripts/Runtime/MiniBotWalkAnimator.cs:74)

(Filename: Assets/Project/Scripts/Runtime/MiniBotWalkAnimator.cs Line: 74)

MiniBotWalkAnimator: BVH clips walk=True, turnLeft=True, turnRight=True; walking bones leftFoot=True, rightFoot=True, leftLeg=True, rightLeg=True.
UnityEngine.StackTraceUtility:ExtractStackTrace () (at /Users/bokken/build/output/unity/unity/Runtime/Export/Scripting/StackTrace.cs:37)
UnityEngine.DebugLogHandler:LogFormat (UnityEngine.LogType,UnityEngine.Object,string,object[])
UnityEngine.Logger:Log (UnityEngine.LogType,object)
UnityEngine.Debug:Log (object)
ArgusUnity.Runtime.MiniBotWalkAnimator:Awake () (at Assets/Project/Scripts/Runtime/MiniBotWalkAnimator.cs:74)

(Filename: Assets/Project/Scripts/Runtime/MiniBotWalkAnimator.cs Line: 74)

MiniBotWalkAnimator: BVH clips walk=True, turnLeft=True, turnRight=True; walking bones leftFoot=True, rightFoot=True, leftLeg=True, rightLeg=True.
UnityEngine.StackTraceUtility:ExtractStackTrace () (at /Users/bokken/build/output/unity/unity/Runtime/Export/Scripting/StackTrace.cs:37)
UnityEngine.DebugLogHandler:LogFormat (UnityEngine.LogType,UnityEngine.Object,string,object[])
UnityEngine.Logger:Log (UnityEngine.LogType,object)
UnityEngine.Debug:Log (object)
ArgusUnity.Runtime.MiniBotWalkAnimator:Awake () (at Assets/Project/Scripts/Runtime/MiniBotWalkAnimator.cs:74)

(Filename: Assets/Project/Scripts/Runtime/MiniBotWalkAnimator.cs Line: 74)

MiniBotWalkAnimator: BVH clips walk=True, turnLeft=True, turnRight=True; walking bones leftFoot=True, rightFoot=True, leftLeg=True, rightLeg=True.
UnityEngine.StackTraceUtility:ExtractStackTrace () (at /Users/bokken/build/output/unity/unity/Runtime/Export/Scripting/StackTrace.cs:37)
UnityEngine.DebugLogHandler:LogFormat (UnityEngine.LogType,UnityEngine.Object,string,object[])
UnityEngine.Logger:Log (UnityEngine.LogType,object)
UnityEngine.Debug:Log (object)
ArgusUnity.Runtime.MiniBotWalkAnimator:Awake () (at Assets/Project/Scripts/Runtime/MiniBotWalkAnimator.cs:74)

(Filename: Assets/Project/Scripts/Runtime/MiniBotWalkAnimator.cs Line: 74)

Loaded scene 'Temp/__Backupscenes/0.backup'
	Deserialize:            4.844 ms
	Integration:            285.394 ms
	Integration of assets:  0.554 ms
	Thread Wait Time:       0.005 ms
	Total Operation Time:   290.797 ms
MiniBotHideAndSeekScenario: registered moving agents=4.
UnityEngine.StackTraceUtility:ExtractStackTrace () (at /Users/bokken/build/output/unity/unity/Runtime/Export/Scripting/StackTrace.cs:37)
UnityEngine.DebugLogHandler:LogFormat (UnityEngine.LogType,UnityEngine.Object,string,object[])
UnityEngine.Logger:Log (UnityEngine.LogType,object)
UnityEngine.Debug:Log (object)
ArgusUnity.Runtime.MiniBotHideAndSeekScenario:Start () (at Assets/Project/Scripts/Runtime/MiniBotHideAndSeekScenario.cs:28)

(Filename: Assets/Project/Scripts/Runtime/MiniBotHideAndSeekScenario.cs Line: 28)

MiniBotHideAndSeekScenario: rotation confirmed for Hider 01.
UnityEngine.StackTraceUtility:ExtractStackTrace () (at /Users/bokken/build/output/unity/unity/Runtime/Export/Scripting/StackTrace.cs:37)
UnityEngine.DebugLogHandler:LogFormat (UnityEngine.LogType,UnityEngine.Object,string,object[])
UnityEngine.Logger:Log (UnityEngine.LogType,object)
UnityEngine.Debug:Log (object)
ArgusUnity.Runtime.MiniBotHideAndSeekScenario:Update () (at Assets/Project/Scripts/Runtime/MiniBotHideAndSeekScenario.cs:73)

(Filename: Assets/Project/Scripts/Runtime/MiniBotHideAndSeekScenario.cs Line: 73)

MiniBotHideAndSeekScenario: rotation confirmed for Hider 02.
UnityEngine.StackTraceUtility:ExtractStackTrace () (at /Users/bokken/build/output/unity/unity/Runtime/Export/Scripting/StackTrace.cs:37)
UnityEngine.DebugLogHandler:LogFormat (UnityEngine.LogType,UnityEngine.Object,string,object[])
UnityEngine.Logger:Log (UnityEngine.LogType,object)
UnityEngine.Debug:Log (object)
ArgusUnity.Runtime.MiniBotHideAndSeekScenario:Update () (at Assets/Project/Scripts/Runtime/MiniBotHideAndSeekScenario.cs:73)

(Filename: Assets/Project/Scripts/Runtime/MiniBotHideAndSeekScenario.cs Line: 73)

MiniBotHideAndSeekScenario: rotation confirmed for Seeker 01.
UnityEngine.StackTraceUtility:ExtractStackTrace () (at /Users/bokken/build/output/unity/unity/Runtime/Export/Scripting/StackTrace.cs:37)
UnityEngine.DebugLogHandler:LogFormat (UnityEngine.LogType,UnityEngine.Object,string,object[])
UnityEngine.Logger:Log (UnityEngine.LogType,object)
UnityEngine.Debug:Log (object)
ArgusUnity.Runtime.MiniBotHideAndSeekScenario:Update () (at Assets/Project/Scripts/Runtime/MiniBotHideAndSeekScenario.cs:73)

(Filename: Assets/Project/Scripts/Runtime/MiniBotHideAndSeekScenario.cs Line: 73)

MiniBotHideAndSeekScenario: rotation confirmed for Seeker 02.
UnityEngine.StackTraceUtility:ExtractStackTrace () (at /Users/bokken/build/output/unity/unity/Runtime/Export/Scripting/StackTrace.cs:37)
UnityEngine.DebugLogHandler:LogFormat (UnityEngine.LogType,UnityEngine.Object,string,object[])
UnityEngine.Logger:Log (UnityEngine.LogType,object)
UnityEngine.Debug:Log (object)
ArgusUnity.Runtime.MiniBotHideAndSeekScenario:Update () (at Assets/Project/Scripts/Runtime/MiniBotHideAndSeekScenario.cs:73)

(Filename: Assets/Project/Scripts/Runtime/MiniBotHideAndSeekScenario.cs Line: 73)

Created GICache directory at /Users/guribbong/Library/Caches/com.unity3d.UnityEditor/GiCache. Took: 0.003s, timestamps: [17.157 - 17.160]
Setting up 4 worker threads for Enlighten.
MiniBotHideAndSeekScenario: movement confirmed for Hider 01.
UnityEngine.StackTraceUtility:ExtractStackTrace () (at /Users/bokken/build/output/unity/unity/Runtime/Export/Scripting/StackTrace.cs:37)
UnityEngine.DebugLogHandler:LogFormat (UnityEngine.LogType,UnityEngine.Object,string,object[])
UnityEngine.Logger:Log (UnityEngine.LogType,object)
UnityEngine.Debug:Log (object)
ArgusUnity.Runtime.MiniBotHideAndSeekScenario:Update () (at Assets/Project/Scripts/Runtime/MiniBotHideAndSeekScenario.cs:67)

(Filename: Assets/Project/Scripts/Runtime/MiniBotHideAndSeekScenario.cs Line: 67)

MiniBotHideAndSeekScenario: movement confirmed for Seeker 01.
UnityEngine.StackTraceUtility:ExtractStackTrace () (at /Users/bokken/build/output/unity/unity/Runtime/Export/Scripting/StackTrace.cs:37)
UnityEngine.DebugLogHandler:LogFormat (UnityEngine.LogType,UnityEngine.Object,string,object[])
UnityEngine.Logger:Log (UnityEngine.LogType,object)
UnityEngine.Debug:Log (object)
ArgusUnity.Runtime.MiniBotHideAndSeekScenario:Update () (at Assets/Project/Scripts/Runtime/MiniBotHideAndSeekScenario.cs:67)

(Filename: Assets/Project/Scripts/Runtime/MiniBotHideAndSeekScenario.cs Line: 67)

MiniBotHideAndSeekScenario: movement confirmed for Seeker 02.
UnityEngine.StackTraceUtility:ExtractStackTrace () (at /Users/bokken/build/output/unity/unity/Runtime/Export/Scripting/StackTrace.cs:37)
UnityEngine.DebugLogHandler:LogFormat (UnityEngine.LogType,UnityEngine.Object,string,object[])
UnityEngine.Logger:Log (UnityEngine.LogType,object)
UnityEngine.Debug:Log (object)
ArgusUnity.Runtime.MiniBotHideAndSeekScenario:Update () (at Assets/Project/Scripts/Runtime/MiniBotHideAndSeekScenario.cs:67)

(Filename: Assets/Project/Scripts/Runtime/MiniBotHideAndSeekScenario.cs Line: 67)

MiniBotHideAndSeekScenario: movement confirmed for Hider 02.
UnityEngine.StackTraceUtility:ExtractStackTrace () (at /Users/bokken/build/output/unity/unity/Runtime/Export/Scripting/StackTrace.cs:37)
UnityEngine.DebugLogHandler:LogFormat (UnityEngine.LogType,UnityEngine.Object,string,object[])
UnityEngine.Logger:Log (UnityEngine.LogType,object)
UnityEngine.Debug:Log (object)
ArgusUnity.Runtime.MiniBotHideAndSeekScenario:Update () (at Assets/Project/Scripts/Runtime/MiniBotHideAndSeekScenario.cs:67)

(Filename: Assets/Project/Scripts/Runtime/MiniBotHideAndSeekScenario.cs Line: 67)

ArgusVideo: wrote 240 frames to /Users/guribbong/code/Argus/tmp/visible_motion_frames_close
UnityEngine.StackTraceUtility:ExtractStackTrace () (at /Users/bokken/build/output/unity/unity/Runtime/Export/Scripting/StackTrace.cs:37)
UnityEngine.DebugLogHandler:LogFormat (UnityEngine.LogType,UnityEngine.Object,string,object[])
UnityEngine.Logger:Log (UnityEngine.LogType,object)
UnityEngine.Debug:Log (object)
ArgusUnity.Runtime.SmokeVideoCapture:LateUpdate () (at Assets/Project/Scripts/Runtime/SmokeVideoCapture.cs:69)

(Filename: Assets/Project/Scripts/Runtime/SmokeVideoCapture.cs Line: 69)

Thread 0x363907000 may have been prematurely finalized
Unloading 8 Unused Serialized files (Serialized files now loaded: 0)
Loaded scene 'Temp/__Backupscenes/0.backup'
	Deserialize:            3.342 ms
	Integration:            192.062 ms
	Integration of assets:  0.003 ms
	Thread Wait Time:       0.002 ms
	Total Operation Time:   195.408 ms
Unloading 23 unused Assets / (104.5 KB). Loaded Objects now: 2412.
Memory consumption went from 111.9 MB to 111.7 MB.
Total: 11.911125 ms (FindLiveObjects: 0.363208 ms CreateObjectMapping: 0.025042 ms MarkObjects: 10.718542 ms  DeleteObjects: 0.803666 ms)

[UnityConnectServicesConfig] config is NOT valid, switching to default
gi::BakeBackendSwitch: switching bake backend from 3 to 2.
[00:00:00] Builtin Sky manager started.
Thread 0x365f87000 may have been prematurely finalized
[Licensing::IpcConnector] License Notification channel disconnected successfully.
[Licensing::IpcConnector] License Client channel disconnected successfully.
Thread 0x178693000 may have been prematurely finalized
Thread 0x17871f000 may have been prematurely finalized
Thread 0x1787ab000 may have been prematurely finalized
Thread 0x178837000 may have been prematurely finalized
Thread 0x1788c3000 may have been prematurely finalized
Thread 0x17894f000 may have been prematurely finalized
Cleanup mono
[40m[32minfo[39m[22m[49m: Microsoft.Hosting.Lifetime[0]
      Application is shutting down...
[40m[32minfo[39m[22m[49m: Unity.ILPP.Runner.PostProcessingAssemblyLoadContext[0]
      ALC ILPP context 1 is unloading
debugger-agent: Unable to listen on 48
[Performance] Application.InitializeProject                                                                                                      :        1 samples, Peak.  7.16 s (1.0x), Avg.  7.16 s, Total. 7.158 s (28.2%)
[Performance] Application.PackageManager.StartServer                                                                                             :        1 samples, Peak.  5.82 ms (1.0x), Avg.  5.82 ms, Total. 5.819 ms (0.0%)
[Performance] Application.AcquireProjectLock                                                                                                     :        1 samples, Peak.  3.89 ms (1.0x), Avg.  3.89 ms, Total. 3.885 ms (0.0%)
[Performance] Application.InitializeEngineNoGraphics                                                                                             :        1 samples, Peak.   178 ms (1.0x), Avg.   178 ms, Total. 177.8 ms (0.7%)
[Performance] Application.PackageManager.Initialize                                                                                              :        1 samples, Peak.  1.26 s (1.0x), Avg.  1.26 s, Total. 1.255 s (4.9%)
[Performance] Connecting to Package Manager                                                                                                      :      125 samples, Peak.   328 us (87.0x), Avg.  3.77 us, Total. 471.7 us (0.0%)
[Performance] Application.EngineGraphics.Initialize                                                                                              :        1 samples, Peak.  83.1 ms (1.0x), Avg.  83.1 ms, Total. 83.11 ms (0.3%)
[Performance] Application.GI.Initialize                                                                                                          :        1 samples, Peak.  5.68 ms (1.0x), Avg.  5.68 ms, Total. 5.678 ms (0.0%)
[Performance] Application.LoadAllDefaultResourcesFromEditor                                                                                      :        1 samples, Peak.  1.51 ms (1.0x), Avg.  1.51 ms, Total. 1.507 ms (0.0%)
[Performance] Application.LoadMonoAssemblies                                                                                                     :        1 samples, Peak.   519 ms (1.0x), Avg.   519 ms, Total. 518.6 ms (2.0%)
[Performance] RestoreManagedReferences                                                                                                           :        3 samples, Peak.  62.0 ms (2.1x), Avg.  29.9 ms, Total. 89.83 ms (0.4%)
[Performance] InitializeOnLoad ProjectSearch                                                                                                     :        3 samples, Peak.   259 us (1.3x), Avg.   197 us, Total. 591.2 us (0.0%)
[Performance] InitializeOnLoad AssetStoreContext                                                                                                 :        3 samples, Peak.  17.8 ms (1.1x), Avg.  16.0 ms, Total. 48.02 ms (0.2%)
[Performance] InitializeOnLoad SearchService                                                                                                     :        3 samples, Peak.   157 us (1.6x), Avg.  97.1 us, Total. 291.4 us (0.0%)
[Performance] InitializeOnLoad ObjectSelectorSearch                                                                                              :        3 samples, Peak.   219 us (1.5x), Avg.   148 us, Total. 445.4 us (0.0%)
[Performance] InitializeOnLoad NativeFormatImporterUtility                                                                                       :        3 samples, Peak.  1.50 ms (1.2x), Avg.  1.28 ms, Total. 3.834 ms (0.0%)
[Performance] InitializeOnLoad ManagedDebuggerWindow                                                                                             :        3 samples, Peak.   688 us (1.3x), Avg.   522 us, Total. 1.565 ms (0.0%)
[Performance] InitializeOnLoad PrefabInstanceChangedListener                                                                                     :        3 samples, Peak.   395 us (1.0x), Avg.   382 us, Total. 1.146 ms (0.0%)
[Performance] InitializeOnLoad ManagedDebugger                                                                                                   :        3 samples, Peak.   500 ns (1.4x), Avg.   361 ns, Total. 1.083 us (0.0%)
[Performance] InitializeOnLoad CloudBuild                                                                                                        :        3 samples, Peak.  3.42 us (1.3x), Avg.  2.56 us, Total. 7.666 us (0.0%)
[Performance] InitializeOnLoad Collab                                                                                                            :        3 samples, Peak.  7.54 ms (1.5x), Avg.  4.88 ms, Total. 14.63 ms (0.1%)
[Performance] InitializeOnLoad ShortcutIntegration                                                                                               :        3 samples, Peak.  42.1 us (1.1x), Avg.  38.3 us, Total. 115.0 us (0.0%)
[Performance] InitializeOnLoad MixerEffectDefinitionReloader                                                                                     :        3 samples, Peak.  2.37 ms (1.3x), Avg.  1.76 ms, Total. 5.270 ms (0.0%)
[Performance] InitializeOnLoad DrivenRectTransformUndo                                                                                           :        3 samples, Peak.   196 us (1.2x), Avg.   167 us, Total. 499.6 us (0.0%)
[Performance] InitializeOnLoad WindowLayout                                                                                                      :        3 samples, Peak.   322 us (1.5x), Avg.   211 us, Total. 632.0 us (0.0%)
[Performance] InitializeOnLoad SettingsService                                                                                                   :        3 samples, Peak.  8.25 us (1.5x), Avg.  5.42 us, Total. 16.25 us (0.0%)
[Performance] InitializeOnLoad CacheServerWindow                                                                                                 :        3 samples, Peak.  8.17 us (1.5x), Avg.  5.44 us, Total. 16.33 us (0.0%)
[Performance] InitializeOnLoad MenuItems                                                                                                         :        3 samples, Peak.  53.7 us (1.1x), Avg.  48.3 us, Total. 144.9 us (0.0%)
[Performance] InitializeOnLoad CheckNavigationPackage                                                                                            :        3 samples, Peak.   256 us (1.2x), Avg.   219 us, Total. 656.2 us (0.0%)
[Performance] InitializeOnLoad UISystemProfilerRenderService                                                                                     :        3 samples, Peak.  8.79 us (1.3x), Avg.  6.78 us, Total. 20.33 us (0.0%)
[Performance] InitializeOnLoad EditMode                                                                                                          :        3 samples, Peak.   250 us (1.1x), Avg.   222 us, Total. 666.5 us (0.0%)
[Performance] InitializeOnLoad UnityConnect                                                                                                      :        3 samples, Peak.  30.3 us (1.1x), Avg.  28.3 us, Total. 84.92 us (0.0%)
[Performance] InitializeOnLoad AddComponentWindow                                                                                                :        3 samples, Peak.  82.1 us (1.2x), Avg.  70.8 us, Total. 212.3 us (0.0%)
[Performance] InitializeOnLoad PlayModeDownload                                                                                                  :        3 samples, Peak.  2.83 ms (2.8x), Avg.  1.03 ms, Total. 3.086 ms (0.0%)
[Performance] InitializeOnLoad SceneSearch                                                                                                       :        3 samples, Peak.  51.5 us (1.5x), Avg.  35.3 us, Total. 105.8 us (0.0%)
[Performance] InitializeOnLoad EditorDelegateRegistration                                                                                        :        3 samples, Peak.   559 us (1.1x), Avg.   486 us, Total. 1.459 ms (0.0%)
[Performance] InitializeOnLoad UxmlObjectEditorFactories                                                                                         :        3 samples, Peak.   415 us (1.3x), Avg.   323 us, Total. 969.0 us (0.0%)
[Performance] InitializeOnLoad RetainedMode                                                                                                      :        3 samples, Peak.  1.74 ms (1.1x), Avg.  1.52 ms, Total. 4.547 ms (0.0%)
[Performance] InitializeOnLoad EditorShaderLoader                                                                                                :        3 samples, Peak.   614 us (1.4x), Avg.   453 us, Total. 1.358 ms (0.0%)
[Performance] InitializeOnLoad UIDocumentHierarchyWatcher                                                                                        :        3 samples, Peak.  43.3 us (1.1x), Avg.  40.5 us, Total. 121.4 us (0.0%)
[Performance] InitializeOnLoad EditorMonitor                                                                                                     :        3 samples, Peak.   107 us (1.2x), Avg.  91.2 us, Total. 273.6 us (0.0%)
[Performance] InitializeOnLoad LiveReloadTrackerCreator                                                                                          :        3 samples, Peak.   133 us (1.2x), Avg.   107 us, Total. 320.2 us (0.0%)
[Performance] InitializeOnLoad UXMLEditorFactories                                                                                               :        3 samples, Peak.  38.8 ms (1.1x), Avg.  36.9 ms, Total. 110.8 ms (0.4%)
[Performance] InitializeOnLoad ServicesRepository                                                                                                :        3 samples, Peak.   511 us (1.0x), Avg.   491 us, Total. 1.472 ms (0.0%)
[Performance] InitializeOnLoad UDPService                                                                                                        :        3 samples, Peak.  2.47 ms (1.3x), Avg.  1.89 ms, Total. 5.662 ms (0.0%)
[Performance] InitializeOnLoad EditorGameServicesAnalytics                                                                                       :        3 samples, Peak.  1.21 ms (1.3x), Avg.   932 us, Total. 2.795 ms (0.0%)
[Performance] InitializeOnLoad CloudBuildPoller                                                                                                  :        3 samples, Peak.  85.7 us (1.2x), Avg.  72.5 us, Total. 217.5 us (0.0%)
[Performance] InitializeOnLoad BuildService                                                                                                      :        3 samples, Peak.  1.10 ms (1.2x), Avg.   931 us, Total. 2.792 ms (0.0%)
[Performance] InitializeOnLoad CollabService                                                                                                     :        3 samples, Peak.   922 us (1.1x), Avg.   813 us, Total. 2.439 ms (0.0%)
[Performance] InitializeOnLoad PurchasingService                                                                                                 :        3 samples, Peak.  5.32 ms (1.2x), Avg.  4.61 ms, Total. 13.84 ms (0.1%)
[Performance] InitializeOnLoad CrashService                                                                                                      :        3 samples, Peak.   879 us (1.1x), Avg.   821 us, Total. 2.463 ms (0.0%)
[Performance] InitializeOnLoad AdsService                                                                                                        :        3 samples, Peak.  1.07 ms (1.1x), Avg.   967 us, Total. 2.900 ms (0.0%)
[Performance] InitializeOnLoad AnalyticsService                                                                                                  :        3 samples, Peak.  1.32 ms (1.1x), Avg.  1.17 ms, Total. 3.509 ms (0.0%)
[Performance] InitializeOnLoad SearchWindow                                                                                                      :        3 samples, Peak.   197 us (1.5x), Avg.   131 us, Total. 393.5 us (0.0%)
[Performance] InitializeOnLoad SearchMonitor                                                                                                     :        3 samples, Peak.  7.45 ms (1.9x), Avg.  3.85 ms, Total. 11.55 ms (0.0%)
[Performance] InitializeOnLoad ParameterControllerEditor                                                                                         :        3 samples, Peak.  76.5 us (1.9x), Avg.  39.4 us, Total. 118.2 us (0.0%)
[Performance] InitializeOnLoad LayerSettingsWindow                                                                                               :        3 samples, Peak.  17.5 us (2.2x), Avg.  7.94 us, Total. 23.83 us (0.0%)
[Performance] InitializeOnLoad PackageManagerHookGUIDConverter.RegisterPackagesEventHandler                                                      :        3 samples, Peak.   538 us (2.1x), Avg.   261 us, Total. 781.8 us (0.0%)
[Performance] InitializeOnLoad EditorDragAndDrop.RegisterEditorClient                                                                            :        3 samples, Peak.   720 us (2.1x), Avg.   336 us, Total. 1.007 ms (0.0%)
[Performance] InitializeOnLoad EditorEventCallbacks.InitializeFontAssetResourceChangeCallBacks                                                   :        3 samples, Peak.  1.60 ms (1.5x), Avg.  1.08 ms, Total. 3.245 ms (0.0%)
[Performance] InitializeOnLoad SceneTemplateService.Init                                                                                         :        3 samples, Peak.   983 us (1.1x), Avg.   865 us, Total. 2.595 ms (0.0%)
[Performance] InitializeOnLoad DiagnosticSwitchesConsoleMessage.Init                                                                             :        3 samples, Peak.  2.54 ms (1.3x), Avg.  1.99 ms, Total. 5.981 ms (0.0%)
[Performance] InitializeOnLoad ScopedRegistryAddedPopup.SubscribeToRegistriesAdded                                                               :        3 samples, Peak.  31.5 ms (1.9x), Avg.  16.8 ms, Total. 50.25 ms (0.2%)
[Performance] InitializeOnLoad PackageManagerWindow.EditorInitializedInSafeMode                                                                  :        3 samples, Peak.   123 us (1.2x), Avg.   102 us, Total. 306.0 us (0.0%)
[Performance] InitializeOnLoad MemoryProfilerCompilationGuard.InjectCompileGuard                                                                 :        3 samples, Peak.  87.3 us (1.5x), Avg.  57.7 us, Total. 173.2 us (0.0%)
[Performance] InitializeOnLoad SceneVisibilityManager.Initialize                                                                                 :        3 samples, Peak.  3.43 ms (2.2x), Avg.  1.57 ms, Total. 4.715 ms (0.0%)
[Performance] InitializeOnLoad AssetPostprocessingInternal.RefreshCustomDependencies                                                             :        3 samples, Peak.  3.13 ms (1.4x), Avg.  2.25 ms, Total. 6.738 ms (0.0%)
[Performance] InitializeOnLoad ToolShortcutContext.Init                                                                                          :        3 samples, Peak.  95.0 us (1.1x), Avg.  86.3 us, Total. 258.8 us (0.0%)
[Performance] InitializeOnLoad SysrootManager.Initialize                                                                                         :        3 samples, Peak.   361 us (1.2x), Avg.   307 us, Total. 921.5 us (0.0%)
[Performance] InitializeOnLoad EditorWindow.Initialize                                                                                           :        3 samples, Peak.   236 us (1.6x), Avg.   146 us, Total. 436.6 us (0.0%)
[Performance] AssemblyReloadEvents.afterAssemblyReload: UnityEditor.SceneTemplate.SceneTemplateService.AfterAssemblyReload                       :        3 samples, Peak.  3.29 ms (1.8x), Avg.  1.87 ms, Total. 5.623 ms (0.0%)
[Performance] ProcessService.EditorAfterLoadAllAssemblies                                                                                        :        3 samples, Peak.   613 us (1.4x), Avg.   451 us, Total. 1.352 ms (0.0%)
[Performance] Application.ReadLicenseInfo                                                                                                        :        1 samples, Peak.  41.4 ms (1.0x), Avg.  41.4 ms, Total. 41.37 ms (0.2%)
[Performance] Application.InitialRefresh                                                                                                         :        1 samples, Peak.  3.45 s (1.0x), Avg.  3.45 s, Total. 3.453 s (13.6%)
[Performance] Compiling Scripts                                                                                                                  :        1 samples, Peak.   949 ms (1.0x), Avg.   949 ms, Total. 948.5 ms (3.7%)
[Performance] AssemblyReloadEvents.beforeAssemblyReload: UnityEditor.SceneTemplate.SceneTemplateService.BeforeAssemblyReload                     :        2 samples, Peak.   603 us (1.3x), Avg.   474 us, Total. 948.0 us (0.0%)
[Performance] InitializeOnLoad BurstLoader                                                                                                       :        2 samples, Peak.  1.38 s (2.0x), Avg.   697 ms, Total. 1.394 s (5.5%)
[Performance] InitializeOnLoad BackgroundWatcher                                                                                                 :        2 samples, Peak.   166 us (1.3x), Avg.   128 us, Total. 255.7 us (0.0%)
[Performance] InitializeOnLoad UnityTestProtocolStarter                                                                                          :        2 samples, Peak.   275 us (1.1x), Avg.   239 us, Total. 478.6 us (0.0%)
[Performance] InitializeOnLoad TestStarter                                                                                                       :        2 samples, Peak.   445 us (1.1x), Avg.   422 us, Total. 843.7 us (0.0%)
[Performance] InitializeOnLoad RerunCallbackInitializer                                                                                          :        2 samples, Peak.  6.10 ms (1.7x), Avg.  3.65 ms, Total. 7.310 ms (0.0%)
[Performance] InitializeOnLoad TestJobDataHolder.ResumeRunningJobs                                                                               :        2 samples, Peak.  1.24 ms (1.5x), Avg.   827 us, Total. 1.654 ms (0.0%)
[Performance] InitializeOnLoad AnalyticsReporter.RegisterCallbacks                                                                               :        2 samples, Peak.  99.7 us (1.0x), Avg.  95.4 us, Total. 190.8 us (0.0%)
[Performance] InitializeOnLoad $BurstDirectCallInitializer.Initialize                                                                            :        2 samples, Peak.  12.0 ms (1.2x), Avg.  9.82 ms, Total. 19.65 ms (0.1%)
[Performance] DidReloadScriptsTestRunnerWindow.CompilationCallback                                                                               :        2 samples, Peak.  1.51 ms (1.6x), Avg.   945 us, Total. 1.890 ms (0.0%)
[Performance] DidReloadScriptsTestListCache.ScriptReloaded                                                                                       :        2 samples, Peak.  1.43 ms (1.9x), Avg.   754 us, Total. 1.508 ms (0.0%)
[Performance] DidReloadScriptsOnScriptsReloadHandler.OnScriptsReloaded                                                                           :        2 samples, Peak.  1.31 ms (1.3x), Avg.   994 us, Total. 1.988 ms (0.0%)
[Performance] DidReloadScriptsAdvancedDropdownWindow.OnScriptReload                                                                              :        2 samples, Peak.   166 us (1.1x), Avg.   150 us, Total. 299.5 us (0.0%)
[Performance] SyncVS.PostprocessSyncProject                                                                                                      :        7 samples, Peak.   929 us (3.8x), Avg.   245 us, Total. 1.715 ms (0.0%)
[Performance] Application.ImportPackagesAndSetTemplateWhenCreatingProject                                                                        :        1 samples, Peak.  74.3 ms (1.0x), Avg.  74.3 ms, Total. 74.31 ms (0.3%)
[Performance] Application.SyncCurrentColorSpace                                                                                                  :        1 samples, Peak.   363 ms (1.0x), Avg.   363 ms, Total. 363.2 ms (1.4%)
[Performance] Application.OnUsbDevicesChanged                                                                                                    :        1 samples, Peak.   895 us (1.0x), Avg.   895 us, Total. 895.2 us (0.0%)
[Performance] Application.AssetInstanceCacheUpdate                                                                                               :        1 samples, Peak.   167 ns (1.0x), Avg.   167 ns, Total. 167.0 ns (0.0%)
[Performance] Application.UnityExtensions.Initialize                                                                                             :        1 samples, Peak.  1.27 ms (1.0x), Avg.  1.27 ms, Total. 1.270 ms (0.0%)
[Performance] CodeEditorProjectSync.SyncEditorProject                                                                                            :        1 samples, Peak.   167 us (1.0x), Avg.   167 us, Total. 167.0 us (0.0%)
[Performance] Application.ExecuteStartups                                                                                                        :        1 samples, Peak.  60.5 ms (1.0x), Avg.  60.5 ms, Total. 60.49 ms (0.2%)
[Performance] Menu.RegisterMenuInterface                                                                                                         :       26 samples, Peak.   133 us (25.0x), Avg.  5.33 us, Total. 138.5 us (0.0%)
[Performance] Gizmo.RebuildRenderers                                                                                                             :        4 samples, Peak.  52.4 ms (3.8x), Avg.  14.0 ms, Total. 55.86 ms (0.2%)
[Performance] Gizmo.AddGizmoRenderers                                                                                                            :      164 samples, Peak.  2.31 ms (71.2x), Avg.  32.5 us, Total. 5.325 ms (0.0%)
[Performance] Application.editorInitializingProject                                                                                              :        1 samples, Peak.  65.8 ms (1.0x), Avg.  65.8 ms, Total. 65.83 ms (0.3%)
[Performance] Application.FinishLoadingProject                                                                                                   :        1 samples, Peak.  2.68 s (1.0x), Avg.  2.68 s, Total. 2.676 s (10.5%)
[Performance] Application.InitializeMenu                                                                                                         :        1 samples, Peak.  76.8 ms (1.0x), Avg.  76.8 ms, Total. 76.75 ms (0.3%)
[Performance] Menu.RebuildAll                                                                                                                    :        1 samples, Peak.  76.7 ms (1.0x), Avg.  76.7 ms, Total. 76.72 ms (0.3%)
[Performance] Menu.BuildRegisteredMenuInterfaces                                                                                                 :        1 samples, Peak.  65.9 ms (1.0x), Avg.  65.9 ms, Total. 65.89 ms (0.3%)
[Performance] Menu.FilterMenuItem                                                                                                                :      743 samples, Peak.  29.4 ms (722.6x), Avg.  40.8 us, Total. 30.28 ms (0.1%)
[Performance] UpdateAllMenus                                                                                                                     :        3 samples, Peak.  18.7 ms (1.6x), Avg.  11.7 ms, Total. 35.05 ms (0.1%)
[Performance] Selection.selectionChanged: UnityEditor.PackageManager.UI.Internal.SelectionProxy.OnSelectionChanged                               :        1 samples, Peak.  1.49 ms (1.0x), Avg.  1.49 ms, Total. 1.493 ms (0.0%)
[Performance] Selection.selectionChanged: UnityEditorInternal.EditMode.OnSelectionChange                                                         :        1 samples, Peak.   667 us (1.0x), Avg.   667 us, Total. 667.2 us (0.0%)
[Performance] EditorSceneManager.sceneClosing: UnityEditor.SceneVisibilityManager.EditorSceneManagerOnSceneClosing                               :        5 samples, Peak.   227 us (2.9x), Avg.  78.0 us, Total. 390.0 us (0.0%)
[Performance] EditorSceneManager.sceneClosed: callback in UnityEditor.Search.SearchMonitor                                                       :        4 samples, Peak.   432 us (3.3x), Avg.   129 us, Total. 518.0 us (0.0%)
[Performance] EditorSceneManager.activeSceneChangedInEditMode: callback in UnityEditor.Search.SearchMonitor                                      :        4 samples, Peak.  27.3 us (2.3x), Avg.  12.0 us, Total. 48.08 us (0.0%)
[Performance] GUIView.RepaintAll.PlayerLoopController                                                                                            :      243 samples, Peak.   233 ms (100.6x), Avg.  2.31 ms, Total. 562.1 ms (2.2%)
[Performance] EditorSceneManager.newSceneCreated: UnityEditor.SceneTemplate.SceneTemplateService.OnNewSceneCreated                               :        2 samples, Peak.   431 us (2.0x), Avg.   216 us, Total. 431.6 us (0.0%)
[Performance] EditorSceneManager.newSceneCreated: UnityEditor.SceneVisibilityManager.EditorSceneManagerOnNewSceneCreated                         :        2 samples, Peak.   257 us (2.0x), Avg.   130 us, Total. 260.8 us (0.0%)
[Performance] EditorSceneManager.newSceneCreated: UnityEditor.SceneManagement.StageNavigationManager.OnNewSceneCreated                           :        2 samples, Peak.  86.0 us (2.0x), Avg.  43.4 us, Total. 86.71 us (0.0%)
[Performance] Application.InvokeFinishedLoadingProject                                                                                           :        1 samples, Peak.  4.54 ms (1.0x), Avg.  4.54 ms, Total. 4.537 ms (0.0%)
[Performance] ProcessService.OnProjectLoaded                                                                                                     :        1 samples, Peak.   141 us (1.0x), Avg.   141 us, Total. 141.1 us (0.0%)
[Performance] VersionControl.Task.Wait                                                                                                           :        1 samples, Peak.  57.5 us (1.0x), Avg.  57.5 us, Total. 57.50 us (0.0%)
[Performance] AssetDatabase.Refresh                                                                                                              :        1 samples, Peak.   136 ms (1.0x), Avg.   136 ms, Total. 136.4 ms (0.5%)
[Performance] AssetDatabase.ImportAsset                                                                                                          :        4 samples, Peak.   159 ms (2.7x), Avg.  58.9 ms, Total. 235.4 ms (0.9%)
[Performance] PresetManagerPostProcessor.OnPreprocessAsset                                                                                       :        6 samples, Peak.   231 us (4.9x), Avg.  46.7 us, Total. 280.4 us (0.0%)
[Performance] CancelSplashScreenOnAssetChange.OnPreprocessAsset                                                                                  :        6 samples, Peak.   255 us (5.8x), Avg.  44.3 us, Total. 265.8 us (0.0%)
[Performance] SceneDataContainer.TransformHierarchyChangedSetParentCallback                                                                      :       90 samples, Peak.   536 us (79.9x), Avg.  6.70 us, Total. 603.4 us (0.0%)
[Performance] SceneVisibilityState.IsFlagSetInParents                                                                                            :      147 samples, Peak.   533 us (135.6x), Avg.  3.93 us, Total. 578.1 us (0.0%)
[Performance] AssetDatabase.ImportAssets                                                                                                         :        9 samples, Peak.  70.8 ms (9.0x), Avg.  7.87 ms, Total. 70.84 ms (0.3%)
[Performance] BuilderAssetPostprocessor.OnPostprocessAllAssets                                                                                   :       10 samples, Peak.  2.79 ms (4.8x), Avg.   577 us, Total. 5.769 ms (0.0%)
[Performance] ArtifactBrowserPostProcessor.OnPostprocessAllAssets                                                                                :       10 samples, Peak.   310 us (4.7x), Avg.  65.2 us, Total. 651.9 us (0.0%)
[Performance] AssetEvents.OnPostprocessAllAssets                                                                                                 :       20 samples, Peak.   147 us (6.7x), Avg.  21.9 us, Total. 438.8 us (0.0%)
[Performance] AudioMixerPostprocessor.OnPostprocessAllAssets                                                                                     :       10 samples, Peak.   199 us (4.8x), Avg.  41.4 us, Total. 414.0 us (0.0%)
[Performance] StyleCatalogPostProcessor.OnPostprocessAllAssets                                                                                   :       10 samples, Peak.  19.9 ms (5.0x), Avg.  3.98 ms, Total. 39.83 ms (0.2%)
[Performance] BuildCatalog                                                                                                                       :        2 samples, Peak.  18.8 ms (1.3x), Avg.  14.9 ms, Total. 29.85 ms (0.1%)
[Performance] ModelImporterPostProcessor.OnPostprocessAllAssets                                                                                  :       10 samples, Peak.  3.79 ms (4.1x), Avg.   925 us, Total. 9.248 ms (0.0%)
[Performance] RetainedModeAssetPostprocessor.OnPostprocessAllAssets                                                                              :       10 samples, Peak.  1.52 ms (4.8x), Avg.   320 us, Total. 3.201 ms (0.0%)
[Performance] AssetChangedListener.OnPostprocessAllAssets                                                                                        :       10 samples, Peak.  5.19 ms (4.6x), Avg.  1.14 ms, Total. 11.35 ms (0.0%)
[Performance] SpeedTreePostProcessor.OnPostprocessAllAssets                                                                                      :       10 samples, Peak.   122 us (3.5x), Avg.  34.6 us, Total. 346.1 us (0.0%)
[Performance] TextAssetPostProcessor.OnPostprocessAllAssets                                                                                      :       10 samples, Peak.   289 us (4.6x), Avg.  63.4 us, Total. 633.8 us (0.0%)
[Performance] BuilderAssetModificationProcessor.OnWillSaveAssets                                                                                 :        2 samples, Peak.   395 us (1.1x), Avg.   354 us, Total. 707.9 us (0.0%)
[Performance] TerrainModificationProcessor.OnWillSaveAssets                                                                                      :        2 samples, Peak.   638 us (1.2x), Avg.   545 us, Total. 1.089 ms (0.0%)
[Performance] EditorSceneManager.sceneSaving: UnityEditor.SceneTemplate.SceneTemplateService.OnSceneSaving                                       :        1 samples, Peak.   202 us (1.0x), Avg.   202 us, Total. 202.2 us (0.0%)
[Performance] EditorSceneManager.sceneSaving: UnityEditor.SceneVisibilityManager.EditorSceneManagerOnSceneSaving                                 :        1 samples, Peak.   109 us (1.0x), Avg.   109 us, Total. 109.0 us (0.0%)
[Performance] BuilderAssetModificationProcessor.OnWillCreateAsset                                                                                :        1 samples, Peak.   176 us (1.0x), Avg.   176 us, Total. 175.6 us (0.0%)
[Performance] ShaderImporter.SourceAssetModified                                                                                                 :        1 samples, Peak.   292 ns (1.0x), Avg.   292 ns, Total. 292.0 ns (0.0%)
[Performance] ShaderIncludeImporter.SourceAssetModified                                                                                          :        1 samples, Peak.   292 ns (1.0x), Avg.   292 ns, Total. 292.0 ns (0.0%)
[Performance] EditorSceneManager.sceneSaved: UnityEditor.SceneTemplate.SceneTemplateService.OnSceneSaved                                         :        1 samples, Peak.  16.8 ms (1.0x), Avg.  16.8 ms, Total. 16.76 ms (0.1%)
[Performance] EditorSceneManager.sceneSaved: UnityEditor.SceneVisibilityManager.EditorSceneManagerOnSceneSaved                                   :        1 samples, Peak.  87.8 us (1.0x), Avg.  87.8 us, Total. 87.75 us (0.0%)
[Performance] EditorSceneManager.sceneOpening: UnityEditor.SceneVisibilityManager.EditorSceneManagerOnSceneOpening                               :        1 samples, Peak.  92.1 us (1.0x), Avg.  92.1 us, Total. 92.08 us (0.0%)
[Performance] Inspector.InitOrRebuild                                                                                                            :        3 samples, Peak.   773 us (1.8x), Avg.   423 us, Total. 1.270 ms (0.0%)
[Performance] EditorSceneManager.sceneOpened: callback in UnityEditor.Search.SearchMonitor                                                       :        1 samples, Peak.  37.6 us (1.0x), Avg.  37.6 us, Total. 37.58 us (0.0%)
[Performance] EditorSceneManager.sceneOpened: UnityEditor.SceneTemplate.SceneTemplateService.OnSceneOpened                                       :        1 samples, Peak.   162 us (1.0x), Avg.   162 us, Total. 162.3 us (0.0%)
[Performance] EditorSceneManager.sceneOpened: UnityEditor.SceneVisibilityManager.EditorSceneManagerOnSceneOpened                                 :        1 samples, Peak.  88.4 us (1.0x), Avg.  88.4 us, Total. 88.42 us (0.0%)
[Performance] EditorSceneManager.sceneOpened: UnityEditor.SceneManagement.StageNavigationManager.OnSceneOpened                                   :        1 samples, Peak.  31.5 us (1.0x), Avg.  31.5 us, Total. 31.50 us (0.0%)
[Performance] Menu.Game                                                                                                                          :        1 samples, Peak.   562 ms (1.0x), Avg.   562 ms, Total. 562.0 ms (2.2%)
[Performance] MenuItem.Game                                                                                                                      :        1 samples, Peak.   562 ms (1.0x), Avg.   562 ms, Total. 561.7 ms (2.2%)
[Performance] EditorResources.Load                                                                                                               :      221 samples, Peak.  20.1 ms (84.3x), Avg.   238 us, Total. 52.61 ms (0.2%)
[Performance] EditorApplication.playModeStateChanged                                                                                             :        2 samples, Peak.  14.6 ms (1.8x), Avg.  8.06 ms, Total. 16.11 ms (0.1%)
[Performance] EditorApplication.playModeStateChanged: UnityEditor.PackageManager.UI.Internal.PlayModeDownload.PlayModeStateChanged               :        4 samples, Peak.   979 us (3.3x), Avg.   301 us, Total. 1.202 ms (0.0%)
[Performance] EditorApplication.playModeStateChanged: UnityEditor.SceneManagement.EditorSceneManager.PlayModeStateChangedCallback                :        4 samples, Peak.   271 us (3.7x), Avg.  72.9 us, Total. 291.6 us (0.0%)
[Performance] EditorApplication.playModeStateChanged: UnityEditor.Search.SearchMonitor.OnPlayModeChanged                                         :        3 samples, Peak.   828 us (1.6x), Avg.   513 us, Total. 1.540 ms (0.0%)
[Performance] EditorApplication.playModeStateChanged: Unity.Burst.Editor.BurstLoader.EditorApplicationOnPlayModeStateChanged                     :        4 samples, Peak.   629 us (2.8x), Avg.   228 us, Total. 910.3 us (0.0%)
[Performance] EditorApplication.playModeStateChanged: UnityEditor.TestTools.TestRunner.PlaymodeLauncher+BackgroundWatcher.OnPlayModeStateChanged :        4 samples, Peak.  2.29 ms (3.3x), Avg.   703 us, Total. 2.810 ms (0.0%)
[Performance] EditorApplication.playModeStateChanged: UnityEditor.PackageManager.UI.Internal.ApplicationProxy.PlayModeStateChanged               :        4 samples, Peak.   322 us (2.9x), Avg.   111 us, Total. 444.5 us (0.0%)
[Performance] EditorApplication.playModeStateChanged: UnityEditor.SceneVisibilityManager.EditorApplicationPlayModeStateChanged                   :        4 samples, Peak.   175 us (3.6x), Avg.  48.6 us, Total. 194.2 us (0.0%)
[Performance] EditorApplication.playModeStateChanged: UnityEditor.TestTools.TestRunner.TestRunnerWindow.OnPlayModeStateChanged                   :        4 samples, Peak.   122 us (2.3x), Avg.  54.0 us, Total. 215.9 us (0.0%)
[Performance] EditorApplication.playModeStateChanged: UnityEditor.GameView.OnPlayModeStateChanged                                                :        4 samples, Peak.  60.7 us (2.1x), Avg.  28.6 us, Total. 114.3 us (0.0%)
[Performance] EditorApplication.playModeStateChanged: UnityEditor.UIElements.DefaultEditorWindowBackend.PlayModeStateChangedCallback             :        4 samples, Peak.  7.02 ms (3.9x), Avg.  1.81 ms, Total. 7.246 ms (0.0%)
[Performance] Application.InvokeProjectWasLoaded                                                                                                 :        1 samples, Peak.  37.6 us (1.0x), Avg.  37.6 us, Total. 37.58 us (0.0%)
[Performance] Application.Tick                                                                                                                   :      239 samples, Peak.  2.02 s (51.2x), Avg.  39.5 ms, Total. 9.437 s (37.2%)
[Performance] CheckLicensingClient                                                                                                               :        2 samples, Peak.  1.08 ms (2.0x), Avg.   544 us, Total. 1.087 ms (0.0%)
[Performance] CheckLicensingClientNotification                                                                                                   :        2 samples, Peak.   174 us (1.9x), Avg.  89.3 us, Total. 178.7 us (0.0%)
[Performance] Application.TickVersionControl                                                                                                     :      240 samples, Peak.   182 us (94.7x), Avg.  1.92 us, Total. 460.5 us (0.0%)
[Performance] MonoCompiler.Tick                                                                                                                  :       36 samples, Peak.  1.92 s (36.0x), Avg.  53.2 ms, Total. 1.917 s (7.6%)
[Performance] Application.EnterPlayMode                                                                                                          :        1 samples, Peak.  1.91 s (1.0x), Avg.  1.91 s, Total. 1.907 s (7.5%)
[Performance] Application.Reload                                                                                                                 :        1 samples, Peak.  1.03 s (1.0x), Avg.  1.03 s, Total. 1.026 s (4.0%)
[Performance] AssemblyReloadEvents.beforeAssemblyReload: UnityEditor.Search.SearchMonitor.OnBeforeAssemblyReload                                 :        1 samples, Peak.  2.27 ms (1.0x), Avg.  2.27 ms, Total. 2.266 ms (0.0%)
[Performance] UnityBuildPostprocessor.OnProcessScene                                                                                             :        1 samples, Peak.   926 us (1.0x), Avg.   926 us, Total. 925.5 us (0.0%)
[Performance] GameView.Repaint                                                                                                                   :      242 samples, Peak.   232 ms (109.3x), Avg.  2.12 ms, Total. 513.2 ms (2.0%)
[Performance] RefreshSkin                                                                                                                        :        1 samples, Peak.  78.8 ms (1.0x), Avg.  78.8 ms, Total. 78.76 ms (0.3%)
[Performance] UnityConnect.Tick                                                                                                                  :        2 samples, Peak.  4.95 ms (1.8x), Avg.  2.73 ms, Total. 5.463 ms (0.0%)
[Performance] Collab.Tick                                                                                                                        :        2 samples, Peak.  15.0 us (1.6x), Avg.  9.50 us, Total. 19.00 us (0.0%)
[Performance] CurlRequest.Tick                                                                                                                   :       64 samples, Peak.   249 us (55.0x), Avg.  4.53 us, Total. 289.6 us (0.0%)
[Performance] WebSocketClient.Tick                                                                                                               :       64 samples, Peak.   141 us (54.2x), Avg.  2.61 us, Total. 167.0 us (0.0%)
[Performance] AssetDatabase.Tick                                                                                                                 :       64 samples, Peak.  39.0 us (44.4x), Avg.   878 ns, Total. 56.21 us (0.0%)
[Performance] SceneBackgroundTask.Tick                                                                                                           :       47 samples, Peak.   417 ns (4.7x), Avg.  89.6 ns, Total. 4.209 us (0.0%)
[Performance] Scheduler.Tick                                                                                                                     :      240 samples, Peak.  3.57 ms (124.4x), Avg.  28.7 us, Total. 6.892 ms (0.0%)
[Performance] RepaintAllProfilerWindows                                                                                                          :       16 samples, Peak.   171 us (13.6x), Avg.  12.6 us, Total. 201.3 us (0.0%)
[Performance] PlayerUpdates.Tick                                                                                                                 :      123 samples, Peak.  29.9 us (2.7x), Avg.  11.2 us, Total. 1.382 ms (0.0%)
[Performance] Application.TickGlobalCallbacks                                                                                                    :      240 samples, Peak.  35.1 ms (191.3x), Avg.   184 us, Total. 44.09 ms (0.2%)
[Performance] EditorAnalytics.Tick                                                                                                               :       29 samples, Peak.   221 us (18.9x), Avg.  11.7 us, Total. 339.7 us (0.0%)
[Performance] Video.Update                                                                                                                       :      240 samples, Peak.  1.33 us (3.5x), Avg.   383 ns, Total. 91.99 us (0.0%)
[Performance] Application.TickProgress                                                                                                           :      240 samples, Peak.  2.01 ms (215.6x), Avg.  9.34 us, Total. 2.241 ms (0.0%)
[Performance] Application.TickSceneTracker                                                                                                       :      240 samples, Peak.  2.93 ms (103.2x), Avg.  28.4 us, Total. 6.821 ms (0.0%)
[Performance] EditorApplication.update                                                                                                           :      240 samples, Peak.  2.90 ms (113.4x), Avg.  25.6 us, Total. 6.138 ms (0.0%)
[Performance] EditorApplication.update: UnityEditor.PackageManager.UI.Internal.ApplicationProxy.OnUpdate                                         :      240 samples, Peak.   374 us (39.9x), Avg.  9.38 us, Total. 2.251 ms (0.0%)
[Performance] EditorApplication.update: UnityEditor.SceneManagement.StageNavigationManager.Update                                                :      240 samples, Peak.   223 us (137.8x), Avg.  1.62 us, Total. 388.0 us (0.0%)
[Performance] EditorApplication.update: UnityEditor.GameView.RepaintIfNeeded                                                                     :      240 samples, Peak.  69.3 us (42.1x), Avg.  1.65 us, Total. 395.2 us (0.0%)
[Performance] EditorApplication.update: GLTFast.OnScriptsReloadHandler.Progress                                                                  :        1 samples, Peak.  1.60 ms (1.0x), Avg.  1.60 ms, Total. 1.601 ms (0.0%)
[Performance] Package.AsyncRequest                                                                                                               :        1 samples, Peak.   145 us (1.0x), Avg.   145 us, Total. 145.3 us (0.0%)
[Performance] ConsoleLog.Tick                                                                                                                    :       36 samples, Peak.   136 us (24.2x), Avg.  5.61 us, Total. 202.1 us (0.0%)
[Performance] HierarchyWindow.Tick                                                                                                               :       47 samples, Peak.   397 us (34.5x), Avg.  11.5 us, Total. 541.6 us (0.0%)
[Performance] EditorApplication.hierarchyChanged: Unity.UIElements.Editor.UIDocumentHierarchyWatcher.OnHierarchyChanged                          :        2 samples, Peak.  78.1 us (1.0x), Avg.  76.4 us, Total. 152.7 us (0.0%)
[Performance] Inspector.Tick                                                                                                                     :       46 samples, Peak.  18.4 ms (44.7x), Avg.   411 us, Total. 18.89 ms (0.1%)
[Performance] EditorApplication.delayCall: UnityEditor.ShortcutManagement.ShortcutIntegration.EnsureShortcutsAreInitialized                      :        1 samples, Peak.  17.4 ms (1.0x), Avg.  17.4 ms, Total. 17.35 ms (0.1%)
[Performance] EditorApplication.delayCall: callback in UnityEditor.SceneVisibilityManager                                                        :        1 samples, Peak.   768 us (1.0x), Avg.   768 us, Total. 767.7 us (0.0%)
[Performance] EditorApplication.delayCall: callback in UnityEditor.EditorTools.ToolShortcutContext                                               :        1 samples, Peak.  56.6 us (1.0x), Avg.  56.6 us, Total. 56.58 us (0.0%)
[Performance] EditorApplication.delayCall: callback in UnityEditor.EditorWindow                                                                  :        1 samples, Peak.  22.6 us (1.0x), Avg.  22.6 us, Total. 22.58 us (0.0%)
[Performance] Tooltip.Tick                                                                                                                       :      122 samples, Peak.  4.21 us (14.7x), Avg.   286 ns, Total. 34.91 us (0.0%)
[Performance] Application.RequestRepaintForPanels                                                                                                :      239 samples, Peak.   290 us (107.4x), Avg.  2.70 us, Total. 645.9 us (0.0%)
[Performance] Application.UpdateScene                                                                                                            :      239 samples, Peak.  60.5 ms (2.0x), Avg.  30.1 ms, Total. 7.184 s (28.3%)
[Performance] PackageImporter.Tick                                                                                                               :       35 samples, Peak.  1.92 us (7.6x), Avg.   254 ns, Total. 8.877 us (0.0%)
[Performance] InspectorBackground.Tick                                                                                                           :       45 samples, Peak.   625 ns (2.1x), Avg.   297 ns, Total. 13.38 us (0.0%)
[Performance] BurstDebug.Tick                                                                                                                    :       15 samples, Peak.  2.71 us (2.7x), Avg.  1.01 us, Total. 15.21 us (0.0%)
[Performance] Application.ChangeLayoutIfNeeded                                                                                                   :      239 samples, Peak.   292 ns (7.2x), Avg.  40.5 ns, Total. 9.676 us (0.0%)
[Performance] AsyncReadManager.ForceCloseFiles                                                                                                   :        8 samples, Peak.  45.2 us (6.0x), Avg.  7.51 us, Total. 60.08 us (0.0%)
[Performance] Application.Message                                                                                                                :      239 samples, Peak.  6.79 us (7.5x), Avg.   902 ns, Total. 215.5 us (0.0%)
[Performance] Application.ExitPlayMode                                                                                                           :        1 samples, Peak.   240 ms (1.0x), Avg.   240 ms, Total. 240.0 ms (0.9%)
[Performance] CoreBusinessMetrics.Tick                                                                                                           :        1 samples, Peak.   570 us (1.0x), Avg.   570 us, Total. 570.1 us (0.0%)
[Performance] GI.Tick                                                                                                                            :        1 samples, Peak.  1.13 ms (1.0x), Avg.  1.13 ms, Total. 1.129 ms (0.0%)
[Performance] UnitySynchronization.ExecuteTasks                                                                                                  :        1 samples, Peak.  2.00 us (1.0x), Avg.  2.00 us, Total. 2.000 us (0.0%)
[Performance] Application.TickPreloadManager                                                                                                     :        1 samples, Peak.  4.25 us (1.0x), Avg.  4.25 us, Total. 4.250 us (0.0%)
[Performance] Application.Shutdown.CollabTerminate                                                                                               :        1 samples, Peak.   140 us (1.0x), Avg.   140 us, Total. 140.2 us (0.0%)
[Performance] Application.Shutdown.CollabCleanup                                                                                                 :        1 samples, Peak.  1.34 ms (1.0x), Avg.  1.34 ms, Total. 1.342 ms (0.0%)
[Performance] Application.Shutdown.SaveDefaultWindowPreferences                                                                                  :        1 samples, Peak.   153 us (1.0x), Avg.   153 us, Total. 152.6 us (0.0%)
[Performance] Application.Shutdown.SaveSceneManagerSetup                                                                                         :        1 samples, Peak.   200 us (1.0x), Avg.   200 us, Total. 200.5 us (0.0%)
[Performance] Application.Shutdown.CleanupAllContainerWindows                                                                                    :        1 samples, Peak.  15.5 ms (1.0x), Avg.  15.5 ms, Total. 15.55 ms (0.1%)
[Performance] EditorApplication.quitting: Unity.Burst.Editor.BurstLoader.OnEditorApplicationQuitting                                             :        1 samples, Peak.  25.7 us (1.0x), Avg.  25.7 us, Total. 25.67 us (0.0%)
[Performance] EditorApplication.quitting: callback in UnityEditor.TextCore.Text.EditorEventCallbacks                                             :        1 samples, Peak.  29.9 ms (1.0x), Avg.  29.9 ms, Total. 29.87 ms (0.1%)
[Performance] EditorApplication.quitting: UnityEditor.Search.SearchMonitor.OnQuitting                                                            :        1 samples, Peak.   565 us (1.0x), Avg.   565 us, Total. 565.1 us (0.0%)
[Performance] Application.Shutdown.PauseProfilerSession                                                                                          :        1 samples, Peak.  13.4 us (1.0x), Avg.  13.4 us, Total. 13.42 us (0.0%)
[Performance] Application.Shutdown.PauseAssetImportWorkers                                                                                       :        1 samples, Peak.   112 us (1.0x), Avg.   112 us, Total. 111.6 us (0.0%)
[Performance] Application.Shutdown.SaveAssets                                                                                                    :        1 samples, Peak.  3.73 ms (1.0x), Avg.  3.73 ms, Total. 3.733 ms (0.0%)
[Performance] Application.Shutdown.CleanupRenderPipeline                                                                                         :        1 samples, Peak.  2.25 us (1.0x), Avg.  2.25 us, Total. 2.250 us (0.0%)
[Performance] Application.Shutdown.StopPreloadManager                                                                                            :        1 samples, Peak.  10.8 ms (1.0x), Avg.  10.8 ms, Total. 10.77 ms (0.0%)
[Performance] Application.Shutdown.DestroyWorld                                                                                                  :        1 samples, Peak.   455 us (1.0x), Avg.   455 us, Total. 454.8 us (0.0%)
[Performance] Application.Shutdown.CleanupAfterLoad                                                                                              :        1 samples, Peak.  95.0 ms (1.0x), Avg.  95.0 ms, Total. 95.03 ms (0.4%)
[Performance] Application.Shutdown.Progress                                                                                                      :        1 samples, Peak.  13.0 us (1.0x), Avg.  13.0 us, Total. 13.00 us (0.0%)
[Performance] Application.Shutdown.GICleanupManagers                                                                                             :        1 samples, Peak.  3.09 ms (1.0x), Avg.  3.09 ms, Total. 3.090 ms (0.0%)
[Performance] Application.Shutdown.MenuCleanupClass                                                                                              :        1 samples, Peak.   123 us (1.0x), Avg.   123 us, Total. 123.3 us (0.0%)
[Performance] Application.Shutdown.ADBSaveStateBeforeShutdown                                                                                    :        1 samples, Peak.  4.42 us (1.0x), Avg.  4.42 us, Total. 4.417 us (0.0%)
[Performance] Application.Shutdown.RemoteShutdown                                                                                                :        1 samples, Peak.   584 ns (1.0x), Avg.   584 ns, Total. 584.0 ns (0.0%)
[Performance] Application.Shutdown.CleanupVCProvider                                                                                             :        1 samples, Peak.   182 us (1.0x), Avg.   182 us, Total. 182.4 us (0.0%)
[Performance] Application.Shutdown.InputShutdown                                                                                                 :        1 samples, Peak.   105 us (1.0x), Avg.   105 us, Total. 105.1 us (0.0%)
[Performance] Application.Shutdown.GizmoManagerDestroy                                                                                           :        1 samples, Peak.   391 us (1.0x), Avg.   391 us, Total. 391.0 us (0.0%)
[Performance] Application.Shutdown.ProfilerSession                                                                                               :        1 samples, Peak.   695 us (1.0x), Avg.   695 us, Total. 695.1 us (0.0%)
[Performance] Application.Shutdown.ReleaseGfxWindowOnAllGUIViews                                                                                 :        1 samples, Peak.   541 ns (1.0x), Avg.   541 ns, Total. 541.0 ns (0.0%)
[Performance] Application.Shutdown.CleanupEngine                                                                                                 :        1 samples, Peak.   162 ms (1.0x), Avg.   162 ms, Total. 161.9 ms (0.6%)
[Performance] Application.Shutdown.CleanupAssetDatabase                                                                                          :        1 samples, Peak.  5.06 ms (1.0x), Avg.  5.06 ms, Total. 5.062 ms (0.0%)
[Performance] Application.Shutdown.ScriptCompilationCleanUp                                                                                      :        1 samples, Peak.  12.5 us (1.0x), Avg.  12.5 us, Total. 12.50 us (0.0%)
[Performance] Application.Shutdown.DestroyJobSystem                                                                                              :        1 samples, Peak.   441 us (1.0x), Avg.   441 us, Total. 441.3 us (0.0%)
[Performance] Application.Shutdown.CleanupPersistentManager                                                                                      :        1 samples, Peak.  3.74 ms (1.0x), Avg.  3.74 ms, Total. 3.740 ms (0.0%)
[Performance] Application.Shutdown.CleanupAsyncReadManager                                                                                       :        1 samples, Peak.  80.6 us (1.0x), Avg.  80.6 us, Total. 80.62 us (0.0%)
[Performance] Application.Shutdown.CleanupMono                                                                                                   :        1 samples, Peak.   108 ms (1.0x), Avg.   108 ms, Total. 108.2 ms (0.4%)
[Performance] Application.Shutdown.CleanupStdConverters                                                                                          :        1 samples, Peak.  4.17 us (1.0x), Avg.  4.17 us, Total. 4.166 us (0.0%)
[Performance] Application.Shutdown.UnloadAllPlatformSupportModuleNativeDlls                                                                      :        1 samples, Peak.  1.62 us (1.0x), Avg.  1.62 us, Total. 1.625 us (0.0%)
[Performance] Application.Shutdown.UnloadAllPlatformSupportNativeLibraries                                                                       :        1 samples, Peak.   166 ns (1.0x), Avg.   166 ns, Total. 166.0 ns (0.0%)
[Performance] Application.Shutdown.CleanupAutoDocumentation                                                                                      :        1 samples, Peak.   514 us (1.0x), Avg.   514 us, Total. 513.5 us (0.0%)
[Performance] Application.Shutdown.ShaderNameManagerDestroy                                                                                      :        1 samples, Peak.  24.0 us (1.0x), Avg.  24.0 us, Total. 24.04 us (0.0%)
[Performance] Application.Shutdown.CleanupCacheServer                                                                                            :        1 samples, Peak.   125 ns (1.0x), Avg.   125 ns, Total. 125.0 ns (0.0%)
[Performance] Application.Shutdown.Virtualization_Shutdown                                                                                       :        1 samples, Peak.  13.2 us (1.0x), Avg.  13.2 us, Total. 13.21 us (0.0%)
[Performance] Application.Shutdown.DevConnections                                                                                                :        1 samples, Peak.  73.0 us (1.0x), Avg.  73.0 us, Total. 72.96 us (0.0%)
[Package Manager] Server::Kill -- Server was shutdown
Checking for leaked weakptr:
  Found no leaked weakptrs.
Memory Statistics:
[ALLOC_TEMP_TLS] TLS Allocator
  StackAllocators : 
    [ALLOC_TEMP_CurlRequest]
      Initial Block Size 64.0 KB
      Current Block Size 64.0 KB
      Peak Allocated Bytes 0 B
      Overflow Count 0
    [ALLOC_TEMP_MAIN]
      Peak usage frame count: [2.0 MB-4.0 MB]: 238 frames, [8.0 MB-16.0 MB]: 1 frames
      Initial Block Size 16.0 MB
      Current Block Size 16.0 MB
      Peak Allocated Bytes 9.4 MB
      Overflow Count 0
    [ALLOC_TEMP_Background Job.worker 6]
      Initial Block Size 32.0 KB
      Current Block Size 32.0 KB
      Peak Allocated Bytes 0 B
      Overflow Count 0
    [ALLOC_TEMP_Background Job.worker 15]
      Initial Block Size 32.0 KB
      Current Block Size 32.0 KB
      Peak Allocated Bytes 0 B
      Overflow Count 0
    [ALLOC_TEMP_BakingJobs.worker 0]
      Initial Block Size 256.0 KB
      Current Block Size 256.0 KB
      Peak Allocated Bytes 0 B
      Overflow Count 0
    [ALLOC_TEMP_AssetDatabase.FileHasherReader] x 4
      Initial Block Size 64.0 KB
      Current Block Size 64.0 KB
      Peak Allocated Bytes 31 B
      Overflow Count 0
    [ALLOC_TEMP_BakingJobs.worker 1]
      Initial Block Size 256.0 KB
      Current Block Size 256.0 KB
      Peak Allocated Bytes 301 B
      Overflow Count 0
    [ALLOC_TEMP_BatchDeleteObjects]
      Initial Block Size 64.0 KB
      Current Block Size 64.0 KB
      Peak Allocated Bytes 0 B
      Overflow Count 0
    [ALLOC_TEMP_CoreBusinessMetricsCache]
      Initial Block Size 64.0 KB
      Current Block Size 64.0 KB
      Peak Allocated Bytes 7.9 KB
      Overflow Count 0
    [ALLOC_TEMP_REST Message Handler]
      Initial Block Size 64.0 KB
      Current Block Size 64.0 KB
      Peak Allocated Bytes 0 B
      Overflow Count 0
    [ALLOC_TEMP_Job.worker 4]
      Initial Block Size 256.0 KB
      Current Block Size 256.0 KB
      Peak Allocated Bytes 15.8 KB
      Overflow Count 1
    [ALLOC_TEMP_Background Job.worker 1]
      Initial Block Size 32.0 KB
      Current Block Size 64.0 KB
      Peak Allocated Bytes 31.3 KB
      Overflow Count 0
    [ALLOC_TEMP_AssetDatabase.IOService]
      Initial Block Size 64.0 KB
      Current Block Size 64.0 KB
      Peak Allocated Bytes 0 B
      Overflow Count 0
    [ALLOC_TEMP_Loading.PreloadManager] x 3
      Initial Block Size 32.0 MB
      Current Block Size 32.0 MB
      Peak Allocated Bytes 2.0 MB
      Overflow Count 0
    [ALLOC_TEMP_Background Job.worker 7]
      Initial Block Size 32.0 KB
      Current Block Size 32.0 KB
      Peak Allocated Bytes 0 B
      Overflow Count 0
    [ALLOC_TEMP_CloudJob.worker 0]
      Initial Block Size 32.0 KB
      Current Block Size 32.0 KB
      Peak Allocated Bytes 5.0 KB
      Overflow Count 0
    [ALLOC_TEMP_Background Job.worker 10]
      Initial Block Size 32.0 KB
      Current Block Size 32.0 KB
      Peak Allocated Bytes 0 B
      Overflow Count 0
    [ALLOC_TEMP_Background Job.worker 12]
      Initial Block Size 32.0 KB
      Current Block Size 32.0 KB
      Peak Allocated Bytes 0 B
      Overflow Count 0
    [ALLOC_TEMP_Background Job.worker 4]
      Initial Block Size 32.0 KB
      Current Block Size 32.0 KB
      Peak Allocated Bytes 0 B
      Overflow Count 0
    [ALLOC_TEMP_Background Job.worker 13]
      Initial Block Size 32.0 KB
      Current Block Size 32.0 KB
      Peak Allocated Bytes 0 B
      Overflow Count 0
    [ALLOC_TEMP_CurlRequest]
      Initial Block Size 64.0 KB
      Current Block Size 64.0 KB
      Peak Allocated Bytes 0 B
      Overflow Count 0
    [ALLOC_TEMP_BakingJobs.worker 4]
      Initial Block Size 256.0 KB
      Current Block Size 256.0 KB
      Peak Allocated Bytes 0 B
      Overflow Count 0
    [ALLOC_TEMP_Profiler.Dispatcher]
      Initial Block Size 64.0 KB
      Current Block Size 64.0 KB
      Peak Allocated Bytes 0 B
      Overflow Count 0
    [ALLOC_TEMP_Background Job.worker 14]
      Initial Block Size 32.0 KB
      Current Block Size 32.0 KB
      Peak Allocated Bytes 0 B
      Overflow Count 0
    [ALLOC_TEMP_ReadCacheIndex] x 3
      Initial Block Size 64.0 KB
      Current Block Size 64.0 KB
      Peak Allocated Bytes 1.0 KB
      Overflow Count 0
    [ALLOC_TEMP_Background Job.worker 9]
      Initial Block Size 32.0 KB
      Current Block Size 32.0 KB
      Peak Allocated Bytes 0 B
      Overflow Count 0
    [ALLOC_TEMP_EnlightenWorker] x 4
      Initial Block Size 64.0 KB
      Current Block Size 64.0 KB
      Peak Allocated Bytes 0 B
      Overflow Count 0
    [ALLOC_TEMP_Job.worker 3]
      Initial Block Size 256.0 KB
      Current Block Size 256.0 KB
      Peak Allocated Bytes 16.9 KB
      Overflow Count 1
    [ALLOC_TEMP_Job.worker 2]
      Initial Block Size 256.0 KB
      Current Block Size 256.0 KB
      Peak Allocated Bytes 15.6 KB
      Overflow Count 1
    [ALLOC_TEMP_Loading.AsyncRead]
      Initial Block Size 64.0 KB
      Current Block Size 64.0 KB
      Peak Allocated Bytes 128 B
      Overflow Count 0
    [ALLOC_TEMP_Background Job.worker 3]
      Initial Block Size 32.0 KB
      Current Block Size 32.0 KB
      Peak Allocated Bytes 0 B
      Overflow Count 0
    [ALLOC_TEMP_Background Job.worker 2]
      Initial Block Size 32.0 KB
      Current Block Size 32.0 KB
      Peak Allocated Bytes 103 B
      Overflow Count 0
    [ALLOC_TEMP_Background Job.worker 8]
      Initial Block Size 32.0 KB
      Current Block Size 32.0 KB
      Peak Allocated Bytes 0 B
      Overflow Count 0
    [ALLOC_TEMP_OSX HID Input]
      Initial Block Size 64.0 KB
      Current Block Size 64.0 KB
      Peak Allocated Bytes 0 B
      Overflow Count 0
    [ALLOC_TEMP_BakingJobs.worker 6]
      Initial Block Size 256.0 KB
      Current Block Size 256.0 KB
      Peak Allocated Bytes 0 B
      Overflow Count 0
    [ALLOC_TEMP_BakingJobs.worker 7]
      Initial Block Size 256.0 KB
      Current Block Size 256.0 KB
      Peak Allocated Bytes 0 B
      Overflow Count 0
    [ALLOC_TEMP_Job.worker 6]
      Initial Block Size 256.0 KB
      Current Block Size 1.0 MB
      Peak Allocated Bytes 1.0 MB
      Overflow Count 0
    [ALLOC_TEMP_Background Job.worker 0]
      Initial Block Size 32.0 KB
      Current Block Size 32.0 KB
      Peak Allocated Bytes 0 B
      Overflow Count 0
    [ALLOC_TEMP_AUDIO_FMOD stream thread]
      Initial Block Size 64.0 KB
      Current Block Size 64.0 KB
      Peak Allocated Bytes 0 B
      Overflow Count 0
    [ALLOC_TEMP_AssetDatabase.FileHasherHasher] x 4
      Initial Block Size 64.0 KB
      Current Block Size 64.0 KB
      Peak Allocated Bytes 31 B
      Overflow Count 0
    [ALLOC_TEMP_BakingJobs.worker 3]
      Initial Block Size 256.0 KB
      Current Block Size 256.0 KB
      Peak Allocated Bytes 0 B
      Overflow Count 0
    [ALLOC_TEMP_Job.worker 1]
      Initial Block Size 256.0 KB
      Current Block Size 1.0 MB
      Peak Allocated Bytes 1.0 MB
      Overflow Count 0
    [ALLOC_TEMP_Background Job.worker 5]
      Initial Block Size 32.0 KB
      Current Block Size 32.0 KB
      Peak Allocated Bytes 0 B
      Overflow Count 0
    [ALLOC_TEMP_BakingJobs.worker 2]
      Initial Block Size 256.0 KB
      Current Block Size 256.0 KB
      Peak Allocated Bytes 0 B
      Overflow Count 0
    [ALLOC_TEMP_Background Job.worker 11]
      Initial Block Size 32.0 KB
      Current Block Size 32.0 KB
      Peak Allocated Bytes 0 B
      Overflow Count 0
    [ALLOC_TEMP_EditorTaskManager]
      Initial Block Size 64.0 KB
      Current Block Size 80.0 KB
      Peak Allocated Bytes 64.0 KB
      Overflow Count 0
    [ALLOC_TEMP_Job.worker 5]
      Initial Block Size 256.0 KB
      Current Block Size 1.0 MB
      Peak Allocated Bytes 1.0 MB
      Overflow Count 0
    [ALLOC_TEMP_HTTP REST Server]
      Initial Block Size 64.0 KB
      Current Block Size 64.0 KB
      Peak Allocated Bytes 70 B
      Overflow Count 0
    [ALLOC_TEMP_AssetGarbageCollectorHelper] x 7
      Initial Block Size 64.0 KB
      Current Block Size 64.0 KB
      Peak Allocated Bytes 0 B
      Overflow Count 0
    [ALLOC_TEMP_AUDIO_Audio Mixer Thread]
      Initial Block Size 64.0 KB
      Current Block Size 64.0 KB
      Peak Allocated Bytes 0 B
      Overflow Count 0
    [ALLOC_TEMP_BakingJobs.worker 5]
      Initial Block Size 256.0 KB
      Current Block Size 256.0 KB
      Peak Allocated Bytes 0 B
      Overflow Count 0
    [ALLOC_TEMP_Job.worker 0]
      Initial Block Size 256.0 KB
      Current Block Size 256.0 KB
      Peak Allocated Bytes 13.0 KB
      Overflow Count 0
[ALLOC_MEMORYPROFILER]
  Peak usage frame count: [64.0 KB-128.0 KB]: 238 frames, [128.0 KB-256.0 KB]: 1 frames
  Requested Block Size 1.0 MB
  Peak Block count 1
  Peak Allocated memory 168.0 KB
  Peak Large allocation bytes 0 B
[ALLOC_DEFAULT] Dual Thread Allocator
  Peak main deferred allocation count 466
    [ALLOC_BUCKET]
      Large Block size 32.0 MB
      Used Block count 1
      Peak Allocated bytes 5.3 MB
    [ALLOC_DEFAULT_MAIN]
      Peak usage frame count: [32.0 MB-64.0 MB]: 239 frames
      Requested Block Size 16.0 MB
      Peak Block count 4
      Peak Allocated memory 51.4 MB
      Peak Large allocation bytes 0 B
    [ALLOC_DEFAULT_THREAD]
      Peak usage frame count: [2.0 MB-4.0 MB]: 239 frames
      Requested Block Size 16.0 MB
      Peak Block count 1
      Peak Allocated memory 3.1 MB
      Peak Large allocation bytes 0 B
[ALLOC_TEMP_JOB_1_FRAME]
  Initial Block Size 2.0 MB
  Used Block Count 0
  Overflow Count (too large) 0
  Overflow Count (full) 0
[ALLOC_TEMP_JOB_2_FRAMES]
  Initial Block Size 2.0 MB
  Used Block Count 0
  Overflow Count (too large) 0
  Overflow Count (full) 0
[ALLOC_TEMP_JOB_4_FRAMES (JobTemp)]
  Initial Block Size 2.0 MB
  Used Block Count 1
  Overflow Count (too large) 0
  Overflow Count (full) 0
[ALLOC_TEMP_JOB_ASYNC (Background)]
  Initial Block Size 1.0 MB
  Used Block Count 1
  Overflow Count (too large) 0
  Overflow Count (full) 0
[ALLOC_GFX] Dual Thread Allocator
  Peak main deferred allocation count 5
    [ALLOC_BUCKET]
      Large Block size 32.0 MB
      Used Block count 1
      Peak Allocated bytes 5.3 MB
    [ALLOC_GFX_MAIN]
      Peak usage frame count: [8.0 MB-16.0 MB]: 239 frames
      Requested Block Size 16.0 MB
      Peak Block count 1
      Peak Allocated memory 12.3 MB
      Peak Large allocation bytes 0 B
    [ALLOC_GFX_THREAD]
      Peak usage frame count: [0.5 MB-1.0 MB]: 239 frames
      Requested Block Size 16.0 MB
      Peak Block count 1
      Peak Allocated memory 0.8 MB
      Peak Large allocation bytes 0 B
[ALLOC_CACHEOBJECTS] Dual Thread Allocator
  Peak main deferred allocation count 177
    [ALLOC_BUCKET]
      Large Block size 32.0 MB
      Used Block count 1
      Peak Allocated bytes 5.3 MB
    [ALLOC_CACHEOBJECTS_MAIN]
      Peak usage frame count: [16.0 MB-32.0 MB]: 239 frames
      Requested Block Size 4.0 MB
      Peak Block count 5
      Peak Allocated memory 20.4 MB
      Peak Large allocation bytes 10.7 MB
    [ALLOC_CACHEOBJECTS_THREAD]
      Peak usage frame count: [0.5 MB-1.0 MB]: 239 frames
      Requested Block Size 4.0 MB
      Peak Block count 1
      Peak Allocated memory 1.0 MB
      Peak Large allocation bytes 0 B
[ALLOC_TYPETREE] Dual Thread Allocator
  Peak main deferred allocation count 497
    [ALLOC_BUCKET]
      Large Block size 32.0 MB
      Used Block count 1
      Peak Allocated bytes 5.3 MB
    [ALLOC_TYPETREE_MAIN]
      Peak usage frame count: [1.0 MB-2.0 MB]: 238 frames, [2.0 MB-4.0 MB]: 1 frames
      Requested Block Size 2.0 MB
      Peak Block count 3
      Peak Allocated memory 3.9 MB
      Peak Large allocation bytes 0 B
    [ALLOC_TYPETREE_THREAD]
      Peak usage frame count: [128.0 KB-256.0 KB]: 239 frames
      Requested Block Size 2.0 MB
      Peak Block count 1
      Peak Allocated memory 234.2 KB
      Peak Large allocation bytes 0 B
[ALLOC_PROFILER]
  Peak usage frame count: [0.5 MB-1.0 MB]: 239 frames
  Requested Block Size 16.0 MB
  Peak Block count 1
  Peak Allocated memory 0.6 MB
  Peak Large allocation bytes 0 B
    [ALLOC_PROFILER_BUCKET]
      Large Block size 32.0 MB
      Used Block count 1
      Peak Allocated bytes 4.8 KB
[ALLOC_PROFILER_EDITOR]
  Peak usage frame count: [0-1.0 KB]: 239 frames
  Requested Block Size 1.0 MB
  Peak Block count 0
  Peak Allocated memory 0 B
  Peak Large allocation bytes 0 B
    [ALLOC_PROFILER_BUCKET]
      Large Block size 32.0 MB
      Used Block count 1
      Peak Allocated bytes 4.8 KB
##utp:{"type":"MemoryLeaks","version":2,"phase":"Immediate","time":1777990687590,"processId":14549,"allocatedMemory":14284910,"memoryLabels":[{"Default":11375},{"Permanent":15536},{"Thread":1083508},{"Manager":29775},{"VertexData":12},{"Geometry":280},{"Texture":168},{"Shader":67451},{"Material":24},{"GfxDevice":39376},{"GfxThread":480},{"Animation":304},{"Audio":3904},{"FontEngine":288},{"Physics":561},{"Serialization":612},{"Input":9024},{"JobScheduler":232},{"Mono":40},{"ScriptingNativeRuntime":7924888},{"BaseObject":1618916},{"Resource":912},{"Renderer":2272},{"Transform":24},{"File":3661},{"WebCam":40},{"Culling":40},{"Terrain":1025},{"Wind":24},{"String":20171},{"DynamicArray":122532},{"HashMap":79147},{"Utility":289286},{"Curl":2047},{"PoolAlloc":1464},{"AI":40},{"TypeTree":4533},{"ScriptManager":528},{"RuntimeInitializeOnLoadManager":72},{"SpriteAtlas":112},{"GI":3656},{"Director":7880},{"CloudService":3224},{"WebRequest":816},{"VR":45641},{"SceneManager":616},{"Video":2120},{"LazyScriptCache":32},{"NativeArray":12},{"Camera":25},{"Secure":9817},{"SerializationCache":1576},{"APIUpdating":11856},{"Subsystems":384},{"VirtualTexturing":57512},{"StaticSafetyDebugInfo":327680},{"Baselib":16},{"EditorGui":88},{"EditorUtility":28362},{"VersionControl":4},{"Undo":720},{"AssetDatabase":2400673},{"RestService":1310},{"EditorGi":376},{"License":3616},{"UnityConnect":25512},{"Collab":785},{"Upm":1600},{"DrivenProperties":80},{"LocalIPC":222},{"ProfilerEditor":10967},{"CoreBusinessMetrics":2984},{"AssetReference":32},{"IPCStream":32}]}
