Unity Editor version:    2022.3.0f1 (fb119bb0b476)
Branch:                  2022.3/release
Build type:              Release
Batch mode:              YES
macOS version:           Version 26.3.1 (a) (Build 25D771280a)
Darwin version:          25.3.0
Architecture:            arm64
Running under Rosetta:   NO
Available memory:        8192 MB
[Licensing::Module] Trying to connect to existing licensing client channel...
[Licensing::IpcConnector] Connection attempt to the License Client on channel: "LicenseClient-guribbong" failed because channel doesn't exist; code: "0x80000002"
Launching external process: /Applications/Unity/Hub/Editor/2022.3.0f1/Unity.app/Contents/Frameworks/UnityLicensingClient.app/Contents/MacOS/Unity.Licensing.Client
[Licensing::Module] Successfully launched the LicensingClient (PId: 93895)
[Licensing::IpcConnector] Successfully connected to the License Client on channel: "LicenseClient-guribbong"
[Licensing::Client] Handshaking with LicensingClient:
  Version:                 1.12.1+9338cad
  Session Id:              444e766eaf574b12b9f5abe966260044
  Correlation Id:          ed0e6e760369f115b10a0a0103d30fc4
  External correlation Id: 157228244535805323
  Machine Id:              kK/taOzULwH3CoqhnK6anvJ0b88=
[Licensing::Module] Successfully connected to LicensingClient on channel: "LicenseClient-guribbong" (connect: 5.23s, validation: 0.45s, handshake: 0.79s)
[Licensing::IpcConnector] Successfully connected to the License Notification on channel: "LicenseClient-guribbong-notifications"
[Licensing::Module] Connected to LicensingClient (PId: 93895, launch time: 0.00, total connection time: 6.47s)
[Licensing::Module] Error: Access token is unavailable; failed to update
[Licensing::Client] Error: Code 500 while processing request (status: Unable to update licenses. Errors: No ULF license found.,Token not found in cache)
[Licensing::Client] Error: Code 500 while updating license in client (status: Unable to update licenses. Errors: No ULF license found.,Token not found in cache)
[Licensing::Client] Successfully resolved entitlements
[Licensing::Module] Serial number assigned to: "14568638156105-UnityPersXXXX"
Pro License: NO
Launching external process: /Applications/Unity/Hub/Editor/2022.3.0f1/Unity.app/Contents/Resources/PackageManager/Server/UnityPackageManager

COMMAND LINE ARGUMENTS:
/Applications/Unity/Hub/Editor/2022.3.0f1/Unity.app/Contents/MacOS/Unity
-batchmode
-projectPath
unity/EmbodiedDebate
-executeMethod
ArgusUnity.Editor.HideAndSeekDesignBuilder.OpenSceneInPlayMode
-logFile
tmp/hide-and-seek-direction-match-capture.log
Successfully changed project path to: /Users/guribbong/code/Argus/unity/EmbodiedDebate
/Users/guribbong/code/Argus/unity/EmbodiedDebate
[UnityMemory] Configuration Parameters - Can be set up in boot.config
    "memorysetup-bucket-allocator-granularity=16"
    "memorysetup-bucket-allocator-bucket-count=8"
    "memorysetup-bucket-allocator-block-size=33554432"
    "memorysetup-bucket-allocator-block-count=8"
    "memorysetup-main-allocator-block-size=16777216"
    "memorysetup-thread-allocator-block-size=16777216"
    "memorysetup-gfx-main-allocator-block-size=16777216"
    "memorysetup-gfx-thread-allocator-block-size=16777216"
    "memorysetup-cache-allocator-block-size=4194304"
    "memorysetup-typetree-allocator-block-size=2097152"
    "memorysetup-profiler-bucket-allocator-granularity=16"
    "memorysetup-profiler-bucket-allocator-bucket-count=8"
    "memorysetup-profiler-bucket-allocator-block-size=33554432"
    "memorysetup-profiler-bucket-allocator-block-count=8"
    "memorysetup-profiler-allocator-block-size=16777216"
    "memorysetup-profiler-editor-allocator-block-size=1048576"
    "memorysetup-temp-allocator-size-main=16777216"
    "memorysetup-job-temp-allocator-block-size=2097152"
    "memorysetup-job-temp-allocator-block-size-background=1048576"
    "memorysetup-job-temp-allocator-reduction-small-platforms=262144"
    "memorysetup-allocator-temp-initial-block-size-main=262144"
    "memorysetup-allocator-temp-initial-block-size-worker=262144"
    "memorysetup-temp-allocator-size-background-worker=32768"
    "memorysetup-temp-allocator-size-job-worker=262144"
    "memorysetup-temp-allocator-size-preload-manager=33554432"
    "memorysetup-temp-allocator-size-nav-mesh-worker=65536"
    "memorysetup-temp-allocator-size-audio-worker=65536"
    "memorysetup-temp-allocator-size-cloud-worker=32768"
    "memorysetup-temp-allocator-size-gi-baking-worker=262144"
    "memorysetup-temp-allocator-size-gfx=262144"
Player connection [8649715968] Host "[IP] 192.168.3.1 [Port] 55496 [Flags] 2 [Guid] 718948339 [EditorId] 718948339 [Version] 1048832 [Id] OSXEditor(0,topabaem.local) [Debug] 1 [PackageName] OSXEditor [ProjectName] Editor" joined multi-casting on [225.0.0.222:54997]...

Player connection [8649715968] Host "[IP] 192.168.3.1 [Port] 55496 [Flags] 2 [Guid] 718948339 [EditorId] 718948339 [Version] 1048832 [Id] OSXEditor(0,topabaem.local) [Debug] 1 [PackageName] OSXEditor [ProjectName] Editor" joined alternative multi-casting on [225.0.0.222:34997]...

[Package Manager] UpmClient::Connect -- Connected to IPC stream "Upm-93893" after 1.1 seconds.
[Licensing::Client] Successfully resolved entitlements
[Package Manager] Restoring resolved packages state from cache
[Licensing::Client] Successfully resolved entitlement details
[Package Manager] Registered 19 packages:
  Packages from [https://packages.unity.com]:
    com.unity.nuget.newtonsoft-json@3.2.1 (location: /Users/guribbong/code/Argus/unity/EmbodiedDebate/Library/PackageCache/com.unity.nuget.newtonsoft-json@3.2.1)
    com.unity.test-framework@1.1.33 (location: /Users/guribbong/code/Argus/unity/EmbodiedDebate/Library/PackageCache/com.unity.test-framework@1.1.33)
    com.unity.ext.nunit@1.0.6 (location: /Users/guribbong/code/Argus/unity/EmbodiedDebate/Library/PackageCache/com.unity.ext.nunit@1.0.6)
    com.unity.mathematics@1.2.6 (location: /Users/guribbong/code/Argus/unity/EmbodiedDebate/Library/PackageCache/com.unity.mathematics@1.2.6)
    com.unity.burst@1.8.4 (location: /Users/guribbong/code/Argus/unity/EmbodiedDebate/Library/PackageCache/com.unity.burst@1.8.4)
    com.unity.searcher@4.9.2 (location: /Users/guribbong/code/Argus/unity/EmbodiedDebate/Library/PackageCache/com.unity.searcher@4.9.2)
  Built-in packages:
    com.unity.modules.animation@1.0.0 (location: /Users/guribbong/code/Argus/unity/EmbodiedDebate/Library/PackageCache/com.unity.modules.animation@1.0.0)
    com.unity.modules.imageconversion@1.0.0 (location: /Users/guribbong/code/Argus/unity/EmbodiedDebate/Library/PackageCache/com.unity.modules.imageconversion@1.0.0)
    com.unity.modules.physics@1.0.0 (location: /Users/guribbong/code/Argus/unity/EmbodiedDebate/Library/PackageCache/com.unity.modules.physics@1.0.0)
    com.unity.modules.unitywebrequest@1.0.0 (location: /Users/guribbong/code/Argus/unity/EmbodiedDebate/Library/PackageCache/com.unity.modules.unitywebrequest@1.0.0)
    com.unity.render-pipelines.universal@14.0.7 (location: /Users/guribbong/code/Argus/unity/EmbodiedDebate/Library/PackageCache/com.unity.render-pipelines.universal@14.0.7)
    com.unity.modules.imgui@1.0.0 (location: /Users/guribbong/code/Argus/unity/EmbodiedDebate/Library/PackageCache/com.unity.modules.imgui@1.0.0)
    com.unity.modules.jsonserialize@1.0.0 (location: /Users/guribbong/code/Argus/unity/EmbodiedDebate/Library/PackageCache/com.unity.modules.jsonserialize@1.0.0)
    com.unity.render-pipelines.core@14.0.7 (location: /Users/guribbong/code/Argus/unity/EmbodiedDebate/Library/PackageCache/com.unity.render-pipelines.core@14.0.7)
    com.unity.shadergraph@14.0.7 (location: /Users/guribbong/code/Argus/unity/EmbodiedDebate/Library/PackageCache/com.unity.shadergraph@14.0.7)
    com.unity.ugui@1.0.0 (location: /Users/guribbong/code/Argus/unity/EmbodiedDebate/Library/PackageCache/com.unity.ugui@1.0.0)
    com.unity.modules.terrain@1.0.0 (location: /Users/guribbong/code/Argus/unity/EmbodiedDebate/Library/PackageCache/com.unity.modules.terrain@1.0.0)
    com.unity.modules.ui@1.0.0 (location: /Users/guribbong/code/Argus/unity/EmbodiedDebate/Library/PackageCache/com.unity.modules.ui@1.0.0)
  Embedded packages:
    com.unity.cloud.gltfast@file:/Users/guribbong/code/Argus/unity/EmbodiedDebate/Packages/com.unity.cloud.gltfast (location: /Users/guribbong/code/Argus/unity/EmbodiedDebate/Packages/com.unity.cloud.gltfast)
[Subsystems] No new subsystems found in resolved package list.
Package Manager log level set to [2]
[Package Manager] Done registering packages in 0.40 seconds
Refreshing native plugins compatible for Editor in 10.18 ms, found 0 plugins.
Preloading 0 native plugins for Editor in 0.00 ms.
Initialize engine version: 2022.3.0f1 (fb119bb0b476)
[Subsystems] Discovering subsystems at path /Applications/Unity/Hub/Editor/2022.3.0f1/Unity.app/Contents/Resources/UnitySubsystems
[Subsystems] Discovering subsystems at path /Users/guribbong/code/Argus/unity/EmbodiedDebate/Assets
GfxDevice: creating device client; threaded=0; jobified=0
 preferred device: Apple M2 (high power)
Metal devices available: 1
0: Apple M2 (high power)
Using device Apple M2 (high power)
Initializing Metal device caps: Apple M2
[Licensing::Client] Successfully resolved entitlements
Initialize mono
Mono path[0] = '/Applications/Unity/Hub/Editor/2022.3.0f1/Unity.app/Contents/Managed'
Mono path[1] = '/Applications/Unity/Hub/Editor/2022.3.0f1/Unity.app/Contents/MonoBleedingEdge/lib/mono/unityjit-macos'
Mono config path = '/Applications/Unity/Hub/Editor/2022.3.0f1/Unity.app/Contents/MonoBleedingEdge/etc'
Using monoOptions --debugger-agent=transport=dt_socket,embedding=1,server=y,suspend=n,address=127.0.0.1:56893
Using cacheserver namespaces - metadata:defaultmetadata, artifacts:defaultartifacts
Using cacheserver namespaces - metadata:defaultmetadata, artifacts:defaultartifacts
ImportWorker Server TCP listen port: 0
Begin MonoManager ReloadAssembly
Registering precompiled unity dll's ...
Register platform support module: /Applications/Unity/Hub/Editor/2022.3.0f1/Unity.app/Contents/PlaybackEngines/MacStandaloneSupport/UnityEditor.OSXStandalone.Extensions.dll
Registered in 0.002828 seconds.
- Loaded All Assemblies, in  0.440 seconds
Native extension for OSXStandalone target not found
Mono: successfully reloaded assembly
- Finished resetting the current domain, in  0.296 seconds
Domain Reload Profiling: 737ms
	BeginReloadAssembly (144ms)
		ExecutionOrderSort (0ms)
		DisableScriptedObjects (0ms)
		BackupInstance (0ms)
		ReleaseScriptingObjects (0ms)
		CreateAndSetChildDomain (2ms)
	RebuildCommonClasses (49ms)
	RebuildNativeTypeToScriptingClass (14ms)
	initialDomainReloadingComplete (55ms)
	LoadAllAssembliesAndSetupDomain (179ms)
		LoadAssemblies (140ms)
		RebuildTransferFunctionScriptingTraits (0ms)
		AnalyzeDomain (174ms)
			TypeCache.Refresh (173ms)
				TypeCache.ScanAssembly (151ms)
			ScanForSourceGeneratedMonoScriptInfo (0ms)
			ResolveRequiredComponents (1ms)
	FinalizeReload (296ms)
		ReleaseScriptCaches (0ms)
		RebuildScriptCaches (0ms)
		SetupLoadedEditorAssemblies (227ms)
			LogAssemblyErrors (0ms)
			InitializePlatformSupportModulesInManaged (8ms)
			SetLoadedEditorAssemblies (8ms)
			RefreshPlugins (0ms)
			BeforeProcessingInitializeOnLoad (2ms)
			ProcessInitializeOnLoadAttributes (161ms)
			ProcessInitializeOnLoadMethodAttributes (48ms)
			AfterProcessingInitializeOnLoad (0ms)
			EditorAssembliesLoaded (0ms)
		ExecutionOrderSort2 (0ms)
		AwakeInstancesAfterBackupRestoration (0ms)
[Licensing::Client] Successfully resolved entitlements
Application.AssetDatabase Initial Refresh Start
[40m[32minfo[39m[22m[49m: Microsoft.Hosting.Lifetime[14]
      Now listening on: http://unix:/tmp/ilpp.sock-8e16111b622e4d5ea6b5ecc926298bfd
[40m[32minfo[39m[22m[49m: Microsoft.Hosting.Lifetime[0]
      Application started. Press Ctrl+C to shut down.
[40m[32minfo[39m[22m[49m: Microsoft.Hosting.Lifetime[0]
      Hosting environment: Production
[40m[32minfo[39m[22m[49m: Microsoft.Hosting.Lifetime[0]
      Content root path: /Users/guribbong/code/Argus/unity/EmbodiedDebate/
[40m[32minfo[39m[22m[49m: Microsoft.AspNetCore.Hosting.Diagnostics[1]
      Request starting HTTP/2 POST http://ilpp/UnityILPP.PostProcessing/Ping application/grpc -
[40m[32minfo[39m[22m[49m: Microsoft.AspNetCore.Routing.EndpointMiddleware[0]
      Executing endpoint 'gRPC - /UnityILPP.PostProcessing/Ping'
[40m[32minfo[39m[22m[49m: Microsoft.AspNetCore.Routing.EndpointMiddleware[1]
      Executed endpoint 'gRPC - /UnityILPP.PostProcessing/Ping'
[40m[32minfo[39m[22m[49m: Microsoft.AspNetCore.Hosting.Diagnostics[2]
      Request finished HTTP/2 POST http://ilpp/UnityILPP.PostProcessing/Ping application/grpc - - 200 - application/grpc 82.3590ms
Starting: /Applications/Unity/Hub/Editor/2022.3.0f1/Unity.app/Contents/bee_backend --dont-print-to-structured-log --ipc --defer-dag-verification --dagfile="Library/Bee/200b0aE.dag" --continue-on-failure --profile="Library/Bee/backend1.traceevents" ScriptAssemblies
WorkingDir: /Users/guribbong/code/Argus/unity/EmbodiedDebate
DisplayProgressbar: Compiling Scripts
[40m[32minfo[39m[22m[49m: Microsoft.AspNetCore.Hosting.Diagnostics[1]
      Request starting HTTP/2 POST http://ilpp/UnityILPP.PostProcessing/ConfigurePostProcessors application/grpc -
[40m[32minfo[39m[22m[49m: Microsoft.AspNetCore.Routing.EndpointMiddleware[0]
      Executing endpoint 'gRPC - /UnityILPP.PostProcessing/ConfigurePostProcessors'
[40m[1m[33mwarn[39m[22m[49m: Unity.ILPP.Runner.PostProcessingAssemblyLoadContext[0]
      Assembly system.runtime.interopservices.windowsruntime has duplicate hint path. Ignoring "/Applications/Unity/Hub/Editor/2022.3.0f1/Unity.app/Contents/UnityReferenceAssemblies/unity-4.8-api/Facades/System.Runtime.InteropServices.WindowsRuntime.dll" in favor of "/Applications/Unity/Hub/Editor/2022.3.0f1/Unity.app/Contents/NetStandard/Extensions/2.0.0/System.Runtime.InteropServices.WindowsRuntime.dll"
[40m[1m[33mwarn[39m[22m[49m: Unity.ILPP.Runner.PostProcessingAssemblyLoadContext[0]
      Assembly system.componentmodel.composition has duplicate hint path. Ignoring "/Applications/Unity/Hub/Editor/2022.3.0f1/Unity.app/Contents/UnityReferenceAssemblies/unity-4.8-api/System.ComponentModel.Composition.dll" in favor of "/Applications/Unity/Hub/Editor/2022.3.0f1/Unity.app/Contents/NetStandard/compat/2.1.0/shims/netfx/System.ComponentModel.Composition.dll"
[40m[32minfo[39m[22m[49m: Unity.ILPP.Runner.PostProcessingAssemblyLoadContext[0]
      Resolved Unity.Burst.Cecil, Version=0.11.4.0, Culture=neutral, PublicKeyToken=50cebf1cceb9d05e with Library/PackageCache/com.unity.burst@1.8.4/Unity.Burst.CodeGen/Unity.Burst.Cecil.dll
[40m[32minfo[39m[22m[49m: Microsoft.AspNetCore.Routing.EndpointMiddleware[1]
      Executed endpoint 'gRPC - /UnityILPP.PostProcessing/ConfigurePostProcessors'
[40m[32minfo[39m[22m[49m: Microsoft.AspNetCore.Hosting.Diagnostics[2]
      Request finished HTTP/2 POST http://ilpp/UnityILPP.PostProcessing/ConfigurePostProcessors application/grpc - - 200 - application/grpc 41.0307ms
ExitCode: 0 Duration: 0s396ms
[295/377    0s] ILPP-Configuration Library/ilpp-configuration.nevergeneratedoutput
*** Tundra build success (0.36 seconds), 1 items updated, 377 evaluated
Total cache size 25932744
Total cache size after purge 25932744
AssetDatabase: script compilation time: 1.428933s
Begin MonoManager ReloadAssembly
Symbol file LoadedFromMemory is not a mono symbol file
- Loaded All Assemblies, in  0.577 seconds
Refreshing native plugins compatible for Editor in 0.79 ms, found 0 plugins.
Preloading 0 native plugins for Editor in 0.00 ms.
Refreshing native plugins compatible for Editor in 0.80 ms, found 0 plugins.
Native extension for OSXStandalone target not found
Mono: successfully reloaded assembly
- Finished resetting the current domain, in  2.162 seconds
Domain Reload Profiling: 2739ms
	BeginReloadAssembly (132ms)
		ExecutionOrderSort (0ms)
		DisableScriptedObjects (5ms)
		BackupInstance (0ms)
		ReleaseScriptingObjects (0ms)
		CreateAndSetChildDomain (37ms)
	RebuildCommonClasses (40ms)
	RebuildNativeTypeToScriptingClass (14ms)
	initialDomainReloadingComplete (26ms)
	LoadAllAssembliesAndSetupDomain (364ms)
		LoadAssemblies (214ms)
		RebuildTransferFunctionScriptingTraits (0ms)
		AnalyzeDomain (207ms)
			TypeCache.Refresh (189ms)
				TypeCache.ScanAssembly (180ms)
			ScanForSourceGeneratedMonoScriptInfo (10ms)
			ResolveRequiredComponents (8ms)
	FinalizeReload (2163ms)
		ReleaseScriptCaches (0ms)
		RebuildScriptCaches (0ms)
		SetupLoadedEditorAssemblies (1977ms)
			LogAssemblyErrors (0ms)
			InitializePlatformSupportModulesInManaged (3ms)
			SetLoadedEditorAssemblies (3ms)
			RefreshPlugins (0ms)
			BeforeProcessingInitializeOnLoad (42ms)
			ProcessInitializeOnLoadAttributes (1840ms)
			ProcessInitializeOnLoadMethodAttributes (88ms)
			AfterProcessingInitializeOnLoad (1ms)
			EditorAssembliesLoaded (0ms)
		ExecutionOrderSort2 (0ms)
		AwakeInstancesAfterBackupRestoration (3ms)
Asset Pipeline Refresh (id=39d8df21efcf145508cbb024aaa6a0dc): Total: 5.612 seconds - Initiated by InitialRefreshV2(ForceSynchronousImport)
	Summary:
		Imports: total=560 (actual=0, local cache=560, cache server=0)
		Asset DB Process Time: managed=0 ms, native=1361 ms
		Asset DB Callback time: managed=16 ms, native=0 ms
		Scripting: domain reloads=1, domain reload time=2777 ms, compile time=1429 ms, other=26 ms
		Project Asset Count: scripts=3115, non-scripts=1522
		Asset File Changes: new=0, changed=0, moved=0, deleted=0
		Scan Filter Count: 1
	InvokeBeforeRefreshCallbacks: 0.416ms
	ApplyChangesToAssetFolders: 0.022ms
	Scan: 390.769ms
	OnSourceAssetsModified: 0.001ms
	GetAllGuidsForCategorization: 0.352ms
	CategorizeAssets: 149.027ms
	ImportOutOfDateAssets: 2191.557ms (745.321ms without children)
		CompileScripts: 1429.065ms
		ReloadNativeAssets: 0.146ms
		UnloadImportedAssets: 14.227ms
		EnsureUptoDateAssetsAreRegisteredWithGuidPM: 1.540ms
		InitializingProgressBar: 0.000ms
		PostProcessAllAssetNotificationsAddChangedAssets: 0.000ms
		OnDemandSchedulerStart: 1.256ms
	PostProcessAllAssets: 16.722ms
	GatherAllCurrentPrimaryArtifactRevisions: 0.003ms
	UnloadStreamsBegin: 6.758ms
	PersistCurrentRevisions: 0.243ms
	UnloadStreamsEnd: 0.011ms
	GenerateScriptTypeHashes: 2.509ms
	Untracked: 2856.120ms
Application.AssetDatabase Initial Refresh End
Launching external process: /Applications/Unity/Hub/Editor/2022.3.0f1/Unity.app/Contents/Tools/UnityShaderCompiler
Launched and connected shader compiler UnityShaderCompiler after 0.40 seconds
Scanning for USB devices : 0.266ms
Initializing Unity extensions:
[Licensing::Client] Successfully resolved entitlements
[MODES] ModeService[none].Initialize
[MODES] ModeService[none].LoadModes
[MODES] Loading mode Default (0) for mode-current-id-EmbodiedDebate
ProgressiveSceneManager::Cancel()
Unloading 6 Unused Serialized files (Serialized files now loaded: 0)
Unloading 59 unused Assets / (0.7 MB). Loaded Objects now: 3131.
Memory consumption went from 134.6 MB to 133.9 MB.
Total: 12.361791 ms (FindLiveObjects: 0.354000 ms CreateObjectMapping: 0.084917 ms MarkObjects: 7.930000 ms  DeleteObjects: 3.969209 ms)

Asset Pipeline Refresh (id=f043363b2ea794b4f9f4ec1bebaa21a2): Total: 0.353 seconds - Initiated by RefreshV2(NoUpdateAssetOptions)
	Summary:
		Imports: total=0 (actual=0, local cache=0, cache server=0)
		Asset DB Process Time: managed=0 ms, native=352 ms
		Asset DB Callback time: managed=0 ms, native=0 ms
		Scripting: domain reloads=0, domain reload time=0 ms, compile time=0 ms, other=0 ms
		Project Asset Count: scripts=3115, non-scripts=1522
		Asset File Changes: new=0, changed=0, moved=0, deleted=0
		Scan Filter Count: 1
	InvokeBeforeRefreshCallbacks: 0.000ms
	ApplyChangesToAssetFolders: 0.035ms
	Scan: 301.699ms
	OnSourceAssetsModified: 0.001ms
	GetAllGuidsForCategorization: 0.263ms
	CategorizeAssets: 3.857ms
	ImportOutOfDateAssets: 3.987ms (1.317ms without children)
		ReloadNativeAssets: 0.026ms
		UnloadImportedAssets: 0.024ms
		EnsureUptoDateAssetsAreRegisteredWithGuidPM: 0.866ms
		InitializingProgressBar: 0.000ms
		PostProcessAllAssetNotificationsAddChangedAssets: 0.000ms
		OnDemandSchedulerStart: 1.755ms
	GatherAllCurrentPrimaryArtifactRevisions: 0.639ms
	UnloadStreamsBegin: 0.077ms
	PersistCurrentRevisions: 0.231ms
	UnloadStreamsEnd: 0.014ms
	Untracked: 42.145ms
Start importing Assets/ThirdParty/StylooClassroomAssetPack/StylooClassroomAssetPack GLTF & FBX/classroom/GLTF/wallsfloor.glb using Guid(95d4331adf82140bbb5c243cad6bfa64) Importer(-1,00000000000000000000000000000000)  -> (artifact id: 'f3d2890c29c26a32b800ce5d03471518') in 0.444802 seconds
Refreshing native plugins compatible for Editor in 1.00 ms, found 0 plugins.
Preloading 0 native plugins for Editor in 0.00 ms.
Asset Pipeline Refresh (id=90a1961cf58ee4dbda156e655c663073): Total: 0.532 seconds - Initiated by StopAssetImportingV2(NoUpdateAssetOptions)
	Summary:
		Imports: total=1 (actual=1, local cache=0, cache server=0)
		Asset DB Process Time: managed=8 ms, native=472 ms
		Asset DB Callback time: managed=46 ms, native=5 ms
		Scripting: domain reloads=0, domain reload time=0 ms, compile time=0 ms, other=0 ms
		Project Asset Count: scripts=3115, non-scripts=1522
		Asset File Changes: new=0, changed=0, moved=0, deleted=0
		Scan Filter Count: 7
	InvokeBeforeRefreshCallbacks: 0.000ms
	ApplyChangesToAssetFolders: 0.023ms
	Scan: 1.958ms
	OnSourceAssetsModified: 0.001ms
	GetAllGuidsForCategorization: 0.158ms
	CategorizeAssets: 1.663ms
	ImportOutOfDateAssets: 461.858ms (0.373ms without children)
		ImportManagerImport: 459.261ms (11.554ms without children)
			ImportInProcess: 447.676ms
			UpdateCategorizedAssets: 0.031ms
		ReloadNativeAssets: 0.021ms
		UnloadImportedAssets: 0.024ms
		ReloadImportedAssets: 0.000ms
		EnsureUptoDateAssetsAreRegisteredWithGuidPM: 0.900ms
		InitializingProgressBar: 0.032ms
		OnDemandSchedulerStart: 1.246ms
	PostProcessAllAssets: 49.577ms
	Hotreload: 2.173ms
	GatherAllCurrentPrimaryArtifactRevisions: 0.237ms
	UnloadStreamsBegin: 0.012ms
	PersistCurrentRevisions: 0.224ms
	UnloadStreamsEnd: 0.011ms
	Untracked: 14.486ms
HideAndSeekDesignBuilder: GLTF asset wallsfloor.glb, importer=GLTFast.Editor.GltfImporter, gameObjectLoaded=True
UnityEngine.StackTraceUtility:ExtractStackTrace () (at /Users/bokken/build/output/unity/unity/Runtime/Export/Scripting/StackTrace.cs:37)
UnityEngine.DebugLogHandler:LogFormat (UnityEngine.LogType,UnityEngine.Object,string,object[])
UnityEngine.Logger:Log (UnityEngine.LogType,object)
UnityEngine.Debug:Log (object)
ArgusUnity.Editor.HideAndSeekDesignBuilder:EnsureGltfClassroomImports () (at Assets/Editor/HideAndSeekDesignBuilder.cs:111)
ArgusUnity.Editor.HideAndSeekDesignBuilder:BuildScene () (at Assets/Editor/HideAndSeekDesignBuilder.cs:49)
ArgusUnity.Editor.HideAndSeekDesignBuilder:OpenSceneInPlayMode () (at Assets/Editor/HideAndSeekDesignBuilder.cs:89)

(Filename: Assets/Editor/HideAndSeekDesignBuilder.cs Line: 111)

Start importing Assets/ThirdParty/StylooClassroomAssetPack/StylooClassroomAssetPack GLTF & FBX/classroom/GLTF/table.glb using Guid(0fac535ef0639442ea3d608d5efbaf9b) Importer(-1,00000000000000000000000000000000)  -> (artifact id: '5c883593d2a997f766a51e3bfbb6f666') in 0.011543 seconds
Refreshing native plugins compatible for Editor in 0.88 ms, found 0 plugins.
Preloading 0 native plugins for Editor in 0.00 ms.
Asset Pipeline Refresh (id=304d4caee2a8f477488784acef50b733): Total: 0.039 seconds - Initiated by StopAssetImportingV2(NoUpdateAssetOptions)
HideAndSeekDesignBuilder: GLTF asset table.glb, importer=GLTFast.Editor.GltfImporter, gameObjectLoaded=True
UnityEngine.StackTraceUtility:ExtractStackTrace () (at /Users/bokken/build/output/unity/unity/Runtime/Export/Scripting/StackTrace.cs:37)
UnityEngine.DebugLogHandler:LogFormat (UnityEngine.LogType,UnityEngine.Object,string,object[])
UnityEngine.Logger:Log (UnityEngine.LogType,object)
UnityEngine.Debug:Log (object)
ArgusUnity.Editor.HideAndSeekDesignBuilder:EnsureGltfClassroomImports () (at Assets/Editor/HideAndSeekDesignBuilder.cs:111)
ArgusUnity.Editor.HideAndSeekDesignBuilder:BuildScene () (at Assets/Editor/HideAndSeekDesignBuilder.cs:49)
ArgusUnity.Editor.HideAndSeekDesignBuilder:OpenSceneInPlayMode () (at Assets/Editor/HideAndSeekDesignBuilder.cs:89)

(Filename: Assets/Editor/HideAndSeekDesignBuilder.cs Line: 111)

Start importing Assets/ThirdParty/StylooClassroomAssetPack/StylooClassroomAssetPack GLTF & FBX/classroom/GLTF/desk.glb using Guid(0efed4ee7808840d3b57c7df53106661) Importer(-1,00000000000000000000000000000000)  -> (artifact id: '6796f501a18b78f3f8cc5956ac718ae5') in 0.007006 seconds
Refreshing native plugins compatible for Editor in 0.87 ms, found 0 plugins.
Preloading 0 native plugins for Editor in 0.00 ms.
Asset Pipeline Refresh (id=4693b64e7d2af440e8e990cc9c2be33c): Total: 0.033 seconds - Initiated by StopAssetImportingV2(NoUpdateAssetOptions)
HideAndSeekDesignBuilder: GLTF asset desk.glb, importer=GLTFast.Editor.GltfImporter, gameObjectLoaded=True
UnityEngine.StackTraceUtility:ExtractStackTrace () (at /Users/bokken/build/output/unity/unity/Runtime/Export/Scripting/StackTrace.cs:37)
UnityEngine.DebugLogHandler:LogFormat (UnityEngine.LogType,UnityEngine.Object,string,object[])
UnityEngine.Logger:Log (UnityEngine.LogType,object)
UnityEngine.Debug:Log (object)
ArgusUnity.Editor.HideAndSeekDesignBuilder:EnsureGltfClassroomImports () (at Assets/Editor/HideAndSeekDesignBuilder.cs:111)
ArgusUnity.Editor.HideAndSeekDesignBuilder:BuildScene () (at Assets/Editor/HideAndSeekDesignBuilder.cs:49)
ArgusUnity.Editor.HideAndSeekDesignBuilder:OpenSceneInPlayMode () (at Assets/Editor/HideAndSeekDesignBuilder.cs:89)

(Filename: Assets/Editor/HideAndSeekDesignBuilder.cs Line: 111)

Start importing Assets/Project/Resources/UserModels/Idle.fbx using Guid(3cef4c5e4db924e9cb5ca8890eae77de) Importer(-1,00000000000000000000000000000000)  -> (artifact id: '9f27ba06fdf37ef31f3487c718d975db') in 0.437350 seconds
Refreshing native plugins compatible for Editor in 1.17 ms, found 0 plugins.
Preloading 0 native plugins for Editor in 0.00 ms.
Asset Pipeline Refresh (id=1f94860a9f9274ace90ac6b03f1bf190): Total: 0.476 seconds - Initiated by StopAssetImportingV2(NoUpdateAssetOptions)
	Summary:
		Imports: total=1 (actual=1, local cache=0, cache server=0)
		Asset DB Process Time: managed=23 ms, native=438 ms
		Asset DB Callback time: managed=9 ms, native=4 ms
		Scripting: domain reloads=0, domain reload time=0 ms, compile time=0 ms, other=0 ms
		Project Asset Count: scripts=3115, non-scripts=1522
		Asset File Changes: new=0, changed=0, moved=0, deleted=0
		Scan Filter Count: 5
	InvokeBeforeRefreshCallbacks: 0.001ms
	ApplyChangesToAssetFolders: 0.039ms
	Scan: 1.268ms
	OnSourceAssetsModified: 0.000ms
	GetAllGuidsForCategorization: 0.164ms
	CategorizeAssets: 1.981ms
	ImportOutOfDateAssets: 440.926ms (0.370ms without children)
		ImportManagerImport: 438.881ms (0.352ms without children)
			ImportInProcess: 438.501ms
			UpdateCategorizedAssets: 0.028ms
		ReloadNativeAssets: 0.018ms
		UnloadImportedAssets: 0.022ms
		ReloadImportedAssets: 0.000ms
		EnsureUptoDateAssetsAreRegisteredWithGuidPM: 0.823ms
		InitializingProgressBar: 0.004ms
		PostProcessAllAssetNotificationsAddChangedAssets: 0.000ms
		OnDemandSchedulerStart: 0.807ms
	PostProcessAllAssets: 11.489ms
	Hotreload: 2.203ms
	GatherAllCurrentPrimaryArtifactRevisions: 0.285ms
	UnloadStreamsBegin: 0.050ms
	PersistCurrentRevisions: 0.225ms
	UnloadStreamsEnd: 0.014ms
	Untracked: 17.827ms
Start importing Assets/Project/Resources/UserModels/Idle.fbx using Guid(3cef4c5e4db924e9cb5ca8890eae77de) Importer(-1,00000000000000000000000000000000)  -> (artifact id: '9f27ba06fdf37ef31f3487c718d975db') in 0.322172 seconds
Refreshing native plugins compatible for Editor in 0.98 ms, found 0 plugins.
Preloading 0 native plugins for Editor in 0.00 ms.
Asset Pipeline Refresh (id=7c8cd685e7193463586c9c9264ab5c25): Total: 0.351 seconds - Initiated by StopAssetImportingV2(NoUpdateAssetOptions)
	Summary:
		Imports: total=1 (actual=1, local cache=0, cache server=0)
		Asset DB Process Time: managed=2 ms, native=343 ms
		Asset DB Callback time: managed=3 ms, native=1 ms
		Scripting: domain reloads=0, domain reload time=0 ms, compile time=0 ms, other=0 ms
		Project Asset Count: scripts=3115, non-scripts=1522
		Asset File Changes: new=0, changed=0, moved=0, deleted=0
		Scan Filter Count: 5
	InvokeBeforeRefreshCallbacks: 0.001ms
	ApplyChangesToAssetFolders: 0.051ms
	Scan: 1.290ms
	OnSourceAssetsModified: 0.001ms
	GetAllGuidsForCategorization: 0.159ms
	CategorizeAssets: 1.809ms
	ImportOutOfDateAssets: 325.989ms (-0.685ms without children)
		ImportManagerImport: 323.889ms (1.347ms without children)
			ImportInProcess: 322.515ms
			UpdateCategorizedAssets: 0.027ms
		ReloadNativeAssets: 0.022ms
		UnloadImportedAssets: 0.132ms
		ReloadImportedAssets: 0.999ms
		EnsureUptoDateAssetsAreRegisteredWithGuidPM: 0.786ms
		InitializingProgressBar: 0.003ms
		PostProcessAllAssetNotificationsAddChangedAssets: 0.000ms
		OnDemandSchedulerStart: 0.843ms
	PostProcessAllAssets: 4.188ms
	Hotreload: 1.328ms
	GatherAllCurrentPrimaryArtifactRevisions: 0.423ms
	UnloadStreamsBegin: 0.202ms
	PersistCurrentRevisions: 0.243ms
	UnloadStreamsEnd: 0.012ms
	Untracked: 15.406ms
HideAndSeekDesignBuilder: humanoid animation import asset=Idle.fbx, clip=Idle, loop=True, avatarSetup=CreateFromThisModel, sharedAvatar=False, sharedAvatarValid=False, sharedAvatarHuman=False, assetAvatarValid=True, assetAvatarHuman=True.
UnityEngine.StackTraceUtility:ExtractStackTrace () (at /Users/bokken/build/output/unity/unity/Runtime/Export/Scripting/StackTrace.cs:37)
UnityEngine.DebugLogHandler:LogFormat (UnityEngine.LogType,UnityEngine.Object,string,object[])
UnityEngine.Logger:Log (UnityEngine.LogType,object)
UnityEngine.Debug:Log (object)
ArgusUnity.Editor.HideAndSeekDesignBuilder:ConfigureHumanoidAnimation (string,string,bool,UnityEngine.Avatar) (at Assets/Editor/HideAndSeekDesignBuilder.cs:285)
ArgusUnity.Editor.HideAndSeekDesignBuilder:EnsureLocomotionAnimationImports () (at Assets/Editor/HideAndSeekDesignBuilder.cs:205)
ArgusUnity.Editor.HideAndSeekDesignBuilder:BuildScene () (at Assets/Editor/HideAndSeekDesignBuilder.cs:50)
ArgusUnity.Editor.HideAndSeekDesignBuilder:OpenSceneInPlayMode () (at Assets/Editor/HideAndSeekDesignBuilder.cs:89)

(Filename: Assets/Editor/HideAndSeekDesignBuilder.cs Line: 285)

Start importing Assets/Project/Resources/Animations/Locomotion/Walking-2.fbx using Guid(f2ed7a64c18074ecfa681f4713b3f10d) Importer(-1,00000000000000000000000000000000)  -> (artifact id: 'a34faa1e46e4cb632eadaf084b989433') in 0.269946 seconds
Refreshing native plugins compatible for Editor in 1.27 ms, found 0 plugins.
Preloading 0 native plugins for Editor in 0.00 ms.
Asset Pipeline Refresh (id=df69c57a015504aac86774efc8da7ecb): Total: 0.302 seconds - Initiated by StopAssetImportingV2(NoUpdateAssetOptions)
	Summary:
		Imports: total=1 (actual=1, local cache=0, cache server=0)
		Asset DB Process Time: managed=1 ms, native=288 ms
		Asset DB Callback time: managed=7 ms, native=4 ms
		Scripting: domain reloads=0, domain reload time=0 ms, compile time=0 ms, other=0 ms
		Project Asset Count: scripts=3115, non-scripts=1522
		Asset File Changes: new=0, changed=0, moved=0, deleted=0
		Scan Filter Count: 6
	InvokeBeforeRefreshCallbacks: 0.002ms
	ApplyChangesToAssetFolders: 0.023ms
	Scan: 1.188ms
	OnSourceAssetsModified: 0.001ms
	GetAllGuidsForCategorization: 0.151ms
	CategorizeAssets: 1.435ms
	ImportOutOfDateAssets: 273.375ms (0.427ms without children)
		ImportManagerImport: 271.092ms (0.458ms without children)
			ImportInProcess: 270.605ms
			UpdateCategorizedAssets: 0.029ms
		ReloadNativeAssets: 0.016ms
		UnloadImportedAssets: 0.025ms
		ReloadImportedAssets: 0.000ms
		EnsureUptoDateAssetsAreRegisteredWithGuidPM: 0.856ms
		InitializingProgressBar: 0.004ms
		PostProcessAllAssetNotificationsAddChangedAssets: 0.000ms
		OnDemandSchedulerStart: 0.955ms
	PostProcessAllAssets: 9.370ms
	Hotreload: 2.493ms
	GatherAllCurrentPrimaryArtifactRevisions: 0.162ms
	UnloadStreamsBegin: 0.047ms
	PersistCurrentRevisions: 0.256ms
	UnloadStreamsEnd: 0.016ms
	Untracked: 13.855ms
Start importing Assets/Project/Resources/Animations/Locomotion/Walking-2.fbx using Guid(f2ed7a64c18074ecfa681f4713b3f10d) Importer(-1,00000000000000000000000000000000)  -> (artifact id: 'a34faa1e46e4cb632eadaf084b989433') in 0.278732 seconds
Refreshing native plugins compatible for Editor in 0.84 ms, found 0 plugins.
Preloading 0 native plugins for Editor in 0.00 ms.
Asset Pipeline Refresh (id=e65975476efce4e1a994f4cc83b6c770): Total: 0.315 seconds - Initiated by StopAssetImportingV2(NoUpdateAssetOptions)
	Summary:
		Imports: total=1 (actual=1, local cache=0, cache server=0)
		Asset DB Process Time: managed=1 ms, native=311 ms
		Asset DB Callback time: managed=1 ms, native=1 ms
		Scripting: domain reloads=0, domain reload time=0 ms, compile time=0 ms, other=0 ms
		Project Asset Count: scripts=3115, non-scripts=1522
		Asset File Changes: new=0, changed=0, moved=0, deleted=0
		Scan Filter Count: 6
	InvokeBeforeRefreshCallbacks: 0.001ms
	ApplyChangesToAssetFolders: 0.038ms
	Scan: 1.620ms
	OnSourceAssetsModified: 0.000ms
	GetAllGuidsForCategorization: 0.172ms
	CategorizeAssets: 1.776ms
	ImportOutOfDateAssets: 282.523ms (-0.604ms without children)
		ImportManagerImport: 280.320ms (1.251ms without children)
			ImportInProcess: 279.043ms
			UpdateCategorizedAssets: 0.026ms
		ReloadNativeAssets: 0.020ms
		UnloadImportedAssets: 0.155ms
		ReloadImportedAssets: 0.953ms
		EnsureUptoDateAssetsAreRegisteredWithGuidPM: 0.837ms
		InitializingProgressBar: 0.004ms
		PostProcessAllAssetNotificationsAddChangedAssets: 0.000ms
		OnDemandSchedulerStart: 0.838ms
	PostProcessAllAssets: 1.939ms
	Hotreload: 1.164ms
	GatherAllCurrentPrimaryArtifactRevisions: 0.259ms
	UnloadStreamsBegin: 0.169ms
	PersistCurrentRevisions: 0.225ms
	UnloadStreamsEnd: 0.010ms
	Untracked: 25.459ms
HideAndSeekDesignBuilder: humanoid animation import asset=Walking-2.fbx, clip=Walk_InPlace, loop=True, avatarSetup=CopyFromOther, sharedAvatar=True, sharedAvatarValid=True, sharedAvatarHuman=True, assetAvatarValid=False, assetAvatarHuman=False.
UnityEngine.StackTraceUtility:ExtractStackTrace () (at /Users/bokken/build/output/unity/unity/Runtime/Export/Scripting/StackTrace.cs:37)
UnityEngine.DebugLogHandler:LogFormat (UnityEngine.LogType,UnityEngine.Object,string,object[])
UnityEngine.Logger:Log (UnityEngine.LogType,object)
UnityEngine.Debug:Log (object)
ArgusUnity.Editor.HideAndSeekDesignBuilder:ConfigureHumanoidAnimation (string,string,bool,UnityEngine.Avatar) (at Assets/Editor/HideAndSeekDesignBuilder.cs:285)
ArgusUnity.Editor.HideAndSeekDesignBuilder:EnsureLocomotionAnimationImports () (at Assets/Editor/HideAndSeekDesignBuilder.cs:221)
ArgusUnity.Editor.HideAndSeekDesignBuilder:BuildScene () (at Assets/Editor/HideAndSeekDesignBuilder.cs:50)
ArgusUnity.Editor.HideAndSeekDesignBuilder:OpenSceneInPlayMode () (at Assets/Editor/HideAndSeekDesignBuilder.cs:89)

(Filename: Assets/Editor/HideAndSeekDesignBuilder.cs Line: 285)

Start importing Assets/Project/Resources/Animations/FBXTurns/Right Turn 90.fbx using Guid(82cc6131a0e2f4d71a2a3455b84d0688) Importer(-1,00000000000000000000000000000000)  -> (artifact id: '988cb3fb0cb2c9e371fb0c806d47c8d5') in 0.373589 seconds
Refreshing native plugins compatible for Editor in 0.92 ms, found 0 plugins.
Preloading 0 native plugins for Editor in 0.00 ms.
Asset Pipeline Refresh (id=eb7a8ce8655404f239143fba1ba733a2): Total: 0.414 seconds - Initiated by StopAssetImportingV2(NoUpdateAssetOptions)
	Summary:
		Imports: total=1 (actual=1, local cache=0, cache server=0)
		Asset DB Process Time: managed=6 ms, native=392 ms
		Asset DB Callback time: managed=10 ms, native=3 ms
		Scripting: domain reloads=0, domain reload time=0 ms, compile time=0 ms, other=0 ms
		Project Asset Count: scripts=3115, non-scripts=1522
		Asset File Changes: new=0, changed=0, moved=0, deleted=0
		Scan Filter Count: 6
	InvokeBeforeRefreshCallbacks: 0.000ms
	ApplyChangesToAssetFolders: 0.026ms
	Scan: 1.278ms
	OnSourceAssetsModified: 0.000ms
	GetAllGuidsForCategorization: 0.152ms
	CategorizeAssets: 1.736ms
	ImportOutOfDateAssets: 378.941ms (0.479ms without children)
		ImportManagerImport: 376.491ms (0.393ms without children)
			ImportInProcess: 376.058ms
			UpdateCategorizedAssets: 0.039ms
		ReloadNativeAssets: 0.021ms
		UnloadImportedAssets: 0.022ms
		ReloadImportedAssets: 0.000ms
		EnsureUptoDateAssetsAreRegisteredWithGuidPM: 1.002ms
		InitializingProgressBar: 0.004ms
		PostProcessAllAssetNotificationsAddChangedAssets: 0.000ms
		OnDemandSchedulerStart: 0.921ms
	PostProcessAllAssets: 11.689ms
	Hotreload: 2.958ms
	GatherAllCurrentPrimaryArtifactRevisions: 0.172ms
	UnloadStreamsBegin: 0.057ms
	PersistCurrentRevisions: 0.234ms
	UnloadStreamsEnd: 0.010ms
	Untracked: 16.254ms
HideAndSeekDesignBuilder: FBX turn animation role=right-90, asset=Right Turn 90.fbx, importedClips=1, clip=generic, minus2MeansLeft=False
UnityEngine.StackTraceUtility:ExtractStackTrace () (at /Users/bokken/build/output/unity/unity/Runtime/Export/Scripting/StackTrace.cs:37)
UnityEngine.DebugLogHandler:LogFormat (UnityEngine.LogType,UnityEngine.Object,string,object[])
UnityEngine.Logger:Log (UnityEngine.LogType,object)
UnityEngine.Debug:Log (object)
ArgusUnity.Editor.HideAndSeekDesignBuilder:EnsureTurnAnimationImports () (at Assets/Editor/HideAndSeekDesignBuilder.cs:182)
ArgusUnity.Editor.HideAndSeekDesignBuilder:BuildScene () (at Assets/Editor/HideAndSeekDesignBuilder.cs:51)
ArgusUnity.Editor.HideAndSeekDesignBuilder:OpenSceneInPlayMode () (at Assets/Editor/HideAndSeekDesignBuilder.cs:89)

(Filename: Assets/Editor/HideAndSeekDesignBuilder.cs Line: 182)

Start importing Assets/Project/Resources/Animations/FBXTurns/Right Turn 90-2.fbx using Guid(1170e0a4254694dcc89393ce7f5d98cf) Importer(-1,00000000000000000000000000000000)  -> (artifact id: '312f182203c92c59974005b01b517093') in 0.310349 seconds
Refreshing native plugins compatible for Editor in 1.12 ms, found 0 plugins.
Preloading 0 native plugins for Editor in 0.00 ms.
Asset Pipeline Refresh (id=3cb7a2c00b8bd466ebd20ae69c164b29): Total: 0.348 seconds - Initiated by StopAssetImportingV2(NoUpdateAssetOptions)
	Summary:
		Imports: total=1 (actual=1, local cache=0, cache server=0)
		Asset DB Process Time: managed=1 ms, native=338 ms
		Asset DB Callback time: managed=4 ms, native=3 ms
		Scripting: domain reloads=0, domain reload time=0 ms, compile time=0 ms, other=0 ms
		Project Asset Count: scripts=3115, non-scripts=1522
		Asset File Changes: new=0, changed=0, moved=0, deleted=0
		Scan Filter Count: 6
	InvokeBeforeRefreshCallbacks: 0.000ms
	ApplyChangesToAssetFolders: 0.035ms
	Scan: 1.307ms
	OnSourceAssetsModified: 0.000ms
	GetAllGuidsForCategorization: 0.158ms
	CategorizeAssets: 2.446ms
	ImportOutOfDateAssets: 316.466ms (1.261ms without children)
		ImportManagerImport: 312.916ms (0.698ms without children)
			ImportInProcess: 312.186ms
			UpdateCategorizedAssets: 0.033ms
		ReloadNativeAssets: 0.031ms
		UnloadImportedAssets: 0.029ms
		ReloadImportedAssets: 0.000ms
		EnsureUptoDateAssetsAreRegisteredWithGuidPM: 0.925ms
		InitializingProgressBar: 0.005ms
		PostProcessAllAssetNotificationsAddChangedAssets: 0.000ms
		OnDemandSchedulerStart: 1.298ms
	PostProcessAllAssets: 5.627ms
	Hotreload: 2.378ms
	GatherAllCurrentPrimaryArtifactRevisions: 0.571ms
	UnloadStreamsBegin: 0.069ms
	PersistCurrentRevisions: 0.265ms
	UnloadStreamsEnd: 0.013ms
	Untracked: 18.167ms
HideAndSeekDesignBuilder: FBX turn animation role=left-90-from-minus-2, asset=Right Turn 90-2.fbx, importedClips=1, clip=generic, minus2MeansLeft=True
UnityEngine.StackTraceUtility:ExtractStackTrace () (at /Users/bokken/build/output/unity/unity/Runtime/Export/Scripting/StackTrace.cs:37)
UnityEngine.DebugLogHandler:LogFormat (UnityEngine.LogType,UnityEngine.Object,string,object[])
UnityEngine.Logger:Log (UnityEngine.LogType,object)
UnityEngine.Debug:Log (object)
ArgusUnity.Editor.HideAndSeekDesignBuilder:EnsureTurnAnimationImports () (at Assets/Editor/HideAndSeekDesignBuilder.cs:182)
ArgusUnity.Editor.HideAndSeekDesignBuilder:BuildScene () (at Assets/Editor/HideAndSeekDesignBuilder.cs:51)
ArgusUnity.Editor.HideAndSeekDesignBuilder:OpenSceneInPlayMode () (at Assets/Editor/HideAndSeekDesignBuilder.cs:89)

(Filename: Assets/Editor/HideAndSeekDesignBuilder.cs Line: 182)

Start importing Assets/Project/Resources/Animations/FBXTurns/Happy Right Turn.fbx using Guid(1be269054e1384c259b5d79fb375c6f8) Importer(-1,00000000000000000000000000000000)  -> (artifact id: '3e7d18dddea28843d5f43f6eec14061d') in 0.291157 seconds
Refreshing native plugins compatible for Editor in 0.86 ms, found 0 plugins.
Preloading 0 native plugins for Editor in 0.00 ms.
Asset Pipeline Refresh (id=ca55ced0acd9d4485b2cc0fc1a4cf9f0): Total: 0.331 seconds - Initiated by StopAssetImportingV2(NoUpdateAssetOptions)
	Summary:
		Imports: total=1 (actual=1, local cache=0, cache server=0)
		Asset DB Process Time: managed=0 ms, native=324 ms
		Asset DB Callback time: managed=3 ms, native=2 ms
		Scripting: domain reloads=0, domain reload time=0 ms, compile time=0 ms, other=0 ms
		Project Asset Count: scripts=3115, non-scripts=1522
		Asset File Changes: new=0, changed=0, moved=0, deleted=0
		Scan Filter Count: 6
	InvokeBeforeRefreshCallbacks: 0.000ms
	ApplyChangesToAssetFolders: 0.030ms
	Scan: 3.369ms
	OnSourceAssetsModified: 0.001ms
	GetAllGuidsForCategorization: 1.201ms
	CategorizeAssets: 2.965ms
	ImportOutOfDateAssets: 296.402ms (0.443ms without children)
		ImportManagerImport: 293.797ms (0.315ms without children)
			ImportInProcess: 293.454ms
			UpdateCategorizedAssets: 0.028ms
		ReloadNativeAssets: 0.023ms
		UnloadImportedAssets: 0.027ms
		ReloadImportedAssets: 0.000ms
		EnsureUptoDateAssetsAreRegisteredWithGuidPM: 1.282ms
		InitializingProgressBar: 0.005ms
		PostProcessAllAssetNotificationsAddChangedAssets: 0.000ms
		OnDemandSchedulerStart: 0.824ms
	PostProcessAllAssets: 4.065ms
	Hotreload: 1.751ms
	GatherAllCurrentPrimaryArtifactRevisions: 0.201ms
	UnloadStreamsBegin: 0.061ms
	PersistCurrentRevisions: 0.225ms
	UnloadStreamsEnd: 0.013ms
	Untracked: 20.896ms
Start importing Assets/Project/Resources/Animations/FBXTurns/Happy Right Turn.fbx using Guid(1be269054e1384c259b5d79fb375c6f8) Importer(-1,00000000000000000000000000000000)  -> (artifact id: '3e7d18dddea28843d5f43f6eec14061d') in 0.247590 seconds
Refreshing native plugins compatible for Editor in 0.90 ms, found 0 plugins.
Preloading 0 native plugins for Editor in 0.00 ms.
Asset Pipeline Refresh (id=79f39fa4720954a18b5a1b1781e3a4f9): Total: 0.273 seconds - Initiated by StopAssetImportingV2(NoUpdateAssetOptions)
HideAndSeekDesignBuilder: humanoid animation import asset=Happy Right Turn.fbx, clip=TurnRight_Happy, loop=True, avatarSetup=CopyFromOther, sharedAvatar=True, sharedAvatarValid=True, sharedAvatarHuman=True, assetAvatarValid=False, assetAvatarHuman=False.
UnityEngine.StackTraceUtility:ExtractStackTrace () (at /Users/bokken/build/output/unity/unity/Runtime/Export/Scripting/StackTrace.cs:37)
UnityEngine.DebugLogHandler:LogFormat (UnityEngine.LogType,UnityEngine.Object,string,object[])
UnityEngine.Logger:Log (UnityEngine.LogType,object)
UnityEngine.Debug:Log (object)
ArgusUnity.Editor.HideAndSeekDesignBuilder:ConfigureHumanoidAnimation (string,string,bool,UnityEngine.Avatar) (at Assets/Editor/HideAndSeekDesignBuilder.cs:285)
ArgusUnity.Editor.HideAndSeekDesignBuilder:EnsureTurnAnimationImports () (at Assets/Editor/HideAndSeekDesignBuilder.cs:139)
ArgusUnity.Editor.HideAndSeekDesignBuilder:BuildScene () (at Assets/Editor/HideAndSeekDesignBuilder.cs:51)
ArgusUnity.Editor.HideAndSeekDesignBuilder:OpenSceneInPlayMode () (at Assets/Editor/HideAndSeekDesignBuilder.cs:89)

(Filename: Assets/Editor/HideAndSeekDesignBuilder.cs Line: 285)

HideAndSeekDesignBuilder: FBX turn animation role=happy-right, asset=Happy Right Turn.fbx, importedClips=1, clip=TurnRight_Happy, minus2MeansLeft=False
UnityEngine.StackTraceUtility:ExtractStackTrace () (at /Users/bokken/build/output/unity/unity/Runtime/Export/Scripting/StackTrace.cs:37)
UnityEngine.DebugLogHandler:LogFormat (UnityEngine.LogType,UnityEngine.Object,string,object[])
UnityEngine.Logger:Log (UnityEngine.LogType,object)
UnityEngine.Debug:Log (object)
ArgusUnity.Editor.HideAndSeekDesignBuilder:EnsureTurnAnimationImports () (at Assets/Editor/HideAndSeekDesignBuilder.cs:182)
ArgusUnity.Editor.HideAndSeekDesignBuilder:BuildScene () (at Assets/Editor/HideAndSeekDesignBuilder.cs:51)
ArgusUnity.Editor.HideAndSeekDesignBuilder:OpenSceneInPlayMode () (at Assets/Editor/HideAndSeekDesignBuilder.cs:89)

(Filename: Assets/Editor/HideAndSeekDesignBuilder.cs Line: 182)

Start importing Assets/Project/Resources/Animations/FBXTurns/Happy Right Turn-2.fbx using Guid(61038be6e25984c94a7ef50954a36c5b) Importer(-1,00000000000000000000000000000000)  -> (artifact id: 'db836ff54bbd137c91606cfd90d1e63a') in 0.249010 seconds
Refreshing native plugins compatible for Editor in 0.83 ms, found 0 plugins.
Preloading 0 native plugins for Editor in 0.00 ms.
Asset Pipeline Refresh (id=2c21ef1df66674cda8e637bcb4819a0a): Total: 0.277 seconds - Initiated by StopAssetImportingV2(NoUpdateAssetOptions)
Start importing Assets/Project/Resources/Animations/FBXTurns/Happy Right Turn-2.fbx using Guid(61038be6e25984c94a7ef50954a36c5b) Importer(-1,00000000000000000000000000000000)  -> (artifact id: 'db836ff54bbd137c91606cfd90d1e63a') in 0.246020 seconds
Refreshing native plugins compatible for Editor in 0.83 ms, found 0 plugins.
Preloading 0 native plugins for Editor in 0.00 ms.
Asset Pipeline Refresh (id=11314c5b2ab6f4e61a234cfb441b217a): Total: 0.271 seconds - Initiated by StopAssetImportingV2(NoUpdateAssetOptions)
HideAndSeekDesignBuilder: humanoid animation import asset=Happy Right Turn-2.fbx, clip=TurnLeft_Happy, loop=True, avatarSetup=CopyFromOther, sharedAvatar=True, sharedAvatarValid=True, sharedAvatarHuman=True, assetAvatarValid=False, assetAvatarHuman=False.
UnityEngine.StackTraceUtility:ExtractStackTrace () (at /Users/bokken/build/output/unity/unity/Runtime/Export/Scripting/StackTrace.cs:37)
UnityEngine.DebugLogHandler:LogFormat (UnityEngine.LogType,UnityEngine.Object,string,object[])
UnityEngine.Logger:Log (UnityEngine.LogType,object)
UnityEngine.Debug:Log (object)
ArgusUnity.Editor.HideAndSeekDesignBuilder:ConfigureHumanoidAnimation (string,string,bool,UnityEngine.Avatar) (at Assets/Editor/HideAndSeekDesignBuilder.cs:285)
ArgusUnity.Editor.HideAndSeekDesignBuilder:EnsureTurnAnimationImports () (at Assets/Editor/HideAndSeekDesignBuilder.cs:139)
ArgusUnity.Editor.HideAndSeekDesignBuilder:BuildScene () (at Assets/Editor/HideAndSeekDesignBuilder.cs:51)
ArgusUnity.Editor.HideAndSeekDesignBuilder:OpenSceneInPlayMode () (at Assets/Editor/HideAndSeekDesignBuilder.cs:89)

(Filename: Assets/Editor/HideAndSeekDesignBuilder.cs Line: 285)

HideAndSeekDesignBuilder: FBX turn animation role=happy-left-from-minus-2, asset=Happy Right Turn-2.fbx, importedClips=1, clip=TurnLeft_Happy, minus2MeansLeft=True
UnityEngine.StackTraceUtility:ExtractStackTrace () (at /Users/bokken/build/output/unity/unity/Runtime/Export/Scripting/StackTrace.cs:37)
UnityEngine.DebugLogHandler:LogFormat (UnityEngine.LogType,UnityEngine.Object,string,object[])
UnityEngine.Logger:Log (UnityEngine.LogType,object)
UnityEngine.Debug:Log (object)
ArgusUnity.Editor.HideAndSeekDesignBuilder:EnsureTurnAnimationImports () (at Assets/Editor/HideAndSeekDesignBuilder.cs:182)
ArgusUnity.Editor.HideAndSeekDesignBuilder:BuildScene () (at Assets/Editor/HideAndSeekDesignBuilder.cs:51)
ArgusUnity.Editor.HideAndSeekDesignBuilder:OpenSceneInPlayMode () (at Assets/Editor/HideAndSeekDesignBuilder.cs:89)

(Filename: Assets/Editor/HideAndSeekDesignBuilder.cs Line: 182)

Refreshing native plugins compatible for Editor in 0.88 ms, found 0 plugins.
Preloading 0 native plugins for Editor in 0.00 ms.
Asset Pipeline Refresh (id=fa1a1e71c0c564d74b2a299a897babf5): Total: 0.059 seconds - Initiated by StopAssetImportingV2(NoUpdateAssetOptions)
Start importing Assets/Project/Resources/Animations/Controllers/MiniBotLocomotion.controller using Guid(ebda5135bdb3d4046b43dbf48b9b966f) Importer(-1,00000000000000000000000000000000)  -> (artifact id: '453c605dc07cd93abac116ec88f7d157') in 0.001764 seconds
Refreshing native plugins compatible for Editor in 0.80 ms, found 0 plugins.
Preloading 0 native plugins for Editor in 0.00 ms.
Asset Pipeline Refresh (id=c775acf0451a948c8955083b3becd2cc): Total: 0.050 seconds - Initiated by StopAssetImportingV2(NoUpdateAssetOptions)
Start importing Assets/Project/Resources/Animations/Controllers/MiniBotLocomotion.controller using Guid(ebda5135bdb3d4046b43dbf48b9b966f) Importer(-1,00000000000000000000000000000000)  -> (artifact id: '2cb60ef3d80a72005ea4fabc773a62f5') in 0.001461 seconds
Refreshing native plugins compatible for Editor in 0.84 ms, found 0 plugins.
Preloading 0 native plugins for Editor in 0.00 ms.
Asset Pipeline Refresh (id=177497c7c0aec4860b7f9e2bb6612b88): Total: 0.043 seconds - Initiated by StopAssetImportingV2(NoUpdateAssetOptions)
HideAndSeekDesignBuilder: locomotion AnimatorController ready path=Assets/Project/Resources/Animations/Controllers/MiniBotLocomotion.controller, idle=Idle, blendTree=LocomotionBlendTree, walk=Walk_InPlace@turn0-speed1, leftTurn=TurnLeft_Happy@turn-1-speed1, rightTurn=TurnRight_Happy@turn1-speed1.
UnityEngine.StackTraceUtility:ExtractStackTrace () (at /Users/bokken/build/output/unity/unity/Runtime/Export/Scripting/StackTrace.cs:37)
UnityEngine.DebugLogHandler:LogFormat (UnityEngine.LogType,UnityEngine.Object,string,object[])
UnityEngine.Logger:Log (UnityEngine.LogType,object)
UnityEngine.Debug:Log (object)
ArgusUnity.Editor.HideAndSeekDesignBuilder:EnsureLocomotionAnimatorController () (at Assets/Editor/HideAndSeekDesignBuilder.cs:351)
ArgusUnity.Editor.HideAndSeekDesignBuilder:BuildScene () (at Assets/Editor/HideAndSeekDesignBuilder.cs:52)
ArgusUnity.Editor.HideAndSeekDesignBuilder:OpenSceneInPlayMode () (at Assets/Editor/HideAndSeekDesignBuilder.cs:89)

(Filename: Assets/Editor/HideAndSeekDesignBuilder.cs Line: 351)

HideAndSeekDesignBuilder: mini-bot import animationType=Human, importAnimation=True, avatarValid=True, avatarHuman=True, walkingBones leftFoot=True, rightFoot=True, leftLeg=True, rightLeg=True.
UnityEngine.StackTraceUtility:ExtractStackTrace () (at /Users/bokken/build/output/unity/unity/Runtime/Export/Scripting/StackTrace.cs:37)
UnityEngine.DebugLogHandler:LogFormat (UnityEngine.LogType,UnityEngine.Object,string,object[])
UnityEngine.Logger:Log (UnityEngine.LogType,object)
UnityEngine.Debug:Log (object)
ArgusUnity.Editor.HideAndSeekDesignBuilder:LogMiniBotRigInfo () (at Assets/Editor/HideAndSeekDesignBuilder.cs:951)
ArgusUnity.Editor.HideAndSeekDesignBuilder:BuildScene () (at Assets/Editor/HideAndSeekDesignBuilder.cs:53)
ArgusUnity.Editor.HideAndSeekDesignBuilder:OpenSceneInPlayMode () (at Assets/Editor/HideAndSeekDesignBuilder.cs:89)

(Filename: Assets/Editor/HideAndSeekDesignBuilder.cs Line: 951)

Unloading 0 Unused Serialized files (Serialized files now loaded: 0)
Unloading 419 unused Assets / (74.1 KB). Loaded Objects now: 3131.
Memory consumption went from 142.5 MB to 142.4 MB.
Total: 11.317250 ms (FindLiveObjects: 0.154125 ms CreateObjectMapping: 0.072958 ms MarkObjects: 10.587750 ms  DeleteObjects: 0.501583 ms)

Start importing Assets/Project/Materials/FurnitureCollision.physicMaterial using Guid(4055c0a04dcaa4517a2fc6c986d95402) Importer(-1,00000000000000000000000000000000)  -> (artifact id: '93557a2231481f13710b813665cbb595') in 0.002419 seconds
Start importing Assets/Project/Materials/HideSeekDefenseBlue.mat using Guid(1ab91de9bb9934e9f880738d62def819) Importer(-1,00000000000000000000000000000000)  -> (artifact id: '6192f3395ab21bcaa9fabb8e6ebbcfb2') in 0.001242 seconds
Start importing Assets/Project/Materials/HideSeekAttackRed.mat using Guid(4aa4d8a01259243b6b5dba6db789b200) Importer(-1,00000000000000000000000000000000)  -> (artifact id: '1e003da785150d9cba7a94d730ca518a') in 0.001073 seconds
Refreshing native plugins compatible for Editor in 0.91 ms, found 0 plugins.
Preloading 0 native plugins for Editor in 0.00 ms.
Asset Pipeline Refresh (id=71d1a277084ee4b4599de8dabb64cdb1): Total: 0.056 seconds - Initiated by StopAssetImportingV2(NoUpdateAssetOptions)
Start importing Assets/Project/Scenes/MiniBotHideAndSeekDesign.unity using Guid(9a4a9106e8b4148eea11b87fdf0edb7b) Importer(-1,00000000000000000000000000000000)  -> (artifact id: '4702d317835d08a01f7f2fe87c87d15f') in 0.001728 seconds
Refreshing native plugins compatible for Editor in 0.84 ms, found 0 plugins.
Preloading 0 native plugins for Editor in 0.00 ms.
Asset Pipeline Refresh (id=97176a1c7a2e140b6a242528eb0bf2b3): Total: 0.050 seconds - Initiated by StopAssetImportingV2(NoUpdateAssetOptions)
HideAndSeekDesignBuilder: physics setup furnitureColliders=11, staticSchoolroomColliders=5.
UnityEngine.StackTraceUtility:ExtractStackTrace () (at /Users/bokken/build/output/unity/unity/Runtime/Export/Scripting/StackTrace.cs:37)
UnityEngine.DebugLogHandler:LogFormat (UnityEngine.LogType,UnityEngine.Object,string,object[])
UnityEngine.Logger:Log (UnityEngine.LogType,object)
UnityEngine.Debug:Log (object)
ArgusUnity.Editor.HideAndSeekDesignBuilder:BuildScene () (at Assets/Editor/HideAndSeekDesignBuilder.cs:72)
ArgusUnity.Editor.HideAndSeekDesignBuilder:OpenSceneInPlayMode () (at Assets/Editor/HideAndSeekDesignBuilder.cs:89)

(Filename: Assets/Editor/HideAndSeekDesignBuilder.cs Line: 72)

HideAndSeekDesignBuilder: saved Assets/Project/Scenes/MiniBotHideAndSeekDesign.unity
UnityEngine.StackTraceUtility:ExtractStackTrace () (at /Users/bokken/build/output/unity/unity/Runtime/Export/Scripting/StackTrace.cs:37)
UnityEngine.DebugLogHandler:LogFormat (UnityEngine.LogType,UnityEngine.Object,string,object[])
UnityEngine.Logger:Log (UnityEngine.LogType,object)
UnityEngine.Debug:Log (object)
ArgusUnity.Editor.HideAndSeekDesignBuilder:BuildScene () (at Assets/Editor/HideAndSeekDesignBuilder.cs:75)
ArgusUnity.Editor.HideAndSeekDesignBuilder:OpenSceneInPlayMode () (at Assets/Editor/HideAndSeekDesignBuilder.cs:89)

(Filename: Assets/Editor/HideAndSeekDesignBuilder.cs Line: 75)

Opening scene 'Assets/Project/Scenes/MiniBotHideAndSeekDesign.unity'
Unloading 5 Unused Serialized files (Serialized files now loaded: 0)
Loaded scene 'Assets/Project/Scenes/MiniBotHideAndSeekDesign.unity'
	Deserialize:            4.384 ms
	Integration:            326.252 ms
	Integration of assets:  0.004 ms
	Thread Wait Time:       0.020 ms
	Total Operation Time:   330.660 ms
Unloading 27 unused Assets / (8.8 KB). Loaded Objects now: 3677.
Memory consumption went from 150.6 MB to 150.6 MB.
Total: 15.872834 ms (FindLiveObjects: 1.519000 ms CreateObjectMapping: 0.118375 ms MarkObjects: 13.495458 ms  DeleteObjects: 0.736750 ms)

HideAndSeekDesignBuilder: opened scene and entered Play Mode.
UnityEngine.StackTraceUtility:ExtractStackTrace () (at /Users/bokken/build/output/unity/unity/Runtime/Export/Scripting/StackTrace.cs:37)
UnityEngine.DebugLogHandler:LogFormat (UnityEngine.LogType,UnityEngine.Object,string,object[])
UnityEngine.Logger:Log (UnityEngine.LogType,object)
UnityEngine.Debug:Log (object)
ArgusUnity.Editor.HideAndSeekDesignBuilder:OpenSceneInPlayMode () (at Assets/Editor/HideAndSeekDesignBuilder.cs:93)

(Filename: Assets/Editor/HideAndSeekDesignBuilder.cs Line: 93)

[Project] Loading completed in 25.192 seconds
	Project init time: 				10.012 seconds
		Template init time: 		0.000 seconds
		Package Manager init time: 		1.061 seconds
		Asset Database init time: 		0.763 seconds
		Global illumination init time: 	0.007 seconds
		Assemblies load time: 			0.742 seconds
		Unity extensions init time: 	0.007 seconds
		Asset Database refresh time: 	0.353 seconds
	Scene opening time: 			7.640 seconds
##utp:{"type":"ProjectInfo","version":2,"phase":"Immediate","time":1778066122698,"processId":93893,"projectLoad":25.192486709000005,"projectInit":10.01242475,"templateInit":0.0,"packageManagerInit":1.060830708,"assetDatabaseInit":0.763435916,"globalIlluminationInit":0.007230083,"assembliesLoad":0.742157958,"unityExtensionsInit":0.007280667,"assetDatabaseRefresh":0.3532395,"sceneOpening":7.639877917}
##utp:{"type":"EditorInfo","version":2,"phase":"Immediate","time":1778066122698,"processId":93893,"editorVersion":"2022.3.0f1 (fb119bb0b476)","branch":"2022.3/release","buildType":"Release","platform":"OSX"}
Subscribe to USB device events
Scanning for USB devices : 0.122ms
Thread 0x333d87000 may have been prematurely finalized
Reloading assemblies for play mode.
Reloading assemblies after forced synchronous recompile.
Begin MonoManager ReloadAssembly
Symbol file LoadedFromMemory is not a mono symbol file
- Loaded All Assemblies, in  0.457 seconds
Refreshing native plugins compatible for Editor in 0.64 ms, found 0 plugins.
Native extension for OSXStandalone target not found
[MODES] ModeService[none].Initialize
[MODES] ModeService[none].LoadModes
[MODES] Loading mode Default (0) for mode-current-id-EmbodiedDebate
Mono: successfully reloaded assembly
- Finished resetting the current domain, in  0.633 seconds
Domain Reload Profiling: 1095ms
	BeginReloadAssembly (350ms)
		ExecutionOrderSort (0ms)
		DisableScriptedObjects (9ms)
		BackupInstance (0ms)
		ReleaseScriptingObjects (0ms)
		CreateAndSetChildDomain (233ms)
	RebuildCommonClasses (34ms)
	RebuildNativeTypeToScriptingClass (11ms)
	initialDomainReloadingComplete (19ms)
	LoadAllAssembliesAndSetupDomain (47ms)
		LoadAssemblies (115ms)
		RebuildTransferFunctionScriptingTraits (0ms)
		AnalyzeDomain (13ms)
			TypeCache.Refresh (2ms)
				TypeCache.ScanAssembly (0ms)
			ScanForSourceGeneratedMonoScriptInfo (0ms)
			ResolveRequiredComponents (11ms)
	FinalizeReload (633ms)
		ReleaseScriptCaches (0ms)
		RebuildScriptCaches (0ms)
		SetupLoadedEditorAssemblies (314ms)
			LogAssemblyErrors (0ms)
			InitializePlatformSupportModulesInManaged (4ms)
			SetLoadedEditorAssemblies (6ms)
			RefreshPlugins (0ms)
			BeforeProcessingInitializeOnLoad (48ms)
			ProcessInitializeOnLoadAttributes (183ms)
			ProcessInitializeOnLoadMethodAttributes (71ms)
			AfterProcessingInitializeOnLoad (1ms)
			EditorAssembliesLoaded (0ms)
		ExecutionOrderSort2 (0ms)
		AwakeInstancesAfterBackupRestoration (130ms)
Asset Pipeline Refresh (id=5be4903d3b858472e843d399f4fa4b23): Total: 1.254 seconds - Initiated by StopAssetImportingV2(ForceSynchronousImport | ForceDomainReload)
	Summary:
		Imports: total=0 (actual=0, local cache=0, cache server=0)
		Asset DB Process Time: managed=0 ms, native=125 ms
		Asset DB Callback time: managed=10 ms, native=1 ms
		Scripting: domain reloads=1, domain reload time=1115 ms, compile time=0 ms, other=0 ms
		Project Asset Count: scripts=3115, non-scripts=1522
		Asset File Changes: new=0, changed=0, moved=0, deleted=0
		Scan Filter Count: 0
	InvokeBeforeRefreshCallbacks: 1.549ms
	ApplyChangesToAssetFolders: 0.022ms
	Scan: 0.001ms
	OnSourceAssetsModified: 0.004ms
	GetAllGuidsForCategorization: 0.428ms
	CategorizeAssets: 45.322ms
	ImportOutOfDateAssets: 653.166ms (648.597ms without children)
		CompileScripts: 0.009ms
		CollectScriptTypesHashes: 0.475ms
		ReloadNativeAssets: 0.473ms
		UnloadImportedAssets: 0.822ms
		EnsureUptoDateAssetsAreRegisteredWithGuidPM: 1.367ms
		InitializingProgressBar: 0.000ms
		PostProcessAllAssetNotificationsAddChangedAssets: 0.000ms
		OnDemandSchedulerStart: 1.423ms
	PostProcessAllAssets: 10.699ms
	GatherAllCurrentPrimaryArtifactRevisions: 0.329ms
	UnloadStreamsBegin: 0.566ms
	PersistCurrentRevisions: 0.202ms
	UnloadStreamsEnd: 0.015ms
	GenerateScriptTypeHashes: 2.427ms
	Untracked: 541.259ms
AgentLocomotionDriver: Animator locomotion ready controller=MiniBotLocomotion, rootMotion=False, hasSpeed=True, hasTurn=True.
UnityEngine.StackTraceUtility:ExtractStackTrace () (at /Users/bokken/build/output/unity/unity/Runtime/Export/Scripting/StackTrace.cs:37)
UnityEngine.DebugLogHandler:LogFormat (UnityEngine.LogType,UnityEngine.Object,string,object[])
UnityEngine.Logger:Log (UnityEngine.LogType,object)
UnityEngine.Debug:Log (object)
ArgusUnity.Runtime.AgentLocomotionDriver:ConfigureAnimator () (at Assets/Project/Scripts/Runtime/AgentLocomotionDriver.cs:174)
ArgusUnity.Runtime.AgentLocomotionDriver:Awake () (at Assets/Project/Scripts/Runtime/AgentLocomotionDriver.cs:67)

(Filename: Assets/Project/Scripts/Runtime/AgentLocomotionDriver.cs Line: 174)

ArgusVideo: capturing 240 frames at 30 FPS to /Users/guribbong/code/Argus/tmp/direction_match_frames
UnityEngine.StackTraceUtility:ExtractStackTrace () (at /Users/bokken/build/output/unity/unity/Runtime/Export/Scripting/StackTrace.cs:37)
UnityEngine.DebugLogHandler:LogFormat (UnityEngine.LogType,UnityEngine.Object,string,object[])
UnityEngine.Logger:Log (UnityEngine.LogType,object)
UnityEngine.Debug:Log (object)
ArgusUnity.Runtime.SmokeVideoCapture:Awake () (at Assets/Project/Scripts/Runtime/SmokeVideoCapture.cs:44)

(Filename: Assets/Project/Scripts/Runtime/SmokeVideoCapture.cs Line: 44)

AgentLocomotionDriver: Animator locomotion ready controller=MiniBotLocomotion, rootMotion=False, hasSpeed=True, hasTurn=True.
UnityEngine.StackTraceUtility:ExtractStackTrace () (at /Users/bokken/build/output/unity/unity/Runtime/Export/Scripting/StackTrace.cs:37)
UnityEngine.DebugLogHandler:LogFormat (UnityEngine.LogType,UnityEngine.Object,string,object[])
UnityEngine.Logger:Log (UnityEngine.LogType,object)
UnityEngine.Debug:Log (object)
ArgusUnity.Runtime.AgentLocomotionDriver:ConfigureAnimator () (at Assets/Project/Scripts/Runtime/AgentLocomotionDriver.cs:174)
ArgusUnity.Runtime.AgentLocomotionDriver:Awake () (at Assets/Project/Scripts/Runtime/AgentLocomotionDriver.cs:67)

(Filename: Assets/Project/Scripts/Runtime/AgentLocomotionDriver.cs Line: 174)

AgentLocomotionDriver: Animator locomotion ready controller=MiniBotLocomotion, rootMotion=False, hasSpeed=True, hasTurn=True.
UnityEngine.StackTraceUtility:ExtractStackTrace () (at /Users/bokken/build/output/unity/unity/Runtime/Export/Scripting/StackTrace.cs:37)
UnityEngine.DebugLogHandler:LogFormat (UnityEngine.LogType,UnityEngine.Object,string,object[])
UnityEngine.Logger:Log (UnityEngine.LogType,object)
UnityEngine.Debug:Log (object)
ArgusUnity.Runtime.AgentLocomotionDriver:ConfigureAnimator () (at Assets/Project/Scripts/Runtime/AgentLocomotionDriver.cs:174)
ArgusUnity.Runtime.AgentLocomotionDriver:Awake () (at Assets/Project/Scripts/Runtime/AgentLocomotionDriver.cs:67)

(Filename: Assets/Project/Scripts/Runtime/AgentLocomotionDriver.cs Line: 174)

AgentLocomotionDriver: Animator locomotion ready controller=MiniBotLocomotion, rootMotion=False, hasSpeed=True, hasTurn=True.
UnityEngine.StackTraceUtility:ExtractStackTrace () (at /Users/bokken/build/output/unity/unity/Runtime/Export/Scripting/StackTrace.cs:37)
UnityEngine.DebugLogHandler:LogFormat (UnityEngine.LogType,UnityEngine.Object,string,object[])
UnityEngine.Logger:Log (UnityEngine.LogType,object)
UnityEngine.Debug:Log (object)
ArgusUnity.Runtime.AgentLocomotionDriver:ConfigureAnimator () (at Assets/Project/Scripts/Runtime/AgentLocomotionDriver.cs:174)
ArgusUnity.Runtime.AgentLocomotionDriver:Awake () (at Assets/Project/Scripts/Runtime/AgentLocomotionDriver.cs:67)

(Filename: Assets/Project/Scripts/Runtime/AgentLocomotionDriver.cs Line: 174)

Loaded scene 'Temp/__Backupscenes/0.backup'
	Deserialize:            5.753 ms
	Integration:            369.778 ms
	Integration of assets:  1.182 ms
	Thread Wait Time:       0.019 ms
	Total Operation Time:   376.732 ms
MiniBotHideAndSeekScenario: registered free-roam agents=4, bounds=(-3.85,-1.85)-(3.85,1.85).
UnityEngine.StackTraceUtility:ExtractStackTrace () (at /Users/bokken/build/output/unity/unity/Runtime/Export/Scripting/StackTrace.cs:37)
UnityEngine.DebugLogHandler:LogFormat (UnityEngine.LogType,UnityEngine.Object,string,object[])
UnityEngine.Logger:Log (UnityEngine.LogType,object)
UnityEngine.Debug:Log (object)
ArgusUnity.Runtime.MiniBotHideAndSeekScenario:Start () (at Assets/Project/Scripts/Runtime/MiniBotHideAndSeekScenario.cs:83)

(Filename: Assets/Project/Scripts/Runtime/MiniBotHideAndSeekScenario.cs Line: 83)

MiniBotHideAndSeekScenario: boundary steering active for Hider 01.
UnityEngine.StackTraceUtility:ExtractStackTrace () (at /Users/bokken/build/output/unity/unity/Runtime/Export/Scripting/StackTrace.cs:37)
UnityEngine.DebugLogHandler:LogFormat (UnityEngine.LogType,UnityEngine.Object,string,object[])
UnityEngine.Logger:Log (UnityEngine.LogType,object)
UnityEngine.Debug:Log (object)
ArgusUnity.Runtime.MiniBotHideAndSeekScenario:SteerInsideRoom (ArgusUnity.Runtime.MiniBotHideAndSeekScenario/WanderAgent,UnityEngine.Vector3,UnityEngine.Vector3) (at Assets/Project/Scripts/Runtime/MiniBotHideAndSeekScenario.cs:410)
ArgusUnity.Runtime.MiniBotHideAndSeekScenario:ResolveDesiredDirection (ArgusUnity.Runtime.MiniBotHideAndSeekScenario/WanderAgent,UnityEngine.Vector3) (at Assets/Project/Scripts/Runtime/MiniBotHideAndSeekScenario.cs:262)
ArgusUnity.Runtime.MiniBotHideAndSeekScenario:FixedUpdate () (at Assets/Project/Scripts/Runtime/MiniBotHideAndSeekScenario.cs:111)

(Filename: Assets/Project/Scripts/Runtime/MiniBotHideAndSeekScenario.cs Line: 410)

MiniBotHideAndSeekScenario: initial obstacle-avoidance probe Hider 02 -> Classroom desk at 0.00,1.30.
UnityEngine.StackTraceUtility:ExtractStackTrace () (at /Users/bokken/build/output/unity/unity/Runtime/Export/Scripting/StackTrace.cs:37)
UnityEngine.DebugLogHandler:LogFormat (UnityEngine.LogType,UnityEngine.Object,string,object[])
UnityEngine.Logger:Log (UnityEngine.LogType,object)
UnityEngine.Debug:Log (object)
ArgusUnity.Runtime.MiniBotHideAndSeekScenario:PickInitialTarget (ArgusUnity.Runtime.MiniBotHideAndSeekScenario/WanderAgent) (at Assets/Project/Scripts/Runtime/MiniBotHideAndSeekScenario.cs:200)
ArgusUnity.Runtime.MiniBotHideAndSeekScenario:EnsureAgentPhysics (ArgusUnity.Runtime.MiniBotHideAndSeekScenario/WanderAgent) (at Assets/Project/Scripts/Runtime/MiniBotHideAndSeekScenario.cs:184)
ArgusUnity.Runtime.MiniBotHideAndSeekScenario:FixedUpdate () (at Assets/Project/Scripts/Runtime/MiniBotHideAndSeekScenario.cs:93)

(Filename: Assets/Project/Scripts/Runtime/MiniBotHideAndSeekScenario.cs Line: 200)

MiniBotHideAndSeekScenario: obstacle avoidance retarget Hider 02, collider=Classroom desk.
UnityEngine.StackTraceUtility:ExtractStackTrace () (at /Users/bokken/build/output/unity/unity/Runtime/Export/Scripting/StackTrace.cs:37)
UnityEngine.DebugLogHandler:LogFormat (UnityEngine.LogType,UnityEngine.Object,string,object[])
UnityEngine.Logger:Log (UnityEngine.LogType,object)
UnityEngine.Debug:Log (object)
ArgusUnity.Runtime.MiniBotHideAndSeekScenario:SteerAroundObstacle (ArgusUnity.Runtime.MiniBotHideAndSeekScenario/WanderAgent,UnityEngine.Vector3,UnityEngine.Vector3) (at Assets/Project/Scripts/Runtime/MiniBotHideAndSeekScenario.cs:451)
ArgusUnity.Runtime.MiniBotHideAndSeekScenario:ResolveDesiredDirection (ArgusUnity.Runtime.MiniBotHideAndSeekScenario/WanderAgent,UnityEngine.Vector3) (at Assets/Project/Scripts/Runtime/MiniBotHideAndSeekScenario.cs:263)
ArgusUnity.Runtime.MiniBotHideAndSeekScenario:FixedUpdate () (at Assets/Project/Scripts/Runtime/MiniBotHideAndSeekScenario.cs:111)

(Filename: Assets/Project/Scripts/Runtime/MiniBotHideAndSeekScenario.cs Line: 451)

MiniBotHideAndSeekScenario: boundary steering active for Seeker 01.
UnityEngine.StackTraceUtility:ExtractStackTrace () (at /Users/bokken/build/output/unity/unity/Runtime/Export/Scripting/StackTrace.cs:37)
UnityEngine.DebugLogHandler:LogFormat (UnityEngine.LogType,UnityEngine.Object,string,object[])
UnityEngine.Logger:Log (UnityEngine.LogType,object)
UnityEngine.Debug:Log (object)
ArgusUnity.Runtime.MiniBotHideAndSeekScenario:SteerInsideRoom (ArgusUnity.Runtime.MiniBotHideAndSeekScenario/WanderAgent,UnityEngine.Vector3,UnityEngine.Vector3) (at Assets/Project/Scripts/Runtime/MiniBotHideAndSeekScenario.cs:410)
ArgusUnity.Runtime.MiniBotHideAndSeekScenario:ResolveDesiredDirection (ArgusUnity.Runtime.MiniBotHideAndSeekScenario/WanderAgent,UnityEngine.Vector3) (at Assets/Project/Scripts/Runtime/MiniBotHideAndSeekScenario.cs:262)
ArgusUnity.Runtime.MiniBotHideAndSeekScenario:FixedUpdate () (at Assets/Project/Scripts/Runtime/MiniBotHideAndSeekScenario.cs:111)

(Filename: Assets/Project/Scripts/Runtime/MiniBotHideAndSeekScenario.cs Line: 410)

MiniBotHideAndSeekScenario: movement confirmed for Hider 01.
UnityEngine.StackTraceUtility:ExtractStackTrace () (at /Users/bokken/build/output/unity/unity/Runtime/Export/Scripting/StackTrace.cs:37)
UnityEngine.DebugLogHandler:LogFormat (UnityEngine.LogType,UnityEngine.Object,string,object[])
UnityEngine.Logger:Log (UnityEngine.LogType,object)
UnityEngine.Debug:Log (object)
ArgusUnity.Runtime.MiniBotHideAndSeekScenario:FixedUpdate () (at Assets/Project/Scripts/Runtime/MiniBotHideAndSeekScenario.cs:121)

(Filename: Assets/Project/Scripts/Runtime/MiniBotHideAndSeekScenario.cs Line: 121)

MiniBotHideAndSeekScenario: free-roam speed check Hider 01 movementSpeed=0.70, walkDistanceDelta=0.014.
UnityEngine.StackTraceUtility:ExtractStackTrace () (at /Users/bokken/build/output/unity/unity/Runtime/Export/Scripting/StackTrace.cs:37)
UnityEngine.DebugLogHandler:LogFormat (UnityEngine.LogType,UnityEngine.Object,string,object[])
UnityEngine.Logger:Log (UnityEngine.LogType,object)
UnityEngine.Debug:Log (object)
ArgusUnity.Runtime.MiniBotHideAndSeekScenario:FixedUpdate () (at Assets/Project/Scripts/Runtime/MiniBotHideAndSeekScenario.cs:133)

(Filename: Assets/Project/Scripts/Runtime/MiniBotHideAndSeekScenario.cs Line: 133)

MiniBotHideAndSeekScenario: movement confirmed for Hider 02.
UnityEngine.StackTraceUtility:ExtractStackTrace () (at /Users/bokken/build/output/unity/unity/Runtime/Export/Scripting/StackTrace.cs:37)
UnityEngine.DebugLogHandler:LogFormat (UnityEngine.LogType,UnityEngine.Object,string,object[])
UnityEngine.Logger:Log (UnityEngine.LogType,object)
UnityEngine.Debug:Log (object)
ArgusUnity.Runtime.MiniBotHideAndSeekScenario:FixedUpdate () (at Assets/Project/Scripts/Runtime/MiniBotHideAndSeekScenario.cs:121)

(Filename: Assets/Project/Scripts/Runtime/MiniBotHideAndSeekScenario.cs Line: 121)

MiniBotHideAndSeekScenario: free-roam speed check Hider 02 movementSpeed=0.62, walkDistanceDelta=0.012.
UnityEngine.StackTraceUtility:ExtractStackTrace () (at /Users/bokken/build/output/unity/unity/Runtime/Export/Scripting/StackTrace.cs:37)
UnityEngine.DebugLogHandler:LogFormat (UnityEngine.LogType,UnityEngine.Object,string,object[])
UnityEngine.Logger:Log (UnityEngine.LogType,object)
UnityEngine.Debug:Log (object)
ArgusUnity.Runtime.MiniBotHideAndSeekScenario:FixedUpdate () (at Assets/Project/Scripts/Runtime/MiniBotHideAndSeekScenario.cs:133)

(Filename: Assets/Project/Scripts/Runtime/MiniBotHideAndSeekScenario.cs Line: 133)

MiniBotHideAndSeekScenario: movement confirmed for Seeker 01.
UnityEngine.StackTraceUtility:ExtractStackTrace () (at /Users/bokken/build/output/unity/unity/Runtime/Export/Scripting/StackTrace.cs:37)
UnityEngine.DebugLogHandler:LogFormat (UnityEngine.LogType,UnityEngine.Object,string,object[])
UnityEngine.Logger:Log (UnityEngine.LogType,object)
UnityEngine.Debug:Log (object)
ArgusUnity.Runtime.MiniBotHideAndSeekScenario:FixedUpdate () (at Assets/Project/Scripts/Runtime/MiniBotHideAndSeekScenario.cs:121)

(Filename: Assets/Project/Scripts/Runtime/MiniBotHideAndSeekScenario.cs Line: 121)

MiniBotHideAndSeekScenario: free-roam speed check Seeker 01 movementSpeed=0.77, walkDistanceDelta=0.015.
UnityEngine.StackTraceUtility:ExtractStackTrace () (at /Users/bokken/build/output/unity/unity/Runtime/Export/Scripting/StackTrace.cs:37)
UnityEngine.DebugLogHandler:LogFormat (UnityEngine.LogType,UnityEngine.Object,string,object[])
UnityEngine.Logger:Log (UnityEngine.LogType,object)
UnityEngine.Debug:Log (object)
ArgusUnity.Runtime.MiniBotHideAndSeekScenario:FixedUpdate () (at Assets/Project/Scripts/Runtime/MiniBotHideAndSeekScenario.cs:133)

(Filename: Assets/Project/Scripts/Runtime/MiniBotHideAndSeekScenario.cs Line: 133)

MiniBotHideAndSeekScenario: movement confirmed for Seeker 02.
UnityEngine.StackTraceUtility:ExtractStackTrace () (at /Users/bokken/build/output/unity/unity/Runtime/Export/Scripting/StackTrace.cs:37)
UnityEngine.DebugLogHandler:LogFormat (UnityEngine.LogType,UnityEngine.Object,string,object[])
UnityEngine.Logger:Log (UnityEngine.LogType,object)
UnityEngine.Debug:Log (object)
ArgusUnity.Runtime.MiniBotHideAndSeekScenario:FixedUpdate () (at Assets/Project/Scripts/Runtime/MiniBotHideAndSeekScenario.cs:121)

(Filename: Assets/Project/Scripts/Runtime/MiniBotHideAndSeekScenario.cs Line: 121)

MiniBotHideAndSeekScenario: free-roam speed check Seeker 02 movementSpeed=0.71, walkDistanceDelta=0.014.
UnityEngine.StackTraceUtility:ExtractStackTrace () (at /Users/bokken/build/output/unity/unity/Runtime/Export/Scripting/StackTrace.cs:37)
UnityEngine.DebugLogHandler:LogFormat (UnityEngine.LogType,UnityEngine.Object,string,object[])
UnityEngine.Logger:Log (UnityEngine.LogType,object)
UnityEngine.Debug:Log (object)
ArgusUnity.Runtime.MiniBotHideAndSeekScenario:FixedUpdate () (at Assets/Project/Scripts/Runtime/MiniBotHideAndSeekScenario.cs:133)

(Filename: Assets/Project/Scripts/Runtime/MiniBotHideAndSeekScenario.cs Line: 133)

AgentLocomotionDriver: walk animation active state=LocomotionBlendTree, source=Walking-2.fbx, speed=0.81, controller=MiniBotLocomotion.
UnityEngine.StackTraceUtility:ExtractStackTrace () (at /Users/bokken/build/output/unity/unity/Runtime/Export/Scripting/StackTrace.cs:37)
UnityEngine.DebugLogHandler:LogFormat (UnityEngine.LogType,UnityEngine.Object,string,object[])
UnityEngine.Logger:Log (UnityEngine.LogType,object)
UnityEngine.Debug:Log (object)
ArgusUnity.Runtime.AgentLocomotionDriver:LogLocomotionSource () (at Assets/Project/Scripts/Runtime/AgentLocomotionDriver.cs:257)
ArgusUnity.Runtime.AgentLocomotionDriver:LateUpdate () (at Assets/Project/Scripts/Runtime/AgentLocomotionDriver.cs:125)

(Filename: Assets/Project/Scripts/Runtime/AgentLocomotionDriver.cs Line: 257)

AgentLocomotionDriver: walk animation active state=LocomotionBlendTree, source=Walking-2.fbx, speed=0.81, controller=MiniBotLocomotion.
UnityEngine.StackTraceUtility:ExtractStackTrace () (at /Users/bokken/build/output/unity/unity/Runtime/Export/Scripting/StackTrace.cs:37)
UnityEngine.DebugLogHandler:LogFormat (UnityEngine.LogType,UnityEngine.Object,string,object[])
UnityEngine.Logger:Log (UnityEngine.LogType,object)
UnityEngine.Debug:Log (object)
ArgusUnity.Runtime.AgentLocomotionDriver:LogLocomotionSource () (at Assets/Project/Scripts/Runtime/AgentLocomotionDriver.cs:257)
ArgusUnity.Runtime.AgentLocomotionDriver:LateUpdate () (at Assets/Project/Scripts/Runtime/AgentLocomotionDriver.cs:125)

(Filename: Assets/Project/Scripts/Runtime/AgentLocomotionDriver.cs Line: 257)

AgentLocomotionDriver: walk animation active state=LocomotionBlendTree, source=Walking-2.fbx, speed=0.74, controller=MiniBotLocomotion.
UnityEngine.StackTraceUtility:ExtractStackTrace () (at /Users/bokken/build/output/unity/unity/Runtime/Export/Scripting/StackTrace.cs:37)
UnityEngine.DebugLogHandler:LogFormat (UnityEngine.LogType,UnityEngine.Object,string,object[])
UnityEngine.Logger:Log (UnityEngine.LogType,object)
UnityEngine.Debug:Log (object)
ArgusUnity.Runtime.AgentLocomotionDriver:LogLocomotionSource () (at Assets/Project/Scripts/Runtime/AgentLocomotionDriver.cs:257)
ArgusUnity.Runtime.AgentLocomotionDriver:LateUpdate () (at Assets/Project/Scripts/Runtime/AgentLocomotionDriver.cs:125)

(Filename: Assets/Project/Scripts/Runtime/AgentLocomotionDriver.cs Line: 257)

AgentLocomotionDriver: walk animation active state=LocomotionBlendTree, source=Walking-2.fbx, speed=0.90, controller=MiniBotLocomotion.
UnityEngine.StackTraceUtility:ExtractStackTrace () (at /Users/bokken/build/output/unity/unity/Runtime/Export/Scripting/StackTrace.cs:37)
UnityEngine.DebugLogHandler:LogFormat (UnityEngine.LogType,UnityEngine.Object,string,object[])
UnityEngine.Logger:Log (UnityEngine.LogType,object)
UnityEngine.Debug:Log (object)
ArgusUnity.Runtime.AgentLocomotionDriver:LogLocomotionSource () (at Assets/Project/Scripts/Runtime/AgentLocomotionDriver.cs:257)
ArgusUnity.Runtime.AgentLocomotionDriver:LateUpdate () (at Assets/Project/Scripts/Runtime/AgentLocomotionDriver.cs:125)

(Filename: Assets/Project/Scripts/Runtime/AgentLocomotionDriver.cs Line: 257)

Created GICache directory at /Users/guribbong/Library/Caches/com.unity3d.UnityEditor/GiCache. Took: 0.004s, timestamps: [27.789 - 27.792]
Setting up 4 worker threads for Enlighten.
MiniBotHideAndSeekScenario: boundary steering active for Hider 02.
UnityEngine.StackTraceUtility:ExtractStackTrace () (at /Users/bokken/build/output/unity/unity/Runtime/Export/Scripting/StackTrace.cs:37)
UnityEngine.DebugLogHandler:LogFormat (UnityEngine.LogType,UnityEngine.Object,string,object[])
UnityEngine.Logger:Log (UnityEngine.LogType,object)
UnityEngine.Debug:Log (object)
ArgusUnity.Runtime.MiniBotHideAndSeekScenario:SteerInsideRoom (ArgusUnity.Runtime.MiniBotHideAndSeekScenario/WanderAgent,UnityEngine.Vector3,UnityEngine.Vector3) (at Assets/Project/Scripts/Runtime/MiniBotHideAndSeekScenario.cs:410)
ArgusUnity.Runtime.MiniBotHideAndSeekScenario:ResolveDesiredDirection (ArgusUnity.Runtime.MiniBotHideAndSeekScenario/WanderAgent,UnityEngine.Vector3) (at Assets/Project/Scripts/Runtime/MiniBotHideAndSeekScenario.cs:262)
ArgusUnity.Runtime.MiniBotHideAndSeekScenario:FixedUpdate () (at Assets/Project/Scripts/Runtime/MiniBotHideAndSeekScenario.cs:111)

(Filename: Assets/Project/Scripts/Runtime/MiniBotHideAndSeekScenario.cs Line: 410)

MiniBotHideAndSeekScenario: boundary steering active for Seeker 02.
UnityEngine.StackTraceUtility:ExtractStackTrace () (at /Users/bokken/build/output/unity/unity/Runtime/Export/Scripting/StackTrace.cs:37)
UnityEngine.DebugLogHandler:LogFormat (UnityEngine.LogType,UnityEngine.Object,string,object[])
UnityEngine.Logger:Log (UnityEngine.LogType,object)
UnityEngine.Debug:Log (object)
ArgusUnity.Runtime.MiniBotHideAndSeekScenario:SteerInsideRoom (ArgusUnity.Runtime.MiniBotHideAndSeekScenario/WanderAgent,UnityEngine.Vector3,UnityEngine.Vector3) (at Assets/Project/Scripts/Runtime/MiniBotHideAndSeekScenario.cs:410)
ArgusUnity.Runtime.MiniBotHideAndSeekScenario:ResolveDesiredDirection (ArgusUnity.Runtime.MiniBotHideAndSeekScenario/WanderAgent,UnityEngine.Vector3) (at Assets/Project/Scripts/Runtime/MiniBotHideAndSeekScenario.cs:262)
ArgusUnity.Runtime.MiniBotHideAndSeekScenario:FixedUpdate () (at Assets/Project/Scripts/Runtime/MiniBotHideAndSeekScenario.cs:111)

(Filename: Assets/Project/Scripts/Runtime/MiniBotHideAndSeekScenario.cs Line: 410)

MiniBotHideAndSeekScenario: wall pressure turnaround Seeker 02 -> 0.31,-0.95.
UnityEngine.StackTraceUtility:ExtractStackTrace () (at /Users/bokken/build/output/unity/unity/Runtime/Export/Scripting/StackTrace.cs:37)
UnityEngine.DebugLogHandler:LogFormat (UnityEngine.LogType,UnityEngine.Object,string,object[])
UnityEngine.Logger:Log (UnityEngine.LogType,object)
UnityEngine.Debug:Log (object)
ArgusUnity.Runtime.MiniBotHideAndSeekScenario:StartBoundaryRecovery (ArgusUnity.Runtime.MiniBotHideAndSeekScenario/WanderAgent,UnityEngine.Vector3) (at Assets/Project/Scripts/Runtime/MiniBotHideAndSeekScenario.cs:582)
ArgusUnity.Runtime.MiniBotHideAndSeekScenario:KeepInsideRoom (ArgusUnity.Runtime.MiniBotHideAndSeekScenario/WanderAgent) (at Assets/Project/Scripts/Runtime/MiniBotHideAndSeekScenario.cs:516)
ArgusUnity.Runtime.MiniBotHideAndSeekScenario:FixedUpdate () (at Assets/Project/Scripts/Runtime/MiniBotHideAndSeekScenario.cs:117)

(Filename: Assets/Project/Scripts/Runtime/MiniBotHideAndSeekScenario.cs Line: 582)

MiniBotHideAndSeekScenario: wall clamp kept Seeker 02 inside walkable room.
UnityEngine.StackTraceUtility:ExtractStackTrace () (at /Users/bokken/build/output/unity/unity/Runtime/Export/Scripting/StackTrace.cs:37)
UnityEngine.DebugLogHandler:LogFormat (UnityEngine.LogType,UnityEngine.Object,string,object[])
UnityEngine.Logger:Log (UnityEngine.LogType,object)
UnityEngine.Debug:Log (object)
ArgusUnity.Runtime.MiniBotHideAndSeekScenario:KeepInsideRoom (ArgusUnity.Runtime.MiniBotHideAndSeekScenario/WanderAgent) (at Assets/Project/Scripts/Runtime/MiniBotHideAndSeekScenario.cs:519)
ArgusUnity.Runtime.MiniBotHideAndSeekScenario:FixedUpdate () (at Assets/Project/Scripts/Runtime/MiniBotHideAndSeekScenario.cs:117)

(Filename: Assets/Project/Scripts/Runtime/MiniBotHideAndSeekScenario.cs Line: 519)

MiniBotHideAndSeekScenario: wall pressure turnaround Hider 02 -> 0.49,-0.87.
UnityEngine.StackTraceUtility:ExtractStackTrace () (at /Users/bokken/build/output/unity/unity/Runtime/Export/Scripting/StackTrace.cs:37)
UnityEngine.DebugLogHandler:LogFormat (UnityEngine.LogType,UnityEngine.Object,string,object[])
UnityEngine.Logger:Log (UnityEngine.LogType,object)
UnityEngine.Debug:Log (object)
ArgusUnity.Runtime.MiniBotHideAndSeekScenario:StartBoundaryRecovery (ArgusUnity.Runtime.MiniBotHideAndSeekScenario/WanderAgent,UnityEngine.Vector3) (at Assets/Project/Scripts/Runtime/MiniBotHideAndSeekScenario.cs:582)
ArgusUnity.Runtime.MiniBotHideAndSeekScenario:KeepInsideRoom (ArgusUnity.Runtime.MiniBotHideAndSeekScenario/WanderAgent) (at Assets/Project/Scripts/Runtime/MiniBotHideAndSeekScenario.cs:516)
ArgusUnity.Runtime.MiniBotHideAndSeekScenario:FixedUpdate () (at Assets/Project/Scripts/Runtime/MiniBotHideAndSeekScenario.cs:117)

(Filename: Assets/Project/Scripts/Runtime/MiniBotHideAndSeekScenario.cs Line: 582)

MiniBotHideAndSeekScenario: wall clamp kept Hider 02 inside walkable room.
UnityEngine.StackTraceUtility:ExtractStackTrace () (at /Users/bokken/build/output/unity/unity/Runtime/Export/Scripting/StackTrace.cs:37)
UnityEngine.DebugLogHandler:LogFormat (UnityEngine.LogType,UnityEngine.Object,string,object[])
UnityEngine.Logger:Log (UnityEngine.LogType,object)
UnityEngine.Debug:Log (object)
ArgusUnity.Runtime.MiniBotHideAndSeekScenario:KeepInsideRoom (ArgusUnity.Runtime.MiniBotHideAndSeekScenario/WanderAgent) (at Assets/Project/Scripts/Runtime/MiniBotHideAndSeekScenario.cs:519)
ArgusUnity.Runtime.MiniBotHideAndSeekScenario:FixedUpdate () (at Assets/Project/Scripts/Runtime/MiniBotHideAndSeekScenario.cs:117)

(Filename: Assets/Project/Scripts/Runtime/MiniBotHideAndSeekScenario.cs Line: 519)

MiniBotHideAndSeekScenario: rotation confirmed for Seeker 02.
UnityEngine.StackTraceUtility:ExtractStackTrace () (at /Users/bokken/build/output/unity/unity/Runtime/Export/Scripting/StackTrace.cs:37)
UnityEngine.DebugLogHandler:LogFormat (UnityEngine.LogType,UnityEngine.Object,string,object[])
UnityEngine.Logger:Log (UnityEngine.LogType,object)
UnityEngine.Debug:Log (object)
ArgusUnity.Runtime.MiniBotHideAndSeekScenario:FixedUpdate () (at Assets/Project/Scripts/Runtime/MiniBotHideAndSeekScenario.cs:127)

(Filename: Assets/Project/Scripts/Runtime/MiniBotHideAndSeekScenario.cs Line: 127)

AgentLocomotionDriver: happy-right turn animation active state=LocomotionBlendTree, source=Happy Right Turn.fbx, turn=0.57, speed=0.36, turnRate=51.0, headingDelta=-9.1.
UnityEngine.StackTraceUtility:ExtractStackTrace () (at /Users/bokken/build/output/unity/unity/Runtime/Export/Scripting/StackTrace.cs:37)
UnityEngine.DebugLogHandler:LogFormat (UnityEngine.LogType,UnityEngine.Object,string,object[])
UnityEngine.Logger:Log (UnityEngine.LogType,object)
UnityEngine.Debug:Log (object)
ArgusUnity.Runtime.AgentLocomotionDriver:LogLocomotionSource () (at Assets/Project/Scripts/Runtime/AgentLocomotionDriver.cs:243)
ArgusUnity.Runtime.AgentLocomotionDriver:LateUpdate () (at Assets/Project/Scripts/Runtime/AgentLocomotionDriver.cs:125)

(Filename: Assets/Project/Scripts/Runtime/AgentLocomotionDriver.cs Line: 243)

MiniBotHideAndSeekScenario: rotation confirmed for Hider 02.
UnityEngine.StackTraceUtility:ExtractStackTrace () (at /Users/bokken/build/output/unity/unity/Runtime/Export/Scripting/StackTrace.cs:37)
UnityEngine.DebugLogHandler:LogFormat (UnityEngine.LogType,UnityEngine.Object,string,object[])
UnityEngine.Logger:Log (UnityEngine.LogType,object)
UnityEngine.Debug:Log (object)
ArgusUnity.Runtime.MiniBotHideAndSeekScenario:FixedUpdate () (at Assets/Project/Scripts/Runtime/MiniBotHideAndSeekScenario.cs:127)

(Filename: Assets/Project/Scripts/Runtime/MiniBotHideAndSeekScenario.cs Line: 127)

AgentLocomotionDriver: happy-right turn animation active state=LocomotionBlendTree, source=Happy Right Turn.fbx, turn=1.00, speed=0.16, turnRate=101.5, headingDelta=-158.0.
UnityEngine.StackTraceUtility:ExtractStackTrace () (at /Users/bokken/build/output/unity/unity/Runtime/Export/Scripting/StackTrace.cs:37)
UnityEngine.DebugLogHandler:LogFormat (UnityEngine.LogType,UnityEngine.Object,string,object[])
UnityEngine.Logger:Log (UnityEngine.LogType,object)
UnityEngine.Debug:Log (object)
ArgusUnity.Runtime.AgentLocomotionDriver:LogLocomotionSource () (at Assets/Project/Scripts/Runtime/AgentLocomotionDriver.cs:243)
ArgusUnity.Runtime.AgentLocomotionDriver:LateUpdate () (at Assets/Project/Scripts/Runtime/AgentLocomotionDriver.cs:125)

(Filename: Assets/Project/Scripts/Runtime/AgentLocomotionDriver.cs Line: 243)

AgentLocomotionDriver: happy-left turn animation active state=LocomotionBlendTree, source=Happy Right Turn-2.fbx, turn=-0.57, speed=0.36, turnRate=-51.0, headingDelta=-6.0.
UnityEngine.StackTraceUtility:ExtractStackTrace () (at /Users/bokken/build/output/unity/unity/Runtime/Export/Scripting/StackTrace.cs:37)
UnityEngine.DebugLogHandler:LogFormat (UnityEngine.LogType,UnityEngine.Object,string,object[])
UnityEngine.Logger:Log (UnityEngine.LogType,object)
UnityEngine.Debug:Log (object)
ArgusUnity.Runtime.AgentLocomotionDriver:LogLocomotionSource () (at Assets/Project/Scripts/Runtime/AgentLocomotionDriver.cs:227)
ArgusUnity.Runtime.AgentLocomotionDriver:LateUpdate () (at Assets/Project/Scripts/Runtime/AgentLocomotionDriver.cs:125)

(Filename: Assets/Project/Scripts/Runtime/AgentLocomotionDriver.cs Line: 227)

AgentLocomotionDriver: happy-left turn animation active state=LocomotionBlendTree, source=Happy Right Turn-2.fbx, turn=-0.57, speed=0.31, turnRate=-50.9, headingDelta=2.3.
UnityEngine.StackTraceUtility:ExtractStackTrace () (at /Users/bokken/build/output/unity/unity/Runtime/Export/Scripting/StackTrace.cs:37)
UnityEngine.DebugLogHandler:LogFormat (UnityEngine.LogType,UnityEngine.Object,string,object[])
UnityEngine.Logger:Log (UnityEngine.LogType,object)
UnityEngine.Debug:Log (object)
ArgusUnity.Runtime.AgentLocomotionDriver:LogLocomotionSource () (at Assets/Project/Scripts/Runtime/AgentLocomotionDriver.cs:227)
ArgusUnity.Runtime.AgentLocomotionDriver:LateUpdate () (at Assets/Project/Scripts/Runtime/AgentLocomotionDriver.cs:125)

(Filename: Assets/Project/Scripts/Runtime/AgentLocomotionDriver.cs Line: 227)

MiniBotHideAndSeekScenario: obstacle avoidance retarget Seeker 01, collider=Classroom table.
UnityEngine.StackTraceUtility:ExtractStackTrace () (at /Users/bokken/build/output/unity/unity/Runtime/Export/Scripting/StackTrace.cs:37)
UnityEngine.DebugLogHandler:LogFormat (UnityEngine.LogType,UnityEngine.Object,string,object[])
UnityEngine.Logger:Log (UnityEngine.LogType,object)
UnityEngine.Debug:Log (object)
ArgusUnity.Runtime.MiniBotHideAndSeekScenario:SteerAroundObstacle (ArgusUnity.Runtime.MiniBotHideAndSeekScenario/WanderAgent,UnityEngine.Vector3,UnityEngine.Vector3) (at Assets/Project/Scripts/Runtime/MiniBotHideAndSeekScenario.cs:451)
ArgusUnity.Runtime.MiniBotHideAndSeekScenario:ResolveDesiredDirection (ArgusUnity.Runtime.MiniBotHideAndSeekScenario/WanderAgent,UnityEngine.Vector3) (at Assets/Project/Scripts/Runtime/MiniBotHideAndSeekScenario.cs:263)
ArgusUnity.Runtime.MiniBotHideAndSeekScenario:FixedUpdate () (at Assets/Project/Scripts/Runtime/MiniBotHideAndSeekScenario.cs:111)

(Filename: Assets/Project/Scripts/Runtime/MiniBotHideAndSeekScenario.cs Line: 451)

MiniBotHideAndSeekScenario: obstacle avoidance retarget Hider 01, collider=Classroom table.
UnityEngine.StackTraceUtility:ExtractStackTrace () (at /Users/bokken/build/output/unity/unity/Runtime/Export/Scripting/StackTrace.cs:37)
UnityEngine.DebugLogHandler:LogFormat (UnityEngine.LogType,UnityEngine.Object,string,object[])
UnityEngine.Logger:Log (UnityEngine.LogType,object)
UnityEngine.Debug:Log (object)
ArgusUnity.Runtime.MiniBotHideAndSeekScenario:SteerAroundObstacle (ArgusUnity.Runtime.MiniBotHideAndSeekScenario/WanderAgent,UnityEngine.Vector3,UnityEngine.Vector3) (at Assets/Project/Scripts/Runtime/MiniBotHideAndSeekScenario.cs:451)
ArgusUnity.Runtime.MiniBotHideAndSeekScenario:ResolveDesiredDirection (ArgusUnity.Runtime.MiniBotHideAndSeekScenario/WanderAgent,UnityEngine.Vector3) (at Assets/Project/Scripts/Runtime/MiniBotHideAndSeekScenario.cs:263)
ArgusUnity.Runtime.MiniBotHideAndSeekScenario:FixedUpdate () (at Assets/Project/Scripts/Runtime/MiniBotHideAndSeekScenario.cs:111)

(Filename: Assets/Project/Scripts/Runtime/MiniBotHideAndSeekScenario.cs Line: 451)

MiniBotHideAndSeekScenario: wall pressure turnaround Hider 01 -> -0.54,-0.84.
UnityEngine.StackTraceUtility:ExtractStackTrace () (at /Users/bokken/build/output/unity/unity/Runtime/Export/Scripting/StackTrace.cs:37)
UnityEngine.DebugLogHandler:LogFormat (UnityEngine.LogType,UnityEngine.Object,string,object[])
UnityEngine.Logger:Log (UnityEngine.LogType,object)
UnityEngine.Debug:Log (object)
ArgusUnity.Runtime.MiniBotHideAndSeekScenario:StartBoundaryRecovery (ArgusUnity.Runtime.MiniBotHideAndSeekScenario/WanderAgent,UnityEngine.Vector3) (at Assets/Project/Scripts/Runtime/MiniBotHideAndSeekScenario.cs:582)
ArgusUnity.Runtime.MiniBotHideAndSeekScenario:KeepInsideRoom (ArgusUnity.Runtime.MiniBotHideAndSeekScenario/WanderAgent) (at Assets/Project/Scripts/Runtime/MiniBotHideAndSeekScenario.cs:516)
ArgusUnity.Runtime.MiniBotHideAndSeekScenario:FixedUpdate () (at Assets/Project/Scripts/Runtime/MiniBotHideAndSeekScenario.cs:117)

(Filename: Assets/Project/Scripts/Runtime/MiniBotHideAndSeekScenario.cs Line: 582)

MiniBotHideAndSeekScenario: wall clamp kept Hider 01 inside walkable room.
UnityEngine.StackTraceUtility:ExtractStackTrace () (at /Users/bokken/build/output/unity/unity/Runtime/Export/Scripting/StackTrace.cs:37)
UnityEngine.DebugLogHandler:LogFormat (UnityEngine.LogType,UnityEngine.Object,string,object[])
UnityEngine.Logger:Log (UnityEngine.LogType,object)
UnityEngine.Debug:Log (object)
ArgusUnity.Runtime.MiniBotHideAndSeekScenario:KeepInsideRoom (ArgusUnity.Runtime.MiniBotHideAndSeekScenario/WanderAgent) (at Assets/Project/Scripts/Runtime/MiniBotHideAndSeekScenario.cs:519)
ArgusUnity.Runtime.MiniBotHideAndSeekScenario:FixedUpdate () (at Assets/Project/Scripts/Runtime/MiniBotHideAndSeekScenario.cs:117)

(Filename: Assets/Project/Scripts/Runtime/MiniBotHideAndSeekScenario.cs Line: 519)

MiniBotHideAndSeekScenario: rotation confirmed for Hider 01.
UnityEngine.StackTraceUtility:ExtractStackTrace () (at /Users/bokken/build/output/unity/unity/Runtime/Export/Scripting/StackTrace.cs:37)
UnityEngine.DebugLogHandler:LogFormat (UnityEngine.LogType,UnityEngine.Object,string,object[])
UnityEngine.Logger:Log (UnityEngine.LogType,object)
UnityEngine.Debug:Log (object)
ArgusUnity.Runtime.MiniBotHideAndSeekScenario:FixedUpdate () (at Assets/Project/Scripts/Runtime/MiniBotHideAndSeekScenario.cs:127)

(Filename: Assets/Project/Scripts/Runtime/MiniBotHideAndSeekScenario.cs Line: 127)

AgentLocomotionDriver: happy-right turn animation active state=LocomotionBlendTree, source=Happy Right Turn.fbx, turn=0.63, speed=0.48, turnRate=57.0, headingDelta=117.6.
UnityEngine.StackTraceUtility:ExtractStackTrace () (at /Users/bokken/build/output/unity/unity/Runtime/Export/Scripting/StackTrace.cs:37)
UnityEngine.DebugLogHandler:LogFormat (UnityEngine.LogType,UnityEngine.Object,string,object[])
UnityEngine.Logger:Log (UnityEngine.LogType,object)
UnityEngine.Debug:Log (object)
ArgusUnity.Runtime.AgentLocomotionDriver:LogLocomotionSource () (at Assets/Project/Scripts/Runtime/AgentLocomotionDriver.cs:243)
ArgusUnity.Runtime.AgentLocomotionDriver:LateUpdate () (at Assets/Project/Scripts/Runtime/AgentLocomotionDriver.cs:125)

(Filename: Assets/Project/Scripts/Runtime/AgentLocomotionDriver.cs Line: 243)

MiniBotHideAndSeekScenario: wall pressure turnaround Seeker 01 -> -0.94,-0.35.
UnityEngine.StackTraceUtility:ExtractStackTrace () (at /Users/bokken/build/output/unity/unity/Runtime/Export/Scripting/StackTrace.cs:37)
UnityEngine.DebugLogHandler:LogFormat (UnityEngine.LogType,UnityEngine.Object,string,object[])
UnityEngine.Logger:Log (UnityEngine.LogType,object)
UnityEngine.Debug:Log (object)
ArgusUnity.Runtime.MiniBotHideAndSeekScenario:StartBoundaryRecovery (ArgusUnity.Runtime.MiniBotHideAndSeekScenario/WanderAgent,UnityEngine.Vector3) (at Assets/Project/Scripts/Runtime/MiniBotHideAndSeekScenario.cs:582)
ArgusUnity.Runtime.MiniBotHideAndSeekScenario:KeepInsideRoom (ArgusUnity.Runtime.MiniBotHideAndSeekScenario/WanderAgent) (at Assets/Project/Scripts/Runtime/MiniBotHideAndSeekScenario.cs:516)
ArgusUnity.Runtime.MiniBotHideAndSeekScenario:FixedUpdate () (at Assets/Project/Scripts/Runtime/MiniBotHideAndSeekScenario.cs:117)

(Filename: Assets/Project/Scripts/Runtime/MiniBotHideAndSeekScenario.cs Line: 582)

MiniBotHideAndSeekScenario: wall clamp kept Seeker 01 inside walkable room.
UnityEngine.StackTraceUtility:ExtractStackTrace () (at /Users/bokken/build/output/unity/unity/Runtime/Export/Scripting/StackTrace.cs:37)
UnityEngine.DebugLogHandler:LogFormat (UnityEngine.LogType,UnityEngine.Object,string,object[])
UnityEngine.Logger:Log (UnityEngine.LogType,object)
UnityEngine.Debug:Log (object)
ArgusUnity.Runtime.MiniBotHideAndSeekScenario:KeepInsideRoom (ArgusUnity.Runtime.MiniBotHideAndSeekScenario/WanderAgent) (at Assets/Project/Scripts/Runtime/MiniBotHideAndSeekScenario.cs:519)
ArgusUnity.Runtime.MiniBotHideAndSeekScenario:FixedUpdate () (at Assets/Project/Scripts/Runtime/MiniBotHideAndSeekScenario.cs:117)

(Filename: Assets/Project/Scripts/Runtime/MiniBotHideAndSeekScenario.cs Line: 519)

MiniBotHideAndSeekScenario: rotation confirmed for Seeker 01.
UnityEngine.StackTraceUtility:ExtractStackTrace () (at /Users/bokken/build/output/unity/unity/Runtime/Export/Scripting/StackTrace.cs:37)
UnityEngine.DebugLogHandler:LogFormat (UnityEngine.LogType,UnityEngine.Object,string,object[])
UnityEngine.Logger:Log (UnityEngine.LogType,object)
UnityEngine.Debug:Log (object)
ArgusUnity.Runtime.MiniBotHideAndSeekScenario:FixedUpdate () (at Assets/Project/Scripts/Runtime/MiniBotHideAndSeekScenario.cs:127)

(Filename: Assets/Project/Scripts/Runtime/MiniBotHideAndSeekScenario.cs Line: 127)

AgentLocomotionDriver: happy-left turn animation active state=LocomotionBlendTree, source=Happy Right Turn-2.fbx, turn=-0.57, speed=0.47, turnRate=-51.0, headingDelta=-21.2.
UnityEngine.StackTraceUtility:ExtractStackTrace () (at /Users/bokken/build/output/unity/unity/Runtime/Export/Scripting/StackTrace.cs:37)
UnityEngine.DebugLogHandler:LogFormat (UnityEngine.LogType,UnityEngine.Object,string,object[])
UnityEngine.Logger:Log (UnityEngine.LogType,object)
UnityEngine.Debug:Log (object)
ArgusUnity.Runtime.AgentLocomotionDriver:LogLocomotionSource () (at Assets/Project/Scripts/Runtime/AgentLocomotionDriver.cs:227)
ArgusUnity.Runtime.AgentLocomotionDriver:LateUpdate () (at Assets/Project/Scripts/Runtime/AgentLocomotionDriver.cs:125)

(Filename: Assets/Project/Scripts/Runtime/AgentLocomotionDriver.cs Line: 227)

MiniBotHideAndSeekScenario: obstacle avoidance retarget Seeker 02, collider=Seeker 01.
UnityEngine.StackTraceUtility:ExtractStackTrace () (at /Users/bokken/build/output/unity/unity/Runtime/Export/Scripting/StackTrace.cs:37)
UnityEngine.DebugLogHandler:LogFormat (UnityEngine.LogType,UnityEngine.Object,string,object[])
UnityEngine.Logger:Log (UnityEngine.LogType,object)
UnityEngine.Debug:Log (object)
ArgusUnity.Runtime.MiniBotHideAndSeekScenario:SteerAroundObstacle (ArgusUnity.Runtime.MiniBotHideAndSeekScenario/WanderAgent,UnityEngine.Vector3,UnityEngine.Vector3) (at Assets/Project/Scripts/Runtime/MiniBotHideAndSeekScenario.cs:451)
ArgusUnity.Runtime.MiniBotHideAndSeekScenario:ResolveDesiredDirection (ArgusUnity.Runtime.MiniBotHideAndSeekScenario/WanderAgent,UnityEngine.Vector3) (at Assets/Project/Scripts/Runtime/MiniBotHideAndSeekScenario.cs:243)
ArgusUnity.Runtime.MiniBotHideAndSeekScenario:FixedUpdate () (at Assets/Project/Scripts/Runtime/MiniBotHideAndSeekScenario.cs:111)

(Filename: Assets/Project/Scripts/Runtime/MiniBotHideAndSeekScenario.cs Line: 451)

AgentLocomotionDriver: happy-right turn animation active state=LocomotionBlendTree, source=Happy Right Turn.fbx, turn=0.61, speed=0.59, turnRate=54.6, headingDelta=-8.7.
UnityEngine.StackTraceUtility:ExtractStackTrace () (at /Users/bokken/build/output/unity/unity/Runtime/Export/Scripting/StackTrace.cs:37)
UnityEngine.DebugLogHandler:LogFormat (UnityEngine.LogType,UnityEngine.Object,string,object[])
UnityEngine.Logger:Log (UnityEngine.LogType,object)
UnityEngine.Debug:Log (object)
ArgusUnity.Runtime.AgentLocomotionDriver:LogLocomotionSource () (at Assets/Project/Scripts/Runtime/AgentLocomotionDriver.cs:243)
ArgusUnity.Runtime.AgentLocomotionDriver:LateUpdate () (at Assets/Project/Scripts/Runtime/AgentLocomotionDriver.cs:125)

(Filename: Assets/Project/Scripts/Runtime/AgentLocomotionDriver.cs Line: 243)

MiniBotHideAndSeekScenario: free-roam retarget Hider 01 -> -0.76,0.02.
UnityEngine.StackTraceUtility:ExtractStackTrace () (at /Users/bokken/build/output/unity/unity/Runtime/Export/Scripting/StackTrace.cs:37)
UnityEngine.DebugLogHandler:LogFormat (UnityEngine.LogType,UnityEngine.Object,string,object[])
UnityEngine.Logger:Log (UnityEngine.LogType,object)
UnityEngine.Debug:Log (object)
ArgusUnity.Runtime.MiniBotHideAndSeekScenario:ResolveDesiredDirection (ArgusUnity.Runtime.MiniBotHideAndSeekScenario/WanderAgent,UnityEngine.Vector3) (at Assets/Project/Scripts/Runtime/MiniBotHideAndSeekScenario.cs:255)
ArgusUnity.Runtime.MiniBotHideAndSeekScenario:FixedUpdate () (at Assets/Project/Scripts/Runtime/MiniBotHideAndSeekScenario.cs:111)

(Filename: Assets/Project/Scripts/Runtime/MiniBotHideAndSeekScenario.cs Line: 255)

MiniBotHideAndSeekScenario: free-roam retarget Seeker 01 -> 0.22,-0.18.
UnityEngine.StackTraceUtility:ExtractStackTrace () (at /Users/bokken/build/output/unity/unity/Runtime/Export/Scripting/StackTrace.cs:37)
UnityEngine.DebugLogHandler:LogFormat (UnityEngine.LogType,UnityEngine.Object,string,object[])
UnityEngine.Logger:Log (UnityEngine.LogType,object)
UnityEngine.Debug:Log (object)
ArgusUnity.Runtime.MiniBotHideAndSeekScenario:ResolveDesiredDirection (ArgusUnity.Runtime.MiniBotHideAndSeekScenario/WanderAgent,UnityEngine.Vector3) (at Assets/Project/Scripts/Runtime/MiniBotHideAndSeekScenario.cs:255)
ArgusUnity.Runtime.MiniBotHideAndSeekScenario:FixedUpdate () (at Assets/Project/Scripts/Runtime/MiniBotHideAndSeekScenario.cs:111)

(Filename: Assets/Project/Scripts/Runtime/MiniBotHideAndSeekScenario.cs Line: 255)

MiniBotHideAndSeekScenario: free-roam retarget Seeker 02 -> 1.92,0.55.
UnityEngine.StackTraceUtility:ExtractStackTrace () (at /Users/bokken/build/output/unity/unity/Runtime/Export/Scripting/StackTrace.cs:37)
UnityEngine.DebugLogHandler:LogFormat (UnityEngine.LogType,UnityEngine.Object,string,object[])
UnityEngine.Logger:Log (UnityEngine.LogType,object)
UnityEngine.Debug:Log (object)
ArgusUnity.Runtime.MiniBotHideAndSeekScenario:ResolveDesiredDirection (ArgusUnity.Runtime.MiniBotHideAndSeekScenario/WanderAgent,UnityEngine.Vector3) (at Assets/Project/Scripts/Runtime/MiniBotHideAndSeekScenario.cs:255)
ArgusUnity.Runtime.MiniBotHideAndSeekScenario:FixedUpdate () (at Assets/Project/Scripts/Runtime/MiniBotHideAndSeekScenario.cs:111)

(Filename: Assets/Project/Scripts/Runtime/MiniBotHideAndSeekScenario.cs Line: 255)

ArgusVideo: wrote 240 frames to /Users/guribbong/code/Argus/tmp/direction_match_frames
UnityEngine.StackTraceUtility:ExtractStackTrace () (at /Users/bokken/build/output/unity/unity/Runtime/Export/Scripting/StackTrace.cs:37)
UnityEngine.DebugLogHandler:LogFormat (UnityEngine.LogType,UnityEngine.Object,string,object[])
UnityEngine.Logger:Log (UnityEngine.LogType,object)
UnityEngine.Debug:Log (object)
ArgusUnity.Runtime.SmokeVideoCapture:LateUpdate () (at Assets/Project/Scripts/Runtime/SmokeVideoCapture.cs:68)

(Filename: Assets/Project/Scripts/Runtime/SmokeVideoCapture.cs Line: 68)

Thread 0x314fef000 may have been prematurely finalized
Unloading 6 Unused Serialized files (Serialized files now loaded: 0)
Loaded scene 'Temp/__Backupscenes/0.backup'
	Deserialize:            2.798 ms
	Integration:            349.306 ms
	Integration of assets:  0.003 ms
	Thread Wait Time:       0.004 ms
	Total Operation Time:   352.111 ms
Unloading 40 unused Assets / (77.9 KB). Loaded Objects now: 4255.
Memory consumption went from 166.7 MB to 166.6 MB.
Total: 23.735750 ms (FindLiveObjects: 0.438708 ms CreateObjectMapping: 0.129291 ms MarkObjects: 21.721834 ms  DeleteObjects: 1.444917 ms)

[UnityConnectServicesConfig] config is NOT valid, switching to default
gi::BakeBackendSwitch: switching bake backend from 3 to 2.
[00:00:00] Builtin Sky manager started.
Thread 0x34f447000 may have been prematurely finalized
[Licensing::IpcConnector] License Notification channel disconnected successfully.
[Licensing::IpcConnector] License Client channel disconnected successfully.
Thread 0x178113000 may have been prematurely finalized
Thread 0x1782b7000 may have been prematurely finalized
Thread 0x17819f000 may have been prematurely finalized
Thread 0x178343000 may have been prematurely finalized
Thread 0x1783cf000 may have been prematurely finalized
Thread 0x17822b000 may have been prematurely finalized
Cleanup mono
[40m[32minfo[39m[22m[49m: Microsoft.Hosting.Lifetime[0]
      Application is shutting down...
[40m[32minfo[39m[22m[49m: Unity.ILPP.Runner.PostProcessingAssemblyLoadContext[0]
      ALC ILPP context 1 is unloading
debugger-agent: Unable to listen on 48
[Performance] Application.InitializeProject                                                                                                        :        1 samples, Peak.  10.0 s (1.0x), Avg.  10.0 s, Total. 10.01 s (24.0%)
[Performance] Application.PackageManager.StartServer                                                                                               :        1 samples, Peak.  5.41 ms (1.0x), Avg.  5.41 ms, Total. 5.412 ms (0.0%)
[Performance] Application.AcquireProjectLock                                                                                                       :        1 samples, Peak.  5.26 ms (1.0x), Avg.  5.26 ms, Total. 5.256 ms (0.0%)
[Performance] Application.InitializeEngineNoGraphics                                                                                               :        1 samples, Peak.   126 ms (1.0x), Avg.   126 ms, Total. 126.1 ms (0.3%)
[Performance] Application.PackageManager.Initialize                                                                                                :        1 samples, Peak.  1.06 s (1.0x), Avg.  1.06 s, Total. 1.061 s (2.5%)
[Performance] Connecting to Package Manager                                                                                                        :      107 samples, Peak.   110 us (79.8x), Avg.  1.37 us, Total. 146.9 us (0.0%)
[Performance] Application.EngineGraphics.Initialize                                                                                                :        1 samples, Peak.   156 ms (1.0x), Avg.   156 ms, Total. 156.3 ms (0.4%)
[Performance] Application.GI.Initialize                                                                                                            :        1 samples, Peak.  7.39 ms (1.0x), Avg.  7.39 ms, Total. 7.389 ms (0.0%)
[Performance] Application.LoadAllDefaultResourcesFromEditor                                                                                        :        1 samples, Peak.  3.22 ms (1.0x), Avg.  3.22 ms, Total. 3.216 ms (0.0%)
[Performance] Application.LoadMonoAssemblies                                                                                                       :        1 samples, Peak.   742 ms (1.0x), Avg.   742 ms, Total. 742.2 ms (1.8%)
[Performance] RestoreManagedReferences                                                                                                             :        3 samples, Peak.  68.4 ms (1.7x), Avg.  39.2 ms, Total. 117.6 ms (0.3%)
[Performance] InitializeOnLoad ProjectSearch                                                                                                       :        3 samples, Peak.   342 us (1.2x), Avg.   287 us, Total. 861.7 us (0.0%)
[Performance] InitializeOnLoad AssetStoreContext                                                                                                   :        3 samples, Peak.  28.2 ms (1.2x), Avg.  23.3 ms, Total. 70.02 ms (0.2%)
[Performance] InitializeOnLoad SearchService                                                                                                       :        3 samples, Peak.   162 us (1.3x), Avg.   123 us, Total. 369.5 us (0.0%)
[Performance] InitializeOnLoad ObjectSelectorSearch                                                                                                :        3 samples, Peak.   793 us (1.7x), Avg.   454 us, Total. 1.362 ms (0.0%)
[Performance] InitializeOnLoad NativeFormatImporterUtility                                                                                         :        3 samples, Peak.  2.53 ms (1.3x), Avg.  1.99 ms, Total. 5.984 ms (0.0%)
[Performance] InitializeOnLoad ManagedDebuggerWindow                                                                                               :        3 samples, Peak.   701 us (1.8x), Avg.   380 us, Total. 1.139 ms (0.0%)
[Performance] InitializeOnLoad PrefabInstanceChangedListener                                                                                       :        3 samples, Peak.   588 us (1.1x), Avg.   557 us, Total. 1.670 ms (0.0%)
[Performance] InitializeOnLoad ManagedDebugger                                                                                                     :        3 samples, Peak.   459 ns (1.1x), Avg.   417 ns, Total. 1.251 us (0.0%)
[Performance] InitializeOnLoad CloudBuild                                                                                                          :        3 samples, Peak.  6.25 us (1.3x), Avg.  4.76 us, Total. 14.29 us (0.0%)
[Performance] InitializeOnLoad Collab                                                                                                              :        3 samples, Peak.  9.79 ms (1.6x), Avg.  6.07 ms, Total. 18.21 ms (0.0%)
[Performance] InitializeOnLoad ShortcutIntegration                                                                                                 :        3 samples, Peak.  65.9 us (1.1x), Avg.  57.7 us, Total. 173.0 us (0.0%)
[Performance] InitializeOnLoad MixerEffectDefinitionReloader                                                                                       :        3 samples, Peak.  3.35 ms (1.6x), Avg.  2.08 ms, Total. 6.238 ms (0.0%)
[Performance] InitializeOnLoad DrivenRectTransformUndo                                                                                             :        3 samples, Peak.   261 us (1.2x), Avg.   223 us, Total. 668.9 us (0.0%)
[Performance] InitializeOnLoad WindowLayout                                                                                                        :        3 samples, Peak.   540 us (1.6x), Avg.   333 us, Total. 998.5 us (0.0%)
[Performance] InitializeOnLoad SettingsService                                                                                                     :        3 samples, Peak.  9.37 us (1.2x), Avg.  7.68 us, Total. 23.04 us (0.0%)
[Performance] InitializeOnLoad CacheServerWindow                                                                                                   :        3 samples, Peak.  10.9 us (1.4x), Avg.  7.82 us, Total. 23.46 us (0.0%)
[Performance] InitializeOnLoad MenuItems                                                                                                           :        3 samples, Peak.  78.0 us (1.1x), Avg.  70.4 us, Total. 211.1 us (0.0%)
[Performance] InitializeOnLoad CheckNavigationPackage                                                                                              :        3 samples, Peak.   421 us (1.3x), Avg.   322 us, Total. 965.2 us (0.0%)
[Performance] InitializeOnLoad UISystemProfilerRenderService                                                                                       :        3 samples, Peak.  11.3 us (1.2x), Avg.  9.29 us, Total. 27.88 us (0.0%)
[Performance] InitializeOnLoad EditMode                                                                                                            :        3 samples, Peak.   695 us (1.5x), Avg.   468 us, Total. 1.403 ms (0.0%)
[Performance] InitializeOnLoad UnityConnect                                                                                                        :        3 samples, Peak.  51.8 us (1.2x), Avg.  43.8 us, Total. 131.3 us (0.0%)
[Performance] InitializeOnLoad AddComponentWindow                                                                                                  :        3 samples, Peak.   523 us (2.2x), Avg.   234 us, Total. 702.3 us (0.0%)
[Performance] InitializeOnLoad PlayModeDownload                                                                                                    :        3 samples, Peak.  3.95 ms (2.7x), Avg.  1.45 ms, Total. 4.339 ms (0.0%)
[Performance] InitializeOnLoad SceneSearch                                                                                                         :        3 samples, Peak.  76.5 us (1.5x), Avg.  49.7 us, Total. 149.2 us (0.0%)
[Performance] InitializeOnLoad EditorDelegateRegistration                                                                                          :        3 samples, Peak.  1.12 ms (1.4x), Avg.   805 us, Total. 2.416 ms (0.0%)
[Performance] InitializeOnLoad UxmlObjectEditorFactories                                                                                           :        3 samples, Peak.   894 us (1.5x), Avg.   599 us, Total. 1.796 ms (0.0%)
[Performance] InitializeOnLoad RetainedMode                                                                                                        :        3 samples, Peak.  2.63 ms (1.1x), Avg.  2.33 ms, Total. 6.994 ms (0.0%)
[Performance] InitializeOnLoad EditorShaderLoader                                                                                                  :        3 samples, Peak.   867 us (1.4x), Avg.   629 us, Total. 1.888 ms (0.0%)
[Performance] InitializeOnLoad UIDocumentHierarchyWatcher                                                                                          :        3 samples, Peak.  70.1 us (1.1x), Avg.  63.6 us, Total. 190.8 us (0.0%)
[Performance] InitializeOnLoad EditorMonitor                                                                                                       :        3 samples, Peak.   148 us (1.1x), Avg.   133 us, Total. 399.0 us (0.0%)
[Performance] InitializeOnLoad LiveReloadTrackerCreator                                                                                            :        3 samples, Peak.   185 us (1.2x), Avg.   159 us, Total. 478.5 us (0.0%)
[Performance] InitializeOnLoad UXMLEditorFactories                                                                                                 :        3 samples, Peak.  65.5 ms (1.1x), Avg.  57.0 ms, Total. 170.9 ms (0.4%)
[Performance] InitializeOnLoad ServicesRepository                                                                                                  :        3 samples, Peak.   812 us (1.1x), Avg.   714 us, Total. 2.143 ms (0.0%)
[Performance] InitializeOnLoad UDPService                                                                                                          :        3 samples, Peak.  3.66 ms (1.2x), Avg.  3.04 ms, Total. 9.130 ms (0.0%)
[Performance] InitializeOnLoad EditorGameServicesAnalytics                                                                                         :        3 samples, Peak.  1.70 ms (2.1x), Avg.   819 us, Total. 2.456 ms (0.0%)
[Performance] InitializeOnLoad CloudBuildPoller                                                                                                    :        3 samples, Peak.   107 us (1.1x), Avg.  95.4 us, Total. 286.2 us (0.0%)
[Performance] InitializeOnLoad BuildService                                                                                                        :        3 samples, Peak.  2.04 ms (1.1x), Avg.  1.93 ms, Total. 5.796 ms (0.0%)
[Performance] InitializeOnLoad CollabService                                                                                                       :        3 samples, Peak.  2.63 ms (1.1x), Avg.  2.29 ms, Total. 6.876 ms (0.0%)
[Performance] InitializeOnLoad PurchasingService                                                                                                   :        3 samples, Peak.  9.37 ms (1.1x), Avg.  8.21 ms, Total. 24.63 ms (0.1%)
[Performance] InitializeOnLoad CrashService                                                                                                        :        3 samples, Peak.  2.39 ms (1.1x), Avg.  2.12 ms, Total. 6.372 ms (0.0%)
[Performance] InitializeOnLoad AdsService                                                                                                          :        3 samples, Peak.  3.36 ms (1.2x), Avg.  2.77 ms, Total. 8.317 ms (0.0%)
[Performance] InitializeOnLoad AnalyticsService                                                                                                    :        3 samples, Peak.  2.53 ms (1.2x), Avg.  2.11 ms, Total. 6.330 ms (0.0%)
[Performance] InitializeOnLoad SearchWindow                                                                                                        :        3 samples, Peak.   136 us (1.1x), Avg.   123 us, Total. 368.0 us (0.0%)
[Performance] InitializeOnLoad SearchMonitor                                                                                                       :        3 samples, Peak.  9.97 ms (1.9x), Avg.  5.18 ms, Total. 15.55 ms (0.0%)
[Performance] InitializeOnLoad ParameterControllerEditor                                                                                           :        3 samples, Peak.  25.0 us (1.1x), Avg.  23.1 us, Total. 69.21 us (0.0%)
[Performance] InitializeOnLoad LayerSettingsWindow                                                                                                 :        3 samples, Peak.  30.9 us (2.2x), Avg.  13.8 us, Total. 41.38 us (0.0%)
[Performance] InitializeOnLoad PackageManagerHookGUIDConverter.RegisterPackagesEventHandler                                                        :        3 samples, Peak.   894 us (2.3x), Avg.   387 us, Total. 1.161 ms (0.0%)
[Performance] InitializeOnLoad EditorDragAndDrop.RegisterEditorClient                                                                              :        3 samples, Peak.   297 us (1.2x), Avg.   248 us, Total. 743.1 us (0.0%)
[Performance] InitializeOnLoad EditorEventCallbacks.InitializeFontAssetResourceChangeCallBacks                                                     :        3 samples, Peak.  1.22 ms (1.2x), Avg.  1.06 ms, Total. 3.175 ms (0.0%)
[Performance] InitializeOnLoad SceneTemplateService.Init                                                                                           :        3 samples, Peak.  1.53 ms (1.3x), Avg.  1.20 ms, Total. 3.597 ms (0.0%)
[Performance] InitializeOnLoad DiagnosticSwitchesConsoleMessage.Init                                                                               :        3 samples, Peak.  3.56 ms (1.3x), Avg.  2.67 ms, Total. 8.018 ms (0.0%)
[Performance] InitializeOnLoad ScopedRegistryAddedPopup.SubscribeToRegistriesAdded                                                                 :        3 samples, Peak.  28.6 ms (1.9x), Avg.  15.4 ms, Total. 46.10 ms (0.1%)
[Performance] InitializeOnLoad PackageManagerWindow.EditorInitializedInSafeMode                                                                    :        3 samples, Peak.   200 us (1.3x), Avg.   152 us, Total. 454.8 us (0.0%)
[Performance] InitializeOnLoad MemoryProfilerCompilationGuard.InjectCompileGuard                                                                   :        3 samples, Peak.   152 us (1.4x), Avg.   112 us, Total. 334.7 us (0.0%)
[Performance] InitializeOnLoad SceneVisibilityManager.Initialize                                                                                   :        3 samples, Peak.  5.74 ms (2.1x), Avg.  2.70 ms, Total. 8.111 ms (0.0%)
[Performance] InitializeOnLoad AssetPostprocessingInternal.RefreshCustomDependencies                                                               :        3 samples, Peak.  4.79 ms (1.3x), Avg.  3.79 ms, Total. 11.38 ms (0.0%)
[Performance] InitializeOnLoad ToolShortcutContext.Init                                                                                            :        3 samples, Peak.   145 us (1.1x), Avg.   135 us, Total. 403.9 us (0.0%)
[Performance] InitializeOnLoad SysrootManager.Initialize                                                                                           :        3 samples, Peak.   475 us (1.1x), Avg.   451 us, Total. 1.352 ms (0.0%)
[Performance] InitializeOnLoad EditorWindow.Initialize                                                                                             :        3 samples, Peak.   175 us (1.1x), Avg.   155 us, Total. 465.2 us (0.0%)
[Performance] AssemblyReloadEvents.afterAssemblyReload: UnityEditor.SceneTemplate.SceneTemplateService.AfterAssemblyReload                         :        3 samples, Peak.  3.39 ms (1.5x), Avg.  2.28 ms, Total. 6.836 ms (0.0%)
[Performance] ProcessService.EditorAfterLoadAllAssemblies                                                                                          :        3 samples, Peak.   641 us (1.2x), Avg.   548 us, Total. 1.645 ms (0.0%)
[Performance] Application.ReadLicenseInfo                                                                                                          :        1 samples, Peak.  29.7 ms (1.0x), Avg.  29.7 ms, Total. 29.75 ms (0.1%)
[Performance] Application.InitialRefresh                                                                                                           :        1 samples, Peak.  5.62 s (1.0x), Avg.  5.62 s, Total. 5.615 s (13.5%)
[Performance] Compiling Scripts                                                                                                                    :        1 samples, Peak.  1.43 s (1.0x), Avg.  1.43 s, Total. 1.429 s (3.4%)
[Performance] AssemblyReloadEvents.beforeAssemblyReload: UnityEditor.SceneTemplate.SceneTemplateService.BeforeAssemblyReload                       :        2 samples, Peak.   585 us (1.1x), Avg.   535 us, Total. 1.069 ms (0.0%)
[Performance] InitializeOnLoad BurstLoader                                                                                                         :        2 samples, Peak.  1.65 s (2.0x), Avg.   835 ms, Total. 1.669 s (4.0%)
[Performance] InitializeOnLoad ShadowCasterGroup2DManager                                                                                          :        2 samples, Peak.   114 us (1.2x), Avg.  97.9 us, Total. 195.7 us (0.0%)
[Performance] InitializeOnLoad RealtimeProbeSubdivisionDebug                                                                                       :        2 samples, Peak.   244 us (1.0x), Avg.   242 us, Total. 483.9 us (0.0%)
[Performance] InitializeOnLoad ProbeGIBaking                                                                                                       :        2 samples, Peak.  4.81 ms (1.4x), Avg.  3.49 ms, Total. 6.985 ms (0.0%)
[Performance] InitializeOnLoad FilterWindow                                                                                                        :        2 samples, Peak.  63.6 us (1.3x), Avg.  48.3 us, Total. 96.67 us (0.0%)
[Performance] InitializeOnLoad NodeClassCache                                                                                                      :        2 samples, Peak.  6.79 us (1.2x), Avg.  5.83 us, Total. 11.67 us (0.0%)
[Performance] InitializeOnLoad ShaderGraphMaterialsUpdater                                                                                         :        4 samples, Peak.   358 us (1.6x), Avg.   223 us, Total. 890.3 us (0.0%)
[Performance] InitializeOnLoad PrefabLayoutRebuilder                                                                                               :        2 samples, Peak.   263 us (1.1x), Avg.   235 us, Total. 470.6 us (0.0%)
[Performance] InitializeOnLoad BackgroundWatcher                                                                                                   :        2 samples, Peak.   106 us (1.0x), Avg.   106 us, Total. 212.0 us (0.0%)
[Performance] InitializeOnLoad UnityTestProtocolStarter                                                                                            :        2 samples, Peak.   538 us (1.5x), Avg.   357 us, Total. 714.7 us (0.0%)
[Performance] InitializeOnLoad TestStarter                                                                                                         :        2 samples, Peak.   640 us (1.1x), Avg.   590 us, Total. 1.181 ms (0.0%)
[Performance] InitializeOnLoad RerunCallbackInitializer                                                                                            :        2 samples, Peak.  3.05 ms (1.1x), Avg.  2.89 ms, Total. 5.780 ms (0.0%)
[Performance] InitializeOnLoad EditorToolManager                                                                                                   :        2 samples, Peak.  2.28 ms (1.2x), Avg.  1.85 ms, Total. 3.705 ms (0.0%)
[Performance] InitializeOnLoad Renderer2DAnalytics                                                                                                 :        2 samples, Peak.   476 us (1.7x), Avg.   277 us, Total. 554.0 us (0.0%)
[Performance] InitializeOnLoad RendererDataPatcher                                                                                                 :        2 samples, Peak.  50.1 ms (1.1x), Avg.  44.2 ms, Total. 88.34 ms (0.2%)
[Performance] InitializeOnLoad MaterialReimporter.RegisterUpgraderReimport                                                                         :        4 samples, Peak.   731 us (2.0x), Avg.   361 us, Total. 1.445 ms (0.0%)
[Performance] InitializeOnLoad $BurstDirectCallInitializer.Initialize                                                                              :        2 samples, Peak.  15.4 ms (1.2x), Avg.  12.7 ms, Total. 25.40 ms (0.1%)
[Performance] InitializeOnLoad TestJobDataHolder.ResumeRunningJobs                                                                                 :        2 samples, Peak.   663 us (1.7x), Avg.   395 us, Total. 789.3 us (0.0%)
[Performance] InitializeOnLoad AnalyticsReporter.RegisterCallbacks                                                                                 :        2 samples, Peak.   268 us (1.2x), Avg.   229 us, Total. 458.0 us (0.0%)
[Performance] InitializeOnLoad CoreRenderPipelinePreferences.InitPreferenceProviders                                                               :        2 samples, Peak.  48.2 ms (1.1x), Avg.  42.7 ms, Total. 85.46 ms (0.2%)
[Performance] InitializeOnLoad VolumeGizmoDrawer.InitVolumeGizmoCallbacks                                                                          :        2 samples, Peak.   384 us (1.1x), Avg.   361 us, Total. 721.9 us (0.0%)
[Performance] DidReloadScriptsTestRunnerWindow.CompilationCallback                                                                                 :        2 samples, Peak.   816 us (1.2x), Avg.   698 us, Total. 1.396 ms (0.0%)
[Performance] DidReloadScriptsTestListCache.ScriptReloaded                                                                                         :        2 samples, Peak.  1.08 ms (1.8x), Avg.   597 us, Total. 1.195 ms (0.0%)
[Performance] DidReloadScriptsDebugWindow.OnEditorReload                                                                                           :        2 samples, Peak.  14.1 ms (1.2x), Avg.  11.8 ms, Total. 23.62 ms (0.1%)
[Performance] DidReloadScriptsLookDev.OnEditorReload                                                                                               :        2 samples, Peak.   193 us (1.0x), Avg.   191 us, Total. 381.2 us (0.0%)
[Performance] DidReloadScriptsVolumeComponentEditor.OnEditorReload                                                                                 :        2 samples, Peak.  19.4 ms (1.1x), Avg.  18.3 ms, Total. 36.60 ms (0.1%)
[Performance] DidReloadScriptsOnScriptsReloadHandler.OnScriptsReloaded                                                                             :        2 samples, Peak.  1.04 ms (1.2x), Avg.   890 us, Total. 1.780 ms (0.0%)
[Performance] DidReloadScriptsAdvancedDropdownWindow.OnScriptReload                                                                                :        2 samples, Peak.   199 us (1.0x), Avg.   191 us, Total. 382.0 us (0.0%)
[Performance] SyncVS.PostprocessSyncProject                                                                                                        :       20 samples, Peak.  2.52 ms (12.4x), Avg.   202 us, Total. 4.046 ms (0.0%)
[Performance] Application.ImportPackagesAndSetTemplateWhenCreatingProject                                                                          :        1 samples, Peak.  85.3 ms (1.0x), Avg.  85.3 ms, Total. 85.27 ms (0.2%)
[Performance] Application.SyncCurrentColorSpace                                                                                                    :        1 samples, Peak.   620 ms (1.0x), Avg.   620 ms, Total. 620.5 ms (1.5%)
[Performance] Application.OnUsbDevicesChanged                                                                                                      :        1 samples, Peak.   519 us (1.0x), Avg.   519 us, Total. 519.3 us (0.0%)
[Performance] Application.AssetInstanceCacheUpdate                                                                                                 :        1 samples, Peak.  1.67 us (1.0x), Avg.  1.67 us, Total. 1.667 us (0.0%)
[Performance] Application.UnityExtensions.Initialize                                                                                               :        1 samples, Peak.  7.29 ms (1.0x), Avg.  7.29 ms, Total. 7.285 ms (0.0%)
[Performance] CodeEditorProjectSync.SyncEditorProject                                                                                              :        1 samples, Peak.   559 us (1.0x), Avg.   559 us, Total. 559.1 us (0.0%)
[Performance] Application.ExecuteStartups                                                                                                          :        1 samples, Peak.   111 ms (1.0x), Avg.   111 ms, Total. 111.2 ms (0.3%)
[Performance] Menu.RegisterMenuInterface                                                                                                           :       26 samples, Peak.   243 us (25.1x), Avg.  9.65 us, Total. 251.0 us (0.0%)
[Performance] Gizmo.RebuildRenderers                                                                                                               :        4 samples, Peak.   106 ms (3.8x), Avg.  27.8 ms, Total. 111.0 ms (0.3%)
[Performance] Gizmo.AddGizmoRenderers                                                                                                              :      220 samples, Peak.  19.9 ms (113.0x), Avg.   176 us, Total. 38.78 ms (0.1%)
[Performance] Application.editorInitializingProject                                                                                                :        1 samples, Peak.  59.5 ms (1.0x), Avg.  59.5 ms, Total. 59.48 ms (0.1%)
[Performance] Application.FinishLoadingProject                                                                                                     :        1 samples, Peak.  7.64 s (1.0x), Avg.  7.64 s, Total. 7.640 s (18.3%)
[Performance] Application.InitializeMenu                                                                                                           :        1 samples, Peak.   120 ms (1.0x), Avg.   120 ms, Total. 119.5 ms (0.3%)
[Performance] Menu.RebuildAll                                                                                                                      :        1 samples, Peak.   120 ms (1.0x), Avg.   120 ms, Total. 119.5 ms (0.3%)
[Performance] Menu.BuildRegisteredMenuInterfaces                                                                                                   :        1 samples, Peak.   103 ms (1.0x), Avg.   103 ms, Total. 103.2 ms (0.2%)
[Performance] Menu.FilterMenuItem                                                                                                                  :     1051 samples, Peak.  54.3 ms (1034.6x), Avg.  52.5 us, Total. 55.14 ms (0.1%)
[Performance] UpdateAllMenus                                                                                                                       :        3 samples, Peak.  51.6 ms (2.3x), Avg.  22.6 ms, Total. 67.66 ms (0.2%)
[Performance] Selection.selectionChanged: UnityEditor.PackageManager.UI.Internal.SelectionProxy.OnSelectionChanged                                 :        1 samples, Peak.   905 us (1.0x), Avg.   905 us, Total. 905.0 us (0.0%)
[Performance] Selection.selectionChanged: UnityEditorInternal.EditMode.OnSelectionChange                                                           :        1 samples, Peak.   392 us (1.0x), Avg.   392 us, Total. 392.1 us (0.0%)
[Performance] EditorSceneManager.sceneClosing: UnityEditor.SceneVisibilityManager.EditorSceneManagerOnSceneClosing                                 :        5 samples, Peak.   375 us (2.9x), Avg.   127 us, Total. 636.7 us (0.0%)
[Performance] EditorSceneManager.sceneClosed: callback in UnityEditor.Search.SearchMonitor                                                         :        4 samples, Peak.   218 us (2.6x), Avg.  82.8 us, Total. 331.0 us (0.0%)
[Performance] EditorSceneManager.activeSceneChangedInEditMode: callback in UnityEditor.Search.SearchMonitor                                        :        4 samples, Peak.  59.5 us (2.8x), Avg.  21.3 us, Total. 85.25 us (0.0%)
[Performance] GUIView.RepaintAll.PlayerLoopController                                                                                              :      243 samples, Peak.   342 ms (85.3x), Avg.  4.01 ms, Total. 974.9 ms (2.3%)
[Performance] EditorSceneManager.newSceneCreated: UnityEditor.SceneTemplate.SceneTemplateService.OnNewSceneCreated                                 :        2 samples, Peak.   467 us (2.0x), Avg.   234 us, Total. 468.8 us (0.0%)
[Performance] EditorSceneManager.newSceneCreated: UnityEditor.SceneVisibilityManager.EditorSceneManagerOnNewSceneCreated                           :        2 samples, Peak.  1.04 ms (2.0x), Avg.   525 us, Total. 1.049 ms (0.0%)
[Performance] EditorSceneManager.newSceneCreated: UnityEditor.SceneManagement.StageNavigationManager.OnNewSceneCreated                             :        2 samples, Peak.   164 us (1.5x), Avg.   109 us, Total. 217.8 us (0.0%)
[Performance] Application.InvokeFinishedLoadingProject                                                                                             :        1 samples, Peak.  56.1 ms (1.0x), Avg.  56.1 ms, Total. 56.05 ms (0.1%)
[Performance] ProcessService.OnProjectLoaded                                                                                                       :        1 samples, Peak.   310 us (1.0x), Avg.   310 us, Total. 309.7 us (0.0%)
[Performance] VersionControl.Task.Wait                                                                                                             :        1 samples, Peak.   163 us (1.0x), Avg.   163 us, Total. 163.2 us (0.0%)
[Performance] AssetDatabase.Refresh                                                                                                                :        1 samples, Peak.   353 ms (1.0x), Avg.   353 ms, Total. 353.2 ms (0.8%)
[Performance] AssetDatabase.ImportAsset                                                                                                            :       14 samples, Peak.   533 ms (1.9x), Avg.   287 ms, Total. 4.016 s (9.6%)
[Performance] PresetManagerPostProcessor.OnPreprocessAsset                                                                                         :       19 samples, Peak.   630 us (12.7x), Avg.  49.6 us, Total. 941.9 us (0.0%)
[Performance] CancelSplashScreenOnAssetChange.OnPreprocessAsset                                                                                    :       19 samples, Peak.   947 us (18.0x), Avg.  52.7 us, Total. 1.002 ms (0.0%)
[Performance] ShaderGraphAssetPostProcessor.OnPreprocessAsset                                                                                      :       19 samples, Peak.  1.16 ms (16.1x), Avg.  71.8 us, Total. 1.363 ms (0.0%)
[Performance] SceneDataContainer.TransformHierarchyChangedSetParentCallback                                                                        :      924 samples, Peak.  25.5 us (28.3x), Avg.   901 ns, Total. 832.9 us (0.0%)
[Performance] SceneVisibilityState.IsFlagSetInParents                                                                                              :     3150 samples, Peak.  16.0 us (44.8x), Avg.   357 ns, Total. 1.125 ms (0.0%)
[Performance] AssetDatabase.ImportAssets                                                                                                           :       24 samples, Peak.  56.2 ms (13.5x), Avg.  4.15 ms, Total. 99.69 ms (0.2%)
[Performance] BuilderAssetPostprocessor.OnPostprocessAllAssets                                                                                     :       36 samples, Peak.  4.52 ms (14.5x), Avg.   311 us, Total. 11.20 ms (0.0%)
[Performance] ArtifactBrowserPostProcessor.OnPostprocessAllAssets                                                                                  :       36 samples, Peak.   860 us (16.0x), Avg.  53.7 us, Total. 1.931 ms (0.0%)
[Performance] AssetEvents.OnPostprocessAllAssets                                                                                                   :       72 samples, Peak.   190 us (14.1x), Avg.  13.5 us, Total. 969.7 us (0.0%)
[Performance] AudioMixerPostprocessor.OnPostprocessAllAssets                                                                                       :       36 samples, Peak.   342 us (13.0x), Avg.  26.3 us, Total. 947.0 us (0.0%)
[Performance] StyleCatalogPostProcessor.OnPostprocessAllAssets                                                                                     :       36 samples, Peak.  22.1 ms (17.6x), Avg.  1.26 ms, Total. 45.27 ms (0.1%)
[Performance] BuildCatalog                                                                                                                         :        2 samples, Peak.  20.9 ms (1.1x), Avg.  19.1 ms, Total. 38.23 ms (0.1%)
[Performance] ModelImporterPostProcessor.OnPostprocessAllAssets                                                                                    :       36 samples, Peak.  8.68 ms (4.0x), Avg.  2.17 ms, Total. 78.22 ms (0.2%)
[Performance] MaterialPostprocessor.OnPostprocessAllAssets                                                                                         :       72 samples, Peak.  6.26 ms (20.0x), Avg.   313 us, Total. 22.51 ms (0.1%)
[Performance] RetainedModeAssetPostprocessor.OnPostprocessAllAssets                                                                                :       36 samples, Peak.  2.31 ms (13.2x), Avg.   174 us, Total. 6.281 ms (0.0%)
[Performance] AssetChangedListener.OnPostprocessAllAssets                                                                                          :       36 samples, Peak.  9.05 ms (13.1x), Avg.   691 us, Total. 24.88 ms (0.1%)
[Performance] PostProcessor.OnPostprocessAllAssets                                                                                                 :       36 samples, Peak.   411 us (8.0x), Avg.  51.6 us, Total. 1.858 ms (0.0%)
[Performance] ShaderGraphAssetPostProcessor.OnPostprocessAllAssets                                                                                 :       36 samples, Peak.  2.28 ms (5.2x), Avg.   439 us, Total. 15.82 ms (0.0%)
[Performance] SpeedTreePostProcessor.OnPostprocessAllAssets                                                                                        :       36 samples, Peak.   237 us (6.5x), Avg.  36.3 us, Total. 1.306 ms (0.0%)
[Performance] TextAssetPostProcessor.OnPostprocessAllAssets                                                                                        :       36 samples, Peak.   499 us (13.9x), Avg.  35.9 us, Total. 1.292 ms (0.0%)
[Performance] ModelImporter.Import                                                                                                                 :       10 samples, Peak.   420 ms (1.4x), Avg.   295 ms, Total. 2.953 s (7.1%)
[Performance] FBXMaterialDescriptionPreprocessor.OnPreprocessMaterialDescription                                                                   :       20 samples, Peak.  5.89 ms (7.4x), Avg.   791 us, Total. 15.82 ms (0.0%)
[Performance] SketchupMaterialDescriptionPreprocessor.OnPreprocessMaterialDescription                                                              :       20 samples, Peak.   774 us (10.1x), Avg.  76.6 us, Total. 1.531 ms (0.0%)
[Performance] ThreeDSMaterialDescriptionPreprocessor.OnPreprocessMaterialDescription                                                               :       20 samples, Peak.   530 us (14.3x), Avg.  37.2 us, Total. 743.0 us (0.0%)
[Performance] AutodeskInteractiveMaterialImport.OnPreprocessMaterialDescription                                                                    :       10 samples, Peak.  2.38 ms (9.6x), Avg.   249 us, Total. 2.492 ms (0.0%)
[Performance] FBXArnoldSurfaceMaterialDescriptionPreprocessor.OnPreprocessMaterialDescription                                                      :       10 samples, Peak.   226 us (4.7x), Avg.  48.5 us, Total. 484.7 us (0.0%)
[Performance] PhysicalMaterial3DsMaxPreprocessor.OnPreprocessMaterialDescription                                                                   :       10 samples, Peak.   194 us (6.7x), Avg.  28.9 us, Total. 288.5 us (0.0%)
[Performance] ModelPostprocessor.OnPostprocessModel                                                                                                :       10 samples, Peak.  5.31 ms (9.5x), Avg.   560 us, Total. 5.595 ms (0.0%)
[Performance] TreeAOImporter.OnPostprocessModel                                                                                                    :       10 samples, Peak.   877 us (8.3x), Avg.   106 us, Total. 1.059 ms (0.0%)
[Performance] AssetDatabase.DeleteAssets                                                                                                           :        1 samples, Peak.  67.0 ms (1.0x), Avg.  67.0 ms, Total. 66.99 ms (0.2%)
[Performance] BuilderAssetModificationProcessor.OnWillDeleteAsset                                                                                  :        1 samples, Peak.   841 us (1.0x), Avg.   841 us, Total. 840.8 us (0.0%)
[Performance] TMP_FontAssetPostProcessor.OnWillDeleteAsset                                                                                         :        1 samples, Peak.   326 us (1.0x), Avg.   326 us, Total. 326.4 us (0.0%)
[Performance] CancelSplashScreenOnAssetDelete.OnWillDeleteAsset                                                                                    :        1 samples, Peak.   324 us (1.0x), Avg.   324 us, Total. 324.2 us (0.0%)
[Performance] ShaderImporter.SourceAssetModified                                                                                                   :        4 samples, Peak.   500 ns (1.3x), Avg.   386 ns, Total. 1.542 us (0.0%)
[Performance] ShaderIncludeImporter.SourceAssetModified                                                                                            :        4 samples, Peak.   667 ns (1.0x), Avg.   646 ns, Total. 2.583 us (0.0%)
[Performance] EditorApplication.projectChanged: UnityEditor.Audio.MixerEffectDefinitionReloader.OnProjectChanged                                   :        3 samples, Peak.   817 us (1.5x), Avg.   542 us, Total. 1.625 ms (0.0%)
[Performance] MaterialModificationProcessor.OnWillCreateAsset                                                                                      :        6 samples, Peak.   277 us (2.7x), Avg.   102 us, Total. 612.7 us (0.0%)
[Performance] BuilderAssetModificationProcessor.OnWillCreateAsset                                                                                  :        3 samples, Peak.   303 us (2.6x), Avg.   117 us, Total. 351.4 us (0.0%)
[Performance] Undo.willFlushUndoRecord: UnityEditor.DrivenRectTransformUndo.ForceUpdateCanvases                                                    :        1 samples, Peak.   235 us (1.0x), Avg.   235 us, Total. 235.2 us (0.0%)
[Performance] BuilderAssetModificationProcessor.OnWillSaveAssets                                                                                   :        3 samples, Peak.   584 us (2.1x), Avg.   280 us, Total. 839.5 us (0.0%)
[Performance] TerrainModificationProcessor.OnWillSaveAssets                                                                                        :        3 samples, Peak.   782 us (1.5x), Avg.   513 us, Total. 1.539 ms (0.0%)
[Performance] EditorSceneManager.sceneSaving: UnityEditor.SceneTemplate.SceneTemplateService.OnSceneSaving                                         :        1 samples, Peak.   408 us (1.0x), Avg.   408 us, Total. 408.0 us (0.0%)
[Performance] EditorSceneManager.sceneSaving: UnityEditor.SceneVisibilityManager.EditorSceneManagerOnSceneSaving                                   :        1 samples, Peak.   221 us (1.0x), Avg.   221 us, Total. 221.3 us (0.0%)
[Performance] EditorSceneManager.sceneSaved: UnityEditor.SceneTemplate.SceneTemplateService.OnSceneSaved                                           :        1 samples, Peak.   186 ms (1.0x), Avg.   186 ms, Total. 185.6 ms (0.4%)
[Performance] EditorSceneManager.sceneSaved: UnityEditor.SceneVisibilityManager.EditorSceneManagerOnSceneSaved                                     :        1 samples, Peak.   118 us (1.0x), Avg.   118 us, Total. 118.0 us (0.0%)
[Performance] EditorSceneManager.sceneOpening: UnityEditor.SceneVisibilityManager.EditorSceneManagerOnSceneOpening                                 :        1 samples, Peak.   139 us (1.0x), Avg.   139 us, Total. 139.0 us (0.0%)
[Performance] Inspector.InitOrRebuild                                                                                                              :        3 samples, Peak.  1.14 ms (1.6x), Avg.   726 us, Total. 2.178 ms (0.0%)
[Performance] EditorSceneManager.sceneOpened: callback in UnityEditor.Search.SearchMonitor                                                         :        1 samples, Peak.  39.0 us (1.0x), Avg.  39.0 us, Total. 39.00 us (0.0%)
[Performance] EditorSceneManager.sceneOpened: UnityEditor.SceneTemplate.SceneTemplateService.OnSceneOpened                                         :        1 samples, Peak.   345 us (1.0x), Avg.   345 us, Total. 345.5 us (0.0%)
[Performance] EditorSceneManager.sceneOpened: UnityEditor.SceneVisibilityManager.EditorSceneManagerOnSceneOpened                                   :        1 samples, Peak.   150 us (1.0x), Avg.   150 us, Total. 150.0 us (0.0%)
[Performance] EditorSceneManager.sceneOpened: UnityEditor.SceneManagement.StageNavigationManager.OnSceneOpened                                     :        1 samples, Peak.  55.3 us (1.0x), Avg.  55.3 us, Total. 55.33 us (0.0%)
[Performance] Menu.Game                                                                                                                            :        1 samples, Peak.   590 ms (1.0x), Avg.   590 ms, Total. 590.3 ms (1.4%)
[Performance] MenuItem.Game                                                                                                                        :        1 samples, Peak.   590 ms (1.0x), Avg.   590 ms, Total. 589.9 ms (1.4%)
[Performance] EditorResources.Load                                                                                                                 :      221 samples, Peak.  31.5 ms (93.5x), Avg.   337 us, Total. 74.52 ms (0.2%)
[Performance] EditorApplication.playModeStateChanged                                                                                               :        2 samples, Peak.  3.41 ms (1.1x), Avg.  3.11 ms, Total. 6.217 ms (0.0%)
[Performance] EditorApplication.playModeStateChanged: UnityEditor.PackageManager.UI.Internal.PlayModeDownload.PlayModeStateChanged                 :        4 samples, Peak.   632 us (2.5x), Avg.   257 us, Total. 1.028 ms (0.0%)
[Performance] EditorApplication.playModeStateChanged: UnityEditor.SceneManagement.EditorSceneManager.PlayModeStateChangedCallback                  :        4 samples, Peak.  40.3 us (2.0x), Avg.  19.7 us, Total. 78.84 us (0.0%)
[Performance] EditorApplication.playModeStateChanged: UnityEditor.Search.SearchMonitor.OnPlayModeChanged                                           :        3 samples, Peak.  1.18 ms (2.7x), Avg.   438 us, Total. 1.315 ms (0.0%)
[Performance] EditorApplication.playModeStateChanged: Unity.Burst.Editor.BurstLoader.EditorApplicationOnPlayModeStateChanged                       :        4 samples, Peak.   264 us (2.1x), Avg.   127 us, Total. 508.0 us (0.0%)
[Performance] EditorApplication.playModeStateChanged: UnityEngine.Rendering.Universal.ShadowCasterGroup2DManager.OnPlayModeStateChanged            :        4 samples, Peak.   177 us (2.0x), Avg.  87.1 us, Total. 348.4 us (0.0%)
[Performance] EditorApplication.playModeStateChanged: UnityEditor.TestTools.TestRunner.PlaymodeLauncher+BackgroundWatcher.OnPlayModeStateChanged   :        4 samples, Peak.   957 us (2.3x), Avg.   411 us, Total. 1.642 ms (0.0%)
[Performance] EditorApplication.playModeStateChanged: UnityEditor.PackageManager.UI.Internal.ApplicationProxy.PlayModeStateChanged                 :        4 samples, Peak.   627 us (3.2x), Avg.   197 us, Total. 789.5 us (0.0%)
[Performance] EditorApplication.playModeStateChanged: UnityEditor.SceneVisibilityManager.EditorApplicationPlayModeStateChanged                     :        4 samples, Peak.  42.7 us (2.2x), Avg.  19.4 us, Total. 77.50 us (0.0%)
[Performance] EditorApplication.playModeStateChanged: UnityEditor.TestTools.TestRunner.TestRunnerWindow.OnPlayModeStateChanged                     :        4 samples, Peak.   172 us (2.5x), Avg.  67.6 us, Total. 270.4 us (0.0%)
[Performance] EditorApplication.playModeStateChanged: UnityEditor.GameView.OnPlayModeStateChanged                                                  :        4 samples, Peak.   110 us (2.6x), Avg.  42.2 us, Total. 168.8 us (0.0%)
[Performance] EditorApplication.playModeStateChanged: UnityEditor.UIElements.DefaultEditorWindowBackend.PlayModeStateChangedCallback               :        4 samples, Peak.   866 us (2.1x), Avg.   419 us, Total. 1.675 ms (0.0%)
[Performance] Application.InvokeProjectWasLoaded                                                                                                   :        1 samples, Peak.  27.0 us (1.0x), Avg.  27.0 us, Total. 27.00 us (0.0%)
[Performance] Application.Tick                                                                                                                     :      239 samples, Peak.  2.85 s (44.4x), Avg.  64.3 ms, Total. 15.36 s (36.8%)
[Performance] CheckLicensingClient                                                                                                                 :        4 samples, Peak.   138 us (3.5x), Avg.  39.1 us, Total. 156.4 us (0.0%)
[Performance] CheckLicensingClientNotification                                                                                                     :        4 samples, Peak.   155 us (3.6x), Avg.  43.0 us, Total. 171.8 us (0.0%)
[Performance] Application.TickVersionControl                                                                                                       :      240 samples, Peak.   159 us (75.0x), Avg.  2.12 us, Total. 508.2 us (0.0%)
[Performance] MonoCompiler.Tick                                                                                                                    :       58 samples, Peak.  2.58 s (57.9x), Avg.  44.5 ms, Total. 2.582 s (6.2%)
[Performance] Application.EnterPlayMode                                                                                                            :        1 samples, Peak.  2.57 s (1.0x), Avg.  2.57 s, Total. 2.570 s (6.2%)
[Performance] Application.Reload                                                                                                                   :        1 samples, Peak.  1.25 s (1.0x), Avg.  1.25 s, Total. 1.254 s (3.0%)
[Performance] AssemblyReloadEvents.beforeAssemblyReload: UnityEditor.Search.SearchMonitor.OnBeforeAssemblyReload                                   :        1 samples, Peak.  1.54 ms (1.0x), Avg.  1.54 ms, Total. 1.538 ms (0.0%)
[Performance] UnityBuildPostprocessor.OnProcessScene                                                                                               :        1 samples, Peak.  1.76 ms (1.0x), Avg.  1.76 ms, Total. 1.757 ms (0.0%)
[Performance] GameView.Repaint                                                                                                                     :      242 samples, Peak.   341 ms (90.9x), Avg.  3.75 ms, Total. 907.6 ms (2.2%)
[Performance] RefreshSkin                                                                                                                          :        1 samples, Peak.   106 ms (1.0x), Avg.   106 ms, Total. 106.3 ms (0.3%)
[Performance] UnityConnect.Tick                                                                                                                    :        2 samples, Peak.  7.20 ms (1.9x), Avg.  3.80 ms, Total. 7.607 ms (0.0%)
[Performance] Collab.Tick                                                                                                                          :        2 samples, Peak.  17.4 us (1.6x), Avg.  10.5 us, Total. 21.08 us (0.0%)
[Performance] CurlRequest.Tick                                                                                                                     :      106 samples, Peak.   253 us (79.3x), Avg.  3.19 us, Total. 338.4 us (0.0%)
[Performance] WebSocketClient.Tick                                                                                                                 :      106 samples, Peak.   173 us (59.9x), Avg.  2.88 us, Total. 305.5 us (0.0%)
[Performance] AssetDatabase.Tick                                                                                                                   :      106 samples, Peak.  58.0 us (63.3x), Avg.   917 ns, Total. 97.21 us (0.0%)
[Performance] SceneBackgroundTask.Tick                                                                                                             :       74 samples, Peak.   667 ns (4.6x), Avg.   146 ns, Total. 10.83 us (0.0%)
[Performance] Scheduler.Tick                                                                                                                       :      240 samples, Peak.  5.80 ms (136.6x), Avg.  42.5 us, Total. 10.19 ms (0.0%)
[Performance] RepaintAllProfilerWindows                                                                                                            :       26 samples, Peak.   277 us (19.3x), Avg.  14.3 us, Total. 373.0 us (0.0%)
[Performance] PlayerUpdates.Tick                                                                                                                   :      179 samples, Peak.   175 us (11.8x), Avg.  14.8 us, Total. 2.645 ms (0.0%)
[Performance] Application.TickGlobalCallbacks                                                                                                      :      240 samples, Peak.  76.2 ms (205.2x), Avg.   371 us, Total. 89.08 ms (0.2%)
[Performance] EditorAnalytics.Tick                                                                                                                 :       48 samples, Peak.   221 us (22.8x), Avg.  9.69 us, Total. 465.3 us (0.0%)
[Performance] Video.Update                                                                                                                         :      240 samples, Peak.  2.08 us (3.9x), Avg.   530 ns, Total. 127.3 us (0.0%)
[Performance] Application.TickProgress                                                                                                             :      240 samples, Peak.  3.00 ms (215.8x), Avg.  13.9 us, Total. 3.331 ms (0.0%)
[Performance] Application.TickSceneTracker                                                                                                         :      240 samples, Peak.  10.9 ms (135.5x), Avg.  80.4 us, Total. 19.31 ms (0.0%)
[Performance] ObjectChangeEvents.changesPublished: UnityEditor.PrefabInstanceChangedListener.OnObjectChanged                                       :        1 samples, Peak.   777 us (1.0x), Avg.   777 us, Total. 777.2 us (0.0%)
[Performance] ObjectChangeEvents.changesPublished: UnityEditor.Search.SearchMonitor.OnObjectChanged                                                :        1 samples, Peak.   404 us (1.0x), Avg.   404 us, Total. 403.8 us (0.0%)
[Performance] EditorApplication.update                                                                                                             :      240 samples, Peak.  8.38 ms (126.7x), Avg.  66.1 us, Total. 15.87 ms (0.0%)
[Performance] EditorApplication.update: UnityEngine.Rendering.ProbeSubdivisionContext+RealtimeProbeSubdivisionDebug.UpdateRealtimeSubdivisionDebug :      240 samples, Peak.  2.73 ms (208.3x), Avg.  13.1 us, Total. 3.144 ms (0.0%)
[Performance] EditorApplication.update: callback in UnityEditor.Rendering.Universal.MaterialReimporter                                             :      240 samples, Peak.  1.24 ms (171.7x), Avg.  7.21 us, Total. 1.731 ms (0.0%)
[Performance] EditorApplication.update: UnityEditor.PackageManager.UI.Internal.ApplicationProxy.OnUpdate                                           :      240 samples, Peak.   690 us (43.9x), Avg.  15.7 us, Total. 3.774 ms (0.0%)
[Performance] EditorApplication.update: UnityEditor.GameView.RepaintIfNeeded                                                                       :      240 samples, Peak.  88.9 us (41.3x), Avg.  2.15 us, Total. 516.4 us (0.0%)
[Performance] EditorApplication.update: UnityEditor.SceneManagement.StageNavigationManager.Update                                                  :      240 samples, Peak.   349 us (125.2x), Avg.  2.79 us, Total. 669.4 us (0.0%)
[Performance] EditorApplication.update: GLTFast.OnScriptsReloadHandler.Progress                                                                    :        1 samples, Peak.  2.06 ms (1.0x), Avg.  2.06 ms, Total. 2.057 ms (0.0%)
[Performance] EditorApplication.update: UnityEditor.Rendering.Universal.SceneViewDrawMode.UpdateSceneViewStates                                    :      240 samples, Peak.   349 us (67.9x), Avg.  5.14 us, Total. 1.233 ms (0.0%)
[Performance] Package.AsyncRequest                                                                                                                 :        1 samples, Peak.   211 us (1.0x), Avg.   211 us, Total. 210.7 us (0.0%)
[Performance] ConsoleLog.Tick                                                                                                                      :       58 samples, Peak.   187 us (23.5x), Avg.  7.93 us, Total. 460.1 us (0.0%)
[Performance] HierarchyWindow.Tick                                                                                                                 :       74 samples, Peak.   438 us (45.1x), Avg.  9.71 us, Total. 718.6 us (0.0%)
[Performance] EditorApplication.hierarchyChanged: Unity.UIElements.Editor.UIDocumentHierarchyWatcher.OnHierarchyChanged                            :        2 samples, Peak.   114 us (1.0x), Avg.   113 us, Total. 226.8 us (0.0%)
[Performance] Inspector.Tick                                                                                                                       :       73 samples, Peak.   102 ms (72.3x), Avg.  1.41 ms, Total. 102.6 ms (0.2%)
[Performance] EditorApplication.delayCall: UnityEditor.ShortcutManagement.ShortcutIntegration.EnsureShortcutsAreInitialized                        :        1 samples, Peak.  30.5 ms (1.0x), Avg.  30.5 ms, Total. 30.53 ms (0.1%)
[Performance] EditorApplication.delayCall: callback in UnityEditor.Rendering.Universal.RendererDataPatcher                                         :        1 samples, Peak.  69.2 ms (1.0x), Avg.  69.2 ms, Total. 69.24 ms (0.2%)
[Performance] EditorApplication.delayCall: callback in UnityEditor.SceneVisibilityManager                                                          :        1 samples, Peak.  1.50 ms (1.0x), Avg.  1.50 ms, Total. 1.504 ms (0.0%)
[Performance] EditorApplication.delayCall: callback in UnityEditor.EditorTools.ToolShortcutContext                                                 :        1 samples, Peak.   126 us (1.0x), Avg.   126 us, Total. 126.3 us (0.0%)
[Performance] EditorApplication.delayCall: callback in UnityEditor.EditorWindow                                                                    :        1 samples, Peak.  39.0 us (1.0x), Avg.  39.0 us, Total. 38.96 us (0.0%)
[Performance] Tooltip.Tick                                                                                                                         :      178 samples, Peak.  12.4 us (22.6x), Avg.   549 ns, Total. 97.70 us (0.0%)
[Performance] Application.RequestRepaintForPanels                                                                                                  :      239 samples, Peak.   510 us (114.5x), Avg.  4.45 us, Total. 1.064 ms (0.0%)
[Performance] Application.UpdateScene                                                                                                              :      239 samples, Peak.  74.6 ms (1.5x), Avg.  50.5 ms, Total. 12.08 s (29.0%)
[Performance] PackageImporter.Tick                                                                                                                 :       57 samples, Peak.  9.83 us (17.1x), Avg.   575 ns, Total. 32.79 us (0.0%)
[Performance] InspectorBackground.Tick                                                                                                             :       73 samples, Peak.   792 ns (2.2x), Avg.   362 ns, Total. 26.46 us (0.0%)
[Performance] BurstDebug.Tick                                                                                                                      :       24 samples, Peak.  9.21 us (5.4x), Avg.  1.71 us, Total. 41.00 us (0.0%)
[Performance] Application.ChangeLayoutIfNeeded                                                                                                     :      239 samples, Peak.   333 ns (6.0x), Avg.  55.8 ns, Total. 13.34 us (0.0%)
[Performance] AsyncReadManager.ForceCloseFiles                                                                                                     :       13 samples, Peak.  64.4 us (9.8x), Avg.  6.58 us, Total. 85.58 us (0.0%)
[Performance] Application.Message                                                                                                                  :      239 samples, Peak.  4.50 us (4.1x), Avg.  1.09 us, Total. 260.0 us (0.0%)
[Performance] Application.ExitPlayMode                                                                                                             :        1 samples, Peak.   454 ms (1.0x), Avg.   454 ms, Total. 453.5 ms (1.1%)
[Performance] CoreBusinessMetrics.Tick                                                                                                             :        1 samples, Peak.  84.5 us (1.0x), Avg.  84.5 us, Total. 84.46 us (0.0%)
[Performance] GI.Tick                                                                                                                              :        1 samples, Peak.  1.11 ms (1.0x), Avg.  1.11 ms, Total. 1.111 ms (0.0%)
[Performance] UnitySynchronization.ExecuteTasks                                                                                                    :        1 samples, Peak.  4.25 us (1.0x), Avg.  4.25 us, Total. 4.250 us (0.0%)
[Performance] Application.TickPreloadManager                                                                                                       :        1 samples, Peak.  6.21 us (1.0x), Avg.  6.21 us, Total. 6.208 us (0.0%)
[Performance] Application.Shutdown.CollabTerminate                                                                                                 :        1 samples, Peak.   202 us (1.0x), Avg.   202 us, Total. 201.5 us (0.0%)
[Performance] Application.Shutdown.CollabCleanup                                                                                                   :        1 samples, Peak.  1.62 ms (1.0x), Avg.  1.62 ms, Total. 1.624 ms (0.0%)
[Performance] Application.Shutdown.SaveDefaultWindowPreferences                                                                                    :        1 samples, Peak.   421 us (1.0x), Avg.   421 us, Total. 420.8 us (0.0%)
[Performance] Application.Shutdown.SaveSceneManagerSetup                                                                                           :        1 samples, Peak.   525 us (1.0x), Avg.   525 us, Total. 525.2 us (0.0%)
[Performance] Application.Shutdown.CleanupAllContainerWindows                                                                                      :        1 samples, Peak.  24.7 ms (1.0x), Avg.  24.7 ms, Total. 24.69 ms (0.1%)
[Performance] EditorApplication.quitting: Unity.Burst.Editor.BurstLoader.OnEditorApplicationQuitting                                               :        1 samples, Peak.   108 us (1.0x), Avg.   108 us, Total. 107.6 us (0.0%)
[Performance] EditorApplication.quitting: callback in UnityEditor.TextCore.Text.EditorEventCallbacks                                               :        1 samples, Peak.  15.1 ms (1.0x), Avg.  15.1 ms, Total. 15.07 ms (0.0%)
[Performance] EditorApplication.quitting: UnityEditor.Search.SearchMonitor.OnQuitting                                                              :        1 samples, Peak.  1.04 ms (1.0x), Avg.  1.04 ms, Total. 1.042 ms (0.0%)
[Performance] Application.Shutdown.PauseProfilerSession                                                                                            :        1 samples, Peak.  22.4 us (1.0x), Avg.  22.4 us, Total. 22.42 us (0.0%)
[Performance] Application.Shutdown.PauseAssetImportWorkers                                                                                         :        1 samples, Peak.   343 us (1.0x), Avg.   343 us, Total. 343.0 us (0.0%)
[Performance] Application.Shutdown.SaveAssets                                                                                                      :        1 samples, Peak.  10.4 ms (1.0x), Avg.  10.4 ms, Total. 10.38 ms (0.0%)
[Performance] Application.Shutdown.CleanupRenderPipeline                                                                                           :        1 samples, Peak.   645 us (1.0x), Avg.   645 us, Total. 644.9 us (0.0%)
[Performance] Application.Shutdown.StopPreloadManager                                                                                              :        1 samples, Peak.  11.1 ms (1.0x), Avg.  11.1 ms, Total. 11.14 ms (0.0%)
[Performance] Application.Shutdown.DestroyWorld                                                                                                    :        1 samples, Peak.  1.36 ms (1.0x), Avg.  1.36 ms, Total. 1.364 ms (0.0%)
[Performance] Application.Shutdown.CleanupAfterLoad                                                                                                :        1 samples, Peak.   195 ms (1.0x), Avg.   195 ms, Total. 194.8 ms (0.5%)
[Performance] Application.Shutdown.Progress                                                                                                        :        1 samples, Peak.  22.3 us (1.0x), Avg.  22.3 us, Total. 22.33 us (0.0%)
[Performance] Application.Shutdown.GICleanupManagers                                                                                               :        1 samples, Peak.  3.97 ms (1.0x), Avg.  3.97 ms, Total. 3.975 ms (0.0%)
[Performance] Application.Shutdown.MenuCleanupClass                                                                                                :        1 samples, Peak.   238 us (1.0x), Avg.   238 us, Total. 237.7 us (0.0%)
[Performance] Application.Shutdown.ADBSaveStateBeforeShutdown                                                                                      :        1 samples, Peak. 10.00 us (1.0x), Avg. 10.00 us, Total. 10.000 us (0.0%)
[Performance] Application.Shutdown.RemoteShutdown                                                                                                  :        1 samples, Peak.   750 ns (1.0x), Avg.   750 ns, Total. 750.0 ns (0.0%)
[Performance] Application.Shutdown.CleanupVCProvider                                                                                               :        1 samples, Peak.   192 us (1.0x), Avg.   192 us, Total. 191.6 us (0.0%)
[Performance] Application.Shutdown.InputShutdown                                                                                                   :        1 samples, Peak.   157 us (1.0x), Avg.   157 us, Total. 157.0 us (0.0%)
[Performance] Application.Shutdown.GizmoManagerDestroy                                                                                             :        1 samples, Peak.   653 us (1.0x), Avg.   653 us, Total. 653.3 us (0.0%)
[Performance] Application.Shutdown.ProfilerSession                                                                                                 :        1 samples, Peak.   895 us (1.0x), Avg.   895 us, Total. 894.8 us (0.0%)
[Performance] Application.Shutdown.ReleaseGfxWindowOnAllGUIViews                                                                                   :        1 samples, Peak.   833 ns (1.0x), Avg.   833 ns, Total. 833.0 ns (0.0%)
[Performance] Application.Shutdown.CleanupEngine                                                                                                   :        1 samples, Peak.   198 ms (1.0x), Avg.   198 ms, Total. 197.8 ms (0.5%)
[Performance] Application.Shutdown.CleanupAssetDatabase                                                                                            :        1 samples, Peak.  7.65 ms (1.0x), Avg.  7.65 ms, Total. 7.648 ms (0.0%)
[Performance] Application.Shutdown.ScriptCompilationCleanUp                                                                                        :        1 samples, Peak.   169 us (1.0x), Avg.   169 us, Total. 169.2 us (0.0%)
[Performance] Application.Shutdown.DestroyJobSystem                                                                                                :        1 samples, Peak.  85.8 us (1.0x), Avg.  85.8 us, Total. 85.83 us (0.0%)
[Performance] Application.Shutdown.CleanupPersistentManager                                                                                        :        1 samples, Peak.  2.10 ms (1.0x), Avg.  2.10 ms, Total. 2.101 ms (0.0%)
[Performance] Application.Shutdown.CleanupAsyncReadManager                                                                                         :        1 samples, Peak.   512 us (1.0x), Avg.   512 us, Total. 511.8 us (0.0%)
[Performance] Application.Shutdown.CleanupMono                                                                                                     :        1 samples, Peak.   230 ms (1.0x), Avg.   230 ms, Total. 229.6 ms (0.6%)
[Performance] Application.Shutdown.CleanupStdConverters                                                                                            :        1 samples, Peak.  6.13 us (1.0x), Avg.  6.13 us, Total. 6.125 us (0.0%)
[Performance] Application.Shutdown.UnloadAllPlatformSupportModuleNativeDlls                                                                        :        1 samples, Peak.  2.13 us (1.0x), Avg.  2.13 us, Total. 2.125 us (0.0%)
[Performance] Application.Shutdown.UnloadAllPlatformSupportNativeLibraries                                                                         :        1 samples, Peak.   208 ns (1.0x), Avg.   208 ns, Total. 208.0 ns (0.0%)
[Performance] Application.Shutdown.CleanupAutoDocumentation                                                                                        :        1 samples, Peak.   903 us (1.0x), Avg.   903 us, Total. 903.5 us (0.0%)
[Performance] Application.Shutdown.ShaderNameManagerDestroy                                                                                        :        1 samples, Peak.   249 us (1.0x), Avg.   249 us, Total. 249.2 us (0.0%)
[Performance] Application.Shutdown.CleanupCacheServer                                                                                              :        1 samples, Peak.  84.0 ns (1.0x), Avg.  84.0 ns, Total. 84.00 ns (0.0%)
[Performance] Application.Shutdown.Virtualization_Shutdown                                                                                         :        1 samples, Peak.   176 us (1.0x), Avg.   176 us, Total. 176.2 us (0.0%)
[Performance] Application.Shutdown.DevConnections                                                                                                  :        1 samples, Peak.   162 us (1.0x), Avg.   162 us, Total. 161.7 us (0.0%)
[Package Manager] Server::Kill -- Server was shutdown
Checking for leaked weakptr:
  Found no leaked weakptrs.
Memory Statistics:
[ALLOC_TEMP_TLS] TLS Allocator
  StackAllocators : 
    [ALLOC_TEMP_CurlRequest]
      Initial Block Size 64.0 KB
      Current Block Size 64.0 KB
      Peak Allocated Bytes 0 B
      Overflow Count 0
    [ALLOC_TEMP_MAIN]
      Peak usage frame count: [2.0 MB-4.0 MB]: 238 frames, [8.0 MB-16.0 MB]: 1 frames
      Initial Block Size 16.0 MB
      Current Block Size 18.1 MB
      Peak Allocated Bytes 10.6 MB
      Overflow Count 0
    [ALLOC_TEMP_Background Job.worker 6]
      Initial Block Size 32.0 KB
      Current Block Size 32.0 KB
      Peak Allocated Bytes 0 B
      Overflow Count 0
    [ALLOC_TEMP_Background Job.worker 15]
      Initial Block Size 32.0 KB
      Current Block Size 32.0 KB
      Peak Allocated Bytes 0 B
      Overflow Count 0
    [ALLOC_TEMP_BakingJobs.worker 0]
      Initial Block Size 256.0 KB
      Current Block Size 256.0 KB
      Peak Allocated Bytes 0 B
      Overflow Count 0
    [ALLOC_TEMP_AssetDatabase.FileHasherReader] x 4
      Initial Block Size 64.0 KB
      Current Block Size 64.0 KB
      Peak Allocated Bytes 31 B
      Overflow Count 0
    [ALLOC_TEMP_BakingJobs.worker 1]
      Initial Block Size 256.0 KB
      Current Block Size 256.0 KB
      Peak Allocated Bytes 301 B
      Overflow Count 0
    [ALLOC_TEMP_BatchDeleteObjects]
      Initial Block Size 64.0 KB
      Current Block Size 64.0 KB
      Peak Allocated Bytes 0 B
      Overflow Count 0
    [ALLOC_TEMP_CoreBusinessMetricsCache]
      Initial Block Size 64.0 KB
      Current Block Size 64.0 KB
      Peak Allocated Bytes 7.9 KB
      Overflow Count 0
    [ALLOC_TEMP_REST Message Handler]
      Initial Block Size 64.0 KB
      Current Block Size 64.0 KB
      Peak Allocated Bytes 0 B
      Overflow Count 0
    [ALLOC_TEMP_Job.worker 4]
      Initial Block Size 256.0 KB
      Current Block Size 1.9 MB
      Peak Allocated Bytes 1.9 MB
      Overflow Count 0
    [ALLOC_TEMP_Background Job.worker 1]
      Initial Block Size 32.0 KB
      Current Block Size 208.0 KB
      Peak Allocated Bytes 121.6 KB
      Overflow Count 0
    [ALLOC_TEMP_AssetDatabase.IOService]
      Initial Block Size 64.0 KB
      Current Block Size 64.0 KB
      Peak Allocated Bytes 0 B
      Overflow Count 0
    [ALLOC_TEMP_Loading.PreloadManager] x 3
      Initial Block Size 32.0 MB
      Current Block Size 32.0 MB
      Peak Allocated Bytes 2.0 MB
      Overflow Count 0
    [ALLOC_TEMP_Background Job.worker 4]
      Initial Block Size 32.0 KB
      Current Block Size 32.0 KB
      Peak Allocated Bytes 0 B
      Overflow Count 0
    [ALLOC_TEMP_Background Job.worker 7]
      Initial Block Size 32.0 KB
      Current Block Size 32.0 KB
      Peak Allocated Bytes 0 B
      Overflow Count 0
    [ALLOC_TEMP_CloudJob.worker 0]
      Initial Block Size 32.0 KB
      Current Block Size 32.0 KB
      Peak Allocated Bytes 5.0 KB
      Overflow Count 0
    [ALLOC_TEMP_Background Job.worker 10]
      Initial Block Size 32.0 KB
      Current Block Size 32.0 KB
      Peak Allocated Bytes 0 B
      Overflow Count 0
    [ALLOC_TEMP_Background Job.worker 12]
      Initial Block Size 32.0 KB
      Current Block Size 32.0 KB
      Peak Allocated Bytes 0 B
      Overflow Count 0
    [ALLOC_TEMP_Background Job.worker 13]
      Initial Block Size 32.0 KB
      Current Block Size 32.0 KB
      Peak Allocated Bytes 0 B
      Overflow Count 0
    [ALLOC_TEMP_CurlRequest]
      Initial Block Size 64.0 KB
      Current Block Size 64.0 KB
      Peak Allocated Bytes 0 B
      Overflow Count 0
    [ALLOC_TEMP_BakingJobs.worker 4]
      Initial Block Size 256.0 KB
      Current Block Size 256.0 KB
      Peak Allocated Bytes 0 B
      Overflow Count 0
    [ALLOC_TEMP_Profiler.Dispatcher]
      Initial Block Size 64.0 KB
      Current Block Size 64.0 KB
      Peak Allocated Bytes 0 B
      Overflow Count 0
    [ALLOC_TEMP_Background Job.worker 14]
      Initial Block Size 32.0 KB
      Current Block Size 32.0 KB
      Peak Allocated Bytes 0 B
      Overflow Count 0
    [ALLOC_TEMP_ReadCacheIndex] x 3
      Initial Block Size 64.0 KB
      Current Block Size 64.0 KB
      Peak Allocated Bytes 1.0 KB
      Overflow Count 0
    [ALLOC_TEMP_Background Job.worker 9]
      Initial Block Size 32.0 KB
      Current Block Size 32.0 KB
      Peak Allocated Bytes 0 B
      Overflow Count 0
    [ALLOC_TEMP_EnlightenWorker] x 4
      Initial Block Size 64.0 KB
      Current Block Size 64.0 KB
      Peak Allocated Bytes 0 B
      Overflow Count 0
    [ALLOC_TEMP_Job.worker 3]
      Initial Block Size 256.0 KB
      Current Block Size 1.9 MB
      Peak Allocated Bytes 1.9 MB
      Overflow Count 0
    [ALLOC_TEMP_Job.worker 2]
      Initial Block Size 256.0 KB
      Current Block Size 1.2 MB
      Peak Allocated Bytes 1.2 MB
      Overflow Count 1
    [ALLOC_TEMP_Loading.AsyncRead]
      Initial Block Size 64.0 KB
      Current Block Size 64.0 KB
      Peak Allocated Bytes 128 B
      Overflow Count 0
    [ALLOC_TEMP_Background Job.worker 3]
      Initial Block Size 32.0 KB
      Current Block Size 32.0 KB
      Peak Allocated Bytes 0 B
      Overflow Count 0
    [ALLOC_TEMP_Background Job.worker 2]
      Initial Block Size 32.0 KB
      Current Block Size 32.0 KB
      Peak Allocated Bytes 103 B
      Overflow Count 0
    [ALLOC_TEMP_Background Job.worker 8]
      Initial Block Size 32.0 KB
      Current Block Size 32.0 KB
      Peak Allocated Bytes 0 B
      Overflow Count 0
    [ALLOC_TEMP_OSX HID Input]
      Initial Block Size 64.0 KB
      Current Block Size 64.0 KB
      Peak Allocated Bytes 0 B
      Overflow Count 0
    [ALLOC_TEMP_BakingJobs.worker 6]
      Initial Block Size 256.0 KB
      Current Block Size 256.0 KB
      Peak Allocated Bytes 0 B
      Overflow Count 0
    [ALLOC_TEMP_BakingJobs.worker 7]
      Initial Block Size 256.0 KB
      Current Block Size 256.0 KB
      Peak Allocated Bytes 0 B
      Overflow Count 0
    [ALLOC_TEMP_Job.worker 6]
      Initial Block Size 256.0 KB
      Current Block Size 256.0 KB
      Peak Allocated Bytes 146.1 KB
      Overflow Count 1
    [ALLOC_TEMP_Background Job.worker 0]
      Initial Block Size 32.0 KB
      Current Block Size 32.0 KB
      Peak Allocated Bytes 0 B
      Overflow Count 0
    [ALLOC_TEMP_AUDIO_FMOD stream thread]
      Initial Block Size 64.0 KB
      Current Block Size 64.0 KB
      Peak Allocated Bytes 0 B
      Overflow Count 0
    [ALLOC_TEMP_AssetDatabase.FileHasherHasher] x 4
      Initial Block Size 64.0 KB
      Current Block Size 64.0 KB
      Peak Allocated Bytes 130 B
      Overflow Count 0
    [ALLOC_TEMP_BakingJobs.worker 3]
      Initial Block Size 256.0 KB
      Current Block Size 256.0 KB
      Peak Allocated Bytes 0 B
      Overflow Count 0
    [ALLOC_TEMP_Job.worker 1]
      Initial Block Size 256.0 KB
      Current Block Size 1.9 MB
      Peak Allocated Bytes 1.9 MB
      Overflow Count 0
    [ALLOC_TEMP_Background Job.worker 5]
      Initial Block Size 32.0 KB
      Current Block Size 32.0 KB
      Peak Allocated Bytes 0 B
      Overflow Count 0
    [ALLOC_TEMP_BakingJobs.worker 2]
      Initial Block Size 256.0 KB
      Current Block Size 256.0 KB
      Peak Allocated Bytes 0 B
      Overflow Count 0
    [ALLOC_TEMP_Background Job.worker 11]
      Initial Block Size 32.0 KB
      Current Block Size 32.0 KB
      Peak Allocated Bytes 0 B
      Overflow Count 0
    [ALLOC_TEMP_EditorTaskManager]
      Initial Block Size 64.0 KB
      Current Block Size 80.0 KB
      Peak Allocated Bytes 64.0 KB
      Overflow Count 0
    [ALLOC_TEMP_Job.worker 5]
      Initial Block Size 256.0 KB
      Current Block Size 256.0 KB
      Peak Allocated Bytes 53.5 KB
      Overflow Count 1
    [ALLOC_TEMP_HTTP REST Server]
      Initial Block Size 64.0 KB
      Current Block Size 64.0 KB
      Peak Allocated Bytes 70 B
      Overflow Count 0
    [ALLOC_TEMP_AssetGarbageCollectorHelper] x 7
      Initial Block Size 64.0 KB
      Current Block Size 64.0 KB
      Peak Allocated Bytes 0 B
      Overflow Count 0
    [ALLOC_TEMP_AUDIO_Audio Mixer Thread]
      Initial Block Size 64.0 KB
      Current Block Size 64.0 KB
      Peak Allocated Bytes 0 B
      Overflow Count 0
    [ALLOC_TEMP_BakingJobs.worker 5]
      Initial Block Size 256.0 KB
      Current Block Size 256.0 KB
      Peak Allocated Bytes 0 B
      Overflow Count 0
    [ALLOC_TEMP_Job.worker 0]
      Initial Block Size 256.0 KB
      Current Block Size 256.0 KB
      Peak Allocated Bytes 17.4 KB
      Overflow Count 0
[ALLOC_MEMORYPROFILER]
  Peak usage frame count: [128.0 KB-256.0 KB]: 238 frames, [256.0 KB-0.5 MB]: 1 frames
  Requested Block Size 1.0 MB
  Peak Block count 1
  Peak Allocated memory 448.1 KB
  Peak Large allocation bytes 0 B
[ALLOC_DEFAULT] Dual Thread Allocator
  Peak main deferred allocation count 309
    [ALLOC_BUCKET]
      Large Block size 32.0 MB
      Used Block count 1
      Peak Allocated bytes 7.7 MB
    [ALLOC_DEFAULT_MAIN]
      Peak usage frame count: [64.0 MB-128.0 MB]: 239 frames
      Requested Block Size 16.0 MB
      Peak Block count 7
      Peak Allocated memory 94.7 MB
      Peak Large allocation bytes 0 B
    [ALLOC_DEFAULT_THREAD]
      Peak usage frame count: [4.0 MB-8.0 MB]: 238 frames, [32.0 MB-64.0 MB]: 1 frames
      Requested Block Size 16.0 MB
      Peak Block count 1
      Peak Allocated memory 43.1 MB
      Peak Large allocation bytes 28.6 MB
[ALLOC_TEMP_JOB_1_FRAME]
  Initial Block Size 2.0 MB
  Used Block Count 0
  Overflow Count (too large) 0
  Overflow Count (full) 0
[ALLOC_TEMP_JOB_2_FRAMES]
  Initial Block Size 2.0 MB
  Used Block Count 0
  Overflow Count (too large) 0
  Overflow Count (full) 0
[ALLOC_TEMP_JOB_4_FRAMES (JobTemp)]
  Initial Block Size 2.0 MB
  Used Block Count 1
  Overflow Count (too large) 0
  Overflow Count (full) 0
[ALLOC_TEMP_JOB_ASYNC (Background)]
  Initial Block Size 1.0 MB
  Used Block Count 1
  Overflow Count (too large) 3
  Overflow Count (full) 0
[ALLOC_GFX] Dual Thread Allocator
  Peak main deferred allocation count 10
    [ALLOC_BUCKET]
      Large Block size 32.0 MB
      Used Block count 1
      Peak Allocated bytes 7.7 MB
    [ALLOC_GFX_MAIN]
      Peak usage frame count: [8.0 MB-16.0 MB]: 239 frames
      Requested Block Size 16.0 MB
      Peak Block count 2
      Peak Allocated memory 15.6 MB
      Peak Large allocation bytes 0 B
    [ALLOC_GFX_THREAD]
      Peak usage frame count: [0.5 MB-1.0 MB]: 239 frames
      Requested Block Size 16.0 MB
      Peak Block count 1
      Peak Allocated memory 0.8 MB
      Peak Large allocation bytes 0 B
[ALLOC_CACHEOBJECTS] Dual Thread Allocator
  Peak main deferred allocation count 718
    [ALLOC_BUCKET]
      Large Block size 32.0 MB
      Used Block count 1
      Peak Allocated bytes 7.7 MB
    [ALLOC_CACHEOBJECTS_MAIN]
      Peak usage frame count: [16.0 MB-32.0 MB]: 238 frames, [32.0 MB-64.0 MB]: 1 frames
      Requested Block Size 4.0 MB
      Peak Block count 11
      Peak Allocated memory 32.8 MB
      Peak Large allocation bytes 14.7 MB
    [ALLOC_CACHEOBJECTS_THREAD]
      Peak usage frame count: [0.5 MB-1.0 MB]: 239 frames
      Requested Block Size 4.0 MB
      Peak Block count 1
      Peak Allocated memory 1.0 MB
      Peak Large allocation bytes 0 B
[ALLOC_TYPETREE] Dual Thread Allocator
  Peak main deferred allocation count 524
    [ALLOC_BUCKET]
      Large Block size 32.0 MB
      Used Block count 1
      Peak Allocated bytes 7.7 MB
    [ALLOC_TYPETREE_MAIN]
      Peak usage frame count: [1.0 MB-2.0 MB]: 238 frames, [8.0 MB-16.0 MB]: 1 frames
      Requested Block Size 2.0 MB
      Peak Block count 7
      Peak Allocated memory 11.9 MB
      Peak Large allocation bytes 0 B
    [ALLOC_TYPETREE_THREAD]
      Peak usage frame count: [128.0 KB-256.0 KB]: 239 frames
      Requested Block Size 2.0 MB
      Peak Block count 1
      Peak Allocated memory 259.4 KB
      Peak Large allocation bytes 0 B
[ALLOC_PROFILER]
  Peak usage frame count: [0.5 MB-1.0 MB]: 239 frames
  Requested Block Size 16.0 MB
  Peak Block count 1
  Peak Allocated memory 0.7 MB
  Peak Large allocation bytes 0 B
    [ALLOC_PROFILER_BUCKET]
      Large Block size 32.0 MB
      Used Block count 1
      Peak Allocated bytes 13.6 KB
[ALLOC_PROFILER_EDITOR]
  Peak usage frame count: [0-1.0 KB]: 239 frames
  Requested Block Size 1.0 MB
  Peak Block count 0
  Peak Allocated memory 0 B
  Peak Large allocation bytes 0 B
    [ALLOC_PROFILER_BUCKET]
      Large Block size 32.0 MB
      Used Block count 1
      Peak Allocated bytes 13.6 KB
##utp:{"type":"MemoryLeaks","version":2,"phase":"Immediate","time":1778066139342,"processId":93893,"allocatedMemory":17558424,"memoryLabels":[{"Default":11375},{"Permanent":15536},{"Thread":1083508},{"Manager":29991},{"VertexData":12},{"Geometry":280},{"Texture":168},{"Shader":67451},{"Material":24},{"GfxDevice":39232},{"GfxThread":480},{"Animation":304},{"Audio":3904},{"FontEngine":288},{"Physics":561},{"Serialization":612},{"Input":9024},{"JobScheduler":232},{"Mono":40},{"ScriptingNativeRuntime":7924888},{"BaseObject":1618916},{"Resource":912},{"Renderer":2272},{"Transform":24},{"File":9487},{"WebCam":40},{"Culling":40},{"Terrain":1025},{"Wind":24},{"String":31138},{"DynamicArray":132657},{"HashMap":95519},{"Utility":289286},{"Curl":2047},{"PoolAlloc":1464},{"AI":40},{"TypeTree":4533},{"ScriptManager":528},{"RuntimeInitializeOnLoadManager":72},{"SpriteAtlas":112},{"GI":3656},{"Director":7880},{"CloudService":8264},{"WebRequest":816},{"VR":45641},{"SceneManager":616},{"Video":2120},{"LazyScriptCache":32},{"NativeArray":12},{"Camera":25},{"Secure":9817},{"SerializationCache":1576},{"APIUpdating":11856},{"Subsystems":384},{"VirtualTexturing":57512},{"StaticSafetyDebugInfo":327680},{"Baselib":16},{"EditorGui":88},{"EditorUtility":27850},{"VersionControl":4},{"Undo":720},{"AssetDatabase":5626297},{"RestService":1310},{"EditorGi":376},{"License":3616},{"UnityConnect":25512},{"Collab":785},{"Upm":1600},{"DrivenProperties":80},{"LocalIPC":222},{"ProfilerEditor":10967},{"CoreBusinessMetrics":2984},{"AssetReference":32},{"IPCStream":32}]}
