Unity Editor version:    2022.3.0f1 (fb119bb0b476)
Branch:                  2022.3/release
Build type:              Release
Batch mode:              NO
macOS version:           Version 26.3.1 (a) (Build 25D771280a)
Darwin version:          25.3.0
Architecture:            arm64
Running under Rosetta:   NO
Available memory:        8192 MB
[Licensing::Module] Trying to connect to existing licensing client channel...
[Licensing::IpcConnector] Connection attempt to the License Client on channel: "LicenseClient-guribbong" failed because channel doesn't exist; code: "0x80000002"
Launching external process: /Applications/Unity/Hub/Editor/2022.3.0f1/Unity.app/Contents/Frameworks/UnityLicensingClient.app/Contents/MacOS/Unity.Licensing.Client
[Licensing::Module] Successfully launched the LicensingClient (PId: 45508)
[Licensing::IpcConnector] Successfully connected to the License Client on channel: "LicenseClient-guribbong"
[Licensing::Client] Handshaking with LicensingClient:
  Version:                 1.12.1+9338cad
  Session Id:              b7b7cc77cb924f59854bfe571842959c
  Correlation Id:          59f87d8ecb30b96105f7831fbb5522ca
  External correlation Id: 4700381714043978301
  Machine Id:              kK/taOzULwH3CoqhnK6anvJ0b88=
[Licensing::Module] Successfully connected to LicensingClient on channel: "LicenseClient-guribbong" (connect: 7.40s, validation: 0.71s, handshake: 1.01s)
[Licensing::IpcConnector] Successfully connected to the License Notification on channel: "LicenseClient-guribbong-notifications"
[Licensing::Module] Connected to LicensingClient (PId: 45508, launch time: 0.00, total connection time: 9.12s)
[Licensing::Module] Error: Access token is unavailable; failed to update
[Licensing::Client] Error: Code 500 while processing request (status: Unable to update licenses. Errors: No ULF license found.,Token not found in cache)
[Licensing::Client] Error: Code 500 while updating license in client (status: Unable to update licenses. Errors: No ULF license found.,Token not found in cache)
[Licensing::Client] Successfully resolved entitlements
[Licensing::Module] Serial number assigned to: "14568638156105-UnityPersXXXX"
Pro License: NO
Launching external process: /Applications/Unity/Hub/Editor/2022.3.0f1/Unity.app/Contents/Resources/PackageManager/Server/UnityPackageManager

COMMAND LINE ARGUMENTS:
/Applications/Unity/Hub/Editor/2022.3.0f1/Unity.app/Contents/MacOS/Unity
-projectPath
/Users/guribbong/code/Argus/unity/EmbodiedDebate
-executeMethod
ArgusUnity.Editor.HideAndSeekDesignBuilder.OpenSceneInPlayMode
-logFile
/Users/guribbong/code/Argus/tmp/hide-and-seek-bvh-turn-sync-window.log
Successfully changed project path to: /Users/guribbong/code/Argus/unity/EmbodiedDebate
/Users/guribbong/code/Argus/unity/EmbodiedDebate
[UnityMemory] Configuration Parameters - Can be set up in boot.config
    "memorysetup-bucket-allocator-granularity=16"
    "memorysetup-bucket-allocator-bucket-count=8"
    "memorysetup-bucket-allocator-block-size=33554432"
    "memorysetup-bucket-allocator-block-count=8"
    "memorysetup-main-allocator-block-size=16777216"
    "memorysetup-thread-allocator-block-size=16777216"
    "memorysetup-gfx-main-allocator-block-size=16777216"
    "memorysetup-gfx-thread-allocator-block-size=16777216"
    "memorysetup-cache-allocator-block-size=4194304"
    "memorysetup-typetree-allocator-block-size=2097152"
    "memorysetup-profiler-bucket-allocator-granularity=16"
    "memorysetup-profiler-bucket-allocator-bucket-count=8"
    "memorysetup-profiler-bucket-allocator-block-size=33554432"
    "memorysetup-profiler-bucket-allocator-block-count=8"
    "memorysetup-profiler-allocator-block-size=16777216"
    "memorysetup-profiler-editor-allocator-block-size=1048576"
    "memorysetup-temp-allocator-size-main=16777216"
    "memorysetup-job-temp-allocator-block-size=2097152"
    "memorysetup-job-temp-allocator-block-size-background=1048576"
    "memorysetup-job-temp-allocator-reduction-small-platforms=262144"
    "memorysetup-allocator-temp-initial-block-size-main=262144"
    "memorysetup-allocator-temp-initial-block-size-worker=262144"
    "memorysetup-temp-allocator-size-background-worker=32768"
    "memorysetup-temp-allocator-size-job-worker=262144"
    "memorysetup-temp-allocator-size-preload-manager=33554432"
    "memorysetup-temp-allocator-size-nav-mesh-worker=65536"
    "memorysetup-temp-allocator-size-audio-worker=65536"
    "memorysetup-temp-allocator-size-cloud-worker=32768"
    "memorysetup-temp-allocator-size-gi-baking-worker=262144"
    "memorysetup-temp-allocator-size-gfx=262144"
Player connection [8649715968] Host "[IP] 192.168.3.1 [Port] 55496 [Flags] 2 [Guid] 3757967292 [EditorId] 3757967292 [Version] 1048832 [Id] OSXEditor(0,topabaem.local) [Debug] 1 [PackageName] OSXEditor [ProjectName] Editor" joined multi-casting on [225.0.0.222:54997]...

Player connection [8649715968] Host "[IP] 192.168.3.1 [Port] 55496 [Flags] 2 [Guid] 3757967292 [EditorId] 3757967292 [Version] 1048832 [Id] OSXEditor(0,topabaem.local) [Debug] 1 [PackageName] OSXEditor [ProjectName] Editor" joined alternative multi-casting on [225.0.0.222:34997]...

[Package Manager] UpmClient::Connect -- Connected to IPC stream "Upm-45453" after 3.6 seconds.
[Licensing::Client] Successfully resolved entitlements
[Package Manager] Restoring resolved packages state from cache
[Licensing::Client] Successfully resolved entitlement details
[Package Manager] Registered 12 packages:
  Packages from [https://packages.unity.com]:
    com.unity.nuget.newtonsoft-json@3.2.1 (location: /Users/guribbong/code/Argus/unity/EmbodiedDebate/Library/PackageCache/com.unity.nuget.newtonsoft-json@3.2.1)
    com.unity.test-framework@1.1.33 (location: /Users/guribbong/code/Argus/unity/EmbodiedDebate/Library/PackageCache/com.unity.test-framework@1.1.33)
    com.unity.ext.nunit@1.0.6 (location: /Users/guribbong/code/Argus/unity/EmbodiedDebate/Library/PackageCache/com.unity.ext.nunit@1.0.6)
    com.unity.mathematics@1.2.6 (location: /Users/guribbong/code/Argus/unity/EmbodiedDebate/Library/PackageCache/com.unity.mathematics@1.2.6)
    com.unity.burst@1.8.4 (location: /Users/guribbong/code/Argus/unity/EmbodiedDebate/Library/PackageCache/com.unity.burst@1.8.4)
  Built-in packages:
    com.unity.modules.animation@1.0.0 (location: /Users/guribbong/code/Argus/unity/EmbodiedDebate/Library/PackageCache/com.unity.modules.animation@1.0.0)
    com.unity.modules.imageconversion@1.0.0 (location: /Users/guribbong/code/Argus/unity/EmbodiedDebate/Library/PackageCache/com.unity.modules.imageconversion@1.0.0)
    com.unity.modules.physics@1.0.0 (location: /Users/guribbong/code/Argus/unity/EmbodiedDebate/Library/PackageCache/com.unity.modules.physics@1.0.0)
    com.unity.modules.unitywebrequest@1.0.0 (location: /Users/guribbong/code/Argus/unity/EmbodiedDebate/Library/PackageCache/com.unity.modules.unitywebrequest@1.0.0)
    com.unity.modules.imgui@1.0.0 (location: /Users/guribbong/code/Argus/unity/EmbodiedDebate/Library/PackageCache/com.unity.modules.imgui@1.0.0)
    com.unity.modules.jsonserialize@1.0.0 (location: /Users/guribbong/code/Argus/unity/EmbodiedDebate/Library/PackageCache/com.unity.modules.jsonserialize@1.0.0)
  Embedded packages:
    com.unity.cloud.gltfast@file:/Users/guribbong/code/Argus/unity/EmbodiedDebate/Packages/com.unity.cloud.gltfast (location: /Users/guribbong/code/Argus/unity/EmbodiedDebate/Packages/com.unity.cloud.gltfast)
[Subsystems] No new subsystems found in resolved package list.
Package Manager log level set to [2]
[Package Manager] Done registering packages in 0.79 seconds
Refreshing native plugins compatible for Editor in 13.04 ms, found 0 plugins.
Preloading 0 native plugins for Editor in 0.00 ms.
Initialize engine version: 2022.3.0f1 (fb119bb0b476)
[Subsystems] Discovering subsystems at path /Applications/Unity/Hub/Editor/2022.3.0f1/Unity.app/Contents/Resources/UnitySubsystems
[Subsystems] Discovering subsystems at path /Users/guribbong/code/Argus/unity/EmbodiedDebate/Assets
GfxDevice: creating device client; threaded=1; jobified=0
 preferred device: Apple M2 (high power)
Metal devices available: 1
0: Apple M2 (high power)
Using device Apple M2 (high power)
Initializing Metal device caps: Apple M2
[Licensing::Client] Successfully resolved entitlements
Initialize mono
Mono path[0] = '/Applications/Unity/Hub/Editor/2022.3.0f1/Unity.app/Contents/Managed'
Mono path[1] = '/Applications/Unity/Hub/Editor/2022.3.0f1/Unity.app/Contents/MonoBleedingEdge/lib/mono/unityjit-macos'
Mono config path = '/Applications/Unity/Hub/Editor/2022.3.0f1/Unity.app/Contents/MonoBleedingEdge/etc'
Using monoOptions --debugger-agent=transport=dt_socket,embedding=1,server=y,suspend=n,address=127.0.0.1:56453
Using cacheserver namespaces - metadata:defaultmetadata, artifacts:defaultartifacts
Using cacheserver namespaces - metadata:defaultmetadata, artifacts:defaultartifacts
ImportWorker Server TCP listen port: 0
Begin MonoManager ReloadAssembly
Registering precompiled unity dll's ...
Register platform support module: /Applications/Unity/Hub/Editor/2022.3.0f1/Unity.app/Contents/PlaybackEngines/MacStandaloneSupport/UnityEditor.OSXStandalone.Extensions.dll
Registered in 0.002785 seconds.
- Loaded All Assemblies, in  0.564 seconds
Native extension for OSXStandalone target not found
Mono: successfully reloaded assembly
- Finished resetting the current domain, in  0.504 seconds
Domain Reload Profiling: 1069ms
	BeginReloadAssembly (181ms)
		ExecutionOrderSort (0ms)
		DisableScriptedObjects (0ms)
		BackupInstance (0ms)
		ReleaseScriptingObjects (0ms)
		CreateAndSetChildDomain (3ms)
	RebuildCommonClasses (57ms)
	RebuildNativeTypeToScriptingClass (15ms)
	initialDomainReloadingComplete (69ms)
	LoadAllAssembliesAndSetupDomain (241ms)
		LoadAssemblies (176ms)
		RebuildTransferFunctionScriptingTraits (0ms)
		AnalyzeDomain (234ms)
			TypeCache.Refresh (231ms)
				TypeCache.ScanAssembly (200ms)
			ScanForSourceGeneratedMonoScriptInfo (0ms)
			ResolveRequiredComponents (3ms)
	FinalizeReload (505ms)
		ReleaseScriptCaches (0ms)
		RebuildScriptCaches (0ms)
		SetupLoadedEditorAssemblies (381ms)
			LogAssemblyErrors (0ms)
			InitializePlatformSupportModulesInManaged (11ms)
			SetLoadedEditorAssemblies (11ms)
			RefreshPlugins (0ms)
			BeforeProcessingInitializeOnLoad (3ms)
			ProcessInitializeOnLoadAttributes (221ms)
			ProcessInitializeOnLoadMethodAttributes (136ms)
			AfterProcessingInitializeOnLoad (0ms)
			EditorAssembliesLoaded (0ms)
		ExecutionOrderSort2 (0ms)
		AwakeInstancesAfterBackupRestoration (0ms)
[Licensing::Client] Successfully resolved entitlements
Application.AssetDatabase Initial Refresh Start
[40m[32minfo[39m[22m[49m: Microsoft.Hosting.Lifetime[14]
      Now listening on: http://unix:/tmp/ilpp.sock-8e16111b622e4d5ea6b5ecc926298bfd
[40m[32minfo[39m[22m[49m: Microsoft.Hosting.Lifetime[0]
      Application started. Press Ctrl+C to shut down.
[40m[32minfo[39m[22m[49m: Microsoft.Hosting.Lifetime[0]
      Hosting environment: Production
[40m[32minfo[39m[22m[49m: Microsoft.Hosting.Lifetime[0]
      Content root path: /Users/guribbong/code/Argus/unity/EmbodiedDebate/
[40m[32minfo[39m[22m[49m: Microsoft.AspNetCore.Hosting.Diagnostics[1]
      Request starting HTTP/2 POST http://ilpp/UnityILPP.PostProcessing/Ping application/grpc -
[40m[32minfo[39m[22m[49m: Microsoft.AspNetCore.Routing.EndpointMiddleware[0]
      Executing endpoint 'gRPC - /UnityILPP.PostProcessing/Ping'
[40m[32minfo[39m[22m[49m: Microsoft.AspNetCore.Routing.EndpointMiddleware[1]
      Executed endpoint 'gRPC - /UnityILPP.PostProcessing/Ping'
[40m[32minfo[39m[22m[49m: Microsoft.AspNetCore.Hosting.Diagnostics[2]
      Request finished HTTP/2 POST http://ilpp/UnityILPP.PostProcessing/Ping application/grpc - - 200 - application/grpc 139.2463ms
Starting: /Applications/Unity/Hub/Editor/2022.3.0f1/Unity.app/Contents/bee_backend --dont-print-to-structured-log --ipc --defer-dag-verification --dagfile="Library/Bee/200b0aE.dag" --continue-on-failure --profile="Library/Bee/backend1.traceevents" ScriptAssemblies
WorkingDir: /Users/guribbong/code/Argus/unity/EmbodiedDebate
ExitCode: 4 Duration: 0s158ms
Rebuilding DAG because FileSignature timestamp changed: Library/Bee/200b0aE-inputdata.json
*** Tundra requires additional run (0.10 seconds), 0 items updated, 3 evaluated
Starting: /Applications/Unity/Hub/Editor/2022.3.0f1/Unity.app/Contents/Tools/netcorerun/netcorerun "/Applications/Unity/Hub/Editor/2022.3.0f1/Unity.app/Contents/Tools/BuildPipeline/ScriptCompilationBuildProgram.exe" "Library/Bee/200b0aE.dag.json" "Library/Bee/200b0aE-inputdata.json" "Library/Bee/buildprogram0.traceevents"
WorkingDir: /Users/guribbong/code/Argus/unity/EmbodiedDebate
ExitCode: 0 Duration: 1s435ms
Starting: /Applications/Unity/Hub/Editor/2022.3.0f1/Unity.app/Contents/bee_backend --dont-print-to-structured-log --ipc --defer-dag-verification --dagfile="Library/Bee/200b0aE.dag" --continue-on-failure --dagfilejson="Library/Bee/200b0aE.dag.json" --profile="Library/Bee/backend2.traceevents" ScriptAssemblies
WorkingDir: /Users/guribbong/code/Argus/unity/EmbodiedDebate
[40m[32minfo[39m[22m[49m: Microsoft.AspNetCore.Hosting.Diagnostics[1]
      Request starting HTTP/2 POST http://ilpp/UnityILPP.PostProcessing/ConfigurePostProcessors application/grpc -
[40m[32minfo[39m[22m[49m: Microsoft.AspNetCore.Routing.EndpointMiddleware[0]
      Executing endpoint 'gRPC - /UnityILPP.PostProcessing/ConfigurePostProcessors'
[40m[1m[33mwarn[39m[22m[49m: Unity.ILPP.Runner.PostProcessingAssemblyLoadContext[0]
      Assembly system.runtime.interopservices.windowsruntime has duplicate hint path. Ignoring "/Applications/Unity/Hub/Editor/2022.3.0f1/Unity.app/Contents/UnityReferenceAssemblies/unity-4.8-api/Facades/System.Runtime.InteropServices.WindowsRuntime.dll" in favor of "/Applications/Unity/Hub/Editor/2022.3.0f1/Unity.app/Contents/NetStandard/Extensions/2.0.0/System.Runtime.InteropServices.WindowsRuntime.dll"
[40m[1m[33mwarn[39m[22m[49m: Unity.ILPP.Runner.PostProcessingAssemblyLoadContext[0]
      Assembly system.componentmodel.composition has duplicate hint path. Ignoring "/Applications/Unity/Hub/Editor/2022.3.0f1/Unity.app/Contents/UnityReferenceAssemblies/unity-4.8-api/System.ComponentModel.Composition.dll" in favor of "/Applications/Unity/Hub/Editor/2022.3.0f1/Unity.app/Contents/NetStandard/compat/2.1.0/shims/netfx/System.ComponentModel.Composition.dll"
[40m[32minfo[39m[22m[49m: Unity.ILPP.Runner.PostProcessingAssemblyLoadContext[0]
      Resolved Unity.Burst.Cecil, Version=0.11.4.0, Culture=neutral, PublicKeyToken=50cebf1cceb9d05e with Library/PackageCache/com.unity.burst@1.8.4/Unity.Burst.CodeGen/Unity.Burst.Cecil.dll
[40m[32minfo[39m[22m[49m: Microsoft.AspNetCore.Routing.EndpointMiddleware[1]
      Executed endpoint 'gRPC - /UnityILPP.PostProcessing/ConfigurePostProcessors'
[40m[32minfo[39m[22m[49m: Microsoft.AspNetCore.Hosting.Diagnostics[2]
      Request finished HTTP/2 POST http://ilpp/UnityILPP.PostProcessing/ConfigurePostProcessors application/grpc - - 200 - application/grpc 55.0982ms
ExitCode: 0 Duration: 0s464ms
Finished compiling graph: 242 nodes, 2045 flattened edges (1825 ToBuild, 32 ToUse), maximum node priority 92
[199/239    0s] ILPP-Configuration Library/ilpp-configuration.nevergeneratedoutput
*** Tundra build success (0.43 seconds), 1 items updated, 239 evaluated
Total cache size 13674288
Total cache size after purge 13674288
AssetDatabase: script compilation time: 4.007103s
Begin MonoManager ReloadAssembly
Symbol file LoadedFromMemory is not a mono symbol file
- Loaded All Assemblies, in  0.850 seconds
Refreshing native plugins compatible for Editor in 1.66 ms, found 0 plugins.
Preloading 0 native plugins for Editor in 0.00 ms.
Refreshing native plugins compatible for Editor in 2.08 ms, found 0 plugins.
Native extension for OSXStandalone target not found
Mono: successfully reloaded assembly
- Finished resetting the current domain, in  3.540 seconds
Domain Reload Profiling: 4392ms
	BeginReloadAssembly (202ms)
		ExecutionOrderSort (0ms)
		DisableScriptedObjects (6ms)
		BackupInstance (0ms)
		ReleaseScriptingObjects (0ms)
		CreateAndSetChildDomain (55ms)
	RebuildCommonClasses (54ms)
	RebuildNativeTypeToScriptingClass (19ms)
	initialDomainReloadingComplete (48ms)
	LoadAllAssembliesAndSetupDomain (528ms)
		LoadAssemblies (245ms)
		RebuildTransferFunctionScriptingTraits (0ms)
		AnalyzeDomain (381ms)
			TypeCache.Refresh (374ms)
				TypeCache.ScanAssembly (348ms)
			ScanForSourceGeneratedMonoScriptInfo (6ms)
			ResolveRequiredComponents (1ms)
	FinalizeReload (3541ms)
		ReleaseScriptCaches (0ms)
		RebuildScriptCaches (0ms)
		SetupLoadedEditorAssemblies (3272ms)
			LogAssemblyErrors (0ms)
			InitializePlatformSupportModulesInManaged (5ms)
			SetLoadedEditorAssemblies (6ms)
			RefreshPlugins (0ms)
			BeforeProcessingInitializeOnLoad (55ms)
			ProcessInitializeOnLoadAttributes (3107ms)
			ProcessInitializeOnLoadMethodAttributes (96ms)
			AfterProcessingInitializeOnLoad (2ms)
			EditorAssembliesLoaded (1ms)
		ExecutionOrderSort2 (0ms)
		AwakeInstancesAfterBackupRestoration (7ms)
Asset Pipeline Refresh (id=c591a25333cd9446babe0fcb4b39a0d4): Total: 10.176 seconds - Initiated by InitialRefreshV2(ForceSynchronousImport)
	Summary:
		Imports: total=4 (actual=0, local cache=4, cache server=0)
		Asset DB Process Time: managed=0 ms, native=1530 ms
		Asset DB Callback time: managed=181 ms, native=0 ms
		Scripting: domain reloads=1, domain reload time=4441 ms, compile time=4007 ms, other=13 ms
		Project Asset Count: scripts=1021, non-scripts=615
		Asset File Changes: new=0, changed=0, moved=0, deleted=0
		Scan Filter Count: 1
	InvokeBeforeRefreshCallbacks: 0.763ms
	ApplyChangesToAssetFolders: 0.024ms
	Scan: 783.994ms
	OnSourceAssetsModified: 0.002ms
	GetAllGuidsForCategorization: 0.282ms
	CategorizeAssets: 107.134ms
	ImportOutOfDateAssets: 3579.842ms (-435.372ms without children)
		CompileScripts: 4007.281ms
		ReloadNativeAssets: 0.002ms
		UnloadImportedAssets: 5.815ms
		EnsureUptoDateAssetsAreRegisteredWithGuidPM: 0.880ms
		InitializingProgressBar: 0.000ms
		PostProcessAllAssetNotificationsAddChangedAssets: 0.000ms
		OnDemandSchedulerStart: 1.235ms
	PostProcessAllAssets: 181.294ms
	GatherAllCurrentPrimaryArtifactRevisions: 0.001ms
	UnloadStreamsBegin: 0.698ms
	PersistCurrentRevisions: 0.083ms
	UnloadStreamsEnd: 0.010ms
	GenerateScriptTypeHashes: 2.717ms
	Untracked: 5521.536ms
Application.AssetDatabase Initial Refresh End
Launching external process: /Applications/Unity/Hub/Editor/2022.3.0f1/Unity.app/Contents/Tools/UnityShaderCompiler
Launched and connected shader compiler UnityShaderCompiler after 0.72 seconds
Scanning for USB devices : 0.387ms
Initializing Unity extensions:
[Licensing::Client] Successfully resolved entitlements
[MODES] ModeService[none].Initialize
[MODES] ModeService[none].LoadModes
[MODES] Loading mode Default (0) for mode-current-id-EmbodiedDebate
Unloading 2 Unused Serialized files (Serialized files now loaded: 0)
ProgressiveSceneManager::Cancel()
Loaded scene 'Assets/Project/Scenes/MiniBotHideAndSeekDesign.unity'
	Deserialize:            44.773 ms
	Integration:            469.240 ms
	Integration of assets:  0.024 ms
	Thread Wait Time:       -0.002 ms
	Total Operation Time:   514.036 ms
Unloading 36 unused Assets / (0.7 MB). Loaded Objects now: 1877.
Memory consumption went from 100.6 MB to 100.0 MB.
Total: 109.860792 ms (FindLiveObjects: 20.593583 ms CreateObjectMapping: 0.136042 ms MarkObjects: 81.804334 ms  DeleteObjects: 7.324750 ms)

[LAYOUT] About to load UserSettings/Layouts/default-2022.dwlt, keepMainWindow=False
[MODES] ModeService[default].InitializeCurrentMode
[MODES] ModeService[default].RaiseModeChanged(default, default)
Asset Pipeline Refresh (id=f9cd8a020522c453984288e05b7cb731): Total: 0.687 seconds - Initiated by RefreshV2(NoUpdateAssetOptions)
	Summary:
		Imports: total=0 (actual=0, local cache=0, cache server=0)
		Asset DB Process Time: managed=0 ms, native=686 ms
		Asset DB Callback time: managed=0 ms, native=0 ms
		Scripting: domain reloads=0, domain reload time=0 ms, compile time=0 ms, other=0 ms
		Project Asset Count: scripts=1021, non-scripts=615
		Asset File Changes: new=0, changed=0, moved=0, deleted=0
		Scan Filter Count: 1
	InvokeBeforeRefreshCallbacks: 0.000ms
	ApplyChangesToAssetFolders: 0.174ms
	Scan: 604.400ms
	OnSourceAssetsModified: 0.002ms
	GetAllGuidsForCategorization: 0.160ms
	CategorizeAssets: 5.489ms
	ImportOutOfDateAssets: 3.884ms (1.893ms without children)
		ReloadNativeAssets: 0.003ms
		UnloadImportedAssets: 0.124ms
		EnsureUptoDateAssetsAreRegisteredWithGuidPM: 0.436ms
		InitializingProgressBar: 0.001ms
		PostProcessAllAssetNotificationsAddChangedAssets: 0.000ms
		OnDemandSchedulerStart: 1.428ms
	GatherAllCurrentPrimaryArtifactRevisions: 1.312ms
	UnloadStreamsBegin: 4.669ms
	PersistCurrentRevisions: 0.086ms
	UnloadStreamsEnd: 0.013ms
	Untracked: 66.515ms
Start importing Assets/ThirdParty/StylooClassroomAssetPack/StylooClassroomAssetPack GLTF & FBX/classroom/GLTF/wallsfloor.glb using Guid(95d4331adf82140bbb5c243cad6bfa64) Importer(-1,00000000000000000000000000000000)  -> (artifact id: '2f4597164da06dcd23f707636f81de45') in 1.105206 seconds
Refreshing native plugins compatible for Editor in 3.97 ms, found 0 plugins.
Preloading 0 native plugins for Editor in 0.00 ms.
Asset Pipeline Refresh (id=80ec198e8051d43839312f12603e948c): Total: 1.416 seconds - Initiated by StopAssetImportingV2(NoUpdateAssetOptions)
	Summary:
		Imports: total=1 (actual=1, local cache=0, cache server=0)
		Asset DB Process Time: managed=14 ms, native=1306 ms
		Asset DB Callback time: managed=56 ms, native=38 ms
		Scripting: domain reloads=0, domain reload time=0 ms, compile time=0 ms, other=0 ms
		Project Asset Count: scripts=1021, non-scripts=615
		Asset File Changes: new=0, changed=0, moved=0, deleted=0
		Scan Filter Count: 7
	InvokeBeforeRefreshCallbacks: 0.003ms
	ApplyChangesToAssetFolders: 0.041ms
	Scan: 2.658ms
	OnSourceAssetsModified: 0.001ms
	GetAllGuidsForCategorization: 0.075ms
	CategorizeAssets: 1.839ms
	ImportOutOfDateAssets: 1264.814ms (5.247ms without children)
		ImportManagerImport: 1253.727ms (144.243ms without children)
			ImportInProcess: 1109.357ms
			UpdateCategorizedAssets: 0.128ms
		ReloadNativeAssets: 0.001ms
		UnloadImportedAssets: 1.616ms
		ReloadImportedAssets: 2.755ms
		EnsureUptoDateAssetsAreRegisteredWithGuidPM: 0.460ms
		InitializingProgressBar: 0.017ms
		PostProcessAllAssetNotificationsAddChangedAssets: 0.001ms
		OnDemandSchedulerStart: 0.990ms
	PostProcessAllAssets: 71.905ms
	Hotreload: 23.266ms
	GatherAllCurrentPrimaryArtifactRevisions: 0.291ms
	UnloadStreamsBegin: 0.047ms
	PersistCurrentRevisions: 0.126ms
	UnloadStreamsEnd: 0.008ms
	Untracked: 51.019ms
HideAndSeekDesignBuilder: GLTF asset wallsfloor.glb, importer=GLTFast.Editor.GltfImporter, gameObjectLoaded=True
UnityEngine.StackTraceUtility:ExtractStackTrace () (at /Users/bokken/build/output/unity/unity/Runtime/Export/Scripting/StackTrace.cs:37)
UnityEngine.DebugLogHandler:LogFormat (UnityEngine.LogType,UnityEngine.Object,string,object[])
UnityEngine.Logger:Log (UnityEngine.LogType,object)
UnityEngine.Debug:Log (object)
ArgusUnity.Editor.HideAndSeekDesignBuilder:EnsureGltfClassroomImports () (at Assets/Editor/HideAndSeekDesignBuilder.cs:83)
ArgusUnity.Editor.HideAndSeekDesignBuilder:BuildScene () (at Assets/Editor/HideAndSeekDesignBuilder.cs:24)
ArgusUnity.Editor.HideAndSeekDesignBuilder:OpenSceneInPlayMode () (at Assets/Editor/HideAndSeekDesignBuilder.cs:61)

(Filename: Assets/Editor/HideAndSeekDesignBuilder.cs Line: 83)

Start importing Assets/ThirdParty/StylooClassroomAssetPack/StylooClassroomAssetPack GLTF & FBX/classroom/GLTF/table.glb using Guid(0fac535ef0639442ea3d608d5efbaf9b) Importer(-1,00000000000000000000000000000000)  -> (artifact id: '0a8cc223b14d120b3f35fefb97523cfd') in 0.026508 seconds
Refreshing native plugins compatible for Editor in 0.90 ms, found 0 plugins.
Preloading 0 native plugins for Editor in 0.00 ms.
Asset Pipeline Refresh (id=553f00fae9747439593d28ee3c1283e1): Total: 0.137 seconds - Initiated by StopAssetImportingV2(NoUpdateAssetOptions)
HideAndSeekDesignBuilder: GLTF asset table.glb, importer=GLTFast.Editor.GltfImporter, gameObjectLoaded=True
UnityEngine.StackTraceUtility:ExtractStackTrace () (at /Users/bokken/build/output/unity/unity/Runtime/Export/Scripting/StackTrace.cs:37)
UnityEngine.DebugLogHandler:LogFormat (UnityEngine.LogType,UnityEngine.Object,string,object[])
UnityEngine.Logger:Log (UnityEngine.LogType,object)
UnityEngine.Debug:Log (object)
ArgusUnity.Editor.HideAndSeekDesignBuilder:EnsureGltfClassroomImports () (at Assets/Editor/HideAndSeekDesignBuilder.cs:83)
ArgusUnity.Editor.HideAndSeekDesignBuilder:BuildScene () (at Assets/Editor/HideAndSeekDesignBuilder.cs:24)
ArgusUnity.Editor.HideAndSeekDesignBuilder:OpenSceneInPlayMode () (at Assets/Editor/HideAndSeekDesignBuilder.cs:61)

(Filename: Assets/Editor/HideAndSeekDesignBuilder.cs Line: 83)

Start importing Assets/ThirdParty/StylooClassroomAssetPack/StylooClassroomAssetPack GLTF & FBX/classroom/GLTF/desk.glb using Guid(0efed4ee7808840d3b57c7df53106661) Importer(-1,00000000000000000000000000000000)  -> (artifact id: 'b763c2214533a676cae910b2f21ee7f4') in 0.012229 seconds
Refreshing native plugins compatible for Editor in 1.20 ms, found 0 plugins.
Preloading 0 native plugins for Editor in 0.00 ms.
Asset Pipeline Refresh (id=b0ca40f63b3ef4830afcedc686e5139d): Total: 0.053 seconds - Initiated by StopAssetImportingV2(NoUpdateAssetOptions)
HideAndSeekDesignBuilder: GLTF asset desk.glb, importer=GLTFast.Editor.GltfImporter, gameObjectLoaded=True
UnityEngine.StackTraceUtility:ExtractStackTrace () (at /Users/bokken/build/output/unity/unity/Runtime/Export/Scripting/StackTrace.cs:37)
UnityEngine.DebugLogHandler:LogFormat (UnityEngine.LogType,UnityEngine.Object,string,object[])
UnityEngine.Logger:Log (UnityEngine.LogType,object)
UnityEngine.Debug:Log (object)
ArgusUnity.Editor.HideAndSeekDesignBuilder:EnsureGltfClassroomImports () (at Assets/Editor/HideAndSeekDesignBuilder.cs:83)
ArgusUnity.Editor.HideAndSeekDesignBuilder:BuildScene () (at Assets/Editor/HideAndSeekDesignBuilder.cs:24)
ArgusUnity.Editor.HideAndSeekDesignBuilder:OpenSceneInPlayMode () (at Assets/Editor/HideAndSeekDesignBuilder.cs:61)

(Filename: Assets/Editor/HideAndSeekDesignBuilder.cs Line: 83)

HideAndSeekDesignBuilder: mini-bot import animationType=Generic, importAnimation=True, avatarValid=False, avatarHuman=False, walkingBones leftFoot=True, rightFoot=True, leftLeg=True, rightLeg=True.
UnityEngine.StackTraceUtility:ExtractStackTrace () (at /Users/bokken/build/output/unity/unity/Runtime/Export/Scripting/StackTrace.cs:37)
UnityEngine.DebugLogHandler:LogFormat (UnityEngine.LogType,UnityEngine.Object,string,object[])
UnityEngine.Logger:Log (UnityEngine.LogType,object)
UnityEngine.Debug:Log (object)
ArgusUnity.Editor.HideAndSeekDesignBuilder:LogMiniBotRigInfo () (at Assets/Editor/HideAndSeekDesignBuilder.cs:523)
ArgusUnity.Editor.HideAndSeekDesignBuilder:BuildScene () (at Assets/Editor/HideAndSeekDesignBuilder.cs:25)
ArgusUnity.Editor.HideAndSeekDesignBuilder:OpenSceneInPlayMode () (at Assets/Editor/HideAndSeekDesignBuilder.cs:61)

(Filename: Assets/Editor/HideAndSeekDesignBuilder.cs Line: 523)

Unloading 9 Unused Serialized files (Serialized files now loaded: 0)
Unloading 154 unused Assets / (16.4 MB). Loaded Objects now: 2223.
Memory consumption went from 145.8 MB to 129.4 MB.
Total: 65.765416 ms (FindLiveObjects: 0.535875 ms CreateObjectMapping: 0.112042 ms MarkObjects: 57.452334 ms  DeleteObjects: 7.662792 ms)

Start importing Assets/Project/Materials/HideSeekDefenseBlue.mat using Guid(1ab91de9bb9934e9f880738d62def819) Importer(-1,00000000000000000000000000000000)  -> (artifact id: '5393f3c5a3a094310f103cc049b5b045') in 0.023820 seconds
Start importing Assets/Project/Materials/HideSeekAttackRed.mat using Guid(4aa4d8a01259243b6b5dba6db789b200) Importer(-1,00000000000000000000000000000000)  -> (artifact id: '2e7068000da311e85c1b16a61381ad53') in 0.003262 seconds
Refreshing native plugins compatible for Editor in 3.26 ms, found 0 plugins.
Preloading 0 native plugins for Editor in 0.00 ms.
Asset Pipeline Refresh (id=2a777a73146d94a879d1e6ce8e268be7): Total: 0.153 seconds - Initiated by StopAssetImportingV2(NoUpdateAssetOptions)
Start importing Assets/Project/Scenes/MiniBotHideAndSeekDesign.unity using Guid(9a4a9106e8b4148eea11b87fdf0edb7b) Importer(-1,00000000000000000000000000000000)  -> (artifact id: '1363d6648a411198fa691217d49542b1') in 0.001650 seconds
Refreshing native plugins compatible for Editor in 0.94 ms, found 0 plugins.
Preloading 0 native plugins for Editor in 0.00 ms.
Asset Pipeline Refresh (id=c4680ac9609ef4ce2b8ab83119ca10aa): Total: 0.060 seconds - Initiated by StopAssetImportingV2(NoUpdateAssetOptions)
HideAndSeekDesignBuilder: physics setup activeFurnitureRigidbodies=13, staticSchoolroomColliders=5.
UnityEngine.StackTraceUtility:ExtractStackTrace () (at /Users/bokken/build/output/unity/unity/Runtime/Export/Scripting/StackTrace.cs:37)
UnityEngine.DebugLogHandler:LogFormat (UnityEngine.LogType,UnityEngine.Object,string,object[])
UnityEngine.Logger:Log (UnityEngine.LogType,object)
UnityEngine.Debug:Log (object)
ArgusUnity.Editor.HideAndSeekDesignBuilder:BuildScene () (at Assets/Editor/HideAndSeekDesignBuilder.cs:44)
ArgusUnity.Editor.HideAndSeekDesignBuilder:OpenSceneInPlayMode () (at Assets/Editor/HideAndSeekDesignBuilder.cs:61)

(Filename: Assets/Editor/HideAndSeekDesignBuilder.cs Line: 44)

HideAndSeekDesignBuilder: saved Assets/Project/Scenes/MiniBotHideAndSeekDesign.unity
UnityEngine.StackTraceUtility:ExtractStackTrace () (at /Users/bokken/build/output/unity/unity/Runtime/Export/Scripting/StackTrace.cs:37)
UnityEngine.DebugLogHandler:LogFormat (UnityEngine.LogType,UnityEngine.Object,string,object[])
UnityEngine.Logger:Log (UnityEngine.LogType,object)
UnityEngine.Debug:Log (object)
ArgusUnity.Editor.HideAndSeekDesignBuilder:BuildScene () (at Assets/Editor/HideAndSeekDesignBuilder.cs:47)
ArgusUnity.Editor.HideAndSeekDesignBuilder:OpenSceneInPlayMode () (at Assets/Editor/HideAndSeekDesignBuilder.cs:61)

(Filename: Assets/Editor/HideAndSeekDesignBuilder.cs Line: 47)

Opening scene 'Assets/Project/Scenes/MiniBotHideAndSeekDesign.unity'
Unloading 0 Unused Serialized files (Serialized files now loaded: 0)
Loaded scene 'Assets/Project/Scenes/MiniBotHideAndSeekDesign.unity'
	Deserialize:            7.149 ms
	Integration:            582.096 ms
	Integration of assets:  0.008 ms
	Thread Wait Time:       0.017 ms
	Total Operation Time:   589.269 ms
Unloading 16 unused Assets / (91.9 KB). Loaded Objects now: 2743.
Memory consumption went from 130.1 MB to 130.0 MB.
Total: 82.187417 ms (FindLiveObjects: 23.649125 ms CreateObjectMapping: 0.074042 ms MarkObjects: 57.518333 ms  DeleteObjects: 0.942167 ms)

HideAndSeekDesignBuilder: opened scene and entered Play Mode.
UnityEngine.StackTraceUtility:ExtractStackTrace () (at /Users/bokken/build/output/unity/unity/Runtime/Export/Scripting/StackTrace.cs:37)
UnityEngine.DebugLogHandler:LogFormat (UnityEngine.LogType,UnityEngine.Object,string,object[])
UnityEngine.Logger:Log (UnityEngine.LogType,object)
UnityEngine.Debug:Log (object)
ArgusUnity.Editor.HideAndSeekDesignBuilder:OpenSceneInPlayMode () (at Assets/Editor/HideAndSeekDesignBuilder.cs:65)

(Filename: Assets/Editor/HideAndSeekDesignBuilder.cs Line: 65)

IsTimeToCheckForNewEditor: Update time 1777973424 current 1777994147
[Project] Loading completed in 45.678 seconds
	Project init time: 				19.360 seconds
		Template init time: 		0.000 seconds
		Package Manager init time: 		3.680 seconds
		Asset Database init time: 		1.249 seconds
		Global illumination init time: 	0.011 seconds
		Assemblies load time: 			1.077 seconds
		Unity extensions init time: 	0.006 seconds
		Asset Database refresh time: 	0.734 seconds
	Scene opening time: 			15.459 seconds
##utp:{"type":"ProjectInfo","version":2,"phase":"Immediate","time":1777994147335,"processId":45453,"projectLoad":45.67840675000001,"projectInit":19.360422958,"templateInit":0.0,"packageManagerInit":3.680124042,"assetDatabaseInit":1.248886833,"globalIlluminationInit":0.010674167,"assembliesLoad":1.077382375,"unityExtensionsInit":0.006122917,"assetDatabaseRefresh":0.733920042,"sceneOpening":15.459042625}
##utp:{"type":"EditorInfo","version":2,"phase":"Immediate","time":1777994147336,"processId":45453,"editorVersion":"2022.3.0f1 (fb119bb0b476)","branch":"2022.3/release","buildType":"Release","platform":"OSX"}
Subscribe to USB device events
Scanning for USB devices : 0.416ms
Thread 0x348387000 may have been prematurely finalized
Reloading assemblies for play mode.
Reloading assemblies after forced synchronous recompile.
Begin MonoManager ReloadAssembly
Symbol file LoadedFromMemory is not a mono symbol file
- Loaded All Assemblies, in  1.486 seconds
Refreshing native plugins compatible for Editor in 1.50 ms, found 0 plugins.
Native extension for OSXStandalone target not found
[MODES] ModeService[none].Initialize
[MODES] ModeService[none].LoadModes
[MODES] Loading mode Default (0) for mode-current-id-EmbodiedDebate
Mono: successfully reloaded assembly
- Finished resetting the current domain, in  2.175 seconds
Domain Reload Profiling: 3671ms
	BeginReloadAssembly (1335ms)
		ExecutionOrderSort (0ms)
		DisableScriptedObjects (45ms)
		BackupInstance (0ms)
		ReleaseScriptingObjects (1ms)
		CreateAndSetChildDomain (1054ms)
	RebuildCommonClasses (59ms)
	RebuildNativeTypeToScriptingClass (20ms)
	initialDomainReloadingComplete (39ms)
	LoadAllAssembliesAndSetupDomain (42ms)
		LoadAssemblies (189ms)
		RebuildTransferFunctionScriptingTraits (0ms)
		AnalyzeDomain (3ms)
			TypeCache.Refresh (1ms)
				TypeCache.ScanAssembly (0ms)
			ScanForSourceGeneratedMonoScriptInfo (0ms)
			ResolveRequiredComponents (2ms)
	FinalizeReload (2177ms)
		ReleaseScriptCaches (0ms)
		RebuildScriptCaches (0ms)
		SetupLoadedEditorAssemblies (568ms)
			LogAssemblyErrors (1ms)
			InitializePlatformSupportModulesInManaged (9ms)
			SetLoadedEditorAssemblies (13ms)
			RefreshPlugins (0ms)
			BeforeProcessingInitializeOnLoad (61ms)
			ProcessInitializeOnLoadAttributes (259ms)
			ProcessInitializeOnLoadMethodAttributes (221ms)
			AfterProcessingInitializeOnLoad (3ms)
			EditorAssembliesLoaded (1ms)
		ExecutionOrderSort2 (0ms)
		AwakeInstancesAfterBackupRestoration (1086ms)
Asset Pipeline Refresh (id=58b5f9294750a45d285d55eb2d2ecfb5): Total: 4.030 seconds - Initiated by StopAssetImportingV2(ForceSynchronousImport | ForceDomainReload)
	Summary:
		Imports: total=0 (actual=0, local cache=0, cache server=0)
		Asset DB Process Time: managed=0 ms, native=285 ms
		Asset DB Callback time: managed=33 ms, native=3 ms
		Scripting: domain reloads=1, domain reload time=3707 ms, compile time=0 ms, other=0 ms
		Project Asset Count: scripts=1021, non-scripts=615
		Asset File Changes: new=0, changed=0, moved=0, deleted=0
		Scan Filter Count: 0
	InvokeBeforeRefreshCallbacks: 3.214ms
	ApplyChangesToAssetFolders: 0.047ms
	Scan: 0.005ms
	OnSourceAssetsModified: 0.002ms
	GetAllGuidsForCategorization: 0.341ms
	CategorizeAssets: 56.048ms
	ImportOutOfDateAssets: 2217.156ms (2208.933ms without children)
		CompileScripts: 0.031ms
		CollectScriptTypesHashes: 0.028ms
		ReloadNativeAssets: 0.703ms
		UnloadImportedAssets: 2.716ms
		EnsureUptoDateAssetsAreRegisteredWithGuidPM: 0.742ms
		InitializingProgressBar: 0.000ms
		PostProcessAllAssetNotificationsAddChangedAssets: 0.001ms
		OnDemandSchedulerStart: 4.001ms
	PostProcessAllAssets: 33.338ms
	GatherAllCurrentPrimaryArtifactRevisions: 4.800ms
	UnloadStreamsBegin: 0.096ms
	PersistCurrentRevisions: 0.142ms
	UnloadStreamsEnd: 0.009ms
	GenerateScriptTypeHashes: 0.691ms
	Untracked: 1714.471ms
MiniBotWalkAnimator: BVH clips walk=True, turnLeft=True, turnRight=True; mappedBvhTracks=14/14, bvhTurnOverlay=True; walking bones leftFoot=True, rightFoot=True, leftLeg=True, rightLeg=True.
UnityEngine.StackTraceUtility:ExtractStackTrace () (at /Users/bokken/build/output/unity/unity/Runtime/Export/Scripting/StackTrace.cs:37)
UnityEngine.DebugLogHandler:LogFormat (UnityEngine.LogType,UnityEngine.Object,string,object[])
UnityEngine.Logger:Log (UnityEngine.LogType,object)
UnityEngine.Debug:Log (object)
ArgusUnity.Runtime.MiniBotWalkAnimator:Awake () (at Assets/Project/Scripts/Runtime/MiniBotWalkAnimator.cs:110)

(Filename: Assets/Project/Scripts/Runtime/MiniBotWalkAnimator.cs Line: 110)

MiniBotWalkAnimator: BVH clips walk=True, turnLeft=True, turnRight=True; mappedBvhTracks=14/14, bvhTurnOverlay=True; walking bones leftFoot=True, rightFoot=True, leftLeg=True, rightLeg=True.
UnityEngine.StackTraceUtility:ExtractStackTrace () (at /Users/bokken/build/output/unity/unity/Runtime/Export/Scripting/StackTrace.cs:37)
UnityEngine.DebugLogHandler:LogFormat (UnityEngine.LogType,UnityEngine.Object,string,object[])
UnityEngine.Logger:Log (UnityEngine.LogType,object)
UnityEngine.Debug:Log (object)
ArgusUnity.Runtime.MiniBotWalkAnimator:Awake () (at Assets/Project/Scripts/Runtime/MiniBotWalkAnimator.cs:110)

(Filename: Assets/Project/Scripts/Runtime/MiniBotWalkAnimator.cs Line: 110)

MiniBotWalkAnimator: BVH clips walk=True, turnLeft=True, turnRight=True; mappedBvhTracks=14/14, bvhTurnOverlay=True; walking bones leftFoot=True, rightFoot=True, leftLeg=True, rightLeg=True.
UnityEngine.StackTraceUtility:ExtractStackTrace () (at /Users/bokken/build/output/unity/unity/Runtime/Export/Scripting/StackTrace.cs:37)
UnityEngine.DebugLogHandler:LogFormat (UnityEngine.LogType,UnityEngine.Object,string,object[])
UnityEngine.Logger:Log (UnityEngine.LogType,object)
UnityEngine.Debug:Log (object)
ArgusUnity.Runtime.MiniBotWalkAnimator:Awake () (at Assets/Project/Scripts/Runtime/MiniBotWalkAnimator.cs:110)

(Filename: Assets/Project/Scripts/Runtime/MiniBotWalkAnimator.cs Line: 110)

MiniBotWalkAnimator: BVH clips walk=True, turnLeft=True, turnRight=True; mappedBvhTracks=14/14, bvhTurnOverlay=True; walking bones leftFoot=True, rightFoot=True, leftLeg=True, rightLeg=True.
UnityEngine.StackTraceUtility:ExtractStackTrace () (at /Users/bokken/build/output/unity/unity/Runtime/Export/Scripting/StackTrace.cs:37)
UnityEngine.DebugLogHandler:LogFormat (UnityEngine.LogType,UnityEngine.Object,string,object[])
UnityEngine.Logger:Log (UnityEngine.LogType,object)
UnityEngine.Debug:Log (object)
ArgusUnity.Runtime.MiniBotWalkAnimator:Awake () (at Assets/Project/Scripts/Runtime/MiniBotWalkAnimator.cs:110)

(Filename: Assets/Project/Scripts/Runtime/MiniBotWalkAnimator.cs Line: 110)

Loaded scene 'Temp/__Backupscenes/0.backup'
	Deserialize:            17.604 ms
	Integration:            1347.672 ms
	Integration of assets:  0.645 ms
	Thread Wait Time:       -0.144 ms
	Total Operation Time:   1365.776 ms
MiniBotHideAndSeekScenario: registered free-roam agents=4, bounds=(-4.65,-3.05)-(4.65,3.05).
UnityEngine.StackTraceUtility:ExtractStackTrace () (at /Users/bokken/build/output/unity/unity/Runtime/Export/Scripting/StackTrace.cs:37)
UnityEngine.DebugLogHandler:LogFormat (UnityEngine.LogType,UnityEngine.Object,string,object[])
UnityEngine.Logger:Log (UnityEngine.LogType,object)
UnityEngine.Debug:Log (object)
ArgusUnity.Runtime.MiniBotHideAndSeekScenario:Start () (at Assets/Project/Scripts/Runtime/MiniBotHideAndSeekScenario.cs:49)

(Filename: Assets/Project/Scripts/Runtime/MiniBotHideAndSeekScenario.cs Line: 49)

EditorUpdateCheck: Failed The requested URL returned error: 404
Created GICache directory at /Users/guribbong/Library/Caches/com.unity3d.UnityEditor/GiCache. Took: 0.616s, timestamps: [63.946 - 64.562]
Setting up 4 worker threads for Enlighten.
MiniBotWalkAnimator: distance-synced gait moveSpeed=0.71, metersPerCycle=0.62.
UnityEngine.StackTraceUtility:ExtractStackTrace () (at /Users/bokken/build/output/unity/unity/Runtime/Export/Scripting/StackTrace.cs:37)
UnityEngine.DebugLogHandler:LogFormat (UnityEngine.LogType,UnityEngine.Object,string,object[])
UnityEngine.Logger:Log (UnityEngine.LogType,object)
UnityEngine.Debug:Log (object)
ArgusUnity.Runtime.MiniBotWalkAnimator:SetMotionIntent (bool,single,single,single,bool) (at Assets/Project/Scripts/Runtime/MiniBotWalkAnimator.cs:198)
ArgusUnity.Runtime.MiniBotWalkAnimator:SetMotionIntent (bool,single,single,single) (at Assets/Project/Scripts/Runtime/MiniBotWalkAnimator.cs:176)
ArgusUnity.Runtime.MiniBotHideAndSeekScenario:FixedUpdate () (at Assets/Project/Scripts/Runtime/MiniBotHideAndSeekScenario.cs:79)

(Filename: Assets/Project/Scripts/Runtime/MiniBotWalkAnimator.cs Line: 198)

MiniBotHideAndSeekScenario: movement confirmed for Hider 01.
UnityEngine.StackTraceUtility:ExtractStackTrace () (at /Users/bokken/build/output/unity/unity/Runtime/Export/Scripting/StackTrace.cs:37)
UnityEngine.DebugLogHandler:LogFormat (UnityEngine.LogType,UnityEngine.Object,string,object[])
UnityEngine.Logger:Log (UnityEngine.LogType,object)
UnityEngine.Debug:Log (object)
ArgusUnity.Runtime.MiniBotHideAndSeekScenario:FixedUpdate () (at Assets/Project/Scripts/Runtime/MiniBotHideAndSeekScenario.cs:85)

(Filename: Assets/Project/Scripts/Runtime/MiniBotHideAndSeekScenario.cs Line: 85)

MiniBotHideAndSeekScenario: free-roam speed check Hider 01 movementSpeed=0.71, walkDistanceDelta=0.014.
UnityEngine.StackTraceUtility:ExtractStackTrace () (at /Users/bokken/build/output/unity/unity/Runtime/Export/Scripting/StackTrace.cs:37)
UnityEngine.DebugLogHandler:LogFormat (UnityEngine.LogType,UnityEngine.Object,string,object[])
UnityEngine.Logger:Log (UnityEngine.LogType,object)
UnityEngine.Debug:Log (object)
ArgusUnity.Runtime.MiniBotHideAndSeekScenario:FixedUpdate () (at Assets/Project/Scripts/Runtime/MiniBotHideAndSeekScenario.cs:97)

(Filename: Assets/Project/Scripts/Runtime/MiniBotHideAndSeekScenario.cs Line: 97)

MiniBotWalkAnimator: distance-synced gait moveSpeed=0.66, metersPerCycle=0.62.
UnityEngine.StackTraceUtility:ExtractStackTrace () (at /Users/bokken/build/output/unity/unity/Runtime/Export/Scripting/StackTrace.cs:37)
UnityEngine.DebugLogHandler:LogFormat (UnityEngine.LogType,UnityEngine.Object,string,object[])
UnityEngine.Logger:Log (UnityEngine.LogType,object)
UnityEngine.Debug:Log (object)
ArgusUnity.Runtime.MiniBotWalkAnimator:SetMotionIntent (bool,single,single,single,bool) (at Assets/Project/Scripts/Runtime/MiniBotWalkAnimator.cs:198)
ArgusUnity.Runtime.MiniBotWalkAnimator:SetMotionIntent (bool,single,single,single) (at Assets/Project/Scripts/Runtime/MiniBotWalkAnimator.cs:176)
ArgusUnity.Runtime.MiniBotHideAndSeekScenario:FixedUpdate () (at Assets/Project/Scripts/Runtime/MiniBotHideAndSeekScenario.cs:79)

(Filename: Assets/Project/Scripts/Runtime/MiniBotWalkAnimator.cs Line: 198)

MiniBotWalkAnimator: side-turn animation active direction=right, turnDegrees=24.4, bvhTurnOverlay=True.
UnityEngine.StackTraceUtility:ExtractStackTrace () (at /Users/bokken/build/output/unity/unity/Runtime/Export/Scripting/StackTrace.cs:37)
UnityEngine.DebugLogHandler:LogFormat (UnityEngine.LogType,UnityEngine.Object,string,object[])
UnityEngine.Logger:Log (UnityEngine.LogType,object)
UnityEngine.Debug:Log (object)
ArgusUnity.Runtime.MiniBotWalkAnimator:SetMotionIntent (bool,single,single,single,bool) (at Assets/Project/Scripts/Runtime/MiniBotWalkAnimator.cs:207)
ArgusUnity.Runtime.MiniBotWalkAnimator:SetMotionIntent (bool,single,single,single) (at Assets/Project/Scripts/Runtime/MiniBotWalkAnimator.cs:176)
ArgusUnity.Runtime.MiniBotHideAndSeekScenario:FixedUpdate () (at Assets/Project/Scripts/Runtime/MiniBotHideAndSeekScenario.cs:79)

(Filename: Assets/Project/Scripts/Runtime/MiniBotWalkAnimator.cs Line: 207)

MiniBotHideAndSeekScenario: movement confirmed for Hider 02.
UnityEngine.StackTraceUtility:ExtractStackTrace () (at /Users/bokken/build/output/unity/unity/Runtime/Export/Scripting/StackTrace.cs:37)
UnityEngine.DebugLogHandler:LogFormat (UnityEngine.LogType,UnityEngine.Object,string,object[])
UnityEngine.Logger:Log (UnityEngine.LogType,object)
UnityEngine.Debug:Log (object)
ArgusUnity.Runtime.MiniBotHideAndSeekScenario:FixedUpdate () (at Assets/Project/Scripts/Runtime/MiniBotHideAndSeekScenario.cs:85)

(Filename: Assets/Project/Scripts/Runtime/MiniBotHideAndSeekScenario.cs Line: 85)

MiniBotHideAndSeekScenario: free-roam speed check Hider 02 movementSpeed=0.66, walkDistanceDelta=0.013.
UnityEngine.StackTraceUtility:ExtractStackTrace () (at /Users/bokken/build/output/unity/unity/Runtime/Export/Scripting/StackTrace.cs:37)
UnityEngine.DebugLogHandler:LogFormat (UnityEngine.LogType,UnityEngine.Object,string,object[])
UnityEngine.Logger:Log (UnityEngine.LogType,object)
UnityEngine.Debug:Log (object)
ArgusUnity.Runtime.MiniBotHideAndSeekScenario:FixedUpdate () (at Assets/Project/Scripts/Runtime/MiniBotHideAndSeekScenario.cs:97)

(Filename: Assets/Project/Scripts/Runtime/MiniBotHideAndSeekScenario.cs Line: 97)

MiniBotWalkAnimator: distance-synced gait moveSpeed=0.78, metersPerCycle=0.62.
UnityEngine.StackTraceUtility:ExtractStackTrace () (at /Users/bokken/build/output/unity/unity/Runtime/Export/Scripting/StackTrace.cs:37)
UnityEngine.DebugLogHandler:LogFormat (UnityEngine.LogType,UnityEngine.Object,string,object[])
UnityEngine.Logger:Log (UnityEngine.LogType,object)
UnityEngine.Debug:Log (object)
ArgusUnity.Runtime.MiniBotWalkAnimator:SetMotionIntent (bool,single,single,single,bool) (at Assets/Project/Scripts/Runtime/MiniBotWalkAnimator.cs:198)
ArgusUnity.Runtime.MiniBotWalkAnimator:SetMotionIntent (bool,single,single,single) (at Assets/Project/Scripts/Runtime/MiniBotWalkAnimator.cs:176)
ArgusUnity.Runtime.MiniBotHideAndSeekScenario:FixedUpdate () (at Assets/Project/Scripts/Runtime/MiniBotHideAndSeekScenario.cs:79)

(Filename: Assets/Project/Scripts/Runtime/MiniBotWalkAnimator.cs Line: 198)

MiniBotHideAndSeekScenario: movement confirmed for Seeker 01.
UnityEngine.StackTraceUtility:ExtractStackTrace () (at /Users/bokken/build/output/unity/unity/Runtime/Export/Scripting/StackTrace.cs:37)
UnityEngine.DebugLogHandler:LogFormat (UnityEngine.LogType,UnityEngine.Object,string,object[])
UnityEngine.Logger:Log (UnityEngine.LogType,object)
UnityEngine.Debug:Log (object)
ArgusUnity.Runtime.MiniBotHideAndSeekScenario:FixedUpdate () (at Assets/Project/Scripts/Runtime/MiniBotHideAndSeekScenario.cs:85)

(Filename: Assets/Project/Scripts/Runtime/MiniBotHideAndSeekScenario.cs Line: 85)

MiniBotHideAndSeekScenario: free-roam speed check Seeker 01 movementSpeed=0.78, walkDistanceDelta=0.016.
UnityEngine.StackTraceUtility:ExtractStackTrace () (at /Users/bokken/build/output/unity/unity/Runtime/Export/Scripting/StackTrace.cs:37)
UnityEngine.DebugLogHandler:LogFormat (UnityEngine.LogType,UnityEngine.Object,string,object[])
UnityEngine.Logger:Log (UnityEngine.LogType,object)
UnityEngine.Debug:Log (object)
ArgusUnity.Runtime.MiniBotHideAndSeekScenario:FixedUpdate () (at Assets/Project/Scripts/Runtime/MiniBotHideAndSeekScenario.cs:97)

(Filename: Assets/Project/Scripts/Runtime/MiniBotHideAndSeekScenario.cs Line: 97)

MiniBotWalkAnimator: distance-synced gait moveSpeed=0.75, metersPerCycle=0.62.
UnityEngine.StackTraceUtility:ExtractStackTrace () (at /Users/bokken/build/output/unity/unity/Runtime/Export/Scripting/StackTrace.cs:37)
UnityEngine.DebugLogHandler:LogFormat (UnityEngine.LogType,UnityEngine.Object,string,object[])
UnityEngine.Logger:Log (UnityEngine.LogType,object)
UnityEngine.Debug:Log (object)
ArgusUnity.Runtime.MiniBotWalkAnimator:SetMotionIntent (bool,single,single,single,bool) (at Assets/Project/Scripts/Runtime/MiniBotWalkAnimator.cs:198)
ArgusUnity.Runtime.MiniBotWalkAnimator:SetMotionIntent (bool,single,single,single) (at Assets/Project/Scripts/Runtime/MiniBotWalkAnimator.cs:176)
ArgusUnity.Runtime.MiniBotHideAndSeekScenario:FixedUpdate () (at Assets/Project/Scripts/Runtime/MiniBotHideAndSeekScenario.cs:79)

(Filename: Assets/Project/Scripts/Runtime/MiniBotWalkAnimator.cs Line: 198)

MiniBotWalkAnimator: side-turn animation active direction=left, turnDegrees=-21.6, bvhTurnOverlay=True.
UnityEngine.StackTraceUtility:ExtractStackTrace () (at /Users/bokken/build/output/unity/unity/Runtime/Export/Scripting/StackTrace.cs:37)
UnityEngine.DebugLogHandler:LogFormat (UnityEngine.LogType,UnityEngine.Object,string,object[])
UnityEngine.Logger:Log (UnityEngine.LogType,object)
UnityEngine.Debug:Log (object)
ArgusUnity.Runtime.MiniBotWalkAnimator:SetMotionIntent (bool,single,single,single,bool) (at Assets/Project/Scripts/Runtime/MiniBotWalkAnimator.cs:207)
ArgusUnity.Runtime.MiniBotWalkAnimator:SetMotionIntent (bool,single,single,single) (at Assets/Project/Scripts/Runtime/MiniBotWalkAnimator.cs:176)
ArgusUnity.Runtime.MiniBotHideAndSeekScenario:FixedUpdate () (at Assets/Project/Scripts/Runtime/MiniBotHideAndSeekScenario.cs:79)

(Filename: Assets/Project/Scripts/Runtime/MiniBotWalkAnimator.cs Line: 207)

MiniBotHideAndSeekScenario: movement confirmed for Seeker 02.
UnityEngine.StackTraceUtility:ExtractStackTrace () (at /Users/bokken/build/output/unity/unity/Runtime/Export/Scripting/StackTrace.cs:37)
UnityEngine.DebugLogHandler:LogFormat (UnityEngine.LogType,UnityEngine.Object,string,object[])
UnityEngine.Logger:Log (UnityEngine.LogType,object)
UnityEngine.Debug:Log (object)
ArgusUnity.Runtime.MiniBotHideAndSeekScenario:FixedUpdate () (at Assets/Project/Scripts/Runtime/MiniBotHideAndSeekScenario.cs:85)

(Filename: Assets/Project/Scripts/Runtime/MiniBotHideAndSeekScenario.cs Line: 85)

MiniBotHideAndSeekScenario: free-roam speed check Seeker 02 movementSpeed=0.75, walkDistanceDelta=0.015.
UnityEngine.StackTraceUtility:ExtractStackTrace () (at /Users/bokken/build/output/unity/unity/Runtime/Export/Scripting/StackTrace.cs:37)
UnityEngine.DebugLogHandler:LogFormat (UnityEngine.LogType,UnityEngine.Object,string,object[])
UnityEngine.Logger:Log (UnityEngine.LogType,object)
UnityEngine.Debug:Log (object)
ArgusUnity.Runtime.MiniBotHideAndSeekScenario:FixedUpdate () (at Assets/Project/Scripts/Runtime/MiniBotHideAndSeekScenario.cs:97)

(Filename: Assets/Project/Scripts/Runtime/MiniBotHideAndSeekScenario.cs Line: 97)

MiniBotWalkAnimator: side-turn animation active direction=right, turnDegrees=10.4, bvhTurnOverlay=True.
UnityEngine.StackTraceUtility:ExtractStackTrace () (at /Users/bokken/build/output/unity/unity/Runtime/Export/Scripting/StackTrace.cs:37)
UnityEngine.DebugLogHandler:LogFormat (UnityEngine.LogType,UnityEngine.Object,string,object[])
UnityEngine.Logger:Log (UnityEngine.LogType,object)
UnityEngine.Debug:Log (object)
ArgusUnity.Runtime.MiniBotWalkAnimator:SetMotionIntent (bool,single,single,single,bool) (at Assets/Project/Scripts/Runtime/MiniBotWalkAnimator.cs:207)
ArgusUnity.Runtime.MiniBotWalkAnimator:SetMotionIntent (bool,single,single,single) (at Assets/Project/Scripts/Runtime/MiniBotWalkAnimator.cs:176)
ArgusUnity.Runtime.MiniBotHideAndSeekScenario:FixedUpdate () (at Assets/Project/Scripts/Runtime/MiniBotHideAndSeekScenario.cs:79)

(Filename: Assets/Project/Scripts/Runtime/MiniBotWalkAnimator.cs Line: 207)

MiniBotWalkAnimator: side-turn animation active direction=left, turnDegrees=-10.0, bvhTurnOverlay=True.
UnityEngine.StackTraceUtility:ExtractStackTrace () (at /Users/bokken/build/output/unity/unity/Runtime/Export/Scripting/StackTrace.cs:37)
UnityEngine.DebugLogHandler:LogFormat (UnityEngine.LogType,UnityEngine.Object,string,object[])
UnityEngine.Logger:Log (UnityEngine.LogType,object)
UnityEngine.Debug:Log (object)
ArgusUnity.Runtime.MiniBotWalkAnimator:SetMotionIntent (bool,single,single,single,bool) (at Assets/Project/Scripts/Runtime/MiniBotWalkAnimator.cs:207)
ArgusUnity.Runtime.MiniBotWalkAnimator:SetMotionIntent (bool,single,single,single) (at Assets/Project/Scripts/Runtime/MiniBotWalkAnimator.cs:176)
ArgusUnity.Runtime.MiniBotHideAndSeekScenario:FixedUpdate () (at Assets/Project/Scripts/Runtime/MiniBotHideAndSeekScenario.cs:79)

(Filename: Assets/Project/Scripts/Runtime/MiniBotWalkAnimator.cs Line: 207)

MiniBotHideAndSeekScenario: free-roam retarget Hider 02 -> -3.22,-0.44.
UnityEngine.StackTraceUtility:ExtractStackTrace () (at /Users/bokken/build/output/unity/unity/Runtime/Export/Scripting/StackTrace.cs:37)
UnityEngine.DebugLogHandler:LogFormat (UnityEngine.LogType,UnityEngine.Object,string,object[])
UnityEngine.Logger:Log (UnityEngine.LogType,object)
UnityEngine.Debug:Log (object)
ArgusUnity.Runtime.MiniBotHideAndSeekScenario:ResolveDesiredDirection (ArgusUnity.Runtime.MiniBotHideAndSeekScenario/WanderAgent,UnityEngine.Vector3) (at Assets/Project/Scripts/Runtime/MiniBotHideAndSeekScenario.cs:166)
ArgusUnity.Runtime.MiniBotHideAndSeekScenario:FixedUpdate () (at Assets/Project/Scripts/Runtime/MiniBotHideAndSeekScenario.cs:74)

(Filename: Assets/Project/Scripts/Runtime/MiniBotHideAndSeekScenario.cs Line: 166)

MiniBotHideAndSeekScenario: free-roam retarget Hider 01 -> 2.18,-2.30.
UnityEngine.StackTraceUtility:ExtractStackTrace () (at /Users/bokken/build/output/unity/unity/Runtime/Export/Scripting/StackTrace.cs:37)
UnityEngine.DebugLogHandler:LogFormat (UnityEngine.LogType,UnityEngine.Object,string,object[])
UnityEngine.Logger:Log (UnityEngine.LogType,object)
UnityEngine.Debug:Log (object)
ArgusUnity.Runtime.MiniBotHideAndSeekScenario:ResolveDesiredDirection (ArgusUnity.Runtime.MiniBotHideAndSeekScenario/WanderAgent,UnityEngine.Vector3) (at Assets/Project/Scripts/Runtime/MiniBotHideAndSeekScenario.cs:166)
ArgusUnity.Runtime.MiniBotHideAndSeekScenario:FixedUpdate () (at Assets/Project/Scripts/Runtime/MiniBotHideAndSeekScenario.cs:74)

(Filename: Assets/Project/Scripts/Runtime/MiniBotHideAndSeekScenario.cs Line: 166)

MiniBotHideAndSeekScenario: free-roam retarget Seeker 02 -> -3.90,-2.43.
UnityEngine.StackTraceUtility:ExtractStackTrace () (at /Users/bokken/build/output/unity/unity/Runtime/Export/Scripting/StackTrace.cs:37)
UnityEngine.DebugLogHandler:LogFormat (UnityEngine.LogType,UnityEngine.Object,string,object[])
UnityEngine.Logger:Log (UnityEngine.LogType,object)
UnityEngine.Debug:Log (object)
ArgusUnity.Runtime.MiniBotHideAndSeekScenario:ResolveDesiredDirection (ArgusUnity.Runtime.MiniBotHideAndSeekScenario/WanderAgent,UnityEngine.Vector3) (at Assets/Project/Scripts/Runtime/MiniBotHideAndSeekScenario.cs:166)
ArgusUnity.Runtime.MiniBotHideAndSeekScenario:FixedUpdate () (at Assets/Project/Scripts/Runtime/MiniBotHideAndSeekScenario.cs:74)

(Filename: Assets/Project/Scripts/Runtime/MiniBotHideAndSeekScenario.cs Line: 166)

MiniBotHideAndSeekScenario: free-roam retarget Hider 01 -> 4.35,-2.56.
UnityEngine.StackTraceUtility:ExtractStackTrace () (at /Users/bokken/build/output/unity/unity/Runtime/Export/Scripting/StackTrace.cs:37)
UnityEngine.DebugLogHandler:LogFormat (UnityEngine.LogType,UnityEngine.Object,string,object[])
UnityEngine.Logger:Log (UnityEngine.LogType,object)
UnityEngine.Debug:Log (object)
ArgusUnity.Runtime.MiniBotHideAndSeekScenario:ResolveDesiredDirection (ArgusUnity.Runtime.MiniBotHideAndSeekScenario/WanderAgent,UnityEngine.Vector3) (at Assets/Project/Scripts/Runtime/MiniBotHideAndSeekScenario.cs:166)
ArgusUnity.Runtime.MiniBotHideAndSeekScenario:FixedUpdate () (at Assets/Project/Scripts/Runtime/MiniBotHideAndSeekScenario.cs:74)

(Filename: Assets/Project/Scripts/Runtime/MiniBotHideAndSeekScenario.cs Line: 166)

MiniBotHideAndSeekScenario: free-roam retarget Hider 02 -> -0.38,1.62.
UnityEngine.StackTraceUtility:ExtractStackTrace () (at /Users/bokken/build/output/unity/unity/Runtime/Export/Scripting/StackTrace.cs:37)
UnityEngine.DebugLogHandler:LogFormat (UnityEngine.LogType,UnityEngine.Object,string,object[])
UnityEngine.Logger:Log (UnityEngine.LogType,object)
UnityEngine.Debug:Log (object)
ArgusUnity.Runtime.MiniBotHideAndSeekScenario:ResolveDesiredDirection (ArgusUnity.Runtime.MiniBotHideAndSeekScenario/WanderAgent,UnityEngine.Vector3) (at Assets/Project/Scripts/Runtime/MiniBotHideAndSeekScenario.cs:166)
ArgusUnity.Runtime.MiniBotHideAndSeekScenario:FixedUpdate () (at Assets/Project/Scripts/Runtime/MiniBotHideAndSeekScenario.cs:74)

(Filename: Assets/Project/Scripts/Runtime/MiniBotHideAndSeekScenario.cs Line: 166)

MiniBotHideAndSeekScenario: free-roam retarget Hider 01 -> -0.18,0.74.
UnityEngine.StackTraceUtility:ExtractStackTrace () (at /Users/bokken/build/output/unity/unity/Runtime/Export/Scripting/StackTrace.cs:37)
UnityEngine.DebugLogHandler:LogFormat (UnityEngine.LogType,UnityEngine.Object,string,object[])
UnityEngine.Logger:Log (UnityEngine.LogType,object)
UnityEngine.Debug:Log (object)
ArgusUnity.Runtime.MiniBotHideAndSeekScenario:ResolveDesiredDirection (ArgusUnity.Runtime.MiniBotHideAndSeekScenario/WanderAgent,UnityEngine.Vector3) (at Assets/Project/Scripts/Runtime/MiniBotHideAndSeekScenario.cs:166)
ArgusUnity.Runtime.MiniBotHideAndSeekScenario:FixedUpdate () (at Assets/Project/Scripts/Runtime/MiniBotHideAndSeekScenario.cs:74)

(Filename: Assets/Project/Scripts/Runtime/MiniBotHideAndSeekScenario.cs Line: 166)

MiniBotHideAndSeekScenario: free-roam retarget Hider 02 -> -4.07,-1.62.
UnityEngine.StackTraceUtility:ExtractStackTrace () (at /Users/bokken/build/output/unity/unity/Runtime/Export/Scripting/StackTrace.cs:37)
UnityEngine.DebugLogHandler:LogFormat (UnityEngine.LogType,UnityEngine.Object,string,object[])
UnityEngine.Logger:Log (UnityEngine.LogType,object)
UnityEngine.Debug:Log (object)
ArgusUnity.Runtime.MiniBotHideAndSeekScenario:ResolveDesiredDirection (ArgusUnity.Runtime.MiniBotHideAndSeekScenario/WanderAgent,UnityEngine.Vector3) (at Assets/Project/Scripts/Runtime/MiniBotHideAndSeekScenario.cs:166)
ArgusUnity.Runtime.MiniBotHideAndSeekScenario:FixedUpdate () (at Assets/Project/Scripts/Runtime/MiniBotHideAndSeekScenario.cs:74)

(Filename: Assets/Project/Scripts/Runtime/MiniBotHideAndSeekScenario.cs Line: 166)

MiniBotHideAndSeekScenario: free-roam retarget Seeker 02 -> 3.81,-2.92.
UnityEngine.StackTraceUtility:ExtractStackTrace () (at /Users/bokken/build/output/unity/unity/Runtime/Export/Scripting/StackTrace.cs:37)
UnityEngine.DebugLogHandler:LogFormat (UnityEngine.LogType,UnityEngine.Object,string,object[])
UnityEngine.Logger:Log (UnityEngine.LogType,object)
UnityEngine.Debug:Log (object)
ArgusUnity.Runtime.MiniBotHideAndSeekScenario:ResolveDesiredDirection (ArgusUnity.Runtime.MiniBotHideAndSeekScenario/WanderAgent,UnityEngine.Vector3) (at Assets/Project/Scripts/Runtime/MiniBotHideAndSeekScenario.cs:166)
ArgusUnity.Runtime.MiniBotHideAndSeekScenario:FixedUpdate () (at Assets/Project/Scripts/Runtime/MiniBotHideAndSeekScenario.cs:74)

(Filename: Assets/Project/Scripts/Runtime/MiniBotHideAndSeekScenario.cs Line: 166)

MiniBotHideAndSeekScenario: free-roam retarget Seeker 02 -> -1.40,-1.95.
UnityEngine.StackTraceUtility:ExtractStackTrace () (at /Users/bokken/build/output/unity/unity/Runtime/Export/Scripting/StackTrace.cs:37)
UnityEngine.DebugLogHandler:LogFormat (UnityEngine.LogType,UnityEngine.Object,string,object[])
UnityEngine.Logger:Log (UnityEngine.LogType,object)
UnityEngine.Debug:Log (object)
ArgusUnity.Runtime.MiniBotHideAndSeekScenario:ResolveDesiredDirection (ArgusUnity.Runtime.MiniBotHideAndSeekScenario/WanderAgent,UnityEngine.Vector3) (at Assets/Project/Scripts/Runtime/MiniBotHideAndSeekScenario.cs:166)
ArgusUnity.Runtime.MiniBotHideAndSeekScenario:FixedUpdate () (at Assets/Project/Scripts/Runtime/MiniBotHideAndSeekScenario.cs:74)

(Filename: Assets/Project/Scripts/Runtime/MiniBotHideAndSeekScenario.cs Line: 166)

MiniBotHideAndSeekScenario: free-roam retarget Seeker 02 -> -2.89,1.22.
UnityEngine.StackTraceUtility:ExtractStackTrace () (at /Users/bokken/build/output/unity/unity/Runtime/Export/Scripting/StackTrace.cs:37)
UnityEngine.DebugLogHandler:LogFormat (UnityEngine.LogType,UnityEngine.Object,string,object[])
UnityEngine.Logger:Log (UnityEngine.LogType,object)
UnityEngine.Debug:Log (object)
ArgusUnity.Runtime.MiniBotHideAndSeekScenario:ResolveDesiredDirection (ArgusUnity.Runtime.MiniBotHideAndSeekScenario/WanderAgent,UnityEngine.Vector3) (at Assets/Project/Scripts/Runtime/MiniBotHideAndSeekScenario.cs:166)
ArgusUnity.Runtime.MiniBotHideAndSeekScenario:FixedUpdate () (at Assets/Project/Scripts/Runtime/MiniBotHideAndSeekScenario.cs:74)

(Filename: Assets/Project/Scripts/Runtime/MiniBotHideAndSeekScenario.cs Line: 166)

MiniBotHideAndSeekScenario: free-roam retarget Hider 01 -> -1.23,1.79.
UnityEngine.StackTraceUtility:ExtractStackTrace () (at /Users/bokken/build/output/unity/unity/Runtime/Export/Scripting/StackTrace.cs:37)
UnityEngine.DebugLogHandler:LogFormat (UnityEngine.LogType,UnityEngine.Object,string,object[])
UnityEngine.Logger:Log (UnityEngine.LogType,object)
UnityEngine.Debug:Log (object)
ArgusUnity.Runtime.MiniBotHideAndSeekScenario:ResolveDesiredDirection (ArgusUnity.Runtime.MiniBotHideAndSeekScenario/WanderAgent,UnityEngine.Vector3) (at Assets/Project/Scripts/Runtime/MiniBotHideAndSeekScenario.cs:166)
ArgusUnity.Runtime.MiniBotHideAndSeekScenario:FixedUpdate () (at Assets/Project/Scripts/Runtime/MiniBotHideAndSeekScenario.cs:74)

(Filename: Assets/Project/Scripts/Runtime/MiniBotHideAndSeekScenario.cs Line: 166)

MiniBotHideAndSeekScenario: free-roam retarget Seeker 01 -> -2.86,-0.60.
UnityEngine.StackTraceUtility:ExtractStackTrace () (at /Users/bokken/build/output/unity/unity/Runtime/Export/Scripting/StackTrace.cs:37)
UnityEngine.DebugLogHandler:LogFormat (UnityEngine.LogType,UnityEngine.Object,string,object[])
UnityEngine.Logger:Log (UnityEngine.LogType,object)
UnityEngine.Debug:Log (object)
ArgusUnity.Runtime.MiniBotHideAndSeekScenario:ResolveDesiredDirection (ArgusUnity.Runtime.MiniBotHideAndSeekScenario/WanderAgent,UnityEngine.Vector3) (at Assets/Project/Scripts/Runtime/MiniBotHideAndSeekScenario.cs:166)
ArgusUnity.Runtime.MiniBotHideAndSeekScenario:FixedUpdate () (at Assets/Project/Scripts/Runtime/MiniBotHideAndSeekScenario.cs:74)

(Filename: Assets/Project/Scripts/Runtime/MiniBotHideAndSeekScenario.cs Line: 166)

MiniBotHideAndSeekScenario: free-roam retarget Seeker 02 -> -0.63,2.56.
UnityEngine.StackTraceUtility:ExtractStackTrace () (at /Users/bokken/build/output/unity/unity/Runtime/Export/Scripting/StackTrace.cs:37)
UnityEngine.DebugLogHandler:LogFormat (UnityEngine.LogType,UnityEngine.Object,string,object[])
UnityEngine.Logger:Log (UnityEngine.LogType,object)
UnityEngine.Debug:Log (object)
ArgusUnity.Runtime.MiniBotHideAndSeekScenario:ResolveDesiredDirection (ArgusUnity.Runtime.MiniBotHideAndSeekScenario/WanderAgent,UnityEngine.Vector3) (at Assets/Project/Scripts/Runtime/MiniBotHideAndSeekScenario.cs:166)
ArgusUnity.Runtime.MiniBotHideAndSeekScenario:FixedUpdate () (at Assets/Project/Scripts/Runtime/MiniBotHideAndSeekScenario.cs:74)

(Filename: Assets/Project/Scripts/Runtime/MiniBotHideAndSeekScenario.cs Line: 166)

TrimDiskCacheJob: Current cache size 0mb
MiniBotHideAndSeekScenario: free-roam retarget Seeker 02 -> 2.14,1.98.
UnityEngine.StackTraceUtility:ExtractStackTrace () (at /Users/bokken/build/output/unity/unity/Runtime/Export/Scripting/StackTrace.cs:37)
UnityEngine.DebugLogHandler:LogFormat (UnityEngine.LogType,UnityEngine.Object,string,object[])
UnityEngine.Logger:Log (UnityEngine.LogType,object)
UnityEngine.Debug:Log (object)
ArgusUnity.Runtime.MiniBotHideAndSeekScenario:ResolveDesiredDirection (ArgusUnity.Runtime.MiniBotHideAndSeekScenario/WanderAgent,UnityEngine.Vector3) (at Assets/Project/Scripts/Runtime/MiniBotHideAndSeekScenario.cs:166)
ArgusUnity.Runtime.MiniBotHideAndSeekScenario:FixedUpdate () (at Assets/Project/Scripts/Runtime/MiniBotHideAndSeekScenario.cs:74)

(Filename: Assets/Project/Scripts/Runtime/MiniBotHideAndSeekScenario.cs Line: 166)

MiniBotHideAndSeekScenario: free-roam retarget Hider 01 -> 3.93,-1.16.
UnityEngine.StackTraceUtility:ExtractStackTrace () (at /Users/bokken/build/output/unity/unity/Runtime/Export/Scripting/StackTrace.cs:37)
UnityEngine.DebugLogHandler:LogFormat (UnityEngine.LogType,UnityEngine.Object,string,object[])
UnityEngine.Logger:Log (UnityEngine.LogType,object)
UnityEngine.Debug:Log (object)
ArgusUnity.Runtime.MiniBotHideAndSeekScenario:ResolveDesiredDirection (ArgusUnity.Runtime.MiniBotHideAndSeekScenario/WanderAgent,UnityEngine.Vector3) (at Assets/Project/Scripts/Runtime/MiniBotHideAndSeekScenario.cs:166)
ArgusUnity.Runtime.MiniBotHideAndSeekScenario:FixedUpdate () (at Assets/Project/Scripts/Runtime/MiniBotHideAndSeekScenario.cs:74)

(Filename: Assets/Project/Scripts/Runtime/MiniBotHideAndSeekScenario.cs Line: 166)

MiniBotHideAndSeekScenario: free-roam retarget Hider 02 -> 4.40,1.09.
UnityEngine.StackTraceUtility:ExtractStackTrace () (at /Users/bokken/build/output/unity/unity/Runtime/Export/Scripting/StackTrace.cs:37)
UnityEngine.DebugLogHandler:LogFormat (UnityEngine.LogType,UnityEngine.Object,string,object[])
UnityEngine.Logger:Log (UnityEngine.LogType,object)
UnityEngine.Debug:Log (object)
ArgusUnity.Runtime.MiniBotHideAndSeekScenario:ResolveDesiredDirection (ArgusUnity.Runtime.MiniBotHideAndSeekScenario/WanderAgent,UnityEngine.Vector3) (at Assets/Project/Scripts/Runtime/MiniBotHideAndSeekScenario.cs:166)
ArgusUnity.Runtime.MiniBotHideAndSeekScenario:FixedUpdate () (at Assets/Project/Scripts/Runtime/MiniBotHideAndSeekScenario.cs:74)

(Filename: Assets/Project/Scripts/Runtime/MiniBotHideAndSeekScenario.cs Line: 166)

MiniBotHideAndSeekScenario: free-roam retarget Hider 01 -> -2.08,2.68.
UnityEngine.StackTraceUtility:ExtractStackTrace () (at /Users/bokken/build/output/unity/unity/Runtime/Export/Scripting/StackTrace.cs:37)
UnityEngine.DebugLogHandler:LogFormat (UnityEngine.LogType,UnityEngine.Object,string,object[])
UnityEngine.Logger:Log (UnityEngine.LogType,object)
UnityEngine.Debug:Log (object)
ArgusUnity.Runtime.MiniBotHideAndSeekScenario:ResolveDesiredDirection (ArgusUnity.Runtime.MiniBotHideAndSeekScenario/WanderAgent,UnityEngine.Vector3) (at Assets/Project/Scripts/Runtime/MiniBotHideAndSeekScenario.cs:166)
ArgusUnity.Runtime.MiniBotHideAndSeekScenario:FixedUpdate () (at Assets/Project/Scripts/Runtime/MiniBotHideAndSeekScenario.cs:74)

(Filename: Assets/Project/Scripts/Runtime/MiniBotHideAndSeekScenario.cs Line: 166)

MiniBotHideAndSeekScenario: free-roam retarget Hider 02 -> -0.06,1.37.
UnityEngine.StackTraceUtility:ExtractStackTrace () (at /Users/bokken/build/output/unity/unity/Runtime/Export/Scripting/StackTrace.cs:37)
UnityEngine.DebugLogHandler:LogFormat (UnityEngine.LogType,UnityEngine.Object,string,object[])
UnityEngine.Logger:Log (UnityEngine.LogType,object)
UnityEngine.Debug:Log (object)
ArgusUnity.Runtime.MiniBotHideAndSeekScenario:ResolveDesiredDirection (ArgusUnity.Runtime.MiniBotHideAndSeekScenario/WanderAgent,UnityEngine.Vector3) (at Assets/Project/Scripts/Runtime/MiniBotHideAndSeekScenario.cs:166)
ArgusUnity.Runtime.MiniBotHideAndSeekScenario:FixedUpdate () (at Assets/Project/Scripts/Runtime/MiniBotHideAndSeekScenario.cs:74)

(Filename: Assets/Project/Scripts/Runtime/MiniBotHideAndSeekScenario.cs Line: 166)

MiniBotHideAndSeekScenario: free-roam retarget Hider 02 -> -2.69,1.28.
UnityEngine.StackTraceUtility:ExtractStackTrace () (at /Users/bokken/build/output/unity/unity/Runtime/Export/Scripting/StackTrace.cs:37)
UnityEngine.DebugLogHandler:LogFormat (UnityEngine.LogType,UnityEngine.Object,string,object[])
UnityEngine.Logger:Log (UnityEngine.LogType,object)
UnityEngine.Debug:Log (object)
ArgusUnity.Runtime.MiniBotHideAndSeekScenario:ResolveDesiredDirection (ArgusUnity.Runtime.MiniBotHideAndSeekScenario/WanderAgent,UnityEngine.Vector3) (at Assets/Project/Scripts/Runtime/MiniBotHideAndSeekScenario.cs:166)
ArgusUnity.Runtime.MiniBotHideAndSeekScenario:FixedUpdate () (at Assets/Project/Scripts/Runtime/MiniBotHideAndSeekScenario.cs:74)

(Filename: Assets/Project/Scripts/Runtime/MiniBotHideAndSeekScenario.cs Line: 166)

MiniBotHideAndSeekScenario: free-roam retarget Hider 01 -> 4.19,1.10.
UnityEngine.StackTraceUtility:ExtractStackTrace () (at /Users/bokken/build/output/unity/unity/Runtime/Export/Scripting/StackTrace.cs:37)
UnityEngine.DebugLogHandler:LogFormat (UnityEngine.LogType,UnityEngine.Object,string,object[])
UnityEngine.Logger:Log (UnityEngine.LogType,object)
UnityEngine.Debug:Log (object)
ArgusUnity.Runtime.MiniBotHideAndSeekScenario:ResolveDesiredDirection (ArgusUnity.Runtime.MiniBotHideAndSeekScenario/WanderAgent,UnityEngine.Vector3) (at Assets/Project/Scripts/Runtime/MiniBotHideAndSeekScenario.cs:166)
ArgusUnity.Runtime.MiniBotHideAndSeekScenario:FixedUpdate () (at Assets/Project/Scripts/Runtime/MiniBotHideAndSeekScenario.cs:74)

(Filename: Assets/Project/Scripts/Runtime/MiniBotHideAndSeekScenario.cs Line: 166)

MiniBotHideAndSeekScenario: free-roam retarget Seeker 02 -> 2.02,2.90.
UnityEngine.StackTraceUtility:ExtractStackTrace () (at /Users/bokken/build/output/unity/unity/Runtime/Export/Scripting/StackTrace.cs:37)
UnityEngine.DebugLogHandler:LogFormat (UnityEngine.LogType,UnityEngine.Object,string,object[])
UnityEngine.Logger:Log (UnityEngine.LogType,object)
UnityEngine.Debug:Log (object)
ArgusUnity.Runtime.MiniBotHideAndSeekScenario:ResolveDesiredDirection (ArgusUnity.Runtime.MiniBotHideAndSeekScenario/WanderAgent,UnityEngine.Vector3) (at Assets/Project/Scripts/Runtime/MiniBotHideAndSeekScenario.cs:166)
ArgusUnity.Runtime.MiniBotHideAndSeekScenario:FixedUpdate () (at Assets/Project/Scripts/Runtime/MiniBotHideAndSeekScenario.cs:74)

(Filename: Assets/Project/Scripts/Runtime/MiniBotHideAndSeekScenario.cs Line: 166)

MiniBotHideAndSeekScenario: free-roam retarget Hider 01 -> -0.37,1.23.
UnityEngine.StackTraceUtility:ExtractStackTrace () (at /Users/bokken/build/output/unity/unity/Runtime/Export/Scripting/StackTrace.cs:37)
UnityEngine.DebugLogHandler:LogFormat (UnityEngine.LogType,UnityEngine.Object,string,object[])
UnityEngine.Logger:Log (UnityEngine.LogType,object)
UnityEngine.Debug:Log (object)
ArgusUnity.Runtime.MiniBotHideAndSeekScenario:ResolveDesiredDirection (ArgusUnity.Runtime.MiniBotHideAndSeekScenario/WanderAgent,UnityEngine.Vector3) (at Assets/Project/Scripts/Runtime/MiniBotHideAndSeekScenario.cs:166)
ArgusUnity.Runtime.MiniBotHideAndSeekScenario:FixedUpdate () (at Assets/Project/Scripts/Runtime/MiniBotHideAndSeekScenario.cs:74)

(Filename: Assets/Project/Scripts/Runtime/MiniBotHideAndSeekScenario.cs Line: 166)

MiniBotHideAndSeekScenario: free-roam retarget Seeker 02 -> 1.76,-0.38.
UnityEngine.StackTraceUtility:ExtractStackTrace () (at /Users/bokken/build/output/unity/unity/Runtime/Export/Scripting/StackTrace.cs:37)
UnityEngine.DebugLogHandler:LogFormat (UnityEngine.LogType,UnityEngine.Object,string,object[])
UnityEngine.Logger:Log (UnityEngine.LogType,object)
UnityEngine.Debug:Log (object)
ArgusUnity.Runtime.MiniBotHideAndSeekScenario:ResolveDesiredDirection (ArgusUnity.Runtime.MiniBotHideAndSeekScenario/WanderAgent,UnityEngine.Vector3) (at Assets/Project/Scripts/Runtime/MiniBotHideAndSeekScenario.cs:166)
ArgusUnity.Runtime.MiniBotHideAndSeekScenario:FixedUpdate () (at Assets/Project/Scripts/Runtime/MiniBotHideAndSeekScenario.cs:74)

(Filename: Assets/Project/Scripts/Runtime/MiniBotHideAndSeekScenario.cs Line: 166)

MiniBotHideAndSeekScenario: free-roam retarget Hider 02 -> 1.78,-2.53.
UnityEngine.StackTraceUtility:ExtractStackTrace () (at /Users/bokken/build/output/unity/unity/Runtime/Export/Scripting/StackTrace.cs:37)
UnityEngine.DebugLogHandler:LogFormat (UnityEngine.LogType,UnityEngine.Object,string,object[])
UnityEngine.Logger:Log (UnityEngine.LogType,object)
UnityEngine.Debug:Log (object)
ArgusUnity.Runtime.MiniBotHideAndSeekScenario:ResolveDesiredDirection (ArgusUnity.Runtime.MiniBotHideAndSeekScenario/WanderAgent,UnityEngine.Vector3) (at Assets/Project/Scripts/Runtime/MiniBotHideAndSeekScenario.cs:166)
ArgusUnity.Runtime.MiniBotHideAndSeekScenario:FixedUpdate () (at Assets/Project/Scripts/Runtime/MiniBotHideAndSeekScenario.cs:74)

(Filename: Assets/Project/Scripts/Runtime/MiniBotHideAndSeekScenario.cs Line: 166)

MiniBotHideAndSeekScenario: free-roam retarget Hider 01 -> -0.21,1.47.
UnityEngine.StackTraceUtility:ExtractStackTrace () (at /Users/bokken/build/output/unity/unity/Runtime/Export/Scripting/StackTrace.cs:37)
UnityEngine.DebugLogHandler:LogFormat (UnityEngine.LogType,UnityEngine.Object,string,object[])
UnityEngine.Logger:Log (UnityEngine.LogType,object)
UnityEngine.Debug:Log (object)
ArgusUnity.Runtime.MiniBotHideAndSeekScenario:ResolveDesiredDirection (ArgusUnity.Runtime.MiniBotHideAndSeekScenario/WanderAgent,UnityEngine.Vector3) (at Assets/Project/Scripts/Runtime/MiniBotHideAndSeekScenario.cs:166)
ArgusUnity.Runtime.MiniBotHideAndSeekScenario:FixedUpdate () (at Assets/Project/Scripts/Runtime/MiniBotHideAndSeekScenario.cs:74)

(Filename: Assets/Project/Scripts/Runtime/MiniBotHideAndSeekScenario.cs Line: 166)

MiniBotHideAndSeekScenario: free-roam retarget Hider 01 -> -4.58,-1.67.
UnityEngine.StackTraceUtility:ExtractStackTrace () (at /Users/bokken/build/output/unity/unity/Runtime/Export/Scripting/StackTrace.cs:37)
UnityEngine.DebugLogHandler:LogFormat (UnityEngine.LogType,UnityEngine.Object,string,object[])
UnityEngine.Logger:Log (UnityEngine.LogType,object)
UnityEngine.Debug:Log (object)
ArgusUnity.Runtime.MiniBotHideAndSeekScenario:ResolveDesiredDirection (ArgusUnity.Runtime.MiniBotHideAndSeekScenario/WanderAgent,UnityEngine.Vector3) (at Assets/Project/Scripts/Runtime/MiniBotHideAndSeekScenario.cs:166)
ArgusUnity.Runtime.MiniBotHideAndSeekScenario:FixedUpdate () (at Assets/Project/Scripts/Runtime/MiniBotHideAndSeekScenario.cs:74)

(Filename: Assets/Project/Scripts/Runtime/MiniBotHideAndSeekScenario.cs Line: 166)

MiniBotHideAndSeekScenario: free-roam retarget Hider 02 -> -4.04,-0.89.
UnityEngine.StackTraceUtility:ExtractStackTrace () (at /Users/bokken/build/output/unity/unity/Runtime/Export/Scripting/StackTrace.cs:37)
UnityEngine.DebugLogHandler:LogFormat (UnityEngine.LogType,UnityEngine.Object,string,object[])
UnityEngine.Logger:Log (UnityEngine.LogType,object)
UnityEngine.Debug:Log (object)
ArgusUnity.Runtime.MiniBotHideAndSeekScenario:ResolveDesiredDirection (ArgusUnity.Runtime.MiniBotHideAndSeekScenario/WanderAgent,UnityEngine.Vector3) (at Assets/Project/Scripts/Runtime/MiniBotHideAndSeekScenario.cs:166)
ArgusUnity.Runtime.MiniBotHideAndSeekScenario:FixedUpdate () (at Assets/Project/Scripts/Runtime/MiniBotHideAndSeekScenario.cs:74)

(Filename: Assets/Project/Scripts/Runtime/MiniBotHideAndSeekScenario.cs Line: 166)

MiniBotHideAndSeekScenario: free-roam retarget Seeker 02 -> 1.65,2.86.
UnityEngine.StackTraceUtility:ExtractStackTrace () (at /Users/bokken/build/output/unity/unity/Runtime/Export/Scripting/StackTrace.cs:37)
UnityEngine.DebugLogHandler:LogFormat (UnityEngine.LogType,UnityEngine.Object,string,object[])
UnityEngine.Logger:Log (UnityEngine.LogType,object)
UnityEngine.Debug:Log (object)
ArgusUnity.Runtime.MiniBotHideAndSeekScenario:ResolveDesiredDirection (ArgusUnity.Runtime.MiniBotHideAndSeekScenario/WanderAgent,UnityEngine.Vector3) (at Assets/Project/Scripts/Runtime/MiniBotHideAndSeekScenario.cs:166)
ArgusUnity.Runtime.MiniBotHideAndSeekScenario:FixedUpdate () (at Assets/Project/Scripts/Runtime/MiniBotHideAndSeekScenario.cs:74)

(Filename: Assets/Project/Scripts/Runtime/MiniBotHideAndSeekScenario.cs Line: 166)

MiniBotHideAndSeekScenario: free-roam retarget Hider 02 -> -2.46,2.37.
UnityEngine.StackTraceUtility:ExtractStackTrace () (at /Users/bokken/build/output/unity/unity/Runtime/Export/Scripting/StackTrace.cs:37)
UnityEngine.DebugLogHandler:LogFormat (UnityEngine.LogType,UnityEngine.Object,string,object[])
UnityEngine.Logger:Log (UnityEngine.LogType,object)
UnityEngine.Debug:Log (object)
ArgusUnity.Runtime.MiniBotHideAndSeekScenario:ResolveDesiredDirection (ArgusUnity.Runtime.MiniBotHideAndSeekScenario/WanderAgent,UnityEngine.Vector3) (at Assets/Project/Scripts/Runtime/MiniBotHideAndSeekScenario.cs:166)
ArgusUnity.Runtime.MiniBotHideAndSeekScenario:FixedUpdate () (at Assets/Project/Scripts/Runtime/MiniBotHideAndSeekScenario.cs:74)

(Filename: Assets/Project/Scripts/Runtime/MiniBotHideAndSeekScenario.cs Line: 166)

MiniBotHideAndSeekScenario: free-roam retarget Hider 01 -> 1.81,-0.14.
UnityEngine.StackTraceUtility:ExtractStackTrace () (at /Users/bokken/build/output/unity/unity/Runtime/Export/Scripting/StackTrace.cs:37)
UnityEngine.DebugLogHandler:LogFormat (UnityEngine.LogType,UnityEngine.Object,string,object[])
UnityEngine.Logger:Log (UnityEngine.LogType,object)
UnityEngine.Debug:Log (object)
ArgusUnity.Runtime.MiniBotHideAndSeekScenario:ResolveDesiredDirection (ArgusUnity.Runtime.MiniBotHideAndSeekScenario/WanderAgent,UnityEngine.Vector3) (at Assets/Project/Scripts/Runtime/MiniBotHideAndSeekScenario.cs:166)
ArgusUnity.Runtime.MiniBotHideAndSeekScenario:FixedUpdate () (at Assets/Project/Scripts/Runtime/MiniBotHideAndSeekScenario.cs:74)

(Filename: Assets/Project/Scripts/Runtime/MiniBotHideAndSeekScenario.cs Line: 166)

MiniBotHideAndSeekScenario: free-roam retarget Hider 02 -> -4.25,-2.23.
UnityEngine.StackTraceUtility:ExtractStackTrace () (at /Users/bokken/build/output/unity/unity/Runtime/Export/Scripting/StackTrace.cs:37)
UnityEngine.DebugLogHandler:LogFormat (UnityEngine.LogType,UnityEngine.Object,string,object[])
UnityEngine.Logger:Log (UnityEngine.LogType,object)
UnityEngine.Debug:Log (object)
ArgusUnity.Runtime.MiniBotHideAndSeekScenario:ResolveDesiredDirection (ArgusUnity.Runtime.MiniBotHideAndSeekScenario/WanderAgent,UnityEngine.Vector3) (at Assets/Project/Scripts/Runtime/MiniBotHideAndSeekScenario.cs:166)
ArgusUnity.Runtime.MiniBotHideAndSeekScenario:FixedUpdate () (at Assets/Project/Scripts/Runtime/MiniBotHideAndSeekScenario.cs:74)

(Filename: Assets/Project/Scripts/Runtime/MiniBotHideAndSeekScenario.cs Line: 166)

MiniBotHideAndSeekScenario: free-roam retarget Hider 02 -> -1.77,-1.46.
UnityEngine.StackTraceUtility:ExtractStackTrace () (at /Users/bokken/build/output/unity/unity/Runtime/Export/Scripting/StackTrace.cs:37)
UnityEngine.DebugLogHandler:LogFormat (UnityEngine.LogType,UnityEngine.Object,string,object[])
UnityEngine.Logger:Log (UnityEngine.LogType,object)
UnityEngine.Debug:Log (object)
ArgusUnity.Runtime.MiniBotHideAndSeekScenario:ResolveDesiredDirection (ArgusUnity.Runtime.MiniBotHideAndSeekScenario/WanderAgent,UnityEngine.Vector3) (at Assets/Project/Scripts/Runtime/MiniBotHideAndSeekScenario.cs:166)
ArgusUnity.Runtime.MiniBotHideAndSeekScenario:FixedUpdate () (at Assets/Project/Scripts/Runtime/MiniBotHideAndSeekScenario.cs:74)

(Filename: Assets/Project/Scripts/Runtime/MiniBotHideAndSeekScenario.cs Line: 166)

MiniBotHideAndSeekScenario: free-roam retarget Hider 01 -> -3.82,0.85.
UnityEngine.StackTraceUtility:ExtractStackTrace () (at /Users/bokken/build/output/unity/unity/Runtime/Export/Scripting/StackTrace.cs:37)
UnityEngine.DebugLogHandler:LogFormat (UnityEngine.LogType,UnityEngine.Object,string,object[])
UnityEngine.Logger:Log (UnityEngine.LogType,object)
UnityEngine.Debug:Log (object)
ArgusUnity.Runtime.MiniBotHideAndSeekScenario:ResolveDesiredDirection (ArgusUnity.Runtime.MiniBotHideAndSeekScenario/WanderAgent,UnityEngine.Vector3) (at Assets/Project/Scripts/Runtime/MiniBotHideAndSeekScenario.cs:166)
ArgusUnity.Runtime.MiniBotHideAndSeekScenario:FixedUpdate () (at Assets/Project/Scripts/Runtime/MiniBotHideAndSeekScenario.cs:74)

(Filename: Assets/Project/Scripts/Runtime/MiniBotHideAndSeekScenario.cs Line: 166)

MiniBotHideAndSeekScenario: free-roam retarget Hider 02 -> 1.32,-0.59.
UnityEngine.StackTraceUtility:ExtractStackTrace () (at /Users/bokken/build/output/unity/unity/Runtime/Export/Scripting/StackTrace.cs:37)
UnityEngine.DebugLogHandler:LogFormat (UnityEngine.LogType,UnityEngine.Object,string,object[])
UnityEngine.Logger:Log (UnityEngine.LogType,object)
UnityEngine.Debug:Log (object)
ArgusUnity.Runtime.MiniBotHideAndSeekScenario:ResolveDesiredDirection (ArgusUnity.Runtime.MiniBotHideAndSeekScenario/WanderAgent,UnityEngine.Vector3) (at Assets/Project/Scripts/Runtime/MiniBotHideAndSeekScenario.cs:166)
ArgusUnity.Runtime.MiniBotHideAndSeekScenario:FixedUpdate () (at Assets/Project/Scripts/Runtime/MiniBotHideAndSeekScenario.cs:74)

(Filename: Assets/Project/Scripts/Runtime/MiniBotHideAndSeekScenario.cs Line: 166)

MiniBotHideAndSeekScenario: free-roam retarget Hider 01 -> 0.71,2.78.
UnityEngine.StackTraceUtility:ExtractStackTrace () (at /Users/bokken/build/output/unity/unity/Runtime/Export/Scripting/StackTrace.cs:37)
UnityEngine.DebugLogHandler:LogFormat (UnityEngine.LogType,UnityEngine.Object,string,object[])
UnityEngine.Logger:Log (UnityEngine.LogType,object)
UnityEngine.Debug:Log (object)
ArgusUnity.Runtime.MiniBotHideAndSeekScenario:ResolveDesiredDirection (ArgusUnity.Runtime.MiniBotHideAndSeekScenario/WanderAgent,UnityEngine.Vector3) (at Assets/Project/Scripts/Runtime/MiniBotHideAndSeekScenario.cs:166)
ArgusUnity.Runtime.MiniBotHideAndSeekScenario:FixedUpdate () (at Assets/Project/Scripts/Runtime/MiniBotHideAndSeekScenario.cs:74)

(Filename: Assets/Project/Scripts/Runtime/MiniBotHideAndSeekScenario.cs Line: 166)

MiniBotHideAndSeekScenario: free-roam retarget Seeker 02 -> 2.08,-2.05.
UnityEngine.StackTraceUtility:ExtractStackTrace () (at /Users/bokken/build/output/unity/unity/Runtime/Export/Scripting/StackTrace.cs:37)
UnityEngine.DebugLogHandler:LogFormat (UnityEngine.LogType,UnityEngine.Object,string,object[])
UnityEngine.Logger:Log (UnityEngine.LogType,object)
UnityEngine.Debug:Log (object)
ArgusUnity.Runtime.MiniBotHideAndSeekScenario:ResolveDesiredDirection (ArgusUnity.Runtime.MiniBotHideAndSeekScenario/WanderAgent,UnityEngine.Vector3) (at Assets/Project/Scripts/Runtime/MiniBotHideAndSeekScenario.cs:166)
ArgusUnity.Runtime.MiniBotHideAndSeekScenario:FixedUpdate () (at Assets/Project/Scripts/Runtime/MiniBotHideAndSeekScenario.cs:74)

(Filename: Assets/Project/Scripts/Runtime/MiniBotHideAndSeekScenario.cs Line: 166)

MiniBotHideAndSeekScenario: free-roam retarget Seeker 02 -> 0.20,0.11.
UnityEngine.StackTraceUtility:ExtractStackTrace () (at /Users/bokken/build/output/unity/unity/Runtime/Export/Scripting/StackTrace.cs:37)
UnityEngine.DebugLogHandler:LogFormat (UnityEngine.LogType,UnityEngine.Object,string,object[])
UnityEngine.Logger:Log (UnityEngine.LogType,object)
UnityEngine.Debug:Log (object)
ArgusUnity.Runtime.MiniBotHideAndSeekScenario:ResolveDesiredDirection (ArgusUnity.Runtime.MiniBotHideAndSeekScenario/WanderAgent,UnityEngine.Vector3) (at Assets/Project/Scripts/Runtime/MiniBotHideAndSeekScenario.cs:166)
ArgusUnity.Runtime.MiniBotHideAndSeekScenario:FixedUpdate () (at Assets/Project/Scripts/Runtime/MiniBotHideAndSeekScenario.cs:74)

(Filename: Assets/Project/Scripts/Runtime/MiniBotHideAndSeekScenario.cs Line: 166)

MiniBotHideAndSeekScenario: free-roam retarget Hider 01 -> 4.55,1.63.
UnityEngine.StackTraceUtility:ExtractStackTrace () (at /Users/bokken/build/output/unity/unity/Runtime/Export/Scripting/StackTrace.cs:37)
UnityEngine.DebugLogHandler:LogFormat (UnityEngine.LogType,UnityEngine.Object,string,object[])
UnityEngine.Logger:Log (UnityEngine.LogType,object)
UnityEngine.Debug:Log (object)
ArgusUnity.Runtime.MiniBotHideAndSeekScenario:ResolveDesiredDirection (ArgusUnity.Runtime.MiniBotHideAndSeekScenario/WanderAgent,UnityEngine.Vector3) (at Assets/Project/Scripts/Runtime/MiniBotHideAndSeekScenario.cs:166)
ArgusUnity.Runtime.MiniBotHideAndSeekScenario:FixedUpdate () (at Assets/Project/Scripts/Runtime/MiniBotHideAndSeekScenario.cs:74)

(Filename: Assets/Project/Scripts/Runtime/MiniBotHideAndSeekScenario.cs Line: 166)

MiniBotHideAndSeekScenario: free-roam retarget Hider 02 -> -3.74,-0.30.
UnityEngine.StackTraceUtility:ExtractStackTrace () (at /Users/bokken/build/output/unity/unity/Runtime/Export/Scripting/StackTrace.cs:37)
UnityEngine.DebugLogHandler:LogFormat (UnityEngine.LogType,UnityEngine.Object,string,object[])
UnityEngine.Logger:Log (UnityEngine.LogType,object)
UnityEngine.Debug:Log (object)
ArgusUnity.Runtime.MiniBotHideAndSeekScenario:ResolveDesiredDirection (ArgusUnity.Runtime.MiniBotHideAndSeekScenario/WanderAgent,UnityEngine.Vector3) (at Assets/Project/Scripts/Runtime/MiniBotHideAndSeekScenario.cs:166)
ArgusUnity.Runtime.MiniBotHideAndSeekScenario:FixedUpdate () (at Assets/Project/Scripts/Runtime/MiniBotHideAndSeekScenario.cs:74)

(Filename: Assets/Project/Scripts/Runtime/MiniBotHideAndSeekScenario.cs Line: 166)

MiniBotHideAndSeekScenario: free-roam retarget Hider 01 -> -3.30,1.65.
UnityEngine.StackTraceUtility:ExtractStackTrace () (at /Users/bokken/build/output/unity/unity/Runtime/Export/Scripting/StackTrace.cs:37)
UnityEngine.DebugLogHandler:LogFormat (UnityEngine.LogType,UnityEngine.Object,string,object[])
UnityEngine.Logger:Log (UnityEngine.LogType,object)
UnityEngine.Debug:Log (object)
ArgusUnity.Runtime.MiniBotHideAndSeekScenario:ResolveDesiredDirection (ArgusUnity.Runtime.MiniBotHideAndSeekScenario/WanderAgent,UnityEngine.Vector3) (at Assets/Project/Scripts/Runtime/MiniBotHideAndSeekScenario.cs:166)
ArgusUnity.Runtime.MiniBotHideAndSeekScenario:FixedUpdate () (at Assets/Project/Scripts/Runtime/MiniBotHideAndSeekScenario.cs:74)

(Filename: Assets/Project/Scripts/Runtime/MiniBotHideAndSeekScenario.cs Line: 166)

MiniBotHideAndSeekScenario: free-roam retarget Hider 01 -> 1.27,1.20.
UnityEngine.StackTraceUtility:ExtractStackTrace () (at /Users/bokken/build/output/unity/unity/Runtime/Export/Scripting/StackTrace.cs:37)
UnityEngine.DebugLogHandler:LogFormat (UnityEngine.LogType,UnityEngine.Object,string,object[])
UnityEngine.Logger:Log (UnityEngine.LogType,object)
UnityEngine.Debug:Log (object)
ArgusUnity.Runtime.MiniBotHideAndSeekScenario:ResolveDesiredDirection (ArgusUnity.Runtime.MiniBotHideAndSeekScenario/WanderAgent,UnityEngine.Vector3) (at Assets/Project/Scripts/Runtime/MiniBotHideAndSeekScenario.cs:166)
ArgusUnity.Runtime.MiniBotHideAndSeekScenario:FixedUpdate () (at Assets/Project/Scripts/Runtime/MiniBotHideAndSeekScenario.cs:74)

(Filename: Assets/Project/Scripts/Runtime/MiniBotHideAndSeekScenario.cs Line: 166)

MiniBotHideAndSeekScenario: free-roam retarget Hider 02 -> -0.09,-1.98.
UnityEngine.StackTraceUtility:ExtractStackTrace () (at /Users/bokken/build/output/unity/unity/Runtime/Export/Scripting/StackTrace.cs:37)
UnityEngine.DebugLogHandler:LogFormat (UnityEngine.LogType,UnityEngine.Object,string,object[])
UnityEngine.Logger:Log (UnityEngine.LogType,object)
UnityEngine.Debug:Log (object)
ArgusUnity.Runtime.MiniBotHideAndSeekScenario:ResolveDesiredDirection (ArgusUnity.Runtime.MiniBotHideAndSeekScenario/WanderAgent,UnityEngine.Vector3) (at Assets/Project/Scripts/Runtime/MiniBotHideAndSeekScenario.cs:166)
ArgusUnity.Runtime.MiniBotHideAndSeekScenario:FixedUpdate () (at Assets/Project/Scripts/Runtime/MiniBotHideAndSeekScenario.cs:74)

(Filename: Assets/Project/Scripts/Runtime/MiniBotHideAndSeekScenario.cs Line: 166)

MiniBotHideAndSeekScenario: free-roam retarget Hider 01 -> 1.62,2.94.
UnityEngine.StackTraceUtility:ExtractStackTrace () (at /Users/bokken/build/output/unity/unity/Runtime/Export/Scripting/StackTrace.cs:37)
UnityEngine.DebugLogHandler:LogFormat (UnityEngine.LogType,UnityEngine.Object,string,object[])
UnityEngine.Logger:Log (UnityEngine.LogType,object)
UnityEngine.Debug:Log (object)
ArgusUnity.Runtime.MiniBotHideAndSeekScenario:ResolveDesiredDirection (ArgusUnity.Runtime.MiniBotHideAndSeekScenario/WanderAgent,UnityEngine.Vector3) (at Assets/Project/Scripts/Runtime/MiniBotHideAndSeekScenario.cs:166)
ArgusUnity.Runtime.MiniBotHideAndSeekScenario:FixedUpdate () (at Assets/Project/Scripts/Runtime/MiniBotHideAndSeekScenario.cs:74)

(Filename: Assets/Project/Scripts/Runtime/MiniBotHideAndSeekScenario.cs Line: 166)

MiniBotHideAndSeekScenario: free-roam retarget Hider 02 -> -0.73,1.75.
UnityEngine.StackTraceUtility:ExtractStackTrace () (at /Users/bokken/build/output/unity/unity/Runtime/Export/Scripting/StackTrace.cs:37)
UnityEngine.DebugLogHandler:LogFormat (UnityEngine.LogType,UnityEngine.Object,string,object[])
UnityEngine.Logger:Log (UnityEngine.LogType,object)
UnityEngine.Debug:Log (object)
ArgusUnity.Runtime.MiniBotHideAndSeekScenario:ResolveDesiredDirection (ArgusUnity.Runtime.MiniBotHideAndSeekScenario/WanderAgent,UnityEngine.Vector3) (at Assets/Project/Scripts/Runtime/MiniBotHideAndSeekScenario.cs:166)
ArgusUnity.Runtime.MiniBotHideAndSeekScenario:FixedUpdate () (at Assets/Project/Scripts/Runtime/MiniBotHideAndSeekScenario.cs:74)

(Filename: Assets/Project/Scripts/Runtime/MiniBotHideAndSeekScenario.cs Line: 166)

MiniBotHideAndSeekScenario: free-roam retarget Hider 02 -> 3.58,-2.04.
UnityEngine.StackTraceUtility:ExtractStackTrace () (at /Users/bokken/build/output/unity/unity/Runtime/Export/Scripting/StackTrace.cs:37)
UnityEngine.DebugLogHandler:LogFormat (UnityEngine.LogType,UnityEngine.Object,string,object[])
UnityEngine.Logger:Log (UnityEngine.LogType,object)
UnityEngine.Debug:Log (object)
ArgusUnity.Runtime.MiniBotHideAndSeekScenario:ResolveDesiredDirection (ArgusUnity.Runtime.MiniBotHideAndSeekScenario/WanderAgent,UnityEngine.Vector3) (at Assets/Project/Scripts/Runtime/MiniBotHideAndSeekScenario.cs:166)
ArgusUnity.Runtime.MiniBotHideAndSeekScenario:FixedUpdate () (at Assets/Project/Scripts/Runtime/MiniBotHideAndSeekScenario.cs:74)

(Filename: Assets/Project/Scripts/Runtime/MiniBotHideAndSeekScenario.cs Line: 166)

MiniBotHideAndSeekScenario: free-roam retarget Hider 01 -> 1.40,0.99.
UnityEngine.StackTraceUtility:ExtractStackTrace () (at /Users/bokken/build/output/unity/unity/Runtime/Export/Scripting/StackTrace.cs:37)
UnityEngine.DebugLogHandler:LogFormat (UnityEngine.LogType,UnityEngine.Object,string,object[])
UnityEngine.Logger:Log (UnityEngine.LogType,object)
UnityEngine.Debug:Log (object)
ArgusUnity.Runtime.MiniBotHideAndSeekScenario:ResolveDesiredDirection (ArgusUnity.Runtime.MiniBotHideAndSeekScenario/WanderAgent,UnityEngine.Vector3) (at Assets/Project/Scripts/Runtime/MiniBotHideAndSeekScenario.cs:166)
ArgusUnity.Runtime.MiniBotHideAndSeekScenario:FixedUpdate () (at Assets/Project/Scripts/Runtime/MiniBotHideAndSeekScenario.cs:74)

(Filename: Assets/Project/Scripts/Runtime/MiniBotHideAndSeekScenario.cs Line: 166)

MiniBotHideAndSeekScenario: free-roam retarget Seeker 02 -> 4.05,2.44.
UnityEngine.StackTraceUtility:ExtractStackTrace () (at /Users/bokken/build/output/unity/unity/Runtime/Export/Scripting/StackTrace.cs:37)
UnityEngine.DebugLogHandler:LogFormat (UnityEngine.LogType,UnityEngine.Object,string,object[])
UnityEngine.Logger:Log (UnityEngine.LogType,object)
UnityEngine.Debug:Log (object)
ArgusUnity.Runtime.MiniBotHideAndSeekScenario:ResolveDesiredDirection (ArgusUnity.Runtime.MiniBotHideAndSeekScenario/WanderAgent,UnityEngine.Vector3) (at Assets/Project/Scripts/Runtime/MiniBotHideAndSeekScenario.cs:166)
ArgusUnity.Runtime.MiniBotHideAndSeekScenario:FixedUpdate () (at Assets/Project/Scripts/Runtime/MiniBotHideAndSeekScenario.cs:74)

(Filename: Assets/Project/Scripts/Runtime/MiniBotHideAndSeekScenario.cs Line: 166)

MiniBotHideAndSeekScenario: free-roam retarget Seeker 02 -> -3.39,2.47.
UnityEngine.StackTraceUtility:ExtractStackTrace () (at /Users/bokken/build/output/unity/unity/Runtime/Export/Scripting/StackTrace.cs:37)
UnityEngine.DebugLogHandler:LogFormat (UnityEngine.LogType,UnityEngine.Object,string,object[])
UnityEngine.Logger:Log (UnityEngine.LogType,object)
UnityEngine.Debug:Log (object)
ArgusUnity.Runtime.MiniBotHideAndSeekScenario:ResolveDesiredDirection (ArgusUnity.Runtime.MiniBotHideAndSeekScenario/WanderAgent,UnityEngine.Vector3) (at Assets/Project/Scripts/Runtime/MiniBotHideAndSeekScenario.cs:166)
ArgusUnity.Runtime.MiniBotHideAndSeekScenario:FixedUpdate () (at Assets/Project/Scripts/Runtime/MiniBotHideAndSeekScenario.cs:74)

(Filename: Assets/Project/Scripts/Runtime/MiniBotHideAndSeekScenario.cs Line: 166)

MiniBotHideAndSeekScenario: free-roam retarget Hider 01 -> 1.83,1.72.
UnityEngine.StackTraceUtility:ExtractStackTrace () (at /Users/bokken/build/output/unity/unity/Runtime/Export/Scripting/StackTrace.cs:37)
UnityEngine.DebugLogHandler:LogFormat (UnityEngine.LogType,UnityEngine.Object,string,object[])
UnityEngine.Logger:Log (UnityEngine.LogType,object)
UnityEngine.Debug:Log (object)
ArgusUnity.Runtime.MiniBotHideAndSeekScenario:ResolveDesiredDirection (ArgusUnity.Runtime.MiniBotHideAndSeekScenario/WanderAgent,UnityEngine.Vector3) (at Assets/Project/Scripts/Runtime/MiniBotHideAndSeekScenario.cs:166)
ArgusUnity.Runtime.MiniBotHideAndSeekScenario:FixedUpdate () (at Assets/Project/Scripts/Runtime/MiniBotHideAndSeekScenario.cs:74)

(Filename: Assets/Project/Scripts/Runtime/MiniBotHideAndSeekScenario.cs Line: 166)

MiniBotHideAndSeekScenario: free-roam retarget Seeker 02 -> 1.76,1.59.
UnityEngine.StackTraceUtility:ExtractStackTrace () (at /Users/bokken/build/output/unity/unity/Runtime/Export/Scripting/StackTrace.cs:37)
UnityEngine.DebugLogHandler:LogFormat (UnityEngine.LogType,UnityEngine.Object,string,object[])
UnityEngine.Logger:Log (UnityEngine.LogType,object)
UnityEngine.Debug:Log (object)
ArgusUnity.Runtime.MiniBotHideAndSeekScenario:ResolveDesiredDirection (ArgusUnity.Runtime.MiniBotHideAndSeekScenario/WanderAgent,UnityEngine.Vector3) (at Assets/Project/Scripts/Runtime/MiniBotHideAndSeekScenario.cs:166)
ArgusUnity.Runtime.MiniBotHideAndSeekScenario:FixedUpdate () (at Assets/Project/Scripts/Runtime/MiniBotHideAndSeekScenario.cs:74)

(Filename: Assets/Project/Scripts/Runtime/MiniBotHideAndSeekScenario.cs Line: 166)

MiniBotHideAndSeekScenario: free-roam retarget Hider 01 -> 2.99,2.34.
UnityEngine.StackTraceUtility:ExtractStackTrace () (at /Users/bokken/build/output/unity/unity/Runtime/Export/Scripting/StackTrace.cs:37)
UnityEngine.DebugLogHandler:LogFormat (UnityEngine.LogType,UnityEngine.Object,string,object[])
UnityEngine.Logger:Log (UnityEngine.LogType,object)
UnityEngine.Debug:Log (object)
ArgusUnity.Runtime.MiniBotHideAndSeekScenario:ResolveDesiredDirection (ArgusUnity.Runtime.MiniBotHideAndSeekScenario/WanderAgent,UnityEngine.Vector3) (at Assets/Project/Scripts/Runtime/MiniBotHideAndSeekScenario.cs:166)
ArgusUnity.Runtime.MiniBotHideAndSeekScenario:FixedUpdate () (at Assets/Project/Scripts/Runtime/MiniBotHideAndSeekScenario.cs:74)

(Filename: Assets/Project/Scripts/Runtime/MiniBotHideAndSeekScenario.cs Line: 166)

MiniBotHideAndSeekScenario: free-roam retarget Seeker 02 -> -2.15,-1.38.
UnityEngine.StackTraceUtility:ExtractStackTrace () (at /Users/bokken/build/output/unity/unity/Runtime/Export/Scripting/StackTrace.cs:37)
UnityEngine.DebugLogHandler:LogFormat (UnityEngine.LogType,UnityEngine.Object,string,object[])
UnityEngine.Logger:Log (UnityEngine.LogType,object)
UnityEngine.Debug:Log (object)
ArgusUnity.Runtime.MiniBotHideAndSeekScenario:ResolveDesiredDirection (ArgusUnity.Runtime.MiniBotHideAndSeekScenario/WanderAgent,UnityEngine.Vector3) (at Assets/Project/Scripts/Runtime/MiniBotHideAndSeekScenario.cs:166)
ArgusUnity.Runtime.MiniBotHideAndSeekScenario:FixedUpdate () (at Assets/Project/Scripts/Runtime/MiniBotHideAndSeekScenario.cs:74)

(Filename: Assets/Project/Scripts/Runtime/MiniBotHideAndSeekScenario.cs Line: 166)

MiniBotHideAndSeekScenario: free-roam retarget Hider 02 -> -4.22,0.45.
UnityEngine.StackTraceUtility:ExtractStackTrace () (at /Users/bokken/build/output/unity/unity/Runtime/Export/Scripting/StackTrace.cs:37)
UnityEngine.DebugLogHandler:LogFormat (UnityEngine.LogType,UnityEngine.Object,string,object[])
UnityEngine.Logger:Log (UnityEngine.LogType,object)
UnityEngine.Debug:Log (object)
ArgusUnity.Runtime.MiniBotHideAndSeekScenario:ResolveDesiredDirection (ArgusUnity.Runtime.MiniBotHideAndSeekScenario/WanderAgent,UnityEngine.Vector3) (at Assets/Project/Scripts/Runtime/MiniBotHideAndSeekScenario.cs:166)
ArgusUnity.Runtime.MiniBotHideAndSeekScenario:FixedUpdate () (at Assets/Project/Scripts/Runtime/MiniBotHideAndSeekScenario.cs:74)

(Filename: Assets/Project/Scripts/Runtime/MiniBotHideAndSeekScenario.cs Line: 166)

MiniBotHideAndSeekScenario: free-roam retarget Hider 01 -> -1.74,2.62.
UnityEngine.StackTraceUtility:ExtractStackTrace () (at /Users/bokken/build/output/unity/unity/Runtime/Export/Scripting/StackTrace.cs:37)
UnityEngine.DebugLogHandler:LogFormat (UnityEngine.LogType,UnityEngine.Object,string,object[])
UnityEngine.Logger:Log (UnityEngine.LogType,object)
UnityEngine.Debug:Log (object)
ArgusUnity.Runtime.MiniBotHideAndSeekScenario:ResolveDesiredDirection (ArgusUnity.Runtime.MiniBotHideAndSeekScenario/WanderAgent,UnityEngine.Vector3) (at Assets/Project/Scripts/Runtime/MiniBotHideAndSeekScenario.cs:166)
ArgusUnity.Runtime.MiniBotHideAndSeekScenario:FixedUpdate () (at Assets/Project/Scripts/Runtime/MiniBotHideAndSeekScenario.cs:74)

(Filename: Assets/Project/Scripts/Runtime/MiniBotHideAndSeekScenario.cs Line: 166)

MiniBotHideAndSeekScenario: free-roam retarget Hider 02 -> 4.32,2.21.
UnityEngine.StackTraceUtility:ExtractStackTrace () (at /Users/bokken/build/output/unity/unity/Runtime/Export/Scripting/StackTrace.cs:37)
UnityEngine.DebugLogHandler:LogFormat (UnityEngine.LogType,UnityEngine.Object,string,object[])
UnityEngine.Logger:Log (UnityEngine.LogType,object)
UnityEngine.Debug:Log (object)
ArgusUnity.Runtime.MiniBotHideAndSeekScenario:ResolveDesiredDirection (ArgusUnity.Runtime.MiniBotHideAndSeekScenario/WanderAgent,UnityEngine.Vector3) (at Assets/Project/Scripts/Runtime/MiniBotHideAndSeekScenario.cs:166)
ArgusUnity.Runtime.MiniBotHideAndSeekScenario:FixedUpdate () (at Assets/Project/Scripts/Runtime/MiniBotHideAndSeekScenario.cs:74)

(Filename: Assets/Project/Scripts/Runtime/MiniBotHideAndSeekScenario.cs Line: 166)

MiniBotHideAndSeekScenario: free-roam retarget Seeker 02 -> 0.58,1.68.
UnityEngine.StackTraceUtility:ExtractStackTrace () (at /Users/bokken/build/output/unity/unity/Runtime/Export/Scripting/StackTrace.cs:37)
UnityEngine.DebugLogHandler:LogFormat (UnityEngine.LogType,UnityEngine.Object,string,object[])
UnityEngine.Logger:Log (UnityEngine.LogType,object)
UnityEngine.Debug:Log (object)
ArgusUnity.Runtime.MiniBotHideAndSeekScenario:ResolveDesiredDirection (ArgusUnity.Runtime.MiniBotHideAndSeekScenario/WanderAgent,UnityEngine.Vector3) (at Assets/Project/Scripts/Runtime/MiniBotHideAndSeekScenario.cs:166)
ArgusUnity.Runtime.MiniBotHideAndSeekScenario:FixedUpdate () (at Assets/Project/Scripts/Runtime/MiniBotHideAndSeekScenario.cs:74)

(Filename: Assets/Project/Scripts/Runtime/MiniBotHideAndSeekScenario.cs Line: 166)

MiniBotHideAndSeekScenario: free-roam retarget Seeker 02 -> 4.39,2.57.
UnityEngine.StackTraceUtility:ExtractStackTrace () (at /Users/bokken/build/output/unity/unity/Runtime/Export/Scripting/StackTrace.cs:37)
UnityEngine.DebugLogHandler:LogFormat (UnityEngine.LogType,UnityEngine.Object,string,object[])
UnityEngine.Logger:Log (UnityEngine.LogType,object)
UnityEngine.Debug:Log (object)
ArgusUnity.Runtime.MiniBotHideAndSeekScenario:ResolveDesiredDirection (ArgusUnity.Runtime.MiniBotHideAndSeekScenario/WanderAgent,UnityEngine.Vector3) (at Assets/Project/Scripts/Runtime/MiniBotHideAndSeekScenario.cs:166)
ArgusUnity.Runtime.MiniBotHideAndSeekScenario:FixedUpdate () (at Assets/Project/Scripts/Runtime/MiniBotHideAndSeekScenario.cs:74)

(Filename: Assets/Project/Scripts/Runtime/MiniBotHideAndSeekScenario.cs Line: 166)

MiniBotHideAndSeekScenario: free-roam retarget Hider 02 -> -2.11,0.93.
UnityEngine.StackTraceUtility:ExtractStackTrace () (at /Users/bokken/build/output/unity/unity/Runtime/Export/Scripting/StackTrace.cs:37)
UnityEngine.DebugLogHandler:LogFormat (UnityEngine.LogType,UnityEngine.Object,string,object[])
UnityEngine.Logger:Log (UnityEngine.LogType,object)
UnityEngine.Debug:Log (object)
ArgusUnity.Runtime.MiniBotHideAndSeekScenario:ResolveDesiredDirection (ArgusUnity.Runtime.MiniBotHideAndSeekScenario/WanderAgent,UnityEngine.Vector3) (at Assets/Project/Scripts/Runtime/MiniBotHideAndSeekScenario.cs:166)
ArgusUnity.Runtime.MiniBotHideAndSeekScenario:FixedUpdate () (at Assets/Project/Scripts/Runtime/MiniBotHideAndSeekScenario.cs:74)

(Filename: Assets/Project/Scripts/Runtime/MiniBotHideAndSeekScenario.cs Line: 166)

MiniBotHideAndSeekScenario: free-roam retarget Hider 02 -> 3.97,0.58.
UnityEngine.StackTraceUtility:ExtractStackTrace () (at /Users/bokken/build/output/unity/unity/Runtime/Export/Scripting/StackTrace.cs:37)
UnityEngine.DebugLogHandler:LogFormat (UnityEngine.LogType,UnityEngine.Object,string,object[])
UnityEngine.Logger:Log (UnityEngine.LogType,object)
UnityEngine.Debug:Log (object)
ArgusUnity.Runtime.MiniBotHideAndSeekScenario:ResolveDesiredDirection (ArgusUnity.Runtime.MiniBotHideAndSeekScenario/WanderAgent,UnityEngine.Vector3) (at Assets/Project/Scripts/Runtime/MiniBotHideAndSeekScenario.cs:166)
ArgusUnity.Runtime.MiniBotHideAndSeekScenario:FixedUpdate () (at Assets/Project/Scripts/Runtime/MiniBotHideAndSeekScenario.cs:74)

(Filename: Assets/Project/Scripts/Runtime/MiniBotHideAndSeekScenario.cs Line: 166)

MiniBotHideAndSeekScenario: free-roam retarget Hider 01 -> -1.78,1.50.
UnityEngine.StackTraceUtility:ExtractStackTrace () (at /Users/bokken/build/output/unity/unity/Runtime/Export/Scripting/StackTrace.cs:37)
UnityEngine.DebugLogHandler:LogFormat (UnityEngine.LogType,UnityEngine.Object,string,object[])
UnityEngine.Logger:Log (UnityEngine.LogType,object)
UnityEngine.Debug:Log (object)
ArgusUnity.Runtime.MiniBotHideAndSeekScenario:ResolveDesiredDirection (ArgusUnity.Runtime.MiniBotHideAndSeekScenario/WanderAgent,UnityEngine.Vector3) (at Assets/Project/Scripts/Runtime/MiniBotHideAndSeekScenario.cs:166)
ArgusUnity.Runtime.MiniBotHideAndSeekScenario:FixedUpdate () (at Assets/Project/Scripts/Runtime/MiniBotHideAndSeekScenario.cs:74)

(Filename: Assets/Project/Scripts/Runtime/MiniBotHideAndSeekScenario.cs Line: 166)

MiniBotHideAndSeekScenario: free-roam retarget Seeker 02 -> -2.85,1.91.
UnityEngine.StackTraceUtility:ExtractStackTrace () (at /Users/bokken/build/output/unity/unity/Runtime/Export/Scripting/StackTrace.cs:37)
UnityEngine.DebugLogHandler:LogFormat (UnityEngine.LogType,UnityEngine.Object,string,object[])
UnityEngine.Logger:Log (UnityEngine.LogType,object)
UnityEngine.Debug:Log (object)
ArgusUnity.Runtime.MiniBotHideAndSeekScenario:ResolveDesiredDirection (ArgusUnity.Runtime.MiniBotHideAndSeekScenario/WanderAgent,UnityEngine.Vector3) (at Assets/Project/Scripts/Runtime/MiniBotHideAndSeekScenario.cs:166)
ArgusUnity.Runtime.MiniBotHideAndSeekScenario:FixedUpdate () (at Assets/Project/Scripts/Runtime/MiniBotHideAndSeekScenario.cs:74)

(Filename: Assets/Project/Scripts/Runtime/MiniBotHideAndSeekScenario.cs Line: 166)

MiniBotHideAndSeekScenario: free-roam retarget Hider 02 -> -0.98,1.30.
UnityEngine.StackTraceUtility:ExtractStackTrace () (at /Users/bokken/build/output/unity/unity/Runtime/Export/Scripting/StackTrace.cs:37)
UnityEngine.DebugLogHandler:LogFormat (UnityEngine.LogType,UnityEngine.Object,string,object[])
UnityEngine.Logger:Log (UnityEngine.LogType,object)
UnityEngine.Debug:Log (object)
ArgusUnity.Runtime.MiniBotHideAndSeekScenario:ResolveDesiredDirection (ArgusUnity.Runtime.MiniBotHideAndSeekScenario/WanderAgent,UnityEngine.Vector3) (at Assets/Project/Scripts/Runtime/MiniBotHideAndSeekScenario.cs:166)
ArgusUnity.Runtime.MiniBotHideAndSeekScenario:FixedUpdate () (at Assets/Project/Scripts/Runtime/MiniBotHideAndSeekScenario.cs:74)

(Filename: Assets/Project/Scripts/Runtime/MiniBotHideAndSeekScenario.cs Line: 166)

MiniBotHideAndSeekScenario: free-roam retarget Seeker 02 -> -4.40,2.73.
UnityEngine.StackTraceUtility:ExtractStackTrace () (at /Users/bokken/build/output/unity/unity/Runtime/Export/Scripting/StackTrace.cs:37)
UnityEngine.DebugLogHandler:LogFormat (UnityEngine.LogType,UnityEngine.Object,string,object[])
UnityEngine.Logger:Log (UnityEngine.LogType,object)
UnityEngine.Debug:Log (object)
ArgusUnity.Runtime.MiniBotHideAndSeekScenario:ResolveDesiredDirection (ArgusUnity.Runtime.MiniBotHideAndSeekScenario/WanderAgent,UnityEngine.Vector3) (at Assets/Project/Scripts/Runtime/MiniBotHideAndSeekScenario.cs:166)
ArgusUnity.Runtime.MiniBotHideAndSeekScenario:FixedUpdate () (at Assets/Project/Scripts/Runtime/MiniBotHideAndSeekScenario.cs:74)

(Filename: Assets/Project/Scripts/Runtime/MiniBotHideAndSeekScenario.cs Line: 166)

MiniBotHideAndSeekScenario: free-roam retarget Hider 01 -> -3.50,-0.40.
UnityEngine.StackTraceUtility:ExtractStackTrace () (at /Users/bokken/build/output/unity/unity/Runtime/Export/Scripting/StackTrace.cs:37)
UnityEngine.DebugLogHandler:LogFormat (UnityEngine.LogType,UnityEngine.Object,string,object[])
UnityEngine.Logger:Log (UnityEngine.LogType,object)
UnityEngine.Debug:Log (object)
ArgusUnity.Runtime.MiniBotHideAndSeekScenario:ResolveDesiredDirection (ArgusUnity.Runtime.MiniBotHideAndSeekScenario/WanderAgent,UnityEngine.Vector3) (at Assets/Project/Scripts/Runtime/MiniBotHideAndSeekScenario.cs:166)
ArgusUnity.Runtime.MiniBotHideAndSeekScenario:FixedUpdate () (at Assets/Project/Scripts/Runtime/MiniBotHideAndSeekScenario.cs:74)

(Filename: Assets/Project/Scripts/Runtime/MiniBotHideAndSeekScenario.cs Line: 166)

MiniBotHideAndSeekScenario: free-roam retarget Seeker 02 -> 2.07,-0.75.
UnityEngine.StackTraceUtility:ExtractStackTrace () (at /Users/bokken/build/output/unity/unity/Runtime/Export/Scripting/StackTrace.cs:37)
UnityEngine.DebugLogHandler:LogFormat (UnityEngine.LogType,UnityEngine.Object,string,object[])
UnityEngine.Logger:Log (UnityEngine.LogType,object)
UnityEngine.Debug:Log (object)
ArgusUnity.Runtime.MiniBotHideAndSeekScenario:ResolveDesiredDirection (ArgusUnity.Runtime.MiniBotHideAndSeekScenario/WanderAgent,UnityEngine.Vector3) (at Assets/Project/Scripts/Runtime/MiniBotHideAndSeekScenario.cs:166)
ArgusUnity.Runtime.MiniBotHideAndSeekScenario:FixedUpdate () (at Assets/Project/Scripts/Runtime/MiniBotHideAndSeekScenario.cs:74)

(Filename: Assets/Project/Scripts/Runtime/MiniBotHideAndSeekScenario.cs Line: 166)

MiniBotHideAndSeekScenario: free-roam retarget Hider 02 -> 1.82,0.13.
UnityEngine.StackTraceUtility:ExtractStackTrace () (at /Users/bokken/build/output/unity/unity/Runtime/Export/Scripting/StackTrace.cs:37)
UnityEngine.DebugLogHandler:LogFormat (UnityEngine.LogType,UnityEngine.Object,string,object[])
UnityEngine.Logger:Log (UnityEngine.LogType,object)
UnityEngine.Debug:Log (object)
ArgusUnity.Runtime.MiniBotHideAndSeekScenario:ResolveDesiredDirection (ArgusUnity.Runtime.MiniBotHideAndSeekScenario/WanderAgent,UnityEngine.Vector3) (at Assets/Project/Scripts/Runtime/MiniBotHideAndSeekScenario.cs:166)
ArgusUnity.Runtime.MiniBotHideAndSeekScenario:FixedUpdate () (at Assets/Project/Scripts/Runtime/MiniBotHideAndSeekScenario.cs:74)

(Filename: Assets/Project/Scripts/Runtime/MiniBotHideAndSeekScenario.cs Line: 166)

MiniBotHideAndSeekScenario: free-roam retarget Seeker 02 -> 1.52,-0.43.
UnityEngine.StackTraceUtility:ExtractStackTrace () (at /Users/bokken/build/output/unity/unity/Runtime/Export/Scripting/StackTrace.cs:37)
UnityEngine.DebugLogHandler:LogFormat (UnityEngine.LogType,UnityEngine.Object,string,object[])
UnityEngine.Logger:Log (UnityEngine.LogType,object)
UnityEngine.Debug:Log (object)
ArgusUnity.Runtime.MiniBotHideAndSeekScenario:ResolveDesiredDirection (ArgusUnity.Runtime.MiniBotHideAndSeekScenario/WanderAgent,UnityEngine.Vector3) (at Assets/Project/Scripts/Runtime/MiniBotHideAndSeekScenario.cs:166)
ArgusUnity.Runtime.MiniBotHideAndSeekScenario:FixedUpdate () (at Assets/Project/Scripts/Runtime/MiniBotHideAndSeekScenario.cs:74)

(Filename: Assets/Project/Scripts/Runtime/MiniBotHideAndSeekScenario.cs Line: 166)

MiniBotHideAndSeekScenario: free-roam retarget Hider 01 -> 0.94,2.30.
UnityEngine.StackTraceUtility:ExtractStackTrace () (at /Users/bokken/build/output/unity/unity/Runtime/Export/Scripting/StackTrace.cs:37)
UnityEngine.DebugLogHandler:LogFormat (UnityEngine.LogType,UnityEngine.Object,string,object[])
UnityEngine.Logger:Log (UnityEngine.LogType,object)
UnityEngine.Debug:Log (object)
ArgusUnity.Runtime.MiniBotHideAndSeekScenario:ResolveDesiredDirection (ArgusUnity.Runtime.MiniBotHideAndSeekScenario/WanderAgent,UnityEngine.Vector3) (at Assets/Project/Scripts/Runtime/MiniBotHideAndSeekScenario.cs:166)
ArgusUnity.Runtime.MiniBotHideAndSeekScenario:FixedUpdate () (at Assets/Project/Scripts/Runtime/MiniBotHideAndSeekScenario.cs:74)

(Filename: Assets/Project/Scripts/Runtime/MiniBotHideAndSeekScenario.cs Line: 166)

MiniBotHideAndSeekScenario: free-roam retarget Hider 02 -> -1.46,1.80.
UnityEngine.StackTraceUtility:ExtractStackTrace () (at /Users/bokken/build/output/unity/unity/Runtime/Export/Scripting/StackTrace.cs:37)
UnityEngine.DebugLogHandler:LogFormat (UnityEngine.LogType,UnityEngine.Object,string,object[])
UnityEngine.Logger:Log (UnityEngine.LogType,object)
UnityEngine.Debug:Log (object)
ArgusUnity.Runtime.MiniBotHideAndSeekScenario:ResolveDesiredDirection (ArgusUnity.Runtime.MiniBotHideAndSeekScenario/WanderAgent,UnityEngine.Vector3) (at Assets/Project/Scripts/Runtime/MiniBotHideAndSeekScenario.cs:166)
ArgusUnity.Runtime.MiniBotHideAndSeekScenario:FixedUpdate () (at Assets/Project/Scripts/Runtime/MiniBotHideAndSeekScenario.cs:74)

(Filename: Assets/Project/Scripts/Runtime/MiniBotHideAndSeekScenario.cs Line: 166)

MiniBotHideAndSeekScenario: free-roam retarget Hider 02 -> 2.31,1.32.
UnityEngine.StackTraceUtility:ExtractStackTrace () (at /Users/bokken/build/output/unity/unity/Runtime/Export/Scripting/StackTrace.cs:37)
UnityEngine.DebugLogHandler:LogFormat (UnityEngine.LogType,UnityEngine.Object,string,object[])
UnityEngine.Logger:Log (UnityEngine.LogType,object)
UnityEngine.Debug:Log (object)
ArgusUnity.Runtime.MiniBotHideAndSeekScenario:ResolveDesiredDirection (ArgusUnity.Runtime.MiniBotHideAndSeekScenario/WanderAgent,UnityEngine.Vector3) (at Assets/Project/Scripts/Runtime/MiniBotHideAndSeekScenario.cs:166)
ArgusUnity.Runtime.MiniBotHideAndSeekScenario:FixedUpdate () (at Assets/Project/Scripts/Runtime/MiniBotHideAndSeekScenario.cs:74)

(Filename: Assets/Project/Scripts/Runtime/MiniBotHideAndSeekScenario.cs Line: 166)

MiniBotHideAndSeekScenario: free-roam retarget Seeker 02 -> 3.33,-0.35.
UnityEngine.StackTraceUtility:ExtractStackTrace () (at /Users/bokken/build/output/unity/unity/Runtime/Export/Scripting/StackTrace.cs:37)
UnityEngine.DebugLogHandler:LogFormat (UnityEngine.LogType,UnityEngine.Object,string,object[])
UnityEngine.Logger:Log (UnityEngine.LogType,object)
UnityEngine.Debug:Log (object)
ArgusUnity.Runtime.MiniBotHideAndSeekScenario:ResolveDesiredDirection (ArgusUnity.Runtime.MiniBotHideAndSeekScenario/WanderAgent,UnityEngine.Vector3) (at Assets/Project/Scripts/Runtime/MiniBotHideAndSeekScenario.cs:166)
ArgusUnity.Runtime.MiniBotHideAndSeekScenario:FixedUpdate () (at Assets/Project/Scripts/Runtime/MiniBotHideAndSeekScenario.cs:74)

(Filename: Assets/Project/Scripts/Runtime/MiniBotHideAndSeekScenario.cs Line: 166)

MiniBotHideAndSeekScenario: free-roam retarget Seeker 02 -> 0.79,1.05.
UnityEngine.StackTraceUtility:ExtractStackTrace () (at /Users/bokken/build/output/unity/unity/Runtime/Export/Scripting/StackTrace.cs:37)
UnityEngine.DebugLogHandler:LogFormat (UnityEngine.LogType,UnityEngine.Object,string,object[])
UnityEngine.Logger:Log (UnityEngine.LogType,object)
UnityEngine.Debug:Log (object)
ArgusUnity.Runtime.MiniBotHideAndSeekScenario:ResolveDesiredDirection (ArgusUnity.Runtime.MiniBotHideAndSeekScenario/WanderAgent,UnityEngine.Vector3) (at Assets/Project/Scripts/Runtime/MiniBotHideAndSeekScenario.cs:166)
ArgusUnity.Runtime.MiniBotHideAndSeekScenario:FixedUpdate () (at Assets/Project/Scripts/Runtime/MiniBotHideAndSeekScenario.cs:74)

(Filename: Assets/Project/Scripts/Runtime/MiniBotHideAndSeekScenario.cs Line: 166)

MiniBotHideAndSeekScenario: free-roam retarget Hider 01 -> -2.28,-2.15.
UnityEngine.StackTraceUtility:ExtractStackTrace () (at /Users/bokken/build/output/unity/unity/Runtime/Export/Scripting/StackTrace.cs:37)
UnityEngine.DebugLogHandler:LogFormat (UnityEngine.LogType,UnityEngine.Object,string,object[])
UnityEngine.Logger:Log (UnityEngine.LogType,object)
UnityEngine.Debug:Log (object)
ArgusUnity.Runtime.MiniBotHideAndSeekScenario:ResolveDesiredDirection (ArgusUnity.Runtime.MiniBotHideAndSeekScenario/WanderAgent,UnityEngine.Vector3) (at Assets/Project/Scripts/Runtime/MiniBotHideAndSeekScenario.cs:166)
ArgusUnity.Runtime.MiniBotHideAndSeekScenario:FixedUpdate () (at Assets/Project/Scripts/Runtime/MiniBotHideAndSeekScenario.cs:74)

(Filename: Assets/Project/Scripts/Runtime/MiniBotHideAndSeekScenario.cs Line: 166)

MiniBotHideAndSeekScenario: free-roam retarget Seeker 02 -> -4.21,1.91.
UnityEngine.StackTraceUtility:ExtractStackTrace () (at /Users/bokken/build/output/unity/unity/Runtime/Export/Scripting/StackTrace.cs:37)
UnityEngine.DebugLogHandler:LogFormat (UnityEngine.LogType,UnityEngine.Object,string,object[])
UnityEngine.Logger:Log (UnityEngine.LogType,object)
UnityEngine.Debug:Log (object)
ArgusUnity.Runtime.MiniBotHideAndSeekScenario:ResolveDesiredDirection (ArgusUnity.Runtime.MiniBotHideAndSeekScenario/WanderAgent,UnityEngine.Vector3) (at Assets/Project/Scripts/Runtime/MiniBotHideAndSeekScenario.cs:166)
ArgusUnity.Runtime.MiniBotHideAndSeekScenario:FixedUpdate () (at Assets/Project/Scripts/Runtime/MiniBotHideAndSeekScenario.cs:74)

(Filename: Assets/Project/Scripts/Runtime/MiniBotHideAndSeekScenario.cs Line: 166)

MiniBotHideAndSeekScenario: free-roam retarget Hider 01 -> -1.87,-2.71.
UnityEngine.StackTraceUtility:ExtractStackTrace () (at /Users/bokken/build/output/unity/unity/Runtime/Export/Scripting/StackTrace.cs:37)
UnityEngine.DebugLogHandler:LogFormat (UnityEngine.LogType,UnityEngine.Object,string,object[])
UnityEngine.Logger:Log (UnityEngine.LogType,object)
UnityEngine.Debug:Log (object)
ArgusUnity.Runtime.MiniBotHideAndSeekScenario:ResolveDesiredDirection (ArgusUnity.Runtime.MiniBotHideAndSeekScenario/WanderAgent,UnityEngine.Vector3) (at Assets/Project/Scripts/Runtime/MiniBotHideAndSeekScenario.cs:166)
ArgusUnity.Runtime.MiniBotHideAndSeekScenario:FixedUpdate () (at Assets/Project/Scripts/Runtime/MiniBotHideAndSeekScenario.cs:74)

(Filename: Assets/Project/Scripts/Runtime/MiniBotHideAndSeekScenario.cs Line: 166)

MiniBotHideAndSeekScenario: free-roam retarget Seeker 02 -> 1.83,2.93.
UnityEngine.StackTraceUtility:ExtractStackTrace () (at /Users/bokken/build/output/unity/unity/Runtime/Export/Scripting/StackTrace.cs:37)
UnityEngine.DebugLogHandler:LogFormat (UnityEngine.LogType,UnityEngine.Object,string,object[])
UnityEngine.Logger:Log (UnityEngine.LogType,object)
UnityEngine.Debug:Log (object)
ArgusUnity.Runtime.MiniBotHideAndSeekScenario:ResolveDesiredDirection (ArgusUnity.Runtime.MiniBotHideAndSeekScenario/WanderAgent,UnityEngine.Vector3) (at Assets/Project/Scripts/Runtime/MiniBotHideAndSeekScenario.cs:166)
ArgusUnity.Runtime.MiniBotHideAndSeekScenario:FixedUpdate () (at Assets/Project/Scripts/Runtime/MiniBotHideAndSeekScenario.cs:74)

(Filename: Assets/Project/Scripts/Runtime/MiniBotHideAndSeekScenario.cs Line: 166)

MiniBotHideAndSeekScenario: free-roam retarget Hider 01 -> 0.03,0.71.
UnityEngine.StackTraceUtility:ExtractStackTrace () (at /Users/bokken/build/output/unity/unity/Runtime/Export/Scripting/StackTrace.cs:37)
UnityEngine.DebugLogHandler:LogFormat (UnityEngine.LogType,UnityEngine.Object,string,object[])
UnityEngine.Logger:Log (UnityEngine.LogType,object)
UnityEngine.Debug:Log (object)
ArgusUnity.Runtime.MiniBotHideAndSeekScenario:ResolveDesiredDirection (ArgusUnity.Runtime.MiniBotHideAndSeekScenario/WanderAgent,UnityEngine.Vector3) (at Assets/Project/Scripts/Runtime/MiniBotHideAndSeekScenario.cs:166)
ArgusUnity.Runtime.MiniBotHideAndSeekScenario:FixedUpdate () (at Assets/Project/Scripts/Runtime/MiniBotHideAndSeekScenario.cs:74)

(Filename: Assets/Project/Scripts/Runtime/MiniBotHideAndSeekScenario.cs Line: 166)

MiniBotHideAndSeekScenario: free-roam retarget Hider 01 -> 3.11,-2.06.
UnityEngine.StackTraceUtility:ExtractStackTrace () (at /Users/bokken/build/output/unity/unity/Runtime/Export/Scripting/StackTrace.cs:37)
UnityEngine.DebugLogHandler:LogFormat (UnityEngine.LogType,UnityEngine.Object,string,object[])
UnityEngine.Logger:Log (UnityEngine.LogType,object)
UnityEngine.Debug:Log (object)
ArgusUnity.Runtime.MiniBotHideAndSeekScenario:ResolveDesiredDirection (ArgusUnity.Runtime.MiniBotHideAndSeekScenario/WanderAgent,UnityEngine.Vector3) (at Assets/Project/Scripts/Runtime/MiniBotHideAndSeekScenario.cs:166)
ArgusUnity.Runtime.MiniBotHideAndSeekScenario:FixedUpdate () (at Assets/Project/Scripts/Runtime/MiniBotHideAndSeekScenario.cs:74)

(Filename: Assets/Project/Scripts/Runtime/MiniBotHideAndSeekScenario.cs Line: 166)

MiniBotHideAndSeekScenario: free-roam retarget Hider 01 -> -3.89,-1.65.
UnityEngine.StackTraceUtility:ExtractStackTrace () (at /Users/bokken/build/output/unity/unity/Runtime/Export/Scripting/StackTrace.cs:37)
UnityEngine.DebugLogHandler:LogFormat (UnityEngine.LogType,UnityEngine.Object,string,object[])
UnityEngine.Logger:Log (UnityEngine.LogType,object)
UnityEngine.Debug:Log (object)
ArgusUnity.Runtime.MiniBotHideAndSeekScenario:ResolveDesiredDirection (ArgusUnity.Runtime.MiniBotHideAndSeekScenario/WanderAgent,UnityEngine.Vector3) (at Assets/Project/Scripts/Runtime/MiniBotHideAndSeekScenario.cs:166)
ArgusUnity.Runtime.MiniBotHideAndSeekScenario:FixedUpdate () (at Assets/Project/Scripts/Runtime/MiniBotHideAndSeekScenario.cs:74)

(Filename: Assets/Project/Scripts/Runtime/MiniBotHideAndSeekScenario.cs Line: 166)

MiniBotHideAndSeekScenario: free-roam retarget Seeker 02 -> 4.44,1.25.
UnityEngine.StackTraceUtility:ExtractStackTrace () (at /Users/bokken/build/output/unity/unity/Runtime/Export/Scripting/StackTrace.cs:37)
UnityEngine.DebugLogHandler:LogFormat (UnityEngine.LogType,UnityEngine.Object,string,object[])
UnityEngine.Logger:Log (UnityEngine.LogType,object)
UnityEngine.Debug:Log (object)
ArgusUnity.Runtime.MiniBotHideAndSeekScenario:ResolveDesiredDirection (ArgusUnity.Runtime.MiniBotHideAndSeekScenario/WanderAgent,UnityEngine.Vector3) (at Assets/Project/Scripts/Runtime/MiniBotHideAndSeekScenario.cs:166)
ArgusUnity.Runtime.MiniBotHideAndSeekScenario:FixedUpdate () (at Assets/Project/Scripts/Runtime/MiniBotHideAndSeekScenario.cs:74)

(Filename: Assets/Project/Scripts/Runtime/MiniBotHideAndSeekScenario.cs Line: 166)

MiniBotHideAndSeekScenario: free-roam retarget Hider 02 -> 4.51,1.05.
UnityEngine.StackTraceUtility:ExtractStackTrace () (at /Users/bokken/build/output/unity/unity/Runtime/Export/Scripting/StackTrace.cs:37)
UnityEngine.DebugLogHandler:LogFormat (UnityEngine.LogType,UnityEngine.Object,string,object[])
UnityEngine.Logger:Log (UnityEngine.LogType,object)
UnityEngine.Debug:Log (object)
ArgusUnity.Runtime.MiniBotHideAndSeekScenario:ResolveDesiredDirection (ArgusUnity.Runtime.MiniBotHideAndSeekScenario/WanderAgent,UnityEngine.Vector3) (at Assets/Project/Scripts/Runtime/MiniBotHideAndSeekScenario.cs:166)
ArgusUnity.Runtime.MiniBotHideAndSeekScenario:FixedUpdate () (at Assets/Project/Scripts/Runtime/MiniBotHideAndSeekScenario.cs:74)

(Filename: Assets/Project/Scripts/Runtime/MiniBotHideAndSeekScenario.cs Line: 166)

MiniBotHideAndSeekScenario: free-roam retarget Hider 01 -> -3.58,1.82.
UnityEngine.StackTraceUtility:ExtractStackTrace () (at /Users/bokken/build/output/unity/unity/Runtime/Export/Scripting/StackTrace.cs:37)
UnityEngine.DebugLogHandler:LogFormat (UnityEngine.LogType,UnityEngine.Object,string,object[])
UnityEngine.Logger:Log (UnityEngine.LogType,object)
UnityEngine.Debug:Log (object)
ArgusUnity.Runtime.MiniBotHideAndSeekScenario:ResolveDesiredDirection (ArgusUnity.Runtime.MiniBotHideAndSeekScenario/WanderAgent,UnityEngine.Vector3) (at Assets/Project/Scripts/Runtime/MiniBotHideAndSeekScenario.cs:166)
ArgusUnity.Runtime.MiniBotHideAndSeekScenario:FixedUpdate () (at Assets/Project/Scripts/Runtime/MiniBotHideAndSeekScenario.cs:74)

(Filename: Assets/Project/Scripts/Runtime/MiniBotHideAndSeekScenario.cs Line: 166)

MiniBotHideAndSeekScenario: free-roam retarget Seeker 02 -> 3.47,1.82.
UnityEngine.StackTraceUtility:ExtractStackTrace () (at /Users/bokken/build/output/unity/unity/Runtime/Export/Scripting/StackTrace.cs:37)
UnityEngine.DebugLogHandler:LogFormat (UnityEngine.LogType,UnityEngine.Object,string,object[])
UnityEngine.Logger:Log (UnityEngine.LogType,object)
UnityEngine.Debug:Log (object)
ArgusUnity.Runtime.MiniBotHideAndSeekScenario:ResolveDesiredDirection (ArgusUnity.Runtime.MiniBotHideAndSeekScenario/WanderAgent,UnityEngine.Vector3) (at Assets/Project/Scripts/Runtime/MiniBotHideAndSeekScenario.cs:166)
ArgusUnity.Runtime.MiniBotHideAndSeekScenario:FixedUpdate () (at Assets/Project/Scripts/Runtime/MiniBotHideAndSeekScenario.cs:74)

(Filename: Assets/Project/Scripts/Runtime/MiniBotHideAndSeekScenario.cs Line: 166)

MiniBotHideAndSeekScenario: free-roam retarget Hider 02 -> -0.54,1.22.
UnityEngine.StackTraceUtility:ExtractStackTrace () (at /Users/bokken/build/output/unity/unity/Runtime/Export/Scripting/StackTrace.cs:37)
UnityEngine.DebugLogHandler:LogFormat (UnityEngine.LogType,UnityEngine.Object,string,object[])
UnityEngine.Logger:Log (UnityEngine.LogType,object)
UnityEngine.Debug:Log (object)
ArgusUnity.Runtime.MiniBotHideAndSeekScenario:ResolveDesiredDirection (ArgusUnity.Runtime.MiniBotHideAndSeekScenario/WanderAgent,UnityEngine.Vector3) (at Assets/Project/Scripts/Runtime/MiniBotHideAndSeekScenario.cs:166)
ArgusUnity.Runtime.MiniBotHideAndSeekScenario:FixedUpdate () (at Assets/Project/Scripts/Runtime/MiniBotHideAndSeekScenario.cs:74)

(Filename: Assets/Project/Scripts/Runtime/MiniBotHideAndSeekScenario.cs Line: 166)

MiniBotHideAndSeekScenario: free-roam retarget Seeker 02 -> -1.17,1.93.
UnityEngine.StackTraceUtility:ExtractStackTrace () (at /Users/bokken/build/output/unity/unity/Runtime/Export/Scripting/StackTrace.cs:37)
UnityEngine.DebugLogHandler:LogFormat (UnityEngine.LogType,UnityEngine.Object,string,object[])
UnityEngine.Logger:Log (UnityEngine.LogType,object)
UnityEngine.Debug:Log (object)
ArgusUnity.Runtime.MiniBotHideAndSeekScenario:ResolveDesiredDirection (ArgusUnity.Runtime.MiniBotHideAndSeekScenario/WanderAgent,UnityEngine.Vector3) (at Assets/Project/Scripts/Runtime/MiniBotHideAndSeekScenario.cs:166)
ArgusUnity.Runtime.MiniBotHideAndSeekScenario:FixedUpdate () (at Assets/Project/Scripts/Runtime/MiniBotHideAndSeekScenario.cs:74)

(Filename: Assets/Project/Scripts/Runtime/MiniBotHideAndSeekScenario.cs Line: 166)

MiniBotHideAndSeekScenario: free-roam retarget Hider 02 -> 3.65,2.90.
UnityEngine.StackTraceUtility:ExtractStackTrace () (at /Users/bokken/build/output/unity/unity/Runtime/Export/Scripting/StackTrace.cs:37)
UnityEngine.DebugLogHandler:LogFormat (UnityEngine.LogType,UnityEngine.Object,string,object[])
UnityEngine.Logger:Log (UnityEngine.LogType,object)
UnityEngine.Debug:Log (object)
ArgusUnity.Runtime.MiniBotHideAndSeekScenario:ResolveDesiredDirection (ArgusUnity.Runtime.MiniBotHideAndSeekScenario/WanderAgent,UnityEngine.Vector3) (at Assets/Project/Scripts/Runtime/MiniBotHideAndSeekScenario.cs:166)
ArgusUnity.Runtime.MiniBotHideAndSeekScenario:FixedUpdate () (at Assets/Project/Scripts/Runtime/MiniBotHideAndSeekScenario.cs:74)

(Filename: Assets/Project/Scripts/Runtime/MiniBotHideAndSeekScenario.cs Line: 166)

MiniBotHideAndSeekScenario: free-roam retarget Seeker 02 -> 1.70,1.25.
UnityEngine.StackTraceUtility:ExtractStackTrace () (at /Users/bokken/build/output/unity/unity/Runtime/Export/Scripting/StackTrace.cs:37)
UnityEngine.DebugLogHandler:LogFormat (UnityEngine.LogType,UnityEngine.Object,string,object[])
UnityEngine.Logger:Log (UnityEngine.LogType,object)
UnityEngine.Debug:Log (object)
ArgusUnity.Runtime.MiniBotHideAndSeekScenario:ResolveDesiredDirection (ArgusUnity.Runtime.MiniBotHideAndSeekScenario/WanderAgent,UnityEngine.Vector3) (at Assets/Project/Scripts/Runtime/MiniBotHideAndSeekScenario.cs:166)
ArgusUnity.Runtime.MiniBotHideAndSeekScenario:FixedUpdate () (at Assets/Project/Scripts/Runtime/MiniBotHideAndSeekScenario.cs:74)

(Filename: Assets/Project/Scripts/Runtime/MiniBotHideAndSeekScenario.cs Line: 166)

MiniBotHideAndSeekScenario: free-roam retarget Hider 02 -> 2.25,-2.25.
UnityEngine.StackTraceUtility:ExtractStackTrace () (at /Users/bokken/build/output/unity/unity/Runtime/Export/Scripting/StackTrace.cs:37)
UnityEngine.DebugLogHandler:LogFormat (UnityEngine.LogType,UnityEngine.Object,string,object[])
UnityEngine.Logger:Log (UnityEngine.LogType,object)
UnityEngine.Debug:Log (object)
ArgusUnity.Runtime.MiniBotHideAndSeekScenario:ResolveDesiredDirection (ArgusUnity.Runtime.MiniBotHideAndSeekScenario/WanderAgent,UnityEngine.Vector3) (at Assets/Project/Scripts/Runtime/MiniBotHideAndSeekScenario.cs:166)
ArgusUnity.Runtime.MiniBotHideAndSeekScenario:FixedUpdate () (at Assets/Project/Scripts/Runtime/MiniBotHideAndSeekScenario.cs:74)

(Filename: Assets/Project/Scripts/Runtime/MiniBotHideAndSeekScenario.cs Line: 166)

MiniBotHideAndSeekScenario: free-roam retarget Hider 01 -> -0.60,0.80.
UnityEngine.StackTraceUtility:ExtractStackTrace () (at /Users/bokken/build/output/unity/unity/Runtime/Export/Scripting/StackTrace.cs:37)
UnityEngine.DebugLogHandler:LogFormat (UnityEngine.LogType,UnityEngine.Object,string,object[])
UnityEngine.Logger:Log (UnityEngine.LogType,object)
UnityEngine.Debug:Log (object)
ArgusUnity.Runtime.MiniBotHideAndSeekScenario:ResolveDesiredDirection (ArgusUnity.Runtime.MiniBotHideAndSeekScenario/WanderAgent,UnityEngine.Vector3) (at Assets/Project/Scripts/Runtime/MiniBotHideAndSeekScenario.cs:166)
ArgusUnity.Runtime.MiniBotHideAndSeekScenario:FixedUpdate () (at Assets/Project/Scripts/Runtime/MiniBotHideAndSeekScenario.cs:74)

(Filename: Assets/Project/Scripts/Runtime/MiniBotHideAndSeekScenario.cs Line: 166)

MiniBotHideAndSeekScenario: free-roam retarget Hider 01 -> -4.09,-1.10.
UnityEngine.StackTraceUtility:ExtractStackTrace () (at /Users/bokken/build/output/unity/unity/Runtime/Export/Scripting/StackTrace.cs:37)
UnityEngine.DebugLogHandler:LogFormat (UnityEngine.LogType,UnityEngine.Object,string,object[])
UnityEngine.Logger:Log (UnityEngine.LogType,object)
UnityEngine.Debug:Log (object)
ArgusUnity.Runtime.MiniBotHideAndSeekScenario:ResolveDesiredDirection (ArgusUnity.Runtime.MiniBotHideAndSeekScenario/WanderAgent,UnityEngine.Vector3) (at Assets/Project/Scripts/Runtime/MiniBotHideAndSeekScenario.cs:166)
ArgusUnity.Runtime.MiniBotHideAndSeekScenario:FixedUpdate () (at Assets/Project/Scripts/Runtime/MiniBotHideAndSeekScenario.cs:74)

(Filename: Assets/Project/Scripts/Runtime/MiniBotHideAndSeekScenario.cs Line: 166)

MiniBotHideAndSeekScenario: free-roam retarget Seeker 02 -> -4.54,-0.19.
UnityEngine.StackTraceUtility:ExtractStackTrace () (at /Users/bokken/build/output/unity/unity/Runtime/Export/Scripting/StackTrace.cs:37)
UnityEngine.DebugLogHandler:LogFormat (UnityEngine.LogType,UnityEngine.Object,string,object[])
UnityEngine.Logger:Log (UnityEngine.LogType,object)
UnityEngine.Debug:Log (object)
ArgusUnity.Runtime.MiniBotHideAndSeekScenario:ResolveDesiredDirection (ArgusUnity.Runtime.MiniBotHideAndSeekScenario/WanderAgent,UnityEngine.Vector3) (at Assets/Project/Scripts/Runtime/MiniBotHideAndSeekScenario.cs:166)
ArgusUnity.Runtime.MiniBotHideAndSeekScenario:FixedUpdate () (at Assets/Project/Scripts/Runtime/MiniBotHideAndSeekScenario.cs:74)

(Filename: Assets/Project/Scripts/Runtime/MiniBotHideAndSeekScenario.cs Line: 166)

MiniBotHideAndSeekScenario: free-roam retarget Hider 01 -> -2.09,-2.81.
UnityEngine.StackTraceUtility:ExtractStackTrace () (at /Users/bokken/build/output/unity/unity/Runtime/Export/Scripting/StackTrace.cs:37)
UnityEngine.DebugLogHandler:LogFormat (UnityEngine.LogType,UnityEngine.Object,string,object[])
UnityEngine.Logger:Log (UnityEngine.LogType,object)
UnityEngine.Debug:Log (object)
ArgusUnity.Runtime.MiniBotHideAndSeekScenario:ResolveDesiredDirection (ArgusUnity.Runtime.MiniBotHideAndSeekScenario/WanderAgent,UnityEngine.Vector3) (at Assets/Project/Scripts/Runtime/MiniBotHideAndSeekScenario.cs:166)
ArgusUnity.Runtime.MiniBotHideAndSeekScenario:FixedUpdate () (at Assets/Project/Scripts/Runtime/MiniBotHideAndSeekScenario.cs:74)

(Filename: Assets/Project/Scripts/Runtime/MiniBotHideAndSeekScenario.cs Line: 166)

MiniBotHideAndSeekScenario: free-roam retarget Hider 02 -> -1.97,-1.92.
UnityEngine.StackTraceUtility:ExtractStackTrace () (at /Users/bokken/build/output/unity/unity/Runtime/Export/Scripting/StackTrace.cs:37)
UnityEngine.DebugLogHandler:LogFormat (UnityEngine.LogType,UnityEngine.Object,string,object[])
UnityEngine.Logger:Log (UnityEngine.LogType,object)
UnityEngine.Debug:Log (object)
ArgusUnity.Runtime.MiniBotHideAndSeekScenario:ResolveDesiredDirection (ArgusUnity.Runtime.MiniBotHideAndSeekScenario/WanderAgent,UnityEngine.Vector3) (at Assets/Project/Scripts/Runtime/MiniBotHideAndSeekScenario.cs:166)
ArgusUnity.Runtime.MiniBotHideAndSeekScenario:FixedUpdate () (at Assets/Project/Scripts/Runtime/MiniBotHideAndSeekScenario.cs:74)

(Filename: Assets/Project/Scripts/Runtime/MiniBotHideAndSeekScenario.cs Line: 166)

MiniBotHideAndSeekScenario: free-roam retarget Hider 01 -> -2.11,-2.21.
UnityEngine.StackTraceUtility:ExtractStackTrace () (at /Users/bokken/build/output/unity/unity/Runtime/Export/Scripting/StackTrace.cs:37)
UnityEngine.DebugLogHandler:LogFormat (UnityEngine.LogType,UnityEngine.Object,string,object[])
UnityEngine.Logger:Log (UnityEngine.LogType,object)
UnityEngine.Debug:Log (object)
ArgusUnity.Runtime.MiniBotHideAndSeekScenario:ResolveDesiredDirection (ArgusUnity.Runtime.MiniBotHideAndSeekScenario/WanderAgent,UnityEngine.Vector3) (at Assets/Project/Scripts/Runtime/MiniBotHideAndSeekScenario.cs:166)
ArgusUnity.Runtime.MiniBotHideAndSeekScenario:FixedUpdate () (at Assets/Project/Scripts/Runtime/MiniBotHideAndSeekScenario.cs:74)

(Filename: Assets/Project/Scripts/Runtime/MiniBotHideAndSeekScenario.cs Line: 166)

MiniBotHideAndSeekScenario: free-roam retarget Hider 02 -> -1.01,0.84.
UnityEngine.StackTraceUtility:ExtractStackTrace () (at /Users/bokken/build/output/unity/unity/Runtime/Export/Scripting/StackTrace.cs:37)
UnityEngine.DebugLogHandler:LogFormat (UnityEngine.LogType,UnityEngine.Object,string,object[])
UnityEngine.Logger:Log (UnityEngine.LogType,object)
UnityEngine.Debug:Log (object)
ArgusUnity.Runtime.MiniBotHideAndSeekScenario:ResolveDesiredDirection (ArgusUnity.Runtime.MiniBotHideAndSeekScenario/WanderAgent,UnityEngine.Vector3) (at Assets/Project/Scripts/Runtime/MiniBotHideAndSeekScenario.cs:166)
ArgusUnity.Runtime.MiniBotHideAndSeekScenario:FixedUpdate () (at Assets/Project/Scripts/Runtime/MiniBotHideAndSeekScenario.cs:74)

(Filename: Assets/Project/Scripts/Runtime/MiniBotHideAndSeekScenario.cs Line: 166)

MiniBotHideAndSeekScenario: free-roam retarget Hider 02 -> -2.33,1.65.
UnityEngine.StackTraceUtility:ExtractStackTrace () (at /Users/bokken/build/output/unity/unity/Runtime/Export/Scripting/StackTrace.cs:37)
UnityEngine.DebugLogHandler:LogFormat (UnityEngine.LogType,UnityEngine.Object,string,object[])
UnityEngine.Logger:Log (UnityEngine.LogType,object)
UnityEngine.Debug:Log (object)
ArgusUnity.Runtime.MiniBotHideAndSeekScenario:ResolveDesiredDirection (ArgusUnity.Runtime.MiniBotHideAndSeekScenario/WanderAgent,UnityEngine.Vector3) (at Assets/Project/Scripts/Runtime/MiniBotHideAndSeekScenario.cs:166)
ArgusUnity.Runtime.MiniBotHideAndSeekScenario:FixedUpdate () (at Assets/Project/Scripts/Runtime/MiniBotHideAndSeekScenario.cs:74)

(Filename: Assets/Project/Scripts/Runtime/MiniBotHideAndSeekScenario.cs Line: 166)

MiniBotHideAndSeekScenario: free-roam retarget Hider 01 -> -2.13,-1.94.
UnityEngine.StackTraceUtility:ExtractStackTrace () (at /Users/bokken/build/output/unity/unity/Runtime/Export/Scripting/StackTrace.cs:37)
UnityEngine.DebugLogHandler:LogFormat (UnityEngine.LogType,UnityEngine.Object,string,object[])
UnityEngine.Logger:Log (UnityEngine.LogType,object)
UnityEngine.Debug:Log (object)
ArgusUnity.Runtime.MiniBotHideAndSeekScenario:ResolveDesiredDirection (ArgusUnity.Runtime.MiniBotHideAndSeekScenario/WanderAgent,UnityEngine.Vector3) (at Assets/Project/Scripts/Runtime/MiniBotHideAndSeekScenario.cs:166)
ArgusUnity.Runtime.MiniBotHideAndSeekScenario:FixedUpdate () (at Assets/Project/Scripts/Runtime/MiniBotHideAndSeekScenario.cs:74)

(Filename: Assets/Project/Scripts/Runtime/MiniBotHideAndSeekScenario.cs Line: 166)

MiniBotHideAndSeekScenario: free-roam retarget Seeker 02 -> -2.83,-1.95.
UnityEngine.StackTraceUtility:ExtractStackTrace () (at /Users/bokken/build/output/unity/unity/Runtime/Export/Scripting/StackTrace.cs:37)
UnityEngine.DebugLogHandler:LogFormat (UnityEngine.LogType,UnityEngine.Object,string,object[])
UnityEngine.Logger:Log (UnityEngine.LogType,object)
UnityEngine.Debug:Log (object)
ArgusUnity.Runtime.MiniBotHideAndSeekScenario:ResolveDesiredDirection (ArgusUnity.Runtime.MiniBotHideAndSeekScenario/WanderAgent,UnityEngine.Vector3) (at Assets/Project/Scripts/Runtime/MiniBotHideAndSeekScenario.cs:166)
ArgusUnity.Runtime.MiniBotHideAndSeekScenario:FixedUpdate () (at Assets/Project/Scripts/Runtime/MiniBotHideAndSeekScenario.cs:74)

(Filename: Assets/Project/Scripts/Runtime/MiniBotHideAndSeekScenario.cs Line: 166)

MiniBotHideAndSeekScenario: free-roam retarget Hider 01 -> 2.07,-2.43.
UnityEngine.StackTraceUtility:ExtractStackTrace () (at /Users/bokken/build/output/unity/unity/Runtime/Export/Scripting/StackTrace.cs:37)
UnityEngine.DebugLogHandler:LogFormat (UnityEngine.LogType,UnityEngine.Object,string,object[])
UnityEngine.Logger:Log (UnityEngine.LogType,object)
UnityEngine.Debug:Log (object)
ArgusUnity.Runtime.MiniBotHideAndSeekScenario:ResolveDesiredDirection (ArgusUnity.Runtime.MiniBotHideAndSeekScenario/WanderAgent,UnityEngine.Vector3) (at Assets/Project/Scripts/Runtime/MiniBotHideAndSeekScenario.cs:166)
ArgusUnity.Runtime.MiniBotHideAndSeekScenario:FixedUpdate () (at Assets/Project/Scripts/Runtime/MiniBotHideAndSeekScenario.cs:74)

(Filename: Assets/Project/Scripts/Runtime/MiniBotHideAndSeekScenario.cs Line: 166)

MiniBotHideAndSeekScenario: free-roam retarget Hider 02 -> -1.84,1.71.
UnityEngine.StackTraceUtility:ExtractStackTrace () (at /Users/bokken/build/output/unity/unity/Runtime/Export/Scripting/StackTrace.cs:37)
UnityEngine.DebugLogHandler:LogFormat (UnityEngine.LogType,UnityEngine.Object,string,object[])
UnityEngine.Logger:Log (UnityEngine.LogType,object)
UnityEngine.Debug:Log (object)
ArgusUnity.Runtime.MiniBotHideAndSeekScenario:ResolveDesiredDirection (ArgusUnity.Runtime.MiniBotHideAndSeekScenario/WanderAgent,UnityEngine.Vector3) (at Assets/Project/Scripts/Runtime/MiniBotHideAndSeekScenario.cs:166)
ArgusUnity.Runtime.MiniBotHideAndSeekScenario:FixedUpdate () (at Assets/Project/Scripts/Runtime/MiniBotHideAndSeekScenario.cs:74)

(Filename: Assets/Project/Scripts/Runtime/MiniBotHideAndSeekScenario.cs Line: 166)

MiniBotHideAndSeekScenario: free-roam retarget Seeker 02 -> -0.62,2.73.
UnityEngine.StackTraceUtility:ExtractStackTrace () (at /Users/bokken/build/output/unity/unity/Runtime/Export/Scripting/StackTrace.cs:37)
UnityEngine.DebugLogHandler:LogFormat (UnityEngine.LogType,UnityEngine.Object,string,object[])
UnityEngine.Logger:Log (UnityEngine.LogType,object)
UnityEngine.Debug:Log (object)
ArgusUnity.Runtime.MiniBotHideAndSeekScenario:ResolveDesiredDirection (ArgusUnity.Runtime.MiniBotHideAndSeekScenario/WanderAgent,UnityEngine.Vector3) (at Assets/Project/Scripts/Runtime/MiniBotHideAndSeekScenario.cs:166)
ArgusUnity.Runtime.MiniBotHideAndSeekScenario:FixedUpdate () (at Assets/Project/Scripts/Runtime/MiniBotHideAndSeekScenario.cs:74)

(Filename: Assets/Project/Scripts/Runtime/MiniBotHideAndSeekScenario.cs Line: 166)

MiniBotHideAndSeekScenario: free-roam retarget Hider 02 -> -0.83,1.26.
UnityEngine.StackTraceUtility:ExtractStackTrace () (at /Users/bokken/build/output/unity/unity/Runtime/Export/Scripting/StackTrace.cs:37)
UnityEngine.DebugLogHandler:LogFormat (UnityEngine.LogType,UnityEngine.Object,string,object[])
UnityEngine.Logger:Log (UnityEngine.LogType,object)
UnityEngine.Debug:Log (object)
ArgusUnity.Runtime.MiniBotHideAndSeekScenario:ResolveDesiredDirection (ArgusUnity.Runtime.MiniBotHideAndSeekScenario/WanderAgent,UnityEngine.Vector3) (at Assets/Project/Scripts/Runtime/MiniBotHideAndSeekScenario.cs:166)
ArgusUnity.Runtime.MiniBotHideAndSeekScenario:FixedUpdate () (at Assets/Project/Scripts/Runtime/MiniBotHideAndSeekScenario.cs:74)

(Filename: Assets/Project/Scripts/Runtime/MiniBotHideAndSeekScenario.cs Line: 166)

MiniBotHideAndSeekScenario: free-roam retarget Hider 02 -> 2.16,-1.46.
UnityEngine.StackTraceUtility:ExtractStackTrace () (at /Users/bokken/build/output/unity/unity/Runtime/Export/Scripting/StackTrace.cs:37)
UnityEngine.DebugLogHandler:LogFormat (UnityEngine.LogType,UnityEngine.Object,string,object[])
UnityEngine.Logger:Log (UnityEngine.LogType,object)
UnityEngine.Debug:Log (object)
ArgusUnity.Runtime.MiniBotHideAndSeekScenario:ResolveDesiredDirection (ArgusUnity.Runtime.MiniBotHideAndSeekScenario/WanderAgent,UnityEngine.Vector3) (at Assets/Project/Scripts/Runtime/MiniBotHideAndSeekScenario.cs:166)
ArgusUnity.Runtime.MiniBotHideAndSeekScenario:FixedUpdate () (at Assets/Project/Scripts/Runtime/MiniBotHideAndSeekScenario.cs:74)

(Filename: Assets/Project/Scripts/Runtime/MiniBotHideAndSeekScenario.cs Line: 166)

MiniBotHideAndSeekScenario: free-roam retarget Hider 01 -> -2.49,2.45.
UnityEngine.StackTraceUtility:ExtractStackTrace () (at /Users/bokken/build/output/unity/unity/Runtime/Export/Scripting/StackTrace.cs:37)
UnityEngine.DebugLogHandler:LogFormat (UnityEngine.LogType,UnityEngine.Object,string,object[])
UnityEngine.Logger:Log (UnityEngine.LogType,object)
UnityEngine.Debug:Log (object)
ArgusUnity.Runtime.MiniBotHideAndSeekScenario:ResolveDesiredDirection (ArgusUnity.Runtime.MiniBotHideAndSeekScenario/WanderAgent,UnityEngine.Vector3) (at Assets/Project/Scripts/Runtime/MiniBotHideAndSeekScenario.cs:166)
ArgusUnity.Runtime.MiniBotHideAndSeekScenario:FixedUpdate () (at Assets/Project/Scripts/Runtime/MiniBotHideAndSeekScenario.cs:74)

(Filename: Assets/Project/Scripts/Runtime/MiniBotHideAndSeekScenario.cs Line: 166)

MiniBotHideAndSeekScenario: free-roam retarget Hider 01 -> -3.80,1.90.
UnityEngine.StackTraceUtility:ExtractStackTrace () (at /Users/bokken/build/output/unity/unity/Runtime/Export/Scripting/StackTrace.cs:37)
UnityEngine.DebugLogHandler:LogFormat (UnityEngine.LogType,UnityEngine.Object,string,object[])
UnityEngine.Logger:Log (UnityEngine.LogType,object)
UnityEngine.Debug:Log (object)
ArgusUnity.Runtime.MiniBotHideAndSeekScenario:ResolveDesiredDirection (ArgusUnity.Runtime.MiniBotHideAndSeekScenario/WanderAgent,UnityEngine.Vector3) (at Assets/Project/Scripts/Runtime/MiniBotHideAndSeekScenario.cs:166)
ArgusUnity.Runtime.MiniBotHideAndSeekScenario:FixedUpdate () (at Assets/Project/Scripts/Runtime/MiniBotHideAndSeekScenario.cs:74)

(Filename: Assets/Project/Scripts/Runtime/MiniBotHideAndSeekScenario.cs Line: 166)

MiniBotHideAndSeekScenario: free-roam retarget Seeker 02 -> 1.69,-0.29.
UnityEngine.StackTraceUtility:ExtractStackTrace () (at /Users/bokken/build/output/unity/unity/Runtime/Export/Scripting/StackTrace.cs:37)
UnityEngine.DebugLogHandler:LogFormat (UnityEngine.LogType,UnityEngine.Object,string,object[])
UnityEngine.Logger:Log (UnityEngine.LogType,object)
UnityEngine.Debug:Log (object)
ArgusUnity.Runtime.MiniBotHideAndSeekScenario:ResolveDesiredDirection (ArgusUnity.Runtime.MiniBotHideAndSeekScenario/WanderAgent,UnityEngine.Vector3) (at Assets/Project/Scripts/Runtime/MiniBotHideAndSeekScenario.cs:166)
ArgusUnity.Runtime.MiniBotHideAndSeekScenario:FixedUpdate () (at Assets/Project/Scripts/Runtime/MiniBotHideAndSeekScenario.cs:74)

(Filename: Assets/Project/Scripts/Runtime/MiniBotHideAndSeekScenario.cs Line: 166)

MiniBotHideAndSeekScenario: free-roam retarget Hider 01 -> 4.09,2.60.
UnityEngine.StackTraceUtility:ExtractStackTrace () (at /Users/bokken/build/output/unity/unity/Runtime/Export/Scripting/StackTrace.cs:37)
UnityEngine.DebugLogHandler:LogFormat (UnityEngine.LogType,UnityEngine.Object,string,object[])
UnityEngine.Logger:Log (UnityEngine.LogType,object)
UnityEngine.Debug:Log (object)
ArgusUnity.Runtime.MiniBotHideAndSeekScenario:ResolveDesiredDirection (ArgusUnity.Runtime.MiniBotHideAndSeekScenario/WanderAgent,UnityEngine.Vector3) (at Assets/Project/Scripts/Runtime/MiniBotHideAndSeekScenario.cs:166)
ArgusUnity.Runtime.MiniBotHideAndSeekScenario:FixedUpdate () (at Assets/Project/Scripts/Runtime/MiniBotHideAndSeekScenario.cs:74)

(Filename: Assets/Project/Scripts/Runtime/MiniBotHideAndSeekScenario.cs Line: 166)

MiniBotHideAndSeekScenario: free-roam retarget Seeker 02 -> 4.48,-2.50.
UnityEngine.StackTraceUtility:ExtractStackTrace () (at /Users/bokken/build/output/unity/unity/Runtime/Export/Scripting/StackTrace.cs:37)
UnityEngine.DebugLogHandler:LogFormat (UnityEngine.LogType,UnityEngine.Object,string,object[])
UnityEngine.Logger:Log (UnityEngine.LogType,object)
UnityEngine.Debug:Log (object)
ArgusUnity.Runtime.MiniBotHideAndSeekScenario:ResolveDesiredDirection (ArgusUnity.Runtime.MiniBotHideAndSeekScenario/WanderAgent,UnityEngine.Vector3) (at Assets/Project/Scripts/Runtime/MiniBotHideAndSeekScenario.cs:166)
ArgusUnity.Runtime.MiniBotHideAndSeekScenario:FixedUpdate () (at Assets/Project/Scripts/Runtime/MiniBotHideAndSeekScenario.cs:74)

(Filename: Assets/Project/Scripts/Runtime/MiniBotHideAndSeekScenario.cs Line: 166)

MiniBotHideAndSeekScenario: free-roam retarget Hider 01 -> 4.49,-1.39.
UnityEngine.StackTraceUtility:ExtractStackTrace () (at /Users/bokken/build/output/unity/unity/Runtime/Export/Scripting/StackTrace.cs:37)
UnityEngine.DebugLogHandler:LogFormat (UnityEngine.LogType,UnityEngine.Object,string,object[])
UnityEngine.Logger:Log (UnityEngine.LogType,object)
UnityEngine.Debug:Log (object)
ArgusUnity.Runtime.MiniBotHideAndSeekScenario:ResolveDesiredDirection (ArgusUnity.Runtime.MiniBotHideAndSeekScenario/WanderAgent,UnityEngine.Vector3) (at Assets/Project/Scripts/Runtime/MiniBotHideAndSeekScenario.cs:166)
ArgusUnity.Runtime.MiniBotHideAndSeekScenario:FixedUpdate () (at Assets/Project/Scripts/Runtime/MiniBotHideAndSeekScenario.cs:74)

(Filename: Assets/Project/Scripts/Runtime/MiniBotHideAndSeekScenario.cs Line: 166)

MiniBotHideAndSeekScenario: free-roam retarget Seeker 02 -> -2.53,-0.44.
UnityEngine.StackTraceUtility:ExtractStackTrace () (at /Users/bokken/build/output/unity/unity/Runtime/Export/Scripting/StackTrace.cs:37)
UnityEngine.DebugLogHandler:LogFormat (UnityEngine.LogType,UnityEngine.Object,string,object[])
UnityEngine.Logger:Log (UnityEngine.LogType,object)
UnityEngine.Debug:Log (object)
ArgusUnity.Runtime.MiniBotHideAndSeekScenario:ResolveDesiredDirection (ArgusUnity.Runtime.MiniBotHideAndSeekScenario/WanderAgent,UnityEngine.Vector3) (at Assets/Project/Scripts/Runtime/MiniBotHideAndSeekScenario.cs:166)
ArgusUnity.Runtime.MiniBotHideAndSeekScenario:FixedUpdate () (at Assets/Project/Scripts/Runtime/MiniBotHideAndSeekScenario.cs:74)

(Filename: Assets/Project/Scripts/Runtime/MiniBotHideAndSeekScenario.cs Line: 166)

MiniBotHideAndSeekScenario: free-roam retarget Seeker 02 -> -3.72,0.79.
UnityEngine.StackTraceUtility:ExtractStackTrace () (at /Users/bokken/build/output/unity/unity/Runtime/Export/Scripting/StackTrace.cs:37)
UnityEngine.DebugLogHandler:LogFormat (UnityEngine.LogType,UnityEngine.Object,string,object[])
UnityEngine.Logger:Log (UnityEngine.LogType,object)
UnityEngine.Debug:Log (object)
ArgusUnity.Runtime.MiniBotHideAndSeekScenario:ResolveDesiredDirection (ArgusUnity.Runtime.MiniBotHideAndSeekScenario/WanderAgent,UnityEngine.Vector3) (at Assets/Project/Scripts/Runtime/MiniBotHideAndSeekScenario.cs:166)
ArgusUnity.Runtime.MiniBotHideAndSeekScenario:FixedUpdate () (at Assets/Project/Scripts/Runtime/MiniBotHideAndSeekScenario.cs:74)

(Filename: Assets/Project/Scripts/Runtime/MiniBotHideAndSeekScenario.cs Line: 166)

MiniBotHideAndSeekScenario: free-roam retarget Hider 02 -> -2.12,2.02.
UnityEngine.StackTraceUtility:ExtractStackTrace () (at /Users/bokken/build/output/unity/unity/Runtime/Export/Scripting/StackTrace.cs:37)
UnityEngine.DebugLogHandler:LogFormat (UnityEngine.LogType,UnityEngine.Object,string,object[])
UnityEngine.Logger:Log (UnityEngine.LogType,object)
UnityEngine.Debug:Log (object)
ArgusUnity.Runtime.MiniBotHideAndSeekScenario:ResolveDesiredDirection (ArgusUnity.Runtime.MiniBotHideAndSeekScenario/WanderAgent,UnityEngine.Vector3) (at Assets/Project/Scripts/Runtime/MiniBotHideAndSeekScenario.cs:166)
ArgusUnity.Runtime.MiniBotHideAndSeekScenario:FixedUpdate () (at Assets/Project/Scripts/Runtime/MiniBotHideAndSeekScenario.cs:74)

(Filename: Assets/Project/Scripts/Runtime/MiniBotHideAndSeekScenario.cs Line: 166)

MiniBotHideAndSeekScenario: free-roam retarget Seeker 02 -> 4.39,1.37.
UnityEngine.StackTraceUtility:ExtractStackTrace () (at /Users/bokken/build/output/unity/unity/Runtime/Export/Scripting/StackTrace.cs:37)
UnityEngine.DebugLogHandler:LogFormat (UnityEngine.LogType,UnityEngine.Object,string,object[])
UnityEngine.Logger:Log (UnityEngine.LogType,object)
UnityEngine.Debug:Log (object)
ArgusUnity.Runtime.MiniBotHideAndSeekScenario:ResolveDesiredDirection (ArgusUnity.Runtime.MiniBotHideAndSeekScenario/WanderAgent,UnityEngine.Vector3) (at Assets/Project/Scripts/Runtime/MiniBotHideAndSeekScenario.cs:166)
ArgusUnity.Runtime.MiniBotHideAndSeekScenario:FixedUpdate () (at Assets/Project/Scripts/Runtime/MiniBotHideAndSeekScenario.cs:74)

(Filename: Assets/Project/Scripts/Runtime/MiniBotHideAndSeekScenario.cs Line: 166)

MiniBotHideAndSeekScenario: free-roam retarget Hider 02 -> 4.49,-2.06.
UnityEngine.StackTraceUtility:ExtractStackTrace () (at /Users/bokken/build/output/unity/unity/Runtime/Export/Scripting/StackTrace.cs:37)
UnityEngine.DebugLogHandler:LogFormat (UnityEngine.LogType,UnityEngine.Object,string,object[])
UnityEngine.Logger:Log (UnityEngine.LogType,object)
UnityEngine.Debug:Log (object)
ArgusUnity.Runtime.MiniBotHideAndSeekScenario:ResolveDesiredDirection (ArgusUnity.Runtime.MiniBotHideAndSeekScenario/WanderAgent,UnityEngine.Vector3) (at Assets/Project/Scripts/Runtime/MiniBotHideAndSeekScenario.cs:166)
ArgusUnity.Runtime.MiniBotHideAndSeekScenario:FixedUpdate () (at Assets/Project/Scripts/Runtime/MiniBotHideAndSeekScenario.cs:74)

(Filename: Assets/Project/Scripts/Runtime/MiniBotHideAndSeekScenario.cs Line: 166)

MiniBotHideAndSeekScenario: free-roam retarget Hider 02 -> -0.56,0.23.
UnityEngine.StackTraceUtility:ExtractStackTrace () (at /Users/bokken/build/output/unity/unity/Runtime/Export/Scripting/StackTrace.cs:37)
UnityEngine.DebugLogHandler:LogFormat (UnityEngine.LogType,UnityEngine.Object,string,object[])
UnityEngine.Logger:Log (UnityEngine.LogType,object)
UnityEngine.Debug:Log (object)
ArgusUnity.Runtime.MiniBotHideAndSeekScenario:ResolveDesiredDirection (ArgusUnity.Runtime.MiniBotHideAndSeekScenario/WanderAgent,UnityEngine.Vector3) (at Assets/Project/Scripts/Runtime/MiniBotHideAndSeekScenario.cs:166)
ArgusUnity.Runtime.MiniBotHideAndSeekScenario:FixedUpdate () (at Assets/Project/Scripts/Runtime/MiniBotHideAndSeekScenario.cs:74)

(Filename: Assets/Project/Scripts/Runtime/MiniBotHideAndSeekScenario.cs Line: 166)

MiniBotHideAndSeekScenario: free-roam retarget Hider 01 -> 4.63,1.27.
UnityEngine.StackTraceUtility:ExtractStackTrace () (at /Users/bokken/build/output/unity/unity/Runtime/Export/Scripting/StackTrace.cs:37)
UnityEngine.DebugLogHandler:LogFormat (UnityEngine.LogType,UnityEngine.Object,string,object[])
UnityEngine.Logger:Log (UnityEngine.LogType,object)
UnityEngine.Debug:Log (object)
ArgusUnity.Runtime.MiniBotHideAndSeekScenario:ResolveDesiredDirection (ArgusUnity.Runtime.MiniBotHideAndSeekScenario/WanderAgent,UnityEngine.Vector3) (at Assets/Project/Scripts/Runtime/MiniBotHideAndSeekScenario.cs:166)
ArgusUnity.Runtime.MiniBotHideAndSeekScenario:FixedUpdate () (at Assets/Project/Scripts/Runtime/MiniBotHideAndSeekScenario.cs:74)

(Filename: Assets/Project/Scripts/Runtime/MiniBotHideAndSeekScenario.cs Line: 166)

MiniBotHideAndSeekScenario: free-roam retarget Seeker 02 -> -2.20,1.25.
UnityEngine.StackTraceUtility:ExtractStackTrace () (at /Users/bokken/build/output/unity/unity/Runtime/Export/Scripting/StackTrace.cs:37)
UnityEngine.DebugLogHandler:LogFormat (UnityEngine.LogType,UnityEngine.Object,string,object[])
UnityEngine.Logger:Log (UnityEngine.LogType,object)
UnityEngine.Debug:Log (object)
ArgusUnity.Runtime.MiniBotHideAndSeekScenario:ResolveDesiredDirection (ArgusUnity.Runtime.MiniBotHideAndSeekScenario/WanderAgent,UnityEngine.Vector3) (at Assets/Project/Scripts/Runtime/MiniBotHideAndSeekScenario.cs:166)
ArgusUnity.Runtime.MiniBotHideAndSeekScenario:FixedUpdate () (at Assets/Project/Scripts/Runtime/MiniBotHideAndSeekScenario.cs:74)

(Filename: Assets/Project/Scripts/Runtime/MiniBotHideAndSeekScenario.cs Line: 166)

MiniBotHideAndSeekScenario: free-roam retarget Hider 02 -> 1.61,0.94.
UnityEngine.StackTraceUtility:ExtractStackTrace () (at /Users/bokken/build/output/unity/unity/Runtime/Export/Scripting/StackTrace.cs:37)
UnityEngine.DebugLogHandler:LogFormat (UnityEngine.LogType,UnityEngine.Object,string,object[])
UnityEngine.Logger:Log (UnityEngine.LogType,object)
UnityEngine.Debug:Log (object)
ArgusUnity.Runtime.MiniBotHideAndSeekScenario:ResolveDesiredDirection (ArgusUnity.Runtime.MiniBotHideAndSeekScenario/WanderAgent,UnityEngine.Vector3) (at Assets/Project/Scripts/Runtime/MiniBotHideAndSeekScenario.cs:166)
ArgusUnity.Runtime.MiniBotHideAndSeekScenario:FixedUpdate () (at Assets/Project/Scripts/Runtime/MiniBotHideAndSeekScenario.cs:74)

(Filename: Assets/Project/Scripts/Runtime/MiniBotHideAndSeekScenario.cs Line: 166)

MiniBotHideAndSeekScenario: free-roam retarget Hider 02 -> 2.20,2.22.
UnityEngine.StackTraceUtility:ExtractStackTrace () (at /Users/bokken/build/output/unity/unity/Runtime/Export/Scripting/StackTrace.cs:37)
UnityEngine.DebugLogHandler:LogFormat (UnityEngine.LogType,UnityEngine.Object,string,object[])
UnityEngine.Logger:Log (UnityEngine.LogType,object)
UnityEngine.Debug:Log (object)
ArgusUnity.Runtime.MiniBotHideAndSeekScenario:ResolveDesiredDirection (ArgusUnity.Runtime.MiniBotHideAndSeekScenario/WanderAgent,UnityEngine.Vector3) (at Assets/Project/Scripts/Runtime/MiniBotHideAndSeekScenario.cs:166)
ArgusUnity.Runtime.MiniBotHideAndSeekScenario:FixedUpdate () (at Assets/Project/Scripts/Runtime/MiniBotHideAndSeekScenario.cs:74)

(Filename: Assets/Project/Scripts/Runtime/MiniBotHideAndSeekScenario.cs Line: 166)

MiniBotHideAndSeekScenario: free-roam retarget Hider 01 -> -4.10,0.35.
UnityEngine.StackTraceUtility:ExtractStackTrace () (at /Users/bokken/build/output/unity/unity/Runtime/Export/Scripting/StackTrace.cs:37)
UnityEngine.DebugLogHandler:LogFormat (UnityEngine.LogType,UnityEngine.Object,string,object[])
UnityEngine.Logger:Log (UnityEngine.LogType,object)
UnityEngine.Debug:Log (object)
ArgusUnity.Runtime.MiniBotHideAndSeekScenario:ResolveDesiredDirection (ArgusUnity.Runtime.MiniBotHideAndSeekScenario/WanderAgent,UnityEngine.Vector3) (at Assets/Project/Scripts/Runtime/MiniBotHideAndSeekScenario.cs:166)
ArgusUnity.Runtime.MiniBotHideAndSeekScenario:FixedUpdate () (at Assets/Project/Scripts/Runtime/MiniBotHideAndSeekScenario.cs:74)

(Filename: Assets/Project/Scripts/Runtime/MiniBotHideAndSeekScenario.cs Line: 166)

MiniBotHideAndSeekScenario: free-roam retarget Hider 02 -> -0.02,-2.15.
UnityEngine.StackTraceUtility:ExtractStackTrace () (at /Users/bokken/build/output/unity/unity/Runtime/Export/Scripting/StackTrace.cs:37)
UnityEngine.DebugLogHandler:LogFormat (UnityEngine.LogType,UnityEngine.Object,string,object[])
UnityEngine.Logger:Log (UnityEngine.LogType,object)
UnityEngine.Debug:Log (object)
ArgusUnity.Runtime.MiniBotHideAndSeekScenario:ResolveDesiredDirection (ArgusUnity.Runtime.MiniBotHideAndSeekScenario/WanderAgent,UnityEngine.Vector3) (at Assets/Project/Scripts/Runtime/MiniBotHideAndSeekScenario.cs:166)
ArgusUnity.Runtime.MiniBotHideAndSeekScenario:FixedUpdate () (at Assets/Project/Scripts/Runtime/MiniBotHideAndSeekScenario.cs:74)

(Filename: Assets/Project/Scripts/Runtime/MiniBotHideAndSeekScenario.cs Line: 166)

MiniBotHideAndSeekScenario: free-roam retarget Hider 01 -> 3.78,0.48.
UnityEngine.StackTraceUtility:ExtractStackTrace () (at /Users/bokken/build/output/unity/unity/Runtime/Export/Scripting/StackTrace.cs:37)
UnityEngine.DebugLogHandler:LogFormat (UnityEngine.LogType,UnityEngine.Object,string,object[])
UnityEngine.Logger:Log (UnityEngine.LogType,object)
UnityEngine.Debug:Log (object)
ArgusUnity.Runtime.MiniBotHideAndSeekScenario:ResolveDesiredDirection (ArgusUnity.Runtime.MiniBotHideAndSeekScenario/WanderAgent,UnityEngine.Vector3) (at Assets/Project/Scripts/Runtime/MiniBotHideAndSeekScenario.cs:166)
ArgusUnity.Runtime.MiniBotHideAndSeekScenario:FixedUpdate () (at Assets/Project/Scripts/Runtime/MiniBotHideAndSeekScenario.cs:74)

(Filename: Assets/Project/Scripts/Runtime/MiniBotHideAndSeekScenario.cs Line: 166)

MiniBotHideAndSeekScenario: free-roam retarget Hider 02 -> 0.10,0.34.
UnityEngine.StackTraceUtility:ExtractStackTrace () (at /Users/bokken/build/output/unity/unity/Runtime/Export/Scripting/StackTrace.cs:37)
UnityEngine.DebugLogHandler:LogFormat (UnityEngine.LogType,UnityEngine.Object,string,object[])
UnityEngine.Logger:Log (UnityEngine.LogType,object)
UnityEngine.Debug:Log (object)
ArgusUnity.Runtime.MiniBotHideAndSeekScenario:ResolveDesiredDirection (ArgusUnity.Runtime.MiniBotHideAndSeekScenario/WanderAgent,UnityEngine.Vector3) (at Assets/Project/Scripts/Runtime/MiniBotHideAndSeekScenario.cs:166)
ArgusUnity.Runtime.MiniBotHideAndSeekScenario:FixedUpdate () (at Assets/Project/Scripts/Runtime/MiniBotHideAndSeekScenario.cs:74)

(Filename: Assets/Project/Scripts/Runtime/MiniBotHideAndSeekScenario.cs Line: 166)

MiniBotHideAndSeekScenario: free-roam retarget Hider 01 -> 1.83,-0.36.
UnityEngine.StackTraceUtility:ExtractStackTrace () (at /Users/bokken/build/output/unity/unity/Runtime/Export/Scripting/StackTrace.cs:37)
UnityEngine.DebugLogHandler:LogFormat (UnityEngine.LogType,UnityEngine.Object,string,object[])
UnityEngine.Logger:Log (UnityEngine.LogType,object)
UnityEngine.Debug:Log (object)
ArgusUnity.Runtime.MiniBotHideAndSeekScenario:ResolveDesiredDirection (ArgusUnity.Runtime.MiniBotHideAndSeekScenario/WanderAgent,UnityEngine.Vector3) (at Assets/Project/Scripts/Runtime/MiniBotHideAndSeekScenario.cs:166)
ArgusUnity.Runtime.MiniBotHideAndSeekScenario:FixedUpdate () (at Assets/Project/Scripts/Runtime/MiniBotHideAndSeekScenario.cs:74)

(Filename: Assets/Project/Scripts/Runtime/MiniBotHideAndSeekScenario.cs Line: 166)

MiniBotHideAndSeekScenario: free-roam retarget Hider 01 -> 2.10,-0.84.
UnityEngine.StackTraceUtility:ExtractStackTrace () (at /Users/bokken/build/output/unity/unity/Runtime/Export/Scripting/StackTrace.cs:37)
UnityEngine.DebugLogHandler:LogFormat (UnityEngine.LogType,UnityEngine.Object,string,object[])
UnityEngine.Logger:Log (UnityEngine.LogType,object)
UnityEngine.Debug:Log (object)
ArgusUnity.Runtime.MiniBotHideAndSeekScenario:ResolveDesiredDirection (ArgusUnity.Runtime.MiniBotHideAndSeekScenario/WanderAgent,UnityEngine.Vector3) (at Assets/Project/Scripts/Runtime/MiniBotHideAndSeekScenario.cs:166)
ArgusUnity.Runtime.MiniBotHideAndSeekScenario:FixedUpdate () (at Assets/Project/Scripts/Runtime/MiniBotHideAndSeekScenario.cs:74)

(Filename: Assets/Project/Scripts/Runtime/MiniBotHideAndSeekScenario.cs Line: 166)

MiniBotHideAndSeekScenario: free-roam retarget Hider 02 -> 3.21,0.84.
UnityEngine.StackTraceUtility:ExtractStackTrace () (at /Users/bokken/build/output/unity/unity/Runtime/Export/Scripting/StackTrace.cs:37)
UnityEngine.DebugLogHandler:LogFormat (UnityEngine.LogType,UnityEngine.Object,string,object[])
UnityEngine.Logger:Log (UnityEngine.LogType,object)
UnityEngine.Debug:Log (object)
ArgusUnity.Runtime.MiniBotHideAndSeekScenario:ResolveDesiredDirection (ArgusUnity.Runtime.MiniBotHideAndSeekScenario/WanderAgent,UnityEngine.Vector3) (at Assets/Project/Scripts/Runtime/MiniBotHideAndSeekScenario.cs:166)
ArgusUnity.Runtime.MiniBotHideAndSeekScenario:FixedUpdate () (at Assets/Project/Scripts/Runtime/MiniBotHideAndSeekScenario.cs:74)

(Filename: Assets/Project/Scripts/Runtime/MiniBotHideAndSeekScenario.cs Line: 166)

MiniBotHideAndSeekScenario: free-roam retarget Seeker 02 -> -0.94,2.83.
UnityEngine.StackTraceUtility:ExtractStackTrace () (at /Users/bokken/build/output/unity/unity/Runtime/Export/Scripting/StackTrace.cs:37)
UnityEngine.DebugLogHandler:LogFormat (UnityEngine.LogType,UnityEngine.Object,string,object[])
UnityEngine.Logger:Log (UnityEngine.LogType,object)
UnityEngine.Debug:Log (object)
ArgusUnity.Runtime.MiniBotHideAndSeekScenario:ResolveDesiredDirection (ArgusUnity.Runtime.MiniBotHideAndSeekScenario/WanderAgent,UnityEngine.Vector3) (at Assets/Project/Scripts/Runtime/MiniBotHideAndSeekScenario.cs:166)
ArgusUnity.Runtime.MiniBotHideAndSeekScenario:FixedUpdate () (at Assets/Project/Scripts/Runtime/MiniBotHideAndSeekScenario.cs:74)

(Filename: Assets/Project/Scripts/Runtime/MiniBotHideAndSeekScenario.cs Line: 166)

MiniBotHideAndSeekScenario: free-roam retarget Hider 02 -> -2.33,-0.51.
UnityEngine.StackTraceUtility:ExtractStackTrace () (at /Users/bokken/build/output/unity/unity/Runtime/Export/Scripting/StackTrace.cs:37)
UnityEngine.DebugLogHandler:LogFormat (UnityEngine.LogType,UnityEngine.Object,string,object[])
UnityEngine.Logger:Log (UnityEngine.LogType,object)
UnityEngine.Debug:Log (object)
ArgusUnity.Runtime.MiniBotHideAndSeekScenario:ResolveDesiredDirection (ArgusUnity.Runtime.MiniBotHideAndSeekScenario/WanderAgent,UnityEngine.Vector3) (at Assets/Project/Scripts/Runtime/MiniBotHideAndSeekScenario.cs:166)
ArgusUnity.Runtime.MiniBotHideAndSeekScenario:FixedUpdate () (at Assets/Project/Scripts/Runtime/MiniBotHideAndSeekScenario.cs:74)

(Filename: Assets/Project/Scripts/Runtime/MiniBotHideAndSeekScenario.cs Line: 166)

MiniBotHideAndSeekScenario: free-roam retarget Seeker 02 -> 3.19,1.80.
UnityEngine.StackTraceUtility:ExtractStackTrace () (at /Users/bokken/build/output/unity/unity/Runtime/Export/Scripting/StackTrace.cs:37)
UnityEngine.DebugLogHandler:LogFormat (UnityEngine.LogType,UnityEngine.Object,string,object[])
UnityEngine.Logger:Log (UnityEngine.LogType,object)
UnityEngine.Debug:Log (object)
ArgusUnity.Runtime.MiniBotHideAndSeekScenario:ResolveDesiredDirection (ArgusUnity.Runtime.MiniBotHideAndSeekScenario/WanderAgent,UnityEngine.Vector3) (at Assets/Project/Scripts/Runtime/MiniBotHideAndSeekScenario.cs:166)
ArgusUnity.Runtime.MiniBotHideAndSeekScenario:FixedUpdate () (at Assets/Project/Scripts/Runtime/MiniBotHideAndSeekScenario.cs:74)

(Filename: Assets/Project/Scripts/Runtime/MiniBotHideAndSeekScenario.cs Line: 166)

MiniBotHideAndSeekScenario: free-roam retarget Seeker 02 -> 0.06,-2.08.
UnityEngine.StackTraceUtility:ExtractStackTrace () (at /Users/bokken/build/output/unity/unity/Runtime/Export/Scripting/StackTrace.cs:37)
UnityEngine.DebugLogHandler:LogFormat (UnityEngine.LogType,UnityEngine.Object,string,object[])
UnityEngine.Logger:Log (UnityEngine.LogType,object)
UnityEngine.Debug:Log (object)
ArgusUnity.Runtime.MiniBotHideAndSeekScenario:ResolveDesiredDirection (ArgusUnity.Runtime.MiniBotHideAndSeekScenario/WanderAgent,UnityEngine.Vector3) (at Assets/Project/Scripts/Runtime/MiniBotHideAndSeekScenario.cs:166)
ArgusUnity.Runtime.MiniBotHideAndSeekScenario:FixedUpdate () (at Assets/Project/Scripts/Runtime/MiniBotHideAndSeekScenario.cs:74)

(Filename: Assets/Project/Scripts/Runtime/MiniBotHideAndSeekScenario.cs Line: 166)

MiniBotHideAndSeekScenario: free-roam retarget Hider 02 -> 0.71,1.72.
UnityEngine.StackTraceUtility:ExtractStackTrace () (at /Users/bokken/build/output/unity/unity/Runtime/Export/Scripting/StackTrace.cs:37)
UnityEngine.DebugLogHandler:LogFormat (UnityEngine.LogType,UnityEngine.Object,string,object[])
UnityEngine.Logger:Log (UnityEngine.LogType,object)
UnityEngine.Debug:Log (object)
ArgusUnity.Runtime.MiniBotHideAndSeekScenario:ResolveDesiredDirection (ArgusUnity.Runtime.MiniBotHideAndSeekScenario/WanderAgent,UnityEngine.Vector3) (at Assets/Project/Scripts/Runtime/MiniBotHideAndSeekScenario.cs:166)
ArgusUnity.Runtime.MiniBotHideAndSeekScenario:FixedUpdate () (at Assets/Project/Scripts/Runtime/MiniBotHideAndSeekScenario.cs:74)

(Filename: Assets/Project/Scripts/Runtime/MiniBotHideAndSeekScenario.cs Line: 166)

MiniBotHideAndSeekScenario: free-roam retarget Hider 02 -> 2.15,1.99.
UnityEngine.StackTraceUtility:ExtractStackTrace () (at /Users/bokken/build/output/unity/unity/Runtime/Export/Scripting/StackTrace.cs:37)
UnityEngine.DebugLogHandler:LogFormat (UnityEngine.LogType,UnityEngine.Object,string,object[])
UnityEngine.Logger:Log (UnityEngine.LogType,object)
UnityEngine.Debug:Log (object)
ArgusUnity.Runtime.MiniBotHideAndSeekScenario:ResolveDesiredDirection (ArgusUnity.Runtime.MiniBotHideAndSeekScenario/WanderAgent,UnityEngine.Vector3) (at Assets/Project/Scripts/Runtime/MiniBotHideAndSeekScenario.cs:166)
ArgusUnity.Runtime.MiniBotHideAndSeekScenario:FixedUpdate () (at Assets/Project/Scripts/Runtime/MiniBotHideAndSeekScenario.cs:74)

(Filename: Assets/Project/Scripts/Runtime/MiniBotHideAndSeekScenario.cs Line: 166)

MiniBotHideAndSeekScenario: free-roam retarget Seeker 02 -> -0.63,1.11.
UnityEngine.StackTraceUtility:ExtractStackTrace () (at /Users/bokken/build/output/unity/unity/Runtime/Export/Scripting/StackTrace.cs:37)
UnityEngine.DebugLogHandler:LogFormat (UnityEngine.LogType,UnityEngine.Object,string,object[])
UnityEngine.Logger:Log (UnityEngine.LogType,object)
UnityEngine.Debug:Log (object)
ArgusUnity.Runtime.MiniBotHideAndSeekScenario:ResolveDesiredDirection (ArgusUnity.Runtime.MiniBotHideAndSeekScenario/WanderAgent,UnityEngine.Vector3) (at Assets/Project/Scripts/Runtime/MiniBotHideAndSeekScenario.cs:166)
ArgusUnity.Runtime.MiniBotHideAndSeekScenario:FixedUpdate () (at Assets/Project/Scripts/Runtime/MiniBotHideAndSeekScenario.cs:74)

(Filename: Assets/Project/Scripts/Runtime/MiniBotHideAndSeekScenario.cs Line: 166)

MiniBotHideAndSeekScenario: free-roam retarget Hider 02 -> -4.49,-0.48.
UnityEngine.StackTraceUtility:ExtractStackTrace () (at /Users/bokken/build/output/unity/unity/Runtime/Export/Scripting/StackTrace.cs:37)
UnityEngine.DebugLogHandler:LogFormat (UnityEngine.LogType,UnityEngine.Object,string,object[])
UnityEngine.Logger:Log (UnityEngine.LogType,object)
UnityEngine.Debug:Log (object)
ArgusUnity.Runtime.MiniBotHideAndSeekScenario:ResolveDesiredDirection (ArgusUnity.Runtime.MiniBotHideAndSeekScenario/WanderAgent,UnityEngine.Vector3) (at Assets/Project/Scripts/Runtime/MiniBotHideAndSeekScenario.cs:166)
ArgusUnity.Runtime.MiniBotHideAndSeekScenario:FixedUpdate () (at Assets/Project/Scripts/Runtime/MiniBotHideAndSeekScenario.cs:74)

(Filename: Assets/Project/Scripts/Runtime/MiniBotHideAndSeekScenario.cs Line: 166)

MiniBotHideAndSeekScenario: free-roam retarget Seeker 02 -> -0.15,1.12.
UnityEngine.StackTraceUtility:ExtractStackTrace () (at /Users/bokken/build/output/unity/unity/Runtime/Export/Scripting/StackTrace.cs:37)
UnityEngine.DebugLogHandler:LogFormat (UnityEngine.LogType,UnityEngine.Object,string,object[])
UnityEngine.Logger:Log (UnityEngine.LogType,object)
UnityEngine.Debug:Log (object)
ArgusUnity.Runtime.MiniBotHideAndSeekScenario:ResolveDesiredDirection (ArgusUnity.Runtime.MiniBotHideAndSeekScenario/WanderAgent,UnityEngine.Vector3) (at Assets/Project/Scripts/Runtime/MiniBotHideAndSeekScenario.cs:166)
ArgusUnity.Runtime.MiniBotHideAndSeekScenario:FixedUpdate () (at Assets/Project/Scripts/Runtime/MiniBotHideAndSeekScenario.cs:74)

(Filename: Assets/Project/Scripts/Runtime/MiniBotHideAndSeekScenario.cs Line: 166)

MiniBotHideAndSeekScenario: free-roam retarget Seeker 02 -> -2.04,1.79.
UnityEngine.StackTraceUtility:ExtractStackTrace () (at /Users/bokken/build/output/unity/unity/Runtime/Export/Scripting/StackTrace.cs:37)
UnityEngine.DebugLogHandler:LogFormat (UnityEngine.LogType,UnityEngine.Object,string,object[])
UnityEngine.Logger:Log (UnityEngine.LogType,object)
UnityEngine.Debug:Log (object)
ArgusUnity.Runtime.MiniBotHideAndSeekScenario:ResolveDesiredDirection (ArgusUnity.Runtime.MiniBotHideAndSeekScenario/WanderAgent,UnityEngine.Vector3) (at Assets/Project/Scripts/Runtime/MiniBotHideAndSeekScenario.cs:166)
ArgusUnity.Runtime.MiniBotHideAndSeekScenario:FixedUpdate () (at Assets/Project/Scripts/Runtime/MiniBotHideAndSeekScenario.cs:74)

(Filename: Assets/Project/Scripts/Runtime/MiniBotHideAndSeekScenario.cs Line: 166)

MiniBotHideAndSeekScenario: free-roam retarget Hider 01 -> -3.94,-0.18.
UnityEngine.StackTraceUtility:ExtractStackTrace () (at /Users/bokken/build/output/unity/unity/Runtime/Export/Scripting/StackTrace.cs:37)
UnityEngine.DebugLogHandler:LogFormat (UnityEngine.LogType,UnityEngine.Object,string,object[])
UnityEngine.Logger:Log (UnityEngine.LogType,object)
UnityEngine.Debug:Log (object)
ArgusUnity.Runtime.MiniBotHideAndSeekScenario:ResolveDesiredDirection (ArgusUnity.Runtime.MiniBotHideAndSeekScenario/WanderAgent,UnityEngine.Vector3) (at Assets/Project/Scripts/Runtime/MiniBotHideAndSeekScenario.cs:166)
ArgusUnity.Runtime.MiniBotHideAndSeekScenario:FixedUpdate () (at Assets/Project/Scripts/Runtime/MiniBotHideAndSeekScenario.cs:74)

(Filename: Assets/Project/Scripts/Runtime/MiniBotHideAndSeekScenario.cs Line: 166)

MiniBotHideAndSeekScenario: free-roam retarget Hider 02 -> 2.28,-0.71.
UnityEngine.StackTraceUtility:ExtractStackTrace () (at /Users/bokken/build/output/unity/unity/Runtime/Export/Scripting/StackTrace.cs:37)
UnityEngine.DebugLogHandler:LogFormat (UnityEngine.LogType,UnityEngine.Object,string,object[])
UnityEngine.Logger:Log (UnityEngine.LogType,object)
UnityEngine.Debug:Log (object)
ArgusUnity.Runtime.MiniBotHideAndSeekScenario:ResolveDesiredDirection (ArgusUnity.Runtime.MiniBotHideAndSeekScenario/WanderAgent,UnityEngine.Vector3) (at Assets/Project/Scripts/Runtime/MiniBotHideAndSeekScenario.cs:166)
ArgusUnity.Runtime.MiniBotHideAndSeekScenario:FixedUpdate () (at Assets/Project/Scripts/Runtime/MiniBotHideAndSeekScenario.cs:74)

(Filename: Assets/Project/Scripts/Runtime/MiniBotHideAndSeekScenario.cs Line: 166)

MiniBotHideAndSeekScenario: free-roam retarget Seeker 02 -> 2.08,0.04.
UnityEngine.StackTraceUtility:ExtractStackTrace () (at /Users/bokken/build/output/unity/unity/Runtime/Export/Scripting/StackTrace.cs:37)
UnityEngine.DebugLogHandler:LogFormat (UnityEngine.LogType,UnityEngine.Object,string,object[])
UnityEngine.Logger:Log (UnityEngine.LogType,object)
UnityEngine.Debug:Log (object)
ArgusUnity.Runtime.MiniBotHideAndSeekScenario:ResolveDesiredDirection (ArgusUnity.Runtime.MiniBotHideAndSeekScenario/WanderAgent,UnityEngine.Vector3) (at Assets/Project/Scripts/Runtime/MiniBotHideAndSeekScenario.cs:166)
ArgusUnity.Runtime.MiniBotHideAndSeekScenario:FixedUpdate () (at Assets/Project/Scripts/Runtime/MiniBotHideAndSeekScenario.cs:74)

(Filename: Assets/Project/Scripts/Runtime/MiniBotHideAndSeekScenario.cs Line: 166)

MiniBotHideAndSeekScenario: free-roam retarget Hider 01 -> -2.10,-1.86.
UnityEngine.StackTraceUtility:ExtractStackTrace () (at /Users/bokken/build/output/unity/unity/Runtime/Export/Scripting/StackTrace.cs:37)
UnityEngine.DebugLogHandler:LogFormat (UnityEngine.LogType,UnityEngine.Object,string,object[])
UnityEngine.Logger:Log (UnityEngine.LogType,object)
UnityEngine.Debug:Log (object)
ArgusUnity.Runtime.MiniBotHideAndSeekScenario:ResolveDesiredDirection (ArgusUnity.Runtime.MiniBotHideAndSeekScenario/WanderAgent,UnityEngine.Vector3) (at Assets/Project/Scripts/Runtime/MiniBotHideAndSeekScenario.cs:166)
ArgusUnity.Runtime.MiniBotHideAndSeekScenario:FixedUpdate () (at Assets/Project/Scripts/Runtime/MiniBotHideAndSeekScenario.cs:74)

(Filename: Assets/Project/Scripts/Runtime/MiniBotHideAndSeekScenario.cs Line: 166)

MiniBotHideAndSeekScenario: free-roam retarget Seeker 02 -> 1.89,-2.06.
UnityEngine.StackTraceUtility:ExtractStackTrace () (at /Users/bokken/build/output/unity/unity/Runtime/Export/Scripting/StackTrace.cs:37)
UnityEngine.DebugLogHandler:LogFormat (UnityEngine.LogType,UnityEngine.Object,string,object[])
UnityEngine.Logger:Log (UnityEngine.LogType,object)
UnityEngine.Debug:Log (object)
ArgusUnity.Runtime.MiniBotHideAndSeekScenario:ResolveDesiredDirection (ArgusUnity.Runtime.MiniBotHideAndSeekScenario/WanderAgent,UnityEngine.Vector3) (at Assets/Project/Scripts/Runtime/MiniBotHideAndSeekScenario.cs:166)
ArgusUnity.Runtime.MiniBotHideAndSeekScenario:FixedUpdate () (at Assets/Project/Scripts/Runtime/MiniBotHideAndSeekScenario.cs:74)

(Filename: Assets/Project/Scripts/Runtime/MiniBotHideAndSeekScenario.cs Line: 166)

MiniBotHideAndSeekScenario: free-roam retarget Hider 02 -> -3.31,1.97.
UnityEngine.StackTraceUtility:ExtractStackTrace () (at /Users/bokken/build/output/unity/unity/Runtime/Export/Scripting/StackTrace.cs:37)
UnityEngine.DebugLogHandler:LogFormat (UnityEngine.LogType,UnityEngine.Object,string,object[])
UnityEngine.Logger:Log (UnityEngine.LogType,object)
UnityEngine.Debug:Log (object)
ArgusUnity.Runtime.MiniBotHideAndSeekScenario:ResolveDesiredDirection (ArgusUnity.Runtime.MiniBotHideAndSeekScenario/WanderAgent,UnityEngine.Vector3) (at Assets/Project/Scripts/Runtime/MiniBotHideAndSeekScenario.cs:166)
ArgusUnity.Runtime.MiniBotHideAndSeekScenario:FixedUpdate () (at Assets/Project/Scripts/Runtime/MiniBotHideAndSeekScenario.cs:74)

(Filename: Assets/Project/Scripts/Runtime/MiniBotHideAndSeekScenario.cs Line: 166)

MiniBotHideAndSeekScenario: free-roam retarget Seeker 02 -> 1.19,1.91.
UnityEngine.StackTraceUtility:ExtractStackTrace () (at /Users/bokken/build/output/unity/unity/Runtime/Export/Scripting/StackTrace.cs:37)
UnityEngine.DebugLogHandler:LogFormat (UnityEngine.LogType,UnityEngine.Object,string,object[])
UnityEngine.Logger:Log (UnityEngine.LogType,object)
UnityEngine.Debug:Log (object)
ArgusUnity.Runtime.MiniBotHideAndSeekScenario:ResolveDesiredDirection (ArgusUnity.Runtime.MiniBotHideAndSeekScenario/WanderAgent,UnityEngine.Vector3) (at Assets/Project/Scripts/Runtime/MiniBotHideAndSeekScenario.cs:166)
ArgusUnity.Runtime.MiniBotHideAndSeekScenario:FixedUpdate () (at Assets/Project/Scripts/Runtime/MiniBotHideAndSeekScenario.cs:74)

(Filename: Assets/Project/Scripts/Runtime/MiniBotHideAndSeekScenario.cs Line: 166)

MiniBotHideAndSeekScenario: free-roam retarget Hider 01 -> -3.88,1.77.
UnityEngine.StackTraceUtility:ExtractStackTrace () (at /Users/bokken/build/output/unity/unity/Runtime/Export/Scripting/StackTrace.cs:37)
UnityEngine.DebugLogHandler:LogFormat (UnityEngine.LogType,UnityEngine.Object,string,object[])
UnityEngine.Logger:Log (UnityEngine.LogType,object)
UnityEngine.Debug:Log (object)
ArgusUnity.Runtime.MiniBotHideAndSeekScenario:ResolveDesiredDirection (ArgusUnity.Runtime.MiniBotHideAndSeekScenario/WanderAgent,UnityEngine.Vector3) (at Assets/Project/Scripts/Runtime/MiniBotHideAndSeekScenario.cs:166)
ArgusUnity.Runtime.MiniBotHideAndSeekScenario:FixedUpdate () (at Assets/Project/Scripts/Runtime/MiniBotHideAndSeekScenario.cs:74)

(Filename: Assets/Project/Scripts/Runtime/MiniBotHideAndSeekScenario.cs Line: 166)

MiniBotHideAndSeekScenario: free-roam retarget Hider 02 -> 2.36,-0.38.
UnityEngine.StackTraceUtility:ExtractStackTrace () (at /Users/bokken/build/output/unity/unity/Runtime/Export/Scripting/StackTrace.cs:37)
UnityEngine.DebugLogHandler:LogFormat (UnityEngine.LogType,UnityEngine.Object,string,object[])
UnityEngine.Logger:Log (UnityEngine.LogType,object)
UnityEngine.Debug:Log (object)
ArgusUnity.Runtime.MiniBotHideAndSeekScenario:ResolveDesiredDirection (ArgusUnity.Runtime.MiniBotHideAndSeekScenario/WanderAgent,UnityEngine.Vector3) (at Assets/Project/Scripts/Runtime/MiniBotHideAndSeekScenario.cs:166)
ArgusUnity.Runtime.MiniBotHideAndSeekScenario:FixedUpdate () (at Assets/Project/Scripts/Runtime/MiniBotHideAndSeekScenario.cs:74)

(Filename: Assets/Project/Scripts/Runtime/MiniBotHideAndSeekScenario.cs Line: 166)

MiniBotHideAndSeekScenario: free-roam retarget Hider 02 -> -0.80,1.76.
UnityEngine.StackTraceUtility:ExtractStackTrace () (at /Users/bokken/build/output/unity/unity/Runtime/Export/Scripting/StackTrace.cs:37)
UnityEngine.DebugLogHandler:LogFormat (UnityEngine.LogType,UnityEngine.Object,string,object[])
UnityEngine.Logger:Log (UnityEngine.LogType,object)
UnityEngine.Debug:Log (object)
ArgusUnity.Runtime.MiniBotHideAndSeekScenario:ResolveDesiredDirection (ArgusUnity.Runtime.MiniBotHideAndSeekScenario/WanderAgent,UnityEngine.Vector3) (at Assets/Project/Scripts/Runtime/MiniBotHideAndSeekScenario.cs:166)
ArgusUnity.Runtime.MiniBotHideAndSeekScenario:FixedUpdate () (at Assets/Project/Scripts/Runtime/MiniBotHideAndSeekScenario.cs:74)

(Filename: Assets/Project/Scripts/Runtime/MiniBotHideAndSeekScenario.cs Line: 166)

MiniBotHideAndSeekScenario: free-roam retarget Seeker 02 -> -3.36,1.33.
UnityEngine.StackTraceUtility:ExtractStackTrace () (at /Users/bokken/build/output/unity/unity/Runtime/Export/Scripting/StackTrace.cs:37)
UnityEngine.DebugLogHandler:LogFormat (UnityEngine.LogType,UnityEngine.Object,string,object[])
UnityEngine.Logger:Log (UnityEngine.LogType,object)
UnityEngine.Debug:Log (object)
ArgusUnity.Runtime.MiniBotHideAndSeekScenario:ResolveDesiredDirection (ArgusUnity.Runtime.MiniBotHideAndSeekScenario/WanderAgent,UnityEngine.Vector3) (at Assets/Project/Scripts/Runtime/MiniBotHideAndSeekScenario.cs:166)
ArgusUnity.Runtime.MiniBotHideAndSeekScenario:FixedUpdate () (at Assets/Project/Scripts/Runtime/MiniBotHideAndSeekScenario.cs:74)

(Filename: Assets/Project/Scripts/Runtime/MiniBotHideAndSeekScenario.cs Line: 166)

MiniBotHideAndSeekScenario: free-roam retarget Hider 02 -> 0.13,-2.18.
UnityEngine.StackTraceUtility:ExtractStackTrace () (at /Users/bokken/build/output/unity/unity/Runtime/Export/Scripting/StackTrace.cs:37)
UnityEngine.DebugLogHandler:LogFormat (UnityEngine.LogType,UnityEngine.Object,string,object[])
UnityEngine.Logger:Log (UnityEngine.LogType,object)
UnityEngine.Debug:Log (object)
ArgusUnity.Runtime.MiniBotHideAndSeekScenario:ResolveDesiredDirection (ArgusUnity.Runtime.MiniBotHideAndSeekScenario/WanderAgent,UnityEngine.Vector3) (at Assets/Project/Scripts/Runtime/MiniBotHideAndSeekScenario.cs:166)
ArgusUnity.Runtime.MiniBotHideAndSeekScenario:FixedUpdate () (at Assets/Project/Scripts/Runtime/MiniBotHideAndSeekScenario.cs:74)

(Filename: Assets/Project/Scripts/Runtime/MiniBotHideAndSeekScenario.cs Line: 166)

MiniBotHideAndSeekScenario: free-roam retarget Hider 01 -> 4.14,2.65.
UnityEngine.StackTraceUtility:ExtractStackTrace () (at /Users/bokken/build/output/unity/unity/Runtime/Export/Scripting/StackTrace.cs:37)
UnityEngine.DebugLogHandler:LogFormat (UnityEngine.LogType,UnityEngine.Object,string,object[])
UnityEngine.Logger:Log (UnityEngine.LogType,object)
UnityEngine.Debug:Log (object)
ArgusUnity.Runtime.MiniBotHideAndSeekScenario:ResolveDesiredDirection (ArgusUnity.Runtime.MiniBotHideAndSeekScenario/WanderAgent,UnityEngine.Vector3) (at Assets/Project/Scripts/Runtime/MiniBotHideAndSeekScenario.cs:166)
ArgusUnity.Runtime.MiniBotHideAndSeekScenario:FixedUpdate () (at Assets/Project/Scripts/Runtime/MiniBotHideAndSeekScenario.cs:74)

(Filename: Assets/Project/Scripts/Runtime/MiniBotHideAndSeekScenario.cs Line: 166)

MiniBotHideAndSeekScenario: free-roam retarget Seeker 02 -> -4.13,-2.91.
UnityEngine.StackTraceUtility:ExtractStackTrace () (at /Users/bokken/build/output/unity/unity/Runtime/Export/Scripting/StackTrace.cs:37)
UnityEngine.DebugLogHandler:LogFormat (UnityEngine.LogType,UnityEngine.Object,string,object[])
UnityEngine.Logger:Log (UnityEngine.LogType,object)
UnityEngine.Debug:Log (object)
ArgusUnity.Runtime.MiniBotHideAndSeekScenario:ResolveDesiredDirection (ArgusUnity.Runtime.MiniBotHideAndSeekScenario/WanderAgent,UnityEngine.Vector3) (at Assets/Project/Scripts/Runtime/MiniBotHideAndSeekScenario.cs:166)
ArgusUnity.Runtime.MiniBotHideAndSeekScenario:FixedUpdate () (at Assets/Project/Scripts/Runtime/MiniBotHideAndSeekScenario.cs:74)

(Filename: Assets/Project/Scripts/Runtime/MiniBotHideAndSeekScenario.cs Line: 166)

MiniBotHideAndSeekScenario: free-roam retarget Hider 02 -> 4.47,2.57.
UnityEngine.StackTraceUtility:ExtractStackTrace () (at /Users/bokken/build/output/unity/unity/Runtime/Export/Scripting/StackTrace.cs:37)
UnityEngine.DebugLogHandler:LogFormat (UnityEngine.LogType,UnityEngine.Object,string,object[])
UnityEngine.Logger:Log (UnityEngine.LogType,object)
UnityEngine.Debug:Log (object)
ArgusUnity.Runtime.MiniBotHideAndSeekScenario:ResolveDesiredDirection (ArgusUnity.Runtime.MiniBotHideAndSeekScenario/WanderAgent,UnityEngine.Vector3) (at Assets/Project/Scripts/Runtime/MiniBotHideAndSeekScenario.cs:166)
ArgusUnity.Runtime.MiniBotHideAndSeekScenario:FixedUpdate () (at Assets/Project/Scripts/Runtime/MiniBotHideAndSeekScenario.cs:74)

(Filename: Assets/Project/Scripts/Runtime/MiniBotHideAndSeekScenario.cs Line: 166)

MiniBotHideAndSeekScenario: free-roam retarget Seeker 02 -> -1.86,1.32.
UnityEngine.StackTraceUtility:ExtractStackTrace () (at /Users/bokken/build/output/unity/unity/Runtime/Export/Scripting/StackTrace.cs:37)
UnityEngine.DebugLogHandler:LogFormat (UnityEngine.LogType,UnityEngine.Object,string,object[])
UnityEngine.Logger:Log (UnityEngine.LogType,object)
UnityEngine.Debug:Log (object)
ArgusUnity.Runtime.MiniBotHideAndSeekScenario:ResolveDesiredDirection (ArgusUnity.Runtime.MiniBotHideAndSeekScenario/WanderAgent,UnityEngine.Vector3) (at Assets/Project/Scripts/Runtime/MiniBotHideAndSeekScenario.cs:166)
ArgusUnity.Runtime.MiniBotHideAndSeekScenario:FixedUpdate () (at Assets/Project/Scripts/Runtime/MiniBotHideAndSeekScenario.cs:74)

(Filename: Assets/Project/Scripts/Runtime/MiniBotHideAndSeekScenario.cs Line: 166)

MiniBotHideAndSeekScenario: free-roam retarget Hider 02 -> -2.90,-0.65.
UnityEngine.StackTraceUtility:ExtractStackTrace () (at /Users/bokken/build/output/unity/unity/Runtime/Export/Scripting/StackTrace.cs:37)
UnityEngine.DebugLogHandler:LogFormat (UnityEngine.LogType,UnityEngine.Object,string,object[])
UnityEngine.Logger:Log (UnityEngine.LogType,object)
UnityEngine.Debug:Log (object)
ArgusUnity.Runtime.MiniBotHideAndSeekScenario:ResolveDesiredDirection (ArgusUnity.Runtime.MiniBotHideAndSeekScenario/WanderAgent,UnityEngine.Vector3) (at Assets/Project/Scripts/Runtime/MiniBotHideAndSeekScenario.cs:166)
ArgusUnity.Runtime.MiniBotHideAndSeekScenario:FixedUpdate () (at Assets/Project/Scripts/Runtime/MiniBotHideAndSeekScenario.cs:74)

(Filename: Assets/Project/Scripts/Runtime/MiniBotHideAndSeekScenario.cs Line: 166)

MiniBotHideAndSeekScenario: free-roam retarget Seeker 02 -> 1.33,1.68.
UnityEngine.StackTraceUtility:ExtractStackTrace () (at /Users/bokken/build/output/unity/unity/Runtime/Export/Scripting/StackTrace.cs:37)
UnityEngine.DebugLogHandler:LogFormat (UnityEngine.LogType,UnityEngine.Object,string,object[])
UnityEngine.Logger:Log (UnityEngine.LogType,object)
UnityEngine.Debug:Log (object)
ArgusUnity.Runtime.MiniBotHideAndSeekScenario:ResolveDesiredDirection (ArgusUnity.Runtime.MiniBotHideAndSeekScenario/WanderAgent,UnityEngine.Vector3) (at Assets/Project/Scripts/Runtime/MiniBotHideAndSeekScenario.cs:166)
ArgusUnity.Runtime.MiniBotHideAndSeekScenario:FixedUpdate () (at Assets/Project/Scripts/Runtime/MiniBotHideAndSeekScenario.cs:74)

(Filename: Assets/Project/Scripts/Runtime/MiniBotHideAndSeekScenario.cs Line: 166)

MiniBotHideAndSeekScenario: free-roam retarget Seeker 02 -> -4.40,-0.89.
UnityEngine.StackTraceUtility:ExtractStackTrace () (at /Users/bokken/build/output/unity/unity/Runtime/Export/Scripting/StackTrace.cs:37)
UnityEngine.DebugLogHandler:LogFormat (UnityEngine.LogType,UnityEngine.Object,string,object[])
UnityEngine.Logger:Log (UnityEngine.LogType,object)
UnityEngine.Debug:Log (object)
ArgusUnity.Runtime.MiniBotHideAndSeekScenario:ResolveDesiredDirection (ArgusUnity.Runtime.MiniBotHideAndSeekScenario/WanderAgent,UnityEngine.Vector3) (at Assets/Project/Scripts/Runtime/MiniBotHideAndSeekScenario.cs:166)
ArgusUnity.Runtime.MiniBotHideAndSeekScenario:FixedUpdate () (at Assets/Project/Scripts/Runtime/MiniBotHideAndSeekScenario.cs:74)

(Filename: Assets/Project/Scripts/Runtime/MiniBotHideAndSeekScenario.cs Line: 166)

MiniBotHideAndSeekScenario: free-roam retarget Hider 02 -> -2.33,1.82.
UnityEngine.StackTraceUtility:ExtractStackTrace () (at /Users/bokken/build/output/unity/unity/Runtime/Export/Scripting/StackTrace.cs:37)
UnityEngine.DebugLogHandler:LogFormat (UnityEngine.LogType,UnityEngine.Object,string,object[])
UnityEngine.Logger:Log (UnityEngine.LogType,object)
UnityEngine.Debug:Log (object)
ArgusUnity.Runtime.MiniBotHideAndSeekScenario:ResolveDesiredDirection (ArgusUnity.Runtime.MiniBotHideAndSeekScenario/WanderAgent,UnityEngine.Vector3) (at Assets/Project/Scripts/Runtime/MiniBotHideAndSeekScenario.cs:166)
ArgusUnity.Runtime.MiniBotHideAndSeekScenario:FixedUpdate () (at Assets/Project/Scripts/Runtime/MiniBotHideAndSeekScenario.cs:74)

(Filename: Assets/Project/Scripts/Runtime/MiniBotHideAndSeekScenario.cs Line: 166)

MiniBotHideAndSeekScenario: free-roam retarget Seeker 02 -> -1.90,2.03.
UnityEngine.StackTraceUtility:ExtractStackTrace () (at /Users/bokken/build/output/unity/unity/Runtime/Export/Scripting/StackTrace.cs:37)
UnityEngine.DebugLogHandler:LogFormat (UnityEngine.LogType,UnityEngine.Object,string,object[])
UnityEngine.Logger:Log (UnityEngine.LogType,object)
UnityEngine.Debug:Log (object)
ArgusUnity.Runtime.MiniBotHideAndSeekScenario:ResolveDesiredDirection (ArgusUnity.Runtime.MiniBotHideAndSeekScenario/WanderAgent,UnityEngine.Vector3) (at Assets/Project/Scripts/Runtime/MiniBotHideAndSeekScenario.cs:166)
ArgusUnity.Runtime.MiniBotHideAndSeekScenario:FixedUpdate () (at Assets/Project/Scripts/Runtime/MiniBotHideAndSeekScenario.cs:74)

(Filename: Assets/Project/Scripts/Runtime/MiniBotHideAndSeekScenario.cs Line: 166)

MiniBotHideAndSeekScenario: free-roam retarget Hider 02 -> -3.19,2.95.
UnityEngine.StackTraceUtility:ExtractStackTrace () (at /Users/bokken/build/output/unity/unity/Runtime/Export/Scripting/StackTrace.cs:37)
UnityEngine.DebugLogHandler:LogFormat (UnityEngine.LogType,UnityEngine.Object,string,object[])
UnityEngine.Logger:Log (UnityEngine.LogType,object)
UnityEngine.Debug:Log (object)
ArgusUnity.Runtime.MiniBotHideAndSeekScenario:ResolveDesiredDirection (ArgusUnity.Runtime.MiniBotHideAndSeekScenario/WanderAgent,UnityEngine.Vector3) (at Assets/Project/Scripts/Runtime/MiniBotHideAndSeekScenario.cs:166)
ArgusUnity.Runtime.MiniBotHideAndSeekScenario:FixedUpdate () (at Assets/Project/Scripts/Runtime/MiniBotHideAndSeekScenario.cs:74)

(Filename: Assets/Project/Scripts/Runtime/MiniBotHideAndSeekScenario.cs Line: 166)

MiniBotHideAndSeekScenario: free-roam retarget Seeker 02 -> -2.74,2.84.
UnityEngine.StackTraceUtility:ExtractStackTrace () (at /Users/bokken/build/output/unity/unity/Runtime/Export/Scripting/StackTrace.cs:37)
UnityEngine.DebugLogHandler:LogFormat (UnityEngine.LogType,UnityEngine.Object,string,object[])
UnityEngine.Logger:Log (UnityEngine.LogType,object)
UnityEngine.Debug:Log (object)
ArgusUnity.Runtime.MiniBotHideAndSeekScenario:ResolveDesiredDirection (ArgusUnity.Runtime.MiniBotHideAndSeekScenario/WanderAgent,UnityEngine.Vector3) (at Assets/Project/Scripts/Runtime/MiniBotHideAndSeekScenario.cs:166)
ArgusUnity.Runtime.MiniBotHideAndSeekScenario:FixedUpdate () (at Assets/Project/Scripts/Runtime/MiniBotHideAndSeekScenario.cs:74)

(Filename: Assets/Project/Scripts/Runtime/MiniBotHideAndSeekScenario.cs Line: 166)

MiniBotHideAndSeekScenario: free-roam retarget Hider 02 -> 4.22,0.53.
UnityEngine.StackTraceUtility:ExtractStackTrace () (at /Users/bokken/build/output/unity/unity/Runtime/Export/Scripting/StackTrace.cs:37)
UnityEngine.DebugLogHandler:LogFormat (UnityEngine.LogType,UnityEngine.Object,string,object[])
UnityEngine.Logger:Log (UnityEngine.LogType,object)
UnityEngine.Debug:Log (object)
ArgusUnity.Runtime.MiniBotHideAndSeekScenario:ResolveDesiredDirection (ArgusUnity.Runtime.MiniBotHideAndSeekScenario/WanderAgent,UnityEngine.Vector3) (at Assets/Project/Scripts/Runtime/MiniBotHideAndSeekScenario.cs:166)
ArgusUnity.Runtime.MiniBotHideAndSeekScenario:FixedUpdate () (at Assets/Project/Scripts/Runtime/MiniBotHideAndSeekScenario.cs:74)

(Filename: Assets/Project/Scripts/Runtime/MiniBotHideAndSeekScenario.cs Line: 166)

MiniBotHideAndSeekScenario: free-roam retarget Hider 02 -> 1.60,1.26.
UnityEngine.StackTraceUtility:ExtractStackTrace () (at /Users/bokken/build/output/unity/unity/Runtime/Export/Scripting/StackTrace.cs:37)
UnityEngine.DebugLogHandler:LogFormat (UnityEngine.LogType,UnityEngine.Object,string,object[])
UnityEngine.Logger:Log (UnityEngine.LogType,object)
UnityEngine.Debug:Log (object)
ArgusUnity.Runtime.MiniBotHideAndSeekScenario:ResolveDesiredDirection (ArgusUnity.Runtime.MiniBotHideAndSeekScenario/WanderAgent,UnityEngine.Vector3) (at Assets/Project/Scripts/Runtime/MiniBotHideAndSeekScenario.cs:166)
ArgusUnity.Runtime.MiniBotHideAndSeekScenario:FixedUpdate () (at Assets/Project/Scripts/Runtime/MiniBotHideAndSeekScenario.cs:74)

(Filename: Assets/Project/Scripts/Runtime/MiniBotHideAndSeekScenario.cs Line: 166)

MiniBotHideAndSeekScenario: free-roam retarget Hider 02 -> -3.52,1.04.
UnityEngine.StackTraceUtility:ExtractStackTrace () (at /Users/bokken/build/output/unity/unity/Runtime/Export/Scripting/StackTrace.cs:37)
UnityEngine.DebugLogHandler:LogFormat (UnityEngine.LogType,UnityEngine.Object,string,object[])
UnityEngine.Logger:Log (UnityEngine.LogType,object)
UnityEngine.Debug:Log (object)
ArgusUnity.Runtime.MiniBotHideAndSeekScenario:ResolveDesiredDirection (ArgusUnity.Runtime.MiniBotHideAndSeekScenario/WanderAgent,UnityEngine.Vector3) (at Assets/Project/Scripts/Runtime/MiniBotHideAndSeekScenario.cs:166)
ArgusUnity.Runtime.MiniBotHideAndSeekScenario:FixedUpdate () (at Assets/Project/Scripts/Runtime/MiniBotHideAndSeekScenario.cs:74)

(Filename: Assets/Project/Scripts/Runtime/MiniBotHideAndSeekScenario.cs Line: 166)

MiniBotHideAndSeekScenario: free-roam retarget Seeker 02 -> 2.17,-1.67.
UnityEngine.StackTraceUtility:ExtractStackTrace () (at /Users/bokken/build/output/unity/unity/Runtime/Export/Scripting/StackTrace.cs:37)
UnityEngine.DebugLogHandler:LogFormat (UnityEngine.LogType,UnityEngine.Object,string,object[])
UnityEngine.Logger:Log (UnityEngine.LogType,object)
UnityEngine.Debug:Log (object)
ArgusUnity.Runtime.MiniBotHideAndSeekScenario:ResolveDesiredDirection (ArgusUnity.Runtime.MiniBotHideAndSeekScenario/WanderAgent,UnityEngine.Vector3) (at Assets/Project/Scripts/Runtime/MiniBotHideAndSeekScenario.cs:166)
ArgusUnity.Runtime.MiniBotHideAndSeekScenario:FixedUpdate () (at Assets/Project/Scripts/Runtime/MiniBotHideAndSeekScenario.cs:74)

(Filename: Assets/Project/Scripts/Runtime/MiniBotHideAndSeekScenario.cs Line: 166)

MiniBotHideAndSeekScenario: free-roam retarget Hider 02 -> 3.23,1.31.
UnityEngine.StackTraceUtility:ExtractStackTrace () (at /Users/bokken/build/output/unity/unity/Runtime/Export/Scripting/StackTrace.cs:37)
UnityEngine.DebugLogHandler:LogFormat (UnityEngine.LogType,UnityEngine.Object,string,object[])
UnityEngine.Logger:Log (UnityEngine.LogType,object)
UnityEngine.Debug:Log (object)
ArgusUnity.Runtime.MiniBotHideAndSeekScenario:ResolveDesiredDirection (ArgusUnity.Runtime.MiniBotHideAndSeekScenario/WanderAgent,UnityEngine.Vector3) (at Assets/Project/Scripts/Runtime/MiniBotHideAndSeekScenario.cs:166)
ArgusUnity.Runtime.MiniBotHideAndSeekScenario:FixedUpdate () (at Assets/Project/Scripts/Runtime/MiniBotHideAndSeekScenario.cs:74)

(Filename: Assets/Project/Scripts/Runtime/MiniBotHideAndSeekScenario.cs Line: 166)

MiniBotHideAndSeekScenario: free-roam retarget Seeker 02 -> -3.78,0.81.
UnityEngine.StackTraceUtility:ExtractStackTrace () (at /Users/bokken/build/output/unity/unity/Runtime/Export/Scripting/StackTrace.cs:37)
UnityEngine.DebugLogHandler:LogFormat (UnityEngine.LogType,UnityEngine.Object,string,object[])
UnityEngine.Logger:Log (UnityEngine.LogType,object)
UnityEngine.Debug:Log (object)
ArgusUnity.Runtime.MiniBotHideAndSeekScenario:ResolveDesiredDirection (ArgusUnity.Runtime.MiniBotHideAndSeekScenario/WanderAgent,UnityEngine.Vector3) (at Assets/Project/Scripts/Runtime/MiniBotHideAndSeekScenario.cs:166)
ArgusUnity.Runtime.MiniBotHideAndSeekScenario:FixedUpdate () (at Assets/Project/Scripts/Runtime/MiniBotHideAndSeekScenario.cs:74)

(Filename: Assets/Project/Scripts/Runtime/MiniBotHideAndSeekScenario.cs Line: 166)

MiniBotHideAndSeekScenario: free-roam retarget Hider 02 -> 3.41,2.46.
UnityEngine.StackTraceUtility:ExtractStackTrace () (at /Users/bokken/build/output/unity/unity/Runtime/Export/Scripting/StackTrace.cs:37)
UnityEngine.DebugLogHandler:LogFormat (UnityEngine.LogType,UnityEngine.Object,string,object[])
UnityEngine.Logger:Log (UnityEngine.LogType,object)
UnityEngine.Debug:Log (object)
ArgusUnity.Runtime.MiniBotHideAndSeekScenario:ResolveDesiredDirection (ArgusUnity.Runtime.MiniBotHideAndSeekScenario/WanderAgent,UnityEngine.Vector3) (at Assets/Project/Scripts/Runtime/MiniBotHideAndSeekScenario.cs:166)
ArgusUnity.Runtime.MiniBotHideAndSeekScenario:FixedUpdate () (at Assets/Project/Scripts/Runtime/MiniBotHideAndSeekScenario.cs:74)

(Filename: Assets/Project/Scripts/Runtime/MiniBotHideAndSeekScenario.cs Line: 166)

MiniBotHideAndSeekScenario: free-roam retarget Seeker 02 -> 1.67,-0.95.
UnityEngine.StackTraceUtility:ExtractStackTrace () (at /Users/bokken/build/output/unity/unity/Runtime/Export/Scripting/StackTrace.cs:37)
UnityEngine.DebugLogHandler:LogFormat (UnityEngine.LogType,UnityEngine.Object,string,object[])
UnityEngine.Logger:Log (UnityEngine.LogType,object)
UnityEngine.Debug:Log (object)
ArgusUnity.Runtime.MiniBotHideAndSeekScenario:ResolveDesiredDirection (ArgusUnity.Runtime.MiniBotHideAndSeekScenario/WanderAgent,UnityEngine.Vector3) (at Assets/Project/Scripts/Runtime/MiniBotHideAndSeekScenario.cs:166)
ArgusUnity.Runtime.MiniBotHideAndSeekScenario:FixedUpdate () (at Assets/Project/Scripts/Runtime/MiniBotHideAndSeekScenario.cs:74)

(Filename: Assets/Project/Scripts/Runtime/MiniBotHideAndSeekScenario.cs Line: 166)

MiniBotHideAndSeekScenario: free-roam retarget Hider 02 -> -1.31,2.94.
UnityEngine.StackTraceUtility:ExtractStackTrace () (at /Users/bokken/build/output/unity/unity/Runtime/Export/Scripting/StackTrace.cs:37)
UnityEngine.DebugLogHandler:LogFormat (UnityEngine.LogType,UnityEngine.Object,string,object[])
UnityEngine.Logger:Log (UnityEngine.LogType,object)
UnityEngine.Debug:Log (object)
ArgusUnity.Runtime.MiniBotHideAndSeekScenario:ResolveDesiredDirection (ArgusUnity.Runtime.MiniBotHideAndSeekScenario/WanderAgent,UnityEngine.Vector3) (at Assets/Project/Scripts/Runtime/MiniBotHideAndSeekScenario.cs:166)
ArgusUnity.Runtime.MiniBotHideAndSeekScenario:FixedUpdate () (at Assets/Project/Scripts/Runtime/MiniBotHideAndSeekScenario.cs:74)

(Filename: Assets/Project/Scripts/Runtime/MiniBotHideAndSeekScenario.cs Line: 166)

MiniBotHideAndSeekScenario: free-roam retarget Seeker 02 -> 0.74,-0.79.
UnityEngine.StackTraceUtility:ExtractStackTrace () (at /Users/bokken/build/output/unity/unity/Runtime/Export/Scripting/StackTrace.cs:37)
UnityEngine.DebugLogHandler:LogFormat (UnityEngine.LogType,UnityEngine.Object,string,object[])
UnityEngine.Logger:Log (UnityEngine.LogType,object)
UnityEngine.Debug:Log (object)
ArgusUnity.Runtime.MiniBotHideAndSeekScenario:ResolveDesiredDirection (ArgusUnity.Runtime.MiniBotHideAndSeekScenario/WanderAgent,UnityEngine.Vector3) (at Assets/Project/Scripts/Runtime/MiniBotHideAndSeekScenario.cs:166)
ArgusUnity.Runtime.MiniBotHideAndSeekScenario:FixedUpdate () (at Assets/Project/Scripts/Runtime/MiniBotHideAndSeekScenario.cs:74)

(Filename: Assets/Project/Scripts/Runtime/MiniBotHideAndSeekScenario.cs Line: 166)

MiniBotHideAndSeekScenario: free-roam retarget Seeker 02 -> -2.83,2.13.
UnityEngine.StackTraceUtility:ExtractStackTrace () (at /Users/bokken/build/output/unity/unity/Runtime/Export/Scripting/StackTrace.cs:37)
UnityEngine.DebugLogHandler:LogFormat (UnityEngine.LogType,UnityEngine.Object,string,object[])
UnityEngine.Logger:Log (UnityEngine.LogType,object)
UnityEngine.Debug:Log (object)
ArgusUnity.Runtime.MiniBotHideAndSeekScenario:ResolveDesiredDirection (ArgusUnity.Runtime.MiniBotHideAndSeekScenario/WanderAgent,UnityEngine.Vector3) (at Assets/Project/Scripts/Runtime/MiniBotHideAndSeekScenario.cs:166)
ArgusUnity.Runtime.MiniBotHideAndSeekScenario:FixedUpdate () (at Assets/Project/Scripts/Runtime/MiniBotHideAndSeekScenario.cs:74)

(Filename: Assets/Project/Scripts/Runtime/MiniBotHideAndSeekScenario.cs Line: 166)

MiniBotHideAndSeekScenario: free-roam retarget Hider 02 -> 1.40,1.44.
UnityEngine.StackTraceUtility:ExtractStackTrace () (at /Users/bokken/build/output/unity/unity/Runtime/Export/Scripting/StackTrace.cs:37)
UnityEngine.DebugLogHandler:LogFormat (UnityEngine.LogType,UnityEngine.Object,string,object[])
UnityEngine.Logger:Log (UnityEngine.LogType,object)
UnityEngine.Debug:Log (object)
ArgusUnity.Runtime.MiniBotHideAndSeekScenario:ResolveDesiredDirection (ArgusUnity.Runtime.MiniBotHideAndSeekScenario/WanderAgent,UnityEngine.Vector3) (at Assets/Project/Scripts/Runtime/MiniBotHideAndSeekScenario.cs:166)
ArgusUnity.Runtime.MiniBotHideAndSeekScenario:FixedUpdate () (at Assets/Project/Scripts/Runtime/MiniBotHideAndSeekScenario.cs:74)

(Filename: Assets/Project/Scripts/Runtime/MiniBotHideAndSeekScenario.cs Line: 166)

MiniBotHideAndSeekScenario: free-roam retarget Seeker 02 -> -3.32,1.42.
UnityEngine.StackTraceUtility:ExtractStackTrace () (at /Users/bokken/build/output/unity/unity/Runtime/Export/Scripting/StackTrace.cs:37)
UnityEngine.DebugLogHandler:LogFormat (UnityEngine.LogType,UnityEngine.Object,string,object[])
UnityEngine.Logger:Log (UnityEngine.LogType,object)
UnityEngine.Debug:Log (object)
ArgusUnity.Runtime.MiniBotHideAndSeekScenario:ResolveDesiredDirection (ArgusUnity.Runtime.MiniBotHideAndSeekScenario/WanderAgent,UnityEngine.Vector3) (at Assets/Project/Scripts/Runtime/MiniBotHideAndSeekScenario.cs:166)
ArgusUnity.Runtime.MiniBotHideAndSeekScenario:FixedUpdate () (at Assets/Project/Scripts/Runtime/MiniBotHideAndSeekScenario.cs:74)

(Filename: Assets/Project/Scripts/Runtime/MiniBotHideAndSeekScenario.cs Line: 166)

MiniBotHideAndSeekScenario: free-roam retarget Hider 02 -> 1.88,-1.13.
UnityEngine.StackTraceUtility:ExtractStackTrace () (at /Users/bokken/build/output/unity/unity/Runtime/Export/Scripting/StackTrace.cs:37)
UnityEngine.DebugLogHandler:LogFormat (UnityEngine.LogType,UnityEngine.Object,string,object[])
UnityEngine.Logger:Log (UnityEngine.LogType,object)
UnityEngine.Debug:Log (object)
ArgusUnity.Runtime.MiniBotHideAndSeekScenario:ResolveDesiredDirection (ArgusUnity.Runtime.MiniBotHideAndSeekScenario/WanderAgent,UnityEngine.Vector3) (at Assets/Project/Scripts/Runtime/MiniBotHideAndSeekScenario.cs:166)
ArgusUnity.Runtime.MiniBotHideAndSeekScenario:FixedUpdate () (at Assets/Project/Scripts/Runtime/MiniBotHideAndSeekScenario.cs:74)

(Filename: Assets/Project/Scripts/Runtime/MiniBotHideAndSeekScenario.cs Line: 166)

MiniBotHideAndSeekScenario: free-roam retarget Seeker 02 -> 0.03,1.84.
UnityEngine.StackTraceUtility:ExtractStackTrace () (at /Users/bokken/build/output/unity/unity/Runtime/Export/Scripting/StackTrace.cs:37)
UnityEngine.DebugLogHandler:LogFormat (UnityEngine.LogType,UnityEngine.Object,string,object[])
UnityEngine.Logger:Log (UnityEngine.LogType,object)
UnityEngine.Debug:Log (object)
ArgusUnity.Runtime.MiniBotHideAndSeekScenario:ResolveDesiredDirection (ArgusUnity.Runtime.MiniBotHideAndSeekScenario/WanderAgent,UnityEngine.Vector3) (at Assets/Project/Scripts/Runtime/MiniBotHideAndSeekScenario.cs:166)
ArgusUnity.Runtime.MiniBotHideAndSeekScenario:FixedUpdate () (at Assets/Project/Scripts/Runtime/MiniBotHideAndSeekScenario.cs:74)

(Filename: Assets/Project/Scripts/Runtime/MiniBotHideAndSeekScenario.cs Line: 166)

MiniBotHideAndSeekScenario: free-roam retarget Hider 02 -> -1.56,-1.36.
UnityEngine.StackTraceUtility:ExtractStackTrace () (at /Users/bokken/build/output/unity/unity/Runtime/Export/Scripting/StackTrace.cs:37)
UnityEngine.DebugLogHandler:LogFormat (UnityEngine.LogType,UnityEngine.Object,string,object[])
UnityEngine.Logger:Log (UnityEngine.LogType,object)
UnityEngine.Debug:Log (object)
ArgusUnity.Runtime.MiniBotHideAndSeekScenario:ResolveDesiredDirection (ArgusUnity.Runtime.MiniBotHideAndSeekScenario/WanderAgent,UnityEngine.Vector3) (at Assets/Project/Scripts/Runtime/MiniBotHideAndSeekScenario.cs:166)
ArgusUnity.Runtime.MiniBotHideAndSeekScenario:FixedUpdate () (at Assets/Project/Scripts/Runtime/MiniBotHideAndSeekScenario.cs:74)

(Filename: Assets/Project/Scripts/Runtime/MiniBotHideAndSeekScenario.cs Line: 166)

MiniBotHideAndSeekScenario: free-roam retarget Seeker 02 -> 3.81,-2.44.
UnityEngine.StackTraceUtility:ExtractStackTrace () (at /Users/bokken/build/output/unity/unity/Runtime/Export/Scripting/StackTrace.cs:37)
UnityEngine.DebugLogHandler:LogFormat (UnityEngine.LogType,UnityEngine.Object,string,object[])
UnityEngine.Logger:Log (UnityEngine.LogType,object)
UnityEngine.Debug:Log (object)
ArgusUnity.Runtime.MiniBotHideAndSeekScenario:ResolveDesiredDirection (ArgusUnity.Runtime.MiniBotHideAndSeekScenario/WanderAgent,UnityEngine.Vector3) (at Assets/Project/Scripts/Runtime/MiniBotHideAndSeekScenario.cs:166)
ArgusUnity.Runtime.MiniBotHideAndSeekScenario:FixedUpdate () (at Assets/Project/Scripts/Runtime/MiniBotHideAndSeekScenario.cs:74)

(Filename: Assets/Project/Scripts/Runtime/MiniBotHideAndSeekScenario.cs Line: 166)

MiniBotHideAndSeekScenario: free-roam retarget Seeker 02 -> -3.82,2.52.
UnityEngine.StackTraceUtility:ExtractStackTrace () (at /Users/bokken/build/output/unity/unity/Runtime/Export/Scripting/StackTrace.cs:37)
UnityEngine.DebugLogHandler:LogFormat (UnityEngine.LogType,UnityEngine.Object,string,object[])
UnityEngine.Logger:Log (UnityEngine.LogType,object)
UnityEngine.Debug:Log (object)
ArgusUnity.Runtime.MiniBotHideAndSeekScenario:ResolveDesiredDirection (ArgusUnity.Runtime.MiniBotHideAndSeekScenario/WanderAgent,UnityEngine.Vector3) (at Assets/Project/Scripts/Runtime/MiniBotHideAndSeekScenario.cs:166)
ArgusUnity.Runtime.MiniBotHideAndSeekScenario:FixedUpdate () (at Assets/Project/Scripts/Runtime/MiniBotHideAndSeekScenario.cs:74)

(Filename: Assets/Project/Scripts/Runtime/MiniBotHideAndSeekScenario.cs Line: 166)

MiniBotHideAndSeekScenario: free-roam retarget Hider 02 -> -0.05,-1.04.
UnityEngine.StackTraceUtility:ExtractStackTrace () (at /Users/bokken/build/output/unity/unity/Runtime/Export/Scripting/StackTrace.cs:37)
UnityEngine.DebugLogHandler:LogFormat (UnityEngine.LogType,UnityEngine.Object,string,object[])
UnityEngine.Logger:Log (UnityEngine.LogType,object)
UnityEngine.Debug:Log (object)
ArgusUnity.Runtime.MiniBotHideAndSeekScenario:ResolveDesiredDirection (ArgusUnity.Runtime.MiniBotHideAndSeekScenario/WanderAgent,UnityEngine.Vector3) (at Assets/Project/Scripts/Runtime/MiniBotHideAndSeekScenario.cs:166)
ArgusUnity.Runtime.MiniBotHideAndSeekScenario:FixedUpdate () (at Assets/Project/Scripts/Runtime/MiniBotHideAndSeekScenario.cs:74)

(Filename: Assets/Project/Scripts/Runtime/MiniBotHideAndSeekScenario.cs Line: 166)

MiniBotHideAndSeekScenario: free-roam retarget Seeker 02 -> -0.97,1.91.
UnityEngine.StackTraceUtility:ExtractStackTrace () (at /Users/bokken/build/output/unity/unity/Runtime/Export/Scripting/StackTrace.cs:37)
UnityEngine.DebugLogHandler:LogFormat (UnityEngine.LogType,UnityEngine.Object,string,object[])
UnityEngine.Logger:Log (UnityEngine.LogType,object)
UnityEngine.Debug:Log (object)
ArgusUnity.Runtime.MiniBotHideAndSeekScenario:ResolveDesiredDirection (ArgusUnity.Runtime.MiniBotHideAndSeekScenario/WanderAgent,UnityEngine.Vector3) (at Assets/Project/Scripts/Runtime/MiniBotHideAndSeekScenario.cs:166)
ArgusUnity.Runtime.MiniBotHideAndSeekScenario:FixedUpdate () (at Assets/Project/Scripts/Runtime/MiniBotHideAndSeekScenario.cs:74)

(Filename: Assets/Project/Scripts/Runtime/MiniBotHideAndSeekScenario.cs Line: 166)

MiniBotHideAndSeekScenario: free-roam retarget Seeker 02 -> -4.06,0.75.
UnityEngine.StackTraceUtility:ExtractStackTrace () (at /Users/bokken/build/output/unity/unity/Runtime/Export/Scripting/StackTrace.cs:37)
UnityEngine.DebugLogHandler:LogFormat (UnityEngine.LogType,UnityEngine.Object,string,object[])
UnityEngine.Logger:Log (UnityEngine.LogType,object)
UnityEngine.Debug:Log (object)
ArgusUnity.Runtime.MiniBotHideAndSeekScenario:ResolveDesiredDirection (ArgusUnity.Runtime.MiniBotHideAndSeekScenario/WanderAgent,UnityEngine.Vector3) (at Assets/Project/Scripts/Runtime/MiniBotHideAndSeekScenario.cs:166)
ArgusUnity.Runtime.MiniBotHideAndSeekScenario:FixedUpdate () (at Assets/Project/Scripts/Runtime/MiniBotHideAndSeekScenario.cs:74)

(Filename: Assets/Project/Scripts/Runtime/MiniBotHideAndSeekScenario.cs Line: 166)

MiniBotHideAndSeekScenario: free-roam retarget Hider 02 -> -1.27,1.59.
UnityEngine.StackTraceUtility:ExtractStackTrace () (at /Users/bokken/build/output/unity/unity/Runtime/Export/Scripting/StackTrace.cs:37)
UnityEngine.DebugLogHandler:LogFormat (UnityEngine.LogType,UnityEngine.Object,string,object[])
UnityEngine.Logger:Log (UnityEngine.LogType,object)
UnityEngine.Debug:Log (object)
ArgusUnity.Runtime.MiniBotHideAndSeekScenario:ResolveDesiredDirection (ArgusUnity.Runtime.MiniBotHideAndSeekScenario/WanderAgent,UnityEngine.Vector3) (at Assets/Project/Scripts/Runtime/MiniBotHideAndSeekScenario.cs:166)
ArgusUnity.Runtime.MiniBotHideAndSeekScenario:FixedUpdate () (at Assets/Project/Scripts/Runtime/MiniBotHideAndSeekScenario.cs:74)

(Filename: Assets/Project/Scripts/Runtime/MiniBotHideAndSeekScenario.cs Line: 166)

MiniBotHideAndSeekScenario: free-roam retarget Seeker 02 -> -0.36,0.04.
UnityEngine.StackTraceUtility:ExtractStackTrace () (at /Users/bokken/build/output/unity/unity/Runtime/Export/Scripting/StackTrace.cs:37)
UnityEngine.DebugLogHandler:LogFormat (UnityEngine.LogType,UnityEngine.Object,string,object[])
UnityEngine.Logger:Log (UnityEngine.LogType,object)
UnityEngine.Debug:Log (object)
ArgusUnity.Runtime.MiniBotHideAndSeekScenario:ResolveDesiredDirection (ArgusUnity.Runtime.MiniBotHideAndSeekScenario/WanderAgent,UnityEngine.Vector3) (at Assets/Project/Scripts/Runtime/MiniBotHideAndSeekScenario.cs:166)
ArgusUnity.Runtime.MiniBotHideAndSeekScenario:FixedUpdate () (at Assets/Project/Scripts/Runtime/MiniBotHideAndSeekScenario.cs:74)

(Filename: Assets/Project/Scripts/Runtime/MiniBotHideAndSeekScenario.cs Line: 166)

MiniBotHideAndSeekScenario: free-roam retarget Hider 02 -> 3.31,-0.65.
UnityEngine.StackTraceUtility:ExtractStackTrace () (at /Users/bokken/build/output/unity/unity/Runtime/Export/Scripting/StackTrace.cs:37)
UnityEngine.DebugLogHandler:LogFormat (UnityEngine.LogType,UnityEngine.Object,string,object[])
UnityEngine.Logger:Log (UnityEngine.LogType,object)
UnityEngine.Debug:Log (object)
ArgusUnity.Runtime.MiniBotHideAndSeekScenario:ResolveDesiredDirection (ArgusUnity.Runtime.MiniBotHideAndSeekScenario/WanderAgent,UnityEngine.Vector3) (at Assets/Project/Scripts/Runtime/MiniBotHideAndSeekScenario.cs:166)
ArgusUnity.Runtime.MiniBotHideAndSeekScenario:FixedUpdate () (at Assets/Project/Scripts/Runtime/MiniBotHideAndSeekScenario.cs:74)

(Filename: Assets/Project/Scripts/Runtime/MiniBotHideAndSeekScenario.cs Line: 166)

MiniBotHideAndSeekScenario: free-roam retarget Seeker 02 -> 1.48,0.94.
UnityEngine.StackTraceUtility:ExtractStackTrace () (at /Users/bokken/build/output/unity/unity/Runtime/Export/Scripting/StackTrace.cs:37)
UnityEngine.DebugLogHandler:LogFormat (UnityEngine.LogType,UnityEngine.Object,string,object[])
UnityEngine.Logger:Log (UnityEngine.LogType,object)
UnityEngine.Debug:Log (object)
ArgusUnity.Runtime.MiniBotHideAndSeekScenario:ResolveDesiredDirection (ArgusUnity.Runtime.MiniBotHideAndSeekScenario/WanderAgent,UnityEngine.Vector3) (at Assets/Project/Scripts/Runtime/MiniBotHideAndSeekScenario.cs:166)
ArgusUnity.Runtime.MiniBotHideAndSeekScenario:FixedUpdate () (at Assets/Project/Scripts/Runtime/MiniBotHideAndSeekScenario.cs:74)

(Filename: Assets/Project/Scripts/Runtime/MiniBotHideAndSeekScenario.cs Line: 166)

MiniBotHideAndSeekScenario: free-roam retarget Seeker 02 -> -2.62,2.85.
UnityEngine.StackTraceUtility:ExtractStackTrace () (at /Users/bokken/build/output/unity/unity/Runtime/Export/Scripting/StackTrace.cs:37)
UnityEngine.DebugLogHandler:LogFormat (UnityEngine.LogType,UnityEngine.Object,string,object[])
UnityEngine.Logger:Log (UnityEngine.LogType,object)
UnityEngine.Debug:Log (object)
ArgusUnity.Runtime.MiniBotHideAndSeekScenario:ResolveDesiredDirection (ArgusUnity.Runtime.MiniBotHideAndSeekScenario/WanderAgent,UnityEngine.Vector3) (at Assets/Project/Scripts/Runtime/MiniBotHideAndSeekScenario.cs:166)
ArgusUnity.Runtime.MiniBotHideAndSeekScenario:FixedUpdate () (at Assets/Project/Scripts/Runtime/MiniBotHideAndSeekScenario.cs:74)

(Filename: Assets/Project/Scripts/Runtime/MiniBotHideAndSeekScenario.cs Line: 166)

MiniBotHideAndSeekScenario: free-roam retarget Seeker 02 -> -4.50,1.61.
UnityEngine.StackTraceUtility:ExtractStackTrace () (at /Users/bokken/build/output/unity/unity/Runtime/Export/Scripting/StackTrace.cs:37)
UnityEngine.DebugLogHandler:LogFormat (UnityEngine.LogType,UnityEngine.Object,string,object[])
UnityEngine.Logger:Log (UnityEngine.LogType,object)
UnityEngine.Debug:Log (object)
ArgusUnity.Runtime.MiniBotHideAndSeekScenario:ResolveDesiredDirection (ArgusUnity.Runtime.MiniBotHideAndSeekScenario/WanderAgent,UnityEngine.Vector3) (at Assets/Project/Scripts/Runtime/MiniBotHideAndSeekScenario.cs:166)
ArgusUnity.Runtime.MiniBotHideAndSeekScenario:FixedUpdate () (at Assets/Project/Scripts/Runtime/MiniBotHideAndSeekScenario.cs:74)

(Filename: Assets/Project/Scripts/Runtime/MiniBotHideAndSeekScenario.cs Line: 166)

MiniBotHideAndSeekScenario: free-roam retarget Hider 02 -> -2.36,1.82.
UnityEngine.StackTraceUtility:ExtractStackTrace () (at /Users/bokken/build/output/unity/unity/Runtime/Export/Scripting/StackTrace.cs:37)
UnityEngine.DebugLogHandler:LogFormat (UnityEngine.LogType,UnityEngine.Object,string,object[])
UnityEngine.Logger:Log (UnityEngine.LogType,object)
UnityEngine.Debug:Log (object)
ArgusUnity.Runtime.MiniBotHideAndSeekScenario:ResolveDesiredDirection (ArgusUnity.Runtime.MiniBotHideAndSeekScenario/WanderAgent,UnityEngine.Vector3) (at Assets/Project/Scripts/Runtime/MiniBotHideAndSeekScenario.cs:166)
ArgusUnity.Runtime.MiniBotHideAndSeekScenario:FixedUpdate () (at Assets/Project/Scripts/Runtime/MiniBotHideAndSeekScenario.cs:74)

(Filename: Assets/Project/Scripts/Runtime/MiniBotHideAndSeekScenario.cs Line: 166)

MiniBotHideAndSeekScenario: free-roam retarget Hider 02 -> 4.63,0.98.
UnityEngine.StackTraceUtility:ExtractStackTrace () (at /Users/bokken/build/output/unity/unity/Runtime/Export/Scripting/StackTrace.cs:37)
UnityEngine.DebugLogHandler:LogFormat (UnityEngine.LogType,UnityEngine.Object,string,object[])
UnityEngine.Logger:Log (UnityEngine.LogType,object)
UnityEngine.Debug:Log (object)
ArgusUnity.Runtime.MiniBotHideAndSeekScenario:ResolveDesiredDirection (ArgusUnity.Runtime.MiniBotHideAndSeekScenario/WanderAgent,UnityEngine.Vector3) (at Assets/Project/Scripts/Runtime/MiniBotHideAndSeekScenario.cs:166)
ArgusUnity.Runtime.MiniBotHideAndSeekScenario:FixedUpdate () (at Assets/Project/Scripts/Runtime/MiniBotHideAndSeekScenario.cs:74)

(Filename: Assets/Project/Scripts/Runtime/MiniBotHideAndSeekScenario.cs Line: 166)

MiniBotHideAndSeekScenario: free-roam retarget Seeker 02 -> -3.31,2.19.
UnityEngine.StackTraceUtility:ExtractStackTrace () (at /Users/bokken/build/output/unity/unity/Runtime/Export/Scripting/StackTrace.cs:37)
UnityEngine.DebugLogHandler:LogFormat (UnityEngine.LogType,UnityEngine.Object,string,object[])
UnityEngine.Logger:Log (UnityEngine.LogType,object)
UnityEngine.Debug:Log (object)
ArgusUnity.Runtime.MiniBotHideAndSeekScenario:ResolveDesiredDirection (ArgusUnity.Runtime.MiniBotHideAndSeekScenario/WanderAgent,UnityEngine.Vector3) (at Assets/Project/Scripts/Runtime/MiniBotHideAndSeekScenario.cs:166)
ArgusUnity.Runtime.MiniBotHideAndSeekScenario:FixedUpdate () (at Assets/Project/Scripts/Runtime/MiniBotHideAndSeekScenario.cs:74)

(Filename: Assets/Project/Scripts/Runtime/MiniBotHideAndSeekScenario.cs Line: 166)

MiniBotHideAndSeekScenario: free-roam retarget Seeker 02 -> -3.94,1.58.
UnityEngine.StackTraceUtility:ExtractStackTrace () (at /Users/bokken/build/output/unity/unity/Runtime/Export/Scripting/StackTrace.cs:37)
UnityEngine.DebugLogHandler:LogFormat (UnityEngine.LogType,UnityEngine.Object,string,object[])
UnityEngine.Logger:Log (UnityEngine.LogType,object)
UnityEngine.Debug:Log (object)
ArgusUnity.Runtime.MiniBotHideAndSeekScenario:ResolveDesiredDirection (ArgusUnity.Runtime.MiniBotHideAndSeekScenario/WanderAgent,UnityEngine.Vector3) (at Assets/Project/Scripts/Runtime/MiniBotHideAndSeekScenario.cs:166)
ArgusUnity.Runtime.MiniBotHideAndSeekScenario:FixedUpdate () (at Assets/Project/Scripts/Runtime/MiniBotHideAndSeekScenario.cs:74)

(Filename: Assets/Project/Scripts/Runtime/MiniBotHideAndSeekScenario.cs Line: 166)

MiniBotHideAndSeekScenario: free-roam retarget Seeker 02 -> 0.63,0.99.
UnityEngine.StackTraceUtility:ExtractStackTrace () (at /Users/bokken/build/output/unity/unity/Runtime/Export/Scripting/StackTrace.cs:37)
UnityEngine.DebugLogHandler:LogFormat (UnityEngine.LogType,UnityEngine.Object,string,object[])
UnityEngine.Logger:Log (UnityEngine.LogType,object)
UnityEngine.Debug:Log (object)
ArgusUnity.Runtime.MiniBotHideAndSeekScenario:ResolveDesiredDirection (ArgusUnity.Runtime.MiniBotHideAndSeekScenario/WanderAgent,UnityEngine.Vector3) (at Assets/Project/Scripts/Runtime/MiniBotHideAndSeekScenario.cs:166)
ArgusUnity.Runtime.MiniBotHideAndSeekScenario:FixedUpdate () (at Assets/Project/Scripts/Runtime/MiniBotHideAndSeekScenario.cs:74)

(Filename: Assets/Project/Scripts/Runtime/MiniBotHideAndSeekScenario.cs Line: 166)

MiniBotHideAndSeekScenario: free-roam retarget Seeker 02 -> -3.14,-1.85.
UnityEngine.StackTraceUtility:ExtractStackTrace () (at /Users/bokken/build/output/unity/unity/Runtime/Export/Scripting/StackTrace.cs:37)
UnityEngine.DebugLogHandler:LogFormat (UnityEngine.LogType,UnityEngine.Object,string,object[])
UnityEngine.Logger:Log (UnityEngine.LogType,object)
UnityEngine.Debug:Log (object)
ArgusUnity.Runtime.MiniBotHideAndSeekScenario:ResolveDesiredDirection (ArgusUnity.Runtime.MiniBotHideAndSeekScenario/WanderAgent,UnityEngine.Vector3) (at Assets/Project/Scripts/Runtime/MiniBotHideAndSeekScenario.cs:166)
ArgusUnity.Runtime.MiniBotHideAndSeekScenario:FixedUpdate () (at Assets/Project/Scripts/Runtime/MiniBotHideAndSeekScenario.cs:74)

(Filename: Assets/Project/Scripts/Runtime/MiniBotHideAndSeekScenario.cs Line: 166)

MiniBotHideAndSeekScenario: free-roam retarget Hider 02 -> -1.96,0.38.
UnityEngine.StackTraceUtility:ExtractStackTrace () (at /Users/bokken/build/output/unity/unity/Runtime/Export/Scripting/StackTrace.cs:37)
UnityEngine.DebugLogHandler:LogFormat (UnityEngine.LogType,UnityEngine.Object,string,object[])
UnityEngine.Logger:Log (UnityEngine.LogType,object)
UnityEngine.Debug:Log (object)
ArgusUnity.Runtime.MiniBotHideAndSeekScenario:ResolveDesiredDirection (ArgusUnity.Runtime.MiniBotHideAndSeekScenario/WanderAgent,UnityEngine.Vector3) (at Assets/Project/Scripts/Runtime/MiniBotHideAndSeekScenario.cs:166)
ArgusUnity.Runtime.MiniBotHideAndSeekScenario:FixedUpdate () (at Assets/Project/Scripts/Runtime/MiniBotHideAndSeekScenario.cs:74)

(Filename: Assets/Project/Scripts/Runtime/MiniBotHideAndSeekScenario.cs Line: 166)

MiniBotHideAndSeekScenario: free-roam retarget Hider 02 -> -0.98,2.08.
UnityEngine.StackTraceUtility:ExtractStackTrace () (at /Users/bokken/build/output/unity/unity/Runtime/Export/Scripting/StackTrace.cs:37)
UnityEngine.DebugLogHandler:LogFormat (UnityEngine.LogType,UnityEngine.Object,string,object[])
UnityEngine.Logger:Log (UnityEngine.LogType,object)
UnityEngine.Debug:Log (object)
ArgusUnity.Runtime.MiniBotHideAndSeekScenario:ResolveDesiredDirection (ArgusUnity.Runtime.MiniBotHideAndSeekScenario/WanderAgent,UnityEngine.Vector3) (at Assets/Project/Scripts/Runtime/MiniBotHideAndSeekScenario.cs:166)
ArgusUnity.Runtime.MiniBotHideAndSeekScenario:FixedUpdate () (at Assets/Project/Scripts/Runtime/MiniBotHideAndSeekScenario.cs:74)

(Filename: Assets/Project/Scripts/Runtime/MiniBotHideAndSeekScenario.cs Line: 166)

MiniBotHideAndSeekScenario: free-roam retarget Seeker 02 -> 1.80,1.89.
UnityEngine.StackTraceUtility:ExtractStackTrace () (at /Users/bokken/build/output/unity/unity/Runtime/Export/Scripting/StackTrace.cs:37)
UnityEngine.DebugLogHandler:LogFormat (UnityEngine.LogType,UnityEngine.Object,string,object[])
UnityEngine.Logger:Log (UnityEngine.LogType,object)
UnityEngine.Debug:Log (object)
ArgusUnity.Runtime.MiniBotHideAndSeekScenario:ResolveDesiredDirection (ArgusUnity.Runtime.MiniBotHideAndSeekScenario/WanderAgent,UnityEngine.Vector3) (at Assets/Project/Scripts/Runtime/MiniBotHideAndSeekScenario.cs:166)
ArgusUnity.Runtime.MiniBotHideAndSeekScenario:FixedUpdate () (at Assets/Project/Scripts/Runtime/MiniBotHideAndSeekScenario.cs:74)

(Filename: Assets/Project/Scripts/Runtime/MiniBotHideAndSeekScenario.cs Line: 166)

MiniBotHideAndSeekScenario: free-roam retarget Seeker 02 -> -1.86,2.66.
UnityEngine.StackTraceUtility:ExtractStackTrace () (at /Users/bokken/build/output/unity/unity/Runtime/Export/Scripting/StackTrace.cs:37)
UnityEngine.DebugLogHandler:LogFormat (UnityEngine.LogType,UnityEngine.Object,string,object[])
UnityEngine.Logger:Log (UnityEngine.LogType,object)
UnityEngine.Debug:Log (object)
ArgusUnity.Runtime.MiniBotHideAndSeekScenario:ResolveDesiredDirection (ArgusUnity.Runtime.MiniBotHideAndSeekScenario/WanderAgent,UnityEngine.Vector3) (at Assets/Project/Scripts/Runtime/MiniBotHideAndSeekScenario.cs:166)
ArgusUnity.Runtime.MiniBotHideAndSeekScenario:FixedUpdate () (at Assets/Project/Scripts/Runtime/MiniBotHideAndSeekScenario.cs:74)

(Filename: Assets/Project/Scripts/Runtime/MiniBotHideAndSeekScenario.cs Line: 166)

MiniBotHideAndSeekScenario: free-roam retarget Hider 02 -> -3.06,-2.05.
UnityEngine.StackTraceUtility:ExtractStackTrace () (at /Users/bokken/build/output/unity/unity/Runtime/Export/Scripting/StackTrace.cs:37)
UnityEngine.DebugLogHandler:LogFormat (UnityEngine.LogType,UnityEngine.Object,string,object[])
UnityEngine.Logger:Log (UnityEngine.LogType,object)
UnityEngine.Debug:Log (object)
ArgusUnity.Runtime.MiniBotHideAndSeekScenario:ResolveDesiredDirection (ArgusUnity.Runtime.MiniBotHideAndSeekScenario/WanderAgent,UnityEngine.Vector3) (at Assets/Project/Scripts/Runtime/MiniBotHideAndSeekScenario.cs:166)
ArgusUnity.Runtime.MiniBotHideAndSeekScenario:FixedUpdate () (at Assets/Project/Scripts/Runtime/MiniBotHideAndSeekScenario.cs:74)

(Filename: Assets/Project/Scripts/Runtime/MiniBotHideAndSeekScenario.cs Line: 166)

MiniBotHideAndSeekScenario: free-roam retarget Seeker 02 -> 1.99,-1.32.
UnityEngine.StackTraceUtility:ExtractStackTrace () (at /Users/bokken/build/output/unity/unity/Runtime/Export/Scripting/StackTrace.cs:37)
UnityEngine.DebugLogHandler:LogFormat (UnityEngine.LogType,UnityEngine.Object,string,object[])
UnityEngine.Logger:Log (UnityEngine.LogType,object)
UnityEngine.Debug:Log (object)
ArgusUnity.Runtime.MiniBotHideAndSeekScenario:ResolveDesiredDirection (ArgusUnity.Runtime.MiniBotHideAndSeekScenario/WanderAgent,UnityEngine.Vector3) (at Assets/Project/Scripts/Runtime/MiniBotHideAndSeekScenario.cs:166)
ArgusUnity.Runtime.MiniBotHideAndSeekScenario:FixedUpdate () (at Assets/Project/Scripts/Runtime/MiniBotHideAndSeekScenario.cs:74)

(Filename: Assets/Project/Scripts/Runtime/MiniBotHideAndSeekScenario.cs Line: 166)

MiniBotHideAndSeekScenario: free-roam retarget Hider 02 -> -0.01,0.64.
UnityEngine.StackTraceUtility:ExtractStackTrace () (at /Users/bokken/build/output/unity/unity/Runtime/Export/Scripting/StackTrace.cs:37)
UnityEngine.DebugLogHandler:LogFormat (UnityEngine.LogType,UnityEngine.Object,string,object[])
UnityEngine.Logger:Log (UnityEngine.LogType,object)
UnityEngine.Debug:Log (object)
ArgusUnity.Runtime.MiniBotHideAndSeekScenario:ResolveDesiredDirection (ArgusUnity.Runtime.MiniBotHideAndSeekScenario/WanderAgent,UnityEngine.Vector3) (at Assets/Project/Scripts/Runtime/MiniBotHideAndSeekScenario.cs:166)
ArgusUnity.Runtime.MiniBotHideAndSeekScenario:FixedUpdate () (at Assets/Project/Scripts/Runtime/MiniBotHideAndSeekScenario.cs:74)

(Filename: Assets/Project/Scripts/Runtime/MiniBotHideAndSeekScenario.cs Line: 166)

MiniBotHideAndSeekScenario: free-roam retarget Seeker 02 -> -3.46,2.54.
UnityEngine.StackTraceUtility:ExtractStackTrace () (at /Users/bokken/build/output/unity/unity/Runtime/Export/Scripting/StackTrace.cs:37)
UnityEngine.DebugLogHandler:LogFormat (UnityEngine.LogType,UnityEngine.Object,string,object[])
UnityEngine.Logger:Log (UnityEngine.LogType,object)
UnityEngine.Debug:Log (object)
ArgusUnity.Runtime.MiniBotHideAndSeekScenario:ResolveDesiredDirection (ArgusUnity.Runtime.MiniBotHideAndSeekScenario/WanderAgent,UnityEngine.Vector3) (at Assets/Project/Scripts/Runtime/MiniBotHideAndSeekScenario.cs:166)
ArgusUnity.Runtime.MiniBotHideAndSeekScenario:FixedUpdate () (at Assets/Project/Scripts/Runtime/MiniBotHideAndSeekScenario.cs:74)

(Filename: Assets/Project/Scripts/Runtime/MiniBotHideAndSeekScenario.cs Line: 166)

MiniBotHideAndSeekScenario: free-roam retarget Hider 02 -> 2.23,0.37.
UnityEngine.StackTraceUtility:ExtractStackTrace () (at /Users/bokken/build/output/unity/unity/Runtime/Export/Scripting/StackTrace.cs:37)
UnityEngine.DebugLogHandler:LogFormat (UnityEngine.LogType,UnityEngine.Object,string,object[])
UnityEngine.Logger:Log (UnityEngine.LogType,object)
UnityEngine.Debug:Log (object)
ArgusUnity.Runtime.MiniBotHideAndSeekScenario:ResolveDesiredDirection (ArgusUnity.Runtime.MiniBotHideAndSeekScenario/WanderAgent,UnityEngine.Vector3) (at Assets/Project/Scripts/Runtime/MiniBotHideAndSeekScenario.cs:166)
ArgusUnity.Runtime.MiniBotHideAndSeekScenario:FixedUpdate () (at Assets/Project/Scripts/Runtime/MiniBotHideAndSeekScenario.cs:74)

(Filename: Assets/Project/Scripts/Runtime/MiniBotHideAndSeekScenario.cs Line: 166)

MiniBotHideAndSeekScenario: free-roam retarget Seeker 02 -> 4.63,-0.37.
UnityEngine.StackTraceUtility:ExtractStackTrace () (at /Users/bokken/build/output/unity/unity/Runtime/Export/Scripting/StackTrace.cs:37)
UnityEngine.DebugLogHandler:LogFormat (UnityEngine.LogType,UnityEngine.Object,string,object[])
UnityEngine.Logger:Log (UnityEngine.LogType,object)
UnityEngine.Debug:Log (object)
ArgusUnity.Runtime.MiniBotHideAndSeekScenario:ResolveDesiredDirection (ArgusUnity.Runtime.MiniBotHideAndSeekScenario/WanderAgent,UnityEngine.Vector3) (at Assets/Project/Scripts/Runtime/MiniBotHideAndSeekScenario.cs:166)
ArgusUnity.Runtime.MiniBotHideAndSeekScenario:FixedUpdate () (at Assets/Project/Scripts/Runtime/MiniBotHideAndSeekScenario.cs:74)

(Filename: Assets/Project/Scripts/Runtime/MiniBotHideAndSeekScenario.cs Line: 166)

MiniBotHideAndSeekScenario: free-roam retarget Seeker 02 -> -2.70,2.96.
UnityEngine.StackTraceUtility:ExtractStackTrace () (at /Users/bokken/build/output/unity/unity/Runtime/Export/Scripting/StackTrace.cs:37)
UnityEngine.DebugLogHandler:LogFormat (UnityEngine.LogType,UnityEngine.Object,string,object[])
UnityEngine.Logger:Log (UnityEngine.LogType,object)
UnityEngine.Debug:Log (object)
ArgusUnity.Runtime.MiniBotHideAndSeekScenario:ResolveDesiredDirection (ArgusUnity.Runtime.MiniBotHideAndSeekScenario/WanderAgent,UnityEngine.Vector3) (at Assets/Project/Scripts/Runtime/MiniBotHideAndSeekScenario.cs:166)
ArgusUnity.Runtime.MiniBotHideAndSeekScenario:FixedUpdate () (at Assets/Project/Scripts/Runtime/MiniBotHideAndSeekScenario.cs:74)

(Filename: Assets/Project/Scripts/Runtime/MiniBotHideAndSeekScenario.cs Line: 166)

MiniBotHideAndSeekScenario: free-roam retarget Hider 02 -> -0.25,-2.61.
UnityEngine.StackTraceUtility:ExtractStackTrace () (at /Users/bokken/build/output/unity/unity/Runtime/Export/Scripting/StackTrace.cs:37)
UnityEngine.DebugLogHandler:LogFormat (UnityEngine.LogType,UnityEngine.Object,string,object[])
UnityEngine.Logger:Log (UnityEngine.LogType,object)
UnityEngine.Debug:Log (object)
ArgusUnity.Runtime.MiniBotHideAndSeekScenario:ResolveDesiredDirection (ArgusUnity.Runtime.MiniBotHideAndSeekScenario/WanderAgent,UnityEngine.Vector3) (at Assets/Project/Scripts/Runtime/MiniBotHideAndSeekScenario.cs:166)
ArgusUnity.Runtime.MiniBotHideAndSeekScenario:FixedUpdate () (at Assets/Project/Scripts/Runtime/MiniBotHideAndSeekScenario.cs:74)

(Filename: Assets/Project/Scripts/Runtime/MiniBotHideAndSeekScenario.cs Line: 166)

MiniBotHideAndSeekScenario: free-roam retarget Seeker 02 -> -3.87,2.74.
UnityEngine.StackTraceUtility:ExtractStackTrace () (at /Users/bokken/build/output/unity/unity/Runtime/Export/Scripting/StackTrace.cs:37)
UnityEngine.DebugLogHandler:LogFormat (UnityEngine.LogType,UnityEngine.Object,string,object[])
UnityEngine.Logger:Log (UnityEngine.LogType,object)
UnityEngine.Debug:Log (object)
ArgusUnity.Runtime.MiniBotHideAndSeekScenario:ResolveDesiredDirection (ArgusUnity.Runtime.MiniBotHideAndSeekScenario/WanderAgent,UnityEngine.Vector3) (at Assets/Project/Scripts/Runtime/MiniBotHideAndSeekScenario.cs:166)
ArgusUnity.Runtime.MiniBotHideAndSeekScenario:FixedUpdate () (at Assets/Project/Scripts/Runtime/MiniBotHideAndSeekScenario.cs:74)

(Filename: Assets/Project/Scripts/Runtime/MiniBotHideAndSeekScenario.cs Line: 166)

MiniBotHideAndSeekScenario: free-roam retarget Hider 02 -> -2.76,1.80.
UnityEngine.StackTraceUtility:ExtractStackTrace () (at /Users/bokken/build/output/unity/unity/Runtime/Export/Scripting/StackTrace.cs:37)
UnityEngine.DebugLogHandler:LogFormat (UnityEngine.LogType,UnityEngine.Object,string,object[])
UnityEngine.Logger:Log (UnityEngine.LogType,object)
UnityEngine.Debug:Log (object)
ArgusUnity.Runtime.MiniBotHideAndSeekScenario:ResolveDesiredDirection (ArgusUnity.Runtime.MiniBotHideAndSeekScenario/WanderAgent,UnityEngine.Vector3) (at Assets/Project/Scripts/Runtime/MiniBotHideAndSeekScenario.cs:166)
ArgusUnity.Runtime.MiniBotHideAndSeekScenario:FixedUpdate () (at Assets/Project/Scripts/Runtime/MiniBotHideAndSeekScenario.cs:74)

(Filename: Assets/Project/Scripts/Runtime/MiniBotHideAndSeekScenario.cs Line: 166)

MiniBotHideAndSeekScenario: free-roam retarget Seeker 02 -> 4.19,-2.45.
UnityEngine.StackTraceUtility:ExtractStackTrace () (at /Users/bokken/build/output/unity/unity/Runtime/Export/Scripting/StackTrace.cs:37)
UnityEngine.DebugLogHandler:LogFormat (UnityEngine.LogType,UnityEngine.Object,string,object[])
UnityEngine.Logger:Log (UnityEngine.LogType,object)
UnityEngine.Debug:Log (object)
ArgusUnity.Runtime.MiniBotHideAndSeekScenario:ResolveDesiredDirection (ArgusUnity.Runtime.MiniBotHideAndSeekScenario/WanderAgent,UnityEngine.Vector3) (at Assets/Project/Scripts/Runtime/MiniBotHideAndSeekScenario.cs:166)
ArgusUnity.Runtime.MiniBotHideAndSeekScenario:FixedUpdate () (at Assets/Project/Scripts/Runtime/MiniBotHideAndSeekScenario.cs:74)

(Filename: Assets/Project/Scripts/Runtime/MiniBotHideAndSeekScenario.cs Line: 166)

MiniBotHideAndSeekScenario: free-roam retarget Hider 02 -> 4.64,2.11.
UnityEngine.StackTraceUtility:ExtractStackTrace () (at /Users/bokken/build/output/unity/unity/Runtime/Export/Scripting/StackTrace.cs:37)
UnityEngine.DebugLogHandler:LogFormat (UnityEngine.LogType,UnityEngine.Object,string,object[])
UnityEngine.Logger:Log (UnityEngine.LogType,object)
UnityEngine.Debug:Log (object)
ArgusUnity.Runtime.MiniBotHideAndSeekScenario:ResolveDesiredDirection (ArgusUnity.Runtime.MiniBotHideAndSeekScenario/WanderAgent,UnityEngine.Vector3) (at Assets/Project/Scripts/Runtime/MiniBotHideAndSeekScenario.cs:166)
ArgusUnity.Runtime.MiniBotHideAndSeekScenario:FixedUpdate () (at Assets/Project/Scripts/Runtime/MiniBotHideAndSeekScenario.cs:74)

(Filename: Assets/Project/Scripts/Runtime/MiniBotHideAndSeekScenario.cs Line: 166)

MiniBotHideAndSeekScenario: free-roam retarget Hider 02 -> -0.15,-1.30.
UnityEngine.StackTraceUtility:ExtractStackTrace () (at /Users/bokken/build/output/unity/unity/Runtime/Export/Scripting/StackTrace.cs:37)
UnityEngine.DebugLogHandler:LogFormat (UnityEngine.LogType,UnityEngine.Object,string,object[])
UnityEngine.Logger:Log (UnityEngine.LogType,object)
UnityEngine.Debug:Log (object)
ArgusUnity.Runtime.MiniBotHideAndSeekScenario:ResolveDesiredDirection (ArgusUnity.Runtime.MiniBotHideAndSeekScenario/WanderAgent,UnityEngine.Vector3) (at Assets/Project/Scripts/Runtime/MiniBotHideAndSeekScenario.cs:166)
ArgusUnity.Runtime.MiniBotHideAndSeekScenario:FixedUpdate () (at Assets/Project/Scripts/Runtime/MiniBotHideAndSeekScenario.cs:74)

(Filename: Assets/Project/Scripts/Runtime/MiniBotHideAndSeekScenario.cs Line: 166)

MiniBotHideAndSeekScenario: free-roam retarget Seeker 02 -> 4.38,2.09.
UnityEngine.StackTraceUtility:ExtractStackTrace () (at /Users/bokken/build/output/unity/unity/Runtime/Export/Scripting/StackTrace.cs:37)
UnityEngine.DebugLogHandler:LogFormat (UnityEngine.LogType,UnityEngine.Object,string,object[])
UnityEngine.Logger:Log (UnityEngine.LogType,object)
UnityEngine.Debug:Log (object)
ArgusUnity.Runtime.MiniBotHideAndSeekScenario:ResolveDesiredDirection (ArgusUnity.Runtime.MiniBotHideAndSeekScenario/WanderAgent,UnityEngine.Vector3) (at Assets/Project/Scripts/Runtime/MiniBotHideAndSeekScenario.cs:166)
ArgusUnity.Runtime.MiniBotHideAndSeekScenario:FixedUpdate () (at Assets/Project/Scripts/Runtime/MiniBotHideAndSeekScenario.cs:74)

(Filename: Assets/Project/Scripts/Runtime/MiniBotHideAndSeekScenario.cs Line: 166)

MiniBotHideAndSeekScenario: free-roam retarget Hider 02 -> 0.12,1.53.
UnityEngine.StackTraceUtility:ExtractStackTrace () (at /Users/bokken/build/output/unity/unity/Runtime/Export/Scripting/StackTrace.cs:37)
UnityEngine.DebugLogHandler:LogFormat (UnityEngine.LogType,UnityEngine.Object,string,object[])
UnityEngine.Logger:Log (UnityEngine.LogType,object)
UnityEngine.Debug:Log (object)
ArgusUnity.Runtime.MiniBotHideAndSeekScenario:ResolveDesiredDirection (ArgusUnity.Runtime.MiniBotHideAndSeekScenario/WanderAgent,UnityEngine.Vector3) (at Assets/Project/Scripts/Runtime/MiniBotHideAndSeekScenario.cs:166)
ArgusUnity.Runtime.MiniBotHideAndSeekScenario:FixedUpdate () (at Assets/Project/Scripts/Runtime/MiniBotHideAndSeekScenario.cs:74)

(Filename: Assets/Project/Scripts/Runtime/MiniBotHideAndSeekScenario.cs Line: 166)

MiniBotHideAndSeekScenario: free-roam retarget Seeker 02 -> -0.28,2.38.
UnityEngine.StackTraceUtility:ExtractStackTrace () (at /Users/bokken/build/output/unity/unity/Runtime/Export/Scripting/StackTrace.cs:37)
UnityEngine.DebugLogHandler:LogFormat (UnityEngine.LogType,UnityEngine.Object,string,object[])
UnityEngine.Logger:Log (UnityEngine.LogType,object)
UnityEngine.Debug:Log (object)
ArgusUnity.Runtime.MiniBotHideAndSeekScenario:ResolveDesiredDirection (ArgusUnity.Runtime.MiniBotHideAndSeekScenario/WanderAgent,UnityEngine.Vector3) (at Assets/Project/Scripts/Runtime/MiniBotHideAndSeekScenario.cs:166)
ArgusUnity.Runtime.MiniBotHideAndSeekScenario:FixedUpdate () (at Assets/Project/Scripts/Runtime/MiniBotHideAndSeekScenario.cs:74)

(Filename: Assets/Project/Scripts/Runtime/MiniBotHideAndSeekScenario.cs Line: 166)

MiniBotHideAndSeekScenario: free-roam retarget Hider 02 -> 4.29,-2.30.
UnityEngine.StackTraceUtility:ExtractStackTrace () (at /Users/bokken/build/output/unity/unity/Runtime/Export/Scripting/StackTrace.cs:37)
UnityEngine.DebugLogHandler:LogFormat (UnityEngine.LogType,UnityEngine.Object,string,object[])
UnityEngine.Logger:Log (UnityEngine.LogType,object)
UnityEngine.Debug:Log (object)
ArgusUnity.Runtime.MiniBotHideAndSeekScenario:ResolveDesiredDirection (ArgusUnity.Runtime.MiniBotHideAndSeekScenario/WanderAgent,UnityEngine.Vector3) (at Assets/Project/Scripts/Runtime/MiniBotHideAndSeekScenario.cs:166)
ArgusUnity.Runtime.MiniBotHideAndSeekScenario:FixedUpdate () (at Assets/Project/Scripts/Runtime/MiniBotHideAndSeekScenario.cs:74)

(Filename: Assets/Project/Scripts/Runtime/MiniBotHideAndSeekScenario.cs Line: 166)

MiniBotHideAndSeekScenario: free-roam retarget Seeker 02 -> -3.57,1.88.
UnityEngine.StackTraceUtility:ExtractStackTrace () (at /Users/bokken/build/output/unity/unity/Runtime/Export/Scripting/StackTrace.cs:37)
UnityEngine.DebugLogHandler:LogFormat (UnityEngine.LogType,UnityEngine.Object,string,object[])
UnityEngine.Logger:Log (UnityEngine.LogType,object)
UnityEngine.Debug:Log (object)
ArgusUnity.Runtime.MiniBotHideAndSeekScenario:ResolveDesiredDirection (ArgusUnity.Runtime.MiniBotHideAndSeekScenario/WanderAgent,UnityEngine.Vector3) (at Assets/Project/Scripts/Runtime/MiniBotHideAndSeekScenario.cs:166)
ArgusUnity.Runtime.MiniBotHideAndSeekScenario:FixedUpdate () (at Assets/Project/Scripts/Runtime/MiniBotHideAndSeekScenario.cs:74)

(Filename: Assets/Project/Scripts/Runtime/MiniBotHideAndSeekScenario.cs Line: 166)

MiniBotHideAndSeekScenario: free-roam retarget Seeker 02 -> -4.23,-1.73.
UnityEngine.StackTraceUtility:ExtractStackTrace () (at /Users/bokken/build/output/unity/unity/Runtime/Export/Scripting/StackTrace.cs:37)
UnityEngine.DebugLogHandler:LogFormat (UnityEngine.LogType,UnityEngine.Object,string,object[])
UnityEngine.Logger:Log (UnityEngine.LogType,object)
UnityEngine.Debug:Log (object)
ArgusUnity.Runtime.MiniBotHideAndSeekScenario:ResolveDesiredDirection (ArgusUnity.Runtime.MiniBotHideAndSeekScenario/WanderAgent,UnityEngine.Vector3) (at Assets/Project/Scripts/Runtime/MiniBotHideAndSeekScenario.cs:166)
ArgusUnity.Runtime.MiniBotHideAndSeekScenario:FixedUpdate () (at Assets/Project/Scripts/Runtime/MiniBotHideAndSeekScenario.cs:74)

(Filename: Assets/Project/Scripts/Runtime/MiniBotHideAndSeekScenario.cs Line: 166)

MiniBotHideAndSeekScenario: free-roam retarget Seeker 02 -> 0.36,1.45.
UnityEngine.StackTraceUtility:ExtractStackTrace () (at /Users/bokken/build/output/unity/unity/Runtime/Export/Scripting/StackTrace.cs:37)
UnityEngine.DebugLogHandler:LogFormat (UnityEngine.LogType,UnityEngine.Object,string,object[])
UnityEngine.Logger:Log (UnityEngine.LogType,object)
UnityEngine.Debug:Log (object)
ArgusUnity.Runtime.MiniBotHideAndSeekScenario:ResolveDesiredDirection (ArgusUnity.Runtime.MiniBotHideAndSeekScenario/WanderAgent,UnityEngine.Vector3) (at Assets/Project/Scripts/Runtime/MiniBotHideAndSeekScenario.cs:166)
ArgusUnity.Runtime.MiniBotHideAndSeekScenario:FixedUpdate () (at Assets/Project/Scripts/Runtime/MiniBotHideAndSeekScenario.cs:74)

(Filename: Assets/Project/Scripts/Runtime/MiniBotHideAndSeekScenario.cs Line: 166)

MiniBotHideAndSeekScenario: free-roam retarget Seeker 02 -> -2.39,1.81.
UnityEngine.StackTraceUtility:ExtractStackTrace () (at /Users/bokken/build/output/unity/unity/Runtime/Export/Scripting/StackTrace.cs:37)
UnityEngine.DebugLogHandler:LogFormat (UnityEngine.LogType,UnityEngine.Object,string,object[])
UnityEngine.Logger:Log (UnityEngine.LogType,object)
UnityEngine.Debug:Log (object)
ArgusUnity.Runtime.MiniBotHideAndSeekScenario:ResolveDesiredDirection (ArgusUnity.Runtime.MiniBotHideAndSeekScenario/WanderAgent,UnityEngine.Vector3) (at Assets/Project/Scripts/Runtime/MiniBotHideAndSeekScenario.cs:166)
ArgusUnity.Runtime.MiniBotHideAndSeekScenario:FixedUpdate () (at Assets/Project/Scripts/Runtime/MiniBotHideAndSeekScenario.cs:74)

(Filename: Assets/Project/Scripts/Runtime/MiniBotHideAndSeekScenario.cs Line: 166)

MiniBotHideAndSeekScenario: free-roam retarget Hider 02 -> -0.89,2.83.
UnityEngine.StackTraceUtility:ExtractStackTrace () (at /Users/bokken/build/output/unity/unity/Runtime/Export/Scripting/StackTrace.cs:37)
UnityEngine.DebugLogHandler:LogFormat (UnityEngine.LogType,UnityEngine.Object,string,object[])
UnityEngine.Logger:Log (UnityEngine.LogType,object)
UnityEngine.Debug:Log (object)
ArgusUnity.Runtime.MiniBotHideAndSeekScenario:ResolveDesiredDirection (ArgusUnity.Runtime.MiniBotHideAndSeekScenario/WanderAgent,UnityEngine.Vector3) (at Assets/Project/Scripts/Runtime/MiniBotHideAndSeekScenario.cs:166)
ArgusUnity.Runtime.MiniBotHideAndSeekScenario:FixedUpdate () (at Assets/Project/Scripts/Runtime/MiniBotHideAndSeekScenario.cs:74)

(Filename: Assets/Project/Scripts/Runtime/MiniBotHideAndSeekScenario.cs Line: 166)

MiniBotHideAndSeekScenario: free-roam retarget Seeker 02 -> -2.26,1.17.
UnityEngine.StackTraceUtility:ExtractStackTrace () (at /Users/bokken/build/output/unity/unity/Runtime/Export/Scripting/StackTrace.cs:37)
UnityEngine.DebugLogHandler:LogFormat (UnityEngine.LogType,UnityEngine.Object,string,object[])
UnityEngine.Logger:Log (UnityEngine.LogType,object)
UnityEngine.Debug:Log (object)
ArgusUnity.Runtime.MiniBotHideAndSeekScenario:ResolveDesiredDirection (ArgusUnity.Runtime.MiniBotHideAndSeekScenario/WanderAgent,UnityEngine.Vector3) (at Assets/Project/Scripts/Runtime/MiniBotHideAndSeekScenario.cs:166)
ArgusUnity.Runtime.MiniBotHideAndSeekScenario:FixedUpdate () (at Assets/Project/Scripts/Runtime/MiniBotHideAndSeekScenario.cs:74)

(Filename: Assets/Project/Scripts/Runtime/MiniBotHideAndSeekScenario.cs Line: 166)

MiniBotHideAndSeekScenario: free-roam retarget Seeker 02 -> 1.76,1.71.
UnityEngine.StackTraceUtility:ExtractStackTrace () (at /Users/bokken/build/output/unity/unity/Runtime/Export/Scripting/StackTrace.cs:37)
UnityEngine.DebugLogHandler:LogFormat (UnityEngine.LogType,UnityEngine.Object,string,object[])
UnityEngine.Logger:Log (UnityEngine.LogType,object)
UnityEngine.Debug:Log (object)
ArgusUnity.Runtime.MiniBotHideAndSeekScenario:ResolveDesiredDirection (ArgusUnity.Runtime.MiniBotHideAndSeekScenario/WanderAgent,UnityEngine.Vector3) (at Assets/Project/Scripts/Runtime/MiniBotHideAndSeekScenario.cs:166)
ArgusUnity.Runtime.MiniBotHideAndSeekScenario:FixedUpdate () (at Assets/Project/Scripts/Runtime/MiniBotHideAndSeekScenario.cs:74)

(Filename: Assets/Project/Scripts/Runtime/MiniBotHideAndSeekScenario.cs Line: 166)

MiniBotHideAndSeekScenario: free-roam retarget Seeker 02 -> 2.55,1.18.
UnityEngine.StackTraceUtility:ExtractStackTrace () (at /Users/bokken/build/output/unity/unity/Runtime/Export/Scripting/StackTrace.cs:37)
UnityEngine.DebugLogHandler:LogFormat (UnityEngine.LogType,UnityEngine.Object,string,object[])
UnityEngine.Logger:Log (UnityEngine.LogType,object)
UnityEngine.Debug:Log (object)
ArgusUnity.Runtime.MiniBotHideAndSeekScenario:ResolveDesiredDirection (ArgusUnity.Runtime.MiniBotHideAndSeekScenario/WanderAgent,UnityEngine.Vector3) (at Assets/Project/Scripts/Runtime/MiniBotHideAndSeekScenario.cs:166)
ArgusUnity.Runtime.MiniBotHideAndSeekScenario:FixedUpdate () (at Assets/Project/Scripts/Runtime/MiniBotHideAndSeekScenario.cs:74)

(Filename: Assets/Project/Scripts/Runtime/MiniBotHideAndSeekScenario.cs Line: 166)

MiniBotHideAndSeekScenario: free-roam retarget Hider 02 -> -0.15,-0.32.
UnityEngine.StackTraceUtility:ExtractStackTrace () (at /Users/bokken/build/output/unity/unity/Runtime/Export/Scripting/StackTrace.cs:37)
UnityEngine.DebugLogHandler:LogFormat (UnityEngine.LogType,UnityEngine.Object,string,object[])
UnityEngine.Logger:Log (UnityEngine.LogType,object)
UnityEngine.Debug:Log (object)
ArgusUnity.Runtime.MiniBotHideAndSeekScenario:ResolveDesiredDirection (ArgusUnity.Runtime.MiniBotHideAndSeekScenario/WanderAgent,UnityEngine.Vector3) (at Assets/Project/Scripts/Runtime/MiniBotHideAndSeekScenario.cs:166)
ArgusUnity.Runtime.MiniBotHideAndSeekScenario:FixedUpdate () (at Assets/Project/Scripts/Runtime/MiniBotHideAndSeekScenario.cs:74)

(Filename: Assets/Project/Scripts/Runtime/MiniBotHideAndSeekScenario.cs Line: 166)

MiniBotHideAndSeekScenario: free-roam retarget Seeker 02 -> 3.26,2.67.
UnityEngine.StackTraceUtility:ExtractStackTrace () (at /Users/bokken/build/output/unity/unity/Runtime/Export/Scripting/StackTrace.cs:37)
UnityEngine.DebugLogHandler:LogFormat (UnityEngine.LogType,UnityEngine.Object,string,object[])
UnityEngine.Logger:Log (UnityEngine.LogType,object)
UnityEngine.Debug:Log (object)
ArgusUnity.Runtime.MiniBotHideAndSeekScenario:ResolveDesiredDirection (ArgusUnity.Runtime.MiniBotHideAndSeekScenario/WanderAgent,UnityEngine.Vector3) (at Assets/Project/Scripts/Runtime/MiniBotHideAndSeekScenario.cs:166)
ArgusUnity.Runtime.MiniBotHideAndSeekScenario:FixedUpdate () (at Assets/Project/Scripts/Runtime/MiniBotHideAndSeekScenario.cs:74)

(Filename: Assets/Project/Scripts/Runtime/MiniBotHideAndSeekScenario.cs Line: 166)

MiniBotHideAndSeekScenario: free-roam retarget Hider 02 -> -2.88,2.66.
UnityEngine.StackTraceUtility:ExtractStackTrace () (at /Users/bokken/build/output/unity/unity/Runtime/Export/Scripting/StackTrace.cs:37)
UnityEngine.DebugLogHandler:LogFormat (UnityEngine.LogType,UnityEngine.Object,string,object[])
UnityEngine.Logger:Log (UnityEngine.LogType,object)
UnityEngine.Debug:Log (object)
ArgusUnity.Runtime.MiniBotHideAndSeekScenario:ResolveDesiredDirection (ArgusUnity.Runtime.MiniBotHideAndSeekScenario/WanderAgent,UnityEngine.Vector3) (at Assets/Project/Scripts/Runtime/MiniBotHideAndSeekScenario.cs:166)
ArgusUnity.Runtime.MiniBotHideAndSeekScenario:FixedUpdate () (at Assets/Project/Scripts/Runtime/MiniBotHideAndSeekScenario.cs:74)

(Filename: Assets/Project/Scripts/Runtime/MiniBotHideAndSeekScenario.cs Line: 166)

MiniBotHideAndSeekScenario: free-roam retarget Seeker 02 -> -0.17,0.26.
UnityEngine.StackTraceUtility:ExtractStackTrace () (at /Users/bokken/build/output/unity/unity/Runtime/Export/Scripting/StackTrace.cs:37)
UnityEngine.DebugLogHandler:LogFormat (UnityEngine.LogType,UnityEngine.Object,string,object[])
UnityEngine.Logger:Log (UnityEngine.LogType,object)
UnityEngine.Debug:Log (object)
ArgusUnity.Runtime.MiniBotHideAndSeekScenario:ResolveDesiredDirection (ArgusUnity.Runtime.MiniBotHideAndSeekScenario/WanderAgent,UnityEngine.Vector3) (at Assets/Project/Scripts/Runtime/MiniBotHideAndSeekScenario.cs:166)
ArgusUnity.Runtime.MiniBotHideAndSeekScenario:FixedUpdate () (at Assets/Project/Scripts/Runtime/MiniBotHideAndSeekScenario.cs:74)

(Filename: Assets/Project/Scripts/Runtime/MiniBotHideAndSeekScenario.cs Line: 166)

MiniBotHideAndSeekScenario: free-roam retarget Seeker 02 -> 1.95,2.83.
UnityEngine.StackTraceUtility:ExtractStackTrace () (at /Users/bokken/build/output/unity/unity/Runtime/Export/Scripting/StackTrace.cs:37)
UnityEngine.DebugLogHandler:LogFormat (UnityEngine.LogType,UnityEngine.Object,string,object[])
UnityEngine.Logger:Log (UnityEngine.LogType,object)
UnityEngine.Debug:Log (object)
ArgusUnity.Runtime.MiniBotHideAndSeekScenario:ResolveDesiredDirection (ArgusUnity.Runtime.MiniBotHideAndSeekScenario/WanderAgent,UnityEngine.Vector3) (at Assets/Project/Scripts/Runtime/MiniBotHideAndSeekScenario.cs:166)
ArgusUnity.Runtime.MiniBotHideAndSeekScenario:FixedUpdate () (at Assets/Project/Scripts/Runtime/MiniBotHideAndSeekScenario.cs:74)

(Filename: Assets/Project/Scripts/Runtime/MiniBotHideAndSeekScenario.cs Line: 166)

MiniBotHideAndSeekScenario: free-roam retarget Hider 02 -> 1.16,2.21.
UnityEngine.StackTraceUtility:ExtractStackTrace () (at /Users/bokken/build/output/unity/unity/Runtime/Export/Scripting/StackTrace.cs:37)
UnityEngine.DebugLogHandler:LogFormat (UnityEngine.LogType,UnityEngine.Object,string,object[])
UnityEngine.Logger:Log (UnityEngine.LogType,object)
UnityEngine.Debug:Log (object)
ArgusUnity.Runtime.MiniBotHideAndSeekScenario:ResolveDesiredDirection (ArgusUnity.Runtime.MiniBotHideAndSeekScenario/WanderAgent,UnityEngine.Vector3) (at Assets/Project/Scripts/Runtime/MiniBotHideAndSeekScenario.cs:166)
ArgusUnity.Runtime.MiniBotHideAndSeekScenario:FixedUpdate () (at Assets/Project/Scripts/Runtime/MiniBotHideAndSeekScenario.cs:74)

(Filename: Assets/Project/Scripts/Runtime/MiniBotHideAndSeekScenario.cs Line: 166)

MiniBotHideAndSeekScenario: free-roam retarget Seeker 02 -> 4.12,1.42.
UnityEngine.StackTraceUtility:ExtractStackTrace () (at /Users/bokken/build/output/unity/unity/Runtime/Export/Scripting/StackTrace.cs:37)
UnityEngine.DebugLogHandler:LogFormat (UnityEngine.LogType,UnityEngine.Object,string,object[])
UnityEngine.Logger:Log (UnityEngine.LogType,object)
UnityEngine.Debug:Log (object)
ArgusUnity.Runtime.MiniBotHideAndSeekScenario:ResolveDesiredDirection (ArgusUnity.Runtime.MiniBotHideAndSeekScenario/WanderAgent,UnityEngine.Vector3) (at Assets/Project/Scripts/Runtime/MiniBotHideAndSeekScenario.cs:166)
ArgusUnity.Runtime.MiniBotHideAndSeekScenario:FixedUpdate () (at Assets/Project/Scripts/Runtime/MiniBotHideAndSeekScenario.cs:74)

(Filename: Assets/Project/Scripts/Runtime/MiniBotHideAndSeekScenario.cs Line: 166)

MiniBotHideAndSeekScenario: free-roam retarget Hider 02 -> 2.03,2.28.
UnityEngine.StackTraceUtility:ExtractStackTrace () (at /Users/bokken/build/output/unity/unity/Runtime/Export/Scripting/StackTrace.cs:37)
UnityEngine.DebugLogHandler:LogFormat (UnityEngine.LogType,UnityEngine.Object,string,object[])
UnityEngine.Logger:Log (UnityEngine.LogType,object)
UnityEngine.Debug:Log (object)
ArgusUnity.Runtime.MiniBotHideAndSeekScenario:ResolveDesiredDirection (ArgusUnity.Runtime.MiniBotHideAndSeekScenario/WanderAgent,UnityEngine.Vector3) (at Assets/Project/Scripts/Runtime/MiniBotHideAndSeekScenario.cs:166)
ArgusUnity.Runtime.MiniBotHideAndSeekScenario:FixedUpdate () (at Assets/Project/Scripts/Runtime/MiniBotHideAndSeekScenario.cs:74)

(Filename: Assets/Project/Scripts/Runtime/MiniBotHideAndSeekScenario.cs Line: 166)

MiniBotHideAndSeekScenario: free-roam retarget Hider 02 -> 3.54,2.94.
UnityEngine.StackTraceUtility:ExtractStackTrace () (at /Users/bokken/build/output/unity/unity/Runtime/Export/Scripting/StackTrace.cs:37)
UnityEngine.DebugLogHandler:LogFormat (UnityEngine.LogType,UnityEngine.Object,string,object[])
UnityEngine.Logger:Log (UnityEngine.LogType,object)
UnityEngine.Debug:Log (object)
ArgusUnity.Runtime.MiniBotHideAndSeekScenario:ResolveDesiredDirection (ArgusUnity.Runtime.MiniBotHideAndSeekScenario/WanderAgent,UnityEngine.Vector3) (at Assets/Project/Scripts/Runtime/MiniBotHideAndSeekScenario.cs:166)
ArgusUnity.Runtime.MiniBotHideAndSeekScenario:FixedUpdate () (at Assets/Project/Scripts/Runtime/MiniBotHideAndSeekScenario.cs:74)

(Filename: Assets/Project/Scripts/Runtime/MiniBotHideAndSeekScenario.cs Line: 166)

MiniBotHideAndSeekScenario: free-roam retarget Seeker 02 -> 2.31,1.87.
UnityEngine.StackTraceUtility:ExtractStackTrace () (at /Users/bokken/build/output/unity/unity/Runtime/Export/Scripting/StackTrace.cs:37)
UnityEngine.DebugLogHandler:LogFormat (UnityEngine.LogType,UnityEngine.Object,string,object[])
UnityEngine.Logger:Log (UnityEngine.LogType,object)
UnityEngine.Debug:Log (object)
ArgusUnity.Runtime.MiniBotHideAndSeekScenario:ResolveDesiredDirection (ArgusUnity.Runtime.MiniBotHideAndSeekScenario/WanderAgent,UnityEngine.Vector3) (at Assets/Project/Scripts/Runtime/MiniBotHideAndSeekScenario.cs:166)
ArgusUnity.Runtime.MiniBotHideAndSeekScenario:FixedUpdate () (at Assets/Project/Scripts/Runtime/MiniBotHideAndSeekScenario.cs:74)

(Filename: Assets/Project/Scripts/Runtime/MiniBotHideAndSeekScenario.cs Line: 166)

MiniBotHideAndSeekScenario: free-roam retarget Seeker 02 -> -0.15,-2.40.
UnityEngine.StackTraceUtility:ExtractStackTrace () (at /Users/bokken/build/output/unity/unity/Runtime/Export/Scripting/StackTrace.cs:37)
UnityEngine.DebugLogHandler:LogFormat (UnityEngine.LogType,UnityEngine.Object,string,object[])
UnityEngine.Logger:Log (UnityEngine.LogType,object)
UnityEngine.Debug:Log (object)
ArgusUnity.Runtime.MiniBotHideAndSeekScenario:ResolveDesiredDirection (ArgusUnity.Runtime.MiniBotHideAndSeekScenario/WanderAgent,UnityEngine.Vector3) (at Assets/Project/Scripts/Runtime/MiniBotHideAndSeekScenario.cs:166)
ArgusUnity.Runtime.MiniBotHideAndSeekScenario:FixedUpdate () (at Assets/Project/Scripts/Runtime/MiniBotHideAndSeekScenario.cs:74)

(Filename: Assets/Project/Scripts/Runtime/MiniBotHideAndSeekScenario.cs Line: 166)

MiniBotHideAndSeekScenario: free-roam retarget Hider 02 -> -1.94,-0.85.
UnityEngine.StackTraceUtility:ExtractStackTrace () (at /Users/bokken/build/output/unity/unity/Runtime/Export/Scripting/StackTrace.cs:37)
UnityEngine.DebugLogHandler:LogFormat (UnityEngine.LogType,UnityEngine.Object,string,object[])
UnityEngine.Logger:Log (UnityEngine.LogType,object)
UnityEngine.Debug:Log (object)
ArgusUnity.Runtime.MiniBotHideAndSeekScenario:ResolveDesiredDirection (ArgusUnity.Runtime.MiniBotHideAndSeekScenario/WanderAgent,UnityEngine.Vector3) (at Assets/Project/Scripts/Runtime/MiniBotHideAndSeekScenario.cs:166)
ArgusUnity.Runtime.MiniBotHideAndSeekScenario:FixedUpdate () (at Assets/Project/Scripts/Runtime/MiniBotHideAndSeekScenario.cs:74)

(Filename: Assets/Project/Scripts/Runtime/MiniBotHideAndSeekScenario.cs Line: 166)

MiniBotHideAndSeekScenario: free-roam retarget Seeker 02 -> -0.37,-1.18.
UnityEngine.StackTraceUtility:ExtractStackTrace () (at /Users/bokken/build/output/unity/unity/Runtime/Export/Scripting/StackTrace.cs:37)
UnityEngine.DebugLogHandler:LogFormat (UnityEngine.LogType,UnityEngine.Object,string,object[])
UnityEngine.Logger:Log (UnityEngine.LogType,object)
UnityEngine.Debug:Log (object)
ArgusUnity.Runtime.MiniBotHideAndSeekScenario:ResolveDesiredDirection (ArgusUnity.Runtime.MiniBotHideAndSeekScenario/WanderAgent,UnityEngine.Vector3) (at Assets/Project/Scripts/Runtime/MiniBotHideAndSeekScenario.cs:166)
ArgusUnity.Runtime.MiniBotHideAndSeekScenario:FixedUpdate () (at Assets/Project/Scripts/Runtime/MiniBotHideAndSeekScenario.cs:74)

(Filename: Assets/Project/Scripts/Runtime/MiniBotHideAndSeekScenario.cs Line: 166)

MiniBotHideAndSeekScenario: free-roam retarget Hider 02 -> 1.39,1.19.
UnityEngine.StackTraceUtility:ExtractStackTrace () (at /Users/bokken/build/output/unity/unity/Runtime/Export/Scripting/StackTrace.cs:37)
UnityEngine.DebugLogHandler:LogFormat (UnityEngine.LogType,UnityEngine.Object,string,object[])
UnityEngine.Logger:Log (UnityEngine.LogType,object)
UnityEngine.Debug:Log (object)
ArgusUnity.Runtime.MiniBotHideAndSeekScenario:ResolveDesiredDirection (ArgusUnity.Runtime.MiniBotHideAndSeekScenario/WanderAgent,UnityEngine.Vector3) (at Assets/Project/Scripts/Runtime/MiniBotHideAndSeekScenario.cs:166)
ArgusUnity.Runtime.MiniBotHideAndSeekScenario:FixedUpdate () (at Assets/Project/Scripts/Runtime/MiniBotHideAndSeekScenario.cs:74)

(Filename: Assets/Project/Scripts/Runtime/MiniBotHideAndSeekScenario.cs Line: 166)

MiniBotHideAndSeekScenario: free-roam retarget Hider 02 -> 4.19,-0.95.
UnityEngine.StackTraceUtility:ExtractStackTrace () (at /Users/bokken/build/output/unity/unity/Runtime/Export/Scripting/StackTrace.cs:37)
UnityEngine.DebugLogHandler:LogFormat (UnityEngine.LogType,UnityEngine.Object,string,object[])
UnityEngine.Logger:Log (UnityEngine.LogType,object)
UnityEngine.Debug:Log (object)
ArgusUnity.Runtime.MiniBotHideAndSeekScenario:ResolveDesiredDirection (ArgusUnity.Runtime.MiniBotHideAndSeekScenario/WanderAgent,UnityEngine.Vector3) (at Assets/Project/Scripts/Runtime/MiniBotHideAndSeekScenario.cs:166)
ArgusUnity.Runtime.MiniBotHideAndSeekScenario:FixedUpdate () (at Assets/Project/Scripts/Runtime/MiniBotHideAndSeekScenario.cs:74)

(Filename: Assets/Project/Scripts/Runtime/MiniBotHideAndSeekScenario.cs Line: 166)

MiniBotHideAndSeekScenario: free-roam retarget Hider 02 -> 3.27,2.06.
UnityEngine.StackTraceUtility:ExtractStackTrace () (at /Users/bokken/build/output/unity/unity/Runtime/Export/Scripting/StackTrace.cs:37)
UnityEngine.DebugLogHandler:LogFormat (UnityEngine.LogType,UnityEngine.Object,string,object[])
UnityEngine.Logger:Log (UnityEngine.LogType,object)
UnityEngine.Debug:Log (object)
ArgusUnity.Runtime.MiniBotHideAndSeekScenario:ResolveDesiredDirection (ArgusUnity.Runtime.MiniBotHideAndSeekScenario/WanderAgent,UnityEngine.Vector3) (at Assets/Project/Scripts/Runtime/MiniBotHideAndSeekScenario.cs:166)
ArgusUnity.Runtime.MiniBotHideAndSeekScenario:FixedUpdate () (at Assets/Project/Scripts/Runtime/MiniBotHideAndSeekScenario.cs:74)

(Filename: Assets/Project/Scripts/Runtime/MiniBotHideAndSeekScenario.cs Line: 166)

MiniBotHideAndSeekScenario: free-roam retarget Hider 02 -> 3.28,-0.77.
UnityEngine.StackTraceUtility:ExtractStackTrace () (at /Users/bokken/build/output/unity/unity/Runtime/Export/Scripting/StackTrace.cs:37)
UnityEngine.DebugLogHandler:LogFormat (UnityEngine.LogType,UnityEngine.Object,string,object[])
UnityEngine.Logger:Log (UnityEngine.LogType,object)
UnityEngine.Debug:Log (object)
ArgusUnity.Runtime.MiniBotHideAndSeekScenario:ResolveDesiredDirection (ArgusUnity.Runtime.MiniBotHideAndSeekScenario/WanderAgent,UnityEngine.Vector3) (at Assets/Project/Scripts/Runtime/MiniBotHideAndSeekScenario.cs:166)
ArgusUnity.Runtime.MiniBotHideAndSeekScenario:FixedUpdate () (at Assets/Project/Scripts/Runtime/MiniBotHideAndSeekScenario.cs:74)

(Filename: Assets/Project/Scripts/Runtime/MiniBotHideAndSeekScenario.cs Line: 166)

MiniBotHideAndSeekScenario: free-roam retarget Seeker 02 -> -0.13,-1.31.
UnityEngine.StackTraceUtility:ExtractStackTrace () (at /Users/bokken/build/output/unity/unity/Runtime/Export/Scripting/StackTrace.cs:37)
UnityEngine.DebugLogHandler:LogFormat (UnityEngine.LogType,UnityEngine.Object,string,object[])
UnityEngine.Logger:Log (UnityEngine.LogType,object)
UnityEngine.Debug:Log (object)
ArgusUnity.Runtime.MiniBotHideAndSeekScenario:ResolveDesiredDirection (ArgusUnity.Runtime.MiniBotHideAndSeekScenario/WanderAgent,UnityEngine.Vector3) (at Assets/Project/Scripts/Runtime/MiniBotHideAndSeekScenario.cs:166)
ArgusUnity.Runtime.MiniBotHideAndSeekScenario:FixedUpdate () (at Assets/Project/Scripts/Runtime/MiniBotHideAndSeekScenario.cs:74)

(Filename: Assets/Project/Scripts/Runtime/MiniBotHideAndSeekScenario.cs Line: 166)

MiniBotHideAndSeekScenario: free-roam retarget Seeker 02 -> 1.70,0.75.
UnityEngine.StackTraceUtility:ExtractStackTrace () (at /Users/bokken/build/output/unity/unity/Runtime/Export/Scripting/StackTrace.cs:37)
UnityEngine.DebugLogHandler:LogFormat (UnityEngine.LogType,UnityEngine.Object,string,object[])
UnityEngine.Logger:Log (UnityEngine.LogType,object)
UnityEngine.Debug:Log (object)
ArgusUnity.Runtime.MiniBotHideAndSeekScenario:ResolveDesiredDirection (ArgusUnity.Runtime.MiniBotHideAndSeekScenario/WanderAgent,UnityEngine.Vector3) (at Assets/Project/Scripts/Runtime/MiniBotHideAndSeekScenario.cs:166)
ArgusUnity.Runtime.MiniBotHideAndSeekScenario:FixedUpdate () (at Assets/Project/Scripts/Runtime/MiniBotHideAndSeekScenario.cs:74)

(Filename: Assets/Project/Scripts/Runtime/MiniBotHideAndSeekScenario.cs Line: 166)

MiniBotHideAndSeekScenario: free-roam retarget Hider 02 -> 0.82,1.27.
UnityEngine.StackTraceUtility:ExtractStackTrace () (at /Users/bokken/build/output/unity/unity/Runtime/Export/Scripting/StackTrace.cs:37)
UnityEngine.DebugLogHandler:LogFormat (UnityEngine.LogType,UnityEngine.Object,string,object[])
UnityEngine.Logger:Log (UnityEngine.LogType,object)
UnityEngine.Debug:Log (object)
ArgusUnity.Runtime.MiniBotHideAndSeekScenario:ResolveDesiredDirection (ArgusUnity.Runtime.MiniBotHideAndSeekScenario/WanderAgent,UnityEngine.Vector3) (at Assets/Project/Scripts/Runtime/MiniBotHideAndSeekScenario.cs:166)
ArgusUnity.Runtime.MiniBotHideAndSeekScenario:FixedUpdate () (at Assets/Project/Scripts/Runtime/MiniBotHideAndSeekScenario.cs:74)

(Filename: Assets/Project/Scripts/Runtime/MiniBotHideAndSeekScenario.cs Line: 166)

MiniBotHideAndSeekScenario: free-roam retarget Hider 02 -> -0.57,-0.04.
UnityEngine.StackTraceUtility:ExtractStackTrace () (at /Users/bokken/build/output/unity/unity/Runtime/Export/Scripting/StackTrace.cs:37)
UnityEngine.DebugLogHandler:LogFormat (UnityEngine.LogType,UnityEngine.Object,string,object[])
UnityEngine.Logger:Log (UnityEngine.LogType,object)
UnityEngine.Debug:Log (object)
ArgusUnity.Runtime.MiniBotHideAndSeekScenario:ResolveDesiredDirection (ArgusUnity.Runtime.MiniBotHideAndSeekScenario/WanderAgent,UnityEngine.Vector3) (at Assets/Project/Scripts/Runtime/MiniBotHideAndSeekScenario.cs:166)
ArgusUnity.Runtime.MiniBotHideAndSeekScenario:FixedUpdate () (at Assets/Project/Scripts/Runtime/MiniBotHideAndSeekScenario.cs:74)

(Filename: Assets/Project/Scripts/Runtime/MiniBotHideAndSeekScenario.cs Line: 166)

MiniBotHideAndSeekScenario: free-roam retarget Seeker 02 -> -3.76,0.39.
UnityEngine.StackTraceUtility:ExtractStackTrace () (at /Users/bokken/build/output/unity/unity/Runtime/Export/Scripting/StackTrace.cs:37)
UnityEngine.DebugLogHandler:LogFormat (UnityEngine.LogType,UnityEngine.Object,string,object[])
UnityEngine.Logger:Log (UnityEngine.LogType,object)
UnityEngine.Debug:Log (object)
ArgusUnity.Runtime.MiniBotHideAndSeekScenario:ResolveDesiredDirection (ArgusUnity.Runtime.MiniBotHideAndSeekScenario/WanderAgent,UnityEngine.Vector3) (at Assets/Project/Scripts/Runtime/MiniBotHideAndSeekScenario.cs:166)
ArgusUnity.Runtime.MiniBotHideAndSeekScenario:FixedUpdate () (at Assets/Project/Scripts/Runtime/MiniBotHideAndSeekScenario.cs:74)

(Filename: Assets/Project/Scripts/Runtime/MiniBotHideAndSeekScenario.cs Line: 166)

MiniBotHideAndSeekScenario: free-roam retarget Hider 02 -> -2.21,-2.35.
UnityEngine.StackTraceUtility:ExtractStackTrace () (at /Users/bokken/build/output/unity/unity/Runtime/Export/Scripting/StackTrace.cs:37)
UnityEngine.DebugLogHandler:LogFormat (UnityEngine.LogType,UnityEngine.Object,string,object[])
UnityEngine.Logger:Log (UnityEngine.LogType,object)
UnityEngine.Debug:Log (object)
ArgusUnity.Runtime.MiniBotHideAndSeekScenario:ResolveDesiredDirection (ArgusUnity.Runtime.MiniBotHideAndSeekScenario/WanderAgent,UnityEngine.Vector3) (at Assets/Project/Scripts/Runtime/MiniBotHideAndSeekScenario.cs:166)
ArgusUnity.Runtime.MiniBotHideAndSeekScenario:FixedUpdate () (at Assets/Project/Scripts/Runtime/MiniBotHideAndSeekScenario.cs:74)

(Filename: Assets/Project/Scripts/Runtime/MiniBotHideAndSeekScenario.cs Line: 166)

MiniBotHideAndSeekScenario: free-roam retarget Hider 02 -> 2.21,0.37.
UnityEngine.StackTraceUtility:ExtractStackTrace () (at /Users/bokken/build/output/unity/unity/Runtime/Export/Scripting/StackTrace.cs:37)
UnityEngine.DebugLogHandler:LogFormat (UnityEngine.LogType,UnityEngine.Object,string,object[])
UnityEngine.Logger:Log (UnityEngine.LogType,object)
UnityEngine.Debug:Log (object)
ArgusUnity.Runtime.MiniBotHideAndSeekScenario:ResolveDesiredDirection (ArgusUnity.Runtime.MiniBotHideAndSeekScenario/WanderAgent,UnityEngine.Vector3) (at Assets/Project/Scripts/Runtime/MiniBotHideAndSeekScenario.cs:166)
ArgusUnity.Runtime.MiniBotHideAndSeekScenario:FixedUpdate () (at Assets/Project/Scripts/Runtime/MiniBotHideAndSeekScenario.cs:74)

(Filename: Assets/Project/Scripts/Runtime/MiniBotHideAndSeekScenario.cs Line: 166)

MiniBotHideAndSeekScenario: free-roam retarget Seeker 02 -> -4.59,0.60.
UnityEngine.StackTraceUtility:ExtractStackTrace () (at /Users/bokken/build/output/unity/unity/Runtime/Export/Scripting/StackTrace.cs:37)
UnityEngine.DebugLogHandler:LogFormat (UnityEngine.LogType,UnityEngine.Object,string,object[])
UnityEngine.Logger:Log (UnityEngine.LogType,object)
UnityEngine.Debug:Log (object)
ArgusUnity.Runtime.MiniBotHideAndSeekScenario:ResolveDesiredDirection (ArgusUnity.Runtime.MiniBotHideAndSeekScenario/WanderAgent,UnityEngine.Vector3) (at Assets/Project/Scripts/Runtime/MiniBotHideAndSeekScenario.cs:166)
ArgusUnity.Runtime.MiniBotHideAndSeekScenario:FixedUpdate () (at Assets/Project/Scripts/Runtime/MiniBotHideAndSeekScenario.cs:74)

(Filename: Assets/Project/Scripts/Runtime/MiniBotHideAndSeekScenario.cs Line: 166)

MiniBotHideAndSeekScenario: free-roam retarget Hider 02 -> -0.60,1.52.
UnityEngine.StackTraceUtility:ExtractStackTrace () (at /Users/bokken/build/output/unity/unity/Runtime/Export/Scripting/StackTrace.cs:37)
UnityEngine.DebugLogHandler:LogFormat (UnityEngine.LogType,UnityEngine.Object,string,object[])
UnityEngine.Logger:Log (UnityEngine.LogType,object)
UnityEngine.Debug:Log (object)
ArgusUnity.Runtime.MiniBotHideAndSeekScenario:ResolveDesiredDirection (ArgusUnity.Runtime.MiniBotHideAndSeekScenario/WanderAgent,UnityEngine.Vector3) (at Assets/Project/Scripts/Runtime/MiniBotHideAndSeekScenario.cs:166)
ArgusUnity.Runtime.MiniBotHideAndSeekScenario:FixedUpdate () (at Assets/Project/Scripts/Runtime/MiniBotHideAndSeekScenario.cs:74)

(Filename: Assets/Project/Scripts/Runtime/MiniBotHideAndSeekScenario.cs Line: 166)

MiniBotHideAndSeekScenario: free-roam retarget Seeker 02 -> 4.10,-0.68.
UnityEngine.StackTraceUtility:ExtractStackTrace () (at /Users/bokken/build/output/unity/unity/Runtime/Export/Scripting/StackTrace.cs:37)
UnityEngine.DebugLogHandler:LogFormat (UnityEngine.LogType,UnityEngine.Object,string,object[])
UnityEngine.Logger:Log (UnityEngine.LogType,object)
UnityEngine.Debug:Log (object)
ArgusUnity.Runtime.MiniBotHideAndSeekScenario:ResolveDesiredDirection (ArgusUnity.Runtime.MiniBotHideAndSeekScenario/WanderAgent,UnityEngine.Vector3) (at Assets/Project/Scripts/Runtime/MiniBotHideAndSeekScenario.cs:166)
ArgusUnity.Runtime.MiniBotHideAndSeekScenario:FixedUpdate () (at Assets/Project/Scripts/Runtime/MiniBotHideAndSeekScenario.cs:74)

(Filename: Assets/Project/Scripts/Runtime/MiniBotHideAndSeekScenario.cs Line: 166)

MiniBotHideAndSeekScenario: free-roam retarget Seeker 02 -> 1.67,-0.53.
UnityEngine.StackTraceUtility:ExtractStackTrace () (at /Users/bokken/build/output/unity/unity/Runtime/Export/Scripting/StackTrace.cs:37)
UnityEngine.DebugLogHandler:LogFormat (UnityEngine.LogType,UnityEngine.Object,string,object[])
UnityEngine.Logger:Log (UnityEngine.LogType,object)
UnityEngine.Debug:Log (object)
ArgusUnity.Runtime.MiniBotHideAndSeekScenario:ResolveDesiredDirection (ArgusUnity.Runtime.MiniBotHideAndSeekScenario/WanderAgent,UnityEngine.Vector3) (at Assets/Project/Scripts/Runtime/MiniBotHideAndSeekScenario.cs:166)
ArgusUnity.Runtime.MiniBotHideAndSeekScenario:FixedUpdate () (at Assets/Project/Scripts/Runtime/MiniBotHideAndSeekScenario.cs:74)

(Filename: Assets/Project/Scripts/Runtime/MiniBotHideAndSeekScenario.cs Line: 166)

MiniBotHideAndSeekScenario: free-roam retarget Seeker 02 -> -2.10,-2.21.
UnityEngine.StackTraceUtility:ExtractStackTrace () (at /Users/bokken/build/output/unity/unity/Runtime/Export/Scripting/StackTrace.cs:37)
UnityEngine.DebugLogHandler:LogFormat (UnityEngine.LogType,UnityEngine.Object,string,object[])
UnityEngine.Logger:Log (UnityEngine.LogType,object)
UnityEngine.Debug:Log (object)
ArgusUnity.Runtime.MiniBotHideAndSeekScenario:ResolveDesiredDirection (ArgusUnity.Runtime.MiniBotHideAndSeekScenario/WanderAgent,UnityEngine.Vector3) (at Assets/Project/Scripts/Runtime/MiniBotHideAndSeekScenario.cs:166)
ArgusUnity.Runtime.MiniBotHideAndSeekScenario:FixedUpdate () (at Assets/Project/Scripts/Runtime/MiniBotHideAndSeekScenario.cs:74)

(Filename: Assets/Project/Scripts/Runtime/MiniBotHideAndSeekScenario.cs Line: 166)

MiniBotHideAndSeekScenario: free-roam retarget Hider 02 -> -3.95,1.95.
UnityEngine.StackTraceUtility:ExtractStackTrace () (at /Users/bokken/build/output/unity/unity/Runtime/Export/Scripting/StackTrace.cs:37)
UnityEngine.DebugLogHandler:LogFormat (UnityEngine.LogType,UnityEngine.Object,string,object[])
UnityEngine.Logger:Log (UnityEngine.LogType,object)
UnityEngine.Debug:Log (object)
ArgusUnity.Runtime.MiniBotHideAndSeekScenario:ResolveDesiredDirection (ArgusUnity.Runtime.MiniBotHideAndSeekScenario/WanderAgent,UnityEngine.Vector3) (at Assets/Project/Scripts/Runtime/MiniBotHideAndSeekScenario.cs:166)
ArgusUnity.Runtime.MiniBotHideAndSeekScenario:FixedUpdate () (at Assets/Project/Scripts/Runtime/MiniBotHideAndSeekScenario.cs:74)

(Filename: Assets/Project/Scripts/Runtime/MiniBotHideAndSeekScenario.cs Line: 166)

MiniBotHideAndSeekScenario: free-roam retarget Seeker 02 -> 0.01,-1.05.
UnityEngine.StackTraceUtility:ExtractStackTrace () (at /Users/bokken/build/output/unity/unity/Runtime/Export/Scripting/StackTrace.cs:37)
UnityEngine.DebugLogHandler:LogFormat (UnityEngine.LogType,UnityEngine.Object,string,object[])
UnityEngine.Logger:Log (UnityEngine.LogType,object)
UnityEngine.Debug:Log (object)
ArgusUnity.Runtime.MiniBotHideAndSeekScenario:ResolveDesiredDirection (ArgusUnity.Runtime.MiniBotHideAndSeekScenario/WanderAgent,UnityEngine.Vector3) (at Assets/Project/Scripts/Runtime/MiniBotHideAndSeekScenario.cs:166)
ArgusUnity.Runtime.MiniBotHideAndSeekScenario:FixedUpdate () (at Assets/Project/Scripts/Runtime/MiniBotHideAndSeekScenario.cs:74)

(Filename: Assets/Project/Scripts/Runtime/MiniBotHideAndSeekScenario.cs Line: 166)

MiniBotHideAndSeekScenario: free-roam retarget Hider 02 -> 3.04,1.92.
UnityEngine.StackTraceUtility:ExtractStackTrace () (at /Users/bokken/build/output/unity/unity/Runtime/Export/Scripting/StackTrace.cs:37)
UnityEngine.DebugLogHandler:LogFormat (UnityEngine.LogType,UnityEngine.Object,string,object[])
UnityEngine.Logger:Log (UnityEngine.LogType,object)
UnityEngine.Debug:Log (object)
ArgusUnity.Runtime.MiniBotHideAndSeekScenario:ResolveDesiredDirection (ArgusUnity.Runtime.MiniBotHideAndSeekScenario/WanderAgent,UnityEngine.Vector3) (at Assets/Project/Scripts/Runtime/MiniBotHideAndSeekScenario.cs:166)
ArgusUnity.Runtime.MiniBotHideAndSeekScenario:FixedUpdate () (at Assets/Project/Scripts/Runtime/MiniBotHideAndSeekScenario.cs:74)

(Filename: Assets/Project/Scripts/Runtime/MiniBotHideAndSeekScenario.cs Line: 166)

MiniBotHideAndSeekScenario: free-roam retarget Seeker 02 -> 1.42,-0.49.
UnityEngine.StackTraceUtility:ExtractStackTrace () (at /Users/bokken/build/output/unity/unity/Runtime/Export/Scripting/StackTrace.cs:37)
UnityEngine.DebugLogHandler:LogFormat (UnityEngine.LogType,UnityEngine.Object,string,object[])
UnityEngine.Logger:Log (UnityEngine.LogType,object)
UnityEngine.Debug:Log (object)
ArgusUnity.Runtime.MiniBotHideAndSeekScenario:ResolveDesiredDirection (ArgusUnity.Runtime.MiniBotHideAndSeekScenario/WanderAgent,UnityEngine.Vector3) (at Assets/Project/Scripts/Runtime/MiniBotHideAndSeekScenario.cs:166)
ArgusUnity.Runtime.MiniBotHideAndSeekScenario:FixedUpdate () (at Assets/Project/Scripts/Runtime/MiniBotHideAndSeekScenario.cs:74)

(Filename: Assets/Project/Scripts/Runtime/MiniBotHideAndSeekScenario.cs Line: 166)

MiniBotHideAndSeekScenario: free-roam retarget Hider 02 -> 3.91,-0.70.
UnityEngine.StackTraceUtility:ExtractStackTrace () (at /Users/bokken/build/output/unity/unity/Runtime/Export/Scripting/StackTrace.cs:37)
UnityEngine.DebugLogHandler:LogFormat (UnityEngine.LogType,UnityEngine.Object,string,object[])
UnityEngine.Logger:Log (UnityEngine.LogType,object)
UnityEngine.Debug:Log (object)
ArgusUnity.Runtime.MiniBotHideAndSeekScenario:ResolveDesiredDirection (ArgusUnity.Runtime.MiniBotHideAndSeekScenario/WanderAgent,UnityEngine.Vector3) (at Assets/Project/Scripts/Runtime/MiniBotHideAndSeekScenario.cs:166)
ArgusUnity.Runtime.MiniBotHideAndSeekScenario:FixedUpdate () (at Assets/Project/Scripts/Runtime/MiniBotHideAndSeekScenario.cs:74)

(Filename: Assets/Project/Scripts/Runtime/MiniBotHideAndSeekScenario.cs Line: 166)

MiniBotHideAndSeekScenario: free-roam retarget Seeker 02 -> 3.46,2.02.
UnityEngine.StackTraceUtility:ExtractStackTrace () (at /Users/bokken/build/output/unity/unity/Runtime/Export/Scripting/StackTrace.cs:37)
UnityEngine.DebugLogHandler:LogFormat (UnityEngine.LogType,UnityEngine.Object,string,object[])
UnityEngine.Logger:Log (UnityEngine.LogType,object)
UnityEngine.Debug:Log (object)
ArgusUnity.Runtime.MiniBotHideAndSeekScenario:ResolveDesiredDirection (ArgusUnity.Runtime.MiniBotHideAndSeekScenario/WanderAgent,UnityEngine.Vector3) (at Assets/Project/Scripts/Runtime/MiniBotHideAndSeekScenario.cs:166)
ArgusUnity.Runtime.MiniBotHideAndSeekScenario:FixedUpdate () (at Assets/Project/Scripts/Runtime/MiniBotHideAndSeekScenario.cs:74)

(Filename: Assets/Project/Scripts/Runtime/MiniBotHideAndSeekScenario.cs Line: 166)

MiniBotHideAndSeekScenario: free-roam retarget Hider 02 -> 4.18,-0.31.
UnityEngine.StackTraceUtility:ExtractStackTrace () (at /Users/bokken/build/output/unity/unity/Runtime/Export/Scripting/StackTrace.cs:37)
UnityEngine.DebugLogHandler:LogFormat (UnityEngine.LogType,UnityEngine.Object,string,object[])
UnityEngine.Logger:Log (UnityEngine.LogType,object)
UnityEngine.Debug:Log (object)
ArgusUnity.Runtime.MiniBotHideAndSeekScenario:ResolveDesiredDirection (ArgusUnity.Runtime.MiniBotHideAndSeekScenario/WanderAgent,UnityEngine.Vector3) (at Assets/Project/Scripts/Runtime/MiniBotHideAndSeekScenario.cs:166)
ArgusUnity.Runtime.MiniBotHideAndSeekScenario:FixedUpdate () (at Assets/Project/Scripts/Runtime/MiniBotHideAndSeekScenario.cs:74)

(Filename: Assets/Project/Scripts/Runtime/MiniBotHideAndSeekScenario.cs Line: 166)

MiniBotHideAndSeekScenario: free-roam retarget Seeker 02 -> 4.10,-2.10.
UnityEngine.StackTraceUtility:ExtractStackTrace () (at /Users/bokken/build/output/unity/unity/Runtime/Export/Scripting/StackTrace.cs:37)
UnityEngine.DebugLogHandler:LogFormat (UnityEngine.LogType,UnityEngine.Object,string,object[])
UnityEngine.Logger:Log (UnityEngine.LogType,object)
UnityEngine.Debug:Log (object)
ArgusUnity.Runtime.MiniBotHideAndSeekScenario:ResolveDesiredDirection (ArgusUnity.Runtime.MiniBotHideAndSeekScenario/WanderAgent,UnityEngine.Vector3) (at Assets/Project/Scripts/Runtime/MiniBotHideAndSeekScenario.cs:166)
ArgusUnity.Runtime.MiniBotHideAndSeekScenario:FixedUpdate () (at Assets/Project/Scripts/Runtime/MiniBotHideAndSeekScenario.cs:74)

(Filename: Assets/Project/Scripts/Runtime/MiniBotHideAndSeekScenario.cs Line: 166)

MiniBotHideAndSeekScenario: free-roam retarget Hider 02 -> 4.64,-1.86.
UnityEngine.StackTraceUtility:ExtractStackTrace () (at /Users/bokken/build/output/unity/unity/Runtime/Export/Scripting/StackTrace.cs:37)
UnityEngine.DebugLogHandler:LogFormat (UnityEngine.LogType,UnityEngine.Object,string,object[])
UnityEngine.Logger:Log (UnityEngine.LogType,object)
UnityEngine.Debug:Log (object)
ArgusUnity.Runtime.MiniBotHideAndSeekScenario:ResolveDesiredDirection (ArgusUnity.Runtime.MiniBotHideAndSeekScenario/WanderAgent,UnityEngine.Vector3) (at Assets/Project/Scripts/Runtime/MiniBotHideAndSeekScenario.cs:166)
ArgusUnity.Runtime.MiniBotHideAndSeekScenario:FixedUpdate () (at Assets/Project/Scripts/Runtime/MiniBotHideAndSeekScenario.cs:74)

(Filename: Assets/Project/Scripts/Runtime/MiniBotHideAndSeekScenario.cs Line: 166)

MiniBotHideAndSeekScenario: free-roam retarget Seeker 02 -> -0.44,0.59.
UnityEngine.StackTraceUtility:ExtractStackTrace () (at /Users/bokken/build/output/unity/unity/Runtime/Export/Scripting/StackTrace.cs:37)
UnityEngine.DebugLogHandler:LogFormat (UnityEngine.LogType,UnityEngine.Object,string,object[])
UnityEngine.Logger:Log (UnityEngine.LogType,object)
UnityEngine.Debug:Log (object)
ArgusUnity.Runtime.MiniBotHideAndSeekScenario:ResolveDesiredDirection (ArgusUnity.Runtime.MiniBotHideAndSeekScenario/WanderAgent,UnityEngine.Vector3) (at Assets/Project/Scripts/Runtime/MiniBotHideAndSeekScenario.cs:166)
ArgusUnity.Runtime.MiniBotHideAndSeekScenario:FixedUpdate () (at Assets/Project/Scripts/Runtime/MiniBotHideAndSeekScenario.cs:74)

(Filename: Assets/Project/Scripts/Runtime/MiniBotHideAndSeekScenario.cs Line: 166)

MiniBotHideAndSeekScenario: free-roam retarget Seeker 02 -> -3.42,2.26.
UnityEngine.StackTraceUtility:ExtractStackTrace () (at /Users/bokken/build/output/unity/unity/Runtime/Export/Scripting/StackTrace.cs:37)
UnityEngine.DebugLogHandler:LogFormat (UnityEngine.LogType,UnityEngine.Object,string,object[])
UnityEngine.Logger:Log (UnityEngine.LogType,object)
UnityEngine.Debug:Log (object)
ArgusUnity.Runtime.MiniBotHideAndSeekScenario:ResolveDesiredDirection (ArgusUnity.Runtime.MiniBotHideAndSeekScenario/WanderAgent,UnityEngine.Vector3) (at Assets/Project/Scripts/Runtime/MiniBotHideAndSeekScenario.cs:166)
ArgusUnity.Runtime.MiniBotHideAndSeekScenario:FixedUpdate () (at Assets/Project/Scripts/Runtime/MiniBotHideAndSeekScenario.cs:74)

(Filename: Assets/Project/Scripts/Runtime/MiniBotHideAndSeekScenario.cs Line: 166)

MiniBotHideAndSeekScenario: free-roam retarget Hider 02 -> 0.71,2.68.
UnityEngine.StackTraceUtility:ExtractStackTrace () (at /Users/bokken/build/output/unity/unity/Runtime/Export/Scripting/StackTrace.cs:37)
UnityEngine.DebugLogHandler:LogFormat (UnityEngine.LogType,UnityEngine.Object,string,object[])
UnityEngine.Logger:Log (UnityEngine.LogType,object)
UnityEngine.Debug:Log (object)
ArgusUnity.Runtime.MiniBotHideAndSeekScenario:ResolveDesiredDirection (ArgusUnity.Runtime.MiniBotHideAndSeekScenario/WanderAgent,UnityEngine.Vector3) (at Assets/Project/Scripts/Runtime/MiniBotHideAndSeekScenario.cs:166)
ArgusUnity.Runtime.MiniBotHideAndSeekScenario:FixedUpdate () (at Assets/Project/Scripts/Runtime/MiniBotHideAndSeekScenario.cs:74)

(Filename: Assets/Project/Scripts/Runtime/MiniBotHideAndSeekScenario.cs Line: 166)

MiniBotHideAndSeekScenario: free-roam retarget Seeker 02 -> 4.45,1.31.
UnityEngine.StackTraceUtility:ExtractStackTrace () (at /Users/bokken/build/output/unity/unity/Runtime/Export/Scripting/StackTrace.cs:37)
UnityEngine.DebugLogHandler:LogFormat (UnityEngine.LogType,UnityEngine.Object,string,object[])
UnityEngine.Logger:Log (UnityEngine.LogType,object)
UnityEngine.Debug:Log (object)
ArgusUnity.Runtime.MiniBotHideAndSeekScenario:ResolveDesiredDirection (ArgusUnity.Runtime.MiniBotHideAndSeekScenario/WanderAgent,UnityEngine.Vector3) (at Assets/Project/Scripts/Runtime/MiniBotHideAndSeekScenario.cs:166)
ArgusUnity.Runtime.MiniBotHideAndSeekScenario:FixedUpdate () (at Assets/Project/Scripts/Runtime/MiniBotHideAndSeekScenario.cs:74)

(Filename: Assets/Project/Scripts/Runtime/MiniBotHideAndSeekScenario.cs Line: 166)

MiniBotHideAndSeekScenario: free-roam retarget Hider 02 -> -3.85,-1.07.
UnityEngine.StackTraceUtility:ExtractStackTrace () (at /Users/bokken/build/output/unity/unity/Runtime/Export/Scripting/StackTrace.cs:37)
UnityEngine.DebugLogHandler:LogFormat (UnityEngine.LogType,UnityEngine.Object,string,object[])
UnityEngine.Logger:Log (UnityEngine.LogType,object)
UnityEngine.Debug:Log (object)
ArgusUnity.Runtime.MiniBotHideAndSeekScenario:ResolveDesiredDirection (ArgusUnity.Runtime.MiniBotHideAndSeekScenario/WanderAgent,UnityEngine.Vector3) (at Assets/Project/Scripts/Runtime/MiniBotHideAndSeekScenario.cs:166)
ArgusUnity.Runtime.MiniBotHideAndSeekScenario:FixedUpdate () (at Assets/Project/Scripts/Runtime/MiniBotHideAndSeekScenario.cs:74)

(Filename: Assets/Project/Scripts/Runtime/MiniBotHideAndSeekScenario.cs Line: 166)

MiniBotHideAndSeekScenario: free-roam retarget Seeker 02 -> -4.24,-1.37.
UnityEngine.StackTraceUtility:ExtractStackTrace () (at /Users/bokken/build/output/unity/unity/Runtime/Export/Scripting/StackTrace.cs:37)
UnityEngine.DebugLogHandler:LogFormat (UnityEngine.LogType,UnityEngine.Object,string,object[])
UnityEngine.Logger:Log (UnityEngine.LogType,object)
UnityEngine.Debug:Log (object)
ArgusUnity.Runtime.MiniBotHideAndSeekScenario:ResolveDesiredDirection (ArgusUnity.Runtime.MiniBotHideAndSeekScenario/WanderAgent,UnityEngine.Vector3) (at Assets/Project/Scripts/Runtime/MiniBotHideAndSeekScenario.cs:166)
ArgusUnity.Runtime.MiniBotHideAndSeekScenario:FixedUpdate () (at Assets/Project/Scripts/Runtime/MiniBotHideAndSeekScenario.cs:74)

(Filename: Assets/Project/Scripts/Runtime/MiniBotHideAndSeekScenario.cs Line: 166)

MiniBotHideAndSeekScenario: free-roam retarget Hider 02 -> -3.43,1.84.
UnityEngine.StackTraceUtility:ExtractStackTrace () (at /Users/bokken/build/output/unity/unity/Runtime/Export/Scripting/StackTrace.cs:37)
UnityEngine.DebugLogHandler:LogFormat (UnityEngine.LogType,UnityEngine.Object,string,object[])
UnityEngine.Logger:Log (UnityEngine.LogType,object)
UnityEngine.Debug:Log (object)
ArgusUnity.Runtime.MiniBotHideAndSeekScenario:ResolveDesiredDirection (ArgusUnity.Runtime.MiniBotHideAndSeekScenario/WanderAgent,UnityEngine.Vector3) (at Assets/Project/Scripts/Runtime/MiniBotHideAndSeekScenario.cs:166)
ArgusUnity.Runtime.MiniBotHideAndSeekScenario:FixedUpdate () (at Assets/Project/Scripts/Runtime/MiniBotHideAndSeekScenario.cs:74)

(Filename: Assets/Project/Scripts/Runtime/MiniBotHideAndSeekScenario.cs Line: 166)

MiniBotHideAndSeekScenario: free-roam retarget Seeker 02 -> 2.45,-0.66.
UnityEngine.StackTraceUtility:ExtractStackTrace () (at /Users/bokken/build/output/unity/unity/Runtime/Export/Scripting/StackTrace.cs:37)
UnityEngine.DebugLogHandler:LogFormat (UnityEngine.LogType,UnityEngine.Object,string,object[])
UnityEngine.Logger:Log (UnityEngine.LogType,object)
UnityEngine.Debug:Log (object)
ArgusUnity.Runtime.MiniBotHideAndSeekScenario:ResolveDesiredDirection (ArgusUnity.Runtime.MiniBotHideAndSeekScenario/WanderAgent,UnityEngine.Vector3) (at Assets/Project/Scripts/Runtime/MiniBotHideAndSeekScenario.cs:166)
ArgusUnity.Runtime.MiniBotHideAndSeekScenario:FixedUpdate () (at Assets/Project/Scripts/Runtime/MiniBotHideAndSeekScenario.cs:74)

(Filename: Assets/Project/Scripts/Runtime/MiniBotHideAndSeekScenario.cs Line: 166)

MiniBotHideAndSeekScenario: free-roam retarget Hider 02 -> 1.86,-0.84.
UnityEngine.StackTraceUtility:ExtractStackTrace () (at /Users/bokken/build/output/unity/unity/Runtime/Export/Scripting/StackTrace.cs:37)
UnityEngine.DebugLogHandler:LogFormat (UnityEngine.LogType,UnityEngine.Object,string,object[])
UnityEngine.Logger:Log (UnityEngine.LogType,object)
UnityEngine.Debug:Log (object)
ArgusUnity.Runtime.MiniBotHideAndSeekScenario:ResolveDesiredDirection (ArgusUnity.Runtime.MiniBotHideAndSeekScenario/WanderAgent,UnityEngine.Vector3) (at Assets/Project/Scripts/Runtime/MiniBotHideAndSeekScenario.cs:166)
ArgusUnity.Runtime.MiniBotHideAndSeekScenario:FixedUpdate () (at Assets/Project/Scripts/Runtime/MiniBotHideAndSeekScenario.cs:74)

(Filename: Assets/Project/Scripts/Runtime/MiniBotHideAndSeekScenario.cs Line: 166)

MiniBotHideAndSeekScenario: free-roam retarget Hider 02 -> -1.69,-1.16.
UnityEngine.StackTraceUtility:ExtractStackTrace () (at /Users/bokken/build/output/unity/unity/Runtime/Export/Scripting/StackTrace.cs:37)
UnityEngine.DebugLogHandler:LogFormat (UnityEngine.LogType,UnityEngine.Object,string,object[])
UnityEngine.Logger:Log (UnityEngine.LogType,object)
UnityEngine.Debug:Log (object)
ArgusUnity.Runtime.MiniBotHideAndSeekScenario:ResolveDesiredDirection (ArgusUnity.Runtime.MiniBotHideAndSeekScenario/WanderAgent,UnityEngine.Vector3) (at Assets/Project/Scripts/Runtime/MiniBotHideAndSeekScenario.cs:166)
ArgusUnity.Runtime.MiniBotHideAndSeekScenario:FixedUpdate () (at Assets/Project/Scripts/Runtime/MiniBotHideAndSeekScenario.cs:74)

(Filename: Assets/Project/Scripts/Runtime/MiniBotHideAndSeekScenario.cs Line: 166)

MiniBotHideAndSeekScenario: free-roam retarget Seeker 02 -> -0.11,1.08.
UnityEngine.StackTraceUtility:ExtractStackTrace () (at /Users/bokken/build/output/unity/unity/Runtime/Export/Scripting/StackTrace.cs:37)
UnityEngine.DebugLogHandler:LogFormat (UnityEngine.LogType,UnityEngine.Object,string,object[])
UnityEngine.Logger:Log (UnityEngine.LogType,object)
UnityEngine.Debug:Log (object)
ArgusUnity.Runtime.MiniBotHideAndSeekScenario:ResolveDesiredDirection (ArgusUnity.Runtime.MiniBotHideAndSeekScenario/WanderAgent,UnityEngine.Vector3) (at Assets/Project/Scripts/Runtime/MiniBotHideAndSeekScenario.cs:166)
ArgusUnity.Runtime.MiniBotHideAndSeekScenario:FixedUpdate () (at Assets/Project/Scripts/Runtime/MiniBotHideAndSeekScenario.cs:74)

(Filename: Assets/Project/Scripts/Runtime/MiniBotHideAndSeekScenario.cs Line: 166)

MiniBotHideAndSeekScenario: free-roam retarget Seeker 02 -> -0.82,2.40.
UnityEngine.StackTraceUtility:ExtractStackTrace () (at /Users/bokken/build/output/unity/unity/Runtime/Export/Scripting/StackTrace.cs:37)
UnityEngine.DebugLogHandler:LogFormat (UnityEngine.LogType,UnityEngine.Object,string,object[])
UnityEngine.Logger:Log (UnityEngine.LogType,object)
UnityEngine.Debug:Log (object)
ArgusUnity.Runtime.MiniBotHideAndSeekScenario:ResolveDesiredDirection (ArgusUnity.Runtime.MiniBotHideAndSeekScenario/WanderAgent,UnityEngine.Vector3) (at Assets/Project/Scripts/Runtime/MiniBotHideAndSeekScenario.cs:166)
ArgusUnity.Runtime.MiniBotHideAndSeekScenario:FixedUpdate () (at Assets/Project/Scripts/Runtime/MiniBotHideAndSeekScenario.cs:74)

(Filename: Assets/Project/Scripts/Runtime/MiniBotHideAndSeekScenario.cs Line: 166)

MiniBotHideAndSeekScenario: free-roam retarget Seeker 02 -> -1.75,2.58.
UnityEngine.StackTraceUtility:ExtractStackTrace () (at /Users/bokken/build/output/unity/unity/Runtime/Export/Scripting/StackTrace.cs:37)
UnityEngine.DebugLogHandler:LogFormat (UnityEngine.LogType,UnityEngine.Object,string,object[])
UnityEngine.Logger:Log (UnityEngine.LogType,object)
UnityEngine.Debug:Log (object)
ArgusUnity.Runtime.MiniBotHideAndSeekScenario:ResolveDesiredDirection (ArgusUnity.Runtime.MiniBotHideAndSeekScenario/WanderAgent,UnityEngine.Vector3) (at Assets/Project/Scripts/Runtime/MiniBotHideAndSeekScenario.cs:166)
ArgusUnity.Runtime.MiniBotHideAndSeekScenario:FixedUpdate () (at Assets/Project/Scripts/Runtime/MiniBotHideAndSeekScenario.cs:74)

(Filename: Assets/Project/Scripts/Runtime/MiniBotHideAndSeekScenario.cs Line: 166)

MiniBotHideAndSeekScenario: free-roam retarget Hider 02 -> 4.50,2.28.
UnityEngine.StackTraceUtility:ExtractStackTrace () (at /Users/bokken/build/output/unity/unity/Runtime/Export/Scripting/StackTrace.cs:37)
UnityEngine.DebugLogHandler:LogFormat (UnityEngine.LogType,UnityEngine.Object,string,object[])
UnityEngine.Logger:Log (UnityEngine.LogType,object)
UnityEngine.Debug:Log (object)
ArgusUnity.Runtime.MiniBotHideAndSeekScenario:ResolveDesiredDirection (ArgusUnity.Runtime.MiniBotHideAndSeekScenario/WanderAgent,UnityEngine.Vector3) (at Assets/Project/Scripts/Runtime/MiniBotHideAndSeekScenario.cs:166)
ArgusUnity.Runtime.MiniBotHideAndSeekScenario:FixedUpdate () (at Assets/Project/Scripts/Runtime/MiniBotHideAndSeekScenario.cs:74)

(Filename: Assets/Project/Scripts/Runtime/MiniBotHideAndSeekScenario.cs Line: 166)

MiniBotHideAndSeekScenario: free-roam retarget Seeker 02 -> -1.81,-0.98.
UnityEngine.StackTraceUtility:ExtractStackTrace () (at /Users/bokken/build/output/unity/unity/Runtime/Export/Scripting/StackTrace.cs:37)
UnityEngine.DebugLogHandler:LogFormat (UnityEngine.LogType,UnityEngine.Object,string,object[])
UnityEngine.Logger:Log (UnityEngine.LogType,object)
UnityEngine.Debug:Log (object)
ArgusUnity.Runtime.MiniBotHideAndSeekScenario:ResolveDesiredDirection (ArgusUnity.Runtime.MiniBotHideAndSeekScenario/WanderAgent,UnityEngine.Vector3) (at Assets/Project/Scripts/Runtime/MiniBotHideAndSeekScenario.cs:166)
ArgusUnity.Runtime.MiniBotHideAndSeekScenario:FixedUpdate () (at Assets/Project/Scripts/Runtime/MiniBotHideAndSeekScenario.cs:74)

(Filename: Assets/Project/Scripts/Runtime/MiniBotHideAndSeekScenario.cs Line: 166)

MiniBotHideAndSeekScenario: free-roam retarget Seeker 02 -> -1.00,0.96.
UnityEngine.StackTraceUtility:ExtractStackTrace () (at /Users/bokken/build/output/unity/unity/Runtime/Export/Scripting/StackTrace.cs:37)
UnityEngine.DebugLogHandler:LogFormat (UnityEngine.LogType,UnityEngine.Object,string,object[])
UnityEngine.Logger:Log (UnityEngine.LogType,object)
UnityEngine.Debug:Log (object)
ArgusUnity.Runtime.MiniBotHideAndSeekScenario:ResolveDesiredDirection (ArgusUnity.Runtime.MiniBotHideAndSeekScenario/WanderAgent,UnityEngine.Vector3) (at Assets/Project/Scripts/Runtime/MiniBotHideAndSeekScenario.cs:166)
ArgusUnity.Runtime.MiniBotHideAndSeekScenario:FixedUpdate () (at Assets/Project/Scripts/Runtime/MiniBotHideAndSeekScenario.cs:74)

(Filename: Assets/Project/Scripts/Runtime/MiniBotHideAndSeekScenario.cs Line: 166)

MiniBotHideAndSeekScenario: free-roam retarget Hider 02 -> -4.47,-0.75.
UnityEngine.StackTraceUtility:ExtractStackTrace () (at /Users/bokken/build/output/unity/unity/Runtime/Export/Scripting/StackTrace.cs:37)
UnityEngine.DebugLogHandler:LogFormat (UnityEngine.LogType,UnityEngine.Object,string,object[])
UnityEngine.Logger:Log (UnityEngine.LogType,object)
UnityEngine.Debug:Log (object)
ArgusUnity.Runtime.MiniBotHideAndSeekScenario:ResolveDesiredDirection (ArgusUnity.Runtime.MiniBotHideAndSeekScenario/WanderAgent,UnityEngine.Vector3) (at Assets/Project/Scripts/Runtime/MiniBotHideAndSeekScenario.cs:166)
ArgusUnity.Runtime.MiniBotHideAndSeekScenario:FixedUpdate () (at Assets/Project/Scripts/Runtime/MiniBotHideAndSeekScenario.cs:74)

(Filename: Assets/Project/Scripts/Runtime/MiniBotHideAndSeekScenario.cs Line: 166)

MiniBotHideAndSeekScenario: free-roam retarget Seeker 02 -> -1.97,0.60.
UnityEngine.StackTraceUtility:ExtractStackTrace () (at /Users/bokken/build/output/unity/unity/Runtime/Export/Scripting/StackTrace.cs:37)
UnityEngine.DebugLogHandler:LogFormat (UnityEngine.LogType,UnityEngine.Object,string,object[])
UnityEngine.Logger:Log (UnityEngine.LogType,object)
UnityEngine.Debug:Log (object)
ArgusUnity.Runtime.MiniBotHideAndSeekScenario:ResolveDesiredDirection (ArgusUnity.Runtime.MiniBotHideAndSeekScenario/WanderAgent,UnityEngine.Vector3) (at Assets/Project/Scripts/Runtime/MiniBotHideAndSeekScenario.cs:166)
ArgusUnity.Runtime.MiniBotHideAndSeekScenario:FixedUpdate () (at Assets/Project/Scripts/Runtime/MiniBotHideAndSeekScenario.cs:74)

(Filename: Assets/Project/Scripts/Runtime/MiniBotHideAndSeekScenario.cs Line: 166)

MiniBotHideAndSeekScenario: free-roam retarget Seeker 02 -> -1.09,2.50.
UnityEngine.StackTraceUtility:ExtractStackTrace () (at /Users/bokken/build/output/unity/unity/Runtime/Export/Scripting/StackTrace.cs:37)
UnityEngine.DebugLogHandler:LogFormat (UnityEngine.LogType,UnityEngine.Object,string,object[])
UnityEngine.Logger:Log (UnityEngine.LogType,object)
UnityEngine.Debug:Log (object)
ArgusUnity.Runtime.MiniBotHideAndSeekScenario:ResolveDesiredDirection (ArgusUnity.Runtime.MiniBotHideAndSeekScenario/WanderAgent,UnityEngine.Vector3) (at Assets/Project/Scripts/Runtime/MiniBotHideAndSeekScenario.cs:166)
ArgusUnity.Runtime.MiniBotHideAndSeekScenario:FixedUpdate () (at Assets/Project/Scripts/Runtime/MiniBotHideAndSeekScenario.cs:74)

(Filename: Assets/Project/Scripts/Runtime/MiniBotHideAndSeekScenario.cs Line: 166)

MiniBotHideAndSeekScenario: free-roam retarget Hider 02 -> 4.50,-0.37.
UnityEngine.StackTraceUtility:ExtractStackTrace () (at /Users/bokken/build/output/unity/unity/Runtime/Export/Scripting/StackTrace.cs:37)
UnityEngine.DebugLogHandler:LogFormat (UnityEngine.LogType,UnityEngine.Object,string,object[])
UnityEngine.Logger:Log (UnityEngine.LogType,object)
UnityEngine.Debug:Log (object)
ArgusUnity.Runtime.MiniBotHideAndSeekScenario:ResolveDesiredDirection (ArgusUnity.Runtime.MiniBotHideAndSeekScenario/WanderAgent,UnityEngine.Vector3) (at Assets/Project/Scripts/Runtime/MiniBotHideAndSeekScenario.cs:166)
ArgusUnity.Runtime.MiniBotHideAndSeekScenario:FixedUpdate () (at Assets/Project/Scripts/Runtime/MiniBotHideAndSeekScenario.cs:74)

(Filename: Assets/Project/Scripts/Runtime/MiniBotHideAndSeekScenario.cs Line: 166)

MiniBotHideAndSeekScenario: free-roam retarget Seeker 02 -> 0.60,1.35.
UnityEngine.StackTraceUtility:ExtractStackTrace () (at /Users/bokken/build/output/unity/unity/Runtime/Export/Scripting/StackTrace.cs:37)
UnityEngine.DebugLogHandler:LogFormat (UnityEngine.LogType,UnityEngine.Object,string,object[])
UnityEngine.Logger:Log (UnityEngine.LogType,object)
UnityEngine.Debug:Log (object)
ArgusUnity.Runtime.MiniBotHideAndSeekScenario:ResolveDesiredDirection (ArgusUnity.Runtime.MiniBotHideAndSeekScenario/WanderAgent,UnityEngine.Vector3) (at Assets/Project/Scripts/Runtime/MiniBotHideAndSeekScenario.cs:166)
ArgusUnity.Runtime.MiniBotHideAndSeekScenario:FixedUpdate () (at Assets/Project/Scripts/Runtime/MiniBotHideAndSeekScenario.cs:74)

(Filename: Assets/Project/Scripts/Runtime/MiniBotHideAndSeekScenario.cs Line: 166)

MiniBotHideAndSeekScenario: free-roam retarget Hider 02 -> 3.77,1.90.
UnityEngine.StackTraceUtility:ExtractStackTrace () (at /Users/bokken/build/output/unity/unity/Runtime/Export/Scripting/StackTrace.cs:37)
UnityEngine.DebugLogHandler:LogFormat (UnityEngine.LogType,UnityEngine.Object,string,object[])
UnityEngine.Logger:Log (UnityEngine.LogType,object)
UnityEngine.Debug:Log (object)
ArgusUnity.Runtime.MiniBotHideAndSeekScenario:ResolveDesiredDirection (ArgusUnity.Runtime.MiniBotHideAndSeekScenario/WanderAgent,UnityEngine.Vector3) (at Assets/Project/Scripts/Runtime/MiniBotHideAndSeekScenario.cs:166)
ArgusUnity.Runtime.MiniBotHideAndSeekScenario:FixedUpdate () (at Assets/Project/Scripts/Runtime/MiniBotHideAndSeekScenario.cs:74)

(Filename: Assets/Project/Scripts/Runtime/MiniBotHideAndSeekScenario.cs Line: 166)

MiniBotHideAndSeekScenario: free-roam retarget Seeker 02 -> 3.89,0.40.
UnityEngine.StackTraceUtility:ExtractStackTrace () (at /Users/bokken/build/output/unity/unity/Runtime/Export/Scripting/StackTrace.cs:37)
UnityEngine.DebugLogHandler:LogFormat (UnityEngine.LogType,UnityEngine.Object,string,object[])
UnityEngine.Logger:Log (UnityEngine.LogType,object)
UnityEngine.Debug:Log (object)
ArgusUnity.Runtime.MiniBotHideAndSeekScenario:ResolveDesiredDirection (ArgusUnity.Runtime.MiniBotHideAndSeekScenario/WanderAgent,UnityEngine.Vector3) (at Assets/Project/Scripts/Runtime/MiniBotHideAndSeekScenario.cs:166)
ArgusUnity.Runtime.MiniBotHideAndSeekScenario:FixedUpdate () (at Assets/Project/Scripts/Runtime/MiniBotHideAndSeekScenario.cs:74)

(Filename: Assets/Project/Scripts/Runtime/MiniBotHideAndSeekScenario.cs Line: 166)

MiniBotHideAndSeekScenario: free-roam retarget Seeker 02 -> -0.76,2.50.
UnityEngine.StackTraceUtility:ExtractStackTrace () (at /Users/bokken/build/output/unity/unity/Runtime/Export/Scripting/StackTrace.cs:37)
UnityEngine.DebugLogHandler:LogFormat (UnityEngine.LogType,UnityEngine.Object,string,object[])
UnityEngine.Logger:Log (UnityEngine.LogType,object)
UnityEngine.Debug:Log (object)
ArgusUnity.Runtime.MiniBotHideAndSeekScenario:ResolveDesiredDirection (ArgusUnity.Runtime.MiniBotHideAndSeekScenario/WanderAgent,UnityEngine.Vector3) (at Assets/Project/Scripts/Runtime/MiniBotHideAndSeekScenario.cs:166)
ArgusUnity.Runtime.MiniBotHideAndSeekScenario:FixedUpdate () (at Assets/Project/Scripts/Runtime/MiniBotHideAndSeekScenario.cs:74)

(Filename: Assets/Project/Scripts/Runtime/MiniBotHideAndSeekScenario.cs Line: 166)

MiniBotHideAndSeekScenario: free-roam retarget Hider 02 -> -1.51,0.95.
UnityEngine.StackTraceUtility:ExtractStackTrace () (at /Users/bokken/build/output/unity/unity/Runtime/Export/Scripting/StackTrace.cs:37)
UnityEngine.DebugLogHandler:LogFormat (UnityEngine.LogType,UnityEngine.Object,string,object[])
UnityEngine.Logger:Log (UnityEngine.LogType,object)
UnityEngine.Debug:Log (object)
ArgusUnity.Runtime.MiniBotHideAndSeekScenario:ResolveDesiredDirection (ArgusUnity.Runtime.MiniBotHideAndSeekScenario/WanderAgent,UnityEngine.Vector3) (at Assets/Project/Scripts/Runtime/MiniBotHideAndSeekScenario.cs:166)
ArgusUnity.Runtime.MiniBotHideAndSeekScenario:FixedUpdate () (at Assets/Project/Scripts/Runtime/MiniBotHideAndSeekScenario.cs:74)

(Filename: Assets/Project/Scripts/Runtime/MiniBotHideAndSeekScenario.cs Line: 166)

MiniBotHideAndSeekScenario: free-roam retarget Seeker 02 -> -3.81,0.17.
UnityEngine.StackTraceUtility:ExtractStackTrace () (at /Users/bokken/build/output/unity/unity/Runtime/Export/Scripting/StackTrace.cs:37)
UnityEngine.DebugLogHandler:LogFormat (UnityEngine.LogType,UnityEngine.Object,string,object[])
UnityEngine.Logger:Log (UnityEngine.LogType,object)
UnityEngine.Debug:Log (object)
ArgusUnity.Runtime.MiniBotHideAndSeekScenario:ResolveDesiredDirection (ArgusUnity.Runtime.MiniBotHideAndSeekScenario/WanderAgent,UnityEngine.Vector3) (at Assets/Project/Scripts/Runtime/MiniBotHideAndSeekScenario.cs:166)
ArgusUnity.Runtime.MiniBotHideAndSeekScenario:FixedUpdate () (at Assets/Project/Scripts/Runtime/MiniBotHideAndSeekScenario.cs:74)

(Filename: Assets/Project/Scripts/Runtime/MiniBotHideAndSeekScenario.cs Line: 166)

MiniBotHideAndSeekScenario: free-roam retarget Hider 02 -> -2.05,-1.73.
UnityEngine.StackTraceUtility:ExtractStackTrace () (at /Users/bokken/build/output/unity/unity/Runtime/Export/Scripting/StackTrace.cs:37)
UnityEngine.DebugLogHandler:LogFormat (UnityEngine.LogType,UnityEngine.Object,string,object[])
UnityEngine.Logger:Log (UnityEngine.LogType,object)
UnityEngine.Debug:Log (object)
ArgusUnity.Runtime.MiniBotHideAndSeekScenario:ResolveDesiredDirection (ArgusUnity.Runtime.MiniBotHideAndSeekScenario/WanderAgent,UnityEngine.Vector3) (at Assets/Project/Scripts/Runtime/MiniBotHideAndSeekScenario.cs:166)
ArgusUnity.Runtime.MiniBotHideAndSeekScenario:FixedUpdate () (at Assets/Project/Scripts/Runtime/MiniBotHideAndSeekScenario.cs:74)

(Filename: Assets/Project/Scripts/Runtime/MiniBotHideAndSeekScenario.cs Line: 166)

MiniBotHideAndSeekScenario: free-roam retarget Hider 02 -> 2.15,2.80.
UnityEngine.StackTraceUtility:ExtractStackTrace () (at /Users/bokken/build/output/unity/unity/Runtime/Export/Scripting/StackTrace.cs:37)
UnityEngine.DebugLogHandler:LogFormat (UnityEngine.LogType,UnityEngine.Object,string,object[])
UnityEngine.Logger:Log (UnityEngine.LogType,object)
UnityEngine.Debug:Log (object)
ArgusUnity.Runtime.MiniBotHideAndSeekScenario:ResolveDesiredDirection (ArgusUnity.Runtime.MiniBotHideAndSeekScenario/WanderAgent,UnityEngine.Vector3) (at Assets/Project/Scripts/Runtime/MiniBotHideAndSeekScenario.cs:166)
ArgusUnity.Runtime.MiniBotHideAndSeekScenario:FixedUpdate () (at Assets/Project/Scripts/Runtime/MiniBotHideAndSeekScenario.cs:74)

(Filename: Assets/Project/Scripts/Runtime/MiniBotHideAndSeekScenario.cs Line: 166)

MiniBotHideAndSeekScenario: free-roam retarget Seeker 02 -> 1.56,1.46.
UnityEngine.StackTraceUtility:ExtractStackTrace () (at /Users/bokken/build/output/unity/unity/Runtime/Export/Scripting/StackTrace.cs:37)
UnityEngine.DebugLogHandler:LogFormat (UnityEngine.LogType,UnityEngine.Object,string,object[])
UnityEngine.Logger:Log (UnityEngine.LogType,object)
UnityEngine.Debug:Log (object)
ArgusUnity.Runtime.MiniBotHideAndSeekScenario:ResolveDesiredDirection (ArgusUnity.Runtime.MiniBotHideAndSeekScenario/WanderAgent,UnityEngine.Vector3) (at Assets/Project/Scripts/Runtime/MiniBotHideAndSeekScenario.cs:166)
ArgusUnity.Runtime.MiniBotHideAndSeekScenario:FixedUpdate () (at Assets/Project/Scripts/Runtime/MiniBotHideAndSeekScenario.cs:74)

(Filename: Assets/Project/Scripts/Runtime/MiniBotHideAndSeekScenario.cs Line: 166)

MiniBotHideAndSeekScenario: free-roam retarget Hider 02 -> 4.31,2.48.
UnityEngine.StackTraceUtility:ExtractStackTrace () (at /Users/bokken/build/output/unity/unity/Runtime/Export/Scripting/StackTrace.cs:37)
UnityEngine.DebugLogHandler:LogFormat (UnityEngine.LogType,UnityEngine.Object,string,object[])
UnityEngine.Logger:Log (UnityEngine.LogType,object)
UnityEngine.Debug:Log (object)
ArgusUnity.Runtime.MiniBotHideAndSeekScenario:ResolveDesiredDirection (ArgusUnity.Runtime.MiniBotHideAndSeekScenario/WanderAgent,UnityEngine.Vector3) (at Assets/Project/Scripts/Runtime/MiniBotHideAndSeekScenario.cs:166)
ArgusUnity.Runtime.MiniBotHideAndSeekScenario:FixedUpdate () (at Assets/Project/Scripts/Runtime/MiniBotHideAndSeekScenario.cs:74)

(Filename: Assets/Project/Scripts/Runtime/MiniBotHideAndSeekScenario.cs Line: 166)

MiniBotHideAndSeekScenario: free-roam retarget Hider 02 -> -3.55,1.28.
UnityEngine.StackTraceUtility:ExtractStackTrace () (at /Users/bokken/build/output/unity/unity/Runtime/Export/Scripting/StackTrace.cs:37)
UnityEngine.DebugLogHandler:LogFormat (UnityEngine.LogType,UnityEngine.Object,string,object[])
UnityEngine.Logger:Log (UnityEngine.LogType,object)
UnityEngine.Debug:Log (object)
ArgusUnity.Runtime.MiniBotHideAndSeekScenario:ResolveDesiredDirection (ArgusUnity.Runtime.MiniBotHideAndSeekScenario/WanderAgent,UnityEngine.Vector3) (at Assets/Project/Scripts/Runtime/MiniBotHideAndSeekScenario.cs:166)
ArgusUnity.Runtime.MiniBotHideAndSeekScenario:FixedUpdate () (at Assets/Project/Scripts/Runtime/MiniBotHideAndSeekScenario.cs:74)

(Filename: Assets/Project/Scripts/Runtime/MiniBotHideAndSeekScenario.cs Line: 166)

MiniBotHideAndSeekScenario: free-roam retarget Seeker 02 -> 1.07,2.67.
UnityEngine.StackTraceUtility:ExtractStackTrace () (at /Users/bokken/build/output/unity/unity/Runtime/Export/Scripting/StackTrace.cs:37)
UnityEngine.DebugLogHandler:LogFormat (UnityEngine.LogType,UnityEngine.Object,string,object[])
UnityEngine.Logger:Log (UnityEngine.LogType,object)
UnityEngine.Debug:Log (object)
ArgusUnity.Runtime.MiniBotHideAndSeekScenario:ResolveDesiredDirection (ArgusUnity.Runtime.MiniBotHideAndSeekScenario/WanderAgent,UnityEngine.Vector3) (at Assets/Project/Scripts/Runtime/MiniBotHideAndSeekScenario.cs:166)
ArgusUnity.Runtime.MiniBotHideAndSeekScenario:FixedUpdate () (at Assets/Project/Scripts/Runtime/MiniBotHideAndSeekScenario.cs:74)

(Filename: Assets/Project/Scripts/Runtime/MiniBotHideAndSeekScenario.cs Line: 166)

MiniBotHideAndSeekScenario: free-roam retarget Seeker 02 -> -1.86,2.19.
UnityEngine.StackTraceUtility:ExtractStackTrace () (at /Users/bokken/build/output/unity/unity/Runtime/Export/Scripting/StackTrace.cs:37)
UnityEngine.DebugLogHandler:LogFormat (UnityEngine.LogType,UnityEngine.Object,string,object[])
UnityEngine.Logger:Log (UnityEngine.LogType,object)
UnityEngine.Debug:Log (object)
ArgusUnity.Runtime.MiniBotHideAndSeekScenario:ResolveDesiredDirection (ArgusUnity.Runtime.MiniBotHideAndSeekScenario/WanderAgent,UnityEngine.Vector3) (at Assets/Project/Scripts/Runtime/MiniBotHideAndSeekScenario.cs:166)
ArgusUnity.Runtime.MiniBotHideAndSeekScenario:FixedUpdate () (at Assets/Project/Scripts/Runtime/MiniBotHideAndSeekScenario.cs:74)

(Filename: Assets/Project/Scripts/Runtime/MiniBotHideAndSeekScenario.cs Line: 166)

MiniBotHideAndSeekScenario: free-roam retarget Hider 02 -> -1.87,-2.05.
UnityEngine.StackTraceUtility:ExtractStackTrace () (at /Users/bokken/build/output/unity/unity/Runtime/Export/Scripting/StackTrace.cs:37)
UnityEngine.DebugLogHandler:LogFormat (UnityEngine.LogType,UnityEngine.Object,string,object[])
UnityEngine.Logger:Log (UnityEngine.LogType,object)
UnityEngine.Debug:Log (object)
ArgusUnity.Runtime.MiniBotHideAndSeekScenario:ResolveDesiredDirection (ArgusUnity.Runtime.MiniBotHideAndSeekScenario/WanderAgent,UnityEngine.Vector3) (at Assets/Project/Scripts/Runtime/MiniBotHideAndSeekScenario.cs:166)
ArgusUnity.Runtime.MiniBotHideAndSeekScenario:FixedUpdate () (at Assets/Project/Scripts/Runtime/MiniBotHideAndSeekScenario.cs:74)

(Filename: Assets/Project/Scripts/Runtime/MiniBotHideAndSeekScenario.cs Line: 166)

MiniBotHideAndSeekScenario: free-roam retarget Seeker 02 -> 1.58,1.05.
UnityEngine.StackTraceUtility:ExtractStackTrace () (at /Users/bokken/build/output/unity/unity/Runtime/Export/Scripting/StackTrace.cs:37)
UnityEngine.DebugLogHandler:LogFormat (UnityEngine.LogType,UnityEngine.Object,string,object[])
UnityEngine.Logger:Log (UnityEngine.LogType,object)
UnityEngine.Debug:Log (object)
ArgusUnity.Runtime.MiniBotHideAndSeekScenario:ResolveDesiredDirection (ArgusUnity.Runtime.MiniBotHideAndSeekScenario/WanderAgent,UnityEngine.Vector3) (at Assets/Project/Scripts/Runtime/MiniBotHideAndSeekScenario.cs:166)
ArgusUnity.Runtime.MiniBotHideAndSeekScenario:FixedUpdate () (at Assets/Project/Scripts/Runtime/MiniBotHideAndSeekScenario.cs:74)

(Filename: Assets/Project/Scripts/Runtime/MiniBotHideAndSeekScenario.cs Line: 166)

MiniBotHideAndSeekScenario: free-roam retarget Hider 02 -> 1.46,-0.65.
UnityEngine.StackTraceUtility:ExtractStackTrace () (at /Users/bokken/build/output/unity/unity/Runtime/Export/Scripting/StackTrace.cs:37)
UnityEngine.DebugLogHandler:LogFormat (UnityEngine.LogType,UnityEngine.Object,string,object[])
UnityEngine.Logger:Log (UnityEngine.LogType,object)
UnityEngine.Debug:Log (object)
ArgusUnity.Runtime.MiniBotHideAndSeekScenario:ResolveDesiredDirection (ArgusUnity.Runtime.MiniBotHideAndSeekScenario/WanderAgent,UnityEngine.Vector3) (at Assets/Project/Scripts/Runtime/MiniBotHideAndSeekScenario.cs:166)
ArgusUnity.Runtime.MiniBotHideAndSeekScenario:FixedUpdate () (at Assets/Project/Scripts/Runtime/MiniBotHideAndSeekScenario.cs:74)

(Filename: Assets/Project/Scripts/Runtime/MiniBotHideAndSeekScenario.cs Line: 166)

MiniBotHideAndSeekScenario: free-roam retarget Seeker 02 -> -1.52,2.41.
UnityEngine.StackTraceUtility:ExtractStackTrace () (at /Users/bokken/build/output/unity/unity/Runtime/Export/Scripting/StackTrace.cs:37)
UnityEngine.DebugLogHandler:LogFormat (UnityEngine.LogType,UnityEngine.Object,string,object[])
UnityEngine.Logger:Log (UnityEngine.LogType,object)
UnityEngine.Debug:Log (object)
ArgusUnity.Runtime.MiniBotHideAndSeekScenario:ResolveDesiredDirection (ArgusUnity.Runtime.MiniBotHideAndSeekScenario/WanderAgent,UnityEngine.Vector3) (at Assets/Project/Scripts/Runtime/MiniBotHideAndSeekScenario.cs:166)
ArgusUnity.Runtime.MiniBotHideAndSeekScenario:FixedUpdate () (at Assets/Project/Scripts/Runtime/MiniBotHideAndSeekScenario.cs:74)

(Filename: Assets/Project/Scripts/Runtime/MiniBotHideAndSeekScenario.cs Line: 166)

[ScriptCompilation] Requested script compilation because: Assetdatabase observed changes in script compilation related files
AssetDatabase: script compilation time: 0.042886s
Start importing Assets/Project/Scripts/Runtime/MiniBotHideAndSeekScenario.cs using Guid(3b5ce7513323c40ca88888f6cc916d18) Importer(-1,00000000000000000000000000000000)  -> (artifact id: 'd446948c16cfdd65ebc6814415470582') in 0.800031 seconds
Start importing Assets/Project/Scripts/Runtime/MiniBotWalkAnimator.cs using Guid(1e1543e04d34943ac923fbafc7348715) Importer(-1,00000000000000000000000000000000)  -> (artifact id: '8276ae475b1ff7a86ad4f9ca9e543d77') in 0.020217 seconds
Start importing Assets/Editor/HideAndSeekDesignBuilder.cs using Guid(3e5770619d66b4652a275f68b78cf71c) Importer(-1,00000000000000000000000000000000)  -> (artifact id: 'c68b72b26988a9dd39db3d0b4eab57df') in 0.001951 seconds
Refreshing native plugins compatible for Editor in 11.69 ms, found 0 plugins.
Preloading 0 native plugins for Editor in 0.00 ms.
Asset Pipeline Refresh (id=8a6ada39e3273474cafbb443a135db48): Total: 2.316 seconds - Initiated by RefreshV2(NoUpdateAssetOptions)
	Summary:
		Imports: total=3 (actual=3, local cache=0, cache server=0)
		Asset DB Process Time: managed=78 ms, native=1570 ms
		Asset DB Callback time: managed=496 ms, native=127 ms
		Scripting: domain reloads=0, domain reload time=0 ms, compile time=43 ms, other=0 ms
		Project Asset Count: scripts=1021, non-scripts=615
		Asset File Changes: new=0, changed=3, moved=0, deleted=0
		Scan Filter Count: 1
	InvokeBeforeRefreshCallbacks: 0.000ms
	ApplyChangesToAssetFolders: 2.273ms
	Scan: 486.531ms
	OnSourceAssetsModified: 108.787ms
	GetAllGuidsForCategorization: 0.085ms
	CategorizeAssets: 32.250ms
	ImportOutOfDateAssets: 959.773ms (-2.503ms without children)
		ImportManagerImport: 894.901ms (64.808ms without children)
			ImportInProcess: 829.931ms
			UpdateCategorizedAssets: 0.162ms
		CompileScripts: 42.970ms
		ReloadNativeAssets: 0.259ms
		UnloadImportedAssets: 8.966ms
		ReloadImportedAssets: 6.798ms
		EnsureUptoDateAssetsAreRegisteredWithGuidPM: 2.304ms
		InitializingProgressBar: 0.000ms
		PostProcessAllAssetNotificationsAddChangedAssets: 0.002ms
		OnDemandSchedulerStart: 6.076ms
	PostProcessAllAssets: 405.513ms
	Hotreload: 109.376ms
	GatherAllCurrentPrimaryArtifactRevisions: 8.804ms
	UnloadStreamsBegin: 49.350ms
	PersistCurrentRevisions: 2.173ms
	UnloadStreamsEnd: 0.008ms
	Untracked: 151.035ms
[Licensing::Client] Successfully resolved entitlements
[40m[32minfo[39m[22m[49m: Microsoft.AspNetCore.Hosting.Diagnostics[1]
      Request starting HTTP/2 POST http://ilpp/UnityILPP.PostProcessing/Ping application/grpc -
[40m[32minfo[39m[22m[49m: Microsoft.AspNetCore.Routing.EndpointMiddleware[0]
      Executing endpoint 'gRPC - /UnityILPP.PostProcessing/Ping'
[40m[32minfo[39m[22m[49m: Microsoft.AspNetCore.Routing.EndpointMiddleware[1]
      Executed endpoint 'gRPC - /UnityILPP.PostProcessing/Ping'
[40m[32minfo[39m[22m[49m: Microsoft.AspNetCore.Hosting.Diagnostics[2]
      Request finished HTTP/2 POST http://ilpp/UnityILPP.PostProcessing/Ping application/grpc - - 200 - application/grpc 95.0323ms
Starting: /Applications/Unity/Hub/Editor/2022.3.0f1/Unity.app/Contents/bee_backend --dont-print-to-structured-log --ipc --defer-dag-verification --dagfile="Library/Bee/200b0aE.dag" --continue-on-failure --profile="Library/Bee/backend1.traceevents" ScriptAssemblies
WorkingDir: /Users/guribbong/code/Argus/unity/EmbodiedDebate
[40m[32minfo[39m[22m[49m: Microsoft.AspNetCore.Hosting.Diagnostics[1]
      Request starting HTTP/2 POST http://ilpp/UnityILPP.PostProcessing/ConfigurePostProcessors application/grpc -
[40m[32minfo[39m[22m[49m: Microsoft.AspNetCore.Routing.EndpointMiddleware[0]
      Executing endpoint 'gRPC - /UnityILPP.PostProcessing/ConfigurePostProcessors'
[40m[32minfo[39m[22m[49m: Unity.ILPP.Runner.PostProcessingAssemblyLoadContext[0]
      Current configuration matches the requested one, skipping
[40m[32minfo[39m[22m[49m: Microsoft.AspNetCore.Routing.EndpointMiddleware[1]
      Executed endpoint 'gRPC - /UnityILPP.PostProcessing/ConfigurePostProcessors'
[40m[32minfo[39m[22m[49m: Microsoft.AspNetCore.Hosting.Diagnostics[2]
      Request finished HTTP/2 POST http://ilpp/UnityILPP.PostProcessing/ConfigurePostProcessors application/grpc - - 200 - application/grpc 49.3944ms
[40m[32minfo[39m[22m[49m: Microsoft.AspNetCore.Hosting.Diagnostics[1]
      Request starting HTTP/2 POST http://ilpp/UnityILPP.PostProcessing/PostProcessAssembly application/grpc -
[40m[32minfo[39m[22m[49m: Microsoft.AspNetCore.Routing.EndpointMiddleware[0]
      Executing endpoint 'gRPC - /UnityILPP.PostProcessing/PostProcessAssembly'
[40m[32minfo[39m[22m[49m: Unity.ILPP.Runner.PostProcessingPipeline[0]
      Processing assembly Library/Bee/artifacts/200b0aE.dag/ArgusUnity.dll, with 119 defines and 182 references
[40m[32minfo[39m[22m[49m: Unity.ILPP.Runner.PostProcessingPipeline[0]
      processors: zzzUnity.Burst.CodeGen.BurstILPostProcessor
[40m[32minfo[39m[22m[49m: Unity.ILPP.Runner.PostProcessingPipeline[0]
      running zzzUnity.Burst.CodeGen.BurstILPostProcessor
[40m[32minfo[39m[22m[49m: Microsoft.AspNetCore.Routing.EndpointMiddleware[1]
      Executed endpoint 'gRPC - /UnityILPP.PostProcessing/PostProcessAssembly'
[40m[32minfo[39m[22m[49m: Microsoft.AspNetCore.Hosting.Diagnostics[2]
      Request finished HTTP/2 POST http://ilpp/UnityILPP.PostProcessing/PostProcessAssembly application/grpc - - 200 - application/grpc 337.1477ms
[40m[32minfo[39m[22m[49m: Microsoft.AspNetCore.Hosting.Diagnostics[1]
      Request starting HTTP/2 POST http://ilpp/UnityILPP.PostProcessing/PostProcessAssembly application/grpc -
[40m[32minfo[39m[22m[49m: Microsoft.AspNetCore.Routing.EndpointMiddleware[0]
      Executing endpoint 'gRPC - /UnityILPP.PostProcessing/PostProcessAssembly'
[40m[32minfo[39m[22m[49m: Microsoft.AspNetCore.Hosting.Diagnostics[1]
      Request starting HTTP/2 POST http://ilpp/UnityILPP.PostProcessing/PostProcessAssembly application/grpc -
[40m[32minfo[39m[22m[49m: Microsoft.AspNetCore.Routing.EndpointMiddleware[0]
      Executing endpoint 'gRPC - /UnityILPP.PostProcessing/PostProcessAssembly'
[40m[32minfo[39m[22m[49m: Unity.ILPP.Runner.PostProcessingPipeline[0]
      Processing assembly Library/Bee/artifacts/200b0aE.dag/ArgusUnity.Tests.EditMode.dll, with 117 defines and 216 references
[40m[32minfo[39m[22m[49m: Unity.ILPP.Runner.PostProcessingPipeline[0]
      processors: zzzUnity.Burst.CodeGen.BurstILPostProcessor
[40m[32minfo[39m[22m[49m: Unity.ILPP.Runner.PostProcessingPipeline[0]
      running zzzUnity.Burst.CodeGen.BurstILPostProcessor
[40m[32minfo[39m[22m[49m: Microsoft.AspNetCore.Routing.EndpointMiddleware[1]
      Executed endpoint 'gRPC - /UnityILPP.PostProcessing/PostProcessAssembly'
[40m[32minfo[39m[22m[49m: Microsoft.AspNetCore.Hosting.Diagnostics[2]
      Request finished HTTP/2 POST http://ilpp/UnityILPP.PostProcessing/PostProcessAssembly application/grpc - - 200 - application/grpc 33.2374ms
[40m[32minfo[39m[22m[49m: Microsoft.AspNetCore.Hosting.Diagnostics[1]
      Request starting HTTP/2 POST http://ilpp/UnityILPP.PostProcessing/PostProcessAssembly application/grpc -
[40m[32minfo[39m[22m[49m: Microsoft.AspNetCore.Routing.EndpointMiddleware[0]
      Executing endpoint 'gRPC - /UnityILPP.PostProcessing/PostProcessAssembly'
[40m[32minfo[39m[22m[49m: Unity.ILPP.Runner.PostProcessingPipeline[0]
      Processing assembly Library/Bee/artifacts/200b0aE.dag/ArgusUnity.Editor.dll, with 117 defines and 216 references
[40m[32minfo[39m[22m[49m: Unity.ILPP.Runner.PostProcessingPipeline[0]
      processors: zzzUnity.Burst.CodeGen.BurstILPostProcessor
[40m[32minfo[39m[22m[49m: Unity.ILPP.Runner.PostProcessingPipeline[0]
      running zzzUnity.Burst.CodeGen.BurstILPostProcessor
[40m[32minfo[39m[22m[49m: Microsoft.AspNetCore.Routing.EndpointMiddleware[1]
      Executed endpoint 'gRPC - /UnityILPP.PostProcessing/PostProcessAssembly'
[40m[32minfo[39m[22m[49m: Microsoft.AspNetCore.Hosting.Diagnostics[2]
      Request finished HTTP/2 POST http://ilpp/UnityILPP.PostProcessing/PostProcessAssembly application/grpc - - 200 - application/grpc 32.5690ms
[40m[32minfo[39m[22m[49m: Unity.ILPP.Runner.PostProcessingPipeline[0]
      Processing assembly Library/Bee/artifacts/200b0aE.dag/ArgusUnity.Tests.PlayMode.dll, with 117 defines and 215 references
[40m[32minfo[39m[22m[49m: Unity.ILPP.Runner.PostProcessingPipeline[0]
      processors: zzzUnity.Burst.CodeGen.BurstILPostProcessor
[40m[32minfo[39m[22m[49m: Unity.ILPP.Runner.PostProcessingPipeline[0]
      running zzzUnity.Burst.CodeGen.BurstILPostProcessor
[40m[32minfo[39m[22m[49m: Microsoft.AspNetCore.Routing.EndpointMiddleware[1]
      Executed endpoint 'gRPC - /UnityILPP.PostProcessing/PostProcessAssembly'
[40m[32minfo[39m[22m[49m: Microsoft.AspNetCore.Hosting.Diagnostics[2]
      Request finished HTTP/2 POST http://ilpp/UnityILPP.PostProcessing/PostProcessAssembly application/grpc - - 200 - application/grpc 28.9609ms
ExitCode: 0 Duration: 17s
[195/239    0s] ILPP-Configuration Library/ilpp-configuration.nevergeneratedoutput
[BUSY       6s] Csc Library/Bee/artifacts/200b0aE.dag/ArgusUnity.dll (+2 others)
[223/239   13s] Csc Library/Bee/artifacts/200b0aE.dag/ArgusUnity.dll (+2 others)
[224/239    1s] ILPostProcess Library/Bee/artifacts/200b0aE.dag/post-processed/ArgusUnity.dll (+pdb)
Processing assembly Library/Bee/artifacts/200b0aE.dag/ArgusUnity.dll, with 119 defines and 182 references
processors: zzzUnity.Burst.CodeGen.BurstILPostProcessor
running zzzUnity.Burst.CodeGen.BurstILPostProcessor
[225/239    0s] CopyFiles Library/ScriptAssemblies/ArgusUnity.dll
[226/239    0s] CopyFiles Library/ScriptAssemblies/ArgusUnity.pdb
[227/239    2s] Csc Library/Bee/artifacts/200b0aE.dag/ArgusUnity.Tests.PlayMode.dll (+2 others)
[228/239    2s] Csc Library/Bee/artifacts/200b0aE.dag/ArgusUnity.Editor.dll (+2 others)
[229/239    2s] Csc Library/Bee/artifacts/200b0aE.dag/ArgusUnity.Tests.EditMode.dll (+2 others)
[230/239    0s] ILPostProcess Library/Bee/artifacts/200b0aE.dag/post-processed/ArgusUnity.Tests.EditMode.dll (+pdb)
Processing assembly Library/Bee/artifacts/200b0aE.dag/ArgusUnity.Tests.EditMode.dll, with 117 defines and 216 references
processors: zzzUnity.Burst.CodeGen.BurstILPostProcessor
running zzzUnity.Burst.CodeGen.BurstILPostProcessor
[231/239    0s] ILPostProcess Library/Bee/artifacts/200b0aE.dag/post-processed/ArgusUnity.Editor.dll (+pdb)
Processing assembly Library/Bee/artifacts/200b0aE.dag/ArgusUnity.Editor.dll, with 117 defines and 216 references
processors: zzzUnity.Burst.CodeGen.BurstILPostProcessor
running zzzUnity.Burst.CodeGen.BurstILPostProcessor
[232/239    0s] ILPostProcess Library/Bee/artifacts/200b0aE.dag/post-processed/ArgusUnity.Tests.PlayMode.dll (+pdb)
Processing assembly Library/Bee/artifacts/200b0aE.dag/ArgusUnity.Tests.PlayMode.dll, with 117 defines and 215 references
processors: zzzUnity.Burst.CodeGen.BurstILPostProcessor
running zzzUnity.Burst.CodeGen.BurstILPostProcessor
[233/239    0s] CopyFiles Library/ScriptAssemblies/ArgusUnity.Tests.EditMode.pdb
[234/239    0s] CopyFiles Library/ScriptAssemblies/ArgusUnity.Tests.EditMode.dll
[235/239    0s] CopyFiles Library/ScriptAssemblies/ArgusUnity.Editor.pdb
[236/239    0s] CopyFiles Library/ScriptAssemblies/ArgusUnity.Editor.dll
[237/239    0s] CopyFiles Library/ScriptAssemblies/ArgusUnity.Tests.PlayMode.pdb
[238/239    0s] CopyFiles Library/ScriptAssemblies/ArgusUnity.Tests.PlayMode.dll
*** Tundra build success (17.06 seconds), 17 items updated, 239 evaluated
Total cache size 13674288
Total cache size after purge 13674288
Reloading assemblies after finishing script compilation.
Reloading assemblies after forced synchronous recompile.
Begin MonoManager ReloadAssembly
Thread 0x16eb73000 may have been prematurely finalized
Symbol file LoadedFromMemory is not a mono symbol file
- Loaded All Assemblies, in  4.561 seconds
Start importing Assets/Project/Scripts/Runtime/MiniBotWalkAnimator.cs using Guid(1e1543e04d34943ac923fbafc7348715) Importer(-1,00000000000000000000000000000000)  -> (artifact id: '75ed0d1d7b507a567d000faf71653a7b') in 0.102542 seconds
Start importing Assets/Editor/HideAndSeekDesignBuilder.cs using Guid(3e5770619d66b4652a275f68b78cf71c) Importer(-1,00000000000000000000000000000000)  -> (artifact id: '76c6c8926647341da74451323872672f') in 0.004682 seconds
Refreshing native plugins compatible for Editor in 1.00 ms, found 0 plugins.
Native extension for OSXStandalone target not found
[MODES] ModeService[none].Initialize
[MODES] ModeService[none].LoadModes
[MODES] Loading mode Default (0) for mode-current-id-EmbodiedDebate
Mono: successfully reloaded assembly
- Finished resetting the current domain, in  1.177 seconds
Domain Reload Profiling: 5748ms
	BeginReloadAssembly (4077ms)
		ExecutionOrderSort (2ms)
		DisableScriptedObjects (234ms)
		BackupInstance (0ms)
		ReleaseScriptingObjects (10ms)
		CreateAndSetChildDomain (3101ms)
	RebuildCommonClasses (45ms)
	RebuildNativeTypeToScriptingClass (23ms)
	initialDomainReloadingComplete (65ms)
	LoadAllAssembliesAndSetupDomain (360ms)
		LoadAssemblies (331ms)
		RebuildTransferFunctionScriptingTraits (0ms)
		AnalyzeDomain (309ms)
			TypeCache.Refresh (305ms)
				TypeCache.ScanAssembly (249ms)
			ScanForSourceGeneratedMonoScriptInfo (3ms)
			ResolveRequiredComponents (1ms)
	FinalizeReload (1180ms)
		ReleaseScriptCaches (0ms)
		RebuildScriptCaches (0ms)
		SetupLoadedEditorAssemblies (392ms)
			LogAssemblyErrors (0ms)
			InitializePlatformSupportModulesInManaged (6ms)
			SetLoadedEditorAssemblies (12ms)
			RefreshPlugins (0ms)
			BeforeProcessingInitializeOnLoad (219ms)
			ProcessInitializeOnLoadAttributes (101ms)
			ProcessInitializeOnLoadMethodAttributes (52ms)
			AfterProcessingInitializeOnLoad (1ms)
			EditorAssembliesLoaded (1ms)
		ExecutionOrderSort2 (0ms)
		AwakeInstancesAfterBackupRestoration (478ms)
Refreshing native plugins compatible for Editor in 0.99 ms, found 0 plugins.
Preloading 0 native plugins for Editor in 0.00 ms.
Asset Pipeline Refresh (id=2b59313aa2b7f43a997cc4cc4b384974): Total: 6.538 seconds - Initiated by StopAssetImportingV2(ForceSynchronousImport | ForceDomainReload)
	Summary:
		Imports: total=2 (actual=2, local cache=0, cache server=0)
		Asset DB Process Time: managed=5 ms, native=646 ms
		Asset DB Callback time: managed=28 ms, native=30 ms
		Scripting: domain reloads=1, domain reload time=5816 ms, compile time=10 ms, other=0 ms
		Project Asset Count: scripts=1021, non-scripts=615
		Asset File Changes: new=0, changed=0, moved=0, deleted=0
		Scan Filter Count: 0
	InvokeBeforeRefreshCallbacks: 3.114ms
	ApplyChangesToAssetFolders: 0.280ms
	Scan: 0.271ms
	OnSourceAssetsModified: 0.002ms
	GetAllGuidsForCategorization: 4.611ms
	CategorizeAssets: 85.761ms
	ImportOutOfDateAssets: 1336.837ms (1185.678ms without children)
		ImportManagerImport: 129.366ms (17.797ms without children)
			ImportInProcess: 111.564ms
			UpdateCategorizedAssets: 0.005ms
		CompileScripts: 10.161ms
		CollectScriptTypesHashes: 1.445ms
		ReloadNativeAssets: 0.393ms
		UnloadImportedAssets: 2.608ms
		ReloadImportedAssets: 5.718ms
		EnsureUptoDateAssetsAreRegisteredWithGuidPM: 0.612ms
		InitializingProgressBar: 0.000ms
		PostProcessAllAssetNotificationsAddChangedAssets: 0.001ms
		OnDemandSchedulerStart: 0.855ms
	PostProcessAllAssets: 32.591ms
	Hotreload: 23.457ms
	GatherAllCurrentPrimaryArtifactRevisions: 6.822ms
	UnloadStreamsBegin: 3.817ms
	PersistCurrentRevisions: 0.234ms
	UnloadStreamsEnd: 0.008ms
	GenerateScriptTypeHashes: 0.369ms
	Untracked: 5040.223ms
[Licensing::Client] Successfully resolved entitlement details
[40m[32minfo[39m[22m[49m: Microsoft.Hosting.Lifetime[0]
      Application is shutting down...
[40m[32minfo[39m[22m[49m: Unity.ILPP.Runner.PostProcessingAssemblyLoadContext[0]
      ALC ILPP context 1 is unloading
