Unity Editor version:    2022.3.0f1 (fb119bb0b476)
Branch:                  2022.3/release
Build type:              Release
Batch mode:              YES
macOS version:           Version 26.3.1 (a) (Build 25D771280a)
Darwin version:          25.3.0
Architecture:            arm64
Running under Rosetta:   NO
Available memory:        8192 MB
[Licensing::Module] Trying to connect to existing licensing client channel...
[Licensing::IpcConnector] Connection attempt to the License Client on channel: "LicenseClient-guribbong" failed because channel doesn't exist; code: "0x80000002"
Launching external process: /Applications/Unity/Hub/Editor/2022.3.0f1/Unity.app/Contents/Frameworks/UnityLicensingClient.app/Contents/MacOS/Unity.Licensing.Client
[Licensing::Module] Successfully launched the LicensingClient (PId: 88557)
[Licensing::IpcConnector] Successfully connected to the License Client on channel: "LicenseClient-guribbong"
[Licensing::Client] Handshaking with LicensingClient:
  Version:                 1.12.1+9338cad
  Session Id:              3f449ccc447341efa344e712ec7738ce
  Correlation Id:          e7c88663b5475843ffa1c5f8e624a93f
  External correlation Id: 827602256819198220
  Machine Id:              kK/taOzULwH3CoqhnK6anvJ0b88=
[Licensing::Module] Successfully connected to LicensingClient on channel: "LicenseClient-guribbong" (connect: 6.13s, validation: 0.25s, handshake: 0.86s)
[Licensing::IpcConnector] Successfully connected to the License Notification on channel: "LicenseClient-guribbong-notifications"
[Licensing::Module] Connected to LicensingClient (PId: 88557, launch time: 0.01, total connection time: 7.24s)
[Licensing::Module] Error: Access token is unavailable; failed to update
[Licensing::Client] Error: Code 500 while processing request (status: Unable to update licenses. Errors: No ULF license found.,Token not found in cache)
[Licensing::Client] Error: Code 500 while updating license in client (status: Unable to update licenses. Errors: No ULF license found.,Token not found in cache)
[Licensing::Client] Successfully resolved entitlements
[Licensing::Module] Serial number assigned to: "14568638156105-UnityPersXXXX"
Pro License: NO
Launching external process: /Applications/Unity/Hub/Editor/2022.3.0f1/Unity.app/Contents/Resources/PackageManager/Server/UnityPackageManager

COMMAND LINE ARGUMENTS:
/Applications/Unity/Hub/Editor/2022.3.0f1/Unity.app/Contents/MacOS/Unity
-batchmode
-projectPath
unity/EmbodiedDebate
-executeMethod
ArgusUnity.Editor.HideAndSeekDesignBuilder.BuildScene
-logFile
tmp/hide-and-seek-briefcase-turn-build.log
-quit
Successfully changed project path to: /Users/guribbong/code/Argus/unity/EmbodiedDebate
/Users/guribbong/code/Argus/unity/EmbodiedDebate
[UnityMemory] Configuration Parameters - Can be set up in boot.config
    "memorysetup-bucket-allocator-granularity=16"
    "memorysetup-bucket-allocator-bucket-count=8"
    "memorysetup-bucket-allocator-block-size=33554432"
    "memorysetup-bucket-allocator-block-count=8"
    "memorysetup-main-allocator-block-size=16777216"
    "memorysetup-thread-allocator-block-size=16777216"
    "memorysetup-gfx-main-allocator-block-size=16777216"
    "memorysetup-gfx-thread-allocator-block-size=16777216"
    "memorysetup-cache-allocator-block-size=4194304"
    "memorysetup-typetree-allocator-block-size=2097152"
    "memorysetup-profiler-bucket-allocator-granularity=16"
    "memorysetup-profiler-bucket-allocator-bucket-count=8"
    "memorysetup-profiler-bucket-allocator-block-size=33554432"
    "memorysetup-profiler-bucket-allocator-block-count=8"
    "memorysetup-profiler-allocator-block-size=16777216"
    "memorysetup-profiler-editor-allocator-block-size=1048576"
    "memorysetup-temp-allocator-size-main=16777216"
    "memorysetup-job-temp-allocator-block-size=2097152"
    "memorysetup-job-temp-allocator-block-size-background=1048576"
    "memorysetup-job-temp-allocator-reduction-small-platforms=262144"
    "memorysetup-allocator-temp-initial-block-size-main=262144"
    "memorysetup-allocator-temp-initial-block-size-worker=262144"
    "memorysetup-temp-allocator-size-background-worker=32768"
    "memorysetup-temp-allocator-size-job-worker=262144"
    "memorysetup-temp-allocator-size-preload-manager=33554432"
    "memorysetup-temp-allocator-size-nav-mesh-worker=65536"
    "memorysetup-temp-allocator-size-audio-worker=65536"
    "memorysetup-temp-allocator-size-cloud-worker=32768"
    "memorysetup-temp-allocator-size-gi-baking-worker=262144"
    "memorysetup-temp-allocator-size-gfx=262144"
Player connection [8649715968] Host "[IP] 192.168.3.1 [Port] 55496 [Flags] 2 [Guid] 2181413571 [EditorId] 2181413571 [Version] 1048832 [Id] OSXEditor(0,topabaem.local) [Debug] 1 [PackageName] OSXEditor [ProjectName] Editor" joined multi-casting on [225.0.0.222:54997]...

Player connection [8649715968] Host "[IP] 192.168.3.1 [Port] 55496 [Flags] 2 [Guid] 2181413571 [EditorId] 2181413571 [Version] 1048832 [Id] OSXEditor(0,topabaem.local) [Debug] 1 [PackageName] OSXEditor [ProjectName] Editor" joined alternative multi-casting on [225.0.0.222:34997]...

[Package Manager] UpmClient::Connect -- Connected to IPC stream "Upm-88428" after 3.9 seconds.
[Licensing::Client] Successfully resolved entitlements
[Package Manager] Restoring resolved packages state from cache
[Licensing::Client] Successfully resolved entitlement details
[Package Manager] Registered 19 packages:
  Packages from [https://packages.unity.com]:
    com.unity.nuget.newtonsoft-json@3.2.1 (location: /Users/guribbong/code/Argus/unity/EmbodiedDebate/Library/PackageCache/com.unity.nuget.newtonsoft-json@3.2.1)
    com.unity.test-framework@1.1.33 (location: /Users/guribbong/code/Argus/unity/EmbodiedDebate/Library/PackageCache/com.unity.test-framework@1.1.33)
    com.unity.ext.nunit@1.0.6 (location: /Users/guribbong/code/Argus/unity/EmbodiedDebate/Library/PackageCache/com.unity.ext.nunit@1.0.6)
    com.unity.mathematics@1.2.6 (location: /Users/guribbong/code/Argus/unity/EmbodiedDebate/Library/PackageCache/com.unity.mathematics@1.2.6)
    com.unity.burst@1.8.4 (location: /Users/guribbong/code/Argus/unity/EmbodiedDebate/Library/PackageCache/com.unity.burst@1.8.4)
    com.unity.searcher@4.9.2 (location: /Users/guribbong/code/Argus/unity/EmbodiedDebate/Library/PackageCache/com.unity.searcher@4.9.2)
  Built-in packages:
    com.unity.modules.animation@1.0.0 (location: /Users/guribbong/code/Argus/unity/EmbodiedDebate/Library/PackageCache/com.unity.modules.animation@1.0.0)
    com.unity.modules.imageconversion@1.0.0 (location: /Users/guribbong/code/Argus/unity/EmbodiedDebate/Library/PackageCache/com.unity.modules.imageconversion@1.0.0)
    com.unity.modules.physics@1.0.0 (location: /Users/guribbong/code/Argus/unity/EmbodiedDebate/Library/PackageCache/com.unity.modules.physics@1.0.0)
    com.unity.modules.unitywebrequest@1.0.0 (location: /Users/guribbong/code/Argus/unity/EmbodiedDebate/Library/PackageCache/com.unity.modules.unitywebrequest@1.0.0)
    com.unity.render-pipelines.universal@14.0.7 (location: /Users/guribbong/code/Argus/unity/EmbodiedDebate/Library/PackageCache/com.unity.render-pipelines.universal@14.0.7)
    com.unity.modules.imgui@1.0.0 (location: /Users/guribbong/code/Argus/unity/EmbodiedDebate/Library/PackageCache/com.unity.modules.imgui@1.0.0)
    com.unity.modules.jsonserialize@1.0.0 (location: /Users/guribbong/code/Argus/unity/EmbodiedDebate/Library/PackageCache/com.unity.modules.jsonserialize@1.0.0)
    com.unity.render-pipelines.core@14.0.7 (location: /Users/guribbong/code/Argus/unity/EmbodiedDebate/Library/PackageCache/com.unity.render-pipelines.core@14.0.7)
    com.unity.shadergraph@14.0.7 (location: /Users/guribbong/code/Argus/unity/EmbodiedDebate/Library/PackageCache/com.unity.shadergraph@14.0.7)
    com.unity.ugui@1.0.0 (location: /Users/guribbong/code/Argus/unity/EmbodiedDebate/Library/PackageCache/com.unity.ugui@1.0.0)
    com.unity.modules.terrain@1.0.0 (location: /Users/guribbong/code/Argus/unity/EmbodiedDebate/Library/PackageCache/com.unity.modules.terrain@1.0.0)
    com.unity.modules.ui@1.0.0 (location: /Users/guribbong/code/Argus/unity/EmbodiedDebate/Library/PackageCache/com.unity.modules.ui@1.0.0)
  Embedded packages:
    com.unity.cloud.gltfast@file:/Users/guribbong/code/Argus/unity/EmbodiedDebate/Packages/com.unity.cloud.gltfast (location: /Users/guribbong/code/Argus/unity/EmbodiedDebate/Packages/com.unity.cloud.gltfast)
[Subsystems] No new subsystems found in resolved package list.
Package Manager log level set to [2]
[Package Manager] Done registering packages in 0.33 seconds
Refreshing native plugins compatible for Editor in 8.29 ms, found 0 plugins.
Preloading 0 native plugins for Editor in 0.00 ms.
Initialize engine version: 2022.3.0f1 (fb119bb0b476)
[Subsystems] Discovering subsystems at path /Applications/Unity/Hub/Editor/2022.3.0f1/Unity.app/Contents/Resources/UnitySubsystems
[Subsystems] Discovering subsystems at path /Users/guribbong/code/Argus/unity/EmbodiedDebate/Assets
GfxDevice: creating device client; threaded=0; jobified=0
 preferred device: Apple M2 (high power)
Metal devices available: 1
0: Apple M2 (high power)
Using device Apple M2 (high power)
Initializing Metal device caps: Apple M2
[Licensing::Client] Successfully resolved entitlements
Initialize mono
Mono path[0] = '/Applications/Unity/Hub/Editor/2022.3.0f1/Unity.app/Contents/Managed'
Mono path[1] = '/Applications/Unity/Hub/Editor/2022.3.0f1/Unity.app/Contents/MonoBleedingEdge/lib/mono/unityjit-macos'
Mono config path = '/Applications/Unity/Hub/Editor/2022.3.0f1/Unity.app/Contents/MonoBleedingEdge/etc'
Using monoOptions --debugger-agent=transport=dt_socket,embedding=1,server=y,suspend=n,address=127.0.0.1:56428
Using cacheserver namespaces - metadata:defaultmetadata, artifacts:defaultartifacts
Using cacheserver namespaces - metadata:defaultmetadata, artifacts:defaultartifacts
ImportWorker Server TCP listen port: 0
Begin MonoManager ReloadAssembly
Registering precompiled unity dll's ...
Register platform support module: /Applications/Unity/Hub/Editor/2022.3.0f1/Unity.app/Contents/PlaybackEngines/MacStandaloneSupport/UnityEditor.OSXStandalone.Extensions.dll
Registered in 0.001498 seconds.
- Loaded All Assemblies, in  0.330 seconds
Native extension for OSXStandalone target not found
Mono: successfully reloaded assembly
- Finished resetting the current domain, in  0.168 seconds
Domain Reload Profiling: 498ms
	BeginReloadAssembly (148ms)
		ExecutionOrderSort (0ms)
		DisableScriptedObjects (0ms)
		BackupInstance (0ms)
		ReleaseScriptingObjects (0ms)
		CreateAndSetChildDomain (1ms)
	RebuildCommonClasses (30ms)
	RebuildNativeTypeToScriptingClass (8ms)
	initialDomainReloadingComplete (37ms)
	LoadAllAssembliesAndSetupDomain (106ms)
		LoadAssemblies (144ms)
		RebuildTransferFunctionScriptingTraits (0ms)
		AnalyzeDomain (102ms)
			TypeCache.Refresh (101ms)
				TypeCache.ScanAssembly (87ms)
			ScanForSourceGeneratedMonoScriptInfo (0ms)
			ResolveRequiredComponents (1ms)
	FinalizeReload (168ms)
		ReleaseScriptCaches (0ms)
		RebuildScriptCaches (0ms)
		SetupLoadedEditorAssemblies (130ms)
			LogAssemblyErrors (0ms)
			InitializePlatformSupportModulesInManaged (4ms)
			SetLoadedEditorAssemblies (5ms)
			RefreshPlugins (0ms)
			BeforeProcessingInitializeOnLoad (2ms)
			ProcessInitializeOnLoadAttributes (91ms)
			ProcessInitializeOnLoadMethodAttributes (28ms)
			AfterProcessingInitializeOnLoad (0ms)
			EditorAssembliesLoaded (0ms)
		ExecutionOrderSort2 (0ms)
		AwakeInstancesAfterBackupRestoration (0ms)
[Licensing::Client] Successfully resolved entitlements
Application.AssetDatabase Initial Refresh Start
[ScriptCompilation] Requested script compilation because: Assetdatabase observed changes in script compilation related files
[40m[32minfo[39m[22m[49m: Microsoft.Hosting.Lifetime[14]
      Now listening on: http://unix:/tmp/ilpp.sock-8e16111b622e4d5ea6b5ecc926298bfd
[40m[32minfo[39m[22m[49m: Microsoft.Hosting.Lifetime[0]
      Application started. Press Ctrl+C to shut down.
[40m[32minfo[39m[22m[49m: Microsoft.Hosting.Lifetime[0]
      Hosting environment: Production
[40m[32minfo[39m[22m[49m: Microsoft.Hosting.Lifetime[0]
      Content root path: /Users/guribbong/code/Argus/unity/EmbodiedDebate/
[40m[32minfo[39m[22m[49m: Microsoft.AspNetCore.Hosting.Diagnostics[1]
      Request starting HTTP/2 POST http://ilpp/UnityILPP.PostProcessing/Ping application/grpc -
[40m[32minfo[39m[22m[49m: Microsoft.AspNetCore.Routing.EndpointMiddleware[0]
      Executing endpoint 'gRPC - /UnityILPP.PostProcessing/Ping'
[40m[32minfo[39m[22m[49m: Microsoft.AspNetCore.Routing.EndpointMiddleware[1]
      Executed endpoint 'gRPC - /UnityILPP.PostProcessing/Ping'
[40m[32minfo[39m[22m[49m: Microsoft.AspNetCore.Hosting.Diagnostics[2]
      Request finished HTTP/2 POST http://ilpp/UnityILPP.PostProcessing/Ping application/grpc - - 200 - application/grpc 55.3381ms
Starting: /Applications/Unity/Hub/Editor/2022.3.0f1/Unity.app/Contents/bee_backend --dont-print-to-structured-log --ipc --defer-dag-verification --dagfile="Library/Bee/200b0aE.dag" --continue-on-failure --profile="Library/Bee/backend1.traceevents" ScriptAssemblies
WorkingDir: /Users/guribbong/code/Argus/unity/EmbodiedDebate
DisplayProgressbar: Compiling Scripts
[40m[32minfo[39m[22m[49m: Microsoft.AspNetCore.Hosting.Diagnostics[1]
      Request starting HTTP/2 POST http://ilpp/UnityILPP.PostProcessing/ConfigurePostProcessors application/grpc -
[40m[32minfo[39m[22m[49m: Microsoft.AspNetCore.Routing.EndpointMiddleware[0]
      Executing endpoint 'gRPC - /UnityILPP.PostProcessing/ConfigurePostProcessors'
[40m[1m[33mwarn[39m[22m[49m: Unity.ILPP.Runner.PostProcessingAssemblyLoadContext[0]
      Assembly system.runtime.interopservices.windowsruntime has duplicate hint path. Ignoring "/Applications/Unity/Hub/Editor/2022.3.0f1/Unity.app/Contents/UnityReferenceAssemblies/unity-4.8-api/Facades/System.Runtime.InteropServices.WindowsRuntime.dll" in favor of "/Applications/Unity/Hub/Editor/2022.3.0f1/Unity.app/Contents/NetStandard/Extensions/2.0.0/System.Runtime.InteropServices.WindowsRuntime.dll"
[40m[1m[33mwarn[39m[22m[49m: Unity.ILPP.Runner.PostProcessingAssemblyLoadContext[0]
      Assembly system.componentmodel.composition has duplicate hint path. Ignoring "/Applications/Unity/Hub/Editor/2022.3.0f1/Unity.app/Contents/UnityReferenceAssemblies/unity-4.8-api/System.ComponentModel.Composition.dll" in favor of "/Applications/Unity/Hub/Editor/2022.3.0f1/Unity.app/Contents/NetStandard/compat/2.1.0/shims/netfx/System.ComponentModel.Composition.dll"
[40m[32minfo[39m[22m[49m: Unity.ILPP.Runner.PostProcessingAssemblyLoadContext[0]
      Resolved Unity.Burst.Cecil, Version=0.11.4.0, Culture=neutral, PublicKeyToken=50cebf1cceb9d05e with Library/PackageCache/com.unity.burst@1.8.4/Unity.Burst.CodeGen/Unity.Burst.Cecil.dll
[40m[32minfo[39m[22m[49m: Microsoft.AspNetCore.Routing.EndpointMiddleware[1]
      Executed endpoint 'gRPC - /UnityILPP.PostProcessing/ConfigurePostProcessors'
[40m[32minfo[39m[22m[49m: Microsoft.AspNetCore.Hosting.Diagnostics[2]
      Request finished HTTP/2 POST http://ilpp/UnityILPP.PostProcessing/ConfigurePostProcessors application/grpc - - 200 - application/grpc 21.4127ms
[40m[32minfo[39m[22m[49m: Microsoft.AspNetCore.Hosting.Diagnostics[1]
      Request starting HTTP/2 POST http://ilpp/UnityILPP.PostProcessing/PostProcessAssembly application/grpc -
[40m[32minfo[39m[22m[49m: Microsoft.AspNetCore.Routing.EndpointMiddleware[0]
      Executing endpoint 'gRPC - /UnityILPP.PostProcessing/PostProcessAssembly'
[40m[32minfo[39m[22m[49m: Microsoft.AspNetCore.Hosting.Diagnostics[1]
      Request starting HTTP/2 POST http://ilpp/UnityILPP.PostProcessing/PostProcessAssembly application/grpc -
[40m[32minfo[39m[22m[49m: Microsoft.AspNetCore.Routing.EndpointMiddleware[0]
      Executing endpoint 'gRPC - /UnityILPP.PostProcessing/PostProcessAssembly'
[40m[32minfo[39m[22m[49m: Unity.ILPP.Runner.PostProcessingPipeline[0]
      Processing assembly Library/Bee/artifacts/200b0aE.dag/ArgusUnity.dll, with 119 defines and 186 references
[40m[32minfo[39m[22m[49m: Unity.ILPP.Runner.PostProcessingPipeline[0]
      Processing assembly Library/Bee/artifacts/200b0aE.dag/ArgusUnity.Tests.PlayMode.dll, with 117 defines and 217 references
[40m[32minfo[39m[22m[49m: Unity.ILPP.Runner.PostProcessingPipeline[0]
      processors: zzzUnity.Burst.CodeGen.BurstILPostProcessor
[40m[32minfo[39m[22m[49m: Unity.ILPP.Runner.PostProcessingPipeline[0]
      processors: zzzUnity.Burst.CodeGen.BurstILPostProcessor
[40m[32minfo[39m[22m[49m: Unity.ILPP.Runner.PostProcessingPipeline[0]
      running zzzUnity.Burst.CodeGen.BurstILPostProcessor
[40m[32minfo[39m[22m[49m: Unity.ILPP.Runner.PostProcessingPipeline[0]
      running zzzUnity.Burst.CodeGen.BurstILPostProcessor
[40m[32minfo[39m[22m[49m: Microsoft.AspNetCore.Routing.EndpointMiddleware[1]
      Executed endpoint 'gRPC - /UnityILPP.PostProcessing/PostProcessAssembly'
[40m[32minfo[39m[22m[49m: Microsoft.AspNetCore.Hosting.Diagnostics[2]
      Request finished HTTP/2 POST http://ilpp/UnityILPP.PostProcessing/PostProcessAssembly application/grpc - - 200 - application/grpc 86.2361ms
[40m[32minfo[39m[22m[49m: Microsoft.AspNetCore.Routing.EndpointMiddleware[1]
      Executed endpoint 'gRPC - /UnityILPP.PostProcessing/PostProcessAssembly'
[40m[32minfo[39m[22m[49m: Microsoft.AspNetCore.Hosting.Diagnostics[2]
      Request finished HTTP/2 POST http://ilpp/UnityILPP.PostProcessing/PostProcessAssembly application/grpc - - 200 - application/grpc 85.6813ms
[40m[32minfo[39m[22m[49m: Microsoft.AspNetCore.Hosting.Diagnostics[1]
      Request starting HTTP/2 POST http://ilpp/UnityILPP.PostProcessing/PostProcessAssembly application/grpc -
[40m[32minfo[39m[22m[49m: Microsoft.AspNetCore.Routing.EndpointMiddleware[0]
      Executing endpoint 'gRPC - /UnityILPP.PostProcessing/PostProcessAssembly'
[40m[32minfo[39m[22m[49m: Unity.ILPP.Runner.PostProcessingPipeline[0]
      Processing assembly Library/Bee/artifacts/200b0aE.dag/ArgusUnity.Tests.EditMode.dll, with 117 defines and 218 references
[40m[32minfo[39m[22m[49m: Unity.ILPP.Runner.PostProcessingPipeline[0]
      processors: zzzUnity.Burst.CodeGen.BurstILPostProcessor
[40m[32minfo[39m[22m[49m: Unity.ILPP.Runner.PostProcessingPipeline[0]
      running zzzUnity.Burst.CodeGen.BurstILPostProcessor
[40m[32minfo[39m[22m[49m: Microsoft.AspNetCore.Routing.EndpointMiddleware[1]
      Executed endpoint 'gRPC - /UnityILPP.PostProcessing/PostProcessAssembly'
[40m[32minfo[39m[22m[49m: Microsoft.AspNetCore.Hosting.Diagnostics[2]
      Request finished HTTP/2 POST http://ilpp/UnityILPP.PostProcessing/PostProcessAssembly application/grpc - - 200 - application/grpc 3.4599ms
[40m[32minfo[39m[22m[49m: Microsoft.AspNetCore.Hosting.Diagnostics[1]
      Request starting HTTP/2 POST http://ilpp/UnityILPP.PostProcessing/PostProcessAssembly application/grpc -
[40m[32minfo[39m[22m[49m: Microsoft.AspNetCore.Routing.EndpointMiddleware[0]
      Executing endpoint 'gRPC - /UnityILPP.PostProcessing/PostProcessAssembly'
[40m[32minfo[39m[22m[49m: Unity.ILPP.Runner.PostProcessingPipeline[0]
      Processing assembly Library/Bee/artifacts/200b0aE.dag/ArgusUnity.Editor.dll, with 117 defines and 218 references
[40m[32minfo[39m[22m[49m: Unity.ILPP.Runner.PostProcessingPipeline[0]
      processors: zzzUnity.Burst.CodeGen.BurstILPostProcessor
[40m[32minfo[39m[22m[49m: Unity.ILPP.Runner.PostProcessingPipeline[0]
      running zzzUnity.Burst.CodeGen.BurstILPostProcessor
[40m[32minfo[39m[22m[49m: Microsoft.AspNetCore.Routing.EndpointMiddleware[1]
      Executed endpoint 'gRPC - /UnityILPP.PostProcessing/PostProcessAssembly'
[40m[32minfo[39m[22m[49m: Microsoft.AspNetCore.Hosting.Diagnostics[2]
      Request finished HTTP/2 POST http://ilpp/UnityILPP.PostProcessing/PostProcessAssembly application/grpc - - 200 - application/grpc 1.9454ms
ExitCode: 0 Duration: 6s940ms
[291/377    0s] ILPP-Configuration Library/ilpp-configuration.nevergeneratedoutput
[361/377    5s] Csc Library/Bee/artifacts/200b0aE.dag/ArgusUnity.dll (+2 others)
[363/377    0s] ILPostProcess Library/Bee/artifacts/200b0aE.dag/post-processed/ArgusUnity.dll (+pdb)
Processing assembly Library/Bee/artifacts/200b0aE.dag/ArgusUnity.dll, with 119 defines and 186 references
processors: zzzUnity.Burst.CodeGen.BurstILPostProcessor
running zzzUnity.Burst.CodeGen.BurstILPostProcessor
[364/377    0s] ILPostProcess Library/Bee/artifacts/200b0aE.dag/post-processed/ArgusUnity.Tests.PlayMode.dll (+pdb)
Processing assembly Library/Bee/artifacts/200b0aE.dag/ArgusUnity.Tests.PlayMode.dll, with 117 defines and 217 references
processors: zzzUnity.Burst.CodeGen.BurstILPostProcessor
running zzzUnity.Burst.CodeGen.BurstILPostProcessor
[367/377    0s] CopyFiles Library/ScriptAssemblies/ArgusUnity.dll
[368/377    0s] CopyFiles Library/ScriptAssemblies/ArgusUnity.pdb
[369/377    0s] Csc Library/Bee/artifacts/200b0aE.dag/ArgusUnity.Tests.EditMode.dll (+2 others)
[370/377    0s] Csc Library/Bee/artifacts/200b0aE.dag/ArgusUnity.Editor.dll (+2 others)
[371/377    0s] ILPostProcess Library/Bee/artifacts/200b0aE.dag/post-processed/ArgusUnity.Tests.EditMode.dll (+pdb)
Processing assembly Library/Bee/artifacts/200b0aE.dag/ArgusUnity.Tests.EditMode.dll, with 117 defines and 218 references
processors: zzzUnity.Burst.CodeGen.BurstILPostProcessor
running zzzUnity.Burst.CodeGen.BurstILPostProcessor
[372/377    0s] CopyFiles Library/ScriptAssemblies/ArgusUnity.Tests.EditMode.pdb
[373/377    0s] CopyFiles Library/ScriptAssemblies/ArgusUnity.Tests.EditMode.dll
[374/377    0s] ILPostProcess Library/Bee/artifacts/200b0aE.dag/post-processed/ArgusUnity.Editor.dll (+pdb)
Processing assembly Library/Bee/artifacts/200b0aE.dag/ArgusUnity.Editor.dll, with 117 defines and 218 references
processors: zzzUnity.Burst.CodeGen.BurstILPostProcessor
running zzzUnity.Burst.CodeGen.BurstILPostProcessor
[375/377    0s] CopyFiles Library/ScriptAssemblies/ArgusUnity.Editor.pdb
[376/377    0s] CopyFiles Library/ScriptAssemblies/ArgusUnity.Editor.dll
*** Tundra build success (6.60 seconds), 14 items updated, 377 evaluated
AssetDatabase: script compilation time: 7.952807s
Begin MonoManager ReloadAssembly
Total cache size 25932744
Total cache size after purge 25932744
Symbol file LoadedFromMemory is not a mono symbol file
- Loaded All Assemblies, in  0.954 seconds
Refreshing native plugins compatible for Editor in 1.25 ms, found 0 plugins.
Preloading 0 native plugins for Editor in 0.00 ms.
Start importing Assets/Project/Scripts/Runtime/MiniBotAnimationPreviewDriver.cs using Guid(403bbd60d1efe432b945b2078ed5e0bd) Importer(-1,00000000000000000000000000000000)  -> (artifact id: '83c1e280a0d05090c70a52436c2b488d') in 0.039545 seconds
Start importing Assets/Tests/EditMode/MiniBotAnimationLibraryTests.cs using Guid(a225c8f9fe3994368bfc616e84ee167d) Importer(-1,00000000000000000000000000000000)  -> (artifact id: '40454687bb585f24b958719bad86b1ab') in 0.001179 seconds
Start importing Assets/Project/Scripts/Runtime/AgentLocomotionDriver.cs using Guid(75528659740d44045a7654fab08a9e42) Importer(-1,00000000000000000000000000000000)  -> (artifact id: '4b1652c5cb19141d6d155ea7fd010fac') in 0.000689 seconds
Start importing Assets/Editor/MiniBotAnimationPreviewBuilder.cs using Guid(2851f2da91b944a519c50f7aa60812db) Importer(-1,00000000000000000000000000000000)  -> (artifact id: '8a8aa99a9e7eff79e86cc9652c7734ee') in 0.000631 seconds
Start importing Assets/Editor/HideAndSeekDesignBuilder.cs using Guid(3e5770619d66b4652a275f68b78cf71c) Importer(-1,00000000000000000000000000000000)  -> (artifact id: '0977754894f476fb49b4f62f37a199ab') in 0.000601 seconds
Refreshing native plugins compatible for Editor in 0.63 ms, found 0 plugins.
Native extension for OSXStandalone target not found
Mono: successfully reloaded assembly
- Finished resetting the current domain, in  3.328 seconds
Domain Reload Profiling: 4285ms
	BeginReloadAssembly (230ms)
		ExecutionOrderSort (0ms)
		DisableScriptedObjects (8ms)
		BackupInstance (0ms)
		ReleaseScriptingObjects (0ms)
		CreateAndSetChildDomain (67ms)
	RebuildCommonClasses (38ms)
	RebuildNativeTypeToScriptingClass (13ms)
	initialDomainReloadingComplete (37ms)
	LoadAllAssembliesAndSetupDomain (638ms)
		LoadAssemblies (378ms)
		RebuildTransferFunctionScriptingTraits (0ms)
		AnalyzeDomain (350ms)
			TypeCache.Refresh (320ms)
				TypeCache.ScanAssembly (306ms)
			ScanForSourceGeneratedMonoScriptInfo (15ms)
			ResolveRequiredComponents (14ms)
	FinalizeReload (3330ms)
		ReleaseScriptCaches (0ms)
		RebuildScriptCaches (0ms)
		SetupLoadedEditorAssemblies (3191ms)
			LogAssemblyErrors (0ms)
			InitializePlatformSupportModulesInManaged (2ms)
			SetLoadedEditorAssemblies (4ms)
			RefreshPlugins (0ms)
			BeforeProcessingInitializeOnLoad (37ms)
			ProcessInitializeOnLoadAttributes (3065ms)
			ProcessInitializeOnLoadMethodAttributes (81ms)
			AfterProcessingInitializeOnLoad (1ms)
			EditorAssembliesLoaded (0ms)
		ExecutionOrderSort2 (0ms)
		AwakeInstancesAfterBackupRestoration (4ms)
Start importing Assets/Project/Robots/Attribution/ROBOT_ASSET_ATTRIBUTION.md using Guid(22fc55808d6934d1db700107301ff23d) Importer(-1,00000000000000000000000000000000)  -> (artifact id: 'b9c4ee45c6e13d245ff4309c191a638a') in 0.023360 seconds
Refreshing native plugins compatible for Editor in 0.79 ms, found 0 plugins.
Preloading 0 native plugins for Editor in 0.00 ms.
Asset Pipeline Refresh (id=a87d75db386f440b8b6de1981dc6c1d1): Total: 14.469 seconds - Initiated by InitialRefreshV2(ForceSynchronousImport)
	Summary:
		Imports: total=565 (actual=5, local cache=560, cache server=0)
		Asset DB Process Time: managed=3 ms, native=2066 ms
		Asset DB Callback time: managed=80 ms, native=12 ms
		Scripting: domain reloads=1, domain reload time=4337 ms, compile time=7954 ms, other=14 ms
		Project Asset Count: scripts=3119, non-scripts=1538
		Asset File Changes: new=0, changed=6, moved=0, deleted=0
		Scan Filter Count: 1
	InvokeBeforeRefreshCallbacks: 0.247ms
	ApplyChangesToAssetFolders: 0.018ms
	Scan: 937.183ms
	OnSourceAssetsModified: 3.318ms
	GetAllGuidsForCategorization: 0.442ms
	CategorizeAssets: 285.694ms
	ImportOutOfDateAssets: 3448.094ms (-4603.107ms without children)
		ImportManagerImport: 82.727ms (11.037ms without children)
			ImportInProcess: 71.687ms
			UpdateCategorizedAssets: 0.003ms
		CompileScripts: 7953.940ms
		ReloadNativeAssets: 0.216ms
		UnloadImportedAssets: 10.319ms
		ReloadImportedAssets: 0.001ms
		EnsureUptoDateAssetsAreRegisteredWithGuidPM: 1.703ms
		InitializingProgressBar: 1.296ms
		PostProcessAllAssetNotificationsAddChangedAssets: 0.000ms
		OnDemandSchedulerStart: 0.998ms
	PostProcessAllAssets: 83.482ms
	Hotreload: 6.204ms
	GatherAllCurrentPrimaryArtifactRevisions: 0.003ms
	UnloadStreamsBegin: 4.410ms
	PersistCurrentRevisions: 0.457ms
	UnloadStreamsEnd: 0.039ms
	GenerateScriptTypeHashes: 90.298ms
	Untracked: 9699.507ms
Application.AssetDatabase Initial Refresh End
Launching external process: /Applications/Unity/Hub/Editor/2022.3.0f1/Unity.app/Contents/Tools/UnityShaderCompiler
Launched and connected shader compiler UnityShaderCompiler after 1.39 seconds
Scanning for USB devices : 1.084ms
Initializing Unity extensions:
[Licensing::Client] Successfully resolved entitlements
[MODES] ModeService[none].Initialize
[MODES] ModeService[none].LoadModes
[MODES] Loading mode Default (0) for mode-current-id-EmbodiedDebate
ProgressiveSceneManager::Cancel()
Unloading 6 Unused Serialized files (Serialized files now loaded: 0)
Unloading 59 unused Assets / (0.7 MB). Loaded Objects now: 3134.
Memory consumption went from 136.0 MB to 135.3 MB.
Total: 14.794041 ms (FindLiveObjects: 0.336583 ms CreateObjectMapping: 0.056000 ms MarkObjects: 12.366917 ms  DeleteObjects: 2.033416 ms)

Asset Pipeline Refresh (id=c3bacd6b1fa304cc79c61755296ff6c4): Total: 0.251 seconds - Initiated by RefreshV2(NoUpdateAssetOptions)
Start importing Assets/ThirdParty/StylooClassroomAssetPack/StylooClassroomAssetPack GLTF & FBX/classroom/GLTF/wallsfloor.glb using Guid(95d4331adf82140bbb5c243cad6bfa64) Importer(-1,00000000000000000000000000000000)  -> (artifact id: 'f3d2890c29c26a32b800ce5d03471518') in 0.191155 seconds
Refreshing native plugins compatible for Editor in 1.70 ms, found 0 plugins.
Preloading 0 native plugins for Editor in 0.00 ms.
Asset Pipeline Refresh (id=924a7c3ea84d341449ef4051bc5d3f3b): Total: 0.218 seconds - Initiated by StopAssetImportingV2(NoUpdateAssetOptions)
HideAndSeekDesignBuilder: GLTF asset wallsfloor.glb, importer=GLTFast.Editor.GltfImporter, gameObjectLoaded=True
UnityEngine.StackTraceUtility:ExtractStackTrace () (at /Users/bokken/build/output/unity/unity/Runtime/Export/Scripting/StackTrace.cs:37)
UnityEngine.DebugLogHandler:LogFormat (UnityEngine.LogType,UnityEngine.Object,string,object[])
UnityEngine.Logger:Log (UnityEngine.LogType,object)
UnityEngine.Debug:Log (object)
ArgusUnity.Editor.HideAndSeekDesignBuilder:EnsureGltfClassroomImports () (at Assets/Editor/HideAndSeekDesignBuilder.cs:210)
ArgusUnity.Editor.HideAndSeekDesignBuilder:BuildScene () (at Assets/Editor/HideAndSeekDesignBuilder.cs:147)

(Filename: Assets/Editor/HideAndSeekDesignBuilder.cs Line: 210)

Start importing Assets/ThirdParty/StylooClassroomAssetPack/StylooClassroomAssetPack GLTF & FBX/classroom/GLTF/table.glb using Guid(0fac535ef0639442ea3d608d5efbaf9b) Importer(-1,00000000000000000000000000000000)  -> (artifact id: '5c883593d2a997f766a51e3bfbb6f666') in 0.009818 seconds
Refreshing native plugins compatible for Editor in 0.59 ms, found 0 plugins.
Preloading 0 native plugins for Editor in 0.00 ms.
Asset Pipeline Refresh (id=9991c268e05f84185b890344dd7a40ce): Total: 0.027 seconds - Initiated by StopAssetImportingV2(NoUpdateAssetOptions)
HideAndSeekDesignBuilder: GLTF asset table.glb, importer=GLTFast.Editor.GltfImporter, gameObjectLoaded=True
UnityEngine.StackTraceUtility:ExtractStackTrace () (at /Users/bokken/build/output/unity/unity/Runtime/Export/Scripting/StackTrace.cs:37)
UnityEngine.DebugLogHandler:LogFormat (UnityEngine.LogType,UnityEngine.Object,string,object[])
UnityEngine.Logger:Log (UnityEngine.LogType,object)
UnityEngine.Debug:Log (object)
ArgusUnity.Editor.HideAndSeekDesignBuilder:EnsureGltfClassroomImports () (at Assets/Editor/HideAndSeekDesignBuilder.cs:210)
ArgusUnity.Editor.HideAndSeekDesignBuilder:BuildScene () (at Assets/Editor/HideAndSeekDesignBuilder.cs:147)

(Filename: Assets/Editor/HideAndSeekDesignBuilder.cs Line: 210)

Start importing Assets/ThirdParty/StylooClassroomAssetPack/StylooClassroomAssetPack GLTF & FBX/classroom/GLTF/desk.glb using Guid(0efed4ee7808840d3b57c7df53106661) Importer(-1,00000000000000000000000000000000)  -> (artifact id: '6796f501a18b78f3f8cc5956ac718ae5') in 0.007214 seconds
Refreshing native plugins compatible for Editor in 0.66 ms, found 0 plugins.
Preloading 0 native plugins for Editor in 0.00 ms.
Asset Pipeline Refresh (id=e7a372c5dd13848deb5123435f2e6ae2): Total: 0.023 seconds - Initiated by StopAssetImportingV2(NoUpdateAssetOptions)
HideAndSeekDesignBuilder: GLTF asset desk.glb, importer=GLTFast.Editor.GltfImporter, gameObjectLoaded=True
UnityEngine.StackTraceUtility:ExtractStackTrace () (at /Users/bokken/build/output/unity/unity/Runtime/Export/Scripting/StackTrace.cs:37)
UnityEngine.DebugLogHandler:LogFormat (UnityEngine.LogType,UnityEngine.Object,string,object[])
UnityEngine.Logger:Log (UnityEngine.LogType,object)
UnityEngine.Debug:Log (object)
ArgusUnity.Editor.HideAndSeekDesignBuilder:EnsureGltfClassroomImports () (at Assets/Editor/HideAndSeekDesignBuilder.cs:210)
ArgusUnity.Editor.HideAndSeekDesignBuilder:BuildScene () (at Assets/Editor/HideAndSeekDesignBuilder.cs:147)

(Filename: Assets/Editor/HideAndSeekDesignBuilder.cs Line: 210)

Start importing Assets/Project/Resources/UserModels/Idle.fbx using Guid(3cef4c5e4db924e9cb5ca8890eae77de) Importer(-1,00000000000000000000000000000000)  -> (artifact id: '9f27ba06fdf37ef31f3487c718d975db') in 0.302560 seconds
Refreshing native plugins compatible for Editor in 0.83 ms, found 0 plugins.
Preloading 0 native plugins for Editor in 0.00 ms.
Asset Pipeline Refresh (id=c94abba5fe3e74cd1a918033a58a2467): Total: 0.333 seconds - Initiated by StopAssetImportingV2(NoUpdateAssetOptions)
	Summary:
		Imports: total=1 (actual=1, local cache=0, cache server=0)
		Asset DB Process Time: managed=17 ms, native=300 ms
		Asset DB Callback time: managed=8 ms, native=6 ms
		Scripting: domain reloads=0, domain reload time=0 ms, compile time=0 ms, other=0 ms
		Project Asset Count: scripts=3119, non-scripts=1538
		Asset File Changes: new=0, changed=0, moved=0, deleted=0
		Scan Filter Count: 5
	InvokeBeforeRefreshCallbacks: 0.000ms
	ApplyChangesToAssetFolders: 0.018ms
	Scan: 0.871ms
	OnSourceAssetsModified: 0.000ms
	GetAllGuidsForCategorization: 0.140ms
	CategorizeAssets: 1.398ms
	ImportOutOfDateAssets: 305.748ms (0.204ms without children)
		ImportManagerImport: 304.430ms (0.289ms without children)
			ImportInProcess: 304.116ms
			UpdateCategorizedAssets: 0.024ms
		ReloadNativeAssets: 0.012ms
		UnloadImportedAssets: 0.015ms
		ReloadImportedAssets: 0.000ms
		EnsureUptoDateAssetsAreRegisteredWithGuidPM: 0.532ms
		InitializingProgressBar: 0.002ms
		PostProcessAllAssetNotificationsAddChangedAssets: 0.000ms
		OnDemandSchedulerStart: 0.553ms
	PostProcessAllAssets: 13.205ms
	Hotreload: 1.946ms
	GatherAllCurrentPrimaryArtifactRevisions: 0.122ms
	UnloadStreamsBegin: 0.040ms
	PersistCurrentRevisions: 0.152ms
	UnloadStreamsEnd: 0.009ms
	Untracked: 9.820ms
Start importing Assets/Project/Resources/UserModels/Idle.fbx using Guid(3cef4c5e4db924e9cb5ca8890eae77de) Importer(-1,00000000000000000000000000000000)  -> (artifact id: '9f27ba06fdf37ef31f3487c718d975db') in 0.224890 seconds
Refreshing native plugins compatible for Editor in 0.58 ms, found 0 plugins.
Preloading 0 native plugins for Editor in 0.00 ms.
Asset Pipeline Refresh (id=e7d62b2585bb245df8c7c2ed7d05f8ed): Total: 0.247 seconds - Initiated by StopAssetImportingV2(NoUpdateAssetOptions)
HideAndSeekDesignBuilder: humanoid animation import asset=Idle.fbx, clip=Idle, loop=True, mirror=False, rootLocks=rotation:true,heightY:true,positionXZ:true, avatarSetup=CreateFromThisModel, sharedAvatar=False, sharedAvatarValid=False, sharedAvatarHuman=False, assetAvatarValid=True, assetAvatarHuman=True, importedClips=Idle.
UnityEngine.StackTraceUtility:ExtractStackTrace () (at /Users/bokken/build/output/unity/unity/Runtime/Export/Scripting/StackTrace.cs:37)
UnityEngine.DebugLogHandler:LogFormat (UnityEngine.LogType,UnityEngine.Object,string,object[])
UnityEngine.Logger:Log (UnityEngine.LogType,object)
UnityEngine.Debug:Log (object)
ArgusUnity.Editor.HideAndSeekDesignBuilder:ConfigureHumanoidAnimation (string,string,bool,UnityEngine.Avatar,bool) (at Assets/Editor/HideAndSeekDesignBuilder.cs:427)
ArgusUnity.Editor.HideAndSeekDesignBuilder:EnsureLocomotionAnimationImports () (at Assets/Editor/HideAndSeekDesignBuilder.cs:340)
ArgusUnity.Editor.HideAndSeekDesignBuilder:BuildScene () (at Assets/Editor/HideAndSeekDesignBuilder.cs:148)

(Filename: Assets/Editor/HideAndSeekDesignBuilder.cs Line: 427)

Start importing Assets/Project/Resources/Animations/Locomotion/Walking-2.fbx using Guid(f2ed7a64c18074ecfa681f4713b3f10d) Importer(-1,00000000000000000000000000000000)  -> (artifact id: 'a34faa1e46e4cb632eadaf084b989433') in 0.244520 seconds
Refreshing native plugins compatible for Editor in 2.13 ms, found 0 plugins.
Preloading 0 native plugins for Editor in 0.00 ms.
Asset Pipeline Refresh (id=aa2bce5d9350742648d94bce0d91dcec): Total: 0.304 seconds - Initiated by StopAssetImportingV2(NoUpdateAssetOptions)
	Summary:
		Imports: total=1 (actual=1, local cache=0, cache server=0)
		Asset DB Process Time: managed=0 ms, native=265 ms
		Asset DB Callback time: managed=22 ms, native=14 ms
		Scripting: domain reloads=0, domain reload time=0 ms, compile time=0 ms, other=0 ms
		Project Asset Count: scripts=3119, non-scripts=1538
		Asset File Changes: new=0, changed=0, moved=0, deleted=0
		Scan Filter Count: 6
	InvokeBeforeRefreshCallbacks: 0.000ms
	ApplyChangesToAssetFolders: 0.016ms
	Scan: 0.946ms
	OnSourceAssetsModified: 0.000ms
	GetAllGuidsForCategorization: 0.108ms
	CategorizeAssets: 1.378ms
	ImportOutOfDateAssets: 252.870ms (0.289ms without children)
		ImportManagerImport: 250.563ms (0.493ms without children)
			ImportInProcess: 250.027ms
			UpdateCategorizedAssets: 0.043ms
		ReloadNativeAssets: 0.017ms
		UnloadImportedAssets: 0.025ms
		ReloadImportedAssets: 0.000ms
		EnsureUptoDateAssetsAreRegisteredWithGuidPM: 0.577ms
		InitializingProgressBar: 0.002ms
		PostProcessAllAssetNotificationsAddChangedAssets: 0.000ms
		OnDemandSchedulerStart: 1.396ms
	PostProcessAllAssets: 30.556ms
	Hotreload: 6.824ms
	GatherAllCurrentPrimaryArtifactRevisions: 0.113ms
	UnloadStreamsBegin: 0.047ms
	PersistCurrentRevisions: 0.219ms
	UnloadStreamsEnd: 0.014ms
	Untracked: 10.422ms
Start importing Assets/Project/Resources/Animations/Locomotion/Walking-2.fbx using Guid(f2ed7a64c18074ecfa681f4713b3f10d) Importer(-1,00000000000000000000000000000000)  -> (artifact id: 'a34faa1e46e4cb632eadaf084b989433') in 0.190458 seconds
Refreshing native plugins compatible for Editor in 0.58 ms, found 0 plugins.
Preloading 0 native plugins for Editor in 0.00 ms.
Asset Pipeline Refresh (id=303fae994d8254fa4a95d597fa30dac0): Total: 0.233 seconds - Initiated by StopAssetImportingV2(NoUpdateAssetOptions)
HideAndSeekDesignBuilder: humanoid animation import asset=Walking-2.fbx, clip=Walk_InPlace, loop=True, mirror=False, rootLocks=rotation:true,heightY:true,positionXZ:true, avatarSetup=CopyFromOther, sharedAvatar=True, sharedAvatarValid=True, sharedAvatarHuman=True, assetAvatarValid=False, assetAvatarHuman=False, importedClips=Walk_InPlace.
UnityEngine.StackTraceUtility:ExtractStackTrace () (at /Users/bokken/build/output/unity/unity/Runtime/Export/Scripting/StackTrace.cs:37)
UnityEngine.DebugLogHandler:LogFormat (UnityEngine.LogType,UnityEngine.Object,string,object[])
UnityEngine.Logger:Log (UnityEngine.LogType,object)
UnityEngine.Debug:Log (object)
ArgusUnity.Editor.HideAndSeekDesignBuilder:ConfigureHumanoidAnimation (string,string,bool,UnityEngine.Avatar,bool) (at Assets/Editor/HideAndSeekDesignBuilder.cs:427)
ArgusUnity.Editor.HideAndSeekDesignBuilder:EnsureLocomotionAnimationImports () (at Assets/Editor/HideAndSeekDesignBuilder.cs:356)
ArgusUnity.Editor.HideAndSeekDesignBuilder:BuildScene () (at Assets/Editor/HideAndSeekDesignBuilder.cs:148)

(Filename: Assets/Editor/HideAndSeekDesignBuilder.cs Line: 427)

Start importing Assets/Project/Resources/Animations/FBXTurns/Right Turn 90.fbx using Guid(82cc6131a0e2f4d71a2a3455b84d0688) Importer(-1,00000000000000000000000000000000)  -> (artifact id: '988cb3fb0cb2c9e371fb0c806d47c8d5') in 0.222190 seconds
Refreshing native plugins compatible for Editor in 0.78 ms, found 0 plugins.
Preloading 0 native plugins for Editor in 0.00 ms.
Asset Pipeline Refresh (id=a9cb623a9c42148a68b3c2b78857751e): Total: 0.270 seconds - Initiated by StopAssetImportingV2(NoUpdateAssetOptions)
HideAndSeekDesignBuilder: FBX turn animation role=right-90, asset=Right Turn 90.fbx, importedClips=1, clip=generic, minus2MeansLeft=False
UnityEngine.StackTraceUtility:ExtractStackTrace () (at /Users/bokken/build/output/unity/unity/Runtime/Export/Scripting/StackTrace.cs:37)
UnityEngine.DebugLogHandler:LogFormat (UnityEngine.LogType,UnityEngine.Object,string,object[])
UnityEngine.Logger:Log (UnityEngine.LogType,object)
UnityEngine.Debug:Log (object)
ArgusUnity.Editor.HideAndSeekDesignBuilder:EnsureTurnAnimationImports () (at Assets/Editor/HideAndSeekDesignBuilder.cs:281)
ArgusUnity.Editor.HideAndSeekDesignBuilder:BuildScene () (at Assets/Editor/HideAndSeekDesignBuilder.cs:149)

(Filename: Assets/Editor/HideAndSeekDesignBuilder.cs Line: 281)

Start importing Assets/Project/Resources/Animations/FBXTurns/Right Turn 90-2.fbx using Guid(1170e0a4254694dcc89393ce7f5d98cf) Importer(-1,00000000000000000000000000000000)  -> (artifact id: '312f182203c92c59974005b01b517093') in 0.210133 seconds
Refreshing native plugins compatible for Editor in 0.61 ms, found 0 plugins.
Preloading 0 native plugins for Editor in 0.00 ms.
Asset Pipeline Refresh (id=ded6dff2ea0eb47bba081bec1eb7937b): Total: 0.231 seconds - Initiated by StopAssetImportingV2(NoUpdateAssetOptions)
HideAndSeekDesignBuilder: FBX turn animation role=left-90-from-minus-2, asset=Right Turn 90-2.fbx, importedClips=1, clip=generic, minus2MeansLeft=True
UnityEngine.StackTraceUtility:ExtractStackTrace () (at /Users/bokken/build/output/unity/unity/Runtime/Export/Scripting/StackTrace.cs:37)
UnityEngine.DebugLogHandler:LogFormat (UnityEngine.LogType,UnityEngine.Object,string,object[])
UnityEngine.Logger:Log (UnityEngine.LogType,object)
UnityEngine.Debug:Log (object)
ArgusUnity.Editor.HideAndSeekDesignBuilder:EnsureTurnAnimationImports () (at Assets/Editor/HideAndSeekDesignBuilder.cs:281)
ArgusUnity.Editor.HideAndSeekDesignBuilder:BuildScene () (at Assets/Editor/HideAndSeekDesignBuilder.cs:149)

(Filename: Assets/Editor/HideAndSeekDesignBuilder.cs Line: 281)

Start importing Assets/Project/Resources/Animations/FBXTurns/Happy Right Turn.fbx using Guid(1be269054e1384c259b5d79fb375c6f8) Importer(-1,00000000000000000000000000000000)  -> (artifact id: '3e7d18dddea28843d5f43f6eec14061d') in 0.157283 seconds
Refreshing native plugins compatible for Editor in 0.58 ms, found 0 plugins.
Preloading 0 native plugins for Editor in 0.00 ms.
Asset Pipeline Refresh (id=ade393577577d4787aad1fddde231624): Total: 0.179 seconds - Initiated by StopAssetImportingV2(NoUpdateAssetOptions)
Start importing Assets/Project/Resources/Animations/FBXTurns/Happy Right Turn.fbx using Guid(1be269054e1384c259b5d79fb375c6f8) Importer(-1,00000000000000000000000000000000)  -> (artifact id: '3e7d18dddea28843d5f43f6eec14061d') in 0.159495 seconds
Refreshing native plugins compatible for Editor in 0.55 ms, found 0 plugins.
Preloading 0 native plugins for Editor in 0.00 ms.
Asset Pipeline Refresh (id=0275c071d7c6d4670bd0d6349672c5e6): Total: 0.176 seconds - Initiated by StopAssetImportingV2(NoUpdateAssetOptions)
HideAndSeekDesignBuilder: humanoid animation import asset=Happy Right Turn.fbx, clip=TurnRight_Happy, loop=True, mirror=False, rootLocks=rotation:true,heightY:true,positionXZ:true, avatarSetup=CopyFromOther, sharedAvatar=True, sharedAvatarValid=True, sharedAvatarHuman=True, assetAvatarValid=False, assetAvatarHuman=False, importedClips=TurnRight_Happy.
UnityEngine.StackTraceUtility:ExtractStackTrace () (at /Users/bokken/build/output/unity/unity/Runtime/Export/Scripting/StackTrace.cs:37)
UnityEngine.DebugLogHandler:LogFormat (UnityEngine.LogType,UnityEngine.Object,string,object[])
UnityEngine.Logger:Log (UnityEngine.LogType,object)
UnityEngine.Debug:Log (object)
ArgusUnity.Editor.HideAndSeekDesignBuilder:ConfigureHumanoidAnimation (string,string,bool,UnityEngine.Avatar,bool) (at Assets/Editor/HideAndSeekDesignBuilder.cs:427)
ArgusUnity.Editor.HideAndSeekDesignBuilder:EnsureTurnAnimationImports () (at Assets/Editor/HideAndSeekDesignBuilder.cs:238)
ArgusUnity.Editor.HideAndSeekDesignBuilder:BuildScene () (at Assets/Editor/HideAndSeekDesignBuilder.cs:149)

(Filename: Assets/Editor/HideAndSeekDesignBuilder.cs Line: 427)

HideAndSeekDesignBuilder: FBX turn animation role=quarantined-happy-right, asset=Happy Right Turn.fbx, importedClips=1, clip=TurnRight_Happy, minus2MeansLeft=False
UnityEngine.StackTraceUtility:ExtractStackTrace () (at /Users/bokken/build/output/unity/unity/Runtime/Export/Scripting/StackTrace.cs:37)
UnityEngine.DebugLogHandler:LogFormat (UnityEngine.LogType,UnityEngine.Object,string,object[])
UnityEngine.Logger:Log (UnityEngine.LogType,object)
UnityEngine.Debug:Log (object)
ArgusUnity.Editor.HideAndSeekDesignBuilder:EnsureTurnAnimationImports () (at Assets/Editor/HideAndSeekDesignBuilder.cs:281)
ArgusUnity.Editor.HideAndSeekDesignBuilder:BuildScene () (at Assets/Editor/HideAndSeekDesignBuilder.cs:149)

(Filename: Assets/Editor/HideAndSeekDesignBuilder.cs Line: 281)

Start importing Assets/Project/Resources/Animations/FBXTurns/Happy Right Turn-2.fbx using Guid(61038be6e25984c94a7ef50954a36c5b) Importer(-1,00000000000000000000000000000000)  -> (artifact id: 'db836ff54bbd137c91606cfd90d1e63a') in 0.153747 seconds
Refreshing native plugins compatible for Editor in 0.54 ms, found 0 plugins.
Preloading 0 native plugins for Editor in 0.00 ms.
Asset Pipeline Refresh (id=992259045436f421f98cc91b51108e16): Total: 0.173 seconds - Initiated by StopAssetImportingV2(NoUpdateAssetOptions)
Start importing Assets/Project/Resources/Animations/FBXTurns/Happy Right Turn-2.fbx using Guid(61038be6e25984c94a7ef50954a36c5b) Importer(-1,00000000000000000000000000000000)  -> (artifact id: 'db836ff54bbd137c91606cfd90d1e63a') in 0.148044 seconds
Refreshing native plugins compatible for Editor in 0.53 ms, found 0 plugins.
Preloading 0 native plugins for Editor in 0.00 ms.
Asset Pipeline Refresh (id=5ce5de6821a0d48358c041ac6fccd215): Total: 0.165 seconds - Initiated by StopAssetImportingV2(NoUpdateAssetOptions)
HideAndSeekDesignBuilder: humanoid animation import asset=Happy Right Turn-2.fbx, clip=TurnLeft_Happy, loop=True, mirror=False, rootLocks=rotation:true,heightY:true,positionXZ:true, avatarSetup=CopyFromOther, sharedAvatar=True, sharedAvatarValid=True, sharedAvatarHuman=True, assetAvatarValid=False, assetAvatarHuman=False, importedClips=TurnLeft_Happy.
UnityEngine.StackTraceUtility:ExtractStackTrace () (at /Users/bokken/build/output/unity/unity/Runtime/Export/Scripting/StackTrace.cs:37)
UnityEngine.DebugLogHandler:LogFormat (UnityEngine.LogType,UnityEngine.Object,string,object[])
UnityEngine.Logger:Log (UnityEngine.LogType,object)
UnityEngine.Debug:Log (object)
ArgusUnity.Editor.HideAndSeekDesignBuilder:ConfigureHumanoidAnimation (string,string,bool,UnityEngine.Avatar,bool) (at Assets/Editor/HideAndSeekDesignBuilder.cs:427)
ArgusUnity.Editor.HideAndSeekDesignBuilder:EnsureTurnAnimationImports () (at Assets/Editor/HideAndSeekDesignBuilder.cs:238)
ArgusUnity.Editor.HideAndSeekDesignBuilder:BuildScene () (at Assets/Editor/HideAndSeekDesignBuilder.cs:149)

(Filename: Assets/Editor/HideAndSeekDesignBuilder.cs Line: 427)

HideAndSeekDesignBuilder: FBX turn animation role=quarantined-happy-left-from-minus-2, asset=Happy Right Turn-2.fbx, importedClips=1, clip=TurnLeft_Happy, minus2MeansLeft=True
UnityEngine.StackTraceUtility:ExtractStackTrace () (at /Users/bokken/build/output/unity/unity/Runtime/Export/Scripting/StackTrace.cs:37)
UnityEngine.DebugLogHandler:LogFormat (UnityEngine.LogType,UnityEngine.Object,string,object[])
UnityEngine.Logger:Log (UnityEngine.LogType,object)
UnityEngine.Debug:Log (object)
ArgusUnity.Editor.HideAndSeekDesignBuilder:EnsureTurnAnimationImports () (at Assets/Editor/HideAndSeekDesignBuilder.cs:281)
ArgusUnity.Editor.HideAndSeekDesignBuilder:BuildScene () (at Assets/Editor/HideAndSeekDesignBuilder.cs:149)

(Filename: Assets/Editor/HideAndSeekDesignBuilder.cs Line: 281)

Start importing Assets/Project/Resources/Animations/Locomotion/Running.fbx using Guid(d43575bd13fae4161bd6a39cd2fbf7a7) Importer(-1,00000000000000000000000000000000)  -> (artifact id: '9ceefb425cd569dd44cac2701f2b0063') in 0.187741 seconds
Refreshing native plugins compatible for Editor in 0.72 ms, found 0 plugins.
Preloading 0 native plugins for Editor in 0.00 ms.
Asset Pipeline Refresh (id=24909e6b9fb154328a4ef3e408717455): Total: 0.211 seconds - Initiated by StopAssetImportingV2(NoUpdateAssetOptions)
Start importing Assets/Project/Resources/Animations/Locomotion/Running.fbx using Guid(d43575bd13fae4161bd6a39cd2fbf7a7) Importer(-1,00000000000000000000000000000000)  -> (artifact id: '9ceefb425cd569dd44cac2701f2b0063') in 0.366705 seconds
Refreshing native plugins compatible for Editor in 1.13 ms, found 0 plugins.
Preloading 0 native plugins for Editor in 0.00 ms.
Asset Pipeline Refresh (id=3eb77fd9fbf8f466c88ecde79627be96): Total: 0.404 seconds - Initiated by StopAssetImportingV2(NoUpdateAssetOptions)
	Summary:
		Imports: total=1 (actual=1, local cache=0, cache server=0)
		Asset DB Process Time: managed=3 ms, native=394 ms
		Asset DB Callback time: managed=2 ms, native=2 ms
		Scripting: domain reloads=0, domain reload time=0 ms, compile time=0 ms, other=0 ms
		Project Asset Count: scripts=3119, non-scripts=1538
		Asset File Changes: new=0, changed=0, moved=0, deleted=0
		Scan Filter Count: 6
	InvokeBeforeRefreshCallbacks: 0.000ms
	ApplyChangesToAssetFolders: 0.021ms
	Scan: 1.033ms
	OnSourceAssetsModified: 0.000ms
	GetAllGuidsForCategorization: 0.201ms
	CategorizeAssets: 1.866ms
	ImportOutOfDateAssets: 385.124ms (2.363ms without children)
		ImportManagerImport: 376.398ms (4.080ms without children)
			ImportInProcess: 372.259ms
			UpdateCategorizedAssets: 0.059ms
		ReloadNativeAssets: 0.015ms
		UnloadImportedAssets: 0.125ms
		ReloadImportedAssets: 1.394ms
		EnsureUptoDateAssetsAreRegisteredWithGuidPM: 0.750ms
		InitializingProgressBar: 0.003ms
		PostProcessAllAssetNotificationsAddChangedAssets: 0.002ms
		OnDemandSchedulerStart: 4.074ms
	PostProcessAllAssets: 2.884ms
	Hotreload: 2.309ms
	GatherAllCurrentPrimaryArtifactRevisions: 0.153ms
	UnloadStreamsBegin: 0.040ms
	PersistCurrentRevisions: 0.141ms
	UnloadStreamsEnd: 0.013ms
	Untracked: 10.081ms
HideAndSeekDesignBuilder: humanoid animation import asset=Running.fbx, clip=Run, loop=True, mirror=False, rootLocks=rotation:true,heightY:true,positionXZ:true, avatarSetup=CopyFromOther, sharedAvatar=True, sharedAvatarValid=True, sharedAvatarHuman=True, assetAvatarValid=False, assetAvatarHuman=False, importedClips=Run.
UnityEngine.StackTraceUtility:ExtractStackTrace () (at /Users/bokken/build/output/unity/unity/Runtime/Export/Scripting/StackTrace.cs:37)
UnityEngine.DebugLogHandler:LogFormat (UnityEngine.LogType,UnityEngine.Object,string,object[])
UnityEngine.Logger:Log (UnityEngine.LogType,object)
UnityEngine.Debug:Log (object)
ArgusUnity.Editor.HideAndSeekDesignBuilder:ConfigureHumanoidAnimation (string,string,bool,UnityEngine.Avatar,bool) (at Assets/Editor/HideAndSeekDesignBuilder.cs:427)
ArgusUnity.Editor.HideAndSeekDesignBuilder:EnsureExpandedAnimationImports () (at Assets/Editor/HideAndSeekDesignBuilder.cs:309)
ArgusUnity.Editor.HideAndSeekDesignBuilder:BuildScene () (at Assets/Editor/HideAndSeekDesignBuilder.cs:150)

(Filename: Assets/Editor/HideAndSeekDesignBuilder.cs Line: 427)

HideAndSeekDesignBuilder: expanded animation import role=quarantined-run-locomotion, activeLocomotion=False, asset=Running.fbx, clip=Run, loop=True, mirror=False, target=Assets/Project/Resources/Animations/Locomotion/Running.fbx.
UnityEngine.StackTraceUtility:ExtractStackTrace () (at /Users/bokken/build/output/unity/unity/Runtime/Export/Scripting/StackTrace.cs:37)
UnityEngine.DebugLogHandler:LogFormat (UnityEngine.LogType,UnityEngine.Object,string,object[])
UnityEngine.Logger:Log (UnityEngine.LogType,object)
UnityEngine.Debug:Log (object)
ArgusUnity.Editor.HideAndSeekDesignBuilder:EnsureExpandedAnimationImports () (at Assets/Editor/HideAndSeekDesignBuilder.cs:315)
ArgusUnity.Editor.HideAndSeekDesignBuilder:BuildScene () (at Assets/Editor/HideAndSeekDesignBuilder.cs:150)

(Filename: Assets/Editor/HideAndSeekDesignBuilder.cs Line: 315)

Start importing Assets/Project/Resources/Animations/Locomotion/Slow Run.fbx using Guid(07b1cd1c4ea6a401b86df6eaebc56999) Importer(-1,00000000000000000000000000000000)  -> (artifact id: '9bbe3bc33bce55e0322445193c00e0a3') in 0.210119 seconds
Refreshing native plugins compatible for Editor in 0.60 ms, found 0 plugins.
Preloading 0 native plugins for Editor in 0.00 ms.
Asset Pipeline Refresh (id=1c43064b1cea24a16844d7d55e317ac3): Total: 0.238 seconds - Initiated by StopAssetImportingV2(NoUpdateAssetOptions)
Start importing Assets/Project/Resources/Animations/Locomotion/Slow Run.fbx using Guid(07b1cd1c4ea6a401b86df6eaebc56999) Importer(-1,00000000000000000000000000000000)  -> (artifact id: '9bbe3bc33bce55e0322445193c00e0a3') in 0.166550 seconds
Refreshing native plugins compatible for Editor in 0.68 ms, found 0 plugins.
Preloading 0 native plugins for Editor in 0.00 ms.
Asset Pipeline Refresh (id=7c943184e216440b6b3ea1641c6b434d): Total: 0.187 seconds - Initiated by StopAssetImportingV2(NoUpdateAssetOptions)
HideAndSeekDesignBuilder: humanoid animation import asset=Slow Run.fbx, clip=SlowRun, loop=True, mirror=False, rootLocks=rotation:true,heightY:true,positionXZ:true, avatarSetup=CopyFromOther, sharedAvatar=True, sharedAvatarValid=True, sharedAvatarHuman=True, assetAvatarValid=False, assetAvatarHuman=False, importedClips=SlowRun.
UnityEngine.StackTraceUtility:ExtractStackTrace () (at /Users/bokken/build/output/unity/unity/Runtime/Export/Scripting/StackTrace.cs:37)
UnityEngine.DebugLogHandler:LogFormat (UnityEngine.LogType,UnityEngine.Object,string,object[])
UnityEngine.Logger:Log (UnityEngine.LogType,object)
UnityEngine.Debug:Log (object)
ArgusUnity.Editor.HideAndSeekDesignBuilder:ConfigureHumanoidAnimation (string,string,bool,UnityEngine.Avatar,bool) (at Assets/Editor/HideAndSeekDesignBuilder.cs:427)
ArgusUnity.Editor.HideAndSeekDesignBuilder:EnsureExpandedAnimationImports () (at Assets/Editor/HideAndSeekDesignBuilder.cs:309)
ArgusUnity.Editor.HideAndSeekDesignBuilder:BuildScene () (at Assets/Editor/HideAndSeekDesignBuilder.cs:150)

(Filename: Assets/Editor/HideAndSeekDesignBuilder.cs Line: 427)

HideAndSeekDesignBuilder: expanded animation import role=quarantined-slow-run-locomotion, activeLocomotion=False, asset=Slow Run.fbx, clip=SlowRun, loop=True, mirror=False, target=Assets/Project/Resources/Animations/Locomotion/Slow Run.fbx.
UnityEngine.StackTraceUtility:ExtractStackTrace () (at /Users/bokken/build/output/unity/unity/Runtime/Export/Scripting/StackTrace.cs:37)
UnityEngine.DebugLogHandler:LogFormat (UnityEngine.LogType,UnityEngine.Object,string,object[])
UnityEngine.Logger:Log (UnityEngine.LogType,object)
UnityEngine.Debug:Log (object)
ArgusUnity.Editor.HideAndSeekDesignBuilder:EnsureExpandedAnimationImports () (at Assets/Editor/HideAndSeekDesignBuilder.cs:315)
ArgusUnity.Editor.HideAndSeekDesignBuilder:BuildScene () (at Assets/Editor/HideAndSeekDesignBuilder.cs:150)

(Filename: Assets/Editor/HideAndSeekDesignBuilder.cs Line: 315)

Start importing Assets/Project/Resources/Animations/Locomotion/Running To Turn.fbx using Guid(06f4a46c02b354b268b2658de1f2164f) Importer(-1,00000000000000000000000000000000)  -> (artifact id: 'bea833bfd4f8165b854d2f1581bd56a1') in 0.185669 seconds
Refreshing native plugins compatible for Editor in 0.86 ms, found 0 plugins.
Preloading 0 native plugins for Editor in 0.00 ms.
Asset Pipeline Refresh (id=5f87562c1f79a4dd492eb220a3be5da7): Total: 0.210 seconds - Initiated by StopAssetImportingV2(NoUpdateAssetOptions)
Start importing Assets/Project/Resources/Animations/Locomotion/Running To Turn.fbx using Guid(06f4a46c02b354b268b2658de1f2164f) Importer(-1,00000000000000000000000000000000)  -> (artifact id: 'bea833bfd4f8165b854d2f1581bd56a1') in 0.177788 seconds
Refreshing native plugins compatible for Editor in 0.57 ms, found 0 plugins.
Preloading 0 native plugins for Editor in 0.00 ms.
Asset Pipeline Refresh (id=27373cfd6bfad4e208eb25dd2115e948): Total: 0.197 seconds - Initiated by StopAssetImportingV2(NoUpdateAssetOptions)
HideAndSeekDesignBuilder: humanoid animation import asset=Running To Turn.fbx, clip=RunToTurn, loop=False, mirror=False, rootLocks=rotation:true,heightY:true,positionXZ:true, avatarSetup=CopyFromOther, sharedAvatar=True, sharedAvatarValid=True, sharedAvatarHuman=True, assetAvatarValid=False, assetAvatarHuman=False, importedClips=RunToTurn.
UnityEngine.StackTraceUtility:ExtractStackTrace () (at /Users/bokken/build/output/unity/unity/Runtime/Export/Scripting/StackTrace.cs:37)
UnityEngine.DebugLogHandler:LogFormat (UnityEngine.LogType,UnityEngine.Object,string,object[])
UnityEngine.Logger:Log (UnityEngine.LogType,object)
UnityEngine.Debug:Log (object)
ArgusUnity.Editor.HideAndSeekDesignBuilder:ConfigureHumanoidAnimation (string,string,bool,UnityEngine.Avatar,bool) (at Assets/Editor/HideAndSeekDesignBuilder.cs:427)
ArgusUnity.Editor.HideAndSeekDesignBuilder:EnsureExpandedAnimationImports () (at Assets/Editor/HideAndSeekDesignBuilder.cs:309)
ArgusUnity.Editor.HideAndSeekDesignBuilder:BuildScene () (at Assets/Editor/HideAndSeekDesignBuilder.cs:150)

(Filename: Assets/Editor/HideAndSeekDesignBuilder.cs Line: 427)

HideAndSeekDesignBuilder: expanded animation import role=quarantined-run-turn-candidate, activeLocomotion=False, asset=Running To Turn.fbx, clip=RunToTurn, loop=False, mirror=False, target=Assets/Project/Resources/Animations/Locomotion/Running To Turn.fbx.
UnityEngine.StackTraceUtility:ExtractStackTrace () (at /Users/bokken/build/output/unity/unity/Runtime/Export/Scripting/StackTrace.cs:37)
UnityEngine.DebugLogHandler:LogFormat (UnityEngine.LogType,UnityEngine.Object,string,object[])
UnityEngine.Logger:Log (UnityEngine.LogType,object)
UnityEngine.Debug:Log (object)
ArgusUnity.Editor.HideAndSeekDesignBuilder:EnsureExpandedAnimationImports () (at Assets/Editor/HideAndSeekDesignBuilder.cs:315)
ArgusUnity.Editor.HideAndSeekDesignBuilder:BuildScene () (at Assets/Editor/HideAndSeekDesignBuilder.cs:150)

(Filename: Assets/Editor/HideAndSeekDesignBuilder.cs Line: 315)

Start importing Assets/Project/Resources/Animations/FBXTurns/Left Turn W_Briefcase.fbx using Guid(aee9a1da03a1a47c6a8edda6be8f8eae) Importer(-1,00000000000000000000000000000000)  -> (artifact id: '4401c9de16925c49d1e6415fbae295ee') in 0.169061 seconds
Refreshing native plugins compatible for Editor in 0.77 ms, found 0 plugins.
Preloading 0 native plugins for Editor in 0.00 ms.
Asset Pipeline Refresh (id=3068d6db1a9b941c7a7c92d16c2db626): Total: 0.194 seconds - Initiated by StopAssetImportingV2(NoUpdateAssetOptions)
Start importing Assets/Project/Resources/Animations/FBXTurns/Left Turn W_Briefcase.fbx using Guid(aee9a1da03a1a47c6a8edda6be8f8eae) Importer(-1,00000000000000000000000000000000)  -> (artifact id: '0261bf6e215febaa3de699757626c6e4') in 0.225158 seconds
Refreshing native plugins compatible for Editor in 0.59 ms, found 0 plugins.
Preloading 0 native plugins for Editor in 0.00 ms.
Asset Pipeline Refresh (id=f8a53efe110dc431891b1a1c7ec0f344): Total: 0.305 seconds - Initiated by StopAssetImportingV2(NoUpdateAssetOptions)
	Summary:
		Imports: total=1 (actual=1, local cache=0, cache server=0)
		Asset DB Process Time: managed=2 ms, native=294 ms
		Asset DB Callback time: managed=6 ms, native=2 ms
		Scripting: domain reloads=0, domain reload time=0 ms, compile time=0 ms, other=0 ms
		Project Asset Count: scripts=3119, non-scripts=1538
		Asset File Changes: new=1, changed=1, moved=0, deleted=0
		Scan Filter Count: 6
	InvokeBeforeRefreshCallbacks: 0.000ms
	ApplyChangesToAssetFolders: 0.014ms
	Scan: 2.781ms
	OnSourceAssetsModified: 0.034ms
	GetAllGuidsForCategorization: 0.227ms
	CategorizeAssets: 27.537ms
	ImportOutOfDateAssets: 235.894ms (-0.789ms without children)
		ImportManagerImport: 230.101ms (2.537ms without children)
			ImportInProcess: 227.519ms
			UpdateCategorizedAssets: 0.046ms
		ReloadNativeAssets: 0.013ms
		UnloadImportedAssets: 0.156ms
		ReloadImportedAssets: 1.438ms
		EnsureUptoDateAssetsAreRegisteredWithGuidPM: 0.596ms
		InitializingProgressBar: 0.007ms
		PostProcessAllAssetNotificationsAddChangedAssets: 0.001ms
		OnDemandSchedulerStart: 4.373ms
	PostProcessAllAssets: 4.350ms
	Hotreload: 4.241ms
	GatherAllCurrentPrimaryArtifactRevisions: 0.104ms
	UnloadStreamsBegin: 0.051ms
	PersistCurrentRevisions: 0.200ms
	UnloadStreamsEnd: 0.012ms
	Untracked: 30.022ms
HideAndSeekDesignBuilder: humanoid animation import asset=Left Turn W_Briefcase.fbx, clip=TurnLeft_Briefcase, loop=True, mirror=False, rootLocks=rotation:true,heightY:true,positionXZ:true, avatarSetup=CopyFromOther, sharedAvatar=True, sharedAvatarValid=True, sharedAvatarHuman=True, assetAvatarValid=False, assetAvatarHuman=False, importedClips=TurnLeft_Briefcase.
UnityEngine.StackTraceUtility:ExtractStackTrace () (at /Users/bokken/build/output/unity/unity/Runtime/Export/Scripting/StackTrace.cs:37)
UnityEngine.DebugLogHandler:LogFormat (UnityEngine.LogType,UnityEngine.Object,string,object[])
UnityEngine.Logger:Log (UnityEngine.LogType,object)
UnityEngine.Debug:Log (object)
ArgusUnity.Editor.HideAndSeekDesignBuilder:ConfigureHumanoidAnimation (string,string,bool,UnityEngine.Avatar,bool) (at Assets/Editor/HideAndSeekDesignBuilder.cs:427)
ArgusUnity.Editor.HideAndSeekDesignBuilder:EnsureExpandedAnimationImports () (at Assets/Editor/HideAndSeekDesignBuilder.cs:309)
ArgusUnity.Editor.HideAndSeekDesignBuilder:BuildScene () (at Assets/Editor/HideAndSeekDesignBuilder.cs:150)

(Filename: Assets/Editor/HideAndSeekDesignBuilder.cs Line: 427)

HideAndSeekDesignBuilder: expanded animation import role=production-left-briefcase-turn, activeLocomotion=True, asset=Left Turn W_Briefcase.fbx, clip=TurnLeft_Briefcase, loop=True, mirror=False, target=Assets/Project/Resources/Animations/FBXTurns/Left Turn W_Briefcase.fbx.
UnityEngine.StackTraceUtility:ExtractStackTrace () (at /Users/bokken/build/output/unity/unity/Runtime/Export/Scripting/StackTrace.cs:37)
UnityEngine.DebugLogHandler:LogFormat (UnityEngine.LogType,UnityEngine.Object,string,object[])
UnityEngine.Logger:Log (UnityEngine.LogType,object)
UnityEngine.Debug:Log (object)
ArgusUnity.Editor.HideAndSeekDesignBuilder:EnsureExpandedAnimationImports () (at Assets/Editor/HideAndSeekDesignBuilder.cs:315)
ArgusUnity.Editor.HideAndSeekDesignBuilder:BuildScene () (at Assets/Editor/HideAndSeekDesignBuilder.cs:150)

(Filename: Assets/Editor/HideAndSeekDesignBuilder.cs Line: 315)

Start importing Assets/Project/Resources/Animations/FBXTurns/Left Turn W_Briefcase-2.fbx using Guid(f205dce3d15704ca6a8b9b0f86401123) Importer(-1,00000000000000000000000000000000)  -> (artifact id: '9b7cc026d1c5e804a6f7ac31763cc466') in 0.183732 seconds
Refreshing native plugins compatible for Editor in 1.26 ms, found 0 plugins.
Preloading 0 native plugins for Editor in 0.00 ms.
Asset Pipeline Refresh (id=0fb1574071d0049da8aae8c296a5158b): Total: 0.316 seconds - Initiated by StopAssetImportingV2(NoUpdateAssetOptions)
	Summary:
		Imports: total=1 (actual=1, local cache=0, cache server=0)
		Asset DB Process Time: managed=0 ms, native=306 ms
		Asset DB Callback time: managed=3 ms, native=5 ms
		Scripting: domain reloads=0, domain reload time=0 ms, compile time=0 ms, other=0 ms
		Project Asset Count: scripts=3119, non-scripts=1538
		Asset File Changes: new=0, changed=0, moved=0, deleted=0
		Scan Filter Count: 6
	InvokeBeforeRefreshCallbacks: 0.000ms
	ApplyChangesToAssetFolders: 0.032ms
	Scan: 5.274ms
	OnSourceAssetsModified: 0.001ms
	GetAllGuidsForCategorization: 0.120ms
	CategorizeAssets: 18.416ms
	ImportOutOfDateAssets: 217.980ms (31.160ms without children)
		ImportManagerImport: 185.116ms (0.248ms without children)
			ImportInProcess: 184.854ms
			UpdateCategorizedAssets: 0.014ms
		ReloadNativeAssets: 0.028ms
		UnloadImportedAssets: 0.071ms
		ReloadImportedAssets: 0.000ms
		EnsureUptoDateAssetsAreRegisteredWithGuidPM: 1.063ms
		InitializingProgressBar: 0.005ms
		PostProcessAllAssetNotificationsAddChangedAssets: 0.000ms
		OnDemandSchedulerStart: 0.536ms
	PostProcessAllAssets: 5.893ms
	Hotreload: 3.199ms
	GatherAllCurrentPrimaryArtifactRevisions: 2.234ms
	UnloadStreamsBegin: 0.535ms
	PersistCurrentRevisions: 0.150ms
	UnloadStreamsEnd: 0.009ms
	Untracked: 62.237ms
Start importing Assets/Project/Resources/Animations/FBXTurns/Left Turn W_Briefcase-2.fbx using Guid(f205dce3d15704ca6a8b9b0f86401123) Importer(-1,00000000000000000000000000000000)  -> (artifact id: '9b7cc026d1c5e804a6f7ac31763cc466') in 0.169761 seconds
Refreshing native plugins compatible for Editor in 0.56 ms, found 0 plugins.
Preloading 0 native plugins for Editor in 0.00 ms.
Asset Pipeline Refresh (id=0bf2b72d96b71479e875643433b64de2): Total: 0.188 seconds - Initiated by StopAssetImportingV2(NoUpdateAssetOptions)
HideAndSeekDesignBuilder: humanoid animation import asset=Left Turn W_Briefcase-2.fbx, clip=TurnLeft_Briefcase_Alt, loop=False, mirror=False, rootLocks=rotation:true,heightY:true,positionXZ:true, avatarSetup=CopyFromOther, sharedAvatar=True, sharedAvatarValid=True, sharedAvatarHuman=True, assetAvatarValid=False, assetAvatarHuman=False, importedClips=TurnLeft_Briefcase_Alt.
UnityEngine.StackTraceUtility:ExtractStackTrace () (at /Users/bokken/build/output/unity/unity/Runtime/Export/Scripting/StackTrace.cs:37)
UnityEngine.DebugLogHandler:LogFormat (UnityEngine.LogType,UnityEngine.Object,string,object[])
UnityEngine.Logger:Log (UnityEngine.LogType,object)
UnityEngine.Debug:Log (object)
ArgusUnity.Editor.HideAndSeekDesignBuilder:ConfigureHumanoidAnimation (string,string,bool,UnityEngine.Avatar,bool) (at Assets/Editor/HideAndSeekDesignBuilder.cs:427)
ArgusUnity.Editor.HideAndSeekDesignBuilder:EnsureExpandedAnimationImports () (at Assets/Editor/HideAndSeekDesignBuilder.cs:309)
ArgusUnity.Editor.HideAndSeekDesignBuilder:BuildScene () (at Assets/Editor/HideAndSeekDesignBuilder.cs:150)

(Filename: Assets/Editor/HideAndSeekDesignBuilder.cs Line: 427)

HideAndSeekDesignBuilder: expanded animation import role=briefcase-turn-alt-preview, activeLocomotion=False, asset=Left Turn W_Briefcase-2.fbx, clip=TurnLeft_Briefcase_Alt, loop=False, mirror=False, target=Assets/Project/Resources/Animations/FBXTurns/Left Turn W_Briefcase-2.fbx.
UnityEngine.StackTraceUtility:ExtractStackTrace () (at /Users/bokken/build/output/unity/unity/Runtime/Export/Scripting/StackTrace.cs:37)
UnityEngine.DebugLogHandler:LogFormat (UnityEngine.LogType,UnityEngine.Object,string,object[])
UnityEngine.Logger:Log (UnityEngine.LogType,object)
UnityEngine.Debug:Log (object)
ArgusUnity.Editor.HideAndSeekDesignBuilder:EnsureExpandedAnimationImports () (at Assets/Editor/HideAndSeekDesignBuilder.cs:315)
ArgusUnity.Editor.HideAndSeekDesignBuilder:BuildScene () (at Assets/Editor/HideAndSeekDesignBuilder.cs:150)

(Filename: Assets/Editor/HideAndSeekDesignBuilder.cs Line: 315)

Start importing Assets/Project/Resources/Animations/FBXTurns/Right Turn W_Briefcase_Mirrored.fbx using Guid(88c9c815a6a8c492cb9e49b0c842be3e) Importer(-1,00000000000000000000000000000000) Keyframe reduction: Ratio: 0.000000%;
 -> (artifact id: 'f04d5d4871535571a96aa3e1ac0c31ae') in 0.218598 seconds
Refreshing native plugins compatible for Editor in 0.56 ms, found 0 plugins.
Preloading 0 native plugins for Editor in 0.00 ms.
Asset Pipeline Refresh (id=7977a251ef14f42bb9c6ae4facf7532a): Total: 0.263 seconds - Initiated by StopAssetImportingV2(NoUpdateAssetOptions)
Start importing Assets/Project/Resources/Animations/FBXTurns/Right Turn W_Briefcase_Mirrored.fbx using Guid(88c9c815a6a8c492cb9e49b0c842be3e) Importer(-1,00000000000000000000000000000000)  -> (artifact id: '6973b3cb5972e91b7d2dccaf72732990') in 0.180399 seconds
Refreshing native plugins compatible for Editor in 0.61 ms, found 0 plugins.
Preloading 0 native plugins for Editor in 0.00 ms.
Asset Pipeline Refresh (id=6ff186a24ce0947ca9136d39d7ada65f): Total: 0.219 seconds - Initiated by StopAssetImportingV2(NoUpdateAssetOptions)
HideAndSeekDesignBuilder: humanoid animation import asset=Right Turn W_Briefcase_Mirrored.fbx, clip=TurnRight_Briefcase, loop=True, mirror=True, rootLocks=rotation:true,heightY:true,positionXZ:true, avatarSetup=CopyFromOther, sharedAvatar=True, sharedAvatarValid=True, sharedAvatarHuman=True, assetAvatarValid=False, assetAvatarHuman=False, importedClips=TurnRight_Briefcase.
UnityEngine.StackTraceUtility:ExtractStackTrace () (at /Users/bokken/build/output/unity/unity/Runtime/Export/Scripting/StackTrace.cs:37)
UnityEngine.DebugLogHandler:LogFormat (UnityEngine.LogType,UnityEngine.Object,string,object[])
UnityEngine.Logger:Log (UnityEngine.LogType,object)
UnityEngine.Debug:Log (object)
ArgusUnity.Editor.HideAndSeekDesignBuilder:ConfigureHumanoidAnimation (string,string,bool,UnityEngine.Avatar,bool) (at Assets/Editor/HideAndSeekDesignBuilder.cs:427)
ArgusUnity.Editor.HideAndSeekDesignBuilder:EnsureExpandedAnimationImports () (at Assets/Editor/HideAndSeekDesignBuilder.cs:309)
ArgusUnity.Editor.HideAndSeekDesignBuilder:BuildScene () (at Assets/Editor/HideAndSeekDesignBuilder.cs:150)

(Filename: Assets/Editor/HideAndSeekDesignBuilder.cs Line: 427)

HideAndSeekDesignBuilder: expanded animation import role=production-right-briefcase-turn-mirrored, activeLocomotion=True, asset=Right Turn W_Briefcase_Mirrored.fbx, clip=TurnRight_Briefcase, loop=True, mirror=True, target=Assets/Project/Resources/Animations/FBXTurns/Right Turn W_Briefcase_Mirrored.fbx.
UnityEngine.StackTraceUtility:ExtractStackTrace () (at /Users/bokken/build/output/unity/unity/Runtime/Export/Scripting/StackTrace.cs:37)
UnityEngine.DebugLogHandler:LogFormat (UnityEngine.LogType,UnityEngine.Object,string,object[])
UnityEngine.Logger:Log (UnityEngine.LogType,object)
UnityEngine.Debug:Log (object)
ArgusUnity.Editor.HideAndSeekDesignBuilder:EnsureExpandedAnimationImports () (at Assets/Editor/HideAndSeekDesignBuilder.cs:315)
ArgusUnity.Editor.HideAndSeekDesignBuilder:BuildScene () (at Assets/Editor/HideAndSeekDesignBuilder.cs:150)

(Filename: Assets/Editor/HideAndSeekDesignBuilder.cs Line: 315)

Start importing Assets/Project/Resources/Animations/Actions/Thinking.fbx using Guid(36a75f6830f56473790d1fae92b02700) Importer(-1,00000000000000000000000000000000)  -> (artifact id: 'fd0afac4c3936fda1f44c380eda18785') in 0.222769 seconds
Refreshing native plugins compatible for Editor in 0.88 ms, found 0 plugins.
Preloading 0 native plugins for Editor in 0.00 ms.
Asset Pipeline Refresh (id=a9349554aedb8421faf26bcef25f8edd): Total: 0.248 seconds - Initiated by StopAssetImportingV2(NoUpdateAssetOptions)
Start importing Assets/Project/Resources/Animations/Actions/Thinking.fbx using Guid(36a75f6830f56473790d1fae92b02700) Importer(-1,00000000000000000000000000000000)  -> (artifact id: 'fd0afac4c3936fda1f44c380eda18785') in 0.204880 seconds
Refreshing native plugins compatible for Editor in 0.59 ms, found 0 plugins.
Preloading 0 native plugins for Editor in 0.00 ms.
Asset Pipeline Refresh (id=e04757719d4d6447cb4f81814af187e1): Total: 0.228 seconds - Initiated by StopAssetImportingV2(NoUpdateAssetOptions)
HideAndSeekDesignBuilder: humanoid animation import asset=Thinking.fbx, clip=Thinking, loop=False, mirror=False, rootLocks=rotation:true,heightY:true,positionXZ:true, avatarSetup=CopyFromOther, sharedAvatar=True, sharedAvatarValid=True, sharedAvatarHuman=True, assetAvatarValid=False, assetAvatarHuman=False, importedClips=Thinking.
UnityEngine.StackTraceUtility:ExtractStackTrace () (at /Users/bokken/build/output/unity/unity/Runtime/Export/Scripting/StackTrace.cs:37)
UnityEngine.DebugLogHandler:LogFormat (UnityEngine.LogType,UnityEngine.Object,string,object[])
UnityEngine.Logger:Log (UnityEngine.LogType,object)
UnityEngine.Debug:Log (object)
ArgusUnity.Editor.HideAndSeekDesignBuilder:ConfigureHumanoidAnimation (string,string,bool,UnityEngine.Avatar,bool) (at Assets/Editor/HideAndSeekDesignBuilder.cs:427)
ArgusUnity.Editor.HideAndSeekDesignBuilder:EnsureExpandedAnimationImports () (at Assets/Editor/HideAndSeekDesignBuilder.cs:309)
ArgusUnity.Editor.HideAndSeekDesignBuilder:BuildScene () (at Assets/Editor/HideAndSeekDesignBuilder.cs:150)

(Filename: Assets/Editor/HideAndSeekDesignBuilder.cs Line: 427)

HideAndSeekDesignBuilder: expanded animation import role=thinking-action-not-wired, activeLocomotion=False, asset=Thinking.fbx, clip=Thinking, loop=False, mirror=False, target=Assets/Project/Resources/Animations/Actions/Thinking.fbx.
UnityEngine.StackTraceUtility:ExtractStackTrace () (at /Users/bokken/build/output/unity/unity/Runtime/Export/Scripting/StackTrace.cs:37)
UnityEngine.DebugLogHandler:LogFormat (UnityEngine.LogType,UnityEngine.Object,string,object[])
UnityEngine.Logger:Log (UnityEngine.LogType,object)
UnityEngine.Debug:Log (object)
ArgusUnity.Editor.HideAndSeekDesignBuilder:EnsureExpandedAnimationImports () (at Assets/Editor/HideAndSeekDesignBuilder.cs:315)
ArgusUnity.Editor.HideAndSeekDesignBuilder:BuildScene () (at Assets/Editor/HideAndSeekDesignBuilder.cs:150)

(Filename: Assets/Editor/HideAndSeekDesignBuilder.cs Line: 315)

Start importing Assets/Project/Resources/Animations/Actions/Angry.fbx using Guid(bf6f5bc26201348749cec0762d90324c) Importer(-1,00000000000000000000000000000000)  -> (artifact id: 'fa14516dafcd04b369ba93df3c24b969') in 0.739828 seconds
Refreshing native plugins compatible for Editor in 0.71 ms, found 0 plugins.
Preloading 0 native plugins for Editor in 0.00 ms.
Asset Pipeline Refresh (id=34a5a696a50b0458e93c6a7077cf8bb9): Total: 0.782 seconds - Initiated by StopAssetImportingV2(NoUpdateAssetOptions)
	Summary:
		Imports: total=1 (actual=1, local cache=0, cache server=0)
		Asset DB Process Time: managed=2 ms, native=754 ms
		Asset DB Callback time: managed=20 ms, native=5 ms
		Scripting: domain reloads=0, domain reload time=0 ms, compile time=0 ms, other=0 ms
		Project Asset Count: scripts=3119, non-scripts=1539
		Asset File Changes: new=0, changed=0, moved=0, deleted=0
		Scan Filter Count: 6
	InvokeBeforeRefreshCallbacks: 0.000ms
	ApplyChangesToAssetFolders: 0.015ms
	Scan: 0.981ms
	OnSourceAssetsModified: 0.000ms
	GetAllGuidsForCategorization: 0.107ms
	CategorizeAssets: 1.291ms
	ImportOutOfDateAssets: 743.960ms (0.338ms without children)
		ImportManagerImport: 741.699ms (0.651ms without children)
			ImportInProcess: 741.003ms
			UpdateCategorizedAssets: 0.046ms
		ReloadNativeAssets: 0.012ms
		UnloadImportedAssets: 0.022ms
		ReloadImportedAssets: 0.000ms
		EnsureUptoDateAssetsAreRegisteredWithGuidPM: 0.581ms
		InitializingProgressBar: 0.003ms
		PostProcessAllAssetNotificationsAddChangedAssets: 0.000ms
		OnDemandSchedulerStart: 1.305ms
	PostProcessAllAssets: 22.849ms
	Hotreload: 2.801ms
	GatherAllCurrentPrimaryArtifactRevisions: 0.108ms
	UnloadStreamsBegin: 0.034ms
	PersistCurrentRevisions: 0.149ms
	UnloadStreamsEnd: 0.009ms
	Untracked: 10.120ms
Start importing Assets/Project/Resources/Animations/Actions/Angry.fbx using Guid(bf6f5bc26201348749cec0762d90324c) Importer(-1,00000000000000000000000000000000)  -> (artifact id: 'fa14516dafcd04b369ba93df3c24b969') in 0.565610 seconds
Refreshing native plugins compatible for Editor in 0.69 ms, found 0 plugins.
Preloading 0 native plugins for Editor in 0.00 ms.
Asset Pipeline Refresh (id=9d5b8274fd4644e638393865d50aa53c): Total: 0.650 seconds - Initiated by StopAssetImportingV2(NoUpdateAssetOptions)
	Summary:
		Imports: total=1 (actual=1, local cache=0, cache server=0)
		Asset DB Process Time: managed=7 ms, native=629 ms
		Asset DB Callback time: managed=11 ms, native=1 ms
		Scripting: domain reloads=0, domain reload time=0 ms, compile time=0 ms, other=0 ms
		Project Asset Count: scripts=3119, non-scripts=1539
		Asset File Changes: new=0, changed=0, moved=0, deleted=0
		Scan Filter Count: 6
	InvokeBeforeRefreshCallbacks: 0.000ms
	ApplyChangesToAssetFolders: 0.064ms
	Scan: 1.647ms
	OnSourceAssetsModified: 0.000ms
	GetAllGuidsForCategorization: 0.136ms
	CategorizeAssets: 3.223ms
	ImportOutOfDateAssets: 573.236ms (-1.099ms without children)
		ImportManagerImport: 569.446ms (3.118ms without children)
			ImportInProcess: 566.222ms
			UpdateCategorizedAssets: 0.106ms
		ReloadNativeAssets: 0.025ms
		UnloadImportedAssets: 0.150ms
		ReloadImportedAssets: 1.900ms
		EnsureUptoDateAssetsAreRegisteredWithGuidPM: 0.960ms
		InitializingProgressBar: 0.005ms
		PostProcessAllAssetNotificationsAddChangedAssets: 0.000ms
		OnDemandSchedulerStart: 1.849ms
	PostProcessAllAssets: 11.734ms
	Hotreload: 1.614ms
	GatherAllCurrentPrimaryArtifactRevisions: 1.586ms
	UnloadStreamsBegin: 0.058ms
	PersistCurrentRevisions: 0.151ms
	UnloadStreamsEnd: 0.009ms
	Untracked: 56.268ms
HideAndSeekDesignBuilder: humanoid animation import asset=Angry.fbx, clip=Angry, loop=False, mirror=False, rootLocks=rotation:true,heightY:true,positionXZ:true, avatarSetup=CopyFromOther, sharedAvatar=True, sharedAvatarValid=True, sharedAvatarHuman=True, assetAvatarValid=False, assetAvatarHuman=False, importedClips=Angry.
UnityEngine.StackTraceUtility:ExtractStackTrace () (at /Users/bokken/build/output/unity/unity/Runtime/Export/Scripting/StackTrace.cs:37)
UnityEngine.DebugLogHandler:LogFormat (UnityEngine.LogType,UnityEngine.Object,string,object[])
UnityEngine.Logger:Log (UnityEngine.LogType,object)
UnityEngine.Debug:Log (object)
ArgusUnity.Editor.HideAndSeekDesignBuilder:ConfigureHumanoidAnimation (string,string,bool,UnityEngine.Avatar,bool) (at Assets/Editor/HideAndSeekDesignBuilder.cs:427)
ArgusUnity.Editor.HideAndSeekDesignBuilder:EnsureExpandedAnimationImports () (at Assets/Editor/HideAndSeekDesignBuilder.cs:309)
ArgusUnity.Editor.HideAndSeekDesignBuilder:BuildScene () (at Assets/Editor/HideAndSeekDesignBuilder.cs:150)

(Filename: Assets/Editor/HideAndSeekDesignBuilder.cs Line: 427)

HideAndSeekDesignBuilder: expanded animation import role=angry-action-not-wired, activeLocomotion=False, asset=Angry.fbx, clip=Angry, loop=False, mirror=False, target=Assets/Project/Resources/Animations/Actions/Angry.fbx.
UnityEngine.StackTraceUtility:ExtractStackTrace () (at /Users/bokken/build/output/unity/unity/Runtime/Export/Scripting/StackTrace.cs:37)
UnityEngine.DebugLogHandler:LogFormat (UnityEngine.LogType,UnityEngine.Object,string,object[])
UnityEngine.Logger:Log (UnityEngine.LogType,object)
UnityEngine.Debug:Log (object)
ArgusUnity.Editor.HideAndSeekDesignBuilder:EnsureExpandedAnimationImports () (at Assets/Editor/HideAndSeekDesignBuilder.cs:315)
ArgusUnity.Editor.HideAndSeekDesignBuilder:BuildScene () (at Assets/Editor/HideAndSeekDesignBuilder.cs:150)

(Filename: Assets/Editor/HideAndSeekDesignBuilder.cs Line: 315)

Start importing Assets/Project/Resources/Animations/Actions/Male Laying Pose.fbx using Guid(6f5314b5ac7be4cd4b67afc80b5c49f2) Importer(-1,00000000000000000000000000000000)  -> (artifact id: '4de69289a8dc82693b729138e293b433') in 0.217118 seconds
Refreshing native plugins compatible for Editor in 0.60 ms, found 0 plugins.
Preloading 0 native plugins for Editor in 0.00 ms.
Asset Pipeline Refresh (id=ee28b112734e749deb6ac4c66552ad71): Total: 0.244 seconds - Initiated by StopAssetImportingV2(NoUpdateAssetOptions)
Start importing Assets/Project/Resources/Animations/Actions/Male Laying Pose.fbx using Guid(6f5314b5ac7be4cd4b67afc80b5c49f2) Importer(-1,00000000000000000000000000000000)  -> (artifact id: '4de69289a8dc82693b729138e293b433') in 0.178715 seconds
Refreshing native plugins compatible for Editor in 0.58 ms, found 0 plugins.
Preloading 0 native plugins for Editor in 0.00 ms.
Asset Pipeline Refresh (id=39526d7732fdc459eaf5121a8c7a0b66): Total: 0.202 seconds - Initiated by StopAssetImportingV2(NoUpdateAssetOptions)
HideAndSeekDesignBuilder: humanoid animation import asset=Male Laying Pose.fbx, clip=LayingPose, loop=False, mirror=False, rootLocks=rotation:true,heightY:true,positionXZ:true, avatarSetup=CopyFromOther, sharedAvatar=True, sharedAvatarValid=True, sharedAvatarHuman=True, assetAvatarValid=False, assetAvatarHuman=False, importedClips=LayingPose.
UnityEngine.StackTraceUtility:ExtractStackTrace () (at /Users/bokken/build/output/unity/unity/Runtime/Export/Scripting/StackTrace.cs:37)
UnityEngine.DebugLogHandler:LogFormat (UnityEngine.LogType,UnityEngine.Object,string,object[])
UnityEngine.Logger:Log (UnityEngine.LogType,object)
UnityEngine.Debug:Log (object)
ArgusUnity.Editor.HideAndSeekDesignBuilder:ConfigureHumanoidAnimation (string,string,bool,UnityEngine.Avatar,bool) (at Assets/Editor/HideAndSeekDesignBuilder.cs:427)
ArgusUnity.Editor.HideAndSeekDesignBuilder:EnsureExpandedAnimationImports () (at Assets/Editor/HideAndSeekDesignBuilder.cs:309)
ArgusUnity.Editor.HideAndSeekDesignBuilder:BuildScene () (at Assets/Editor/HideAndSeekDesignBuilder.cs:150)

(Filename: Assets/Editor/HideAndSeekDesignBuilder.cs Line: 427)

HideAndSeekDesignBuilder: expanded animation import role=laying-pose-action-not-wired, activeLocomotion=False, asset=Male Laying Pose.fbx, clip=LayingPose, loop=False, mirror=False, target=Assets/Project/Resources/Animations/Actions/Male Laying Pose.fbx.
UnityEngine.StackTraceUtility:ExtractStackTrace () (at /Users/bokken/build/output/unity/unity/Runtime/Export/Scripting/StackTrace.cs:37)
UnityEngine.DebugLogHandler:LogFormat (UnityEngine.LogType,UnityEngine.Object,string,object[])
UnityEngine.Logger:Log (UnityEngine.LogType,object)
UnityEngine.Debug:Log (object)
ArgusUnity.Editor.HideAndSeekDesignBuilder:EnsureExpandedAnimationImports () (at Assets/Editor/HideAndSeekDesignBuilder.cs:315)
ArgusUnity.Editor.HideAndSeekDesignBuilder:BuildScene () (at Assets/Editor/HideAndSeekDesignBuilder.cs:150)

(Filename: Assets/Editor/HideAndSeekDesignBuilder.cs Line: 315)

Start importing Assets/Project/Resources/Animations/Actions/Standing Torch Light Torch.fbx using Guid(20e51dd31e1d44271a121772694dcf0f) Importer(-1,00000000000000000000000000000000)  -> (artifact id: '1afe57928a3c90c7991c40eeda059b5a') in 0.203354 seconds
Refreshing native plugins compatible for Editor in 0.98 ms, found 0 plugins.
Preloading 0 native plugins for Editor in 0.00 ms.
Asset Pipeline Refresh (id=70f553c8c21f54f0d8f331d00e44a8b5): Total: 0.231 seconds - Initiated by StopAssetImportingV2(NoUpdateAssetOptions)
Start importing Assets/Project/Resources/Animations/Actions/Standing Torch Light Torch.fbx using Guid(20e51dd31e1d44271a121772694dcf0f) Importer(-1,00000000000000000000000000000000)  -> (artifact id: '1afe57928a3c90c7991c40eeda059b5a') in 0.227310 seconds
Refreshing native plugins compatible for Editor in 0.66 ms, found 0 plugins.
Preloading 0 native plugins for Editor in 0.00 ms.
Asset Pipeline Refresh (id=70a19ba1a179c48fdbffdc9019fb5ae0): Total: 0.250 seconds - Initiated by StopAssetImportingV2(NoUpdateAssetOptions)
HideAndSeekDesignBuilder: humanoid animation import asset=Standing Torch Light Torch.fbx, clip=StandingTorch, loop=False, mirror=False, rootLocks=rotation:true,heightY:true,positionXZ:true, avatarSetup=CopyFromOther, sharedAvatar=True, sharedAvatarValid=True, sharedAvatarHuman=True, assetAvatarValid=False, assetAvatarHuman=False, importedClips=StandingTorch.
UnityEngine.StackTraceUtility:ExtractStackTrace () (at /Users/bokken/build/output/unity/unity/Runtime/Export/Scripting/StackTrace.cs:37)
UnityEngine.DebugLogHandler:LogFormat (UnityEngine.LogType,UnityEngine.Object,string,object[])
UnityEngine.Logger:Log (UnityEngine.LogType,object)
UnityEngine.Debug:Log (object)
ArgusUnity.Editor.HideAndSeekDesignBuilder:ConfigureHumanoidAnimation (string,string,bool,UnityEngine.Avatar,bool) (at Assets/Editor/HideAndSeekDesignBuilder.cs:427)
ArgusUnity.Editor.HideAndSeekDesignBuilder:EnsureExpandedAnimationImports () (at Assets/Editor/HideAndSeekDesignBuilder.cs:309)
ArgusUnity.Editor.HideAndSeekDesignBuilder:BuildScene () (at Assets/Editor/HideAndSeekDesignBuilder.cs:150)

(Filename: Assets/Editor/HideAndSeekDesignBuilder.cs Line: 427)

HideAndSeekDesignBuilder: expanded animation import role=standing-torch-action-not-wired, activeLocomotion=False, asset=Standing Torch Light Torch.fbx, clip=StandingTorch, loop=False, mirror=False, target=Assets/Project/Resources/Animations/Actions/Standing Torch Light Torch.fbx.
UnityEngine.StackTraceUtility:ExtractStackTrace () (at /Users/bokken/build/output/unity/unity/Runtime/Export/Scripting/StackTrace.cs:37)
UnityEngine.DebugLogHandler:LogFormat (UnityEngine.LogType,UnityEngine.Object,string,object[])
UnityEngine.Logger:Log (UnityEngine.LogType,object)
UnityEngine.Debug:Log (object)
ArgusUnity.Editor.HideAndSeekDesignBuilder:EnsureExpandedAnimationImports () (at Assets/Editor/HideAndSeekDesignBuilder.cs:315)
ArgusUnity.Editor.HideAndSeekDesignBuilder:BuildScene () (at Assets/Editor/HideAndSeekDesignBuilder.cs:150)

(Filename: Assets/Editor/HideAndSeekDesignBuilder.cs Line: 315)

Refreshing native plugins compatible for Editor in 0.98 ms, found 0 plugins.
Preloading 0 native plugins for Editor in 0.00 ms.
Asset Pipeline Refresh (id=9554d3d5078f740f7bd28566752d10bd): Total: 0.077 seconds - Initiated by StopAssetImportingV2(NoUpdateAssetOptions)
Start importing Assets/Project/Resources/Animations/Controllers/MiniBotLocomotion.controller using Guid(ebda5135bdb3d4046b43dbf48b9b966f) Importer(-1,00000000000000000000000000000000)  -> (artifact id: '453c605dc07cd93abac116ec88f7d157') in 0.002668 seconds
Refreshing native plugins compatible for Editor in 0.63 ms, found 0 plugins.
Preloading 0 native plugins for Editor in 0.00 ms.
Asset Pipeline Refresh (id=09a2c0aafecc844f0baa9495a18ace53): Total: 0.052 seconds - Initiated by StopAssetImportingV2(NoUpdateAssetOptions)
Start importing Assets/Project/Resources/Animations/Controllers/MiniBotLocomotion.controller using Guid(ebda5135bdb3d4046b43dbf48b9b966f) Importer(-1,00000000000000000000000000000000)  -> (artifact id: '5595f598dcd43c6619fad05d0b8ed959') in 0.001138 seconds
Refreshing native plugins compatible for Editor in 0.58 ms, found 0 plugins.
Preloading 0 native plugins for Editor in 0.00 ms.
Asset Pipeline Refresh (id=fa7ba392907214c66a776e88ce0df8bb): Total: 0.034 seconds - Initiated by StopAssetImportingV2(NoUpdateAssetOptions)
HideAndSeekDesignBuilder: locomotion AnimatorController ready path=Assets/Project/Resources/Animations/Controllers/MiniBotLocomotion.controller, idle=Idle, blendTree=LocomotionBlendTree, walk=Walk_InPlace@turn0-speed1.00, leftTurn=TurnLeft_Briefcase@turn-1-speed1.00, rightTurn=TurnRight_Briefcase@turn1-speed1.00, quarantined=SlowRun,Run,TurnLeft_Happy,TurnRight_Happy.
UnityEngine.StackTraceUtility:ExtractStackTrace () (at /Users/bokken/build/output/unity/unity/Runtime/Export/Scripting/StackTrace.cs:37)
UnityEngine.DebugLogHandler:LogFormat (UnityEngine.LogType,UnityEngine.Object,string,object[])
UnityEngine.Logger:Log (UnityEngine.LogType,object)
UnityEngine.Debug:Log (object)
ArgusUnity.Editor.HideAndSeekDesignBuilder:EnsureLocomotionAnimatorController () (at Assets/Editor/HideAndSeekDesignBuilder.cs:501)
ArgusUnity.Editor.HideAndSeekDesignBuilder:BuildScene () (at Assets/Editor/HideAndSeekDesignBuilder.cs:151)

(Filename: Assets/Editor/HideAndSeekDesignBuilder.cs Line: 501)

HideAndSeekDesignBuilder: mini-bot import animationType=Human, importAnimation=True, avatarValid=True, avatarHuman=True, walkingBones leftFoot=True, rightFoot=True, leftLeg=True, rightLeg=True.
UnityEngine.StackTraceUtility:ExtractStackTrace () (at /Users/bokken/build/output/unity/unity/Runtime/Export/Scripting/StackTrace.cs:37)
UnityEngine.DebugLogHandler:LogFormat (UnityEngine.LogType,UnityEngine.Object,string,object[])
UnityEngine.Logger:Log (UnityEngine.LogType,object)
UnityEngine.Debug:Log (object)
ArgusUnity.Editor.HideAndSeekDesignBuilder:LogMiniBotRigInfo () (at Assets/Editor/HideAndSeekDesignBuilder.cs:1156)
ArgusUnity.Editor.HideAndSeekDesignBuilder:BuildScene () (at Assets/Editor/HideAndSeekDesignBuilder.cs:152)

(Filename: Assets/Editor/HideAndSeekDesignBuilder.cs Line: 1156)

Unloading 0 Unused Serialized files (Serialized files now loaded: 0)
Unloading 1049 unused Assets / (164.7 KB). Loaded Objects now: 3134.
Memory consumption went from 173.4 MB to 173.2 MB.
Total: 17.170833 ms (FindLiveObjects: 0.147875 ms CreateObjectMapping: 0.090000 ms MarkObjects: 13.398542 ms  DeleteObjects: 3.533375 ms)

Start importing Assets/Project/Materials/FurnitureCollision.physicMaterial using Guid(4055c0a04dcaa4517a2fc6c986d95402) Importer(-1,00000000000000000000000000000000)  -> (artifact id: '93557a2231481f13710b813665cbb595') in 0.003530 seconds
Start importing Assets/Project/Materials/HideSeekDefenseBlue.mat using Guid(1ab91de9bb9934e9f880738d62def819) Importer(-1,00000000000000000000000000000000)  -> (artifact id: '6192f3395ab21bcaa9fabb8e6ebbcfb2') in 0.001200 seconds
Start importing Assets/Project/Materials/HideSeekAttackRed.mat using Guid(4aa4d8a01259243b6b5dba6db789b200) Importer(-1,00000000000000000000000000000000)  -> (artifact id: '1e003da785150d9cba7a94d730ca518a') in 0.003329 seconds
Start importing Assets/Project/Materials/MiniBotLowFrictionContact.physicMaterial using Guid(dc9fa6446005d48759c4f50c470f1c28) Importer(-1,00000000000000000000000000000000)  -> (artifact id: '1c786f7e033238ce791a8fafaf87549e') in 0.001501 seconds
Refreshing native plugins compatible for Editor in 2.98 ms, found 0 plugins.
Preloading 0 native plugins for Editor in 0.00 ms.
Asset Pipeline Refresh (id=635a547550a0b442fb4c3b508a99f9f1): Total: 0.077 seconds - Initiated by StopAssetImportingV2(NoUpdateAssetOptions)
Start importing Assets/Project/Scenes/MiniBotHideAndSeekDesign.unity using Guid(9a4a9106e8b4148eea11b87fdf0edb7b) Importer(-1,00000000000000000000000000000000)  -> (artifact id: '11691d0d96e1551d4f9fb7e43a6989ab') in 0.001006 seconds
Refreshing native plugins compatible for Editor in 0.64 ms, found 0 plugins.
Preloading 0 native plugins for Editor in 0.00 ms.
Asset Pipeline Refresh (id=80787a921c7044f5d81e2e5056655c0f): Total: 0.050 seconds - Initiated by StopAssetImportingV2(NoUpdateAssetOptions)
HideAndSeekDesignBuilder: physics setup furnitureColliders=11, staticSchoolroomColliders=5.
UnityEngine.StackTraceUtility:ExtractStackTrace () (at /Users/bokken/build/output/unity/unity/Runtime/Export/Scripting/StackTrace.cs:37)
UnityEngine.DebugLogHandler:LogFormat (UnityEngine.LogType,UnityEngine.Object,string,object[])
UnityEngine.Logger:Log (UnityEngine.LogType,object)
UnityEngine.Debug:Log (object)
ArgusUnity.Editor.HideAndSeekDesignBuilder:BuildScene () (at Assets/Editor/HideAndSeekDesignBuilder.cs:171)

(Filename: Assets/Editor/HideAndSeekDesignBuilder.cs Line: 171)

HideAndSeekDesignBuilder: saved Assets/Project/Scenes/MiniBotHideAndSeekDesign.unity
UnityEngine.StackTraceUtility:ExtractStackTrace () (at /Users/bokken/build/output/unity/unity/Runtime/Export/Scripting/StackTrace.cs:37)
UnityEngine.DebugLogHandler:LogFormat (UnityEngine.LogType,UnityEngine.Object,string,object[])
UnityEngine.Logger:Log (UnityEngine.LogType,object)
UnityEngine.Debug:Log (object)
ArgusUnity.Editor.HideAndSeekDesignBuilder:BuildScene () (at Assets/Editor/HideAndSeekDesignBuilder.cs:174)

(Filename: Assets/Editor/HideAndSeekDesignBuilder.cs Line: 174)

Batchmode quit successfully invoked - shutting down!
Thread 0x348ac7000 may have been prematurely finalized
[Licensing::IpcConnector] License Notification channel disconnected successfully.
[Licensing::IpcConnector] License Client channel disconnected successfully.
Thread 0x17e847000 may have been prematurely finalized
Thread 0x17e95f000 may have been prematurely finalized
Thread 0x17e9eb000 may have been prematurely finalized
Thread 0x17ea77000 may have been prematurely finalized
Thread 0x17eb03000 may have been prematurely finalized
Thread 0x17e8d3000 may have been prematurely finalized
Thread 0x17eb8f000 may have been prematurely finalized
Cleanup mono
[40m[32minfo[39m[22m[49m: Microsoft.Hosting.Lifetime[0]
      Application is shutting down...
[40m[32minfo[39m[22m[49m: Unity.ILPP.Runner.PostProcessingAssemblyLoadContext[0]
      ALC ILPP context 1 is unloading
debugger-agent: Unable to listen on 48
[Performance] Application.InitializeProject                                                                                  :        1 samples, Peak.  22.5 s (1.0x), Avg.  22.5 s, Total. 22.55 s (50.8%)
[Performance] Application.PackageManager.StartServer                                                                         :        1 samples, Peak.  10.9 ms (1.0x), Avg.  10.9 ms, Total. 10.85 ms (0.0%)
[Performance] Application.AcquireProjectLock                                                                                 :        1 samples, Peak.  2.03 ms (1.0x), Avg.  2.03 ms, Total. 2.027 ms (0.0%)
[Performance] Application.InitializeEngineNoGraphics                                                                         :        1 samples, Peak.   104 ms (1.0x), Avg.   104 ms, Total. 103.9 ms (0.2%)
[Performance] Application.PackageManager.Initialize                                                                          :        1 samples, Peak.  3.85 s (1.0x), Avg.  3.85 s, Total. 3.852 s (8.7%)
[Performance] Connecting to Package Manager                                                                                  :      386 samples, Peak.   267 us (202.1x), Avg.  1.32 us, Total. 509.3 us (0.0%)
[Performance] Application.EngineGraphics.Initialize                                                                          :        1 samples, Peak.   127 ms (1.0x), Avg.   127 ms, Total. 127.4 ms (0.3%)
[Performance] Application.GI.Initialize                                                                                      :        1 samples, Peak.  6.44 ms (1.0x), Avg.  6.44 ms, Total. 6.445 ms (0.0%)
[Performance] Application.LoadAllDefaultResourcesFromEditor                                                                  :        1 samples, Peak.  2.16 ms (1.0x), Avg.  2.16 ms, Total. 2.161 ms (0.0%)
[Performance] Application.LoadMonoAssemblies                                                                                 :        1 samples, Peak.   505 ms (1.0x), Avg.   505 ms, Total. 504.5 ms (1.1%)
[Performance] RestoreManagedReferences                                                                                       :        2 samples, Peak.  41.1 ms (2.0x), Avg.  20.6 ms, Total. 41.14 ms (0.1%)
[Performance] InitializeOnLoad ProjectSearch                                                                                 :        2 samples, Peak.   182 us (1.0x), Avg.   177 us, Total. 353.3 us (0.0%)
[Performance] InitializeOnLoad AssetStoreContext                                                                             :        2 samples, Peak.  16.6 ms (1.0x), Avg.  16.3 ms, Total. 32.60 ms (0.1%)
[Performance] InitializeOnLoad SearchService                                                                                 :        2 samples, Peak.  89.1 us (1.1x), Avg.  79.5 us, Total. 159.0 us (0.0%)
[Performance] InitializeOnLoad ObjectSelectorSearch                                                                          :        2 samples, Peak.   188 us (1.1x), Avg.   173 us, Total. 345.0 us (0.0%)
[Performance] InitializeOnLoad NativeFormatImporterUtility                                                                   :        2 samples, Peak.  1.55 ms (1.1x), Avg.  1.47 ms, Total. 2.945 ms (0.0%)
[Performance] InitializeOnLoad ManagedDebuggerWindow                                                                         :        2 samples, Peak.   382 us (1.3x), Avg.   286 us, Total. 571.3 us (0.0%)
[Performance] InitializeOnLoad PrefabInstanceChangedListener                                                                 :        2 samples, Peak.   419 us (1.1x), Avg.   372 us, Total. 744.5 us (0.0%)
[Performance] InitializeOnLoad ManagedDebugger                                                                               :        2 samples, Peak.   333 ns (1.1x), Avg.   312 ns, Total. 625.0 ns (0.0%)
[Performance] InitializeOnLoad CloudBuild                                                                                    :        2 samples, Peak.  4.08 us (1.5x), Avg.  2.81 us, Total. 5.625 us (0.0%)
[Performance] InitializeOnLoad Collab                                                                                        :        2 samples, Peak.  6.86 ms (1.1x), Avg.  6.29 ms, Total. 12.59 ms (0.0%)
[Performance] InitializeOnLoad ShortcutIntegration                                                                           :        2 samples, Peak.  48.9 us (1.1x), Avg.  42.7 us, Total. 85.42 us (0.0%)
[Performance] InitializeOnLoad MixerEffectDefinitionReloader                                                                 :        2 samples, Peak.  2.67 ms (1.2x), Avg.  2.24 ms, Total. 4.481 ms (0.0%)
[Performance] InitializeOnLoad DrivenRectTransformUndo                                                                       :        2 samples, Peak.   170 us (1.1x), Avg.   159 us, Total. 317.2 us (0.0%)
[Performance] InitializeOnLoad WindowLayout                                                                                  :        2 samples, Peak.   541 us (1.2x), Avg.   443 us, Total. 885.2 us (0.0%)
[Performance] InitializeOnLoad SettingsService                                                                               :        2 samples, Peak.  6.46 us (1.3x), Avg.  5.06 us, Total. 10.13 us (0.0%)
[Performance] InitializeOnLoad CacheServerWindow                                                                             :        2 samples, Peak.  5.79 us (1.1x), Avg.  5.04 us, Total. 10.08 us (0.0%)
[Performance] InitializeOnLoad MenuItems                                                                                     :        2 samples, Peak.  60.9 us (1.1x), Avg.  53.0 us, Total. 106.0 us (0.0%)
[Performance] InitializeOnLoad CheckNavigationPackage                                                                        :        2 samples, Peak.   245 us (1.1x), Avg.   218 us, Total. 435.5 us (0.0%)
[Performance] InitializeOnLoad UISystemProfilerRenderService                                                                 :        2 samples, Peak.  5.67 us (1.0x), Avg.  5.65 us, Total. 11.29 us (0.0%)
[Performance] InitializeOnLoad EditMode                                                                                      :        2 samples, Peak.   398 us (1.2x), Avg.   324 us, Total. 648.7 us (0.0%)
[Performance] InitializeOnLoad UnityConnect                                                                                  :        2 samples, Peak.  30.9 us (1.0x), Avg.  30.5 us, Total. 60.92 us (0.0%)
[Performance] InitializeOnLoad AddComponentWindow                                                                            :        2 samples, Peak.  75.0 us (1.0x), Avg.  72.3 us, Total. 144.5 us (0.0%)
[Performance] InitializeOnLoad PlayModeDownload                                                                              :        2 samples, Peak.  2.56 ms (1.9x), Avg.  1.36 ms, Total. 2.712 ms (0.0%)
[Performance] InitializeOnLoad SceneSearch                                                                                   :        2 samples, Peak.  45.2 us (1.4x), Avg.  33.0 us, Total. 65.92 us (0.0%)
[Performance] InitializeOnLoad EditorDelegateRegistration                                                                    :        2 samples, Peak.   521 us (1.2x), Avg.   445 us, Total. 889.8 us (0.0%)
[Performance] InitializeOnLoad UxmlObjectEditorFactories                                                                     :        2 samples, Peak.   365 us (1.2x), Avg.   307 us, Total. 613.1 us (0.0%)
[Performance] InitializeOnLoad RetainedMode                                                                                  :        2 samples, Peak.  1.66 ms (1.0x), Avg.  1.59 ms, Total. 3.180 ms (0.0%)
[Performance] InitializeOnLoad EditorShaderLoader                                                                            :        2 samples, Peak.   870 us (1.3x), Avg.   690 us, Total. 1.379 ms (0.0%)
[Performance] InitializeOnLoad UIDocumentHierarchyWatcher                                                                    :        2 samples, Peak.  49.2 us (1.2x), Avg.  42.1 us, Total. 84.13 us (0.0%)
[Performance] InitializeOnLoad EditorMonitor                                                                                 :        2 samples, Peak.  99.1 us (1.1x), Avg.  86.8 us, Total. 173.6 us (0.0%)
[Performance] InitializeOnLoad LiveReloadTrackerCreator                                                                      :        2 samples, Peak.   109 us (1.1x), Avg.  96.0 us, Total. 192.0 us (0.0%)
[Performance] InitializeOnLoad UXMLEditorFactories                                                                           :        2 samples, Peak.  37.7 ms (1.0x), Avg.  36.5 ms, Total. 73.00 ms (0.2%)
[Performance] InitializeOnLoad ServicesRepository                                                                            :        2 samples, Peak.   485 us (1.1x), Avg.   450 us, Total. 900.6 us (0.0%)
[Performance] InitializeOnLoad UDPService                                                                                    :        2 samples, Peak.  2.25 ms (1.1x), Avg.  2.07 ms, Total. 4.141 ms (0.0%)
[Performance] InitializeOnLoad EditorGameServicesAnalytics                                                                   :        2 samples, Peak.  1.09 ms (1.4x), Avg.   765 us, Total. 1.530 ms (0.0%)
[Performance] InitializeOnLoad CloudBuildPoller                                                                              :        2 samples, Peak.  86.3 us (1.1x), Avg.  76.6 us, Total. 153.2 us (0.0%)
[Performance] InitializeOnLoad BuildService                                                                                  :        2 samples, Peak.  1.75 ms (1.1x), Avg.  1.66 ms, Total. 3.310 ms (0.0%)
[Performance] InitializeOnLoad CollabService                                                                                 :        2 samples, Peak.  1.36 ms (1.1x), Avg.  1.27 ms, Total. 2.537 ms (0.0%)
[Performance] InitializeOnLoad PurchasingService                                                                             :        2 samples, Peak.  5.75 ms (1.0x), Avg.  5.52 ms, Total. 11.05 ms (0.0%)
[Performance] InitializeOnLoad CrashService                                                                                  :        2 samples, Peak.  1.27 ms (1.1x), Avg.  1.18 ms, Total. 2.367 ms (0.0%)
[Performance] InitializeOnLoad AdsService                                                                                    :        2 samples, Peak.  2.26 ms (1.2x), Avg.  1.86 ms, Total. 3.725 ms (0.0%)
[Performance] InitializeOnLoad AnalyticsService                                                                              :        2 samples, Peak.  1.30 ms (1.0x), Avg.  1.25 ms, Total. 2.506 ms (0.0%)
[Performance] InitializeOnLoad SearchWindow                                                                                  :        2 samples, Peak.  81.1 us (1.1x), Avg.  71.6 us, Total. 143.2 us (0.0%)
[Performance] InitializeOnLoad SearchMonitor                                                                                 :        2 samples, Peak.  8.34 ms (1.6x), Avg.  5.08 ms, Total. 10.16 ms (0.0%)
[Performance] InitializeOnLoad ParameterControllerEditor                                                                     :        2 samples, Peak.  46.0 us (1.6x), Avg.  29.4 us, Total. 58.71 us (0.0%)
[Performance] InitializeOnLoad LayerSettingsWindow                                                                           :        2 samples, Peak.  5.29 us (1.3x), Avg.  3.96 us, Total. 7.917 us (0.0%)
[Performance] InitializeOnLoad PackageManagerHookGUIDConverter.RegisterPackagesEventHandler                                  :        2 samples, Peak.   466 us (1.6x), Avg.   287 us, Total. 573.1 us (0.0%)
[Performance] InitializeOnLoad EditorDragAndDrop.RegisterEditorClient                                                        :        2 samples, Peak.   209 us (1.3x), Avg.   157 us, Total. 313.9 us (0.0%)
[Performance] InitializeOnLoad EditorEventCallbacks.InitializeFontAssetResourceChangeCallBacks                               :        2 samples, Peak.   823 us (1.1x), Avg.   744 us, Total. 1.488 ms (0.0%)
[Performance] InitializeOnLoad SceneTemplateService.Init                                                                     :        2 samples, Peak.   908 us (1.2x), Avg.   764 us, Total. 1.528 ms (0.0%)
[Performance] InitializeOnLoad DiagnosticSwitchesConsoleMessage.Init                                                         :        2 samples, Peak.  1.92 ms (1.4x), Avg.  1.39 ms, Total. 2.782 ms (0.0%)
[Performance] InitializeOnLoad ScopedRegistryAddedPopup.SubscribeToRegistriesAdded                                           :        2 samples, Peak.  17.7 ms (1.2x), Avg.  14.6 ms, Total. 29.21 ms (0.1%)
[Performance] InitializeOnLoad PackageManagerWindow.EditorInitializedInSafeMode                                              :        2 samples, Peak.   172 us (1.2x), Avg.   139 us, Total. 277.2 us (0.0%)
[Performance] InitializeOnLoad MemoryProfilerCompilationGuard.InjectCompileGuard                                             :        2 samples, Peak.  84.1 us (1.1x), Avg.  77.9 us, Total. 155.8 us (0.0%)
[Performance] InitializeOnLoad SceneVisibilityManager.Initialize                                                             :        2 samples, Peak.  3.14 ms (1.4x), Avg.  2.17 ms, Total. 4.347 ms (0.0%)
[Performance] InitializeOnLoad AssetPostprocessingInternal.RefreshCustomDependencies                                         :        2 samples, Peak.  1.97 ms (1.0x), Avg.  1.91 ms, Total. 3.830 ms (0.0%)
[Performance] InitializeOnLoad ToolShortcutContext.Init                                                                      :        2 samples, Peak.   113 us (1.2x), Avg.  96.0 us, Total. 192.0 us (0.0%)
[Performance] InitializeOnLoad SysrootManager.Initialize                                                                     :        2 samples, Peak.   475 us (1.3x), Avg.   365 us, Total. 729.2 us (0.0%)
[Performance] InitializeOnLoad EditorWindow.Initialize                                                                       :        2 samples, Peak.   163 us (1.3x), Avg.   125 us, Total. 250.8 us (0.0%)
[Performance] AssemblyReloadEvents.afterAssemblyReload: UnityEditor.SceneTemplate.SceneTemplateService.AfterAssemblyReload   :        2 samples, Peak.  3.29 ms (1.8x), Avg.  1.79 ms, Total. 3.579 ms (0.0%)
[Performance] ProcessService.EditorAfterLoadAllAssemblies                                                                    :        2 samples, Peak.   717 us (1.4x), Avg.   499 us, Total. 997.1 us (0.0%)
[Performance] Application.ReadLicenseInfo                                                                                    :        1 samples, Peak.  22.0 ms (1.0x), Avg.  22.0 ms, Total. 22.00 ms (0.0%)
[Performance] Application.InitialRefresh                                                                                     :        1 samples, Peak.  14.5 s (1.0x), Avg.  14.5 s, Total. 14.47 s (32.6%)
[Performance] ShaderImporter.SourceAssetModified                                                                             :        9 samples, Peak.  2.00 us (2.0x), Avg.   991 ns, Total. 8.916 us (0.0%)
[Performance] ShaderIncludeImporter.SourceAssetModified                                                                      :        9 samples, Peak.  1.13 us (1.6x), Avg.   690 ns, Total. 6.210 us (0.0%)
[Performance] Compiling Scripts                                                                                              :        1 samples, Peak.  7.95 s (1.0x), Avg.  7.95 s, Total. 7.954 s (17.9%)
[Performance] AssemblyReloadEvents.beforeAssemblyReload: UnityEditor.SceneTemplate.SceneTemplateService.BeforeAssemblyReload :        1 samples, Peak.  3.39 ms (1.0x), Avg.  3.39 ms, Total. 3.394 ms (0.0%)
[Performance] PresetManagerPostProcessor.OnPreprocessAsset                                                                   :       46 samples, Peak.   754 us (15.3x), Avg.  49.2 us, Total. 2.265 ms (0.0%)
[Performance] CancelSplashScreenOnAssetChange.OnPreprocessAsset                                                              :       46 samples, Peak.   553 us (20.6x), Avg.  26.8 us, Total. 1.234 ms (0.0%)
[Performance] ShaderGraphAssetPostProcessor.OnPreprocessAsset                                                                :       46 samples, Peak.   167 us (22.0x), Avg.  7.60 us, Total. 349.5 us (0.0%)
[Performance] InitializeOnLoad BurstLoader                                                                                   :        1 samples, Peak.  2.89 s (1.0x), Avg.  2.89 s, Total. 2.894 s (6.5%)
[Performance] InitializeOnLoad ShadowCasterGroup2DManager                                                                    :        1 samples, Peak.   145 us (1.0x), Avg.   145 us, Total. 144.9 us (0.0%)
[Performance] InitializeOnLoad RealtimeProbeSubdivisionDebug                                                                 :        1 samples, Peak.   212 us (1.0x), Avg.   212 us, Total. 211.9 us (0.0%)
[Performance] InitializeOnLoad ProbeGIBaking                                                                                 :        1 samples, Peak.  2.27 ms (1.0x), Avg.  2.27 ms, Total. 2.272 ms (0.0%)
[Performance] InitializeOnLoad FilterWindow                                                                                  :        1 samples, Peak.  34.1 us (1.0x), Avg.  34.1 us, Total. 34.12 us (0.0%)
[Performance] InitializeOnLoad NodeClassCache                                                                                :        1 samples, Peak.  22.9 us (1.0x), Avg.  22.9 us, Total. 22.87 us (0.0%)
[Performance] InitializeOnLoad ShaderGraphMaterialsUpdater                                                                   :        2 samples, Peak.  1.46 ms (1.9x), Avg.   778 us, Total. 1.556 ms (0.0%)
[Performance] InitializeOnLoad PrefabLayoutRebuilder                                                                         :        1 samples, Peak.  1.03 ms (1.0x), Avg.  1.03 ms, Total. 1.033 ms (0.0%)
[Performance] InitializeOnLoad BackgroundWatcher                                                                             :        1 samples, Peak.   324 us (1.0x), Avg.   324 us, Total. 324.3 us (0.0%)
[Performance] InitializeOnLoad UnityTestProtocolStarter                                                                      :        1 samples, Peak.   775 us (1.0x), Avg.   775 us, Total. 774.5 us (0.0%)
[Performance] InitializeOnLoad TestStarter                                                                                   :        1 samples, Peak.   584 us (1.0x), Avg.   584 us, Total. 584.0 us (0.0%)
[Performance] InitializeOnLoad RerunCallbackInitializer                                                                      :        1 samples, Peak.  3.06 ms (1.0x), Avg.  3.06 ms, Total. 3.057 ms (0.0%)
[Performance] InitializeOnLoad EditorToolManager                                                                             :        1 samples, Peak.  2.11 ms (1.0x), Avg.  2.11 ms, Total. 2.113 ms (0.0%)
[Performance] InitializeOnLoad Renderer2DAnalytics                                                                           :        1 samples, Peak.   145 us (1.0x), Avg.   145 us, Total. 144.9 us (0.0%)
[Performance] InitializeOnLoad RendererDataPatcher                                                                           :        1 samples, Peak.  57.2 ms (1.0x), Avg.  57.2 ms, Total. 57.24 ms (0.1%)
[Performance] InitializeOnLoad MaterialReimporter.RegisterUpgraderReimport                                                   :        2 samples, Peak.   156 us (1.8x), Avg.  88.2 us, Total. 176.4 us (0.0%)
[Performance] InitializeOnLoad $BurstDirectCallInitializer.Initialize                                                        :        1 samples, Peak.  15.5 ms (1.0x), Avg.  15.5 ms, Total. 15.50 ms (0.0%)
[Performance] InitializeOnLoad TestJobDataHolder.ResumeRunningJobs                                                           :        1 samples, Peak.   930 us (1.0x), Avg.   930 us, Total. 929.7 us (0.0%)
[Performance] InitializeOnLoad AnalyticsReporter.RegisterCallbacks                                                           :        1 samples, Peak.   166 us (1.0x), Avg.   166 us, Total. 166.4 us (0.0%)
[Performance] InitializeOnLoad CoreRenderPipelinePreferences.InitPreferenceProviders                                         :        1 samples, Peak.  43.3 ms (1.0x), Avg.  43.3 ms, Total. 43.30 ms (0.1%)
[Performance] InitializeOnLoad VolumeGizmoDrawer.InitVolumeGizmoCallbacks                                                    :        1 samples, Peak.   248 us (1.0x), Avg.   248 us, Total. 248.0 us (0.0%)
[Performance] DidReloadScriptsTestRunnerWindow.CompilationCallback                                                           :        1 samples, Peak.   648 us (1.0x), Avg.   648 us, Total. 648.4 us (0.0%)
[Performance] DidReloadScriptsTestListCache.ScriptReloaded                                                                   :        1 samples, Peak.   967 us (1.0x), Avg.   967 us, Total. 967.2 us (0.0%)
[Performance] DidReloadScriptsDebugWindow.OnEditorReload                                                                     :        1 samples, Peak.  11.7 ms (1.0x), Avg.  11.7 ms, Total. 11.71 ms (0.0%)
[Performance] DidReloadScriptsLookDev.OnEditorReload                                                                         :        1 samples, Peak.   144 us (1.0x), Avg.   144 us, Total. 143.7 us (0.0%)
[Performance] DidReloadScriptsVolumeComponentEditor.OnEditorReload                                                           :        1 samples, Peak.  15.4 ms (1.0x), Avg.  15.4 ms, Total. 15.43 ms (0.0%)
[Performance] DidReloadScriptsOnScriptsReloadHandler.OnScriptsReloaded                                                       :        1 samples, Peak.  1.70 ms (1.0x), Avg.  1.70 ms, Total. 1.698 ms (0.0%)
[Performance] DidReloadScriptsAdvancedDropdownWindow.OnScriptReload                                                          :        1 samples, Peak.   159 us (1.0x), Avg.   159 us, Total. 159.2 us (0.0%)
[Performance] AssetDatabase.ImportAssets                                                                                     :       45 samples, Peak.  77.7 ms (31.3x), Avg.  2.48 ms, Total. 111.7 ms (0.3%)
[Performance] VersionControl.Task.Wait                                                                                       :        1 samples, Peak.   364 us (1.0x), Avg.   364 us, Total. 363.9 us (0.0%)
[Performance] BuilderAssetPostprocessor.OnPostprocessAllAssets                                                               :       78 samples, Peak.  4.00 ms (25.3x), Avg.   158 us, Total. 12.31 ms (0.0%)
[Performance] ArtifactBrowserPostProcessor.OnPostprocessAllAssets                                                            :       78 samples, Peak.   321 us (24.8x), Avg.  12.9 us, Total. 1.009 ms (0.0%)
[Performance] AssetEvents.OnPostprocessAllAssets                                                                             :      156 samples, Peak.   352 us (28.4x), Avg.  12.4 us, Total. 1.931 ms (0.0%)
[Performance] AudioMixerPostprocessor.OnPostprocessAllAssets                                                                 :       78 samples, Peak.   309 us (27.9x), Avg.  11.1 us, Total. 864.8 us (0.0%)
[Performance] StyleCatalogPostProcessor.OnPostprocessAllAssets                                                               :       78 samples, Peak.  31.0 ms (38.1x), Avg.   813 us, Total. 63.40 ms (0.1%)
[Performance] BuildCatalog                                                                                                   :        1 samples, Peak.  29.0 ms (1.0x), Avg.  29.0 ms, Total. 28.96 ms (0.1%)
[Performance] ModelImporterPostProcessor.OnPostprocessAllAssets                                                              :       78 samples, Peak.  19.2 ms (5.5x), Avg.  3.49 ms, Total. 272.2 ms (0.6%)
[Performance] MaterialPostprocessor.OnPostprocessAllAssets                                                                   :      156 samples, Peak.  7.49 ms (43.8x), Avg.   171 us, Total. 26.72 ms (0.1%)
[Performance] RetainedModeAssetPostprocessor.OnPostprocessAllAssets                                                          :       78 samples, Peak.  3.77 ms (31.2x), Avg.   121 us, Total. 9.419 ms (0.0%)
[Performance] AssetChangedListener.OnPostprocessAllAssets                                                                    :       78 samples, Peak.  9.98 ms (25.1x), Avg.   398 us, Total. 31.06 ms (0.1%)
[Performance] PostProcessor.OnPostprocessAllAssets                                                                           :       78 samples, Peak.  1.44 ms (25.1x), Avg.  57.3 us, Total. 4.471 ms (0.0%)
[Performance] ShaderGraphAssetPostProcessor.OnPostprocessAllAssets                                                           :       78 samples, Peak.  3.05 ms (13.7x), Avg.   223 us, Total. 17.37 ms (0.0%)
[Performance] SpeedTreePostProcessor.OnPostprocessAllAssets                                                                  :       78 samples, Peak.  1.18 ms (28.0x), Avg.  42.1 us, Total. 3.287 ms (0.0%)
[Performance] TextAssetPostProcessor.OnPostprocessAllAssets                                                                  :       78 samples, Peak.   472 us (23.3x), Avg.  20.2 us, Total. 1.578 ms (0.0%)
[Performance] SyncVS.PostprocessSyncProject                                                                                  :       39 samples, Peak.  2.35 ms (32.0x), Avg.  73.6 us, Total. 2.870 ms (0.0%)
[Performance] Selection.selectionChanged: UnityEditor.PackageManager.UI.Internal.SelectionProxy.OnSelectionChanged           :        2 samples, Peak.   540 us (1.9x), Avg.   288 us, Total. 576.5 us (0.0%)
[Performance] Selection.selectionChanged: UnityEditorInternal.EditMode.OnSelectionChange                                     :        2 samples, Peak.   400 us (2.0x), Avg.   201 us, Total. 402.4 us (0.0%)
[Performance] Application.ImportPackagesAndSetTemplateWhenCreatingProject                                                    :        1 samples, Peak.  81.5 ms (1.0x), Avg.  81.5 ms, Total. 81.51 ms (0.2%)
[Performance] Application.SyncCurrentColorSpace                                                                              :        1 samples, Peak.  1.67 s (1.0x), Avg.  1.67 s, Total. 1.666 s (3.7%)
[Performance] Application.OnUsbDevicesChanged                                                                                :        1 samples, Peak.  1.39 ms (1.0x), Avg.  1.39 ms, Total. 1.387 ms (0.0%)
[Performance] Application.AssetInstanceCacheUpdate                                                                           :        1 samples, Peak.   209 ns (1.0x), Avg.   209 ns, Total. 209.0 ns (0.0%)
[Performance] Application.UnityExtensions.Initialize                                                                         :        1 samples, Peak.  59.8 ms (1.0x), Avg.  59.8 ms, Total. 59.77 ms (0.1%)
[Performance] CodeEditorProjectSync.SyncEditorProject                                                                        :        1 samples, Peak.  3.76 ms (1.0x), Avg.  3.76 ms, Total. 3.757 ms (0.0%)
[Performance] Application.ExecuteStartups                                                                                    :        1 samples, Peak.   182 ms (1.0x), Avg.   182 ms, Total. 181.6 ms (0.4%)
[Performance] Menu.RegisterMenuInterface                                                                                     :       26 samples, Peak.   223 us (24.2x), Avg.  9.20 us, Total. 239.2 us (0.0%)
[Performance] Gizmo.RebuildRenderers                                                                                         :        1 samples, Peak.   173 ms (1.0x), Avg.   173 ms, Total. 173.4 ms (0.4%)
[Performance] Gizmo.AddGizmoRenderers                                                                                        :       55 samples, Peak.  73.0 ms (46.7x), Avg.  1.57 ms, Total. 86.08 ms (0.2%)
[Performance] Application.editorInitializingProject                                                                          :        1 samples, Peak.   188 ms (1.0x), Avg.   188 ms, Total. 187.6 ms (0.4%)
[Performance] Application.InitializeMenu                                                                                     :        1 samples, Peak.   152 ms (1.0x), Avg.   152 ms, Total. 152.0 ms (0.3%)
[Performance] Menu.RebuildAll                                                                                                :        1 samples, Peak.   152 ms (1.0x), Avg.   152 ms, Total. 151.8 ms (0.3%)
[Performance] Menu.BuildRegisteredMenuInterfaces                                                                             :        1 samples, Peak.   143 ms (1.0x), Avg.   143 ms, Total. 142.6 ms (0.3%)
[Performance] Menu.FilterMenuItem                                                                                            :      588 samples, Peak.  81.3 ms (576.8x), Avg.   141 us, Total. 82.93 ms (0.2%)
[Performance] UpdateAllMenus                                                                                                 :        1 samples, Peak.  1.35 ms (1.0x), Avg.  1.35 ms, Total. 1.345 ms (0.0%)
[Performance] EditorSceneManager.sceneClosing: UnityEditor.SceneVisibilityManager.EditorSceneManagerOnSceneClosing           :        2 samples, Peak.   420 us (1.2x), Avg.   349 us, Total. 698.8 us (0.0%)
[Performance] EditorSceneManager.sceneClosed: callback in UnityEditor.Search.SearchMonitor                                   :        2 samples, Peak.   203 us (2.0x), Avg.   102 us, Total. 203.9 us (0.0%)
[Performance] EditorSceneManager.activeSceneChangedInEditMode: callback in UnityEditor.Search.SearchMonitor                  :        2 samples, Peak.  24.8 us (2.0x), Avg.  12.6 us, Total. 25.13 us (0.0%)
[Performance] GUIView.RepaintAll.PlayerLoopController                                                                        :        2 samples, Peak.   833 ns (1.1x), Avg.   771 ns, Total. 1.542 us (0.0%)
[Performance] EditorSceneManager.newSceneCreated: UnityEditor.SceneTemplate.SceneTemplateService.OnNewSceneCreated           :        2 samples, Peak.   259 us (2.0x), Avg.   130 us, Total. 260.9 us (0.0%)
[Performance] EditorSceneManager.newSceneCreated: UnityEditor.SceneVisibilityManager.EditorSceneManagerOnNewSceneCreated     :        2 samples, Peak.   128 us (1.9x), Avg.  67.4 us, Total. 134.9 us (0.0%)
[Performance] EditorSceneManager.newSceneCreated: UnityEditor.SceneManagement.StageNavigationManager.OnNewSceneCreated       :        2 samples, Peak.  63.3 us (2.0x), Avg.  32.3 us, Total. 64.50 us (0.0%)
[Performance] Application.InvokeFinishedLoadingProject                                                                       :        1 samples, Peak.  45.7 ms (1.0x), Avg.  45.7 ms, Total. 45.73 ms (0.1%)
[Performance] ProcessService.OnProjectLoaded                                                                                 :        1 samples, Peak.   612 us (1.0x), Avg.   612 us, Total. 611.9 us (0.0%)
[Performance] AssetDatabase.Refresh                                                                                          :        1 samples, Peak.   251 ms (1.0x), Avg.   251 ms, Total. 251.4 ms (0.6%)
[Performance] AssetDatabase.ImportAsset                                                                                      :       34 samples, Peak.   783 ms (3.2x), Avg.   247 ms, Total. 8.406 s (18.9%)
[Performance] SceneDataContainer.TransformHierarchyChangedSetParentCallback                                                  :     2544 samples, Peak.   134 us (183.8x), Avg.   731 ns, Total. 1.860 ms (0.0%)
[Performance] SceneVisibilityState.IsFlagSetInParents                                                                        :     9030 samples, Peak.   110 us (418.3x), Avg.   264 ns, Total. 2.381 ms (0.0%)
[Performance] ModelImporter.Import                                                                                           :       30 samples, Peak.   728 ms (3.2x), Avg.   226 ms, Total. 6.791 s (15.3%)
[Performance] FBXMaterialDescriptionPreprocessor.OnPreprocessMaterialDescription                                             :       60 samples, Peak.  4.27 ms (9.9x), Avg.   433 us, Total. 25.96 ms (0.1%)
[Performance] SketchupMaterialDescriptionPreprocessor.OnPreprocessMaterialDescription                                        :       60 samples, Peak.   369 us (16.2x), Avg.  22.8 us, Total. 1.366 ms (0.0%)
[Performance] ThreeDSMaterialDescriptionPreprocessor.OnPreprocessMaterialDescription                                         :       60 samples, Peak.   316 us (18.6x), Avg.  17.0 us, Total. 1.020 ms (0.0%)
[Performance] AutodeskInteractiveMaterialImport.OnPreprocessMaterialDescription                                              :       30 samples, Peak.  1.18 ms (20.0x), Avg.  59.2 us, Total. 1.777 ms (0.0%)
[Performance] FBXArnoldSurfaceMaterialDescriptionPreprocessor.OnPreprocessMaterialDescription                                :       30 samples, Peak.   139 us (10.9x), Avg.  12.8 us, Total. 384.4 us (0.0%)
[Performance] PhysicalMaterial3DsMaxPreprocessor.OnPreprocessMaterialDescription                                             :       30 samples, Peak.   151 us (9.5x), Avg.  15.9 us, Total. 475.9 us (0.0%)
[Performance] ModelPostprocessor.OnPostprocessModel                                                                          :       30 samples, Peak.  3.94 ms (24.5x), Avg.   160 us, Total. 4.815 ms (0.0%)
[Performance] TreeAOImporter.OnPostprocessModel                                                                              :       30 samples, Peak.   961 us (18.1x), Avg.  53.2 us, Total. 1.596 ms (0.0%)
[Performance] BuilderAssetModificationProcessor.OnWillSaveAssets                                                             :        6 samples, Peak.  1.30 ms (5.6x), Avg.   234 us, Total. 1.403 ms (0.0%)
[Performance] TerrainModificationProcessor.OnWillSaveAssets                                                                  :        6 samples, Peak.  1.02 ms (5.9x), Avg.   174 us, Total. 1.042 ms (0.0%)
[Performance] EditorApplication.projectChanged: UnityEditor.Audio.MixerEffectDefinitionReloader.OnProjectChanged             :        6 samples, Peak.  2.17 ms (3.4x), Avg.   640 us, Total. 3.838 ms (0.0%)
[Performance] MaterialModificationProcessor.OnWillCreateAsset                                                                :        8 samples, Peak.   409 us (4.3x), Avg.  95.6 us, Total. 765.2 us (0.0%)
[Performance] BuilderAssetModificationProcessor.OnWillCreateAsset                                                            :        4 samples, Peak.   456 us (3.1x), Avg.   147 us, Total. 589.8 us (0.0%)
[Performance] AssetDatabase.DeleteAssets                                                                                     :        1 samples, Peak.  86.5 ms (1.0x), Avg.  86.5 ms, Total. 86.46 ms (0.2%)
[Performance] BuilderAssetModificationProcessor.OnWillDeleteAsset                                                            :        1 samples, Peak.   417 us (1.0x), Avg.   417 us, Total. 416.7 us (0.0%)
[Performance] TMP_FontAssetPostProcessor.OnWillDeleteAsset                                                                   :        1 samples, Peak.   243 us (1.0x), Avg.   243 us, Total. 243.2 us (0.0%)
[Performance] CancelSplashScreenOnAssetDelete.OnWillDeleteAsset                                                              :        1 samples, Peak.   239 us (1.0x), Avg.   239 us, Total. 238.7 us (0.0%)
[Performance] Undo.willFlushUndoRecord: UnityEditor.DrivenRectTransformUndo.ForceUpdateCanvases                              :        1 samples, Peak.   191 us (1.0x), Avg.   191 us, Total. 190.9 us (0.0%)
[Performance] EditorSceneManager.sceneSaving: UnityEditor.SceneTemplate.SceneTemplateService.OnSceneSaving                   :        1 samples, Peak.   597 us (1.0x), Avg.   597 us, Total. 596.5 us (0.0%)
[Performance] EditorSceneManager.sceneSaving: UnityEditor.SceneVisibilityManager.EditorSceneManagerOnSceneSaving             :        1 samples, Peak.  3.23 ms (1.0x), Avg.  3.23 ms, Total. 3.226 ms (0.0%)
[Performance] EditorSceneManager.sceneSaved: UnityEditor.SceneTemplate.SceneTemplateService.OnSceneSaved                     :        1 samples, Peak.   390 ms (1.0x), Avg.   390 ms, Total. 389.7 ms (0.9%)
[Performance] EditorSceneManager.sceneSaved: UnityEditor.SceneVisibilityManager.EditorSceneManagerOnSceneSaved               :        1 samples, Peak.   329 us (1.0x), Avg.   329 us, Total. 329.3 us (0.0%)
[Performance] EditorApplication.quitting: UnityEditor.Search.SearchMonitor.OnQuitting                                        :        1 samples, Peak.  2.21 ms (1.0x), Avg.  2.21 ms, Total. 2.212 ms (0.0%)
[Performance] EditorApplication.quitting: Unity.Burst.Editor.BurstLoader.OnEditorApplicationQuitting                         :        1 samples, Peak.  38.8 us (1.0x), Avg.  38.8 us, Total. 38.83 us (0.0%)
[Performance] EditorApplication.quitting: callback in UnityEditor.TextCore.Text.EditorEventCallbacks                         :        1 samples, Peak.  9.57 ms (1.0x), Avg.  9.57 ms, Total. 9.568 ms (0.0%)
[Performance] Application.Shutdown.PauseProfilerSession                                                                      :        1 samples, Peak.   664 us (1.0x), Avg.   664 us, Total. 663.6 us (0.0%)
[Performance] Application.Shutdown.PauseAssetImportWorkers                                                                   :        1 samples, Peak.   331 us (1.0x), Avg.   331 us, Total. 331.2 us (0.0%)
[Performance] Application.Shutdown.SaveAssets                                                                                :        1 samples, Peak.  17.9 ms (1.0x), Avg.  17.9 ms, Total. 17.94 ms (0.0%)
[Performance] Application.Shutdown.CleanupRenderPipeline                                                                     :        1 samples, Peak.  13.2 us (1.0x), Avg.  13.2 us, Total. 13.21 us (0.0%)
[Performance] Application.Shutdown.StopPreloadManager                                                                        :        1 samples, Peak.  11.0 ms (1.0x), Avg.  11.0 ms, Total. 11.04 ms (0.0%)
[Performance] Application.Shutdown.DestroyWorld                                                                              :        1 samples, Peak.  1.90 ms (1.0x), Avg.  1.90 ms, Total. 1.896 ms (0.0%)
[Performance] Application.Shutdown.CleanupAfterLoad                                                                          :        1 samples, Peak.   343 ms (1.0x), Avg.   343 ms, Total. 343.0 ms (0.8%)
[Performance] Application.Shutdown.Progress                                                                                  :        1 samples, Peak.  1.49 ms (1.0x), Avg.  1.49 ms, Total. 1.493 ms (0.0%)
[Performance] Application.Shutdown.GICleanupManagers                                                                         :        1 samples, Peak.  12.6 ms (1.0x), Avg.  12.6 ms, Total. 12.62 ms (0.0%)
[Performance] Application.Shutdown.MenuCleanupClass                                                                          :        1 samples, Peak.   947 us (1.0x), Avg.   947 us, Total. 947.2 us (0.0%)
[Performance] Application.Shutdown.ADBSaveStateBeforeShutdown                                                                :        1 samples, Peak.  27.5 us (1.0x), Avg.  27.5 us, Total. 27.50 us (0.0%)
[Performance] Application.Shutdown.RemoteShutdown                                                                            :        1 samples, Peak.  2.71 us (1.0x), Avg.  2.71 us, Total. 2.708 us (0.0%)
[Performance] Application.Shutdown.CleanupVCProvider                                                                         :        1 samples, Peak.   849 us (1.0x), Avg.   849 us, Total. 849.5 us (0.0%)
[Performance] Application.Shutdown.InputShutdown                                                                             :        1 samples, Peak.  1.33 ms (1.0x), Avg.  1.33 ms, Total. 1.330 ms (0.0%)
[Performance] Application.Shutdown.GizmoManagerDestroy                                                                       :        1 samples, Peak.  2.15 ms (1.0x), Avg.  2.15 ms, Total. 2.148 ms (0.0%)
[Performance] Application.Shutdown.ProfilerSession                                                                           :        1 samples, Peak.  4.76 ms (1.0x), Avg.  4.76 ms, Total. 4.761 ms (0.0%)
[Performance] Application.Shutdown.ReleaseGfxWindowOnAllGUIViews                                                             :        1 samples, Peak.  2.25 us (1.0x), Avg.  2.25 us, Total. 2.250 us (0.0%)
[Performance] Application.Shutdown.CleanupEngine                                                                             :        1 samples, Peak.   426 ms (1.0x), Avg.   426 ms, Total. 425.6 ms (1.0%)
[Performance] Application.Shutdown.CleanupAssetDatabase                                                                      :        1 samples, Peak.  19.0 ms (1.0x), Avg.  19.0 ms, Total. 18.99 ms (0.0%)
[Performance] Application.Shutdown.ScriptCompilationCleanUp                                                                  :        1 samples, Peak.   464 us (1.0x), Avg.   464 us, Total. 464.5 us (0.0%)
[Performance] Application.Shutdown.DestroyJobSystem                                                                          :        1 samples, Peak.  86.2 us (1.0x), Avg.  86.2 us, Total. 86.17 us (0.0%)
[Performance] Application.Shutdown.CleanupPersistentManager                                                                  :        1 samples, Peak.  3.14 ms (1.0x), Avg.  3.14 ms, Total. 3.140 ms (0.0%)
[Performance] Application.Shutdown.CleanupAsyncReadManager                                                                   :        1 samples, Peak.   466 us (1.0x), Avg.   466 us, Total. 465.9 us (0.0%)
[Performance] Application.Shutdown.CleanupMono                                                                               :        1 samples, Peak.   271 ms (1.0x), Avg.   271 ms, Total. 270.7 ms (0.6%)
[Performance] Application.Shutdown.CleanupStdConverters                                                                      :        1 samples, Peak.  11.6 us (1.0x), Avg.  11.6 us, Total. 11.62 us (0.0%)
[Performance] Application.Shutdown.UnloadAllPlatformSupportModuleNativeDlls                                                  :        1 samples, Peak.   140 us (1.0x), Avg.   140 us, Total. 139.9 us (0.0%)
[Performance] Application.Shutdown.UnloadAllPlatformSupportNativeLibraries                                                   :        1 samples, Peak.  1.42 us (1.0x), Avg.  1.42 us, Total. 1.416 us (0.0%)
[Performance] Application.Shutdown.CleanupAutoDocumentation                                                                  :        1 samples, Peak.   358 us (1.0x), Avg.   358 us, Total. 358.5 us (0.0%)
[Performance] Application.Shutdown.ShaderNameManagerDestroy                                                                  :        1 samples, Peak.   343 us (1.0x), Avg.   343 us, Total. 343.1 us (0.0%)
[Performance] Application.Shutdown.CleanupCacheServer                                                                        :        1 samples, Peak.   208 ns (1.0x), Avg.   208 ns, Total. 208.0 ns (0.0%)
[Performance] Application.Shutdown.Virtualization_Shutdown                                                                   :        1 samples, Peak.   133 us (1.0x), Avg.   133 us, Total. 132.5 us (0.0%)
[Performance] Application.Shutdown.DevConnections                                                                            :        1 samples, Peak.   213 us (1.0x), Avg.   213 us, Total. 213.5 us (0.0%)
Exiting batchmode successfully now!
[Package Manager] Server::Kill -- Server was shutdown
