Unity Editor version:    2022.3.0f1 (fb119bb0b476)
Branch:                  2022.3/release
Build type:              Release
Batch mode:              YES
macOS version:           Version 26.3.1 (a) (Build 25D771280a)
Darwin version:          25.3.0
Architecture:            arm64
Running under Rosetta:   NO
Available memory:        8192 MB
[Licensing::Module] Trying to connect to existing licensing client channel...
[Licensing::IpcConnector] Connection attempt to the License Client on channel: "LicenseClient-guribbong" failed because channel doesn't exist; code: "0x80000002"
Launching external process: /Applications/Unity/Hub/Editor/2022.3.0f1/Unity.app/Contents/Frameworks/UnityLicensingClient.app/Contents/MacOS/Unity.Licensing.Client
[Licensing::Module] Successfully launched the LicensingClient (PId: 55943)
[Licensing::IpcConnector] Successfully connected to the License Client on channel: "LicenseClient-guribbong"
[Licensing::Client] Handshaking with LicensingClient:
  Version:                 1.12.1+9338cad
  Session Id:              9978cfbacbca4879ae258ccc62c4e5da
  Correlation Id:          9b8d30c3a66c73164bc82e6e6d31af16
  External correlation Id: 6391525807412340381
  Machine Id:              kK/taOzULwH3CoqhnK6anvJ0b88=
[Licensing::Module] Successfully connected to LicensingClient on channel: "LicenseClient-guribbong" (connect: 2.87s, validation: 0.15s, handshake: 0.39s)
[Licensing::IpcConnector] Successfully connected to the License Notification on channel: "LicenseClient-guribbong-notifications"
[Licensing::Module] Connected to LicensingClient (PId: 55943, launch time: 0.00, total connection time: 3.41s)
[Licensing::Module] Error: Access token is unavailable; failed to update
[Licensing::Client] Error: Code 500 while processing request (status: Unable to update licenses. Errors: No ULF license found.,Token not found in cache)
[Licensing::Client] Error: Code 500 while updating license in client (status: Unable to update licenses. Errors: No ULF license found.,Token not found in cache)
[Licensing::Client] Successfully resolved entitlements
[Licensing::Module] Serial number assigned to: "14568638156105-UnityPersXXXX"
Pro License: NO
Launching external process: /Applications/Unity/Hub/Editor/2022.3.0f1/Unity.app/Contents/Resources/PackageManager/Server/UnityPackageManager

COMMAND LINE ARGUMENTS:
/Applications/Unity/Hub/Editor/2022.3.0f1/Unity.app/Contents/MacOS/Unity
-batchmode
-projectPath
unity/EmbodiedDebate
-executeMethod
ArgusUnity.Editor.HideAndSeekDesignBuilder.OpenSceneInPlayMode
-logFile
tmp/hide-and-seek-wall-second-pass-capture.log
Successfully changed project path to: /Users/guribbong/code/Argus/unity/EmbodiedDebate
/Users/guribbong/code/Argus/unity/EmbodiedDebate
[UnityMemory] Configuration Parameters - Can be set up in boot.config
    "memorysetup-bucket-allocator-granularity=16"
    "memorysetup-bucket-allocator-bucket-count=8"
    "memorysetup-bucket-allocator-block-size=33554432"
    "memorysetup-bucket-allocator-block-count=8"
    "memorysetup-main-allocator-block-size=16777216"
    "memorysetup-thread-allocator-block-size=16777216"
    "memorysetup-gfx-main-allocator-block-size=16777216"
    "memorysetup-gfx-thread-allocator-block-size=16777216"
    "memorysetup-cache-allocator-block-size=4194304"
    "memorysetup-typetree-allocator-block-size=2097152"
    "memorysetup-profiler-bucket-allocator-granularity=16"
    "memorysetup-profiler-bucket-allocator-bucket-count=8"
    "memorysetup-profiler-bucket-allocator-block-size=33554432"
    "memorysetup-profiler-bucket-allocator-block-count=8"
    "memorysetup-profiler-allocator-block-size=16777216"
    "memorysetup-profiler-editor-allocator-block-size=1048576"
    "memorysetup-temp-allocator-size-main=16777216"
    "memorysetup-job-temp-allocator-block-size=2097152"
    "memorysetup-job-temp-allocator-block-size-background=1048576"
    "memorysetup-job-temp-allocator-reduction-small-platforms=262144"
    "memorysetup-allocator-temp-initial-block-size-main=262144"
    "memorysetup-allocator-temp-initial-block-size-worker=262144"
    "memorysetup-temp-allocator-size-background-worker=32768"
    "memorysetup-temp-allocator-size-job-worker=262144"
    "memorysetup-temp-allocator-size-preload-manager=33554432"
    "memorysetup-temp-allocator-size-nav-mesh-worker=65536"
    "memorysetup-temp-allocator-size-audio-worker=65536"
    "memorysetup-temp-allocator-size-cloud-worker=32768"
    "memorysetup-temp-allocator-size-gi-baking-worker=262144"
    "memorysetup-temp-allocator-size-gfx=262144"
Player connection [8649715968] Host "[IP] 192.168.3.1 [Port] 55496 [Flags] 2 [Guid] 1832762333 [EditorId] 1832762333 [Version] 1048832 [Id] OSXEditor(0,topabaem.local) [Debug] 1 [PackageName] OSXEditor [ProjectName] Editor" joined multi-casting on [225.0.0.222:54997]...

Player connection [8649715968] Host "[IP] 192.168.3.1 [Port] 55496 [Flags] 2 [Guid] 1832762333 [EditorId] 1832762333 [Version] 1048832 [Id] OSXEditor(0,topabaem.local) [Debug] 1 [PackageName] OSXEditor [ProjectName] Editor" joined alternative multi-casting on [225.0.0.222:34997]...

[Package Manager] UpmClient::Connect -- Connected to IPC stream "Upm-55934" after 0.8 seconds.
[Licensing::Client] Successfully resolved entitlements
[Package Manager] Restoring resolved packages state from cache
[Licensing::Client] Successfully resolved entitlement details
[Package Manager] Registered 19 packages:
  Packages from [https://packages.unity.com]:
    com.unity.nuget.newtonsoft-json@3.2.1 (location: /Users/guribbong/code/Argus/unity/EmbodiedDebate/Library/PackageCache/com.unity.nuget.newtonsoft-json@3.2.1)
    com.unity.test-framework@1.1.33 (location: /Users/guribbong/code/Argus/unity/EmbodiedDebate/Library/PackageCache/com.unity.test-framework@1.1.33)
    com.unity.ext.nunit@1.0.6 (location: /Users/guribbong/code/Argus/unity/EmbodiedDebate/Library/PackageCache/com.unity.ext.nunit@1.0.6)
    com.unity.mathematics@1.2.6 (location: /Users/guribbong/code/Argus/unity/EmbodiedDebate/Library/PackageCache/com.unity.mathematics@1.2.6)
    com.unity.burst@1.8.4 (location: /Users/guribbong/code/Argus/unity/EmbodiedDebate/Library/PackageCache/com.unity.burst@1.8.4)
    com.unity.searcher@4.9.2 (location: /Users/guribbong/code/Argus/unity/EmbodiedDebate/Library/PackageCache/com.unity.searcher@4.9.2)
  Built-in packages:
    com.unity.modules.animation@1.0.0 (location: /Users/guribbong/code/Argus/unity/EmbodiedDebate/Library/PackageCache/com.unity.modules.animation@1.0.0)
    com.unity.modules.imageconversion@1.0.0 (location: /Users/guribbong/code/Argus/unity/EmbodiedDebate/Library/PackageCache/com.unity.modules.imageconversion@1.0.0)
    com.unity.modules.physics@1.0.0 (location: /Users/guribbong/code/Argus/unity/EmbodiedDebate/Library/PackageCache/com.unity.modules.physics@1.0.0)
    com.unity.modules.unitywebrequest@1.0.0 (location: /Users/guribbong/code/Argus/unity/EmbodiedDebate/Library/PackageCache/com.unity.modules.unitywebrequest@1.0.0)
    com.unity.render-pipelines.universal@14.0.7 (location: /Users/guribbong/code/Argus/unity/EmbodiedDebate/Library/PackageCache/com.unity.render-pipelines.universal@14.0.7)
    com.unity.modules.imgui@1.0.0 (location: /Users/guribbong/code/Argus/unity/EmbodiedDebate/Library/PackageCache/com.unity.modules.imgui@1.0.0)
    com.unity.modules.jsonserialize@1.0.0 (location: /Users/guribbong/code/Argus/unity/EmbodiedDebate/Library/PackageCache/com.unity.modules.jsonserialize@1.0.0)
    com.unity.render-pipelines.core@14.0.7 (location: /Users/guribbong/code/Argus/unity/EmbodiedDebate/Library/PackageCache/com.unity.render-pipelines.core@14.0.7)
    com.unity.shadergraph@14.0.7 (location: /Users/guribbong/code/Argus/unity/EmbodiedDebate/Library/PackageCache/com.unity.shadergraph@14.0.7)
    com.unity.ugui@1.0.0 (location: /Users/guribbong/code/Argus/unity/EmbodiedDebate/Library/PackageCache/com.unity.ugui@1.0.0)
    com.unity.modules.terrain@1.0.0 (location: /Users/guribbong/code/Argus/unity/EmbodiedDebate/Library/PackageCache/com.unity.modules.terrain@1.0.0)
    com.unity.modules.ui@1.0.0 (location: /Users/guribbong/code/Argus/unity/EmbodiedDebate/Library/PackageCache/com.unity.modules.ui@1.0.0)
  Embedded packages:
    com.unity.cloud.gltfast@file:/Users/guribbong/code/Argus/unity/EmbodiedDebate/Packages/com.unity.cloud.gltfast (location: /Users/guribbong/code/Argus/unity/EmbodiedDebate/Packages/com.unity.cloud.gltfast)
[Subsystems] No new subsystems found in resolved package list.
Package Manager log level set to [2]
[Package Manager] Done registering packages in 0.37 seconds
Refreshing native plugins compatible for Editor in 10.45 ms, found 0 plugins.
Preloading 0 native plugins for Editor in 0.00 ms.
Initialize engine version: 2022.3.0f1 (fb119bb0b476)
[Subsystems] Discovering subsystems at path /Applications/Unity/Hub/Editor/2022.3.0f1/Unity.app/Contents/Resources/UnitySubsystems
[Subsystems] Discovering subsystems at path /Users/guribbong/code/Argus/unity/EmbodiedDebate/Assets
GfxDevice: creating device client; threaded=0; jobified=0
 preferred device: Apple M2 (high power)
Metal devices available: 1
0: Apple M2 (high power)
Using device Apple M2 (high power)
Initializing Metal device caps: Apple M2
[Licensing::Client] Successfully resolved entitlements
Initialize mono
Mono path[0] = '/Applications/Unity/Hub/Editor/2022.3.0f1/Unity.app/Contents/Managed'
Mono path[1] = '/Applications/Unity/Hub/Editor/2022.3.0f1/Unity.app/Contents/MonoBleedingEdge/lib/mono/unityjit-macos'
Mono config path = '/Applications/Unity/Hub/Editor/2022.3.0f1/Unity.app/Contents/MonoBleedingEdge/etc'
Using monoOptions --debugger-agent=transport=dt_socket,embedding=1,server=y,suspend=n,address=127.0.0.1:56934
Using cacheserver namespaces - metadata:defaultmetadata, artifacts:defaultartifacts
Using cacheserver namespaces - metadata:defaultmetadata, artifacts:defaultartifacts
ImportWorker Server TCP listen port: 0
Begin MonoManager ReloadAssembly
Registering precompiled unity dll's ...
Register platform support module: /Applications/Unity/Hub/Editor/2022.3.0f1/Unity.app/Contents/PlaybackEngines/MacStandaloneSupport/UnityEditor.OSXStandalone.Extensions.dll
Registered in 0.001785 seconds.
- Loaded All Assemblies, in  0.346 seconds
Native extension for OSXStandalone target not found
Mono: successfully reloaded assembly
- Finished resetting the current domain, in  0.210 seconds
Domain Reload Profiling: 556ms
	BeginReloadAssembly (143ms)
		ExecutionOrderSort (0ms)
		DisableScriptedObjects (0ms)
		BackupInstance (0ms)
		ReleaseScriptingObjects (0ms)
		CreateAndSetChildDomain (2ms)
	RebuildCommonClasses (36ms)
	RebuildNativeTypeToScriptingClass (8ms)
	initialDomainReloadingComplete (41ms)
	LoadAllAssembliesAndSetupDomain (117ms)
		LoadAssemblies (135ms)
		RebuildTransferFunctionScriptingTraits (0ms)
		AnalyzeDomain (113ms)
			TypeCache.Refresh (112ms)
				TypeCache.ScanAssembly (97ms)
			ScanForSourceGeneratedMonoScriptInfo (0ms)
			ResolveRequiredComponents (1ms)
	FinalizeReload (211ms)
		ReleaseScriptCaches (0ms)
		RebuildScriptCaches (0ms)
		SetupLoadedEditorAssemblies (167ms)
			LogAssemblyErrors (0ms)
			InitializePlatformSupportModulesInManaged (5ms)
			SetLoadedEditorAssemblies (5ms)
			RefreshPlugins (0ms)
			BeforeProcessingInitializeOnLoad (1ms)
			ProcessInitializeOnLoadAttributes (104ms)
			ProcessInitializeOnLoadMethodAttributes (52ms)
			AfterProcessingInitializeOnLoad (0ms)
			EditorAssembliesLoaded (0ms)
		ExecutionOrderSort2 (0ms)
		AwakeInstancesAfterBackupRestoration (0ms)
[Licensing::Client] Successfully resolved entitlements
Application.AssetDatabase Initial Refresh Start
[40m[32minfo[39m[22m[49m: Microsoft.Hosting.Lifetime[14]
      Now listening on: http://unix:/tmp/ilpp.sock-8e16111b622e4d5ea6b5ecc926298bfd
[40m[32minfo[39m[22m[49m: Microsoft.Hosting.Lifetime[0]
      Application started. Press Ctrl+C to shut down.
[40m[32minfo[39m[22m[49m: Microsoft.Hosting.Lifetime[0]
      Hosting environment: Production
[40m[32minfo[39m[22m[49m: Microsoft.Hosting.Lifetime[0]
      Content root path: /Users/guribbong/code/Argus/unity/EmbodiedDebate/
[40m[32minfo[39m[22m[49m: Microsoft.AspNetCore.Hosting.Diagnostics[1]
      Request starting HTTP/2 POST http://ilpp/UnityILPP.PostProcessing/Ping application/grpc -
[40m[32minfo[39m[22m[49m: Microsoft.AspNetCore.Routing.EndpointMiddleware[0]
      Executing endpoint 'gRPC - /UnityILPP.PostProcessing/Ping'
[40m[32minfo[39m[22m[49m: Microsoft.AspNetCore.Routing.EndpointMiddleware[1]
      Executed endpoint 'gRPC - /UnityILPP.PostProcessing/Ping'
[40m[32minfo[39m[22m[49m: Microsoft.AspNetCore.Hosting.Diagnostics[2]
      Request finished HTTP/2 POST http://ilpp/UnityILPP.PostProcessing/Ping application/grpc - - 200 - application/grpc 53.8639ms
Starting: /Applications/Unity/Hub/Editor/2022.3.0f1/Unity.app/Contents/bee_backend --dont-print-to-structured-log --ipc --defer-dag-verification --dagfile="Library/Bee/200b0aE.dag" --continue-on-failure --profile="Library/Bee/backend1.traceevents" ScriptAssemblies
WorkingDir: /Users/guribbong/code/Argus/unity/EmbodiedDebate
DisplayProgressbar: Compiling Scripts
[40m[32minfo[39m[22m[49m: Microsoft.AspNetCore.Hosting.Diagnostics[1]
      Request starting HTTP/2 POST http://ilpp/UnityILPP.PostProcessing/ConfigurePostProcessors application/grpc -
[40m[32minfo[39m[22m[49m: Microsoft.AspNetCore.Routing.EndpointMiddleware[0]
      Executing endpoint 'gRPC - /UnityILPP.PostProcessing/ConfigurePostProcessors'
[40m[1m[33mwarn[39m[22m[49m: Unity.ILPP.Runner.PostProcessingAssemblyLoadContext[0]
      Assembly system.runtime.interopservices.windowsruntime has duplicate hint path. Ignoring "/Applications/Unity/Hub/Editor/2022.3.0f1/Unity.app/Contents/UnityReferenceAssemblies/unity-4.8-api/Facades/System.Runtime.InteropServices.WindowsRuntime.dll" in favor of "/Applications/Unity/Hub/Editor/2022.3.0f1/Unity.app/Contents/NetStandard/Extensions/2.0.0/System.Runtime.InteropServices.WindowsRuntime.dll"
[40m[1m[33mwarn[39m[22m[49m: Unity.ILPP.Runner.PostProcessingAssemblyLoadContext[0]
      Assembly system.componentmodel.composition has duplicate hint path. Ignoring "/Applications/Unity/Hub/Editor/2022.3.0f1/Unity.app/Contents/UnityReferenceAssemblies/unity-4.8-api/System.ComponentModel.Composition.dll" in favor of "/Applications/Unity/Hub/Editor/2022.3.0f1/Unity.app/Contents/NetStandard/compat/2.1.0/shims/netfx/System.ComponentModel.Composition.dll"
[40m[32minfo[39m[22m[49m: Unity.ILPP.Runner.PostProcessingAssemblyLoadContext[0]
      Resolved Unity.Burst.Cecil, Version=0.11.4.0, Culture=neutral, PublicKeyToken=50cebf1cceb9d05e with Library/PackageCache/com.unity.burst@1.8.4/Unity.Burst.CodeGen/Unity.Burst.Cecil.dll
[40m[32minfo[39m[22m[49m: Microsoft.AspNetCore.Routing.EndpointMiddleware[1]
      Executed endpoint 'gRPC - /UnityILPP.PostProcessing/ConfigurePostProcessors'
[40m[32minfo[39m[22m[49m: Microsoft.AspNetCore.Hosting.Diagnostics[2]
      Request finished HTTP/2 POST http://ilpp/UnityILPP.PostProcessing/ConfigurePostProcessors application/grpc - - 200 - application/grpc 22.1976ms
ExitCode: 0 Duration: 0s285ms
[295/377    0s] ILPP-Configuration Library/ilpp-configuration.nevergeneratedoutput
*** Tundra build success (0.26 seconds), 1 items updated, 377 evaluated
AssetDatabase: script compilation time: 1.097687s
Total cache size 25932744
Total cache size after purge 25932744
Begin MonoManager ReloadAssembly
Symbol file LoadedFromMemory is not a mono symbol file
- Loaded All Assemblies, in  0.434 seconds
Refreshing native plugins compatible for Editor in 0.69 ms, found 0 plugins.
Preloading 0 native plugins for Editor in 0.00 ms.
Refreshing native plugins compatible for Editor in 0.61 ms, found 0 plugins.
Native extension for OSXStandalone target not found
Mono: successfully reloaded assembly
- Finished resetting the current domain, in  1.756 seconds
Domain Reload Profiling: 2191ms
	BeginReloadAssembly (116ms)
		ExecutionOrderSort (0ms)
		DisableScriptedObjects (3ms)
		BackupInstance (0ms)
		ReleaseScriptingObjects (0ms)
		CreateAndSetChildDomain (25ms)
	RebuildCommonClasses (27ms)
	RebuildNativeTypeToScriptingClass (8ms)
	initialDomainReloadingComplete (17ms)
	LoadAllAssembliesAndSetupDomain (266ms)
		LoadAssemblies (178ms)
		RebuildTransferFunctionScriptingTraits (0ms)
		AnalyzeDomain (154ms)
			TypeCache.Refresh (139ms)
				TypeCache.ScanAssembly (133ms)
			ScanForSourceGeneratedMonoScriptInfo (9ms)
			ResolveRequiredComponents (6ms)
	FinalizeReload (1757ms)
		ReleaseScriptCaches (0ms)
		RebuildScriptCaches (0ms)
		SetupLoadedEditorAssemblies (1534ms)
			LogAssemblyErrors (0ms)
			InitializePlatformSupportModulesInManaged (2ms)
			SetLoadedEditorAssemblies (2ms)
			RefreshPlugins (0ms)
			BeforeProcessingInitializeOnLoad (29ms)
			ProcessInitializeOnLoadAttributes (1439ms)
			ProcessInitializeOnLoadMethodAttributes (61ms)
			AfterProcessingInitializeOnLoad (1ms)
			EditorAssembliesLoaded (0ms)
		ExecutionOrderSort2 (0ms)
		AwakeInstancesAfterBackupRestoration (3ms)
Asset Pipeline Refresh (id=f0bc71c39f9f74741ab159f85817e59f): Total: 4.574 seconds - Initiated by InitialRefreshV2(ForceSynchronousImport)
	Summary:
		Imports: total=560 (actual=0, local cache=560, cache server=0)
		Asset DB Process Time: managed=0 ms, native=1210 ms
		Asset DB Callback time: managed=29 ms, native=0 ms
		Scripting: domain reloads=1, domain reload time=2220 ms, compile time=1098 ms, other=15 ms
		Project Asset Count: scripts=3115, non-scripts=1523
		Asset File Changes: new=0, changed=0, moved=0, deleted=0
		Scan Filter Count: 1
	InvokeBeforeRefreshCallbacks: 0.589ms
	ApplyChangesToAssetFolders: 0.015ms
	Scan: 468.613ms
	OnSourceAssetsModified: 0.001ms
	GetAllGuidsForCategorization: 0.313ms
	CategorizeAssets: 107.842ms
	ImportOutOfDateAssets: 1785.303ms (674.947ms without children)
		CompileScripts: 1097.799ms
		ReloadNativeAssets: 0.226ms
		UnloadImportedAssets: 9.713ms
		EnsureUptoDateAssetsAreRegisteredWithGuidPM: 1.160ms
		InitializingProgressBar: 0.000ms
		PostProcessAllAssetNotificationsAddChangedAssets: 0.000ms
		OnDemandSchedulerStart: 1.458ms
	PostProcessAllAssets: 29.048ms
	GatherAllCurrentPrimaryArtifactRevisions: 0.000ms
	UnloadStreamsBegin: 4.647ms
	PersistCurrentRevisions: 0.290ms
	UnloadStreamsEnd: 0.009ms
	GenerateScriptTypeHashes: 1.861ms
	Untracked: 2177.603ms
Application.AssetDatabase Initial Refresh End
Launching external process: /Applications/Unity/Hub/Editor/2022.3.0f1/Unity.app/Contents/Tools/UnityShaderCompiler
Launched and connected shader compiler UnityShaderCompiler after 0.27 seconds
Scanning for USB devices : 0.386ms
Initializing Unity extensions:
[Licensing::Client] Successfully resolved entitlements
[MODES] ModeService[none].Initialize
[MODES] ModeService[none].LoadModes
[MODES] Loading mode Default (0) for mode-current-id-EmbodiedDebate
ProgressiveSceneManager::Cancel()
Unloading 6 Unused Serialized files (Serialized files now loaded: 0)
Unloading 59 unused Assets / (0.7 MB). Loaded Objects now: 3131.
Memory consumption went from 134.4 MB to 133.7 MB.
Total: 7.046625 ms (FindLiveObjects: 0.343208 ms CreateObjectMapping: 0.101833 ms MarkObjects: 5.021250 ms  DeleteObjects: 1.579875 ms)

Asset Pipeline Refresh (id=544c13ecebff74ae8a174bbfba860c56): Total: 0.341 seconds - Initiated by RefreshV2(NoUpdateAssetOptions)
	Summary:
		Imports: total=0 (actual=0, local cache=0, cache server=0)
		Asset DB Process Time: managed=0 ms, native=340 ms
		Asset DB Callback time: managed=0 ms, native=0 ms
		Scripting: domain reloads=0, domain reload time=0 ms, compile time=0 ms, other=0 ms
		Project Asset Count: scripts=3115, non-scripts=1523
		Asset File Changes: new=0, changed=0, moved=0, deleted=0
		Scan Filter Count: 1
	InvokeBeforeRefreshCallbacks: 0.000ms
	ApplyChangesToAssetFolders: 0.043ms
	Scan: 304.326ms
	OnSourceAssetsModified: 0.001ms
	GetAllGuidsForCategorization: 0.212ms
	CategorizeAssets: 3.241ms
	ImportOutOfDateAssets: 1.622ms (0.295ms without children)
		ReloadNativeAssets: 0.023ms
		UnloadImportedAssets: 0.017ms
		EnsureUptoDateAssetsAreRegisteredWithGuidPM: 0.576ms
		InitializingProgressBar: 0.000ms
		PostProcessAllAssetNotificationsAddChangedAssets: 0.000ms
		OnDemandSchedulerStart: 0.711ms
	GatherAllCurrentPrimaryArtifactRevisions: 0.593ms
	UnloadStreamsBegin: 0.659ms
	PersistCurrentRevisions: 0.142ms
	UnloadStreamsEnd: 0.010ms
	Untracked: 29.844ms
Start importing Assets/ThirdParty/StylooClassroomAssetPack/StylooClassroomAssetPack GLTF & FBX/classroom/GLTF/wallsfloor.glb using Guid(95d4331adf82140bbb5c243cad6bfa64) Importer(-1,00000000000000000000000000000000)  -> (artifact id: 'f3d2890c29c26a32b800ce5d03471518') in 0.178700 seconds
Refreshing native plugins compatible for Editor in 1.62 ms, found 0 plugins.
Preloading 0 native plugins for Editor in 0.00 ms.
Asset Pipeline Refresh (id=23d9191e62c324ce7996ad069f2ad1d9): Total: 0.233 seconds - Initiated by StopAssetImportingV2(NoUpdateAssetOptions)
HideAndSeekDesignBuilder: GLTF asset wallsfloor.glb, importer=GLTFast.Editor.GltfImporter, gameObjectLoaded=True
UnityEngine.StackTraceUtility:ExtractStackTrace () (at /Users/bokken/build/output/unity/unity/Runtime/Export/Scripting/StackTrace.cs:37)
UnityEngine.DebugLogHandler:LogFormat (UnityEngine.LogType,UnityEngine.Object,string,object[])
UnityEngine.Logger:Log (UnityEngine.LogType,object)
UnityEngine.Debug:Log (object)
ArgusUnity.Editor.HideAndSeekDesignBuilder:EnsureGltfClassroomImports () (at Assets/Editor/HideAndSeekDesignBuilder.cs:111)
ArgusUnity.Editor.HideAndSeekDesignBuilder:BuildScene () (at Assets/Editor/HideAndSeekDesignBuilder.cs:49)
ArgusUnity.Editor.HideAndSeekDesignBuilder:OpenSceneInPlayMode () (at Assets/Editor/HideAndSeekDesignBuilder.cs:89)

(Filename: Assets/Editor/HideAndSeekDesignBuilder.cs Line: 111)

Start importing Assets/ThirdParty/StylooClassroomAssetPack/StylooClassroomAssetPack GLTF & FBX/classroom/GLTF/table.glb using Guid(0fac535ef0639442ea3d608d5efbaf9b) Importer(-1,00000000000000000000000000000000)  -> (artifact id: '5c883593d2a997f766a51e3bfbb6f666') in 0.009451 seconds
Refreshing native plugins compatible for Editor in 0.85 ms, found 0 plugins.
Preloading 0 native plugins for Editor in 0.00 ms.
Asset Pipeline Refresh (id=df5cd072453d34b14a25c7a05c3da8c8): Total: 0.027 seconds - Initiated by StopAssetImportingV2(NoUpdateAssetOptions)
HideAndSeekDesignBuilder: GLTF asset table.glb, importer=GLTFast.Editor.GltfImporter, gameObjectLoaded=True
UnityEngine.StackTraceUtility:ExtractStackTrace () (at /Users/bokken/build/output/unity/unity/Runtime/Export/Scripting/StackTrace.cs:37)
UnityEngine.DebugLogHandler:LogFormat (UnityEngine.LogType,UnityEngine.Object,string,object[])
UnityEngine.Logger:Log (UnityEngine.LogType,object)
UnityEngine.Debug:Log (object)
ArgusUnity.Editor.HideAndSeekDesignBuilder:EnsureGltfClassroomImports () (at Assets/Editor/HideAndSeekDesignBuilder.cs:111)
ArgusUnity.Editor.HideAndSeekDesignBuilder:BuildScene () (at Assets/Editor/HideAndSeekDesignBuilder.cs:49)
ArgusUnity.Editor.HideAndSeekDesignBuilder:OpenSceneInPlayMode () (at Assets/Editor/HideAndSeekDesignBuilder.cs:89)

(Filename: Assets/Editor/HideAndSeekDesignBuilder.cs Line: 111)

Start importing Assets/ThirdParty/StylooClassroomAssetPack/StylooClassroomAssetPack GLTF & FBX/classroom/GLTF/desk.glb using Guid(0efed4ee7808840d3b57c7df53106661) Importer(-1,00000000000000000000000000000000)  -> (artifact id: '6796f501a18b78f3f8cc5956ac718ae5') in 0.006056 seconds
Refreshing native plugins compatible for Editor in 0.65 ms, found 0 plugins.
Preloading 0 native plugins for Editor in 0.00 ms.
Asset Pipeline Refresh (id=f659b39e3f69e4d4e8c75c23f18c19f0): Total: 0.023 seconds - Initiated by StopAssetImportingV2(NoUpdateAssetOptions)
HideAndSeekDesignBuilder: GLTF asset desk.glb, importer=GLTFast.Editor.GltfImporter, gameObjectLoaded=True
UnityEngine.StackTraceUtility:ExtractStackTrace () (at /Users/bokken/build/output/unity/unity/Runtime/Export/Scripting/StackTrace.cs:37)
UnityEngine.DebugLogHandler:LogFormat (UnityEngine.LogType,UnityEngine.Object,string,object[])
UnityEngine.Logger:Log (UnityEngine.LogType,object)
UnityEngine.Debug:Log (object)
ArgusUnity.Editor.HideAndSeekDesignBuilder:EnsureGltfClassroomImports () (at Assets/Editor/HideAndSeekDesignBuilder.cs:111)
ArgusUnity.Editor.HideAndSeekDesignBuilder:BuildScene () (at Assets/Editor/HideAndSeekDesignBuilder.cs:49)
ArgusUnity.Editor.HideAndSeekDesignBuilder:OpenSceneInPlayMode () (at Assets/Editor/HideAndSeekDesignBuilder.cs:89)

(Filename: Assets/Editor/HideAndSeekDesignBuilder.cs Line: 111)

Start importing Assets/Project/Resources/UserModels/Idle.fbx using Guid(3cef4c5e4db924e9cb5ca8890eae77de) Importer(-1,00000000000000000000000000000000)  -> (artifact id: '9f27ba06fdf37ef31f3487c718d975db') in 0.289131 seconds
Refreshing native plugins compatible for Editor in 0.65 ms, found 0 plugins.
Preloading 0 native plugins for Editor in 0.00 ms.
Asset Pipeline Refresh (id=1092504e79136435bb8481cda4f4d940): Total: 0.319 seconds - Initiated by StopAssetImportingV2(NoUpdateAssetOptions)
	Summary:
		Imports: total=1 (actual=1, local cache=0, cache server=0)
		Asset DB Process Time: managed=20 ms, native=284 ms
		Asset DB Callback time: managed=10 ms, native=3 ms
		Scripting: domain reloads=0, domain reload time=0 ms, compile time=0 ms, other=0 ms
		Project Asset Count: scripts=3115, non-scripts=1523
		Asset File Changes: new=0, changed=0, moved=0, deleted=0
		Scan Filter Count: 5
	InvokeBeforeRefreshCallbacks: 0.001ms
	ApplyChangesToAssetFolders: 0.018ms
	Scan: 0.761ms
	OnSourceAssetsModified: 0.000ms
	GetAllGuidsForCategorization: 0.107ms
	CategorizeAssets: 1.256ms
	ImportOutOfDateAssets: 292.646ms (0.233ms without children)
		ImportManagerImport: 291.199ms (0.360ms without children)
			ImportInProcess: 290.820ms
			UpdateCategorizedAssets: 0.018ms
		ReloadNativeAssets: 0.013ms
		UnloadImportedAssets: 0.016ms
		ReloadImportedAssets: 0.000ms
		EnsureUptoDateAssetsAreRegisteredWithGuidPM: 0.524ms
		InitializingProgressBar: 0.002ms
		PostProcessAllAssetNotificationsAddChangedAssets: 0.000ms
		OnDemandSchedulerStart: 0.659ms
	PostProcessAllAssets: 12.320ms
	Hotreload: 1.732ms
	GatherAllCurrentPrimaryArtifactRevisions: 0.116ms
	UnloadStreamsBegin: 0.049ms
	PersistCurrentRevisions: 0.146ms
	UnloadStreamsEnd: 0.017ms
	Untracked: 9.499ms
Start importing Assets/Project/Resources/UserModels/Idle.fbx using Guid(3cef4c5e4db924e9cb5ca8890eae77de) Importer(-1,00000000000000000000000000000000)  -> (artifact id: '9f27ba06fdf37ef31f3487c718d975db') in 0.210927 seconds
Refreshing native plugins compatible for Editor in 0.79 ms, found 0 plugins.
Preloading 0 native plugins for Editor in 0.00 ms.
Asset Pipeline Refresh (id=11c2fafe4316b421aaad1823562bddd8): Total: 0.234 seconds - Initiated by StopAssetImportingV2(NoUpdateAssetOptions)
HideAndSeekDesignBuilder: humanoid animation import asset=Idle.fbx, clip=Idle, loop=True, avatarSetup=CreateFromThisModel, sharedAvatar=False, sharedAvatarValid=False, sharedAvatarHuman=False, assetAvatarValid=True, assetAvatarHuman=True.
UnityEngine.StackTraceUtility:ExtractStackTrace () (at /Users/bokken/build/output/unity/unity/Runtime/Export/Scripting/StackTrace.cs:37)
UnityEngine.DebugLogHandler:LogFormat (UnityEngine.LogType,UnityEngine.Object,string,object[])
UnityEngine.Logger:Log (UnityEngine.LogType,object)
UnityEngine.Debug:Log (object)
ArgusUnity.Editor.HideAndSeekDesignBuilder:ConfigureHumanoidAnimation (string,string,bool,UnityEngine.Avatar) (at Assets/Editor/HideAndSeekDesignBuilder.cs:285)
ArgusUnity.Editor.HideAndSeekDesignBuilder:EnsureLocomotionAnimationImports () (at Assets/Editor/HideAndSeekDesignBuilder.cs:205)
ArgusUnity.Editor.HideAndSeekDesignBuilder:BuildScene () (at Assets/Editor/HideAndSeekDesignBuilder.cs:50)
ArgusUnity.Editor.HideAndSeekDesignBuilder:OpenSceneInPlayMode () (at Assets/Editor/HideAndSeekDesignBuilder.cs:89)

(Filename: Assets/Editor/HideAndSeekDesignBuilder.cs Line: 285)

Start importing Assets/Project/Resources/Animations/Locomotion/Walking-2.fbx using Guid(f2ed7a64c18074ecfa681f4713b3f10d) Importer(-1,00000000000000000000000000000000)  -> (artifact id: 'a34faa1e46e4cb632eadaf084b989433') in 0.204820 seconds
Refreshing native plugins compatible for Editor in 1.15 ms, found 0 plugins.
Preloading 0 native plugins for Editor in 0.00 ms.
Asset Pipeline Refresh (id=343859a0e861d4546ab0ebc9a9fc5fe6): Total: 0.238 seconds - Initiated by StopAssetImportingV2(NoUpdateAssetOptions)
Start importing Assets/Project/Resources/Animations/Locomotion/Walking-2.fbx using Guid(f2ed7a64c18074ecfa681f4713b3f10d) Importer(-1,00000000000000000000000000000000)  -> (artifact id: 'a34faa1e46e4cb632eadaf084b989433') in 0.161785 seconds
Refreshing native plugins compatible for Editor in 0.54 ms, found 0 plugins.
Preloading 0 native plugins for Editor in 0.00 ms.
Asset Pipeline Refresh (id=18e8080f555514529b07e13c91df0b8d): Total: 0.181 seconds - Initiated by StopAssetImportingV2(NoUpdateAssetOptions)
HideAndSeekDesignBuilder: humanoid animation import asset=Walking-2.fbx, clip=Walk_InPlace, loop=True, avatarSetup=CopyFromOther, sharedAvatar=True, sharedAvatarValid=True, sharedAvatarHuman=True, assetAvatarValid=False, assetAvatarHuman=False.
UnityEngine.StackTraceUtility:ExtractStackTrace () (at /Users/bokken/build/output/unity/unity/Runtime/Export/Scripting/StackTrace.cs:37)
UnityEngine.DebugLogHandler:LogFormat (UnityEngine.LogType,UnityEngine.Object,string,object[])
UnityEngine.Logger:Log (UnityEngine.LogType,object)
UnityEngine.Debug:Log (object)
ArgusUnity.Editor.HideAndSeekDesignBuilder:ConfigureHumanoidAnimation (string,string,bool,UnityEngine.Avatar) (at Assets/Editor/HideAndSeekDesignBuilder.cs:285)
ArgusUnity.Editor.HideAndSeekDesignBuilder:EnsureLocomotionAnimationImports () (at Assets/Editor/HideAndSeekDesignBuilder.cs:221)
ArgusUnity.Editor.HideAndSeekDesignBuilder:BuildScene () (at Assets/Editor/HideAndSeekDesignBuilder.cs:50)
ArgusUnity.Editor.HideAndSeekDesignBuilder:OpenSceneInPlayMode () (at Assets/Editor/HideAndSeekDesignBuilder.cs:89)

(Filename: Assets/Editor/HideAndSeekDesignBuilder.cs Line: 285)

Start importing Assets/Project/Resources/Animations/FBXTurns/Right Turn 90.fbx using Guid(82cc6131a0e2f4d71a2a3455b84d0688) Importer(-1,00000000000000000000000000000000)  -> (artifact id: '988cb3fb0cb2c9e371fb0c806d47c8d5') in 0.162184 seconds
Refreshing native plugins compatible for Editor in 0.57 ms, found 0 plugins.
Preloading 0 native plugins for Editor in 0.00 ms.
Asset Pipeline Refresh (id=cafa69af55d784b0d947d6dcd2daf045): Total: 0.186 seconds - Initiated by StopAssetImportingV2(NoUpdateAssetOptions)
HideAndSeekDesignBuilder: FBX turn animation role=right-90, asset=Right Turn 90.fbx, importedClips=1, clip=generic, minus2MeansLeft=False
UnityEngine.StackTraceUtility:ExtractStackTrace () (at /Users/bokken/build/output/unity/unity/Runtime/Export/Scripting/StackTrace.cs:37)
UnityEngine.DebugLogHandler:LogFormat (UnityEngine.LogType,UnityEngine.Object,string,object[])
UnityEngine.Logger:Log (UnityEngine.LogType,object)
UnityEngine.Debug:Log (object)
ArgusUnity.Editor.HideAndSeekDesignBuilder:EnsureTurnAnimationImports () (at Assets/Editor/HideAndSeekDesignBuilder.cs:182)
ArgusUnity.Editor.HideAndSeekDesignBuilder:BuildScene () (at Assets/Editor/HideAndSeekDesignBuilder.cs:51)
ArgusUnity.Editor.HideAndSeekDesignBuilder:OpenSceneInPlayMode () (at Assets/Editor/HideAndSeekDesignBuilder.cs:89)

(Filename: Assets/Editor/HideAndSeekDesignBuilder.cs Line: 182)

Start importing Assets/Project/Resources/Animations/FBXTurns/Right Turn 90-2.fbx using Guid(1170e0a4254694dcc89393ce7f5d98cf) Importer(-1,00000000000000000000000000000000)  -> (artifact id: '312f182203c92c59974005b01b517093') in 0.156807 seconds
Refreshing native plugins compatible for Editor in 0.62 ms, found 0 plugins.
Preloading 0 native plugins for Editor in 0.00 ms.
Asset Pipeline Refresh (id=b7ed966ca56da44e0b14b148f9ef1330): Total: 0.179 seconds - Initiated by StopAssetImportingV2(NoUpdateAssetOptions)
HideAndSeekDesignBuilder: FBX turn animation role=left-90-from-minus-2, asset=Right Turn 90-2.fbx, importedClips=1, clip=generic, minus2MeansLeft=True
UnityEngine.StackTraceUtility:ExtractStackTrace () (at /Users/bokken/build/output/unity/unity/Runtime/Export/Scripting/StackTrace.cs:37)
UnityEngine.DebugLogHandler:LogFormat (UnityEngine.LogType,UnityEngine.Object,string,object[])
UnityEngine.Logger:Log (UnityEngine.LogType,object)
UnityEngine.Debug:Log (object)
ArgusUnity.Editor.HideAndSeekDesignBuilder:EnsureTurnAnimationImports () (at Assets/Editor/HideAndSeekDesignBuilder.cs:182)
ArgusUnity.Editor.HideAndSeekDesignBuilder:BuildScene () (at Assets/Editor/HideAndSeekDesignBuilder.cs:51)
ArgusUnity.Editor.HideAndSeekDesignBuilder:OpenSceneInPlayMode () (at Assets/Editor/HideAndSeekDesignBuilder.cs:89)

(Filename: Assets/Editor/HideAndSeekDesignBuilder.cs Line: 182)

Start importing Assets/Project/Resources/Animations/FBXTurns/Happy Right Turn.fbx using Guid(1be269054e1384c259b5d79fb375c6f8) Importer(-1,00000000000000000000000000000000)  -> (artifact id: '3e7d18dddea28843d5f43f6eec14061d') in 0.158069 seconds
Refreshing native plugins compatible for Editor in 0.61 ms, found 0 plugins.
Preloading 0 native plugins for Editor in 0.00 ms.
Asset Pipeline Refresh (id=da7c9d3a780e94d62b1187d362a3ae10): Total: 0.178 seconds - Initiated by StopAssetImportingV2(NoUpdateAssetOptions)
Start importing Assets/Project/Resources/Animations/FBXTurns/Happy Right Turn.fbx using Guid(1be269054e1384c259b5d79fb375c6f8) Importer(-1,00000000000000000000000000000000)  -> (artifact id: '3e7d18dddea28843d5f43f6eec14061d') in 0.149138 seconds
Refreshing native plugins compatible for Editor in 0.54 ms, found 0 plugins.
Preloading 0 native plugins for Editor in 0.00 ms.
Asset Pipeline Refresh (id=f67752d0c63f744d88f7ab7bb323b1bd): Total: 0.167 seconds - Initiated by StopAssetImportingV2(NoUpdateAssetOptions)
HideAndSeekDesignBuilder: humanoid animation import asset=Happy Right Turn.fbx, clip=TurnRight_Happy, loop=True, avatarSetup=CopyFromOther, sharedAvatar=True, sharedAvatarValid=True, sharedAvatarHuman=True, assetAvatarValid=False, assetAvatarHuman=False.
UnityEngine.StackTraceUtility:ExtractStackTrace () (at /Users/bokken/build/output/unity/unity/Runtime/Export/Scripting/StackTrace.cs:37)
UnityEngine.DebugLogHandler:LogFormat (UnityEngine.LogType,UnityEngine.Object,string,object[])
UnityEngine.Logger:Log (UnityEngine.LogType,object)
UnityEngine.Debug:Log (object)
ArgusUnity.Editor.HideAndSeekDesignBuilder:ConfigureHumanoidAnimation (string,string,bool,UnityEngine.Avatar) (at Assets/Editor/HideAndSeekDesignBuilder.cs:285)
ArgusUnity.Editor.HideAndSeekDesignBuilder:EnsureTurnAnimationImports () (at Assets/Editor/HideAndSeekDesignBuilder.cs:139)
ArgusUnity.Editor.HideAndSeekDesignBuilder:BuildScene () (at Assets/Editor/HideAndSeekDesignBuilder.cs:51)
ArgusUnity.Editor.HideAndSeekDesignBuilder:OpenSceneInPlayMode () (at Assets/Editor/HideAndSeekDesignBuilder.cs:89)

(Filename: Assets/Editor/HideAndSeekDesignBuilder.cs Line: 285)

HideAndSeekDesignBuilder: FBX turn animation role=happy-right, asset=Happy Right Turn.fbx, importedClips=1, clip=TurnRight_Happy, minus2MeansLeft=False
UnityEngine.StackTraceUtility:ExtractStackTrace () (at /Users/bokken/build/output/unity/unity/Runtime/Export/Scripting/StackTrace.cs:37)
UnityEngine.DebugLogHandler:LogFormat (UnityEngine.LogType,UnityEngine.Object,string,object[])
UnityEngine.Logger:Log (UnityEngine.LogType,object)
UnityEngine.Debug:Log (object)
ArgusUnity.Editor.HideAndSeekDesignBuilder:EnsureTurnAnimationImports () (at Assets/Editor/HideAndSeekDesignBuilder.cs:182)
ArgusUnity.Editor.HideAndSeekDesignBuilder:BuildScene () (at Assets/Editor/HideAndSeekDesignBuilder.cs:51)
ArgusUnity.Editor.HideAndSeekDesignBuilder:OpenSceneInPlayMode () (at Assets/Editor/HideAndSeekDesignBuilder.cs:89)

(Filename: Assets/Editor/HideAndSeekDesignBuilder.cs Line: 182)

Start importing Assets/Project/Resources/Animations/FBXTurns/Happy Right Turn-2.fbx using Guid(61038be6e25984c94a7ef50954a36c5b) Importer(-1,00000000000000000000000000000000)  -> (artifact id: 'db836ff54bbd137c91606cfd90d1e63a') in 0.154269 seconds
Refreshing native plugins compatible for Editor in 0.55 ms, found 0 plugins.
Preloading 0 native plugins for Editor in 0.00 ms.
Asset Pipeline Refresh (id=b26391351fd394e02a4f79aa26e60b57): Total: 0.174 seconds - Initiated by StopAssetImportingV2(NoUpdateAssetOptions)
Start importing Assets/Project/Resources/Animations/FBXTurns/Happy Right Turn-2.fbx using Guid(61038be6e25984c94a7ef50954a36c5b) Importer(-1,00000000000000000000000000000000)  -> (artifact id: 'db836ff54bbd137c91606cfd90d1e63a') in 0.142579 seconds
Refreshing native plugins compatible for Editor in 0.53 ms, found 0 plugins.
Preloading 0 native plugins for Editor in 0.00 ms.
Asset Pipeline Refresh (id=7b778f5a423524c2e96fec23b59248e1): Total: 0.159 seconds - Initiated by StopAssetImportingV2(NoUpdateAssetOptions)
HideAndSeekDesignBuilder: humanoid animation import asset=Happy Right Turn-2.fbx, clip=TurnLeft_Happy, loop=True, avatarSetup=CopyFromOther, sharedAvatar=True, sharedAvatarValid=True, sharedAvatarHuman=True, assetAvatarValid=False, assetAvatarHuman=False.
UnityEngine.StackTraceUtility:ExtractStackTrace () (at /Users/bokken/build/output/unity/unity/Runtime/Export/Scripting/StackTrace.cs:37)
UnityEngine.DebugLogHandler:LogFormat (UnityEngine.LogType,UnityEngine.Object,string,object[])
UnityEngine.Logger:Log (UnityEngine.LogType,object)
UnityEngine.Debug:Log (object)
ArgusUnity.Editor.HideAndSeekDesignBuilder:ConfigureHumanoidAnimation (string,string,bool,UnityEngine.Avatar) (at Assets/Editor/HideAndSeekDesignBuilder.cs:285)
ArgusUnity.Editor.HideAndSeekDesignBuilder:EnsureTurnAnimationImports () (at Assets/Editor/HideAndSeekDesignBuilder.cs:139)
ArgusUnity.Editor.HideAndSeekDesignBuilder:BuildScene () (at Assets/Editor/HideAndSeekDesignBuilder.cs:51)
ArgusUnity.Editor.HideAndSeekDesignBuilder:OpenSceneInPlayMode () (at Assets/Editor/HideAndSeekDesignBuilder.cs:89)

(Filename: Assets/Editor/HideAndSeekDesignBuilder.cs Line: 285)

HideAndSeekDesignBuilder: FBX turn animation role=happy-left-from-minus-2, asset=Happy Right Turn-2.fbx, importedClips=1, clip=TurnLeft_Happy, minus2MeansLeft=True
UnityEngine.StackTraceUtility:ExtractStackTrace () (at /Users/bokken/build/output/unity/unity/Runtime/Export/Scripting/StackTrace.cs:37)
UnityEngine.DebugLogHandler:LogFormat (UnityEngine.LogType,UnityEngine.Object,string,object[])
UnityEngine.Logger:Log (UnityEngine.LogType,object)
UnityEngine.Debug:Log (object)
ArgusUnity.Editor.HideAndSeekDesignBuilder:EnsureTurnAnimationImports () (at Assets/Editor/HideAndSeekDesignBuilder.cs:182)
ArgusUnity.Editor.HideAndSeekDesignBuilder:BuildScene () (at Assets/Editor/HideAndSeekDesignBuilder.cs:51)
ArgusUnity.Editor.HideAndSeekDesignBuilder:OpenSceneInPlayMode () (at Assets/Editor/HideAndSeekDesignBuilder.cs:89)

(Filename: Assets/Editor/HideAndSeekDesignBuilder.cs Line: 182)

Refreshing native plugins compatible for Editor in 0.67 ms, found 0 plugins.
Preloading 0 native plugins for Editor in 0.00 ms.
Asset Pipeline Refresh (id=d4d3c90d23e154ebf8550bb959d4ca39): Total: 0.033 seconds - Initiated by StopAssetImportingV2(NoUpdateAssetOptions)
Start importing Assets/Project/Resources/Animations/Controllers/MiniBotLocomotion.controller using Guid(ebda5135bdb3d4046b43dbf48b9b966f) Importer(-1,00000000000000000000000000000000)  -> (artifact id: '453c605dc07cd93abac116ec88f7d157') in 0.001475 seconds
Refreshing native plugins compatible for Editor in 0.50 ms, found 0 plugins.
Preloading 0 native plugins for Editor in 0.00 ms.
Asset Pipeline Refresh (id=feb7f41de1da647f7939f0ebb29f7f60): Total: 0.031 seconds - Initiated by StopAssetImportingV2(NoUpdateAssetOptions)
Start importing Assets/Project/Resources/Animations/Controllers/MiniBotLocomotion.controller using Guid(ebda5135bdb3d4046b43dbf48b9b966f) Importer(-1,00000000000000000000000000000000)  -> (artifact id: '0d14deb1e749053e813619ac86b08584') in 0.000925 seconds
Refreshing native plugins compatible for Editor in 0.51 ms, found 0 plugins.
Preloading 0 native plugins for Editor in 0.00 ms.
Asset Pipeline Refresh (id=4dd176783b24c492cb98e21d35fa69fc): Total: 0.028 seconds - Initiated by StopAssetImportingV2(NoUpdateAssetOptions)
HideAndSeekDesignBuilder: locomotion AnimatorController ready path=Assets/Project/Resources/Animations/Controllers/MiniBotLocomotion.controller, idle=Idle, blendTree=LocomotionBlendTree, walk=Walk_InPlace@turn0-speed1, leftTurn=TurnLeft_Happy@turn-1-speed1, rightTurn=TurnRight_Happy@turn1-speed1.
UnityEngine.StackTraceUtility:ExtractStackTrace () (at /Users/bokken/build/output/unity/unity/Runtime/Export/Scripting/StackTrace.cs:37)
UnityEngine.DebugLogHandler:LogFormat (UnityEngine.LogType,UnityEngine.Object,string,object[])
UnityEngine.Logger:Log (UnityEngine.LogType,object)
UnityEngine.Debug:Log (object)
ArgusUnity.Editor.HideAndSeekDesignBuilder:EnsureLocomotionAnimatorController () (at Assets/Editor/HideAndSeekDesignBuilder.cs:351)
ArgusUnity.Editor.HideAndSeekDesignBuilder:BuildScene () (at Assets/Editor/HideAndSeekDesignBuilder.cs:52)
ArgusUnity.Editor.HideAndSeekDesignBuilder:OpenSceneInPlayMode () (at Assets/Editor/HideAndSeekDesignBuilder.cs:89)

(Filename: Assets/Editor/HideAndSeekDesignBuilder.cs Line: 351)

HideAndSeekDesignBuilder: mini-bot import animationType=Human, importAnimation=True, avatarValid=True, avatarHuman=True, walkingBones leftFoot=True, rightFoot=True, leftLeg=True, rightLeg=True.
UnityEngine.StackTraceUtility:ExtractStackTrace () (at /Users/bokken/build/output/unity/unity/Runtime/Export/Scripting/StackTrace.cs:37)
UnityEngine.DebugLogHandler:LogFormat (UnityEngine.LogType,UnityEngine.Object,string,object[])
UnityEngine.Logger:Log (UnityEngine.LogType,object)
UnityEngine.Debug:Log (object)
ArgusUnity.Editor.HideAndSeekDesignBuilder:LogMiniBotRigInfo () (at Assets/Editor/HideAndSeekDesignBuilder.cs:988)
ArgusUnity.Editor.HideAndSeekDesignBuilder:BuildScene () (at Assets/Editor/HideAndSeekDesignBuilder.cs:53)
ArgusUnity.Editor.HideAndSeekDesignBuilder:OpenSceneInPlayMode () (at Assets/Editor/HideAndSeekDesignBuilder.cs:89)

(Filename: Assets/Editor/HideAndSeekDesignBuilder.cs Line: 988)

Unloading 0 Unused Serialized files (Serialized files now loaded: 0)
Unloading 419 unused Assets / (70.5 KB). Loaded Objects now: 3131.
Memory consumption went from 142.7 MB to 142.6 MB.
Total: 13.811375 ms (FindLiveObjects: 0.095667 ms CreateObjectMapping: 0.053458 ms MarkObjects: 13.320708 ms  DeleteObjects: 0.340542 ms)

Start importing Assets/Project/Materials/FurnitureCollision.physicMaterial using Guid(4055c0a04dcaa4517a2fc6c986d95402) Importer(-1,00000000000000000000000000000000)  -> (artifact id: '93557a2231481f13710b813665cbb595') in 0.003269 seconds
Start importing Assets/Project/Materials/HideSeekDefenseBlue.mat using Guid(1ab91de9bb9934e9f880738d62def819) Importer(-1,00000000000000000000000000000000)  -> (artifact id: '6192f3395ab21bcaa9fabb8e6ebbcfb2') in 0.001054 seconds
Start importing Assets/Project/Materials/HideSeekAttackRed.mat using Guid(4aa4d8a01259243b6b5dba6db789b200) Importer(-1,00000000000000000000000000000000)  -> (artifact id: '1e003da785150d9cba7a94d730ca518a') in 0.001190 seconds
Start importing Assets/Project/Materials/MiniBotLowFrictionContact.physicMaterial using Guid(dc9fa6446005d48759c4f50c470f1c28) Importer(-1,00000000000000000000000000000000)  -> (artifact id: '1c786f7e033238ce791a8fafaf87549e') in 0.000588 seconds
Refreshing native plugins compatible for Editor in 0.48 ms, found 0 plugins.
Preloading 0 native plugins for Editor in 0.00 ms.
Asset Pipeline Refresh (id=42b07ff56f54b4d42ba48152727651a6): Total: 0.034 seconds - Initiated by StopAssetImportingV2(NoUpdateAssetOptions)
Start importing Assets/Project/Scenes/MiniBotHideAndSeekDesign.unity using Guid(9a4a9106e8b4148eea11b87fdf0edb7b) Importer(-1,00000000000000000000000000000000)  -> (artifact id: 'dadf880f62547c57f0d256a7e42e7eda') in 0.000810 seconds
Refreshing native plugins compatible for Editor in 0.59 ms, found 0 plugins.
Preloading 0 native plugins for Editor in 0.00 ms.
Asset Pipeline Refresh (id=25d99813df0f84563a1067343b586cbd): Total: 0.028 seconds - Initiated by StopAssetImportingV2(NoUpdateAssetOptions)
HideAndSeekDesignBuilder: physics setup furnitureColliders=11, staticSchoolroomColliders=5.
UnityEngine.StackTraceUtility:ExtractStackTrace () (at /Users/bokken/build/output/unity/unity/Runtime/Export/Scripting/StackTrace.cs:37)
UnityEngine.DebugLogHandler:LogFormat (UnityEngine.LogType,UnityEngine.Object,string,object[])
UnityEngine.Logger:Log (UnityEngine.LogType,object)
UnityEngine.Debug:Log (object)
ArgusUnity.Editor.HideAndSeekDesignBuilder:BuildScene () (at Assets/Editor/HideAndSeekDesignBuilder.cs:72)
ArgusUnity.Editor.HideAndSeekDesignBuilder:OpenSceneInPlayMode () (at Assets/Editor/HideAndSeekDesignBuilder.cs:89)

(Filename: Assets/Editor/HideAndSeekDesignBuilder.cs Line: 72)

HideAndSeekDesignBuilder: saved Assets/Project/Scenes/MiniBotHideAndSeekDesign.unity
UnityEngine.StackTraceUtility:ExtractStackTrace () (at /Users/bokken/build/output/unity/unity/Runtime/Export/Scripting/StackTrace.cs:37)
UnityEngine.DebugLogHandler:LogFormat (UnityEngine.LogType,UnityEngine.Object,string,object[])
UnityEngine.Logger:Log (UnityEngine.LogType,object)
UnityEngine.Debug:Log (object)
ArgusUnity.Editor.HideAndSeekDesignBuilder:BuildScene () (at Assets/Editor/HideAndSeekDesignBuilder.cs:75)
ArgusUnity.Editor.HideAndSeekDesignBuilder:OpenSceneInPlayMode () (at Assets/Editor/HideAndSeekDesignBuilder.cs:89)

(Filename: Assets/Editor/HideAndSeekDesignBuilder.cs Line: 75)

Opening scene 'Assets/Project/Scenes/MiniBotHideAndSeekDesign.unity'
Unloading 5 Unused Serialized files (Serialized files now loaded: 0)
Loaded scene 'Assets/Project/Scenes/MiniBotHideAndSeekDesign.unity'
	Deserialize:            3.001 ms
	Integration:            272.155 ms
	Integration of assets:  0.002 ms
	Thread Wait Time:       0.004 ms
	Total Operation Time:   275.162 ms
Unloading 27 unused Assets / (8.9 KB). Loaded Objects now: 3683.
Memory consumption went from 150.7 MB to 150.7 MB.
Total: 10.891792 ms (FindLiveObjects: 1.111750 ms CreateObjectMapping: 0.087166 ms MarkObjects: 9.146209 ms  DeleteObjects: 0.545417 ms)

HideAndSeekDesignBuilder: opened scene and entered Play Mode.
UnityEngine.StackTraceUtility:ExtractStackTrace () (at /Users/bokken/build/output/unity/unity/Runtime/Export/Scripting/StackTrace.cs:37)
UnityEngine.DebugLogHandler:LogFormat (UnityEngine.LogType,UnityEngine.Object,string,object[])
UnityEngine.Logger:Log (UnityEngine.LogType,object)
UnityEngine.Debug:Log (object)
ArgusUnity.Editor.HideAndSeekDesignBuilder:OpenSceneInPlayMode () (at Assets/Editor/HideAndSeekDesignBuilder.cs:93)

(Filename: Assets/Editor/HideAndSeekDesignBuilder.cs Line: 93)

[Project] Loading completed in 17.533 seconds
	Project init time: 				8.212 seconds
		Template init time: 		0.000 seconds
		Package Manager init time: 		0.831 seconds
		Asset Database init time: 		0.867 seconds
		Global illumination init time: 	0.007 seconds
		Assemblies load time: 			0.561 seconds
		Unity extensions init time: 	0.007 seconds
		Asset Database refresh time: 	0.341 seconds
	Scene opening time: 			5.229 seconds
##utp:{"type":"ProjectInfo","version":2,"phase":"Immediate","time":1778082542586,"processId":55934,"projectLoad":17.532960958,"projectInit":8.212013958,"templateInit":0.0,"packageManagerInit":0.830946083,"assetDatabaseInit":0.867336709,"globalIlluminationInit":0.007117417,"assembliesLoad":0.56095925,"unityExtensionsInit":0.006815584,"assetDatabaseRefresh":0.340829333,"sceneOpening":5.229129166}
##utp:{"type":"EditorInfo","version":2,"phase":"Immediate","time":1778082542586,"processId":55934,"editorVersion":"2022.3.0f1 (fb119bb0b476)","branch":"2022.3/release","buildType":"Release","platform":"OSX"}
Subscribe to USB device events
Scanning for USB devices : 0.090ms
Thread 0x346fc7000 may have been prematurely finalized
Reloading assemblies for play mode.
Reloading assemblies after forced synchronous recompile.
Begin MonoManager ReloadAssembly
Symbol file LoadedFromMemory is not a mono symbol file
- Loaded All Assemblies, in  0.368 seconds
Refreshing native plugins compatible for Editor in 0.55 ms, found 0 plugins.
Native extension for OSXStandalone target not found
[MODES] ModeService[none].Initialize
[MODES] ModeService[none].LoadModes
[MODES] Loading mode Default (0) for mode-current-id-EmbodiedDebate
Mono: successfully reloaded assembly
- Finished resetting the current domain, in  0.453 seconds
Domain Reload Profiling: 826ms
	BeginReloadAssembly (273ms)
		ExecutionOrderSort (0ms)
		DisableScriptedObjects (7ms)
		BackupInstance (0ms)
		ReleaseScriptingObjects (0ms)
		CreateAndSetChildDomain (173ms)
	RebuildCommonClasses (27ms)
	RebuildNativeTypeToScriptingClass (9ms)
	initialDomainReloadingComplete (19ms)
	LoadAllAssembliesAndSetupDomain (44ms)
		LoadAssemblies (104ms)
		RebuildTransferFunctionScriptingTraits (0ms)
		AnalyzeDomain (9ms)
			TypeCache.Refresh (1ms)
				TypeCache.ScanAssembly (0ms)
			ScanForSourceGeneratedMonoScriptInfo (0ms)
			ResolveRequiredComponents (8ms)
	FinalizeReload (454ms)
		ReleaseScriptCaches (0ms)
		RebuildScriptCaches (0ms)
		SetupLoadedEditorAssemblies (216ms)
			LogAssemblyErrors (0ms)
			InitializePlatformSupportModulesInManaged (3ms)
			SetLoadedEditorAssemblies (5ms)
			RefreshPlugins (0ms)
			BeforeProcessingInitializeOnLoad (34ms)
			ProcessInitializeOnLoadAttributes (126ms)
			ProcessInitializeOnLoadMethodAttributes (48ms)
			AfterProcessingInitializeOnLoad (1ms)
			EditorAssembliesLoaded (0ms)
		ExecutionOrderSort2 (0ms)
		AwakeInstancesAfterBackupRestoration (89ms)
Asset Pipeline Refresh (id=06045ba3b1ce148988084a9eb8f5022e): Total: 0.959 seconds - Initiated by StopAssetImportingV2(ForceSynchronousImport | ForceDomainReload)
	Summary:
		Imports: total=0 (actual=0, local cache=0, cache server=0)
		Asset DB Process Time: managed=0 ms, native=100 ms
		Asset DB Callback time: managed=8 ms, native=3 ms
		Scripting: domain reloads=1, domain reload time=846 ms, compile time=0 ms, other=0 ms
		Project Asset Count: scripts=3115, non-scripts=1523
		Asset File Changes: new=0, changed=0, moved=0, deleted=0
		Scan Filter Count: 0
	InvokeBeforeRefreshCallbacks: 3.180ms
	ApplyChangesToAssetFolders: 0.018ms
	Scan: 0.001ms
	OnSourceAssetsModified: 0.001ms
	GetAllGuidsForCategorization: 0.336ms
	CategorizeAssets: 38.365ms
	ImportOutOfDateAssets: 469.683ms (466.884ms without children)
		CompileScripts: 0.007ms
		CollectScriptTypesHashes: 0.603ms
		ReloadNativeAssets: 0.202ms
		UnloadImportedAssets: 0.251ms
		EnsureUptoDateAssetsAreRegisteredWithGuidPM: 0.913ms
		InitializingProgressBar: 0.000ms
		PostProcessAllAssetNotificationsAddChangedAssets: 0.000ms
		OnDemandSchedulerStart: 0.823ms
	PostProcessAllAssets: 8.368ms
	GatherAllCurrentPrimaryArtifactRevisions: 0.459ms
	UnloadStreamsBegin: 0.440ms
	PersistCurrentRevisions: 0.147ms
	UnloadStreamsEnd: 0.009ms
	GenerateScriptTypeHashes: 1.979ms
	Untracked: 437.858ms
ArgusVideo: capturing 240 frames at 30 FPS to /Users/guribbong/code/Argus/tmp/wall_second_pass_frames
UnityEngine.StackTraceUtility:ExtractStackTrace () (at /Users/bokken/build/output/unity/unity/Runtime/Export/Scripting/StackTrace.cs:37)
UnityEngine.DebugLogHandler:LogFormat (UnityEngine.LogType,UnityEngine.Object,string,object[])
UnityEngine.Logger:Log (UnityEngine.LogType,object)
UnityEngine.Debug:Log (object)
ArgusUnity.Runtime.SmokeVideoCapture:Awake () (at Assets/Project/Scripts/Runtime/SmokeVideoCapture.cs:44)

(Filename: Assets/Project/Scripts/Runtime/SmokeVideoCapture.cs Line: 44)

AgentLocomotionDriver: Animator locomotion ready controller=MiniBotLocomotion, rootMotion=False, hasSpeed=True, hasTurn=True.
UnityEngine.StackTraceUtility:ExtractStackTrace () (at /Users/bokken/build/output/unity/unity/Runtime/Export/Scripting/StackTrace.cs:37)
UnityEngine.DebugLogHandler:LogFormat (UnityEngine.LogType,UnityEngine.Object,string,object[])
UnityEngine.Logger:Log (UnityEngine.LogType,object)
UnityEngine.Debug:Log (object)
ArgusUnity.Runtime.AgentLocomotionDriver:ConfigureAnimator () (at Assets/Project/Scripts/Runtime/AgentLocomotionDriver.cs:174)
ArgusUnity.Runtime.AgentLocomotionDriver:Awake () (at Assets/Project/Scripts/Runtime/AgentLocomotionDriver.cs:67)

(Filename: Assets/Project/Scripts/Runtime/AgentLocomotionDriver.cs Line: 174)

AgentLocomotionDriver: Animator locomotion ready controller=MiniBotLocomotion, rootMotion=False, hasSpeed=True, hasTurn=True.
UnityEngine.StackTraceUtility:ExtractStackTrace () (at /Users/bokken/build/output/unity/unity/Runtime/Export/Scripting/StackTrace.cs:37)
UnityEngine.DebugLogHandler:LogFormat (UnityEngine.LogType,UnityEngine.Object,string,object[])
UnityEngine.Logger:Log (UnityEngine.LogType,object)
UnityEngine.Debug:Log (object)
ArgusUnity.Runtime.AgentLocomotionDriver:ConfigureAnimator () (at Assets/Project/Scripts/Runtime/AgentLocomotionDriver.cs:174)
ArgusUnity.Runtime.AgentLocomotionDriver:Awake () (at Assets/Project/Scripts/Runtime/AgentLocomotionDriver.cs:67)

(Filename: Assets/Project/Scripts/Runtime/AgentLocomotionDriver.cs Line: 174)

AgentLocomotionDriver: Animator locomotion ready controller=MiniBotLocomotion, rootMotion=False, hasSpeed=True, hasTurn=True.
UnityEngine.StackTraceUtility:ExtractStackTrace () (at /Users/bokken/build/output/unity/unity/Runtime/Export/Scripting/StackTrace.cs:37)
UnityEngine.DebugLogHandler:LogFormat (UnityEngine.LogType,UnityEngine.Object,string,object[])
UnityEngine.Logger:Log (UnityEngine.LogType,object)
UnityEngine.Debug:Log (object)
ArgusUnity.Runtime.AgentLocomotionDriver:ConfigureAnimator () (at Assets/Project/Scripts/Runtime/AgentLocomotionDriver.cs:174)
ArgusUnity.Runtime.AgentLocomotionDriver:Awake () (at Assets/Project/Scripts/Runtime/AgentLocomotionDriver.cs:67)

(Filename: Assets/Project/Scripts/Runtime/AgentLocomotionDriver.cs Line: 174)

AgentLocomotionDriver: Animator locomotion ready controller=MiniBotLocomotion, rootMotion=False, hasSpeed=True, hasTurn=True.
UnityEngine.StackTraceUtility:ExtractStackTrace () (at /Users/bokken/build/output/unity/unity/Runtime/Export/Scripting/StackTrace.cs:37)
UnityEngine.DebugLogHandler:LogFormat (UnityEngine.LogType,UnityEngine.Object,string,object[])
UnityEngine.Logger:Log (UnityEngine.LogType,object)
UnityEngine.Debug:Log (object)
ArgusUnity.Runtime.AgentLocomotionDriver:ConfigureAnimator () (at Assets/Project/Scripts/Runtime/AgentLocomotionDriver.cs:174)
ArgusUnity.Runtime.AgentLocomotionDriver:Awake () (at Assets/Project/Scripts/Runtime/AgentLocomotionDriver.cs:67)

(Filename: Assets/Project/Scripts/Runtime/AgentLocomotionDriver.cs Line: 174)

Loaded scene 'Temp/__Backupscenes/0.backup'
	Deserialize:            4.051 ms
	Integration:            257.263 ms
	Integration of assets:  0.301 ms
	Thread Wait Time:       0.001 ms
	Total Operation Time:   261.616 ms
MiniBotHideAndSeekScenario: registered free-roam agents=4, bounds=(-3.85,-1.85)-(3.85,1.85).
UnityEngine.StackTraceUtility:ExtractStackTrace () (at /Users/bokken/build/output/unity/unity/Runtime/Export/Scripting/StackTrace.cs:37)
UnityEngine.DebugLogHandler:LogFormat (UnityEngine.LogType,UnityEngine.Object,string,object[])
UnityEngine.Logger:Log (UnityEngine.LogType,object)
UnityEngine.Debug:Log (object)
ArgusUnity.Runtime.MiniBotHideAndSeekScenario:Start () (at Assets/Project/Scripts/Runtime/MiniBotHideAndSeekScenario.cs:102)

(Filename: Assets/Project/Scripts/Runtime/MiniBotHideAndSeekScenario.cs Line: 102)

MiniBotHideAndSeekScenario: boundary steering active for Hider 01.
UnityEngine.StackTraceUtility:ExtractStackTrace () (at /Users/bokken/build/output/unity/unity/Runtime/Export/Scripting/StackTrace.cs:37)
UnityEngine.DebugLogHandler:LogFormat (UnityEngine.LogType,UnityEngine.Object,string,object[])
UnityEngine.Logger:Log (UnityEngine.LogType,object)
UnityEngine.Debug:Log (object)
ArgusUnity.Runtime.MiniBotHideAndSeekScenario:SteerInsideRoom (ArgusUnity.Runtime.MiniBotHideAndSeekScenario/WanderAgent,UnityEngine.Vector3,UnityEngine.Vector3) (at Assets/Project/Scripts/Runtime/MiniBotHideAndSeekScenario.cs:607)
ArgusUnity.Runtime.MiniBotHideAndSeekScenario:ResolveDesiredDirection (ArgusUnity.Runtime.MiniBotHideAndSeekScenario/WanderAgent,UnityEngine.Vector3) (at Assets/Project/Scripts/Runtime/MiniBotHideAndSeekScenario.cs:292)
ArgusUnity.Runtime.MiniBotHideAndSeekScenario:FixedUpdate () (at Assets/Project/Scripts/Runtime/MiniBotHideAndSeekScenario.cs:130)

(Filename: Assets/Project/Scripts/Runtime/MiniBotHideAndSeekScenario.cs Line: 607)

MiniBotHideAndSeekScenario: initial obstacle-avoidance probe Hider 02 -> Classroom desk at 0.00,1.30.
UnityEngine.StackTraceUtility:ExtractStackTrace () (at /Users/bokken/build/output/unity/unity/Runtime/Export/Scripting/StackTrace.cs:37)
UnityEngine.DebugLogHandler:LogFormat (UnityEngine.LogType,UnityEngine.Object,string,object[])
UnityEngine.Logger:Log (UnityEngine.LogType,object)
UnityEngine.Debug:Log (object)
ArgusUnity.Runtime.MiniBotHideAndSeekScenario:PickInitialTarget (ArgusUnity.Runtime.MiniBotHideAndSeekScenario/WanderAgent) (at Assets/Project/Scripts/Runtime/MiniBotHideAndSeekScenario.cs:230)
ArgusUnity.Runtime.MiniBotHideAndSeekScenario:EnsureAgentPhysics (ArgusUnity.Runtime.MiniBotHideAndSeekScenario/WanderAgent) (at Assets/Project/Scripts/Runtime/MiniBotHideAndSeekScenario.cs:214)
ArgusUnity.Runtime.MiniBotHideAndSeekScenario:FixedUpdate () (at Assets/Project/Scripts/Runtime/MiniBotHideAndSeekScenario.cs:112)

(Filename: Assets/Project/Scripts/Runtime/MiniBotHideAndSeekScenario.cs Line: 230)

MiniBotHideAndSeekScenario: obstacle avoidance retarget Hider 02, collider=Classroom desk.
UnityEngine.StackTraceUtility:ExtractStackTrace () (at /Users/bokken/build/output/unity/unity/Runtime/Export/Scripting/StackTrace.cs:37)
UnityEngine.DebugLogHandler:LogFormat (UnityEngine.LogType,UnityEngine.Object,string,object[])
UnityEngine.Logger:Log (UnityEngine.LogType,object)
UnityEngine.Debug:Log (object)
ArgusUnity.Runtime.MiniBotHideAndSeekScenario:SteerAroundObstacle (ArgusUnity.Runtime.MiniBotHideAndSeekScenario/WanderAgent,UnityEngine.Vector3,UnityEngine.Vector3) (at Assets/Project/Scripts/Runtime/MiniBotHideAndSeekScenario.cs:648)
ArgusUnity.Runtime.MiniBotHideAndSeekScenario:ResolveDesiredDirection (ArgusUnity.Runtime.MiniBotHideAndSeekScenario/WanderAgent,UnityEngine.Vector3) (at Assets/Project/Scripts/Runtime/MiniBotHideAndSeekScenario.cs:293)
ArgusUnity.Runtime.MiniBotHideAndSeekScenario:FixedUpdate () (at Assets/Project/Scripts/Runtime/MiniBotHideAndSeekScenario.cs:130)

(Filename: Assets/Project/Scripts/Runtime/MiniBotHideAndSeekScenario.cs Line: 648)

MiniBotHideAndSeekScenario: wall slide adjusted drive Hider 02, normal=-0.34,-0.94, speed=0.23.
UnityEngine.StackTraceUtility:ExtractStackTrace () (at /Users/bokken/build/output/unity/unity/Runtime/Export/Scripting/StackTrace.cs:37)
UnityEngine.DebugLogHandler:LogFormat (UnityEngine.LogType,UnityEngine.Object,string,object[])
UnityEngine.Logger:Log (UnityEngine.LogType,object)
UnityEngine.Debug:Log (object)
ArgusUnity.Runtime.MiniBotHideAndSeekScenario:ResolveWallContactVelocity (ArgusUnity.Runtime.MiniBotHideAndSeekScenario/WanderAgent,UnityEngine.Vector3,UnityEngine.Vector3,UnityEngine.Vector3&,bool&) (at Assets/Project/Scripts/Runtime/MiniBotHideAndSeekScenario.cs:416)
ArgusUnity.Runtime.MiniBotHideAndSeekScenario:DriveAgent (ArgusUnity.Runtime.MiniBotHideAndSeekScenario/WanderAgent,UnityEngine.Vector3,UnityEngine.Quaternion,bool) (at Assets/Project/Scripts/Runtime/MiniBotHideAndSeekScenario.cs:325)
ArgusUnity.Runtime.MiniBotHideAndSeekScenario:FixedUpdate () (at Assets/Project/Scripts/Runtime/MiniBotHideAndSeekScenario.cs:135)

(Filename: Assets/Project/Scripts/Runtime/MiniBotHideAndSeekScenario.cs Line: 416)

MiniBotHideAndSeekScenario: boundary steering active for Seeker 01.
UnityEngine.StackTraceUtility:ExtractStackTrace () (at /Users/bokken/build/output/unity/unity/Runtime/Export/Scripting/StackTrace.cs:37)
UnityEngine.DebugLogHandler:LogFormat (UnityEngine.LogType,UnityEngine.Object,string,object[])
UnityEngine.Logger:Log (UnityEngine.LogType,object)
UnityEngine.Debug:Log (object)
ArgusUnity.Runtime.MiniBotHideAndSeekScenario:SteerInsideRoom (ArgusUnity.Runtime.MiniBotHideAndSeekScenario/WanderAgent,UnityEngine.Vector3,UnityEngine.Vector3) (at Assets/Project/Scripts/Runtime/MiniBotHideAndSeekScenario.cs:607)
ArgusUnity.Runtime.MiniBotHideAndSeekScenario:ResolveDesiredDirection (ArgusUnity.Runtime.MiniBotHideAndSeekScenario/WanderAgent,UnityEngine.Vector3) (at Assets/Project/Scripts/Runtime/MiniBotHideAndSeekScenario.cs:292)
ArgusUnity.Runtime.MiniBotHideAndSeekScenario:FixedUpdate () (at Assets/Project/Scripts/Runtime/MiniBotHideAndSeekScenario.cs:130)

(Filename: Assets/Project/Scripts/Runtime/MiniBotHideAndSeekScenario.cs Line: 607)

MiniBotHideAndSeekScenario: free-roam speed check Hider 01 movementSpeed=0.09, walkDistanceDelta=0.002.
UnityEngine.StackTraceUtility:ExtractStackTrace () (at /Users/bokken/build/output/unity/unity/Runtime/Export/Scripting/StackTrace.cs:37)
UnityEngine.DebugLogHandler:LogFormat (UnityEngine.LogType,UnityEngine.Object,string,object[])
UnityEngine.Logger:Log (UnityEngine.LogType,object)
UnityEngine.Debug:Log (object)
ArgusUnity.Runtime.MiniBotHideAndSeekScenario:FixedUpdate () (at Assets/Project/Scripts/Runtime/MiniBotHideAndSeekScenario.cs:152)

(Filename: Assets/Project/Scripts/Runtime/MiniBotHideAndSeekScenario.cs Line: 152)

MiniBotHideAndSeekScenario: free-roam speed check Hider 02 movementSpeed=0.09, walkDistanceDelta=0.002.
UnityEngine.StackTraceUtility:ExtractStackTrace () (at /Users/bokken/build/output/unity/unity/Runtime/Export/Scripting/StackTrace.cs:37)
UnityEngine.DebugLogHandler:LogFormat (UnityEngine.LogType,UnityEngine.Object,string,object[])
UnityEngine.Logger:Log (UnityEngine.LogType,object)
UnityEngine.Debug:Log (object)
ArgusUnity.Runtime.MiniBotHideAndSeekScenario:FixedUpdate () (at Assets/Project/Scripts/Runtime/MiniBotHideAndSeekScenario.cs:152)

(Filename: Assets/Project/Scripts/Runtime/MiniBotHideAndSeekScenario.cs Line: 152)

MiniBotHideAndSeekScenario: free-roam speed check Seeker 01 movementSpeed=0.09, walkDistanceDelta=0.002.
UnityEngine.StackTraceUtility:ExtractStackTrace () (at /Users/bokken/build/output/unity/unity/Runtime/Export/Scripting/StackTrace.cs:37)
UnityEngine.DebugLogHandler:LogFormat (UnityEngine.LogType,UnityEngine.Object,string,object[])
UnityEngine.Logger:Log (UnityEngine.LogType,object)
UnityEngine.Debug:Log (object)
ArgusUnity.Runtime.MiniBotHideAndSeekScenario:FixedUpdate () (at Assets/Project/Scripts/Runtime/MiniBotHideAndSeekScenario.cs:152)

(Filename: Assets/Project/Scripts/Runtime/MiniBotHideAndSeekScenario.cs Line: 152)

MiniBotHideAndSeekScenario: free-roam speed check Seeker 02 movementSpeed=0.09, walkDistanceDelta=0.002.
UnityEngine.StackTraceUtility:ExtractStackTrace () (at /Users/bokken/build/output/unity/unity/Runtime/Export/Scripting/StackTrace.cs:37)
UnityEngine.DebugLogHandler:LogFormat (UnityEngine.LogType,UnityEngine.Object,string,object[])
UnityEngine.Logger:Log (UnityEngine.LogType,object)
UnityEngine.Debug:Log (object)
ArgusUnity.Runtime.MiniBotHideAndSeekScenario:FixedUpdate () (at Assets/Project/Scripts/Runtime/MiniBotHideAndSeekScenario.cs:152)

(Filename: Assets/Project/Scripts/Runtime/MiniBotHideAndSeekScenario.cs Line: 152)

AgentLocomotionDriver: walk animation active state=LocomotionBlendTree, source=Walking-2.fbx, speed=0.16, controller=MiniBotLocomotion.
UnityEngine.StackTraceUtility:ExtractStackTrace () (at /Users/bokken/build/output/unity/unity/Runtime/Export/Scripting/StackTrace.cs:37)
UnityEngine.DebugLogHandler:LogFormat (UnityEngine.LogType,UnityEngine.Object,string,object[])
UnityEngine.Logger:Log (UnityEngine.LogType,object)
UnityEngine.Debug:Log (object)
ArgusUnity.Runtime.AgentLocomotionDriver:LogLocomotionSource () (at Assets/Project/Scripts/Runtime/AgentLocomotionDriver.cs:257)
ArgusUnity.Runtime.AgentLocomotionDriver:LateUpdate () (at Assets/Project/Scripts/Runtime/AgentLocomotionDriver.cs:125)

(Filename: Assets/Project/Scripts/Runtime/AgentLocomotionDriver.cs Line: 257)

AgentLocomotionDriver: walk animation active state=LocomotionBlendTree, source=Walking-2.fbx, speed=0.16, controller=MiniBotLocomotion.
UnityEngine.StackTraceUtility:ExtractStackTrace () (at /Users/bokken/build/output/unity/unity/Runtime/Export/Scripting/StackTrace.cs:37)
UnityEngine.DebugLogHandler:LogFormat (UnityEngine.LogType,UnityEngine.Object,string,object[])
UnityEngine.Logger:Log (UnityEngine.LogType,object)
UnityEngine.Debug:Log (object)
ArgusUnity.Runtime.AgentLocomotionDriver:LogLocomotionSource () (at Assets/Project/Scripts/Runtime/AgentLocomotionDriver.cs:257)
ArgusUnity.Runtime.AgentLocomotionDriver:LateUpdate () (at Assets/Project/Scripts/Runtime/AgentLocomotionDriver.cs:125)

(Filename: Assets/Project/Scripts/Runtime/AgentLocomotionDriver.cs Line: 257)

AgentLocomotionDriver: walk animation active state=LocomotionBlendTree, source=Walking-2.fbx, speed=0.16, controller=MiniBotLocomotion.
UnityEngine.StackTraceUtility:ExtractStackTrace () (at /Users/bokken/build/output/unity/unity/Runtime/Export/Scripting/StackTrace.cs:37)
UnityEngine.DebugLogHandler:LogFormat (UnityEngine.LogType,UnityEngine.Object,string,object[])
UnityEngine.Logger:Log (UnityEngine.LogType,object)
UnityEngine.Debug:Log (object)
ArgusUnity.Runtime.AgentLocomotionDriver:LogLocomotionSource () (at Assets/Project/Scripts/Runtime/AgentLocomotionDriver.cs:257)
ArgusUnity.Runtime.AgentLocomotionDriver:LateUpdate () (at Assets/Project/Scripts/Runtime/AgentLocomotionDriver.cs:125)

(Filename: Assets/Project/Scripts/Runtime/AgentLocomotionDriver.cs Line: 257)

AgentLocomotionDriver: walk animation active state=LocomotionBlendTree, source=Walking-2.fbx, speed=0.16, controller=MiniBotLocomotion.
UnityEngine.StackTraceUtility:ExtractStackTrace () (at /Users/bokken/build/output/unity/unity/Runtime/Export/Scripting/StackTrace.cs:37)
UnityEngine.DebugLogHandler:LogFormat (UnityEngine.LogType,UnityEngine.Object,string,object[])
UnityEngine.Logger:Log (UnityEngine.LogType,object)
UnityEngine.Debug:Log (object)
ArgusUnity.Runtime.AgentLocomotionDriver:LogLocomotionSource () (at Assets/Project/Scripts/Runtime/AgentLocomotionDriver.cs:257)
ArgusUnity.Runtime.AgentLocomotionDriver:LateUpdate () (at Assets/Project/Scripts/Runtime/AgentLocomotionDriver.cs:125)

(Filename: Assets/Project/Scripts/Runtime/AgentLocomotionDriver.cs Line: 257)

MiniBotHideAndSeekScenario: movement confirmed for Hider 01.
UnityEngine.StackTraceUtility:ExtractStackTrace () (at /Users/bokken/build/output/unity/unity/Runtime/Export/Scripting/StackTrace.cs:37)
UnityEngine.DebugLogHandler:LogFormat (UnityEngine.LogType,UnityEngine.Object,string,object[])
UnityEngine.Logger:Log (UnityEngine.LogType,object)
UnityEngine.Debug:Log (object)
ArgusUnity.Runtime.MiniBotHideAndSeekScenario:FixedUpdate () (at Assets/Project/Scripts/Runtime/MiniBotHideAndSeekScenario.cs:140)

(Filename: Assets/Project/Scripts/Runtime/MiniBotHideAndSeekScenario.cs Line: 140)

MiniBotHideAndSeekScenario: movement confirmed for Hider 02.
UnityEngine.StackTraceUtility:ExtractStackTrace () (at /Users/bokken/build/output/unity/unity/Runtime/Export/Scripting/StackTrace.cs:37)
UnityEngine.DebugLogHandler:LogFormat (UnityEngine.LogType,UnityEngine.Object,string,object[])
UnityEngine.Logger:Log (UnityEngine.LogType,object)
UnityEngine.Debug:Log (object)
ArgusUnity.Runtime.MiniBotHideAndSeekScenario:FixedUpdate () (at Assets/Project/Scripts/Runtime/MiniBotHideAndSeekScenario.cs:140)

(Filename: Assets/Project/Scripts/Runtime/MiniBotHideAndSeekScenario.cs Line: 140)

MiniBotHideAndSeekScenario: movement confirmed for Seeker 01.
UnityEngine.StackTraceUtility:ExtractStackTrace () (at /Users/bokken/build/output/unity/unity/Runtime/Export/Scripting/StackTrace.cs:37)
UnityEngine.DebugLogHandler:LogFormat (UnityEngine.LogType,UnityEngine.Object,string,object[])
UnityEngine.Logger:Log (UnityEngine.LogType,object)
UnityEngine.Debug:Log (object)
ArgusUnity.Runtime.MiniBotHideAndSeekScenario:FixedUpdate () (at Assets/Project/Scripts/Runtime/MiniBotHideAndSeekScenario.cs:140)

(Filename: Assets/Project/Scripts/Runtime/MiniBotHideAndSeekScenario.cs Line: 140)

MiniBotHideAndSeekScenario: movement confirmed for Seeker 02.
UnityEngine.StackTraceUtility:ExtractStackTrace () (at /Users/bokken/build/output/unity/unity/Runtime/Export/Scripting/StackTrace.cs:37)
UnityEngine.DebugLogHandler:LogFormat (UnityEngine.LogType,UnityEngine.Object,string,object[])
UnityEngine.Logger:Log (UnityEngine.LogType,object)
UnityEngine.Debug:Log (object)
ArgusUnity.Runtime.MiniBotHideAndSeekScenario:FixedUpdate () (at Assets/Project/Scripts/Runtime/MiniBotHideAndSeekScenario.cs:140)

(Filename: Assets/Project/Scripts/Runtime/MiniBotHideAndSeekScenario.cs Line: 140)

Created GICache directory at /Users/guribbong/Library/Caches/com.unity3d.UnityEditor/GiCache. Took: 0.003s, timestamps: [19.482 - 19.485]
Setting up 4 worker threads for Enlighten.
MiniBotHideAndSeekScenario: boundary steering active for Seeker 02.
UnityEngine.StackTraceUtility:ExtractStackTrace () (at /Users/bokken/build/output/unity/unity/Runtime/Export/Scripting/StackTrace.cs:37)
UnityEngine.DebugLogHandler:LogFormat (UnityEngine.LogType,UnityEngine.Object,string,object[])
UnityEngine.Logger:Log (UnityEngine.LogType,object)
UnityEngine.Debug:Log (object)
ArgusUnity.Runtime.MiniBotHideAndSeekScenario:SteerInsideRoom (ArgusUnity.Runtime.MiniBotHideAndSeekScenario/WanderAgent,UnityEngine.Vector3,UnityEngine.Vector3) (at Assets/Project/Scripts/Runtime/MiniBotHideAndSeekScenario.cs:607)
ArgusUnity.Runtime.MiniBotHideAndSeekScenario:ResolveDesiredDirection (ArgusUnity.Runtime.MiniBotHideAndSeekScenario/WanderAgent,UnityEngine.Vector3) (at Assets/Project/Scripts/Runtime/MiniBotHideAndSeekScenario.cs:292)
ArgusUnity.Runtime.MiniBotHideAndSeekScenario:FixedUpdate () (at Assets/Project/Scripts/Runtime/MiniBotHideAndSeekScenario.cs:130)

(Filename: Assets/Project/Scripts/Runtime/MiniBotHideAndSeekScenario.cs Line: 607)

MiniBotHideAndSeekScenario: wall slide adjusted drive Seeker 01, normal=-0.65,-0.76, speed=0.47.
UnityEngine.StackTraceUtility:ExtractStackTrace () (at /Users/bokken/build/output/unity/unity/Runtime/Export/Scripting/StackTrace.cs:37)
UnityEngine.DebugLogHandler:LogFormat (UnityEngine.LogType,UnityEngine.Object,string,object[])
UnityEngine.Logger:Log (UnityEngine.LogType,object)
UnityEngine.Debug:Log (object)
ArgusUnity.Runtime.MiniBotHideAndSeekScenario:ResolveWallContactVelocity (ArgusUnity.Runtime.MiniBotHideAndSeekScenario/WanderAgent,UnityEngine.Vector3,UnityEngine.Vector3,UnityEngine.Vector3&,bool&) (at Assets/Project/Scripts/Runtime/MiniBotHideAndSeekScenario.cs:416)
ArgusUnity.Runtime.MiniBotHideAndSeekScenario:DriveAgent (ArgusUnity.Runtime.MiniBotHideAndSeekScenario/WanderAgent,UnityEngine.Vector3,UnityEngine.Quaternion,bool) (at Assets/Project/Scripts/Runtime/MiniBotHideAndSeekScenario.cs:325)
ArgusUnity.Runtime.MiniBotHideAndSeekScenario:FixedUpdate () (at Assets/Project/Scripts/Runtime/MiniBotHideAndSeekScenario.cs:135)

(Filename: Assets/Project/Scripts/Runtime/MiniBotHideAndSeekScenario.cs Line: 416)

MiniBotHideAndSeekScenario: wall slide adjusted drive Hider 01, normal=0.65,-0.76, speed=0.42.
UnityEngine.StackTraceUtility:ExtractStackTrace () (at /Users/bokken/build/output/unity/unity/Runtime/Export/Scripting/StackTrace.cs:37)
UnityEngine.DebugLogHandler:LogFormat (UnityEngine.LogType,UnityEngine.Object,string,object[])
UnityEngine.Logger:Log (UnityEngine.LogType,object)
UnityEngine.Debug:Log (object)
ArgusUnity.Runtime.MiniBotHideAndSeekScenario:ResolveWallContactVelocity (ArgusUnity.Runtime.MiniBotHideAndSeekScenario/WanderAgent,UnityEngine.Vector3,UnityEngine.Vector3,UnityEngine.Vector3&,bool&) (at Assets/Project/Scripts/Runtime/MiniBotHideAndSeekScenario.cs:416)
ArgusUnity.Runtime.MiniBotHideAndSeekScenario:DriveAgent (ArgusUnity.Runtime.MiniBotHideAndSeekScenario/WanderAgent,UnityEngine.Vector3,UnityEngine.Quaternion,bool) (at Assets/Project/Scripts/Runtime/MiniBotHideAndSeekScenario.cs:325)
ArgusUnity.Runtime.MiniBotHideAndSeekScenario:FixedUpdate () (at Assets/Project/Scripts/Runtime/MiniBotHideAndSeekScenario.cs:135)

(Filename: Assets/Project/Scripts/Runtime/MiniBotHideAndSeekScenario.cs Line: 416)

MiniBotHideAndSeekScenario: boundary steering active for Hider 02.
UnityEngine.StackTraceUtility:ExtractStackTrace () (at /Users/bokken/build/output/unity/unity/Runtime/Export/Scripting/StackTrace.cs:37)
UnityEngine.DebugLogHandler:LogFormat (UnityEngine.LogType,UnityEngine.Object,string,object[])
UnityEngine.Logger:Log (UnityEngine.LogType,object)
UnityEngine.Debug:Log (object)
ArgusUnity.Runtime.MiniBotHideAndSeekScenario:SteerInsideRoom (ArgusUnity.Runtime.MiniBotHideAndSeekScenario/WanderAgent,UnityEngine.Vector3,UnityEngine.Vector3) (at Assets/Project/Scripts/Runtime/MiniBotHideAndSeekScenario.cs:607)
ArgusUnity.Runtime.MiniBotHideAndSeekScenario:ResolveDesiredDirection (ArgusUnity.Runtime.MiniBotHideAndSeekScenario/WanderAgent,UnityEngine.Vector3) (at Assets/Project/Scripts/Runtime/MiniBotHideAndSeekScenario.cs:292)
ArgusUnity.Runtime.MiniBotHideAndSeekScenario:FixedUpdate () (at Assets/Project/Scripts/Runtime/MiniBotHideAndSeekScenario.cs:130)

(Filename: Assets/Project/Scripts/Runtime/MiniBotHideAndSeekScenario.cs Line: 607)

MiniBotHideAndSeekScenario: wall pressure turnaround Seeker 02 -> 0.33,-0.94.
UnityEngine.StackTraceUtility:ExtractStackTrace () (at /Users/bokken/build/output/unity/unity/Runtime/Export/Scripting/StackTrace.cs:37)
UnityEngine.DebugLogHandler:LogFormat (UnityEngine.LogType,UnityEngine.Object,string,object[])
UnityEngine.Logger:Log (UnityEngine.LogType,object)
UnityEngine.Debug:Log (object)
ArgusUnity.Runtime.MiniBotHideAndSeekScenario:StartBoundaryRecovery (ArgusUnity.Runtime.MiniBotHideAndSeekScenario/WanderAgent,UnityEngine.Vector3) (at Assets/Project/Scripts/Runtime/MiniBotHideAndSeekScenario.cs:754)
ArgusUnity.Runtime.MiniBotHideAndSeekScenario:KeepInsideRoom (ArgusUnity.Runtime.MiniBotHideAndSeekScenario/WanderAgent) (at Assets/Project/Scripts/Runtime/MiniBotHideAndSeekScenario.cs:705)
ArgusUnity.Runtime.MiniBotHideAndSeekScenario:FixedUpdate () (at Assets/Project/Scripts/Runtime/MiniBotHideAndSeekScenario.cs:136)

(Filename: Assets/Project/Scripts/Runtime/MiniBotHideAndSeekScenario.cs Line: 754)

MiniBotHideAndSeekScenario: wall clamp kept Seeker 02 inside walkable room.
UnityEngine.StackTraceUtility:ExtractStackTrace () (at /Users/bokken/build/output/unity/unity/Runtime/Export/Scripting/StackTrace.cs:37)
UnityEngine.DebugLogHandler:LogFormat (UnityEngine.LogType,UnityEngine.Object,string,object[])
UnityEngine.Logger:Log (UnityEngine.LogType,object)
UnityEngine.Debug:Log (object)
ArgusUnity.Runtime.MiniBotHideAndSeekScenario:KeepInsideRoom (ArgusUnity.Runtime.MiniBotHideAndSeekScenario/WanderAgent) (at Assets/Project/Scripts/Runtime/MiniBotHideAndSeekScenario.cs:708)
ArgusUnity.Runtime.MiniBotHideAndSeekScenario:FixedUpdate () (at Assets/Project/Scripts/Runtime/MiniBotHideAndSeekScenario.cs:136)

(Filename: Assets/Project/Scripts/Runtime/MiniBotHideAndSeekScenario.cs Line: 708)

MiniBotHideAndSeekScenario: rotation confirmed for Seeker 02.
UnityEngine.StackTraceUtility:ExtractStackTrace () (at /Users/bokken/build/output/unity/unity/Runtime/Export/Scripting/StackTrace.cs:37)
UnityEngine.DebugLogHandler:LogFormat (UnityEngine.LogType,UnityEngine.Object,string,object[])
UnityEngine.Logger:Log (UnityEngine.LogType,object)
UnityEngine.Debug:Log (object)
ArgusUnity.Runtime.MiniBotHideAndSeekScenario:FixedUpdate () (at Assets/Project/Scripts/Runtime/MiniBotHideAndSeekScenario.cs:146)

(Filename: Assets/Project/Scripts/Runtime/MiniBotHideAndSeekScenario.cs Line: 146)

AgentLocomotionDriver: happy-right turn animation active state=LocomotionBlendTree, source=Happy Right Turn.fbx, turn=1.00, speed=0.08, turnRate=101.9, headingDelta=-32.7.
UnityEngine.StackTraceUtility:ExtractStackTrace () (at /Users/bokken/build/output/unity/unity/Runtime/Export/Scripting/StackTrace.cs:37)
UnityEngine.DebugLogHandler:LogFormat (UnityEngine.LogType,UnityEngine.Object,string,object[])
UnityEngine.Logger:Log (UnityEngine.LogType,object)
UnityEngine.Debug:Log (object)
ArgusUnity.Runtime.AgentLocomotionDriver:LogLocomotionSource () (at Assets/Project/Scripts/Runtime/AgentLocomotionDriver.cs:243)
ArgusUnity.Runtime.AgentLocomotionDriver:LateUpdate () (at Assets/Project/Scripts/Runtime/AgentLocomotionDriver.cs:125)

(Filename: Assets/Project/Scripts/Runtime/AgentLocomotionDriver.cs Line: 243)

AgentLocomotionDriver: happy-left turn animation active state=LocomotionBlendTree, source=Happy Right Turn-2.fbx, turn=-1.00, speed=0.18, turnRate=-101.9, headingDelta=-3.3.
UnityEngine.StackTraceUtility:ExtractStackTrace () (at /Users/bokken/build/output/unity/unity/Runtime/Export/Scripting/StackTrace.cs:37)
UnityEngine.DebugLogHandler:LogFormat (UnityEngine.LogType,UnityEngine.Object,string,object[])
UnityEngine.Logger:Log (UnityEngine.LogType,object)
UnityEngine.Debug:Log (object)
ArgusUnity.Runtime.AgentLocomotionDriver:LogLocomotionSource () (at Assets/Project/Scripts/Runtime/AgentLocomotionDriver.cs:227)
ArgusUnity.Runtime.AgentLocomotionDriver:LateUpdate () (at Assets/Project/Scripts/Runtime/AgentLocomotionDriver.cs:125)

(Filename: Assets/Project/Scripts/Runtime/AgentLocomotionDriver.cs Line: 227)

MiniBotHideAndSeekScenario: wall pressure turnaround Hider 02 -> 0.30,-0.95.
UnityEngine.StackTraceUtility:ExtractStackTrace () (at /Users/bokken/build/output/unity/unity/Runtime/Export/Scripting/StackTrace.cs:37)
UnityEngine.DebugLogHandler:LogFormat (UnityEngine.LogType,UnityEngine.Object,string,object[])
UnityEngine.Logger:Log (UnityEngine.LogType,object)
UnityEngine.Debug:Log (object)
ArgusUnity.Runtime.MiniBotHideAndSeekScenario:StartBoundaryRecovery (ArgusUnity.Runtime.MiniBotHideAndSeekScenario/WanderAgent,UnityEngine.Vector3) (at Assets/Project/Scripts/Runtime/MiniBotHideAndSeekScenario.cs:754)
ArgusUnity.Runtime.MiniBotHideAndSeekScenario:KeepInsideRoom (ArgusUnity.Runtime.MiniBotHideAndSeekScenario/WanderAgent) (at Assets/Project/Scripts/Runtime/MiniBotHideAndSeekScenario.cs:705)
ArgusUnity.Runtime.MiniBotHideAndSeekScenario:FixedUpdate () (at Assets/Project/Scripts/Runtime/MiniBotHideAndSeekScenario.cs:136)

(Filename: Assets/Project/Scripts/Runtime/MiniBotHideAndSeekScenario.cs Line: 754)

MiniBotHideAndSeekScenario: wall clamp kept Hider 02 inside walkable room.
UnityEngine.StackTraceUtility:ExtractStackTrace () (at /Users/bokken/build/output/unity/unity/Runtime/Export/Scripting/StackTrace.cs:37)
UnityEngine.DebugLogHandler:LogFormat (UnityEngine.LogType,UnityEngine.Object,string,object[])
UnityEngine.Logger:Log (UnityEngine.LogType,object)
UnityEngine.Debug:Log (object)
ArgusUnity.Runtime.MiniBotHideAndSeekScenario:KeepInsideRoom (ArgusUnity.Runtime.MiniBotHideAndSeekScenario/WanderAgent) (at Assets/Project/Scripts/Runtime/MiniBotHideAndSeekScenario.cs:708)
ArgusUnity.Runtime.MiniBotHideAndSeekScenario:FixedUpdate () (at Assets/Project/Scripts/Runtime/MiniBotHideAndSeekScenario.cs:136)

(Filename: Assets/Project/Scripts/Runtime/MiniBotHideAndSeekScenario.cs Line: 708)

MiniBotHideAndSeekScenario: rotation confirmed for Hider 02.
UnityEngine.StackTraceUtility:ExtractStackTrace () (at /Users/bokken/build/output/unity/unity/Runtime/Export/Scripting/StackTrace.cs:37)
UnityEngine.DebugLogHandler:LogFormat (UnityEngine.LogType,UnityEngine.Object,string,object[])
UnityEngine.Logger:Log (UnityEngine.LogType,object)
UnityEngine.Debug:Log (object)
ArgusUnity.Runtime.MiniBotHideAndSeekScenario:FixedUpdate () (at Assets/Project/Scripts/Runtime/MiniBotHideAndSeekScenario.cs:146)

(Filename: Assets/Project/Scripts/Runtime/MiniBotHideAndSeekScenario.cs Line: 146)

AgentLocomotionDriver: happy-right turn animation active state=LocomotionBlendTree, source=Happy Right Turn.fbx, turn=0.57, speed=0.08, turnRate=51.0, headingDelta=-48.4.
UnityEngine.StackTraceUtility:ExtractStackTrace () (at /Users/bokken/build/output/unity/unity/Runtime/Export/Scripting/StackTrace.cs:37)
UnityEngine.DebugLogHandler:LogFormat (UnityEngine.LogType,UnityEngine.Object,string,object[])
UnityEngine.Logger:Log (UnityEngine.LogType,object)
UnityEngine.Debug:Log (object)
ArgusUnity.Runtime.AgentLocomotionDriver:LogLocomotionSource () (at Assets/Project/Scripts/Runtime/AgentLocomotionDriver.cs:243)
ArgusUnity.Runtime.AgentLocomotionDriver:LateUpdate () (at Assets/Project/Scripts/Runtime/AgentLocomotionDriver.cs:125)

(Filename: Assets/Project/Scripts/Runtime/AgentLocomotionDriver.cs Line: 243)

AgentLocomotionDriver: happy-left turn animation active state=LocomotionBlendTree, source=Happy Right Turn-2.fbx, turn=-0.57, speed=0.17, turnRate=-51.0, headingDelta=-18.1.
UnityEngine.StackTraceUtility:ExtractStackTrace () (at /Users/bokken/build/output/unity/unity/Runtime/Export/Scripting/StackTrace.cs:37)
UnityEngine.DebugLogHandler:LogFormat (UnityEngine.LogType,UnityEngine.Object,string,object[])
UnityEngine.Logger:Log (UnityEngine.LogType,object)
UnityEngine.Debug:Log (object)
ArgusUnity.Runtime.AgentLocomotionDriver:LogLocomotionSource () (at Assets/Project/Scripts/Runtime/AgentLocomotionDriver.cs:227)
ArgusUnity.Runtime.AgentLocomotionDriver:LateUpdate () (at Assets/Project/Scripts/Runtime/AgentLocomotionDriver.cs:125)

(Filename: Assets/Project/Scripts/Runtime/AgentLocomotionDriver.cs Line: 227)

MiniBotHideAndSeekScenario: obstacle avoidance retarget Seeker 01, collider=Seeker 02.
UnityEngine.StackTraceUtility:ExtractStackTrace () (at /Users/bokken/build/output/unity/unity/Runtime/Export/Scripting/StackTrace.cs:37)
UnityEngine.DebugLogHandler:LogFormat (UnityEngine.LogType,UnityEngine.Object,string,object[])
UnityEngine.Logger:Log (UnityEngine.LogType,object)
UnityEngine.Debug:Log (object)
ArgusUnity.Runtime.MiniBotHideAndSeekScenario:SteerAroundObstacle (ArgusUnity.Runtime.MiniBotHideAndSeekScenario/WanderAgent,UnityEngine.Vector3,UnityEngine.Vector3) (at Assets/Project/Scripts/Runtime/MiniBotHideAndSeekScenario.cs:648)
ArgusUnity.Runtime.MiniBotHideAndSeekScenario:ResolveDesiredDirection (ArgusUnity.Runtime.MiniBotHideAndSeekScenario/WanderAgent,UnityEngine.Vector3) (at Assets/Project/Scripts/Runtime/MiniBotHideAndSeekScenario.cs:293)
ArgusUnity.Runtime.MiniBotHideAndSeekScenario:FixedUpdate () (at Assets/Project/Scripts/Runtime/MiniBotHideAndSeekScenario.cs:130)

(Filename: Assets/Project/Scripts/Runtime/MiniBotHideAndSeekScenario.cs Line: 648)

MiniBotHideAndSeekScenario: free-roam retarget Hider 01 -> -0.23,-0.33.
UnityEngine.StackTraceUtility:ExtractStackTrace () (at /Users/bokken/build/output/unity/unity/Runtime/Export/Scripting/StackTrace.cs:37)
UnityEngine.DebugLogHandler:LogFormat (UnityEngine.LogType,UnityEngine.Object,string,object[])
UnityEngine.Logger:Log (UnityEngine.LogType,object)
UnityEngine.Debug:Log (object)
ArgusUnity.Runtime.MiniBotHideAndSeekScenario:ResolveDesiredDirection (ArgusUnity.Runtime.MiniBotHideAndSeekScenario/WanderAgent,UnityEngine.Vector3) (at Assets/Project/Scripts/Runtime/MiniBotHideAndSeekScenario.cs:285)
ArgusUnity.Runtime.MiniBotHideAndSeekScenario:FixedUpdate () (at Assets/Project/Scripts/Runtime/MiniBotHideAndSeekScenario.cs:130)

(Filename: Assets/Project/Scripts/Runtime/MiniBotHideAndSeekScenario.cs Line: 285)

MiniBotHideAndSeekScenario: obstacle avoidance retarget Seeker 02, collider=Classroom table.
UnityEngine.StackTraceUtility:ExtractStackTrace () (at /Users/bokken/build/output/unity/unity/Runtime/Export/Scripting/StackTrace.cs:37)
UnityEngine.DebugLogHandler:LogFormat (UnityEngine.LogType,UnityEngine.Object,string,object[])
UnityEngine.Logger:Log (UnityEngine.LogType,object)
UnityEngine.Debug:Log (object)
ArgusUnity.Runtime.MiniBotHideAndSeekScenario:SteerAroundObstacle (ArgusUnity.Runtime.MiniBotHideAndSeekScenario/WanderAgent,UnityEngine.Vector3,UnityEngine.Vector3) (at Assets/Project/Scripts/Runtime/MiniBotHideAndSeekScenario.cs:648)
ArgusUnity.Runtime.MiniBotHideAndSeekScenario:ResolveDesiredDirection (ArgusUnity.Runtime.MiniBotHideAndSeekScenario/WanderAgent,UnityEngine.Vector3) (at Assets/Project/Scripts/Runtime/MiniBotHideAndSeekScenario.cs:273)
ArgusUnity.Runtime.MiniBotHideAndSeekScenario:FixedUpdate () (at Assets/Project/Scripts/Runtime/MiniBotHideAndSeekScenario.cs:130)

(Filename: Assets/Project/Scripts/Runtime/MiniBotHideAndSeekScenario.cs Line: 648)

MiniBotHideAndSeekScenario: wall pressure turnaround Seeker 01 -> -0.97,-0.26.
UnityEngine.StackTraceUtility:ExtractStackTrace () (at /Users/bokken/build/output/unity/unity/Runtime/Export/Scripting/StackTrace.cs:37)
UnityEngine.DebugLogHandler:LogFormat (UnityEngine.LogType,UnityEngine.Object,string,object[])
UnityEngine.Logger:Log (UnityEngine.LogType,object)
UnityEngine.Debug:Log (object)
ArgusUnity.Runtime.MiniBotHideAndSeekScenario:StartBoundaryRecovery (ArgusUnity.Runtime.MiniBotHideAndSeekScenario/WanderAgent,UnityEngine.Vector3) (at Assets/Project/Scripts/Runtime/MiniBotHideAndSeekScenario.cs:754)
ArgusUnity.Runtime.MiniBotHideAndSeekScenario:KeepInsideRoom (ArgusUnity.Runtime.MiniBotHideAndSeekScenario/WanderAgent) (at Assets/Project/Scripts/Runtime/MiniBotHideAndSeekScenario.cs:705)
ArgusUnity.Runtime.MiniBotHideAndSeekScenario:FixedUpdate () (at Assets/Project/Scripts/Runtime/MiniBotHideAndSeekScenario.cs:136)

(Filename: Assets/Project/Scripts/Runtime/MiniBotHideAndSeekScenario.cs Line: 754)

MiniBotHideAndSeekScenario: wall clamp kept Seeker 01 inside walkable room.
UnityEngine.StackTraceUtility:ExtractStackTrace () (at /Users/bokken/build/output/unity/unity/Runtime/Export/Scripting/StackTrace.cs:37)
UnityEngine.DebugLogHandler:LogFormat (UnityEngine.LogType,UnityEngine.Object,string,object[])
UnityEngine.Logger:Log (UnityEngine.LogType,object)
UnityEngine.Debug:Log (object)
ArgusUnity.Runtime.MiniBotHideAndSeekScenario:KeepInsideRoom (ArgusUnity.Runtime.MiniBotHideAndSeekScenario/WanderAgent) (at Assets/Project/Scripts/Runtime/MiniBotHideAndSeekScenario.cs:708)
ArgusUnity.Runtime.MiniBotHideAndSeekScenario:FixedUpdate () (at Assets/Project/Scripts/Runtime/MiniBotHideAndSeekScenario.cs:136)

(Filename: Assets/Project/Scripts/Runtime/MiniBotHideAndSeekScenario.cs Line: 708)

MiniBotHideAndSeekScenario: rotation confirmed for Seeker 01.
UnityEngine.StackTraceUtility:ExtractStackTrace () (at /Users/bokken/build/output/unity/unity/Runtime/Export/Scripting/StackTrace.cs:37)
UnityEngine.DebugLogHandler:LogFormat (UnityEngine.LogType,UnityEngine.Object,string,object[])
UnityEngine.Logger:Log (UnityEngine.LogType,object)
UnityEngine.Debug:Log (object)
ArgusUnity.Runtime.MiniBotHideAndSeekScenario:FixedUpdate () (at Assets/Project/Scripts/Runtime/MiniBotHideAndSeekScenario.cs:146)

(Filename: Assets/Project/Scripts/Runtime/MiniBotHideAndSeekScenario.cs Line: 146)

AgentLocomotionDriver: happy-left turn animation active state=LocomotionBlendTree, source=Happy Right Turn-2.fbx, turn=-0.63, speed=0.37, turnRate=-57.0, headingDelta=-102.7.
UnityEngine.StackTraceUtility:ExtractStackTrace () (at /Users/bokken/build/output/unity/unity/Runtime/Export/Scripting/StackTrace.cs:37)
UnityEngine.DebugLogHandler:LogFormat (UnityEngine.LogType,UnityEngine.Object,string,object[])
UnityEngine.Logger:Log (UnityEngine.LogType,object)
UnityEngine.Debug:Log (object)
ArgusUnity.Runtime.AgentLocomotionDriver:LogLocomotionSource () (at Assets/Project/Scripts/Runtime/AgentLocomotionDriver.cs:227)
ArgusUnity.Runtime.AgentLocomotionDriver:LateUpdate () (at Assets/Project/Scripts/Runtime/AgentLocomotionDriver.cs:125)

(Filename: Assets/Project/Scripts/Runtime/AgentLocomotionDriver.cs Line: 227)

MiniBotHideAndSeekScenario: wall pressure turnaround Hider 01 -> -0.37,-0.93.
UnityEngine.StackTraceUtility:ExtractStackTrace () (at /Users/bokken/build/output/unity/unity/Runtime/Export/Scripting/StackTrace.cs:37)
UnityEngine.DebugLogHandler:LogFormat (UnityEngine.LogType,UnityEngine.Object,string,object[])
UnityEngine.Logger:Log (UnityEngine.LogType,object)
UnityEngine.Debug:Log (object)
ArgusUnity.Runtime.MiniBotHideAndSeekScenario:StartBoundaryRecovery (ArgusUnity.Runtime.MiniBotHideAndSeekScenario/WanderAgent,UnityEngine.Vector3) (at Assets/Project/Scripts/Runtime/MiniBotHideAndSeekScenario.cs:754)
ArgusUnity.Runtime.MiniBotHideAndSeekScenario:KeepInsideRoom (ArgusUnity.Runtime.MiniBotHideAndSeekScenario/WanderAgent) (at Assets/Project/Scripts/Runtime/MiniBotHideAndSeekScenario.cs:705)
ArgusUnity.Runtime.MiniBotHideAndSeekScenario:FixedUpdate () (at Assets/Project/Scripts/Runtime/MiniBotHideAndSeekScenario.cs:136)

(Filename: Assets/Project/Scripts/Runtime/MiniBotHideAndSeekScenario.cs Line: 754)

MiniBotHideAndSeekScenario: wall clamp kept Hider 01 inside walkable room.
UnityEngine.StackTraceUtility:ExtractStackTrace () (at /Users/bokken/build/output/unity/unity/Runtime/Export/Scripting/StackTrace.cs:37)
UnityEngine.DebugLogHandler:LogFormat (UnityEngine.LogType,UnityEngine.Object,string,object[])
UnityEngine.Logger:Log (UnityEngine.LogType,object)
UnityEngine.Debug:Log (object)
ArgusUnity.Runtime.MiniBotHideAndSeekScenario:KeepInsideRoom (ArgusUnity.Runtime.MiniBotHideAndSeekScenario/WanderAgent) (at Assets/Project/Scripts/Runtime/MiniBotHideAndSeekScenario.cs:708)
ArgusUnity.Runtime.MiniBotHideAndSeekScenario:FixedUpdate () (at Assets/Project/Scripts/Runtime/MiniBotHideAndSeekScenario.cs:136)

(Filename: Assets/Project/Scripts/Runtime/MiniBotHideAndSeekScenario.cs Line: 708)

MiniBotHideAndSeekScenario: rotation confirmed for Hider 01.
UnityEngine.StackTraceUtility:ExtractStackTrace () (at /Users/bokken/build/output/unity/unity/Runtime/Export/Scripting/StackTrace.cs:37)
UnityEngine.DebugLogHandler:LogFormat (UnityEngine.LogType,UnityEngine.Object,string,object[])
UnityEngine.Logger:Log (UnityEngine.LogType,object)
UnityEngine.Debug:Log (object)
ArgusUnity.Runtime.MiniBotHideAndSeekScenario:FixedUpdate () (at Assets/Project/Scripts/Runtime/MiniBotHideAndSeekScenario.cs:146)

(Filename: Assets/Project/Scripts/Runtime/MiniBotHideAndSeekScenario.cs Line: 146)

AgentLocomotionDriver: happy-right turn animation active state=LocomotionBlendTree, source=Happy Right Turn.fbx, turn=0.63, speed=0.46, turnRate=57.0, headingDelta=106.3.
UnityEngine.StackTraceUtility:ExtractStackTrace () (at /Users/bokken/build/output/unity/unity/Runtime/Export/Scripting/StackTrace.cs:37)
UnityEngine.DebugLogHandler:LogFormat (UnityEngine.LogType,UnityEngine.Object,string,object[])
UnityEngine.Logger:Log (UnityEngine.LogType,object)
UnityEngine.Debug:Log (object)
ArgusUnity.Runtime.AgentLocomotionDriver:LogLocomotionSource () (at Assets/Project/Scripts/Runtime/AgentLocomotionDriver.cs:243)
ArgusUnity.Runtime.AgentLocomotionDriver:LateUpdate () (at Assets/Project/Scripts/Runtime/AgentLocomotionDriver.cs:125)

(Filename: Assets/Project/Scripts/Runtime/AgentLocomotionDriver.cs Line: 243)

MiniBotHideAndSeekScenario: wall slide adjusted drive Seeker 02, normal=0.00,1.00, speed=0.08.
UnityEngine.StackTraceUtility:ExtractStackTrace () (at /Users/bokken/build/output/unity/unity/Runtime/Export/Scripting/StackTrace.cs:37)
UnityEngine.DebugLogHandler:LogFormat (UnityEngine.LogType,UnityEngine.Object,string,object[])
UnityEngine.Logger:Log (UnityEngine.LogType,object)
UnityEngine.Debug:Log (object)
ArgusUnity.Runtime.MiniBotHideAndSeekScenario:ResolveWallContactVelocity (ArgusUnity.Runtime.MiniBotHideAndSeekScenario/WanderAgent,UnityEngine.Vector3,UnityEngine.Vector3,UnityEngine.Vector3&,bool&) (at Assets/Project/Scripts/Runtime/MiniBotHideAndSeekScenario.cs:416)
ArgusUnity.Runtime.MiniBotHideAndSeekScenario:DriveAgent (ArgusUnity.Runtime.MiniBotHideAndSeekScenario/WanderAgent,UnityEngine.Vector3,UnityEngine.Quaternion,bool) (at Assets/Project/Scripts/Runtime/MiniBotHideAndSeekScenario.cs:325)
ArgusUnity.Runtime.MiniBotHideAndSeekScenario:FixedUpdate () (at Assets/Project/Scripts/Runtime/MiniBotHideAndSeekScenario.cs:135)

(Filename: Assets/Project/Scripts/Runtime/MiniBotHideAndSeekScenario.cs Line: 416)

MiniBotHideAndSeekScenario: free-roam retarget Seeker 02 -> -2.01,0.26.
UnityEngine.StackTraceUtility:ExtractStackTrace () (at /Users/bokken/build/output/unity/unity/Runtime/Export/Scripting/StackTrace.cs:37)
UnityEngine.DebugLogHandler:LogFormat (UnityEngine.LogType,UnityEngine.Object,string,object[])
UnityEngine.Logger:Log (UnityEngine.LogType,object)
UnityEngine.Debug:Log (object)
ArgusUnity.Runtime.MiniBotHideAndSeekScenario:ResolveDesiredDirection (ArgusUnity.Runtime.MiniBotHideAndSeekScenario/WanderAgent,UnityEngine.Vector3) (at Assets/Project/Scripts/Runtime/MiniBotHideAndSeekScenario.cs:285)
ArgusUnity.Runtime.MiniBotHideAndSeekScenario:FixedUpdate () (at Assets/Project/Scripts/Runtime/MiniBotHideAndSeekScenario.cs:130)

(Filename: Assets/Project/Scripts/Runtime/MiniBotHideAndSeekScenario.cs Line: 285)

AgentLocomotionDriver: idle animation active state=Idle, source=Idle.fbx, controller=MiniBotLocomotion.
UnityEngine.StackTraceUtility:ExtractStackTrace () (at /Users/bokken/build/output/unity/unity/Runtime/Export/Scripting/StackTrace.cs:37)
UnityEngine.DebugLogHandler:LogFormat (UnityEngine.LogType,UnityEngine.Object,string,object[])
UnityEngine.Logger:Log (UnityEngine.LogType,object)
UnityEngine.Debug:Log (object)
ArgusUnity.Runtime.AgentLocomotionDriver:LogLocomotionSource () (at Assets/Project/Scripts/Runtime/AgentLocomotionDriver.cs:214)
ArgusUnity.Runtime.AgentLocomotionDriver:LateUpdate () (at Assets/Project/Scripts/Runtime/AgentLocomotionDriver.cs:125)

(Filename: Assets/Project/Scripts/Runtime/AgentLocomotionDriver.cs Line: 214)

AgentLocomotionDriver: idle animation active state=Idle, source=Idle.fbx, controller=MiniBotLocomotion.
UnityEngine.StackTraceUtility:ExtractStackTrace () (at /Users/bokken/build/output/unity/unity/Runtime/Export/Scripting/StackTrace.cs:37)
UnityEngine.DebugLogHandler:LogFormat (UnityEngine.LogType,UnityEngine.Object,string,object[])
UnityEngine.Logger:Log (UnityEngine.LogType,object)
UnityEngine.Debug:Log (object)
ArgusUnity.Runtime.AgentLocomotionDriver:LogLocomotionSource () (at Assets/Project/Scripts/Runtime/AgentLocomotionDriver.cs:214)
ArgusUnity.Runtime.AgentLocomotionDriver:LateUpdate () (at Assets/Project/Scripts/Runtime/AgentLocomotionDriver.cs:125)

(Filename: Assets/Project/Scripts/Runtime/AgentLocomotionDriver.cs Line: 214)

MiniBotHideAndSeekScenario: free-roam retarget Hider 01 -> -1.31,0.18.
UnityEngine.StackTraceUtility:ExtractStackTrace () (at /Users/bokken/build/output/unity/unity/Runtime/Export/Scripting/StackTrace.cs:37)
UnityEngine.DebugLogHandler:LogFormat (UnityEngine.LogType,UnityEngine.Object,string,object[])
UnityEngine.Logger:Log (UnityEngine.LogType,object)
UnityEngine.Debug:Log (object)
ArgusUnity.Runtime.MiniBotHideAndSeekScenario:ResolveDesiredDirection (ArgusUnity.Runtime.MiniBotHideAndSeekScenario/WanderAgent,UnityEngine.Vector3) (at Assets/Project/Scripts/Runtime/MiniBotHideAndSeekScenario.cs:285)
ArgusUnity.Runtime.MiniBotHideAndSeekScenario:FixedUpdate () (at Assets/Project/Scripts/Runtime/MiniBotHideAndSeekScenario.cs:130)

(Filename: Assets/Project/Scripts/Runtime/MiniBotHideAndSeekScenario.cs Line: 285)

ArgusVideo: wrote 240 frames to /Users/guribbong/code/Argus/tmp/wall_second_pass_frames
UnityEngine.StackTraceUtility:ExtractStackTrace () (at /Users/bokken/build/output/unity/unity/Runtime/Export/Scripting/StackTrace.cs:37)
UnityEngine.DebugLogHandler:LogFormat (UnityEngine.LogType,UnityEngine.Object,string,object[])
UnityEngine.Logger:Log (UnityEngine.LogType,object)
UnityEngine.Debug:Log (object)
ArgusUnity.Runtime.SmokeVideoCapture:LateUpdate () (at Assets/Project/Scripts/Runtime/SmokeVideoCapture.cs:68)

(Filename: Assets/Project/Scripts/Runtime/SmokeVideoCapture.cs Line: 68)

Thread 0x327407000 may have been prematurely finalized
Unloading 6 Unused Serialized files (Serialized files now loaded: 0)
Loaded scene 'Temp/__Backupscenes/0.backup'
	Deserialize:            6.775 ms
	Integration:            262.365 ms
	Integration of assets:  0.003 ms
	Thread Wait Time:       0.012 ms
	Total Operation Time:   269.155 ms
Unloading 40 unused Assets / (74.1 KB). Loaded Objects now: 4261.
Memory consumption went from 166.9 MB to 166.9 MB.
Total: 15.561542 ms (FindLiveObjects: 0.535708 ms CreateObjectMapping: 0.111625 ms MarkObjects: 12.065292 ms  DeleteObjects: 2.848084 ms)

[Licensing::Client] Successfully resolved entitlements
[UnityConnectServicesConfig] config is NOT valid, switching to default
gi::BakeBackendSwitch: switching bake backend from 3 to 2.
[00:00:00] Builtin Sky manager started.
Request timed out while processing request "https://public-cdn.cloud.unity3d.com/config/production", HTTP error code 0
.[UnityConnect] Request timed out.
Thread 0x3252c7000 may have been prematurely finalized
[Licensing::IpcConnector] License Notification channel disconnected successfully.
[Licensing::IpcConnector] License Client channel disconnected successfully.
Thread 0x30819f000 may have been prematurely finalized
Thread 0x308113000 may have been prematurely finalized
Thread 0x308087000 may have been prematurely finalized
Thread 0x308343000 may have been prematurely finalized
Thread 0x30822b000 may have been prematurely finalized
Thread 0x3082b7000 may have been prematurely finalized
Cleanup mono
[40m[32minfo[39m[22m[49m: Microsoft.Hosting.Lifetime[0]
      Application is shutting down...
[40m[32minfo[39m[22m[49m: Unity.ILPP.Runner.PostProcessingAssemblyLoadContext[0]
      ALC ILPP context 1 is unloading
debugger-agent: Unable to listen on 48
[Performance] Application.InitializeProject                                                                                                        :        1 samples, Peak.  8.21 s (1.0x), Avg.  8.21 s, Total. 8.212 s (9.5%)
[Performance] Application.PackageManager.StartServer                                                                                               :        1 samples, Peak.  3.76 ms (1.0x), Avg.  3.76 ms, Total. 3.757 ms (0.0%)
[Performance] Application.AcquireProjectLock                                                                                                       :        1 samples, Peak.  4.31 ms (1.0x), Avg.  4.31 ms, Total. 4.311 ms (0.0%)
[Performance] Application.InitializeEngineNoGraphics                                                                                               :        1 samples, Peak.  80.4 ms (1.0x), Avg.  80.4 ms, Total. 80.43 ms (0.1%)
[Performance] Application.PackageManager.Initialize                                                                                                :        1 samples, Peak.   831 ms (1.0x), Avg.   831 ms, Total. 830.9 ms (1.0%)
[Performance] Connecting to Package Manager                                                                                                        :       84 samples, Peak.  87.9 us (45.4x), Avg.  1.94 us, Total. 162.6 us (0.0%)
[Performance] Application.EngineGraphics.Initialize                                                                                                :        1 samples, Peak.   165 ms (1.0x), Avg.   165 ms, Total. 164.6 ms (0.2%)
[Performance] Application.GI.Initialize                                                                                                            :        1 samples, Peak.  7.28 ms (1.0x), Avg.  7.28 ms, Total. 7.277 ms (0.0%)
[Performance] Application.LoadAllDefaultResourcesFromEditor                                                                                        :        1 samples, Peak.  1.76 ms (1.0x), Avg.  1.76 ms, Total. 1.764 ms (0.0%)
[Performance] Application.LoadMonoAssemblies                                                                                                       :        1 samples, Peak.   561 ms (1.0x), Avg.   561 ms, Total. 561.0 ms (0.6%)
[Performance] RestoreManagedReferences                                                                                                             :        3 samples, Peak.  56.5 ms (1.9x), Avg.  30.4 ms, Total. 91.31 ms (0.1%)
[Performance] InitializeOnLoad ProjectSearch                                                                                                       :        3 samples, Peak.   276 us (1.3x), Avg.   208 us, Total. 623.1 us (0.0%)
[Performance] InitializeOnLoad AssetStoreContext                                                                                                   :        3 samples, Peak.  18.7 ms (1.2x), Avg.  16.1 ms, Total. 48.28 ms (0.1%)
[Performance] InitializeOnLoad SearchService                                                                                                       :        3 samples, Peak.   102 us (1.2x), Avg.  84.9 us, Total. 254.7 us (0.0%)
[Performance] InitializeOnLoad ObjectSelectorSearch                                                                                                :        3 samples, Peak.   210 us (1.4x), Avg.   151 us, Total. 452.0 us (0.0%)
[Performance] InitializeOnLoad NativeFormatImporterUtility                                                                                         :        3 samples, Peak.  1.55 ms (1.1x), Avg.  1.38 ms, Total. 4.153 ms (0.0%)
[Performance] InitializeOnLoad ManagedDebuggerWindow                                                                                               :        3 samples, Peak.   436 us (1.7x), Avg.   262 us, Total. 786.8 us (0.0%)
[Performance] InitializeOnLoad PrefabInstanceChangedListener                                                                                       :        3 samples, Peak.   460 us (1.1x), Avg.   423 us, Total. 1.270 ms (0.0%)
[Performance] InitializeOnLoad ManagedDebugger                                                                                                     :        3 samples, Peak.  1.58 us (1.9x), Avg.   834 ns, Total. 2.501 us (0.0%)
[Performance] InitializeOnLoad CloudBuild                                                                                                          :        3 samples, Peak.  4.08 us (1.5x), Avg.  2.69 us, Total. 8.083 us (0.0%)
[Performance] InitializeOnLoad Collab                                                                                                              :        3 samples, Peak.  7.90 ms (1.6x), Avg.  4.84 ms, Total. 14.52 ms (0.0%)
[Performance] InitializeOnLoad ShortcutIntegration                                                                                                 :        3 samples, Peak.  45.5 us (1.0x), Avg.  43.8 us, Total. 131.5 us (0.0%)
[Performance] InitializeOnLoad MixerEffectDefinitionReloader                                                                                       :        3 samples, Peak.  2.43 ms (1.6x), Avg.  1.56 ms, Total. 4.672 ms (0.0%)
[Performance] InitializeOnLoad DrivenRectTransformUndo                                                                                             :        3 samples, Peak.   216 us (1.2x), Avg.   175 us, Total. 525.1 us (0.0%)
[Performance] InitializeOnLoad WindowLayout                                                                                                        :        3 samples, Peak.   335 us (1.6x), Avg.   214 us, Total. 641.1 us (0.0%)
[Performance] InitializeOnLoad SettingsService                                                                                                     :        3 samples, Peak.  8.96 us (1.5x), Avg.  5.89 us, Total. 17.67 us (0.0%)
[Performance] InitializeOnLoad CacheServerWindow                                                                                                   :        3 samples, Peak.  8.62 us (1.4x), Avg.  5.99 us, Total. 17.96 us (0.0%)
[Performance] InitializeOnLoad MenuItems                                                                                                           :        3 samples, Peak.  51.3 us (1.1x), Avg.  48.2 us, Total. 144.7 us (0.0%)
[Performance] InitializeOnLoad CheckNavigationPackage                                                                                              :        3 samples, Peak.   257 us (1.0x), Avg.   245 us, Total. 735.1 us (0.0%)
[Performance] InitializeOnLoad UISystemProfilerRenderService                                                                                       :        3 samples, Peak.  8.25 us (1.2x), Avg.  6.82 us, Total. 20.46 us (0.0%)
[Performance] InitializeOnLoad EditMode                                                                                                            :        3 samples, Peak.   371 us (1.4x), Avg.   273 us, Total. 818.9 us (0.0%)
[Performance] InitializeOnLoad UnityConnect                                                                                                        :        3 samples, Peak.  31.5 us (1.1x), Avg.  29.1 us, Total. 87.17 us (0.0%)
[Performance] InitializeOnLoad AddComponentWindow                                                                                                  :        3 samples, Peak.  72.0 us (1.1x), Avg.  67.0 us, Total. 201.1 us (0.0%)
[Performance] InitializeOnLoad PlayModeDownload                                                                                                    :        3 samples, Peak.  2.85 ms (2.8x), Avg.  1.03 ms, Total. 3.100 ms (0.0%)
[Performance] InitializeOnLoad SceneSearch                                                                                                         :        3 samples, Peak.  53.2 us (1.4x), Avg.  36.8 us, Total. 110.3 us (0.0%)
[Performance] InitializeOnLoad EditorDelegateRegistration                                                                                          :        3 samples, Peak.   504 us (1.1x), Avg.   446 us, Total. 1.339 ms (0.0%)
[Performance] InitializeOnLoad UxmlObjectEditorFactories                                                                                           :        3 samples, Peak.   379 us (1.2x), Avg.   321 us, Total. 963.0 us (0.0%)
[Performance] InitializeOnLoad RetainedMode                                                                                                        :        3 samples, Peak.  1.71 ms (1.1x), Avg.  1.61 ms, Total. 4.819 ms (0.0%)
[Performance] InitializeOnLoad EditorShaderLoader                                                                                                  :        3 samples, Peak.   583 us (1.3x), Avg.   436 us, Total. 1.309 ms (0.0%)
[Performance] InitializeOnLoad UIDocumentHierarchyWatcher                                                                                          :        3 samples, Peak.  45.2 us (1.1x), Avg.  42.0 us, Total. 126.1 us (0.0%)
[Performance] InitializeOnLoad EditorMonitor                                                                                                       :        3 samples, Peak.  96.7 us (1.1x), Avg.  87.5 us, Total. 262.4 us (0.0%)
[Performance] InitializeOnLoad LiveReloadTrackerCreator                                                                                            :        3 samples, Peak.   138 us (1.2x), Avg.   111 us, Total. 332.5 us (0.0%)
[Performance] InitializeOnLoad UXMLEditorFactories                                                                                                 :        3 samples, Peak.  40.6 ms (1.1x), Avg.  36.9 ms, Total. 110.7 ms (0.1%)
[Performance] InitializeOnLoad ServicesRepository                                                                                                  :        3 samples, Peak.   557 us (1.1x), Avg.   515 us, Total. 1.544 ms (0.0%)
[Performance] InitializeOnLoad UDPService                                                                                                          :        3 samples, Peak.  2.26 ms (1.1x), Avg.  2.07 ms, Total. 6.214 ms (0.0%)
[Performance] InitializeOnLoad EditorGameServicesAnalytics                                                                                         :        3 samples, Peak.  1.12 ms (2.0x), Avg.   556 us, Total. 1.669 ms (0.0%)
[Performance] InitializeOnLoad CloudBuildPoller                                                                                                    :        3 samples, Peak.  79.8 us (1.1x), Avg.  70.6 us, Total. 211.9 us (0.0%)
[Performance] InitializeOnLoad BuildService                                                                                                        :        3 samples, Peak.  1.58 ms (1.2x), Avg.  1.32 ms, Total. 3.969 ms (0.0%)
[Performance] InitializeOnLoad CollabService                                                                                                       :        3 samples, Peak.  1.45 ms (1.1x), Avg.  1.35 ms, Total. 4.039 ms (0.0%)
[Performance] InitializeOnLoad PurchasingService                                                                                                   :        3 samples, Peak.  5.61 ms (1.1x), Avg.  5.15 ms, Total. 15.46 ms (0.0%)
[Performance] InitializeOnLoad CrashService                                                                                                        :        3 samples, Peak.  1.44 ms (1.1x), Avg.  1.29 ms, Total. 3.857 ms (0.0%)
[Performance] InitializeOnLoad AdsService                                                                                                          :        3 samples, Peak.  1.96 ms (1.1x), Avg.  1.78 ms, Total. 5.344 ms (0.0%)
[Performance] InitializeOnLoad AnalyticsService                                                                                                    :        3 samples, Peak.  1.52 ms (1.1x), Avg.  1.41 ms, Total. 4.222 ms (0.0%)
[Performance] InitializeOnLoad SearchWindow                                                                                                        :        3 samples, Peak.  95.7 us (1.1x), Avg.  87.7 us, Total. 263.0 us (0.0%)
[Performance] InitializeOnLoad SearchMonitor                                                                                                       :        3 samples, Peak.  7.07 ms (2.0x), Avg.  3.61 ms, Total. 10.82 ms (0.0%)
[Performance] InitializeOnLoad ParameterControllerEditor                                                                                           :        3 samples, Peak.  36.4 us (1.6x), Avg.  22.4 us, Total. 67.08 us (0.0%)
[Performance] InitializeOnLoad LayerSettingsWindow                                                                                                 :        3 samples, Peak.  17.5 us (2.0x), Avg.  8.93 us, Total. 26.79 us (0.0%)
[Performance] InitializeOnLoad PackageManagerHookGUIDConverter.RegisterPackagesEventHandler                                                        :        3 samples, Peak.   530 us (2.1x), Avg.   248 us, Total. 743.8 us (0.0%)
[Performance] InitializeOnLoad EditorDragAndDrop.RegisterEditorClient                                                                              :        3 samples, Peak.   194 us (1.2x), Avg.   163 us, Total. 489.5 us (0.0%)
[Performance] InitializeOnLoad EditorEventCallbacks.InitializeFontAssetResourceChangeCallBacks                                                     :        3 samples, Peak.   759 us (1.1x), Avg.   700 us, Total. 2.101 ms (0.0%)
[Performance] InitializeOnLoad SceneTemplateService.Init                                                                                           :        3 samples, Peak.   918 us (1.2x), Avg.   771 us, Total. 2.313 ms (0.0%)
[Performance] InitializeOnLoad DiagnosticSwitchesConsoleMessage.Init                                                                               :        3 samples, Peak.  2.34 ms (1.4x), Avg.  1.70 ms, Total. 5.110 ms (0.0%)
[Performance] InitializeOnLoad ScopedRegistryAddedPopup.SubscribeToRegistriesAdded                                                                 :        3 samples, Peak.  39.5 ms (2.3x), Avg.  17.0 ms, Total. 50.85 ms (0.1%)
[Performance] InitializeOnLoad PackageManagerWindow.EditorInitializedInSafeMode                                                                    :        3 samples, Peak.  1.18 ms (2.6x), Avg.   462 us, Total. 1.387 ms (0.0%)
[Performance] InitializeOnLoad MemoryProfilerCompilationGuard.InjectCompileGuard                                                                   :        3 samples, Peak.  83.8 us (1.5x), Avg.  54.1 us, Total. 162.3 us (0.0%)
[Performance] InitializeOnLoad SceneVisibilityManager.Initialize                                                                                   :        3 samples, Peak.  3.54 ms (2.3x), Avg.  1.53 ms, Total. 4.577 ms (0.0%)
[Performance] InitializeOnLoad AssetPostprocessingInternal.RefreshCustomDependencies                                                               :        3 samples, Peak.  3.07 ms (1.2x), Avg.  2.54 ms, Total. 7.610 ms (0.0%)
[Performance] InitializeOnLoad ToolShortcutContext.Init                                                                                            :        3 samples, Peak.  88.3 us (1.0x), Avg.  84.2 us, Total. 252.6 us (0.0%)
[Performance] InitializeOnLoad SysrootManager.Initialize                                                                                           :        3 samples, Peak.   329 us (1.1x), Avg.   295 us, Total. 883.6 us (0.0%)
[Performance] InitializeOnLoad EditorWindow.Initialize                                                                                             :        3 samples, Peak.   111 us (1.1x), Avg.  97.0 us, Total. 291.1 us (0.0%)
[Performance] AssemblyReloadEvents.afterAssemblyReload: UnityEditor.SceneTemplate.SceneTemplateService.AfterAssemblyReload                         :        3 samples, Peak.  2.40 ms (1.4x), Avg.  1.70 ms, Total. 5.100 ms (0.0%)
[Performance] ProcessService.EditorAfterLoadAllAssemblies                                                                                          :        3 samples, Peak.   310 us (1.1x), Avg.   280 us, Total. 840.8 us (0.0%)
[Performance] Application.ReadLicenseInfo                                                                                                          :        1 samples, Peak.  18.2 ms (1.0x), Avg.  18.2 ms, Total. 18.19 ms (0.0%)
[Performance] Application.InitialRefresh                                                                                                           :        1 samples, Peak.  4.58 s (1.0x), Avg.  4.58 s, Total. 4.576 s (5.3%)
[Performance] Compiling Scripts                                                                                                                    :        1 samples, Peak.  1.10 s (1.0x), Avg.  1.10 s, Total. 1.098 s (1.3%)
[Performance] AssemblyReloadEvents.beforeAssemblyReload: UnityEditor.SceneTemplate.SceneTemplateService.BeforeAssemblyReload                       :        2 samples, Peak.   469 us (1.2x), Avg.   398 us, Total. 795.7 us (0.0%)
[Performance] InitializeOnLoad BurstLoader                                                                                                         :        2 samples, Peak.  1.30 s (2.0x), Avg.   656 ms, Total. 1.311 s (1.5%)
[Performance] InitializeOnLoad ShadowCasterGroup2DManager                                                                                          :        2 samples, Peak.  72.1 us (1.1x), Avg.  63.9 us, Total. 127.8 us (0.0%)
[Performance] InitializeOnLoad RealtimeProbeSubdivisionDebug                                                                                       :        2 samples, Peak.   181 us (1.1x), Avg.   163 us, Total. 326.9 us (0.0%)
[Performance] InitializeOnLoad ProbeGIBaking                                                                                                       :        2 samples, Peak.  3.64 ms (1.5x), Avg.  2.50 ms, Total. 5.000 ms (0.0%)
[Performance] InitializeOnLoad FilterWindow                                                                                                        :        2 samples, Peak.   179 us (1.8x), Avg.  99.8 us, Total. 199.7 us (0.0%)
[Performance] InitializeOnLoad NodeClassCache                                                                                                      :        2 samples, Peak.  96.4 us (1.9x), Avg.  50.1 us, Total. 100.2 us (0.0%)
[Performance] InitializeOnLoad ShaderGraphMaterialsUpdater                                                                                         :        4 samples, Peak.   549 us (2.4x), Avg.   230 us, Total. 920.6 us (0.0%)
[Performance] InitializeOnLoad PrefabLayoutRebuilder                                                                                               :        2 samples, Peak.   924 us (1.8x), Avg.   528 us, Total. 1.055 ms (0.0%)
[Performance] InitializeOnLoad BackgroundWatcher                                                                                                   :        2 samples, Peak.   195 us (1.5x), Avg.   127 us, Total. 254.8 us (0.0%)
[Performance] InitializeOnLoad UnityTestProtocolStarter                                                                                            :        2 samples, Peak.   301 us (1.0x), Avg.   291 us, Total. 581.7 us (0.0%)
[Performance] InitializeOnLoad TestStarter                                                                                                         :        2 samples, Peak.  3.41 ms (1.8x), Avg.  1.89 ms, Total. 3.778 ms (0.0%)
[Performance] InitializeOnLoad RerunCallbackInitializer                                                                                            :        2 samples, Peak.  2.34 ms (1.3x), Avg.  1.82 ms, Total. 3.638 ms (0.0%)
[Performance] InitializeOnLoad EditorToolManager                                                                                                   :        2 samples, Peak.  1.65 ms (1.3x), Avg.  1.31 ms, Total. 2.628 ms (0.0%)
[Performance] InitializeOnLoad Renderer2DAnalytics                                                                                                 :        2 samples, Peak.  85.6 us (1.3x), Avg.  67.1 us, Total. 134.2 us (0.0%)
[Performance] InitializeOnLoad RendererDataPatcher                                                                                                 :        2 samples, Peak.  42.7 ms (1.2x), Avg.  34.3 ms, Total. 68.55 ms (0.1%)
[Performance] InitializeOnLoad MaterialReimporter.RegisterUpgraderReimport                                                                         :        4 samples, Peak.   506 us (1.9x), Avg.   261 us, Total. 1.043 ms (0.0%)
[Performance] InitializeOnLoad $BurstDirectCallInitializer.Initialize                                                                              :        2 samples, Peak.  10.5 ms (1.3x), Avg.  8.32 ms, Total. 16.63 ms (0.0%)
[Performance] InitializeOnLoad TestJobDataHolder.ResumeRunningJobs                                                                                 :        2 samples, Peak.   798 us (1.8x), Avg.   443 us, Total. 885.1 us (0.0%)
[Performance] InitializeOnLoad AnalyticsReporter.RegisterCallbacks                                                                                 :        2 samples, Peak.   206 us (1.1x), Avg.   185 us, Total. 370.5 us (0.0%)
[Performance] InitializeOnLoad CoreRenderPipelinePreferences.InitPreferenceProviders                                                               :        2 samples, Peak.  34.1 ms (1.2x), Avg.  29.5 ms, Total. 59.01 ms (0.1%)
[Performance] InitializeOnLoad VolumeGizmoDrawer.InitVolumeGizmoCallbacks                                                                          :        2 samples, Peak.   265 us (1.1x), Avg.   245 us, Total. 489.8 us (0.0%)
[Performance] DidReloadScriptsTestRunnerWindow.CompilationCallback                                                                                 :        2 samples, Peak.   578 us (1.2x), Avg.   503 us, Total. 1.005 ms (0.0%)
[Performance] DidReloadScriptsTestListCache.ScriptReloaded                                                                                         :        2 samples, Peak.   780 us (1.8x), Avg.   436 us, Total. 871.5 us (0.0%)
[Performance] DidReloadScriptsDebugWindow.OnEditorReload                                                                                           :        2 samples, Peak.   114 ms (1.9x), Avg.  60.7 ms, Total. 121.4 ms (0.1%)
[Performance] DidReloadScriptsLookDev.OnEditorReload                                                                                               :        2 samples, Peak.   170 us (1.1x), Avg.   148 us, Total. 296.8 us (0.0%)
[Performance] DidReloadScriptsVolumeComponentEditor.OnEditorReload                                                                                 :        2 samples, Peak.  14.3 ms (1.1x), Avg.  13.1 ms, Total. 26.23 ms (0.0%)
[Performance] DidReloadScriptsOnScriptsReloadHandler.OnScriptsReloaded                                                                             :        2 samples, Peak.  1.02 ms (1.2x), Avg.   821 us, Total. 1.643 ms (0.0%)
[Performance] DidReloadScriptsAdvancedDropdownWindow.OnScriptReload                                                                                :        2 samples, Peak.   143 us (1.0x), Avg.   138 us, Total. 275.7 us (0.0%)
[Performance] SyncVS.PostprocessSyncProject                                                                                                        :       20 samples, Peak.   849 us (9.3x), Avg.  91.1 us, Total. 1.821 ms (0.0%)
[Performance] Application.ImportPackagesAndSetTemplateWhenCreatingProject                                                                          :        1 samples, Peak.  68.8 ms (1.0x), Avg.  68.8 ms, Total. 68.76 ms (0.1%)
[Performance] Application.SyncCurrentColorSpace                                                                                                    :        1 samples, Peak.   441 ms (1.0x), Avg.   441 ms, Total. 441.0 ms (0.5%)
[Performance] Application.OnUsbDevicesChanged                                                                                                      :        1 samples, Peak.   605 us (1.0x), Avg.   605 us, Total. 604.6 us (0.0%)
[Performance] Application.AssetInstanceCacheUpdate                                                                                                 :        1 samples, Peak.   125 ns (1.0x), Avg.   125 ns, Total. 125.0 ns (0.0%)
[Performance] Application.UnityExtensions.Initialize                                                                                               :        1 samples, Peak.  6.82 ms (1.0x), Avg.  6.82 ms, Total. 6.818 ms (0.0%)
[Performance] CodeEditorProjectSync.SyncEditorProject                                                                                              :        1 samples, Peak.   499 us (1.0x), Avg.   499 us, Total. 499.4 us (0.0%)
[Performance] Application.ExecuteStartups                                                                                                          :        1 samples, Peak.  59.8 ms (1.0x), Avg.  59.8 ms, Total. 59.75 ms (0.1%)
[Performance] Menu.RegisterMenuInterface                                                                                                           :       26 samples, Peak.   135 us (25.1x), Avg.  5.38 us, Total. 139.8 us (0.0%)
[Performance] Gizmo.RebuildRenderers                                                                                                               :        4 samples, Peak.  56.7 ms (3.7x), Avg.  15.4 ms, Total. 61.72 ms (0.1%)
[Performance] Gizmo.AddGizmoRenderers                                                                                                              :      220 samples, Peak.  5.96 ms (111.4x), Avg.  53.4 us, Total. 11.76 ms (0.0%)
[Performance] Application.editorInitializingProject                                                                                                :        1 samples, Peak.  70.8 ms (1.0x), Avg.  70.8 ms, Total. 70.77 ms (0.1%)
[Performance] Application.FinishLoadingProject                                                                                                     :        1 samples, Peak.  5.23 s (1.0x), Avg.  5.23 s, Total. 5.229 s (6.0%)
[Performance] Application.InitializeMenu                                                                                                           :        1 samples, Peak.   159 ms (1.0x), Avg.   159 ms, Total. 159.5 ms (0.2%)
[Performance] Menu.RebuildAll                                                                                                                      :        1 samples, Peak.   159 ms (1.0x), Avg.   159 ms, Total. 159.3 ms (0.2%)
[Performance] Menu.BuildRegisteredMenuInterfaces                                                                                                   :        1 samples, Peak.   147 ms (1.0x), Avg.   147 ms, Total. 146.8 ms (0.2%)
[Performance] Menu.FilterMenuItem                                                                                                                  :     1051 samples, Peak.   110 ms (1044.7x), Avg.   105 us, Total. 110.7 ms (0.1%)
[Performance] UpdateAllMenus                                                                                                                       :        3 samples, Peak.  36.4 ms (2.3x), Avg.  15.9 ms, Total. 47.66 ms (0.1%)
[Performance] Selection.selectionChanged: UnityEditor.PackageManager.UI.Internal.SelectionProxy.OnSelectionChanged                                 :        1 samples, Peak.   564 us (1.0x), Avg.   564 us, Total. 564.0 us (0.0%)
[Performance] Selection.selectionChanged: UnityEditorInternal.EditMode.OnSelectionChange                                                           :        1 samples, Peak.   218 us (1.0x), Avg.   218 us, Total. 217.9 us (0.0%)
[Performance] EditorSceneManager.sceneClosing: UnityEditor.SceneVisibilityManager.EditorSceneManagerOnSceneClosing                                 :        5 samples, Peak.   207 us (1.8x), Avg.   115 us, Total. 573.3 us (0.0%)
[Performance] EditorSceneManager.sceneClosed: callback in UnityEditor.Search.SearchMonitor                                                         :        4 samples, Peak.   157 us (2.7x), Avg.  57.2 us, Total. 228.7 us (0.0%)
[Performance] EditorSceneManager.activeSceneChangedInEditMode: callback in UnityEditor.Search.SearchMonitor                                        :        4 samples, Peak.  60.7 us (3.0x), Avg.  20.3 us, Total. 81.00 us (0.0%)
[Performance] GUIView.RepaintAll.PlayerLoopController                                                                                              :      243 samples, Peak.   968 ms (4.0x), Avg.   239 ms, Total. 58.08 s (67.0%)
[Performance] EditorSceneManager.newSceneCreated: UnityEditor.SceneTemplate.SceneTemplateService.OnNewSceneCreated                                 :        2 samples, Peak.   282 us (2.0x), Avg.   142 us, Total. 283.6 us (0.0%)
[Performance] EditorSceneManager.newSceneCreated: UnityEditor.SceneVisibilityManager.EditorSceneManagerOnNewSceneCreated                           :        2 samples, Peak.   194 us (2.0x), Avg.  99.4 us, Total. 198.8 us (0.0%)
[Performance] EditorSceneManager.newSceneCreated: UnityEditor.SceneManagement.StageNavigationManager.OnNewSceneCreated                             :        2 samples, Peak.  45.6 us (1.6x), Avg.  27.9 us, Total. 55.88 us (0.0%)
[Performance] Application.InvokeFinishedLoadingProject                                                                                             :        1 samples, Peak.  36.9 ms (1.0x), Avg.  36.9 ms, Total. 36.92 ms (0.0%)
[Performance] ProcessService.OnProjectLoaded                                                                                                       :        1 samples, Peak.   143 us (1.0x), Avg.   143 us, Total. 142.6 us (0.0%)
[Performance] VersionControl.Task.Wait                                                                                                             :        1 samples, Peak.  51.0 us (1.0x), Avg.  51.0 us, Total. 50.96 us (0.0%)
[Performance] AssetDatabase.Refresh                                                                                                                :        1 samples, Peak.   341 ms (1.0x), Avg.   341 ms, Total. 340.8 ms (0.4%)
[Performance] AssetDatabase.ImportAsset                                                                                                            :       14 samples, Peak.   319 ms (1.9x), Avg.   166 ms, Total. 2.326 s (2.7%)
[Performance] PresetManagerPostProcessor.OnPreprocessAsset                                                                                         :       20 samples, Peak.   219 us (10.0x), Avg.  22.0 us, Total. 440.0 us (0.0%)
[Performance] CancelSplashScreenOnAssetChange.OnPreprocessAsset                                                                                    :       20 samples, Peak.   501 us (18.3x), Avg.  27.4 us, Total. 547.7 us (0.0%)
[Performance] ShaderGraphAssetPostProcessor.OnPreprocessAsset                                                                                      :       20 samples, Peak.   350 us (16.7x), Avg.  21.0 us, Total. 419.1 us (0.0%)
[Performance] SceneDataContainer.TransformHierarchyChangedSetParentCallback                                                                        :      924 samples, Peak.  12.0 us (22.1x), Avg.   540 ns, Total. 499.0 us (0.0%)
[Performance] SceneVisibilityState.IsFlagSetInParents                                                                                              :     3150 samples, Peak.  5.33 us (24.4x), Avg.   219 ns, Total. 689.8 us (0.0%)
[Performance] AssetDatabase.ImportAssets                                                                                                           :       24 samples, Peak.  34.8 ms (13.2x), Avg.  2.64 ms, Total. 63.34 ms (0.1%)
[Performance] BuilderAssetPostprocessor.OnPostprocessAllAssets                                                                                     :       36 samples, Peak.  2.61 ms (14.5x), Avg.   180 us, Total. 6.484 ms (0.0%)
[Performance] ArtifactBrowserPostProcessor.OnPostprocessAllAssets                                                                                  :       36 samples, Peak.   293 us (14.8x), Avg.  19.7 us, Total. 710.7 us (0.0%)
[Performance] AssetEvents.OnPostprocessAllAssets                                                                                                   :       72 samples, Peak.   141 us (14.7x), Avg.  9.61 us, Total. 691.7 us (0.0%)
[Performance] AudioMixerPostprocessor.OnPostprocessAllAssets                                                                                       :       36 samples, Peak.   212 us (15.3x), Avg.  13.9 us, Total. 501.1 us (0.0%)
[Performance] StyleCatalogPostProcessor.OnPostprocessAllAssets                                                                                     :       36 samples, Peak.  13.3 ms (17.7x), Avg.   752 us, Total. 27.08 ms (0.0%)
[Performance] BuildCatalog                                                                                                                         :        2 samples, Peak.  12.6 ms (1.1x), Avg.  11.8 ms, Total. 23.57 ms (0.0%)
[Performance] ModelImporterPostProcessor.OnPostprocessAllAssets                                                                                    :       36 samples, Peak.  10.3 ms (5.6x), Avg.  1.83 ms, Total. 66.02 ms (0.1%)
[Performance] MaterialPostprocessor.OnPostprocessAllAssets                                                                                         :       72 samples, Peak.  1.00 ms (11.2x), Avg.  89.5 us, Total. 6.446 ms (0.0%)
[Performance] RetainedModeAssetPostprocessor.OnPostprocessAllAssets                                                                                :       36 samples, Peak.  1.28 ms (13.9x), Avg.  92.5 us, Total. 3.331 ms (0.0%)
[Performance] AssetChangedListener.OnPostprocessAllAssets                                                                                          :       36 samples, Peak.  5.63 ms (14.4x), Avg.   391 us, Total. 14.09 ms (0.0%)
[Performance] PostProcessor.OnPostprocessAllAssets                                                                                                 :       36 samples, Peak.   392 us (10.3x), Avg.  38.0 us, Total. 1.369 ms (0.0%)
[Performance] ShaderGraphAssetPostProcessor.OnPostprocessAllAssets                                                                                 :       36 samples, Peak.  1.24 ms (6.9x), Avg.   180 us, Total. 6.484 ms (0.0%)
[Performance] SpeedTreePostProcessor.OnPostprocessAllAssets                                                                                        :       36 samples, Peak.   137 us (7.4x), Avg.  18.4 us, Total. 662.0 us (0.0%)
[Performance] TextAssetPostProcessor.OnPostprocessAllAssets                                                                                        :       36 samples, Peak.   253 us (11.8x), Avg.  21.5 us, Total. 773.9 us (0.0%)
[Performance] ModelImporter.Import                                                                                                                 :       10 samples, Peak.   279 ms (1.6x), Avg.   173 ms, Total. 1.734 s (2.0%)
[Performance] FBXMaterialDescriptionPreprocessor.OnPreprocessMaterialDescription                                                                   :       20 samples, Peak.  3.82 ms (7.3x), Avg.   521 us, Total. 10.42 ms (0.0%)
[Performance] SketchupMaterialDescriptionPreprocessor.OnPreprocessMaterialDescription                                                              :       20 samples, Peak.   327 us (13.2x), Avg.  24.8 us, Total. 496.2 us (0.0%)
[Performance] ThreeDSMaterialDescriptionPreprocessor.OnPreprocessMaterialDescription                                                               :       20 samples, Peak.   318 us (14.3x), Avg.  22.2 us, Total. 444.9 us (0.0%)
[Performance] AutodeskInteractiveMaterialImport.OnPreprocessMaterialDescription                                                                    :       10 samples, Peak.  1.04 ms (9.7x), Avg.   108 us, Total. 1.077 ms (0.0%)
[Performance] FBXArnoldSurfaceMaterialDescriptionPreprocessor.OnPreprocessMaterialDescription                                                      :       10 samples, Peak.   168 us (7.9x), Avg.  21.3 us, Total. 212.7 us (0.0%)
[Performance] PhysicalMaterial3DsMaxPreprocessor.OnPreprocessMaterialDescription                                                                   :       10 samples, Peak.   118 us (7.1x), Avg.  16.5 us, Total. 164.8 us (0.0%)
[Performance] ModelPostprocessor.OnPostprocessModel                                                                                                :       10 samples, Peak.  8.68 ms (9.8x), Avg.   882 us, Total. 8.821 ms (0.0%)
[Performance] TreeAOImporter.OnPostprocessModel                                                                                                    :       10 samples, Peak.   607 us (8.9x), Avg.  68.3 us, Total. 683.2 us (0.0%)
[Performance] AssetDatabase.DeleteAssets                                                                                                           :        1 samples, Peak.  42.4 ms (1.0x), Avg.  42.4 ms, Total. 42.40 ms (0.0%)
[Performance] BuilderAssetModificationProcessor.OnWillDeleteAsset                                                                                  :        1 samples, Peak.  1.19 ms (1.0x), Avg.  1.19 ms, Total. 1.185 ms (0.0%)
[Performance] TMP_FontAssetPostProcessor.OnWillDeleteAsset                                                                                         :        1 samples, Peak.   250 us (1.0x), Avg.   250 us, Total. 249.9 us (0.0%)
[Performance] CancelSplashScreenOnAssetDelete.OnWillDeleteAsset                                                                                    :        1 samples, Peak.   181 us (1.0x), Avg.   181 us, Total. 180.9 us (0.0%)
[Performance] ShaderImporter.SourceAssetModified                                                                                                   :        4 samples, Peak.   416 ns (1.7x), Avg.   250 ns, Total. 999.0 ns (0.0%)
[Performance] ShaderIncludeImporter.SourceAssetModified                                                                                            :        4 samples, Peak.   541 ns (1.4x), Avg.   396 ns, Total. 1.583 us (0.0%)
[Performance] EditorApplication.projectChanged: UnityEditor.Audio.MixerEffectDefinitionReloader.OnProjectChanged                                   :        3 samples, Peak.   541 us (1.5x), Avg.   369 us, Total. 1.106 ms (0.0%)
[Performance] MaterialModificationProcessor.OnWillCreateAsset                                                                                      :        6 samples, Peak.   181 us (3.0x), Avg.  59.3 us, Total. 356.0 us (0.0%)
[Performance] BuilderAssetModificationProcessor.OnWillCreateAsset                                                                                  :        3 samples, Peak.   184 us (2.7x), Avg.  69.2 us, Total. 207.7 us (0.0%)
[Performance] Undo.willFlushUndoRecord: UnityEditor.DrivenRectTransformUndo.ForceUpdateCanvases                                                    :        1 samples, Peak.   129 us (1.0x), Avg.   129 us, Total. 128.7 us (0.0%)
[Performance] BuilderAssetModificationProcessor.OnWillSaveAssets                                                                                   :        3 samples, Peak.   562 us (2.3x), Avg.   242 us, Total. 726.9 us (0.0%)
[Performance] TerrainModificationProcessor.OnWillSaveAssets                                                                                        :        3 samples, Peak.   981 us (1.9x), Avg.   517 us, Total. 1.550 ms (0.0%)
[Performance] EditorSceneManager.sceneSaving: UnityEditor.SceneTemplate.SceneTemplateService.OnSceneSaving                                         :        1 samples, Peak.   181 us (1.0x), Avg.   181 us, Total. 181.4 us (0.0%)
[Performance] EditorSceneManager.sceneSaving: UnityEditor.SceneVisibilityManager.EditorSceneManagerOnSceneSaving                                   :        1 samples, Peak.  83.3 us (1.0x), Avg.  83.3 us, Total. 83.25 us (0.0%)
[Performance] EditorSceneManager.sceneSaved: UnityEditor.SceneTemplate.SceneTemplateService.OnSceneSaved                                           :        1 samples, Peak.   197 ms (1.0x), Avg.   197 ms, Total. 196.8 ms (0.2%)
[Performance] EditorSceneManager.sceneSaved: UnityEditor.SceneVisibilityManager.EditorSceneManagerOnSceneSaved                                     :        1 samples, Peak.  96.9 us (1.0x), Avg.  96.9 us, Total. 96.92 us (0.0%)
[Performance] EditorSceneManager.sceneOpening: UnityEditor.SceneVisibilityManager.EditorSceneManagerOnSceneOpening                                 :        1 samples, Peak.  94.6 us (1.0x), Avg.  94.6 us, Total. 94.58 us (0.0%)
[Performance] Inspector.InitOrRebuild                                                                                                              :        3 samples, Peak.   775 us (1.6x), Avg.   483 us, Total. 1.450 ms (0.0%)
[Performance] EditorSceneManager.sceneOpened: callback in UnityEditor.Search.SearchMonitor                                                         :        1 samples, Peak.  50.5 us (1.0x), Avg.  50.5 us, Total. 50.54 us (0.0%)
[Performance] EditorSceneManager.sceneOpened: UnityEditor.SceneTemplate.SceneTemplateService.OnSceneOpened                                         :        1 samples, Peak.   241 us (1.0x), Avg.   241 us, Total. 241.5 us (0.0%)
[Performance] EditorSceneManager.sceneOpened: UnityEditor.SceneVisibilityManager.EditorSceneManagerOnSceneOpened                                   :        1 samples, Peak.   127 us (1.0x), Avg.   127 us, Total. 126.6 us (0.0%)
[Performance] EditorSceneManager.sceneOpened: UnityEditor.SceneManagement.StageNavigationManager.OnSceneOpened                                     :        1 samples, Peak.  36.4 us (1.0x), Avg.  36.4 us, Total. 36.42 us (0.0%)
[Performance] Menu.Game                                                                                                                            :        1 samples, Peak.   403 ms (1.0x), Avg.   403 ms, Total. 402.5 ms (0.5%)
[Performance] MenuItem.Game                                                                                                                        :        1 samples, Peak.   402 ms (1.0x), Avg.   402 ms, Total. 402.2 ms (0.5%)
[Performance] EditorResources.Load                                                                                                                 :      221 samples, Peak.  22.2 ms (86.2x), Avg.   257 us, Total. 56.83 ms (0.1%)
[Performance] EditorApplication.playModeStateChanged                                                                                               :        2 samples, Peak.  5.23 ms (1.3x), Avg.  4.03 ms, Total. 8.055 ms (0.0%)
[Performance] EditorApplication.playModeStateChanged: UnityEditor.PackageManager.UI.Internal.PlayModeDownload.PlayModeStateChanged                 :        4 samples, Peak.   494 us (2.8x), Avg.   174 us, Total. 695.6 us (0.0%)
[Performance] EditorApplication.playModeStateChanged: UnityEditor.SceneManagement.EditorSceneManager.PlayModeStateChangedCallback                  :        4 samples, Peak.  30.4 us (2.1x), Avg.  14.5 us, Total. 57.83 us (0.0%)
[Performance] EditorApplication.playModeStateChanged: UnityEditor.Search.SearchMonitor.OnPlayModeChanged                                           :        3 samples, Peak.  2.47 ms (2.8x), Avg.   891 us, Total. 2.674 ms (0.0%)
[Performance] EditorApplication.playModeStateChanged: Unity.Burst.Editor.BurstLoader.EditorApplicationOnPlayModeStateChanged                       :        4 samples, Peak.   509 us (3.0x), Avg.   170 us, Total. 678.2 us (0.0%)
[Performance] EditorApplication.playModeStateChanged: UnityEngine.Rendering.Universal.ShadowCasterGroup2DManager.OnPlayModeStateChanged            :        4 samples, Peak.   147 us (2.3x), Avg.  64.2 us, Total. 257.0 us (0.0%)
[Performance] EditorApplication.playModeStateChanged: UnityEditor.TestTools.TestRunner.PlaymodeLauncher+BackgroundWatcher.OnPlayModeStateChanged   :        4 samples, Peak.   542 us (1.7x), Avg.   324 us, Total. 1.295 ms (0.0%)
[Performance] EditorApplication.playModeStateChanged: UnityEditor.PackageManager.UI.Internal.ApplicationProxy.PlayModeStateChanged                 :        4 samples, Peak.   120 us (1.9x), Avg.  62.1 us, Total. 248.2 us (0.0%)
[Performance] EditorApplication.playModeStateChanged: UnityEditor.SceneVisibilityManager.EditorApplicationPlayModeStateChanged                     :        4 samples, Peak.  31.1 us (2.1x), Avg.  14.8 us, Total. 59.09 us (0.0%)
[Performance] EditorApplication.playModeStateChanged: UnityEditor.TestTools.TestRunner.TestRunnerWindow.OnPlayModeStateChanged                     :        4 samples, Peak.  81.3 us (2.0x), Avg.  39.8 us, Total. 159.2 us (0.0%)
[Performance] EditorApplication.playModeStateChanged: UnityEditor.GameView.OnPlayModeStateChanged                                                  :        4 samples, Peak.  64.0 us (2.3x), Avg.  28.1 us, Total. 112.2 us (0.0%)
[Performance] EditorApplication.playModeStateChanged: UnityEditor.UIElements.DefaultEditorWindowBackend.PlayModeStateChangedCallback               :        4 samples, Peak.   632 us (2.1x), Avg.   301 us, Total. 1.202 ms (0.0%)
[Performance] Application.InvokeProjectWasLoaded                                                                                                   :        1 samples, Peak.  20.6 us (1.0x), Avg.  20.6 us, Total. 20.58 us (0.0%)
[Performance] Application.Tick                                                                                                                     :      239 samples, Peak.  2.15 s (7.5x), Avg.   286 ms, Total. 68.33 s (78.8%)
[Performance] CheckLicensingClient                                                                                                                 :       13 samples, Peak.   233 us (7.0x), Avg.  33.3 us, Total. 433.0 us (0.0%)
[Performance] CheckLicensingClientNotification                                                                                                     :       13 samples, Peak.   190 us (6.6x), Avg.  29.0 us, Total. 376.6 us (0.0%)
[Performance] Application.TickVersionControl                                                                                                       :      240 samples, Peak.   137 us (47.8x), Avg.  2.87 us, Total. 688.5 us (0.0%)
[Performance] MonoCompiler.Tick                                                                                                                    :       64 samples, Peak.  1.94 s (63.9x), Avg.  30.3 ms, Total. 1.939 s (2.2%)
[Performance] Application.EnterPlayMode                                                                                                            :        1 samples, Peak.  1.93 s (1.0x), Avg.  1.93 s, Total. 1.931 s (2.2%)
[Performance] Application.Reload                                                                                                                   :        1 samples, Peak.   959 ms (1.0x), Avg.   959 ms, Total. 959.0 ms (1.1%)
[Performance] AssemblyReloadEvents.beforeAssemblyReload: UnityEditor.Search.SearchMonitor.OnBeforeAssemblyReload                                   :        1 samples, Peak.  1.36 ms (1.0x), Avg.  1.36 ms, Total. 1.363 ms (0.0%)
[Performance] UnityBuildPostprocessor.OnProcessScene                                                                                               :        1 samples, Peak.   822 us (1.0x), Avg.   822 us, Total. 822.4 us (0.0%)
[Performance] GameView.Repaint                                                                                                                     :      242 samples, Peak.   248 ms (83.1x), Avg.  2.98 ms, Total. 720.7 ms (0.8%)
[Performance] RefreshSkin                                                                                                                          :        1 samples, Peak.  82.7 ms (1.0x), Avg.  82.7 ms, Total. 82.73 ms (0.1%)
[Performance] UnityConnect.Tick                                                                                                                    :        2 samples, Peak.  6.55 ms (1.7x), Avg.  3.77 ms, Total. 7.545 ms (0.0%)
[Performance] Collab.Tick                                                                                                                          :        2 samples, Peak.   496 us (2.0x), Avg.   250 us, Total. 500.5 us (0.0%)
[Performance] CurlRequest.Tick                                                                                                                     :      101 samples, Peak.   412 us (74.7x), Avg.  5.52 us, Total. 557.3 us (0.0%)
[Performance] WebSocketClient.Tick                                                                                                                 :      101 samples, Peak.   157 us (60.9x), Avg.  2.58 us, Total. 260.3 us (0.0%)
[Performance] AssetDatabase.Tick                                                                                                                   :      101 samples, Peak.  42.8 us (55.6x), Avg.   770 ns, Total. 77.79 us (0.0%)
[Performance] SceneBackgroundTask.Tick                                                                                                             :       66 samples, Peak.  4.58 us (10.0x), Avg.   457 ns, Total. 30.17 us (0.0%)
[Performance] Scheduler.Tick                                                                                                                       :      240 samples, Peak.  4.48 ms (63.2x), Avg.  70.9 us, Total. 17.01 ms (0.0%)
[Performance] RepaintAllProfilerWindows                                                                                                            :       62 samples, Peak.   196 us (18.0x), Avg.  10.9 us, Total. 675.1 us (0.0%)
[Performance] PlayerUpdates.Tick                                                                                                                   :      134 samples, Peak.  60.8 us (4.2x), Avg.  14.5 us, Total. 1.944 ms (0.0%)
[Performance] Application.TickGlobalCallbacks                                                                                                      :      240 samples, Peak.  54.1 ms (174.3x), Avg.   310 us, Total. 74.50 ms (0.1%)
[Performance] EditorAnalytics.Tick                                                                                                                 :       63 samples, Peak.   255 us (11.4x), Avg.  22.3 us, Total. 1.403 ms (0.0%)
[Performance] Video.Update                                                                                                                         :      240 samples, Peak.  4.12 us (8.5x), Avg.   486 ns, Total. 116.7 us (0.0%)
[Performance] Application.TickProgress                                                                                                             :      240 samples, Peak.  2.12 ms (200.8x), Avg.  10.6 us, Total. 2.540 ms (0.0%)
[Performance] Application.TickSceneTracker                                                                                                         :      240 samples, Peak.  10.1 ms (64.4x), Avg.   156 us, Total. 37.55 ms (0.0%)
[Performance] ObjectChangeEvents.changesPublished: UnityEditor.PrefabInstanceChangedListener.OnObjectChanged                                       :        1 samples, Peak.   567 us (1.0x), Avg.   567 us, Total. 567.0 us (0.0%)
[Performance] ObjectChangeEvents.changesPublished: UnityEditor.Search.SearchMonitor.OnObjectChanged                                                :        1 samples, Peak.   313 us (1.0x), Avg.   313 us, Total. 313.1 us (0.0%)
[Performance] EditorApplication.update                                                                                                             :      240 samples, Peak.  8.11 ms (56.9x), Avg.   142 us, Total. 34.19 ms (0.0%)
[Performance] EditorApplication.update: UnityEngine.Rendering.ProbeSubdivisionContext+RealtimeProbeSubdivisionDebug.UpdateRealtimeSubdivisionDebug :      240 samples, Peak.  2.08 ms (157.1x), Avg.  13.2 us, Total. 3.177 ms (0.0%)
[Performance] EditorApplication.update: callback in UnityEditor.Rendering.Universal.MaterialReimporter                                             :      240 samples, Peak.   982 us (94.6x), Avg.  10.4 us, Total. 2.491 ms (0.0%)
[Performance] EditorApplication.update: UnityEditor.PackageManager.UI.Internal.ApplicationProxy.OnUpdate                                           :      240 samples, Peak.  2.15 ms (28.7x), Avg.  75.1 us, Total. 18.01 ms (0.0%)
[Performance] EditorApplication.update: UnityEditor.GameView.RepaintIfNeeded                                                                       :      240 samples, Peak.   140 us (38.5x), Avg.  3.62 us, Total. 869.7 us (0.0%)
[Performance] EditorApplication.update: UnityEditor.SceneManagement.StageNavigationManager.Update                                                  :      240 samples, Peak.   251 us (47.7x), Avg.  5.26 us, Total. 1.262 ms (0.0%)
[Performance] EditorApplication.update: GLTFast.OnScriptsReloadHandler.Progress                                                                    :        1 samples, Peak.  3.11 ms (1.0x), Avg.  3.11 ms, Total. 3.111 ms (0.0%)
[Performance] EditorApplication.update: UnityEditor.Rendering.Universal.SceneViewDrawMode.UpdateSceneViewStates                                    :      240 samples, Peak.   400 us (63.8x), Avg.  6.27 us, Total. 1.506 ms (0.0%)
[Performance] Package.AsyncRequest                                                                                                                 :        1 samples, Peak.   389 us (1.0x), Avg.   389 us, Total. 389.3 us (0.0%)
[Performance] ConsoleLog.Tick                                                                                                                      :       64 samples, Peak.   192 us (15.4x), Avg.  12.5 us, Total. 798.8 us (0.0%)
[Performance] HierarchyWindow.Tick                                                                                                                 :       66 samples, Peak.   454 us (39.2x), Avg.  11.6 us, Total. 764.1 us (0.0%)
[Performance] EditorApplication.hierarchyChanged: Unity.UIElements.Editor.UIDocumentHierarchyWatcher.OnHierarchyChanged                            :        2 samples, Peak.   141 us (1.3x), Avg.   111 us, Total. 221.8 us (0.0%)
[Performance] Inspector.Tick                                                                                                                       :       65 samples, Peak.  91.9 ms (61.6x), Avg.  1.49 ms, Total. 97.06 ms (0.1%)
[Performance] EditorApplication.delayCall: UnityEditor.ShortcutManagement.ShortcutIntegration.EnsureShortcutsAreInitialized                        :        1 samples, Peak.  20.8 ms (1.0x), Avg.  20.8 ms, Total. 20.85 ms (0.0%)
[Performance] EditorApplication.delayCall: callback in UnityEditor.Rendering.Universal.RendererDataPatcher                                         :        1 samples, Peak.  69.6 ms (1.0x), Avg.  69.6 ms, Total. 69.55 ms (0.1%)
[Performance] EditorApplication.delayCall: callback in UnityEditor.SceneVisibilityManager                                                          :        1 samples, Peak.  1.18 ms (1.0x), Avg.  1.18 ms, Total. 1.184 ms (0.0%)
[Performance] EditorApplication.delayCall: callback in UnityEditor.EditorTools.ToolShortcutContext                                                 :        1 samples, Peak.   143 us (1.0x), Avg.   143 us, Total. 142.7 us (0.0%)
[Performance] EditorApplication.delayCall: callback in UnityEditor.EditorWindow                                                                    :        1 samples, Peak.  33.6 us (1.0x), Avg.  33.6 us, Total. 33.62 us (0.0%)
[Performance] Tooltip.Tick                                                                                                                         :      133 samples, Peak.  14.8 us (20.2x), Avg.   734 ns, Total. 97.67 us (0.0%)
[Performance] Application.RequestRepaintForPanels                                                                                                  :      239 samples, Peak.   468 us (103.1x), Avg.  4.54 us, Total. 1.086 ms (0.0%)
[Performance] Application.UpdateScene                                                                                                              :      239 samples, Peak.   997 ms (3.7x), Avg.   273 ms, Total. 65.16 s (75.1%)
[Performance] PackageImporter.Tick                                                                                                                 :       63 samples, Peak.   120 us (35.0x), Avg.  3.43 us, Total. 216.3 us (0.0%)
[Performance] InspectorBackground.Tick                                                                                                             :       65 samples, Peak.  1.12 us (2.5x), Avg.   447 ns, Total. 29.08 us (0.0%)
[Performance] BurstDebug.Tick                                                                                                                      :       61 samples, Peak.  22.2 us (6.0x), Avg.  3.71 us, Total. 226.1 us (0.0%)
[Performance] Application.ChangeLayoutIfNeeded                                                                                                     :      239 samples, Peak.   208 ns (4.4x), Avg.  46.9 ns, Total. 11.22 us (0.0%)
[Performance] AsyncReadManager.ForceCloseFiles                                                                                                     :       61 samples, Peak.   405 us (36.3x), Avg.  11.2 us, Total. 680.2 us (0.0%)
[Performance] Application.Message                                                                                                                  :      239 samples, Peak.  4.83 us (4.0x), Avg.  1.21 us, Total. 288.1 us (0.0%)
[Performance] Application.ExitPlayMode                                                                                                             :        1 samples, Peak.   979 ms (1.0x), Avg.   979 ms, Total. 979.0 ms (1.1%)
[Performance] CoreBusinessMetrics.Tick                                                                                                             :        1 samples, Peak.   953 us (1.0x), Avg.   953 us, Total. 953.3 us (0.0%)
[Performance] GI.Tick                                                                                                                              :        1 samples, Peak.  2.37 ms (1.0x), Avg.  2.37 ms, Total. 2.366 ms (0.0%)
[Performance] UnitySynchronization.ExecuteTasks                                                                                                    :        1 samples, Peak.  3.17 us (1.0x), Avg.  3.17 us, Total. 3.166 us (0.0%)
[Performance] Application.TickPreloadManager                                                                                                       :        1 samples, Peak.  28.4 us (1.0x), Avg.  28.4 us, Total. 28.42 us (0.0%)
[Performance] Application.Shutdown.CollabTerminate                                                                                                 :        1 samples, Peak.   472 us (1.0x), Avg.   472 us, Total. 471.6 us (0.0%)
[Performance] Application.Shutdown.CollabCleanup                                                                                                   :        1 samples, Peak.  1.70 ms (1.0x), Avg.  1.70 ms, Total. 1.700 ms (0.0%)
[Performance] Application.Shutdown.SaveDefaultWindowPreferences                                                                                    :        1 samples, Peak.   691 us (1.0x), Avg.   691 us, Total. 691.3 us (0.0%)
[Performance] Application.Shutdown.SaveSceneManagerSetup                                                                                           :        1 samples, Peak.   384 us (1.0x), Avg.   384 us, Total. 383.5 us (0.0%)
[Performance] Application.Shutdown.CleanupAllContainerWindows                                                                                      :        1 samples, Peak.  39.9 ms (1.0x), Avg.  39.9 ms, Total. 39.94 ms (0.0%)
[Performance] EditorApplication.quitting: Unity.Burst.Editor.BurstLoader.OnEditorApplicationQuitting                                               :        1 samples, Peak.  38.3 us (1.0x), Avg.  38.3 us, Total. 38.29 us (0.0%)
[Performance] EditorApplication.quitting: callback in UnityEditor.TextCore.Text.EditorEventCallbacks                                               :        1 samples, Peak.  12.9 ms (1.0x), Avg.  12.9 ms, Total. 12.85 ms (0.0%)
[Performance] EditorApplication.quitting: UnityEditor.Search.SearchMonitor.OnQuitting                                                              :        1 samples, Peak.  2.27 ms (1.0x), Avg.  2.27 ms, Total. 2.268 ms (0.0%)
[Performance] Application.Shutdown.PauseProfilerSession                                                                                            :        1 samples, Peak.  17.6 us (1.0x), Avg.  17.6 us, Total. 17.63 us (0.0%)
[Performance] Application.Shutdown.PauseAssetImportWorkers                                                                                         :        1 samples, Peak.  1.54 ms (1.0x), Avg.  1.54 ms, Total. 1.544 ms (0.0%)
[Performance] Application.Shutdown.SaveAssets                                                                                                      :        1 samples, Peak.  23.1 ms (1.0x), Avg.  23.1 ms, Total. 23.10 ms (0.0%)
[Performance] Application.Shutdown.CleanupRenderPipeline                                                                                           :        1 samples, Peak.  3.26 ms (1.0x), Avg.  3.26 ms, Total. 3.256 ms (0.0%)
[Performance] Application.Shutdown.StopPreloadManager                                                                                              :        1 samples, Peak.  11.0 ms (1.0x), Avg.  11.0 ms, Total. 11.04 ms (0.0%)
[Performance] Application.Shutdown.DestroyWorld                                                                                                    :        1 samples, Peak.  1.39 ms (1.0x), Avg.  1.39 ms, Total. 1.387 ms (0.0%)
[Performance] Application.Shutdown.CleanupAfterLoad                                                                                                :        1 samples, Peak.   189 ms (1.0x), Avg.   189 ms, Total. 189.1 ms (0.2%)
[Performance] Application.Shutdown.Progress                                                                                                        :        1 samples, Peak.  15.3 us (1.0x), Avg.  15.3 us, Total. 15.33 us (0.0%)
[Performance] Application.Shutdown.GICleanupManagers                                                                                               :        1 samples, Peak.  3.37 ms (1.0x), Avg.  3.37 ms, Total. 3.373 ms (0.0%)
[Performance] Application.Shutdown.MenuCleanupClass                                                                                                :        1 samples, Peak.   225 us (1.0x), Avg.   225 us, Total. 225.2 us (0.0%)
[Performance] Application.Shutdown.ADBSaveStateBeforeShutdown                                                                                      :        1 samples, Peak.  17.2 us (1.0x), Avg.  17.2 us, Total. 17.21 us (0.0%)
[Performance] Application.Shutdown.RemoteShutdown                                                                                                  :        1 samples, Peak.   625 ns (1.0x), Avg.   625 ns, Total. 625.0 ns (0.0%)
[Performance] Application.Shutdown.CleanupVCProvider                                                                                               :        1 samples, Peak.   115 us (1.0x), Avg.   115 us, Total. 114.9 us (0.0%)
[Performance] Application.Shutdown.InputShutdown                                                                                                   :        1 samples, Peak.   511 us (1.0x), Avg.   511 us, Total. 510.7 us (0.0%)
[Performance] Application.Shutdown.GizmoManagerDestroy                                                                                             :        1 samples, Peak.   445 us (1.0x), Avg.   445 us, Total. 444.6 us (0.0%)
[Performance] Application.Shutdown.ProfilerSession                                                                                                 :        1 samples, Peak.   954 us (1.0x), Avg.   954 us, Total. 954.3 us (0.0%)
[Performance] Application.Shutdown.ReleaseGfxWindowOnAllGUIViews                                                                                   :        1 samples, Peak.   584 ns (1.0x), Avg.   584 ns, Total. 584.0 ns (0.0%)
[Performance] Application.Shutdown.CleanupEngine                                                                                                   :        1 samples, Peak.   162 ms (1.0x), Avg.   162 ms, Total. 161.7 ms (0.2%)
[Performance] Application.Shutdown.CleanupAssetDatabase                                                                                            :        1 samples, Peak.  5.88 ms (1.0x), Avg.  5.88 ms, Total. 5.883 ms (0.0%)
[Performance] Application.Shutdown.ScriptCompilationCleanUp                                                                                        :        1 samples, Peak.   158 us (1.0x), Avg.   158 us, Total. 158.2 us (0.0%)
[Performance] Application.Shutdown.DestroyJobSystem                                                                                                :        1 samples, Peak.  71.7 us (1.0x), Avg.  71.7 us, Total. 71.67 us (0.0%)
[Performance] Application.Shutdown.CleanupPersistentManager                                                                                        :        1 samples, Peak.  1.29 ms (1.0x), Avg.  1.29 ms, Total. 1.291 ms (0.0%)
[Performance] Application.Shutdown.CleanupAsyncReadManager                                                                                         :        1 samples, Peak.   374 us (1.0x), Avg.   374 us, Total. 374.0 us (0.0%)
[Performance] Application.Shutdown.CleanupMono                                                                                                     :        1 samples, Peak.   182 ms (1.0x), Avg.   182 ms, Total. 181.6 ms (0.2%)
[Performance] Application.Shutdown.CleanupStdConverters                                                                                            :        1 samples, Peak.  4.58 us (1.0x), Avg.  4.58 us, Total. 4.583 us (0.0%)
[Performance] Application.Shutdown.UnloadAllPlatformSupportModuleNativeDlls                                                                        :        1 samples, Peak.   667 ns (1.0x), Avg.   667 ns, Total. 667.0 ns (0.0%)
[Performance] Application.Shutdown.UnloadAllPlatformSupportNativeLibraries                                                                         :        1 samples, Peak.   167 ns (1.0x), Avg.   167 ns, Total. 167.0 ns (0.0%)
[Performance] Application.Shutdown.CleanupAutoDocumentation                                                                                        :        1 samples, Peak.   884 us (1.0x), Avg.   884 us, Total. 884.1 us (0.0%)
[Performance] Application.Shutdown.ShaderNameManagerDestroy                                                                                        :        1 samples, Peak.   187 us (1.0x), Avg.   187 us, Total. 187.5 us (0.0%)
[Performance] Application.Shutdown.CleanupCacheServer                                                                                              :        1 samples, Peak.   125 ns (1.0x), Avg.   125 ns, Total. 125.0 ns (0.0%)
[Performance] Application.Shutdown.Virtualization_Shutdown                                                                                         :        1 samples, Peak.  13.0 us (1.0x), Avg.  13.0 us, Total. 13.04 us (0.0%)
[Performance] Application.Shutdown.DevConnections                                                                                                  :        1 samples, Peak.   287 us (1.0x), Avg.   287 us, Total. 286.5 us (0.0%)
[Package Manager] Server::Kill -- Server was shutdown
Checking for leaked weakptr:
  Found no leaked weakptrs.
Memory Statistics:
[ALLOC_TEMP_TLS] TLS Allocator
  StackAllocators : 
    [ALLOC_TEMP_CurlRequest]
      Initial Block Size 64.0 KB
      Current Block Size 64.0 KB
      Peak Allocated Bytes 0 B
      Overflow Count 0
    [ALLOC_TEMP_MAIN]
      Peak usage frame count: [2.0 MB-4.0 MB]: 238 frames, [8.0 MB-16.0 MB]: 1 frames
      Initial Block Size 16.0 MB
      Current Block Size 18.1 MB
      Peak Allocated Bytes 10.6 MB
      Overflow Count 0
    [ALLOC_TEMP_Background Job.worker 6]
      Initial Block Size 32.0 KB
      Current Block Size 32.0 KB
      Peak Allocated Bytes 0 B
      Overflow Count 0
    [ALLOC_TEMP_Background Job.worker 15]
      Initial Block Size 32.0 KB
      Current Block Size 32.0 KB
      Peak Allocated Bytes 0 B
      Overflow Count 0
    [ALLOC_TEMP_BakingJobs.worker 0]
      Initial Block Size 256.0 KB
      Current Block Size 256.0 KB
      Peak Allocated Bytes 0 B
      Overflow Count 0
    [ALLOC_TEMP_AssetDatabase.FileHasherReader] x 4
      Initial Block Size 64.0 KB
      Current Block Size 64.0 KB
      Peak Allocated Bytes 31 B
      Overflow Count 0
    [ALLOC_TEMP_BakingJobs.worker 1]
      Initial Block Size 256.0 KB
      Current Block Size 256.0 KB
      Peak Allocated Bytes 301 B
      Overflow Count 0
    [ALLOC_TEMP_BatchDeleteObjects]
      Initial Block Size 64.0 KB
      Current Block Size 64.0 KB
      Peak Allocated Bytes 0 B
      Overflow Count 0
    [ALLOC_TEMP_CoreBusinessMetricsCache]
      Initial Block Size 64.0 KB
      Current Block Size 64.0 KB
      Peak Allocated Bytes 7.9 KB
      Overflow Count 0
    [ALLOC_TEMP_REST Message Handler]
      Initial Block Size 64.0 KB
      Current Block Size 64.0 KB
      Peak Allocated Bytes 0 B
      Overflow Count 0
    [ALLOC_TEMP_Job.worker 4]
      Initial Block Size 256.0 KB
      Current Block Size 1.9 MB
      Peak Allocated Bytes 1.9 MB
      Overflow Count 0
    [ALLOC_TEMP_Background Job.worker 1]
      Initial Block Size 32.0 KB
      Current Block Size 208.0 KB
      Peak Allocated Bytes 121.6 KB
      Overflow Count 0
    [ALLOC_TEMP_AssetDatabase.IOService]
      Initial Block Size 64.0 KB
      Current Block Size 64.0 KB
      Peak Allocated Bytes 0 B
      Overflow Count 0
    [ALLOC_TEMP_Loading.PreloadManager] x 3
      Initial Block Size 32.0 MB
      Current Block Size 32.0 MB
      Peak Allocated Bytes 2.0 MB
      Overflow Count 0
    [ALLOC_TEMP_Background Job.worker 4]
      Initial Block Size 32.0 KB
      Current Block Size 32.0 KB
      Peak Allocated Bytes 0 B
      Overflow Count 0
    [ALLOC_TEMP_Background Job.worker 7]
      Initial Block Size 32.0 KB
      Current Block Size 32.0 KB
      Peak Allocated Bytes 0 B
      Overflow Count 0
    [ALLOC_TEMP_CloudJob.worker 0]
      Initial Block Size 32.0 KB
      Current Block Size 48.0 KB
      Peak Allocated Bytes 31.9 KB
      Overflow Count 0
    [ALLOC_TEMP_Background Job.worker 10]
      Initial Block Size 32.0 KB
      Current Block Size 32.0 KB
      Peak Allocated Bytes 0 B
      Overflow Count 0
    [ALLOC_TEMP_Background Job.worker 12]
      Initial Block Size 32.0 KB
      Current Block Size 32.0 KB
      Peak Allocated Bytes 0 B
      Overflow Count 0
    [ALLOC_TEMP_Background Job.worker 13]
      Initial Block Size 32.0 KB
      Current Block Size 32.0 KB
      Peak Allocated Bytes 0 B
      Overflow Count 0
    [ALLOC_TEMP_CurlRequest]
      Initial Block Size 64.0 KB
      Current Block Size 64.0 KB
      Peak Allocated Bytes 0 B
      Overflow Count 0
    [ALLOC_TEMP_BakingJobs.worker 4]
      Initial Block Size 256.0 KB
      Current Block Size 256.0 KB
      Peak Allocated Bytes 0 B
      Overflow Count 0
    [ALLOC_TEMP_Profiler.Dispatcher]
      Initial Block Size 64.0 KB
      Current Block Size 64.0 KB
      Peak Allocated Bytes 0 B
      Overflow Count 0
    [ALLOC_TEMP_Background Job.worker 14]
      Initial Block Size 32.0 KB
      Current Block Size 32.0 KB
      Peak Allocated Bytes 0 B
      Overflow Count 0
    [ALLOC_TEMP_ReadCacheIndex] x 3
      Initial Block Size 64.0 KB
      Current Block Size 64.0 KB
      Peak Allocated Bytes 1.0 KB
      Overflow Count 0
    [ALLOC_TEMP_Background Job.worker 9]
      Initial Block Size 32.0 KB
      Current Block Size 32.0 KB
      Peak Allocated Bytes 0 B
      Overflow Count 0
    [ALLOC_TEMP_EnlightenWorker] x 4
      Initial Block Size 64.0 KB
      Current Block Size 64.0 KB
      Peak Allocated Bytes 0 B
      Overflow Count 0
    [ALLOC_TEMP_Job.worker 3]
      Initial Block Size 256.0 KB
      Current Block Size 1.9 MB
      Peak Allocated Bytes 1.9 MB
      Overflow Count 0
    [ALLOC_TEMP_Job.worker 2]
      Initial Block Size 256.0 KB
      Current Block Size 1.2 MB
      Peak Allocated Bytes 1.2 MB
      Overflow Count 1
    [ALLOC_TEMP_Loading.AsyncRead]
      Initial Block Size 64.0 KB
      Current Block Size 64.0 KB
      Peak Allocated Bytes 128 B
      Overflow Count 0
    [ALLOC_TEMP_Background Job.worker 3]
      Initial Block Size 32.0 KB
      Current Block Size 32.0 KB
      Peak Allocated Bytes 0 B
      Overflow Count 0
    [ALLOC_TEMP_Background Job.worker 2]
      Initial Block Size 32.0 KB
      Current Block Size 32.0 KB
      Peak Allocated Bytes 103 B
      Overflow Count 0
    [ALLOC_TEMP_Background Job.worker 8]
      Initial Block Size 32.0 KB
      Current Block Size 32.0 KB
      Peak Allocated Bytes 0 B
      Overflow Count 0
    [ALLOC_TEMP_OSX HID Input]
      Initial Block Size 64.0 KB
      Current Block Size 64.0 KB
      Peak Allocated Bytes 0 B
      Overflow Count 0
    [ALLOC_TEMP_BakingJobs.worker 6]
      Initial Block Size 256.0 KB
      Current Block Size 256.0 KB
      Peak Allocated Bytes 0 B
      Overflow Count 0
    [ALLOC_TEMP_BakingJobs.worker 7]
      Initial Block Size 256.0 KB
      Current Block Size 256.0 KB
      Peak Allocated Bytes 0 B
      Overflow Count 0
    [ALLOC_TEMP_Job.worker 6]
      Initial Block Size 256.0 KB
      Current Block Size 256.0 KB
      Peak Allocated Bytes 23.7 KB
      Overflow Count 1
    [ALLOC_TEMP_Background Job.worker 0]
      Initial Block Size 32.0 KB
      Current Block Size 32.0 KB
      Peak Allocated Bytes 0 B
      Overflow Count 0
    [ALLOC_TEMP_AUDIO_FMOD stream thread]
      Initial Block Size 64.0 KB
      Current Block Size 64.0 KB
      Peak Allocated Bytes 0 B
      Overflow Count 0
    [ALLOC_TEMP_AssetDatabase.FileHasherHasher] x 4
      Initial Block Size 64.0 KB
      Current Block Size 64.0 KB
      Peak Allocated Bytes 130 B
      Overflow Count 0
    [ALLOC_TEMP_BakingJobs.worker 3]
      Initial Block Size 256.0 KB
      Current Block Size 256.0 KB
      Peak Allocated Bytes 0 B
      Overflow Count 0
    [ALLOC_TEMP_Job.worker 1]
      Initial Block Size 256.0 KB
      Current Block Size 1.9 MB
      Peak Allocated Bytes 1.9 MB
      Overflow Count 0
    [ALLOC_TEMP_Background Job.worker 5]
      Initial Block Size 32.0 KB
      Current Block Size 32.0 KB
      Peak Allocated Bytes 0 B
      Overflow Count 0
    [ALLOC_TEMP_BakingJobs.worker 2]
      Initial Block Size 256.0 KB
      Current Block Size 256.0 KB
      Peak Allocated Bytes 0 B
      Overflow Count 0
    [ALLOC_TEMP_Background Job.worker 11]
      Initial Block Size 32.0 KB
      Current Block Size 32.0 KB
      Peak Allocated Bytes 0 B
      Overflow Count 0
    [ALLOC_TEMP_EditorTaskManager]
      Initial Block Size 64.0 KB
      Current Block Size 80.0 KB
      Peak Allocated Bytes 64.0 KB
      Overflow Count 0
    [ALLOC_TEMP_Job.worker 5]
      Initial Block Size 256.0 KB
      Current Block Size 256.0 KB
      Peak Allocated Bytes 16.9 KB
      Overflow Count 1
    [ALLOC_TEMP_HTTP REST Server]
      Initial Block Size 64.0 KB
      Current Block Size 64.0 KB
      Peak Allocated Bytes 70 B
      Overflow Count 0
    [ALLOC_TEMP_AssetGarbageCollectorHelper] x 7
      Initial Block Size 64.0 KB
      Current Block Size 64.0 KB
      Peak Allocated Bytes 0 B
      Overflow Count 0
    [ALLOC_TEMP_AUDIO_Audio Mixer Thread]
      Initial Block Size 64.0 KB
      Current Block Size 64.0 KB
      Peak Allocated Bytes 0 B
      Overflow Count 0
    [ALLOC_TEMP_BakingJobs.worker 5]
      Initial Block Size 256.0 KB
      Current Block Size 256.0 KB
      Peak Allocated Bytes 0 B
      Overflow Count 0
    [ALLOC_TEMP_Job.worker 0]
      Initial Block Size 256.0 KB
      Current Block Size 256.0 KB
      Peak Allocated Bytes 22.8 KB
      Overflow Count 0
[ALLOC_MEMORYPROFILER]
  Peak usage frame count: [128.0 KB-256.0 KB]: 238 frames, [256.0 KB-0.5 MB]: 1 frames
  Requested Block Size 1.0 MB
  Peak Block count 1
  Peak Allocated memory 448.1 KB
  Peak Large allocation bytes 0 B
[ALLOC_DEFAULT] Dual Thread Allocator
  Peak main deferred allocation count 287
    [ALLOC_BUCKET]
      Large Block size 32.0 MB
      Used Block count 1
      Peak Allocated bytes 7.7 MB
    [ALLOC_DEFAULT_MAIN]
      Peak usage frame count: [64.0 MB-128.0 MB]: 239 frames
      Requested Block Size 16.0 MB
      Peak Block count 7
      Peak Allocated memory 94.6 MB
      Peak Large allocation bytes 0 B
    [ALLOC_DEFAULT_THREAD]
      Peak usage frame count: [4.0 MB-8.0 MB]: 238 frames, [32.0 MB-64.0 MB]: 1 frames
      Requested Block Size 16.0 MB
      Peak Block count 1
      Peak Allocated memory 43.3 MB
      Peak Large allocation bytes 28.8 MB
[ALLOC_TEMP_JOB_1_FRAME]
  Initial Block Size 2.0 MB
  Used Block Count 0
  Overflow Count (too large) 0
  Overflow Count (full) 0
[ALLOC_TEMP_JOB_2_FRAMES]
  Initial Block Size 2.0 MB
  Used Block Count 0
  Overflow Count (too large) 0
  Overflow Count (full) 0
[ALLOC_TEMP_JOB_4_FRAMES (JobTemp)]
  Initial Block Size 2.0 MB
  Used Block Count 1
  Overflow Count (too large) 0
  Overflow Count (full) 0
[ALLOC_TEMP_JOB_ASYNC (Background)]
  Initial Block Size 1.0 MB
  Used Block Count 1
  Overflow Count (too large) 3
  Overflow Count (full) 0
[ALLOC_GFX] Dual Thread Allocator
  Peak main deferred allocation count 10
    [ALLOC_BUCKET]
      Large Block size 32.0 MB
      Used Block count 1
      Peak Allocated bytes 7.7 MB
    [ALLOC_GFX_MAIN]
      Peak usage frame count: [8.0 MB-16.0 MB]: 239 frames
      Requested Block Size 16.0 MB
      Peak Block count 2
      Peak Allocated memory 15.6 MB
      Peak Large allocation bytes 0 B
    [ALLOC_GFX_THREAD]
      Peak usage frame count: [0.5 MB-1.0 MB]: 239 frames
      Requested Block Size 16.0 MB
      Peak Block count 1
      Peak Allocated memory 0.8 MB
      Peak Large allocation bytes 0 B
[ALLOC_CACHEOBJECTS] Dual Thread Allocator
  Peak main deferred allocation count 692
    [ALLOC_BUCKET]
      Large Block size 32.0 MB
      Used Block count 1
      Peak Allocated bytes 7.7 MB
    [ALLOC_CACHEOBJECTS_MAIN]
      Peak usage frame count: [16.0 MB-32.0 MB]: 238 frames, [32.0 MB-64.0 MB]: 1 frames
      Requested Block Size 4.0 MB
      Peak Block count 11
      Peak Allocated memory 32.8 MB
      Peak Large allocation bytes 14.7 MB
    [ALLOC_CACHEOBJECTS_THREAD]
      Peak usage frame count: [0.5 MB-1.0 MB]: 239 frames
      Requested Block Size 4.0 MB
      Peak Block count 1
      Peak Allocated memory 1.0 MB
      Peak Large allocation bytes 0 B
[ALLOC_TYPETREE] Dual Thread Allocator
  Peak main deferred allocation count 524
    [ALLOC_BUCKET]
      Large Block size 32.0 MB
      Used Block count 1
      Peak Allocated bytes 7.7 MB
    [ALLOC_TYPETREE_MAIN]
      Peak usage frame count: [1.0 MB-2.0 MB]: 238 frames, [8.0 MB-16.0 MB]: 1 frames
      Requested Block Size 2.0 MB
      Peak Block count 7
      Peak Allocated memory 11.9 MB
      Peak Large allocation bytes 0 B
    [ALLOC_TYPETREE_THREAD]
      Peak usage frame count: [128.0 KB-256.0 KB]: 239 frames
      Requested Block Size 2.0 MB
      Peak Block count 1
      Peak Allocated memory 268.0 KB
      Peak Large allocation bytes 0 B
[ALLOC_PROFILER]
  Peak usage frame count: [0.5 MB-1.0 MB]: 239 frames
  Requested Block Size 16.0 MB
  Peak Block count 1
  Peak Allocated memory 0.6 MB
  Peak Large allocation bytes 0 B
    [ALLOC_PROFILER_BUCKET]
      Large Block size 32.0 MB
      Used Block count 1
      Peak Allocated bytes 13.4 KB
[ALLOC_PROFILER_EDITOR]
  Peak usage frame count: [0-1.0 KB]: 239 frames
  Requested Block Size 1.0 MB
  Peak Block count 0
  Peak Allocated memory 0 B
  Peak Large allocation bytes 0 B
    [ALLOC_PROFILER_BUCKET]
      Large Block size 32.0 MB
      Used Block count 1
      Peak Allocated bytes 13.4 KB
##utp:{"type":"MemoryLeaks","version":2,"phase":"Immediate","time":1778082611925,"processId":55934,"allocatedMemory":17533392,"memoryLabels":[{"Default":11375},{"Permanent":15536},{"Thread":1083508},{"Manager":29991},{"VertexData":12},{"Geometry":280},{"Texture":168},{"Shader":67451},{"Material":24},{"GfxDevice":39232},{"GfxThread":480},{"Animation":304},{"Audio":3904},{"FontEngine":288},{"Physics":561},{"Serialization":612},{"Input":9024},{"JobScheduler":232},{"Mono":40},{"ScriptingNativeRuntime":7924888},{"BaseObject":1618916},{"Resource":912},{"Renderer":2272},{"Transform":24},{"File":9487},{"WebCam":40},{"Culling":40},{"Terrain":1025},{"Wind":24},{"String":14825},{"DynamicArray":132657},{"HashMap":95519},{"Utility":289286},{"Curl":1056},{"PoolAlloc":1464},{"AI":40},{"TypeTree":4533},{"ScriptManager":528},{"RuntimeInitializeOnLoadManager":72},{"SpriteAtlas":112},{"GI":3656},{"Director":7880},{"CloudService":536},{"WebRequest":816},{"VR":45641},{"SceneManager":616},{"Video":2120},{"LazyScriptCache":32},{"NativeArray":12},{"Camera":25},{"Secure":9817},{"SerializationCache":1576},{"APIUpdating":11856},{"Subsystems":384},{"VirtualTexturing":57512},{"StaticSafetyDebugInfo":327680},{"Baselib":16},{"EditorGui":88},{"EditorUtility":27850},{"VersionControl":4},{"Undo":720},{"AssetDatabase":5626297},{"RestService":1310},{"EditorGi":376},{"License":3616},{"UnityConnect":25512},{"Collab":785},{"Upm":1600},{"DrivenProperties":80},{"LocalIPC":222},{"ProfilerEditor":10967},{"CoreBusinessMetrics":2984},{"AssetReference":32},{"IPCStream":32}]}
