Unity Editor version:    2022.3.0f1 (fb119bb0b476)
Branch:                  2022.3/release
Build type:              Release
Batch mode:              YES
macOS version:           Version 26.3.1 (a) (Build 25D771280a)
Darwin version:          25.3.0
Architecture:            arm64
Running under Rosetta:   NO
Available memory:        8192 MB
[Licensing::Module] Trying to connect to existing licensing client channel...
[Licensing::IpcConnector] Connection attempt to the License Client on channel: "LicenseClient-guribbong" failed because channel doesn't exist; code: "0x80000002"
Launching external process: /Applications/Unity/Hub/Editor/2022.3.0f1/Unity.app/Contents/Frameworks/UnityLicensingClient.app/Contents/MacOS/Unity.Licensing.Client
[Licensing::Module] Successfully launched the LicensingClient (PId: 1994)
[Licensing::IpcConnector] Successfully connected to the License Client on channel: "LicenseClient-guribbong"
[Licensing::Client] Handshaking with LicensingClient:
  Version:                 1.12.1+9338cad
  Session Id:              30373ac50bb64d9998fdfe52b802352b
  Correlation Id:          00c56f67d41b753c505730fd7ec7c0bb
  External correlation Id: 914699430789741429
  Machine Id:              kK/taOzULwH3CoqhnK6anvJ0b88=
[Licensing::Module] Successfully connected to LicensingClient on channel: "LicenseClient-guribbong" (connect: 3.25s, validation: 0.20s, handshake: 0.48s)
[Licensing::IpcConnector] Successfully connected to the License Notification on channel: "LicenseClient-guribbong-notifications"
[Licensing::Module] Connected to LicensingClient (PId: 1994, launch time: 0.00, total connection time: 3.92s)
[Licensing::Module] Error: Access token is unavailable; failed to update
[Licensing::Client] Error: Code 500 while processing request (status: Unable to update licenses. Errors: No ULF license found.,Token not found in cache)
[Licensing::Client] Error: Code 500 while updating license in client (status: Unable to update licenses. Errors: No ULF license found.,Token not found in cache)
[Licensing::Client] Successfully resolved entitlements
[Licensing::Module] Serial number assigned to: "14568638156105-UnityPersXXXX"
Pro License: NO
Launching external process: /Applications/Unity/Hub/Editor/2022.3.0f1/Unity.app/Contents/Resources/PackageManager/Server/UnityPackageManager

COMMAND LINE ARGUMENTS:
/Applications/Unity/Hub/Editor/2022.3.0f1/Unity.app/Contents/MacOS/Unity
-batchmode
-projectPath
unity/EmbodiedDebate
-executeMethod
ArgusUnity.Editor.BridgePlayModeSmoke.CaptureAndQuit
-logFile
tmp/low-birth-rate-schoolroom-smoke.log
Successfully changed project path to: /Users/guribbong/code/Argus/unity/EmbodiedDebate
/Users/guribbong/code/Argus/unity/EmbodiedDebate
[UnityMemory] Configuration Parameters - Can be set up in boot.config
    "memorysetup-bucket-allocator-granularity=16"
    "memorysetup-bucket-allocator-bucket-count=8"
    "memorysetup-bucket-allocator-block-size=33554432"
    "memorysetup-bucket-allocator-block-count=8"
    "memorysetup-main-allocator-block-size=16777216"
    "memorysetup-thread-allocator-block-size=16777216"
    "memorysetup-gfx-main-allocator-block-size=16777216"
    "memorysetup-gfx-thread-allocator-block-size=16777216"
    "memorysetup-cache-allocator-block-size=4194304"
    "memorysetup-typetree-allocator-block-size=2097152"
    "memorysetup-profiler-bucket-allocator-granularity=16"
    "memorysetup-profiler-bucket-allocator-bucket-count=8"
    "memorysetup-profiler-bucket-allocator-block-size=33554432"
    "memorysetup-profiler-bucket-allocator-block-count=8"
    "memorysetup-profiler-allocator-block-size=16777216"
    "memorysetup-profiler-editor-allocator-block-size=1048576"
    "memorysetup-temp-allocator-size-main=16777216"
    "memorysetup-job-temp-allocator-block-size=2097152"
    "memorysetup-job-temp-allocator-block-size-background=1048576"
    "memorysetup-job-temp-allocator-reduction-small-platforms=262144"
    "memorysetup-allocator-temp-initial-block-size-main=262144"
    "memorysetup-allocator-temp-initial-block-size-worker=262144"
    "memorysetup-temp-allocator-size-background-worker=32768"
    "memorysetup-temp-allocator-size-job-worker=262144"
    "memorysetup-temp-allocator-size-preload-manager=33554432"
    "memorysetup-temp-allocator-size-nav-mesh-worker=65536"
    "memorysetup-temp-allocator-size-audio-worker=65536"
    "memorysetup-temp-allocator-size-cloud-worker=32768"
    "memorysetup-temp-allocator-size-gi-baking-worker=262144"
    "memorysetup-temp-allocator-size-gfx=262144"
Player connection [8649715968] Host "[IP] 192.168.3.1 [Port] 55496 [Flags] 2 [Guid] 3265997283 [EditorId] 3265997283 [Version] 1048832 [Id] OSXEditor(0,topabaem.local) [Debug] 1 [PackageName] OSXEditor [ProjectName] Editor" joined multi-casting on [225.0.0.222:54997]...

Player connection [8649715968] Host "[IP] 192.168.3.1 [Port] 55496 [Flags] 2 [Guid] 3265997283 [EditorId] 3265997283 [Version] 1048832 [Id] OSXEditor(0,topabaem.local) [Debug] 1 [PackageName] OSXEditor [ProjectName] Editor" joined alternative multi-casting on [225.0.0.222:34997]...

[Package Manager] UpmClient::Connect -- Connected to IPC stream "Upm-1992" after 0.9 seconds.
[Licensing::Client] Successfully resolved entitlements
[Package Manager] Restoring resolved packages state from cache
[Licensing::Client] Successfully resolved entitlement details
[Package Manager] Registered 19 packages:
  Packages from [https://packages.unity.com]:
    com.unity.nuget.newtonsoft-json@3.2.1 (location: /Users/guribbong/code/Argus/unity/EmbodiedDebate/Library/PackageCache/com.unity.nuget.newtonsoft-json@3.2.1)
    com.unity.test-framework@1.1.33 (location: /Users/guribbong/code/Argus/unity/EmbodiedDebate/Library/PackageCache/com.unity.test-framework@1.1.33)
    com.unity.ext.nunit@1.0.6 (location: /Users/guribbong/code/Argus/unity/EmbodiedDebate/Library/PackageCache/com.unity.ext.nunit@1.0.6)
    com.unity.mathematics@1.2.6 (location: /Users/guribbong/code/Argus/unity/EmbodiedDebate/Library/PackageCache/com.unity.mathematics@1.2.6)
    com.unity.burst@1.8.4 (location: /Users/guribbong/code/Argus/unity/EmbodiedDebate/Library/PackageCache/com.unity.burst@1.8.4)
    com.unity.searcher@4.9.2 (location: /Users/guribbong/code/Argus/unity/EmbodiedDebate/Library/PackageCache/com.unity.searcher@4.9.2)
  Built-in packages:
    com.unity.modules.animation@1.0.0 (location: /Users/guribbong/code/Argus/unity/EmbodiedDebate/Library/PackageCache/com.unity.modules.animation@1.0.0)
    com.unity.modules.imageconversion@1.0.0 (location: /Users/guribbong/code/Argus/unity/EmbodiedDebate/Library/PackageCache/com.unity.modules.imageconversion@1.0.0)
    com.unity.modules.physics@1.0.0 (location: /Users/guribbong/code/Argus/unity/EmbodiedDebate/Library/PackageCache/com.unity.modules.physics@1.0.0)
    com.unity.modules.unitywebrequest@1.0.0 (location: /Users/guribbong/code/Argus/unity/EmbodiedDebate/Library/PackageCache/com.unity.modules.unitywebrequest@1.0.0)
    com.unity.render-pipelines.universal@14.0.7 (location: /Users/guribbong/code/Argus/unity/EmbodiedDebate/Library/PackageCache/com.unity.render-pipelines.universal@14.0.7)
    com.unity.modules.imgui@1.0.0 (location: /Users/guribbong/code/Argus/unity/EmbodiedDebate/Library/PackageCache/com.unity.modules.imgui@1.0.0)
    com.unity.modules.jsonserialize@1.0.0 (location: /Users/guribbong/code/Argus/unity/EmbodiedDebate/Library/PackageCache/com.unity.modules.jsonserialize@1.0.0)
    com.unity.render-pipelines.core@14.0.7 (location: /Users/guribbong/code/Argus/unity/EmbodiedDebate/Library/PackageCache/com.unity.render-pipelines.core@14.0.7)
    com.unity.shadergraph@14.0.7 (location: /Users/guribbong/code/Argus/unity/EmbodiedDebate/Library/PackageCache/com.unity.shadergraph@14.0.7)
    com.unity.ugui@1.0.0 (location: /Users/guribbong/code/Argus/unity/EmbodiedDebate/Library/PackageCache/com.unity.ugui@1.0.0)
    com.unity.modules.terrain@1.0.0 (location: /Users/guribbong/code/Argus/unity/EmbodiedDebate/Library/PackageCache/com.unity.modules.terrain@1.0.0)
    com.unity.modules.ui@1.0.0 (location: /Users/guribbong/code/Argus/unity/EmbodiedDebate/Library/PackageCache/com.unity.modules.ui@1.0.0)
  Embedded packages:
    com.unity.cloud.gltfast@file:/Users/guribbong/code/Argus/unity/EmbodiedDebate/Packages/com.unity.cloud.gltfast (location: /Users/guribbong/code/Argus/unity/EmbodiedDebate/Packages/com.unity.cloud.gltfast)
[Subsystems] No new subsystems found in resolved package list.
Package Manager log level set to [2]
[Package Manager] Done registering packages in 0.26 seconds
Refreshing native plugins compatible for Editor in 7.99 ms, found 0 plugins.
Preloading 0 native plugins for Editor in 0.00 ms.
Initialize engine version: 2022.3.0f1 (fb119bb0b476)
[Subsystems] Discovering subsystems at path /Applications/Unity/Hub/Editor/2022.3.0f1/Unity.app/Contents/Resources/UnitySubsystems
[Subsystems] Discovering subsystems at path /Users/guribbong/code/Argus/unity/EmbodiedDebate/Assets
GfxDevice: creating device client; threaded=0; jobified=0
 preferred device: Apple M2 (high power)
Metal devices available: 1
0: Apple M2 (high power)
Using device Apple M2 (high power)
Initializing Metal device caps: Apple M2
[Licensing::Client] Successfully resolved entitlements
Initialize mono
Mono path[0] = '/Applications/Unity/Hub/Editor/2022.3.0f1/Unity.app/Contents/Managed'
Mono path[1] = '/Applications/Unity/Hub/Editor/2022.3.0f1/Unity.app/Contents/MonoBleedingEdge/lib/mono/unityjit-macos'
Mono config path = '/Applications/Unity/Hub/Editor/2022.3.0f1/Unity.app/Contents/MonoBleedingEdge/etc'
Using monoOptions --debugger-agent=transport=dt_socket,embedding=1,server=y,suspend=n,address=127.0.0.1:56992
Using cacheserver namespaces - metadata:defaultmetadata, artifacts:defaultartifacts
Using cacheserver namespaces - metadata:defaultmetadata, artifacts:defaultartifacts
ImportWorker Server TCP listen port: 0
Begin MonoManager ReloadAssembly
Registering precompiled unity dll's ...
Register platform support module: /Applications/Unity/Hub/Editor/2022.3.0f1/Unity.app/Contents/PlaybackEngines/MacStandaloneSupport/UnityEditor.OSXStandalone.Extensions.dll
Registered in 0.001660 seconds.
- Loaded All Assemblies, in  0.330 seconds
Native extension for OSXStandalone target not found
Mono: successfully reloaded assembly
- Finished resetting the current domain, in  0.235 seconds
Domain Reload Profiling: 565ms
	BeginReloadAssembly (111ms)
		ExecutionOrderSort (0ms)
		DisableScriptedObjects (0ms)
		BackupInstance (0ms)
		ReleaseScriptingObjects (0ms)
		CreateAndSetChildDomain (1ms)
	RebuildCommonClasses (39ms)
	RebuildNativeTypeToScriptingClass (10ms)
	initialDomainReloadingComplete (42ms)
	LoadAllAssembliesAndSetupDomain (129ms)
		LoadAssemblies (107ms)
		RebuildTransferFunctionScriptingTraits (0ms)
		AnalyzeDomain (125ms)
			TypeCache.Refresh (124ms)
				TypeCache.ScanAssembly (108ms)
			ScanForSourceGeneratedMonoScriptInfo (0ms)
			ResolveRequiredComponents (1ms)
	FinalizeReload (235ms)
		ReleaseScriptCaches (0ms)
		RebuildScriptCaches (0ms)
		SetupLoadedEditorAssemblies (182ms)
			LogAssemblyErrors (0ms)
			InitializePlatformSupportModulesInManaged (6ms)
			SetLoadedEditorAssemblies (6ms)
			RefreshPlugins (0ms)
			BeforeProcessingInitializeOnLoad (2ms)
			ProcessInitializeOnLoadAttributes (126ms)
			ProcessInitializeOnLoadMethodAttributes (42ms)
			AfterProcessingInitializeOnLoad (0ms)
			EditorAssembliesLoaded (0ms)
		ExecutionOrderSort2 (0ms)
		AwakeInstancesAfterBackupRestoration (0ms)
[Licensing::Client] Successfully resolved entitlements
Application.AssetDatabase Initial Refresh Start
[40m[32minfo[39m[22m[49m: Microsoft.Hosting.Lifetime[14]
      Now listening on: http://unix:/tmp/ilpp.sock-8e16111b622e4d5ea6b5ecc926298bfd
[40m[32minfo[39m[22m[49m: Microsoft.Hosting.Lifetime[0]
      Application started. Press Ctrl+C to shut down.
[40m[32minfo[39m[22m[49m: Microsoft.Hosting.Lifetime[0]
      Hosting environment: Production
[40m[32minfo[39m[22m[49m: Microsoft.Hosting.Lifetime[0]
      Content root path: /Users/guribbong/code/Argus/unity/EmbodiedDebate/
[40m[32minfo[39m[22m[49m: Microsoft.AspNetCore.Hosting.Diagnostics[1]
      Request starting HTTP/2 POST http://ilpp/UnityILPP.PostProcessing/Ping application/grpc -
[40m[32minfo[39m[22m[49m: Microsoft.AspNetCore.Routing.EndpointMiddleware[0]
      Executing endpoint 'gRPC - /UnityILPP.PostProcessing/Ping'
[40m[32minfo[39m[22m[49m: Microsoft.AspNetCore.Routing.EndpointMiddleware[1]
      Executed endpoint 'gRPC - /UnityILPP.PostProcessing/Ping'
[40m[32minfo[39m[22m[49m: Microsoft.AspNetCore.Hosting.Diagnostics[2]
      Request finished HTTP/2 POST http://ilpp/UnityILPP.PostProcessing/Ping application/grpc - - 200 - application/grpc 55.7880ms
Starting: /Applications/Unity/Hub/Editor/2022.3.0f1/Unity.app/Contents/bee_backend --dont-print-to-structured-log --ipc --defer-dag-verification --dagfile="Library/Bee/200b0aE.dag" --continue-on-failure --profile="Library/Bee/backend1.traceevents" ScriptAssemblies
WorkingDir: /Users/guribbong/code/Argus/unity/EmbodiedDebate
DisplayProgressbar: Compiling Scripts
[40m[32minfo[39m[22m[49m: Microsoft.AspNetCore.Hosting.Diagnostics[1]
      Request starting HTTP/2 POST http://ilpp/UnityILPP.PostProcessing/ConfigurePostProcessors application/grpc -
[40m[32minfo[39m[22m[49m: Microsoft.AspNetCore.Routing.EndpointMiddleware[0]
      Executing endpoint 'gRPC - /UnityILPP.PostProcessing/ConfigurePostProcessors'
[40m[1m[33mwarn[39m[22m[49m: Unity.ILPP.Runner.PostProcessingAssemblyLoadContext[0]
      Assembly system.runtime.interopservices.windowsruntime has duplicate hint path. Ignoring "/Applications/Unity/Hub/Editor/2022.3.0f1/Unity.app/Contents/UnityReferenceAssemblies/unity-4.8-api/Facades/System.Runtime.InteropServices.WindowsRuntime.dll" in favor of "/Applications/Unity/Hub/Editor/2022.3.0f1/Unity.app/Contents/NetStandard/Extensions/2.0.0/System.Runtime.InteropServices.WindowsRuntime.dll"
[40m[1m[33mwarn[39m[22m[49m: Unity.ILPP.Runner.PostProcessingAssemblyLoadContext[0]
      Assembly system.componentmodel.composition has duplicate hint path. Ignoring "/Applications/Unity/Hub/Editor/2022.3.0f1/Unity.app/Contents/UnityReferenceAssemblies/unity-4.8-api/System.ComponentModel.Composition.dll" in favor of "/Applications/Unity/Hub/Editor/2022.3.0f1/Unity.app/Contents/NetStandard/compat/2.1.0/shims/netfx/System.ComponentModel.Composition.dll"
[40m[32minfo[39m[22m[49m: Unity.ILPP.Runner.PostProcessingAssemblyLoadContext[0]
      Resolved Unity.Burst.Cecil, Version=0.11.4.0, Culture=neutral, PublicKeyToken=50cebf1cceb9d05e with Library/PackageCache/com.unity.burst@1.8.4/Unity.Burst.CodeGen/Unity.Burst.Cecil.dll
[40m[32minfo[39m[22m[49m: Microsoft.AspNetCore.Routing.EndpointMiddleware[1]
      Executed endpoint 'gRPC - /UnityILPP.PostProcessing/ConfigurePostProcessors'
[40m[32minfo[39m[22m[49m: Microsoft.AspNetCore.Hosting.Diagnostics[2]
      Request finished HTTP/2 POST http://ilpp/UnityILPP.PostProcessing/ConfigurePostProcessors application/grpc - - 200 - application/grpc 23.3611ms
ExitCode: 0 Duration: 0s281ms
[295/377    0s] ILPP-Configuration Library/ilpp-configuration.nevergeneratedoutput
*** Tundra build success (0.26 seconds), 1 items updated, 377 evaluated
AssetDatabase: script compilation time: 1.199948s
Total cache size 25932744
Total cache size after purge 25932744
Begin MonoManager ReloadAssembly
Symbol file LoadedFromMemory is not a mono symbol file
- Loaded All Assemblies, in  0.469 seconds
Refreshing native plugins compatible for Editor in 0.71 ms, found 0 plugins.
Preloading 0 native plugins for Editor in 0.00 ms.
Refreshing native plugins compatible for Editor in 0.67 ms, found 0 plugins.
Native extension for OSXStandalone target not found
Mono: successfully reloaded assembly
- Finished resetting the current domain, in  1.984 seconds
Domain Reload Profiling: 2454ms
	BeginReloadAssembly (105ms)
		ExecutionOrderSort (0ms)
		DisableScriptedObjects (4ms)
		BackupInstance (0ms)
		ReleaseScriptingObjects (0ms)
		CreateAndSetChildDomain (29ms)
	RebuildCommonClasses (31ms)
	RebuildNativeTypeToScriptingClass (11ms)
	initialDomainReloadingComplete (20ms)
	LoadAllAssembliesAndSetupDomain (302ms)
		LoadAssemblies (169ms)
		RebuildTransferFunctionScriptingTraits (0ms)
		AnalyzeDomain (178ms)
			TypeCache.Refresh (162ms)
				TypeCache.ScanAssembly (155ms)
			ScanForSourceGeneratedMonoScriptInfo (9ms)
			ResolveRequiredComponents (7ms)
	FinalizeReload (1985ms)
		ReleaseScriptCaches (0ms)
		RebuildScriptCaches (0ms)
		SetupLoadedEditorAssemblies (1704ms)
			LogAssemblyErrors (0ms)
			InitializePlatformSupportModulesInManaged (2ms)
			SetLoadedEditorAssemblies (2ms)
			RefreshPlugins (0ms)
			BeforeProcessingInitializeOnLoad (36ms)
			ProcessInitializeOnLoadAttributes (1594ms)
			ProcessInitializeOnLoadMethodAttributes (69ms)
			AfterProcessingInitializeOnLoad (1ms)
			EditorAssembliesLoaded (0ms)
		ExecutionOrderSort2 (0ms)
		AwakeInstancesAfterBackupRestoration (4ms)
Asset Pipeline Refresh (id=cca03f45f11e14c47abaeaaeb0fb2264): Total: 4.717 seconds - Initiated by InitialRefreshV2(ForceSynchronousImport)
	Summary:
		Imports: total=560 (actual=0, local cache=560, cache server=0)
		Asset DB Process Time: managed=0 ms, native=1003 ms
		Asset DB Callback time: managed=11 ms, native=0 ms
		Scripting: domain reloads=1, domain reload time=2482 ms, compile time=1200 ms, other=18 ms
		Project Asset Count: scripts=3119, non-scripts=1539
		Asset File Changes: new=0, changed=0, moved=0, deleted=0
		Scan Filter Count: 1
	InvokeBeforeRefreshCallbacks: 0.324ms
	ApplyChangesToAssetFolders: 0.018ms
	Scan: 242.770ms
	OnSourceAssetsModified: 0.001ms
	GetAllGuidsForCategorization: 0.285ms
	CategorizeAssets: 112.885ms
	ImportOutOfDateAssets: 2003.628ms (793.246ms without children)
		CompileScripts: 1200.059ms
		ReloadNativeAssets: 0.210ms
		UnloadImportedAssets: 7.843ms
		EnsureUptoDateAssetsAreRegisteredWithGuidPM: 1.221ms
		InitializingProgressBar: 0.000ms
		PostProcessAllAssetNotificationsAddChangedAssets: 0.000ms
		OnDemandSchedulerStart: 1.050ms
	PostProcessAllAssets: 11.459ms
	GatherAllCurrentPrimaryArtifactRevisions: 0.000ms
	UnloadStreamsBegin: 1.212ms
	PersistCurrentRevisions: 0.176ms
	UnloadStreamsEnd: 0.009ms
	GenerateScriptTypeHashes: 5.265ms
	Untracked: 2344.063ms
Application.AssetDatabase Initial Refresh End
Launching external process: /Applications/Unity/Hub/Editor/2022.3.0f1/Unity.app/Contents/Tools/UnityShaderCompiler
Launched and connected shader compiler UnityShaderCompiler after 0.27 seconds
Scanning for USB devices : 0.163ms
Initializing Unity extensions:
[Licensing::Client] Successfully resolved entitlements
[MODES] ModeService[none].Initialize
[MODES] ModeService[none].LoadModes
[MODES] Loading mode Default (0) for mode-current-id-EmbodiedDebate
ProgressiveSceneManager::Cancel()
Unloading 6 Unused Serialized files (Serialized files now loaded: 0)
Unloading 59 unused Assets / (0.7 MB). Loaded Objects now: 3134.
Memory consumption went from 134.5 MB to 133.8 MB.
Total: 5.087791 ms (FindLiveObjects: 0.321750 ms CreateObjectMapping: 0.053167 ms MarkObjects: 4.179125 ms  DeleteObjects: 0.533166 ms)

ArgusUnity.Editor.BridgePlayModeSmoke: capture path=/Users/guribbong/code/Argus/tmp/low_birth_rate_schoolroom_minibot.png
UnityEngine.StackTraceUtility:ExtractStackTrace () (at /Users/bokken/build/output/unity/unity/Runtime/Export/Scripting/StackTrace.cs:37)
UnityEngine.DebugLogHandler:LogFormat (UnityEngine.LogType,UnityEngine.Object,string,object[])
UnityEngine.Logger:Log (UnityEngine.LogType,object)
UnityEngine.Debug:Log (object)
ArgusUnity.Editor.BridgePlayModeSmoke:CaptureAndQuit () (at Assets/Editor/BridgePlayModeSmoke.cs:32)

(Filename: Assets/Editor/BridgePlayModeSmoke.cs Line: 32)

Opening scene 'Assets/Project/Scenes/MainSimulation.unity'
Unloading 0 Unused Serialized files (Serialized files now loaded: 0)
Loaded scene 'Assets/Project/Scenes/MainSimulation.unity'
	Deserialize:            2.505 ms
	Integration:            220.562 ms
	Integration of assets:  0.003 ms
	Thread Wait Time:       0.006 ms
	Total Operation Time:   223.076 ms
Unloading 2 unused Assets / (62.7 KB). Loaded Objects now: 3155.
Memory consumption went from 129.3 MB to 129.2 MB.
Total: 7.329417 ms (FindLiveObjects: 0.854291 ms CreateObjectMapping: 0.103792 ms MarkObjects: 6.316750 ms  DeleteObjects: 0.052833 ms)

Start importing Assets/ThirdParty/StylooClassroomAssetPack/StylooClassroomAssetPack GLTF & FBX/classroom/GLTF/wallsfloor.glb using Guid(95d4331adf82140bbb5c243cad6bfa64) Importer(-1,00000000000000000000000000000000)  -> (artifact id: 'f3d2890c29c26a32b800ce5d03471518') in 0.096778 seconds
Refreshing native plugins compatible for Editor in 0.80 ms, found 0 plugins.
Preloading 0 native plugins for Editor in 0.00 ms.
Asset Pipeline Refresh (id=c8eccfdfef14140daa8aa9cff4858876): Total: 0.173 seconds - Initiated by StopAssetImportingV2(NoUpdateAssetOptions)
Start importing Assets/ThirdParty/StylooClassroomAssetPack/StylooClassroomAssetPack GLTF & FBX/classroom/GLTF/blackboardbig.glb using Guid(427a136807b124edbb56151f06061349) Importer(-1,00000000000000000000000000000000)  -> (artifact id: '1f86de166f644ccbbd0de36be9aa8759') in 0.004771 seconds
Refreshing native plugins compatible for Editor in 0.64 ms, found 0 plugins.
Preloading 0 native plugins for Editor in 0.00 ms.
Asset Pipeline Refresh (id=9317fd64f83104165b6a500b7519441d): Total: 0.025 seconds - Initiated by StopAssetImportingV2(NoUpdateAssetOptions)
Start importing Assets/ThirdParty/StylooClassroomAssetPack/StylooClassroomAssetPack GLTF & FBX/classroom/GLTF/desk.glb using Guid(0efed4ee7808840d3b57c7df53106661) Importer(-1,00000000000000000000000000000000)  -> (artifact id: '6796f501a18b78f3f8cc5956ac718ae5') in 0.007972 seconds
Refreshing native plugins compatible for Editor in 0.62 ms, found 0 plugins.
Preloading 0 native plugins for Editor in 0.00 ms.
Asset Pipeline Refresh (id=ae5c01eb523094228a85e14c9a674ad6): Total: 0.027 seconds - Initiated by StopAssetImportingV2(NoUpdateAssetOptions)
Start importing Assets/ThirdParty/StylooClassroomAssetPack/StylooClassroomAssetPack GLTF & FBX/classroom/GLTF/shelf.glb using Guid(ab8502b263dc146ab90f5b5030d4dc58) Importer(-1,00000000000000000000000000000000)  -> (artifact id: 'e193a4a5c9f62248b2e2629f5d722cbb') in 0.004783 seconds
Refreshing native plugins compatible for Editor in 0.64 ms, found 0 plugins.
Preloading 0 native plugins for Editor in 0.00 ms.
Asset Pipeline Refresh (id=63327519dda1e4a739e94d734e3d9835): Total: 0.023 seconds - Initiated by StopAssetImportingV2(NoUpdateAssetOptions)
Start importing Assets/ThirdParty/StylooClassroomAssetPack/StylooClassroomAssetPack GLTF & FBX/classroom/GLTF/table.glb using Guid(0fac535ef0639442ea3d608d5efbaf9b) Importer(-1,00000000000000000000000000000000)  -> (artifact id: '5c883593d2a997f766a51e3bfbb6f666') in 0.007504 seconds
Refreshing native plugins compatible for Editor in 0.61 ms, found 0 plugins.
Preloading 0 native plugins for Editor in 0.00 ms.
Asset Pipeline Refresh (id=b7f64395d04d34113b71faffe00335b5): Total: 0.026 seconds - Initiated by StopAssetImportingV2(NoUpdateAssetOptions)
Start importing Assets/ThirdParty/StylooClassroomAssetPack/StylooClassroomAssetPack GLTF & FBX/classroom/GLTF/chair.glb using Guid(ed71429b2ca3f449eb10cc7913c2a223) Importer(-1,00000000000000000000000000000000)  -> (artifact id: 'ea45701d2ce3aeedb42f3a6c8d1215d8') in 0.005687 seconds
Refreshing native plugins compatible for Editor in 0.69 ms, found 0 plugins.
Preloading 0 native plugins for Editor in 0.00 ms.
Asset Pipeline Refresh (id=196c5d288d0824583b0b7d2c04a22a93): Total: 0.024 seconds - Initiated by StopAssetImportingV2(NoUpdateAssetOptions)
BridgePlayModeSmoke: added Styloo GLTF classroom background to MainSimulation.
UnityEngine.StackTraceUtility:ExtractStackTrace () (at /Users/bokken/build/output/unity/unity/Runtime/Export/Scripting/StackTrace.cs:37)
UnityEngine.DebugLogHandler:LogFormat (UnityEngine.LogType,UnityEngine.Object,string,object[])
UnityEngine.Logger:Log (UnityEngine.LogType,object)
UnityEngine.Debug:Log (object)
ArgusUnity.Editor.BridgePlayModeSmoke:BuildSchoolroomBackground () (at Assets/Editor/BridgePlayModeSmoke.cs:127)
ArgusUnity.Editor.BridgePlayModeSmoke:CaptureAndQuit () (at Assets/Editor/BridgePlayModeSmoke.cs:36)

(Filename: Assets/Editor/BridgePlayModeSmoke.cs Line: 127)

[Project] Loading completed in 13.606 seconds
	Project init time: 				8.018 seconds
		Template init time: 		0.000 seconds
		Package Manager init time: 		0.910 seconds
		Asset Database init time: 		0.529 seconds
		Global illumination init time: 	0.005 seconds
		Assemblies load time: 			0.569 seconds
		Unity extensions init time: 	0.003 seconds
		Asset Database refresh time: 	0.000 seconds
	Scene opening time: 			0.982 seconds
##utp:{"type":"ProjectInfo","version":2,"phase":"Immediate","time":1778236493615,"processId":1992,"projectLoad":13.60563525,"projectInit":8.017690959,"templateInit":0.0,"packageManagerInit":0.910316458,"assetDatabaseInit":0.529324708,"globalIlluminationInit":0.005219959,"assembliesLoad":0.5692475,"unityExtensionsInit":0.003114666,"assetDatabaseRefresh":0.0,"sceneOpening":0.98184225}
##utp:{"type":"EditorInfo","version":2,"phase":"Immediate","time":1778236493615,"processId":1992,"editorVersion":"2022.3.0f1 (fb119bb0b476)","branch":"2022.3/release","buildType":"Release","platform":"OSX"}
Subscribe to USB device events
Scanning for USB devices : 0.126ms
Thread 0x33d1c7000 may have been prematurely finalized
Reloading assemblies for play mode.
Reloading assemblies after forced synchronous recompile.
Begin MonoManager ReloadAssembly
Symbol file LoadedFromMemory is not a mono symbol file
- Loaded All Assemblies, in  0.490 seconds
Refreshing native plugins compatible for Editor in 0.63 ms, found 0 plugins.
Native extension for OSXStandalone target not found
Mono: successfully reloaded assembly
- Finished resetting the current domain, in  0.517 seconds
Domain Reload Profiling: 1011ms
	BeginReloadAssembly (379ms)
		ExecutionOrderSort (0ms)
		DisableScriptedObjects (5ms)
		BackupInstance (0ms)
		ReleaseScriptingObjects (0ms)
		CreateAndSetChildDomain (279ms)
	RebuildCommonClasses (44ms)
	RebuildNativeTypeToScriptingClass (13ms)
	initialDomainReloadingComplete (26ms)
	LoadAllAssembliesAndSetupDomain (32ms)
		LoadAssemblies (92ms)
		RebuildTransferFunctionScriptingTraits (0ms)
		AnalyzeDomain (12ms)
			TypeCache.Refresh (1ms)
				TypeCache.ScanAssembly (0ms)
			ScanForSourceGeneratedMonoScriptInfo (0ms)
			ResolveRequiredComponents (11ms)
	FinalizeReload (518ms)
		ReleaseScriptCaches (0ms)
		RebuildScriptCaches (0ms)
		SetupLoadedEditorAssemblies (331ms)
			LogAssemblyErrors (0ms)
			InitializePlatformSupportModulesInManaged (3ms)
			SetLoadedEditorAssemblies (5ms)
			RefreshPlugins (0ms)
			BeforeProcessingInitializeOnLoad (39ms)
			ProcessInitializeOnLoadAttributes (222ms)
			ProcessInitializeOnLoadMethodAttributes (60ms)
			AfterProcessingInitializeOnLoad (1ms)
			EditorAssembliesLoaded (0ms)
		ExecutionOrderSort2 (0ms)
		AwakeInstancesAfterBackupRestoration (12ms)
Asset Pipeline Refresh (id=0b775d49d74b94faab278ea5d94f87b8): Total: 1.148 seconds - Initiated by StopAssetImportingV2(ForceSynchronousImport | ForceDomainReload)
	Summary:
		Imports: total=0 (actual=0, local cache=0, cache server=0)
		Asset DB Process Time: managed=0 ms, native=116 ms
		Asset DB Callback time: managed=9 ms, native=1 ms
		Scripting: domain reloads=1, domain reload time=1021 ms, compile time=0 ms, other=0 ms
		Project Asset Count: scripts=3119, non-scripts=1539
		Asset File Changes: new=0, changed=0, moved=0, deleted=0
		Scan Filter Count: 0
	InvokeBeforeRefreshCallbacks: 1.192ms
	ApplyChangesToAssetFolders: 0.018ms
	Scan: 0.000ms
	OnSourceAssetsModified: 0.001ms
	GetAllGuidsForCategorization: 0.412ms
	CategorizeAssets: 37.347ms
	ImportOutOfDateAssets: 526.867ms (524.021ms without children)
		CompileScripts: 0.010ms
		CollectScriptTypesHashes: 0.392ms
		ReloadNativeAssets: 0.234ms
		UnloadImportedAssets: 0.213ms
		EnsureUptoDateAssetsAreRegisteredWithGuidPM: 1.119ms
		InitializingProgressBar: 0.000ms
		PostProcessAllAssetNotificationsAddChangedAssets: 0.000ms
		OnDemandSchedulerStart: 0.879ms
	PostProcessAllAssets: 9.022ms
	GatherAllCurrentPrimaryArtifactRevisions: 0.133ms
	UnloadStreamsBegin: 0.065ms
	PersistCurrentRevisions: 0.178ms
	UnloadStreamsEnd: 0.011ms
	GenerateScriptTypeHashes: 1.972ms
	Untracked: 573.232ms
SimulationBootstrap: Loaded robot model from Resources/UserModels/Idle.
UnityEngine.StackTraceUtility:ExtractStackTrace () (at /Users/bokken/build/output/unity/unity/Runtime/Export/Scripting/StackTrace.cs:37)
UnityEngine.DebugLogHandler:LogFormat (UnityEngine.LogType,UnityEngine.Object,string,object[])
UnityEngine.Logger:Log (UnityEngine.LogType,object)
UnityEngine.Debug:Log (object)
ArgusUnity.Runtime.SimulationBootstrap:LoadRobotPrefab (string) (at Assets/Project/Scripts/Runtime/SimulationBootstrap.cs:102)
ArgusUnity.Runtime.SimulationBootstrap:Awake () (at Assets/Project/Scripts/Runtime/SimulationBootstrap.cs:47)

(Filename: Assets/Project/Scripts/Runtime/SimulationBootstrap.cs Line: 102)

AudioListener component deleted: Component belongs to a disabled built-in package.
Loaded scene 'Temp/__Backupscenes/0.backup'
	Deserialize:            4.484 ms
	Integration:            362.758 ms
	Integration of assets:  1.799 ms
	Thread Wait Time:       0.007 ms
	Total Operation Time:   369.048 ms
[MODES] ModeService[none].Initialize
[MODES] ModeService[none].LoadModes
[MODES] Loading mode Default (0) for mode-current-id-EmbodiedDebate
Created GICache directory at /Users/guribbong/Library/Caches/com.unity3d.UnityEditor/GiCache. Took: 0.015s, timestamps: [15.282 - 15.297]
Setting up 4 worker threads for Enlighten.
Simulation start POST failed (http://127.0.0.1:8765/simulation/start): 503 HTTP/1.1 503 Service Unavailable
UnityEngine.StackTraceUtility:ExtractStackTrace () (at /Users/bokken/build/output/unity/unity/Runtime/Export/Scripting/StackTrace.cs:37)
UnityEngine.DebugLogHandler:LogFormat (UnityEngine.LogType,UnityEngine.Object,string,object[])
UnityEngine.Logger:Log (UnityEngine.LogType,object)
UnityEngine.Debug:LogWarning (object)
ArgusUnity.Runtime.BridgeReceiver/<PostSimulationStartCoroutine>d__28:MoveNext () (at Assets/Project/Scripts/Runtime/BridgeReceiver.cs:212)
UnityEngine.SetupCoroutine:InvokeMoveNext (System.Collections.IEnumerator,intptr) (at /Users/bokken/build/output/unity/unity/Runtime/Export/Scripting/Coroutines.cs:17)

(Filename: Assets/Project/Scripts/Runtime/BridgeReceiver.cs Line: 212)

Bridge message not routed: Bridge message type is known but not routed by the scene orchestrator. (bridge.ready)
UnityEngine.StackTraceUtility:ExtractStackTrace () (at /Users/bokken/build/output/unity/unity/Runtime/Export/Scripting/StackTrace.cs:37)
UnityEngine.DebugLogHandler:LogFormat (UnityEngine.LogType,UnityEngine.Object,string,object[])
UnityEngine.Logger:Log (UnityEngine.LogType,object)
UnityEngine.Debug:LogWarning (object)
ArgusUnity.Runtime.BridgeReceiver:Update () (at Assets/Project/Scripts/Runtime/BridgeReceiver.cs:153)

(Filename: Assets/Project/Scripts/Runtime/BridgeReceiver.cs Line: 153)

Bridge simulation/start: {"streamed_envelopes":54,"physics_emitted":true,"run_id":"low_birth_rate_choice_state_001","agent_count":4,"event_count":49,"scenario_title":"Low birth rate: individual choice or structural state problem","dry_run":true}
UnityEngine.StackTraceUtility:ExtractStackTrace () (at /Users/bokken/build/output/unity/unity/Runtime/Export/Scripting/StackTrace.cs:37)
UnityEngine.DebugLogHandler:LogFormat (UnityEngine.LogType,UnityEngine.Object,string,object[])
UnityEngine.Logger:Log (UnityEngine.LogType,object)
UnityEngine.Debug:Log (object)
ArgusUnity.Runtime.BridgeReceiver/<PostSimulationStartCoroutine>d__28:MoveNext () (at Assets/Project/Scripts/Runtime/BridgeReceiver.cs:223)
UnityEngine.SetupCoroutine:InvokeMoveNext (System.Collections.IEnumerator,intptr) (at /Users/bokken/build/output/unity/unity/Runtime/Export/Scripting/Coroutines.cs:17)

(Filename: Assets/Project/Scripts/Runtime/BridgeReceiver.cs Line: 223)

AgentLocomotionDriver: Animator locomotion ready controller=MiniBotLocomotion, rootMotion=False, hasSpeed=True, hasTurn=True.
UnityEngine.StackTraceUtility:ExtractStackTrace () (at /Users/bokken/build/output/unity/unity/Runtime/Export/Scripting/StackTrace.cs:37)
UnityEngine.DebugLogHandler:LogFormat (UnityEngine.LogType,UnityEngine.Object,string,object[])
UnityEngine.Logger:Log (UnityEngine.LogType,object)
UnityEngine.Debug:Log (object)
ArgusUnity.Runtime.AgentLocomotionDriver:ConfigureAnimator () (at Assets/Project/Scripts/Runtime/AgentLocomotionDriver.cs:174)
ArgusUnity.Runtime.AgentLocomotionDriver:Awake () (at Assets/Project/Scripts/Runtime/AgentLocomotionDriver.cs:67)
UnityEngine.GameObject:AddComponent (System.Type) (at /Users/bokken/build/output/unity/unity/Runtime/Export/Scripting/GameObject.bindings.cs:235)
UnityEngine.GameObject:AddComponent<ArgusUnity.Runtime.AgentLocomotionDriver> () (at /Users/bokken/build/output/unity/unity/Runtime/Export/Scripting/GameObject.bindings.cs:240)
ArgusUnity.Runtime.AgentSpawnHandler:ConfigureLocomotion (UnityEngine.GameObject) (at Assets/Project/Scripts/Runtime/AgentSpawnHandler.cs:117)
ArgusUnity.Runtime.AgentSpawnHandler:OnAgentSpawn (ArgusUnity.Bridge.BridgeEnvelope) (at Assets/Project/Scripts/Runtime/AgentSpawnHandler.cs:84)
ArgusUnity.Scene.SimulationSceneOrchestrator:TryHandle (ArgusUnity.Bridge.BridgeEnvelope,ArgusUnity.Bridge.StructuredError&) (at Assets/Project/Scripts/Scene/SimulationSceneOrchestrator.cs:31)
ArgusUnity.Runtime.BridgeReceiver:Update () (at Assets/Project/Scripts/Runtime/BridgeReceiver.cs:151)

(Filename: Assets/Project/Scripts/Runtime/AgentLocomotionDriver.cs Line: 174)

AgentLocomotionDriver: Animator locomotion ready controller=MiniBotLocomotion, rootMotion=False, hasSpeed=True, hasTurn=True.
UnityEngine.StackTraceUtility:ExtractStackTrace () (at /Users/bokken/build/output/unity/unity/Runtime/Export/Scripting/StackTrace.cs:37)
UnityEngine.DebugLogHandler:LogFormat (UnityEngine.LogType,UnityEngine.Object,string,object[])
UnityEngine.Logger:Log (UnityEngine.LogType,object)
UnityEngine.Debug:Log (object)
ArgusUnity.Runtime.AgentLocomotionDriver:ConfigureAnimator () (at Assets/Project/Scripts/Runtime/AgentLocomotionDriver.cs:174)
ArgusUnity.Runtime.AgentLocomotionDriver:Awake () (at Assets/Project/Scripts/Runtime/AgentLocomotionDriver.cs:67)
UnityEngine.GameObject:AddComponent (System.Type) (at /Users/bokken/build/output/unity/unity/Runtime/Export/Scripting/GameObject.bindings.cs:235)
UnityEngine.GameObject:AddComponent<ArgusUnity.Runtime.AgentLocomotionDriver> () (at /Users/bokken/build/output/unity/unity/Runtime/Export/Scripting/GameObject.bindings.cs:240)
ArgusUnity.Runtime.AgentSpawnHandler:ConfigureLocomotion (UnityEngine.GameObject) (at Assets/Project/Scripts/Runtime/AgentSpawnHandler.cs:117)
ArgusUnity.Runtime.AgentSpawnHandler:OnAgentSpawn (ArgusUnity.Bridge.BridgeEnvelope) (at Assets/Project/Scripts/Runtime/AgentSpawnHandler.cs:84)
ArgusUnity.Scene.SimulationSceneOrchestrator:TryHandle (ArgusUnity.Bridge.BridgeEnvelope,ArgusUnity.Bridge.StructuredError&) (at Assets/Project/Scripts/Scene/SimulationSceneOrchestrator.cs:31)
ArgusUnity.Runtime.BridgeReceiver:Update () (at Assets/Project/Scripts/Runtime/BridgeReceiver.cs:151)

(Filename: Assets/Project/Scripts/Runtime/AgentLocomotionDriver.cs Line: 174)

AgentLocomotionDriver: Animator locomotion ready controller=MiniBotLocomotion, rootMotion=False, hasSpeed=True, hasTurn=True.
UnityEngine.StackTraceUtility:ExtractStackTrace () (at /Users/bokken/build/output/unity/unity/Runtime/Export/Scripting/StackTrace.cs:37)
UnityEngine.DebugLogHandler:LogFormat (UnityEngine.LogType,UnityEngine.Object,string,object[])
UnityEngine.Logger:Log (UnityEngine.LogType,object)
UnityEngine.Debug:Log (object)
ArgusUnity.Runtime.AgentLocomotionDriver:ConfigureAnimator () (at Assets/Project/Scripts/Runtime/AgentLocomotionDriver.cs:174)
ArgusUnity.Runtime.AgentLocomotionDriver:Awake () (at Assets/Project/Scripts/Runtime/AgentLocomotionDriver.cs:67)
UnityEngine.GameObject:AddComponent (System.Type) (at /Users/bokken/build/output/unity/unity/Runtime/Export/Scripting/GameObject.bindings.cs:235)
UnityEngine.GameObject:AddComponent<ArgusUnity.Runtime.AgentLocomotionDriver> () (at /Users/bokken/build/output/unity/unity/Runtime/Export/Scripting/GameObject.bindings.cs:240)
ArgusUnity.Runtime.AgentSpawnHandler:ConfigureLocomotion (UnityEngine.GameObject) (at Assets/Project/Scripts/Runtime/AgentSpawnHandler.cs:117)
ArgusUnity.Runtime.AgentSpawnHandler:OnAgentSpawn (ArgusUnity.Bridge.BridgeEnvelope) (at Assets/Project/Scripts/Runtime/AgentSpawnHandler.cs:84)
ArgusUnity.Scene.SimulationSceneOrchestrator:TryHandle (ArgusUnity.Bridge.BridgeEnvelope,ArgusUnity.Bridge.StructuredError&) (at Assets/Project/Scripts/Scene/SimulationSceneOrchestrator.cs:31)
ArgusUnity.Runtime.BridgeReceiver:Update () (at Assets/Project/Scripts/Runtime/BridgeReceiver.cs:151)

(Filename: Assets/Project/Scripts/Runtime/AgentLocomotionDriver.cs Line: 174)

AgentLocomotionDriver: Animator locomotion ready controller=MiniBotLocomotion, rootMotion=False, hasSpeed=True, hasTurn=True.
UnityEngine.StackTraceUtility:ExtractStackTrace () (at /Users/bokken/build/output/unity/unity/Runtime/Export/Scripting/StackTrace.cs:37)
UnityEngine.DebugLogHandler:LogFormat (UnityEngine.LogType,UnityEngine.Object,string,object[])
UnityEngine.Logger:Log (UnityEngine.LogType,object)
UnityEngine.Debug:Log (object)
ArgusUnity.Runtime.AgentLocomotionDriver:ConfigureAnimator () (at Assets/Project/Scripts/Runtime/AgentLocomotionDriver.cs:174)
ArgusUnity.Runtime.AgentLocomotionDriver:Awake () (at Assets/Project/Scripts/Runtime/AgentLocomotionDriver.cs:67)
UnityEngine.GameObject:AddComponent (System.Type) (at /Users/bokken/build/output/unity/unity/Runtime/Export/Scripting/GameObject.bindings.cs:235)
UnityEngine.GameObject:AddComponent<ArgusUnity.Runtime.AgentLocomotionDriver> () (at /Users/bokken/build/output/unity/unity/Runtime/Export/Scripting/GameObject.bindings.cs:240)
ArgusUnity.Runtime.AgentSpawnHandler:ConfigureLocomotion (UnityEngine.GameObject) (at Assets/Project/Scripts/Runtime/AgentSpawnHandler.cs:117)
ArgusUnity.Runtime.AgentSpawnHandler:OnAgentSpawn (ArgusUnity.Bridge.BridgeEnvelope) (at Assets/Project/Scripts/Runtime/AgentSpawnHandler.cs:84)
ArgusUnity.Scene.SimulationSceneOrchestrator:TryHandle (ArgusUnity.Bridge.BridgeEnvelope,ArgusUnity.Bridge.StructuredError&) (at Assets/Project/Scripts/Scene/SimulationSceneOrchestrator.cs:31)
ArgusUnity.Runtime.BridgeReceiver:Update () (at Assets/Project/Scripts/Runtime/BridgeReceiver.cs:151)

(Filename: Assets/Project/Scripts/Runtime/AgentLocomotionDriver.cs Line: 174)

Bridge message not routed: Bridge message type is known but not routed by the scene orchestrator. (simulation.event)
UnityEngine.StackTraceUtility:ExtractStackTrace () (at /Users/bokken/build/output/unity/unity/Runtime/Export/Scripting/StackTrace.cs:37)
UnityEngine.DebugLogHandler:LogFormat (UnityEngine.LogType,UnityEngine.Object,string,object[])
UnityEngine.Logger:Log (UnityEngine.LogType,object)
UnityEngine.Debug:LogWarning (object)
ArgusUnity.Runtime.BridgeReceiver:Update () (at Assets/Project/Scripts/Runtime/BridgeReceiver.cs:153)

(Filename: Assets/Project/Scripts/Runtime/BridgeReceiver.cs Line: 153)

Bridge message not routed: Bridge message type is known but not routed by the scene orchestrator. (simulation.event)
UnityEngine.StackTraceUtility:ExtractStackTrace () (at /Users/bokken/build/output/unity/unity/Runtime/Export/Scripting/StackTrace.cs:37)
UnityEngine.DebugLogHandler:LogFormat (UnityEngine.LogType,UnityEngine.Object,string,object[])
UnityEngine.Logger:Log (UnityEngine.LogType,object)
UnityEngine.Debug:LogWarning (object)
ArgusUnity.Runtime.BridgeReceiver:Update () (at Assets/Project/Scripts/Runtime/BridgeReceiver.cs:153)

(Filename: Assets/Project/Scripts/Runtime/BridgeReceiver.cs Line: 153)

Bridge message not routed: Bridge message type is known but not routed by the scene orchestrator. (simulation.event)
UnityEngine.StackTraceUtility:ExtractStackTrace () (at /Users/bokken/build/output/unity/unity/Runtime/Export/Scripting/StackTrace.cs:37)
UnityEngine.DebugLogHandler:LogFormat (UnityEngine.LogType,UnityEngine.Object,string,object[])
UnityEngine.Logger:Log (UnityEngine.LogType,object)
UnityEngine.Debug:LogWarning (object)
ArgusUnity.Runtime.BridgeReceiver:Update () (at Assets/Project/Scripts/Runtime/BridgeReceiver.cs:153)

(Filename: Assets/Project/Scripts/Runtime/BridgeReceiver.cs Line: 153)

Bridge message not routed: Bridge message type is known but not routed by the scene orchestrator. (simulation.event)
UnityEngine.StackTraceUtility:ExtractStackTrace () (at /Users/bokken/build/output/unity/unity/Runtime/Export/Scripting/StackTrace.cs:37)
UnityEngine.DebugLogHandler:LogFormat (UnityEngine.LogType,UnityEngine.Object,string,object[])
UnityEngine.Logger:Log (UnityEngine.LogType,object)
UnityEngine.Debug:LogWarning (object)
ArgusUnity.Runtime.BridgeReceiver:Update () (at Assets/Project/Scripts/Runtime/BridgeReceiver.cs:153)

(Filename: Assets/Project/Scripts/Runtime/BridgeReceiver.cs Line: 153)

Bridge message not routed: Bridge message type is known but not routed by the scene orchestrator. (simulation.event)
UnityEngine.StackTraceUtility:ExtractStackTrace () (at /Users/bokken/build/output/unity/unity/Runtime/Export/Scripting/StackTrace.cs:37)
UnityEngine.DebugLogHandler:LogFormat (UnityEngine.LogType,UnityEngine.Object,string,object[])
UnityEngine.Logger:Log (UnityEngine.LogType,object)
UnityEngine.Debug:LogWarning (object)
ArgusUnity.Runtime.BridgeReceiver:Update () (at Assets/Project/Scripts/Runtime/BridgeReceiver.cs:153)

(Filename: Assets/Project/Scripts/Runtime/BridgeReceiver.cs Line: 153)

Bridge message not routed: Bridge message type is known but not routed by the scene orchestrator. (simulation.event)
UnityEngine.StackTraceUtility:ExtractStackTrace () (at /Users/bokken/build/output/unity/unity/Runtime/Export/Scripting/StackTrace.cs:37)
UnityEngine.DebugLogHandler:LogFormat (UnityEngine.LogType,UnityEngine.Object,string,object[])
UnityEngine.Logger:Log (UnityEngine.LogType,object)
UnityEngine.Debug:LogWarning (object)
ArgusUnity.Runtime.BridgeReceiver:Update () (at Assets/Project/Scripts/Runtime/BridgeReceiver.cs:153)

(Filename: Assets/Project/Scripts/Runtime/BridgeReceiver.cs Line: 153)

Bridge message not routed: Bridge message type is known but not routed by the scene orchestrator. (simulation.event)
UnityEngine.StackTraceUtility:ExtractStackTrace () (at /Users/bokken/build/output/unity/unity/Runtime/Export/Scripting/StackTrace.cs:37)
UnityEngine.DebugLogHandler:LogFormat (UnityEngine.LogType,UnityEngine.Object,string,object[])
UnityEngine.Logger:Log (UnityEngine.LogType,object)
UnityEngine.Debug:LogWarning (object)
ArgusUnity.Runtime.BridgeReceiver:Update () (at Assets/Project/Scripts/Runtime/BridgeReceiver.cs:153)

(Filename: Assets/Project/Scripts/Runtime/BridgeReceiver.cs Line: 153)

Bridge message not routed: Bridge message type is known but not routed by the scene orchestrator. (simulation.event)
UnityEngine.StackTraceUtility:ExtractStackTrace () (at /Users/bokken/build/output/unity/unity/Runtime/Export/Scripting/StackTrace.cs:37)
UnityEngine.DebugLogHandler:LogFormat (UnityEngine.LogType,UnityEngine.Object,string,object[])
UnityEngine.Logger:Log (UnityEngine.LogType,object)
UnityEngine.Debug:LogWarning (object)
ArgusUnity.Runtime.BridgeReceiver:Update () (at Assets/Project/Scripts/Runtime/BridgeReceiver.cs:153)

(Filename: Assets/Project/Scripts/Runtime/BridgeReceiver.cs Line: 153)

Bridge message not routed: Bridge message type is known but not routed by the scene orchestrator. (simulation.event)
UnityEngine.StackTraceUtility:ExtractStackTrace () (at /Users/bokken/build/output/unity/unity/Runtime/Export/Scripting/StackTrace.cs:37)
UnityEngine.DebugLogHandler:LogFormat (UnityEngine.LogType,UnityEngine.Object,string,object[])
UnityEngine.Logger:Log (UnityEngine.LogType,object)
UnityEngine.Debug:LogWarning (object)
ArgusUnity.Runtime.BridgeReceiver:Update () (at Assets/Project/Scripts/Runtime/BridgeReceiver.cs:153)

(Filename: Assets/Project/Scripts/Runtime/BridgeReceiver.cs Line: 153)

Bridge message not routed: Bridge message type is known but not routed by the scene orchestrator. (simulation.event)
UnityEngine.StackTraceUtility:ExtractStackTrace () (at /Users/bokken/build/output/unity/unity/Runtime/Export/Scripting/StackTrace.cs:37)
UnityEngine.DebugLogHandler:LogFormat (UnityEngine.LogType,UnityEngine.Object,string,object[])
UnityEngine.Logger:Log (UnityEngine.LogType,object)
UnityEngine.Debug:LogWarning (object)
ArgusUnity.Runtime.BridgeReceiver:Update () (at Assets/Project/Scripts/Runtime/BridgeReceiver.cs:153)

(Filename: Assets/Project/Scripts/Runtime/BridgeReceiver.cs Line: 153)

AgentLocomotionDriver: idle animation active state=Idle, source=Idle.fbx, controller=MiniBotLocomotion.
UnityEngine.StackTraceUtility:ExtractStackTrace () (at /Users/bokken/build/output/unity/unity/Runtime/Export/Scripting/StackTrace.cs:37)
UnityEngine.DebugLogHandler:LogFormat (UnityEngine.LogType,UnityEngine.Object,string,object[])
UnityEngine.Logger:Log (UnityEngine.LogType,object)
UnityEngine.Debug:Log (object)
ArgusUnity.Runtime.AgentLocomotionDriver:LogLocomotionSource () (at Assets/Project/Scripts/Runtime/AgentLocomotionDriver.cs:214)
ArgusUnity.Runtime.AgentLocomotionDriver:LateUpdate () (at Assets/Project/Scripts/Runtime/AgentLocomotionDriver.cs:125)

(Filename: Assets/Project/Scripts/Runtime/AgentLocomotionDriver.cs Line: 214)

AgentLocomotionDriver: walk animation active state=LocomotionBlendTree, source=Walking-2.fbx, speed=1.00, controller=MiniBotLocomotion.
UnityEngine.StackTraceUtility:ExtractStackTrace () (at /Users/bokken/build/output/unity/unity/Runtime/Export/Scripting/StackTrace.cs:37)
UnityEngine.DebugLogHandler:LogFormat (UnityEngine.LogType,UnityEngine.Object,string,object[])
UnityEngine.Logger:Log (UnityEngine.LogType,object)
UnityEngine.Debug:Log (object)
ArgusUnity.Runtime.AgentLocomotionDriver:LogLocomotionSource () (at Assets/Project/Scripts/Runtime/AgentLocomotionDriver.cs:258)
ArgusUnity.Runtime.AgentLocomotionDriver:LateUpdate () (at Assets/Project/Scripts/Runtime/AgentLocomotionDriver.cs:125)

(Filename: Assets/Project/Scripts/Runtime/AgentLocomotionDriver.cs Line: 258)

AgentLocomotionDriver: walk animation active state=LocomotionBlendTree, source=Walking-2.fbx, speed=1.00, controller=MiniBotLocomotion.
UnityEngine.StackTraceUtility:ExtractStackTrace () (at /Users/bokken/build/output/unity/unity/Runtime/Export/Scripting/StackTrace.cs:37)
UnityEngine.DebugLogHandler:LogFormat (UnityEngine.LogType,UnityEngine.Object,string,object[])
UnityEngine.Logger:Log (UnityEngine.LogType,object)
UnityEngine.Debug:Log (object)
ArgusUnity.Runtime.AgentLocomotionDriver:LogLocomotionSource () (at Assets/Project/Scripts/Runtime/AgentLocomotionDriver.cs:258)
ArgusUnity.Runtime.AgentLocomotionDriver:LateUpdate () (at Assets/Project/Scripts/Runtime/AgentLocomotionDriver.cs:125)

(Filename: Assets/Project/Scripts/Runtime/AgentLocomotionDriver.cs Line: 258)

AgentLocomotionDriver: walk animation active state=LocomotionBlendTree, source=Walking-2.fbx, speed=1.00, controller=MiniBotLocomotion.
UnityEngine.StackTraceUtility:ExtractStackTrace () (at /Users/bokken/build/output/unity/unity/Runtime/Export/Scripting/StackTrace.cs:37)
UnityEngine.DebugLogHandler:LogFormat (UnityEngine.LogType,UnityEngine.Object,string,object[])
UnityEngine.Logger:Log (UnityEngine.LogType,object)
UnityEngine.Debug:Log (object)
ArgusUnity.Runtime.AgentLocomotionDriver:LogLocomotionSource () (at Assets/Project/Scripts/Runtime/AgentLocomotionDriver.cs:258)
ArgusUnity.Runtime.AgentLocomotionDriver:LateUpdate () (at Assets/Project/Scripts/Runtime/AgentLocomotionDriver.cs:125)

(Filename: Assets/Project/Scripts/Runtime/AgentLocomotionDriver.cs Line: 258)

AgentLocomotionDriver: idle animation active state=Idle, source=Idle.fbx, controller=MiniBotLocomotion.
UnityEngine.StackTraceUtility:ExtractStackTrace () (at /Users/bokken/build/output/unity/unity/Runtime/Export/Scripting/StackTrace.cs:37)
UnityEngine.DebugLogHandler:LogFormat (UnityEngine.LogType,UnityEngine.Object,string,object[])
UnityEngine.Logger:Log (UnityEngine.LogType,object)
UnityEngine.Debug:Log (object)
ArgusUnity.Runtime.AgentLocomotionDriver:LogLocomotionSource () (at Assets/Project/Scripts/Runtime/AgentLocomotionDriver.cs:214)
ArgusUnity.Runtime.AgentLocomotionDriver:LateUpdate () (at Assets/Project/Scripts/Runtime/AgentLocomotionDriver.cs:125)

(Filename: Assets/Project/Scripts/Runtime/AgentLocomotionDriver.cs Line: 214)

AgentLocomotionDriver: idle animation active state=Idle, source=Idle.fbx, controller=MiniBotLocomotion.
UnityEngine.StackTraceUtility:ExtractStackTrace () (at /Users/bokken/build/output/unity/unity/Runtime/Export/Scripting/StackTrace.cs:37)
UnityEngine.DebugLogHandler:LogFormat (UnityEngine.LogType,UnityEngine.Object,string,object[])
UnityEngine.Logger:Log (UnityEngine.LogType,object)
UnityEngine.Debug:Log (object)
ArgusUnity.Runtime.AgentLocomotionDriver:LogLocomotionSource () (at Assets/Project/Scripts/Runtime/AgentLocomotionDriver.cs:214)
ArgusUnity.Runtime.AgentLocomotionDriver:LateUpdate () (at Assets/Project/Scripts/Runtime/AgentLocomotionDriver.cs:125)

(Filename: Assets/Project/Scripts/Runtime/AgentLocomotionDriver.cs Line: 214)

AgentLocomotionDriver: idle animation active state=Idle, source=Idle.fbx, controller=MiniBotLocomotion.
UnityEngine.StackTraceUtility:ExtractStackTrace () (at /Users/bokken/build/output/unity/unity/Runtime/Export/Scripting/StackTrace.cs:37)
UnityEngine.DebugLogHandler:LogFormat (UnityEngine.LogType,UnityEngine.Object,string,object[])
UnityEngine.Logger:Log (UnityEngine.LogType,object)
UnityEngine.Debug:Log (object)
ArgusUnity.Runtime.AgentLocomotionDriver:LogLocomotionSource () (at Assets/Project/Scripts/Runtime/AgentLocomotionDriver.cs:214)
ArgusUnity.Runtime.AgentLocomotionDriver:LateUpdate () (at Assets/Project/Scripts/Runtime/AgentLocomotionDriver.cs:125)

(Filename: Assets/Project/Scripts/Runtime/AgentLocomotionDriver.cs Line: 214)

ArgusSmoke: capturing /Users/guribbong/code/Argus/tmp/low_birth_rate_schoolroom_minibot.png after 1201 frames.
UnityEngine.StackTraceUtility:ExtractStackTrace () (at /Users/bokken/build/output/unity/unity/Runtime/Export/Scripting/StackTrace.cs:37)
UnityEngine.DebugLogHandler:LogFormat (UnityEngine.LogType,UnityEngine.Object,string,object[])
UnityEngine.Logger:Log (UnityEngine.LogType,object)
UnityEngine.Debug:Log (object)
ArgusUnity.Runtime.SmokeScreenshot:LateUpdate () (at Assets/Project/Scripts/Runtime/SmokeScreenshot.cs:44)

(Filename: Assets/Project/Scripts/Runtime/SmokeScreenshot.cs Line: 44)

ArgusSmoke: wrote 1280x720 PNG to /Users/guribbong/code/Argus/tmp/low_birth_rate_schoolroom_minibot.png
UnityEngine.StackTraceUtility:ExtractStackTrace () (at /Users/bokken/build/output/unity/unity/Runtime/Export/Scripting/StackTrace.cs:37)
UnityEngine.DebugLogHandler:LogFormat (UnityEngine.LogType,UnityEngine.Object,string,object[])
UnityEngine.Logger:Log (UnityEngine.LogType,object)
UnityEngine.Debug:Log (object)
ArgusUnity.Runtime.SmokeScreenshot:CaptureMainCameraToPng (string,int,int) (at Assets/Project/Scripts/Runtime/SmokeScreenshot.cs:114)
ArgusUnity.Runtime.SmokeScreenshot:LateUpdate () (at Assets/Project/Scripts/Runtime/SmokeScreenshot.cs:46)

(Filename: Assets/Project/Scripts/Runtime/SmokeScreenshot.cs Line: 114)

Thread 0x357747000 may have been prematurely finalized
Unloading 15 Unused Serialized files (Serialized files now loaded: 0)
Loaded scene 'Temp/__Backupscenes/0.backup'
	Deserialize:            2.038 ms
	Integration:            330.527 ms
	Integration of assets:  0.002 ms
	Thread Wait Time:       0.004 ms
	Total Operation Time:   332.571 ms
Unloading 115 unused Assets / (2.0 MB). Loaded Objects now: 3358.
Memory consumption went from 159.8 MB to 157.8 MB.
Total: 15.294291 ms (FindLiveObjects: 1.002500 ms CreateObjectMapping: 0.129333 ms MarkObjects: 11.919959 ms  DeleteObjects: 2.240875 ms)

[UnityConnectServicesConfig] config is NOT valid, switching to default
gi::BakeBackendSwitch: switching bake backend from 3 to 2.
Thread 0x3791c7000 may have been prematurely finalized
[Licensing::IpcConnector] License Notification channel disconnected successfully.
[Licensing::IpcConnector] License Client channel disconnected successfully.
Thread 0x17be93000 may have been prematurely finalized
Thread 0x17c037000 may have been prematurely finalized
Thread 0x17bf1f000 may have been prematurely finalized
Thread 0x17bfab000 may have been prematurely finalized
Cleanup mono
[40m[32minfo[39m[22m[49m: Microsoft.Hosting.Lifetime[0]
      Application is shutting down...
[40m[32minfo[39m[22m[49m: Unity.ILPP.Runner.PostProcessingAssemblyLoadContext[0]
      ALC ILPP context 1 is unloading
debugger-agent: Unable to listen on 48
[Performance] Application.InitializeProject                                                                                                        :        1 samples, Peak.  8.02 s (1.0x), Avg.  8.02 s, Total. 8.018 s (42.7%)
[Performance] Application.PackageManager.StartServer                                                                                               :        1 samples, Peak.  3.29 ms (1.0x), Avg.  3.29 ms, Total. 3.291 ms (0.0%)
[Performance] Application.AcquireProjectLock                                                                                                       :        1 samples, Peak.  2.37 ms (1.0x), Avg.  2.37 ms, Total. 2.366 ms (0.0%)
[Performance] Application.InitializeEngineNoGraphics                                                                                               :        1 samples, Peak.  87.7 ms (1.0x), Avg.  87.7 ms, Total. 87.72 ms (0.5%)
[Performance] Application.PackageManager.Initialize                                                                                                :        1 samples, Peak.   910 ms (1.0x), Avg.   910 ms, Total. 910.3 ms (4.9%)
[Performance] Connecting to Package Manager                                                                                                        :       92 samples, Peak.  97.7 us (66.0x), Avg.  1.48 us, Total. 136.2 us (0.0%)
[Performance] Application.EngineGraphics.Initialize                                                                                                :        1 samples, Peak.   135 ms (1.0x), Avg.   135 ms, Total. 134.7 ms (0.7%)
[Performance] Application.GI.Initialize                                                                                                            :        1 samples, Peak.  5.42 ms (1.0x), Avg.  5.42 ms, Total. 5.424 ms (0.0%)
[Performance] Application.LoadAllDefaultResourcesFromEditor                                                                                        :        1 samples, Peak.  1.94 ms (1.0x), Avg.  1.94 ms, Total. 1.944 ms (0.0%)
[Performance] Application.LoadMonoAssemblies                                                                                                       :        1 samples, Peak.   569 ms (1.0x), Avg.   569 ms, Total. 569.2 ms (3.0%)
[Performance] RestoreManagedReferences                                                                                                             :        3 samples, Peak.  56.7 ms (1.7x), Avg.  32.4 ms, Total. 97.27 ms (0.5%)
[Performance] InitializeOnLoad ProjectSearch                                                                                                       :        3 samples, Peak.   251 us (1.1x), Avg.   232 us, Total. 695.5 us (0.0%)
[Performance] InitializeOnLoad AssetStoreContext                                                                                                   :        3 samples, Peak.  22.5 ms (1.1x), Avg.  19.8 ms, Total. 59.37 ms (0.3%)
[Performance] InitializeOnLoad SearchService                                                                                                       :        3 samples, Peak.  98.2 us (1.0x), Avg.  96.4 us, Total. 289.1 us (0.0%)
[Performance] InitializeOnLoad ObjectSelectorSearch                                                                                                :        3 samples, Peak.   277 us (1.2x), Avg.   225 us, Total. 675.3 us (0.0%)
[Performance] InitializeOnLoad NativeFormatImporterUtility                                                                                         :        3 samples, Peak.  2.02 ms (1.2x), Avg.  1.68 ms, Total. 5.055 ms (0.0%)
[Performance] InitializeOnLoad ManagedDebuggerWindow                                                                                               :        3 samples, Peak.   559 us (1.8x), Avg.   317 us, Total. 951.5 us (0.0%)
[Performance] InitializeOnLoad PrefabInstanceChangedListener                                                                                       :        3 samples, Peak.   536 us (1.1x), Avg.   500 us, Total. 1.501 ms (0.0%)
[Performance] InitializeOnLoad ManagedDebugger                                                                                                     :        3 samples, Peak.  1.54 us (2.1x), Avg.   736 ns, Total. 2.208 us (0.0%)
[Performance] InitializeOnLoad CloudBuild                                                                                                          :        3 samples, Peak.  4.17 us (1.4x), Avg.  2.90 us, Total. 8.708 us (0.0%)
[Performance] InitializeOnLoad Collab                                                                                                              :        3 samples, Peak.  8.65 ms (1.6x), Avg.  5.34 ms, Total. 16.03 ms (0.1%)
[Performance] InitializeOnLoad ShortcutIntegration                                                                                                 :        3 samples, Peak.  51.2 us (1.0x), Avg.  49.6 us, Total. 148.9 us (0.0%)
[Performance] InitializeOnLoad MixerEffectDefinitionReloader                                                                                       :        3 samples, Peak.  2.41 ms (1.4x), Avg.  1.70 ms, Total. 5.090 ms (0.0%)
[Performance] InitializeOnLoad DrivenRectTransformUndo                                                                                             :        3 samples, Peak.   200 us (1.1x), Avg.   188 us, Total. 564.3 us (0.0%)
[Performance] InitializeOnLoad WindowLayout                                                                                                        :        3 samples, Peak.   420 us (1.1x), Avg.   388 us, Total. 1.165 ms (0.0%)
[Performance] InitializeOnLoad SettingsService                                                                                                     :        3 samples, Peak.  9.50 us (1.4x), Avg.  6.61 us, Total. 19.83 us (0.0%)
[Performance] InitializeOnLoad CacheServerWindow                                                                                                   :        3 samples, Peak.  10.3 us (1.4x), Avg.  7.35 us, Total. 22.04 us (0.0%)
[Performance] InitializeOnLoad MenuItems                                                                                                           :        3 samples, Peak.  64.0 us (1.1x), Avg.  61.0 us, Total. 182.9 us (0.0%)
[Performance] InitializeOnLoad CheckNavigationPackage                                                                                              :        3 samples, Peak.   304 us (1.1x), Avg.   289 us, Total. 865.6 us (0.0%)
[Performance] InitializeOnLoad UISystemProfilerRenderService                                                                                       :        3 samples, Peak.  10.4 us (1.3x), Avg.  8.28 us, Total. 24.83 us (0.0%)
[Performance] InitializeOnLoad EditMode                                                                                                            :        3 samples, Peak.   500 us (1.5x), Avg.   333 us, Total. 997.6 us (0.0%)
[Performance] InitializeOnLoad UnityConnect                                                                                                        :        3 samples, Peak.  43.0 us (1.2x), Avg.  37.0 us, Total. 110.9 us (0.0%)
[Performance] InitializeOnLoad AddComponentWindow                                                                                                  :        3 samples, Peak.  90.5 us (1.1x), Avg.  84.3 us, Total. 252.8 us (0.0%)
[Performance] InitializeOnLoad PlayModeDownload                                                                                                    :        3 samples, Peak.  3.24 ms (2.7x), Avg.  1.21 ms, Total. 3.634 ms (0.0%)
[Performance] InitializeOnLoad SceneSearch                                                                                                         :        3 samples, Peak.  73.7 us (1.4x), Avg.  53.6 us, Total. 160.8 us (0.0%)
[Performance] InitializeOnLoad EditorDelegateRegistration                                                                                          :        3 samples, Peak.   613 us (1.1x), Avg.   550 us, Total. 1.651 ms (0.0%)
[Performance] InitializeOnLoad UxmlObjectEditorFactories                                                                                           :        3 samples, Peak.   439 us (1.1x), Avg.   406 us, Total. 1.217 ms (0.0%)
[Performance] InitializeOnLoad RetainedMode                                                                                                        :        3 samples, Peak.  2.10 ms (1.0x), Avg.  2.05 ms, Total. 6.151 ms (0.0%)
[Performance] InitializeOnLoad EditorShaderLoader                                                                                                  :        3 samples, Peak.   719 us (1.3x), Avg.   537 us, Total. 1.610 ms (0.0%)
[Performance] InitializeOnLoad UIDocumentHierarchyWatcher                                                                                          :        3 samples, Peak.  61.5 us (1.1x), Avg.  55.8 us, Total. 167.5 us (0.0%)
[Performance] InitializeOnLoad EditorMonitor                                                                                                       :        3 samples, Peak.   122 us (1.1x), Avg.   115 us, Total. 344.3 us (0.0%)
[Performance] InitializeOnLoad LiveReloadTrackerCreator                                                                                            :        3 samples, Peak.   173 us (1.2x), Avg.   144 us, Total. 432.2 us (0.0%)
[Performance] InitializeOnLoad UXMLEditorFactories                                                                                                 :        3 samples, Peak.  50.0 ms (1.1x), Avg.  45.6 ms, Total. 136.8 ms (0.7%)
[Performance] InitializeOnLoad ServicesRepository                                                                                                  :        3 samples, Peak.   607 us (1.0x), Avg.   579 us, Total. 1.738 ms (0.0%)
[Performance] InitializeOnLoad UDPService                                                                                                          :        3 samples, Peak.  2.63 ms (1.1x), Avg.  2.39 ms, Total. 7.155 ms (0.0%)
[Performance] InitializeOnLoad EditorGameServicesAnalytics                                                                                         :        3 samples, Peak.  1.32 ms (2.0x), Avg.   655 us, Total. 1.966 ms (0.0%)
[Performance] InitializeOnLoad CloudBuildPoller                                                                                                    :        3 samples, Peak.  99.8 us (1.2x), Avg.  86.2 us, Total. 258.7 us (0.0%)
[Performance] InitializeOnLoad BuildService                                                                                                        :        3 samples, Peak.  2.24 ms (1.2x), Avg.  1.83 ms, Total. 5.503 ms (0.0%)
[Performance] InitializeOnLoad CollabService                                                                                                       :        3 samples, Peak.  3.55 ms (1.5x), Avg.  2.31 ms, Total. 6.942 ms (0.0%)
[Performance] InitializeOnLoad PurchasingService                                                                                                   :        3 samples, Peak.  7.28 ms (1.1x), Avg.  6.71 ms, Total. 20.14 ms (0.1%)
[Performance] InitializeOnLoad CrashService                                                                                                        :        3 samples, Peak.  1.64 ms (1.0x), Avg.  1.60 ms, Total. 4.803 ms (0.0%)
[Performance] InitializeOnLoad AdsService                                                                                                          :        3 samples, Peak.  2.26 ms (1.1x), Avg.  2.10 ms, Total. 6.291 ms (0.0%)
[Performance] InitializeOnLoad AnalyticsService                                                                                                    :        3 samples, Peak.  1.88 ms (1.1x), Avg.  1.67 ms, Total. 5.017 ms (0.0%)
[Performance] InitializeOnLoad SearchWindow                                                                                                        :        3 samples, Peak.   141 us (1.3x), Avg.   106 us, Total. 318.8 us (0.0%)
[Performance] InitializeOnLoad SearchMonitor                                                                                                       :        3 samples, Peak.  8.66 ms (2.0x), Avg.  4.27 ms, Total. 12.81 ms (0.1%)
[Performance] InitializeOnLoad ParameterControllerEditor                                                                                           :        3 samples, Peak.  28.4 us (1.4x), Avg.  20.0 us, Total. 59.87 us (0.0%)
[Performance] InitializeOnLoad LayerSettingsWindow                                                                                                 :        3 samples, Peak.  24.8 us (2.2x), Avg.  11.2 us, Total. 33.62 us (0.0%)
[Performance] InitializeOnLoad PackageManagerHookGUIDConverter.RegisterPackagesEventHandler                                                        :        3 samples, Peak.   676 us (2.3x), Avg.   294 us, Total. 883.0 us (0.0%)
[Performance] InitializeOnLoad EditorDragAndDrop.RegisterEditorClient                                                                              :        3 samples, Peak.   238 us (1.2x), Avg.   201 us, Total. 603.4 us (0.0%)
[Performance] InitializeOnLoad EditorEventCallbacks.InitializeFontAssetResourceChangeCallBacks                                                     :        3 samples, Peak.   963 us (1.1x), Avg.   902 us, Total. 2.705 ms (0.0%)
[Performance] InitializeOnLoad SceneTemplateService.Init                                                                                           :        3 samples, Peak.  1.20 ms (1.2x), Avg.  1.00 ms, Total. 3.004 ms (0.0%)
[Performance] InitializeOnLoad DiagnosticSwitchesConsoleMessage.Init                                                                               :        3 samples, Peak.  2.78 ms (1.4x), Avg.  2.04 ms, Total. 6.135 ms (0.0%)
[Performance] InitializeOnLoad ScopedRegistryAddedPopup.SubscribeToRegistriesAdded                                                                 :        3 samples, Peak.  27.5 ms (2.0x), Avg.  13.5 ms, Total. 40.56 ms (0.2%)
[Performance] InitializeOnLoad PackageManagerWindow.EditorInitializedInSafeMode                                                                    :        3 samples, Peak.   147 us (1.3x), Avg.   117 us, Total. 349.6 us (0.0%)
[Performance] InitializeOnLoad MemoryProfilerCompilationGuard.InjectCompileGuard                                                                   :        3 samples, Peak.   160 us (1.6x), Avg.   103 us, Total. 309.5 us (0.0%)
[Performance] InitializeOnLoad SceneVisibilityManager.Initialize                                                                                   :        3 samples, Peak.  4.24 ms (2.3x), Avg.  1.84 ms, Total. 5.522 ms (0.0%)
[Performance] InitializeOnLoad AssetPostprocessingInternal.RefreshCustomDependencies                                                               :        3 samples, Peak.  4.20 ms (1.2x), Avg.  3.55 ms, Total. 10.65 ms (0.1%)
[Performance] InitializeOnLoad ToolShortcutContext.Init                                                                                            :        3 samples, Peak.   108 us (1.0x), Avg.   105 us, Total. 315.0 us (0.0%)
[Performance] InitializeOnLoad SysrootManager.Initialize                                                                                           :        3 samples, Peak.   431 us (1.1x), Avg.   382 us, Total. 1.146 ms (0.0%)
[Performance] InitializeOnLoad EditorWindow.Initialize                                                                                             :        3 samples, Peak.   141 us (1.1x), Avg.   131 us, Total. 394.3 us (0.0%)
[Performance] AssemblyReloadEvents.afterAssemblyReload: UnityEditor.SceneTemplate.SceneTemplateService.AfterAssemblyReload                         :        3 samples, Peak.  85.2 ms (2.9x), Avg.  29.5 ms, Total. 88.49 ms (0.5%)
[Performance] ProcessService.EditorAfterLoadAllAssemblies                                                                                          :        3 samples, Peak.   546 us (1.4x), Avg.   393 us, Total. 1.179 ms (0.0%)
[Performance] Application.ReadLicenseInfo                                                                                                          :        1 samples, Peak.  20.3 ms (1.0x), Avg.  20.3 ms, Total. 20.27 ms (0.1%)
[Performance] Application.InitialRefresh                                                                                                           :        1 samples, Peak.  4.72 s (1.0x), Avg.  4.72 s, Total. 4.718 s (25.2%)
[Performance] Compiling Scripts                                                                                                                    :        1 samples, Peak.  1.20 s (1.0x), Avg.  1.20 s, Total. 1.200 s (6.4%)
[Performance] AssemblyReloadEvents.beforeAssemblyReload: UnityEditor.SceneTemplate.SceneTemplateService.BeforeAssemblyReload                       :        2 samples, Peak.   409 us (1.0x), Avg.   400 us, Total. 799.6 us (0.0%)
[Performance] InitializeOnLoad BurstLoader                                                                                                         :        2 samples, Peak.  1.44 s (2.0x), Avg.   724 ms, Total. 1.448 s (7.7%)
[Performance] InitializeOnLoad ShadowCasterGroup2DManager                                                                                          :        2 samples, Peak.  91.7 us (1.2x), Avg.  75.5 us, Total. 151.1 us (0.0%)
[Performance] InitializeOnLoad RealtimeProbeSubdivisionDebug                                                                                       :        2 samples, Peak.   221 us (1.1x), Avg.   203 us, Total. 406.3 us (0.0%)
[Performance] InitializeOnLoad ProbeGIBaking                                                                                                       :        2 samples, Peak.  4.20 ms (1.4x), Avg.  2.99 ms, Total. 5.986 ms (0.0%)
[Performance] InitializeOnLoad FilterWindow                                                                                                        :        2 samples, Peak.  32.6 us (1.1x), Avg.  29.4 us, Total. 58.79 us (0.0%)
[Performance] InitializeOnLoad NodeClassCache                                                                                                      :        2 samples, Peak.  7.29 us (1.3x), Avg.  5.79 us, Total. 11.58 us (0.0%)
[Performance] InitializeOnLoad ShaderGraphMaterialsUpdater                                                                                         :        4 samples, Peak.   348 us (1.7x), Avg.   200 us, Total. 798.5 us (0.0%)
[Performance] InitializeOnLoad PrefabLayoutRebuilder                                                                                               :        2 samples, Peak.   183 us (1.1x), Avg.   170 us, Total. 340.8 us (0.0%)
[Performance] InitializeOnLoad BackgroundWatcher                                                                                                   :        2 samples, Peak.  91.8 us (1.1x), Avg.  83.3 us, Total. 166.5 us (0.0%)
[Performance] InitializeOnLoad UnityTestProtocolStarter                                                                                            :        2 samples, Peak.   341 us (1.3x), Avg.   257 us, Total. 513.5 us (0.0%)
[Performance] InitializeOnLoad TestStarter                                                                                                         :        2 samples, Peak.   510 us (1.0x), Avg.   487 us, Total. 974.2 us (0.0%)
[Performance] InitializeOnLoad RerunCallbackInitializer                                                                                            :        2 samples, Peak.  1.92 ms (1.2x), Avg.  1.58 ms, Total. 3.161 ms (0.0%)
[Performance] InitializeOnLoad EditorToolManager                                                                                                   :        2 samples, Peak.  1.75 ms (1.0x), Avg.  1.72 ms, Total. 3.431 ms (0.0%)
[Performance] InitializeOnLoad Renderer2DAnalytics                                                                                                 :        2 samples, Peak.   124 us (1.2x), Avg.   101 us, Total. 202.7 us (0.0%)
[Performance] InitializeOnLoad RendererDataPatcher                                                                                                 :        2 samples, Peak.   102 ms (1.4x), Avg.  72.0 ms, Total. 144.1 ms (0.8%)
[Performance] InitializeOnLoad MaterialReimporter.RegisterUpgraderReimport                                                                         :        4 samples, Peak.   624 us (2.0x), Avg.   308 us, Total. 1.232 ms (0.0%)
[Performance] InitializeOnLoad $BurstDirectCallInitializer.Initialize                                                                              :        2 samples, Peak.  12.1 ms (1.2x), Avg.  9.93 ms, Total. 19.86 ms (0.1%)
[Performance] InitializeOnLoad TestJobDataHolder.ResumeRunningJobs                                                                                 :        2 samples, Peak.   619 us (1.7x), Avg.   363 us, Total. 726.3 us (0.0%)
[Performance] InitializeOnLoad AnalyticsReporter.RegisterCallbacks                                                                                 :        2 samples, Peak.   242 us (1.2x), Avg.   199 us, Total. 397.3 us (0.0%)
[Performance] InitializeOnLoad CoreRenderPipelinePreferences.InitPreferenceProviders                                                               :        2 samples, Peak.  38.0 ms (1.1x), Avg.  35.3 ms, Total. 70.54 ms (0.4%)
[Performance] InitializeOnLoad VolumeGizmoDrawer.InitVolumeGizmoCallbacks                                                                          :        2 samples, Peak.   298 us (1.0x), Avg.   290 us, Total. 580.5 us (0.0%)
[Performance] DidReloadScriptsTestRunnerWindow.CompilationCallback                                                                                 :        2 samples, Peak.   874 us (1.1x), Avg.   788 us, Total. 1.577 ms (0.0%)
[Performance] DidReloadScriptsTestListCache.ScriptReloaded                                                                                         :        2 samples, Peak.   928 us (1.8x), Avg.   512 us, Total. 1.024 ms (0.0%)
[Performance] DidReloadScriptsDebugWindow.OnEditorReload                                                                                           :        2 samples, Peak.  22.4 ms (1.5x), Avg.  14.9 ms, Total. 29.76 ms (0.2%)
[Performance] DidReloadScriptsLookDev.OnEditorReload                                                                                               :        2 samples, Peak.   241 us (1.2x), Avg.   197 us, Total. 393.8 us (0.0%)
[Performance] DidReloadScriptsVolumeComponentEditor.OnEditorReload                                                                                 :        2 samples, Peak.  59.7 ms (1.6x), Avg.  37.8 ms, Total. 75.65 ms (0.4%)
[Performance] DidReloadScriptsOnScriptsReloadHandler.OnScriptsReloaded                                                                             :        2 samples, Peak.  5.88 ms (1.9x), Avg.  3.15 ms, Total. 6.295 ms (0.0%)
[Performance] DidReloadScriptsAdvancedDropdownWindow.OnScriptReload                                                                                :        2 samples, Peak.   189 us (1.1x), Avg.   177 us, Total. 354.5 us (0.0%)
[Performance] SyncVS.PostprocessSyncProject                                                                                                        :        8 samples, Peak.  1.02 ms (4.1x), Avg.   249 us, Total. 1.994 ms (0.0%)
[Performance] Application.ImportPackagesAndSetTemplateWhenCreatingProject                                                                          :        1 samples, Peak.  52.1 ms (1.0x), Avg.  52.1 ms, Total. 52.11 ms (0.3%)
[Performance] Application.SyncCurrentColorSpace                                                                                                    :        1 samples, Peak.   452 ms (1.0x), Avg.   452 ms, Total. 452.5 ms (2.4%)
[Performance] Application.OnUsbDevicesChanged                                                                                                      :        1 samples, Peak.   202 us (1.0x), Avg.   202 us, Total. 202.0 us (0.0%)
[Performance] Application.AssetInstanceCacheUpdate                                                                                                 :        1 samples, Peak.   166 ns (1.0x), Avg.   166 ns, Total. 166.0 ns (0.0%)
[Performance] Application.UnityExtensions.Initialize                                                                                               :        1 samples, Peak.  3.12 ms (1.0x), Avg.  3.12 ms, Total. 3.115 ms (0.0%)
[Performance] CodeEditorProjectSync.SyncEditorProject                                                                                              :        1 samples, Peak.   124 us (1.0x), Avg.   124 us, Total. 123.9 us (0.0%)
[Performance] Application.ExecuteStartups                                                                                                          :        1 samples, Peak.  59.0 ms (1.0x), Avg.  59.0 ms, Total. 59.00 ms (0.3%)
[Performance] Menu.RegisterMenuInterface                                                                                                           :       26 samples, Peak.  2.12 us (5.9x), Avg.   362 ns, Total. 9.413 us (0.0%)
[Performance] Gizmo.RebuildRenderers                                                                                                               :        4 samples, Peak.  56.4 ms (3.8x), Avg.  15.0 ms, Total. 60.15 ms (0.3%)
[Performance] Gizmo.AddGizmoRenderers                                                                                                              :      220 samples, Peak.  2.09 ms (67.5x), Avg.  30.9 us, Total. 6.794 ms (0.0%)
[Performance] Application.editorInitializingProject                                                                                                :        1 samples, Peak.  67.2 ms (1.0x), Avg.  67.2 ms, Total. 67.20 ms (0.4%)
[Performance] Application.FinishLoadingProject                                                                                                     :        1 samples, Peak.   982 ms (1.0x), Avg.   982 ms, Total. 981.8 ms (5.2%)
[Performance] Application.InitializeMenu                                                                                                           :        1 samples, Peak.   286 ms (1.0x), Avg.   286 ms, Total. 286.2 ms (1.5%)
[Performance] Menu.RebuildAll                                                                                                                      :        1 samples, Peak.   286 ms (1.0x), Avg.   286 ms, Total. 286.0 ms (1.5%)
[Performance] Menu.BuildRegisteredMenuInterfaces                                                                                                   :        1 samples, Peak.   272 ms (1.0x), Avg.   272 ms, Total. 271.7 ms (1.4%)
[Performance] Menu.FilterMenuItem                                                                                                                  :     1051 samples, Peak.  40.9 ms (360.8x), Avg.   113 us, Total. 119.1 ms (0.6%)
[Performance] UpdateAllMenus                                                                                                                       :        2 samples, Peak.  55.0 ms (1.9x), Avg.  28.6 ms, Total. 57.17 ms (0.3%)
[Performance] Selection.selectionChanged: UnityEditor.PackageManager.UI.Internal.SelectionProxy.OnSelectionChanged                                 :        3 samples, Peak.  1.10 ms (1.7x), Avg.   644 us, Total. 1.931 ms (0.0%)
[Performance] Selection.selectionChanged: UnityEditorInternal.EditMode.OnSelectionChange                                                           :        3 samples, Peak.   811 us (2.2x), Avg.   371 us, Total. 1.112 ms (0.0%)
[Performance] EditorSceneManager.sceneClosing: UnityEditor.SceneVisibilityManager.EditorSceneManagerOnSceneClosing                                 :        4 samples, Peak.   378 us (2.0x), Avg.   186 us, Total. 745.2 us (0.0%)
[Performance] EditorSceneManager.sceneClosed: callback in UnityEditor.Search.SearchMonitor                                                         :        3 samples, Peak.  87.0 us (1.5x), Avg.  58.2 us, Total. 174.5 us (0.0%)
[Performance] EditorSceneManager.activeSceneChangedInEditMode: callback in UnityEditor.Search.SearchMonitor                                        :        3 samples, Peak.  46.0 us (2.0x), Avg.  22.6 us, Total. 67.83 us (0.0%)
[Performance] GUIView.RepaintAll.PlayerLoopController                                                                                              :     1203 samples, Peak.  1.21 us (12.1x), Avg.  99.6 ns, Total. 119.8 us (0.0%)
[Performance] EditorSceneManager.newSceneCreated: UnityEditor.SceneTemplate.SceneTemplateService.OnNewSceneCreated                                 :        1 samples, Peak.   215 us (1.0x), Avg.   215 us, Total. 215.3 us (0.0%)
[Performance] EditorSceneManager.newSceneCreated: UnityEditor.SceneVisibilityManager.EditorSceneManagerOnNewSceneCreated                           :        1 samples, Peak.   144 us (1.0x), Avg.   144 us, Total. 144.2 us (0.0%)
[Performance] EditorSceneManager.newSceneCreated: UnityEditor.SceneManagement.StageNavigationManager.OnNewSceneCreated                             :        1 samples, Peak.  45.5 us (1.0x), Avg.  45.5 us, Total. 45.46 us (0.0%)
[Performance] Application.InvokeFinishedLoadingProject                                                                                             :        1 samples, Peak.  32.1 ms (1.0x), Avg.  32.1 ms, Total. 32.05 ms (0.2%)
[Performance] ProcessService.OnProjectLoaded                                                                                                       :        1 samples, Peak.  73.5 us (1.0x), Avg.  73.5 us, Total. 73.54 us (0.0%)
[Performance] VersionControl.Task.Wait                                                                                                             :        1 samples, Peak.   128 us (1.0x), Avg.   128 us, Total. 128.1 us (0.0%)
[Performance] EditorSceneManager.sceneOpening: UnityEditor.SceneVisibilityManager.EditorSceneManagerOnSceneOpening                                 :        1 samples, Peak.   108 us (1.0x), Avg.   108 us, Total. 107.8 us (0.0%)
[Performance] Inspector.InitOrRebuild                                                                                                              :        7 samples, Peak.  26.0 ms (3.6x), Avg.  7.29 ms, Total. 51.04 ms (0.3%)
[Performance] EditorSceneManager.sceneOpened: callback in UnityEditor.Search.SearchMonitor                                                         :        1 samples, Peak.  28.6 us (1.0x), Avg.  28.6 us, Total. 28.63 us (0.0%)
[Performance] EditorSceneManager.sceneOpened: UnityEditor.SceneTemplate.SceneTemplateService.OnSceneOpened                                         :        1 samples, Peak.   182 us (1.0x), Avg.   182 us, Total. 182.5 us (0.0%)
[Performance] EditorSceneManager.sceneOpened: UnityEditor.SceneVisibilityManager.EditorSceneManagerOnSceneOpened                                   :        1 samples, Peak.  98.9 us (1.0x), Avg.  98.9 us, Total. 98.92 us (0.0%)
[Performance] EditorSceneManager.sceneOpened: UnityEditor.SceneManagement.StageNavigationManager.OnSceneOpened                                     :        1 samples, Peak.  49.0 us (1.0x), Avg.  49.0 us, Total. 48.96 us (0.0%)
[Performance] AssetDatabase.ImportAsset                                                                                                            :        6 samples, Peak.   173 ms (3.5x), Avg.  49.6 ms, Total. 297.8 ms (1.6%)
[Performance] PresetManagerPostProcessor.OnPreprocessAsset                                                                                         :        6 samples, Peak.   240 us (4.9x), Avg.  49.4 us, Total. 296.3 us (0.0%)
[Performance] CancelSplashScreenOnAssetChange.OnPreprocessAsset                                                                                    :        6 samples, Peak.   518 us (5.9x), Avg.  88.3 us, Total. 529.5 us (0.0%)
[Performance] ShaderGraphAssetPostProcessor.OnPreprocessAsset                                                                                      :        6 samples, Peak.   202 us (5.5x), Avg.  36.7 us, Total. 220.1 us (0.0%)
[Performance] SceneDataContainer.TransformHierarchyChangedSetParentCallback                                                                        :      261 samples, Peak.  13.5 us (27.6x), Avg.   488 ns, Total. 127.3 us (0.0%)
[Performance] SceneVisibilityState.IsFlagSetInParents                                                                                              :      549 samples, Peak.  2.71 us (16.1x), Avg.   168 ns, Total. 92.37 us (0.0%)
[Performance] AssetDatabase.ImportAssets                                                                                                           :        8 samples, Peak.   458 ns (1.5x), Avg.   307 ns, Total. 2.458 us (0.0%)
[Performance] BuilderAssetPostprocessor.OnPostprocessAllAssets                                                                                     :       12 samples, Peak.  5.28 ms (5.8x), Avg.   903 us, Total. 10.84 ms (0.1%)
[Performance] ArtifactBrowserPostProcessor.OnPostprocessAllAssets                                                                                  :       12 samples, Peak.   325 us (5.7x), Avg.  56.9 us, Total. 682.9 us (0.0%)
[Performance] AssetEvents.OnPostprocessAllAssets                                                                                                   :       24 samples, Peak.   146 us (7.5x), Avg.  19.5 us, Total. 467.7 us (0.0%)
[Performance] AudioMixerPostprocessor.OnPostprocessAllAssets                                                                                       :       12 samples, Peak.   232 us (5.6x), Avg.  41.1 us, Total. 493.4 us (0.0%)
[Performance] StyleCatalogPostProcessor.OnPostprocessAllAssets                                                                                     :       12 samples, Peak.  14.9 ms (6.0x), Avg.  2.49 ms, Total. 29.82 ms (0.2%)
[Performance] BuildCatalog                                                                                                                         :        1 samples, Peak.  14.1 ms (1.0x), Avg.  14.1 ms, Total. 14.09 ms (0.1%)
[Performance] ModelImporterPostProcessor.OnPostprocessAllAssets                                                                                    :       12 samples, Peak.   751 us (5.4x), Avg.   138 us, Total. 1.657 ms (0.0%)
[Performance] MaterialPostprocessor.OnPostprocessAllAssets                                                                                         :       24 samples, Peak.   644 us (6.1x), Avg.   106 us, Total. 2.550 ms (0.0%)
[Performance] RetainedModeAssetPostprocessor.OnPostprocessAllAssets                                                                                :       12 samples, Peak.  1.96 ms (5.8x), Avg.   336 us, Total. 4.038 ms (0.0%)
[Performance] AssetChangedListener.OnPostprocessAllAssets                                                                                          :       12 samples, Peak.  8.26 ms (5.7x), Avg.  1.46 ms, Total. 17.52 ms (0.1%)
[Performance] PostProcessor.OnPostprocessAllAssets                                                                                                 :       12 samples, Peak.   280 us (4.4x), Avg.  62.9 us, Total. 755.3 us (0.0%)
[Performance] ShaderGraphAssetPostProcessor.OnPostprocessAllAssets                                                                                 :       12 samples, Peak.  1.57 ms (4.3x), Avg.   362 us, Total. 4.338 ms (0.0%)
[Performance] SpeedTreePostProcessor.OnPostprocessAllAssets                                                                                        :       12 samples, Peak.   208 us (4.8x), Avg.  43.3 us, Total. 520.2 us (0.0%)
[Performance] TextAssetPostProcessor.OnPostprocessAllAssets                                                                                        :       12 samples, Peak.   327 us (5.5x), Avg.  59.0 us, Total. 708.5 us (0.0%)
[Performance] EditorApplication.playModeStateChanged                                                                                               :        2 samples, Peak.  2.38 ms (1.7x), Avg.  1.40 ms, Total. 2.791 ms (0.0%)
[Performance] EditorApplication.playModeStateChanged: UnityEditor.PackageManager.UI.Internal.PlayModeDownload.PlayModeStateChanged                 :        4 samples, Peak.   355 us (2.7x), Avg.   131 us, Total. 523.1 us (0.0%)
[Performance] EditorApplication.playModeStateChanged: UnityEditor.SceneManagement.EditorSceneManager.PlayModeStateChangedCallback                  :        4 samples, Peak.  31.2 us (2.0x), Avg.  15.4 us, Total. 61.50 us (0.0%)
[Performance] EditorApplication.playModeStateChanged: UnityEditor.Search.SearchMonitor.OnPlayModeChanged                                           :        3 samples, Peak.   130 us (1.6x), Avg.  81.9 us, Total. 245.7 us (0.0%)
[Performance] EditorApplication.playModeStateChanged: Unity.Burst.Editor.BurstLoader.EditorApplicationOnPlayModeStateChanged                       :        4 samples, Peak.   112 us (1.6x), Avg.  70.7 us, Total. 282.8 us (0.0%)
[Performance] EditorApplication.playModeStateChanged: UnityEngine.Rendering.Universal.ShadowCasterGroup2DManager.OnPlayModeStateChanged            :        4 samples, Peak.   185 us (2.2x), Avg.  86.1 us, Total. 344.4 us (0.0%)
[Performance] EditorApplication.playModeStateChanged: UnityEditor.TestTools.TestRunner.PlaymodeLauncher+BackgroundWatcher.OnPlayModeStateChanged   :        4 samples, Peak.   585 us (2.0x), Avg.   291 us, Total. 1.163 ms (0.0%)
[Performance] EditorApplication.playModeStateChanged: UnityEditor.PackageManager.UI.Internal.ApplicationProxy.PlayModeStateChanged                 :        4 samples, Peak.   166 us (2.0x), Avg.  82.7 us, Total. 330.9 us (0.0%)
[Performance] EditorApplication.playModeStateChanged: UnityEditor.SceneVisibilityManager.EditorApplicationPlayModeStateChanged                     :        4 samples, Peak.  43.8 us (2.4x), Avg.  18.3 us, Total. 73.33 us (0.0%)
[Performance] EditorApplication.playModeStateChanged: UnityEditor.TestTools.TestRunner.TestRunnerWindow.OnPlayModeStateChanged                     :        4 samples, Peak.   100 us (2.0x), Avg.  49.6 us, Total. 198.4 us (0.0%)
[Performance] Application.InvokeProjectWasLoaded                                                                                                   :        1 samples, Peak.  28.8 us (1.0x), Avg.  28.8 us, Total. 28.79 us (0.0%)
[Performance] Application.Tick                                                                                                                     :     1200 samples, Peak.  1.91 s (531.7x), Avg.  3.59 ms, Total. 4.313 s (23.0%)
[Performance] CheckLicensingClient                                                                                                                 :        1 samples, Peak.  7.17 us (1.0x), Avg.  7.17 us, Total. 7.166 us (0.0%)
[Performance] CheckLicensingClientNotification                                                                                                     :        1 samples, Peak.  5.42 us (1.0x), Avg.  5.42 us, Total. 5.417 us (0.0%)
[Performance] Application.TickVersionControl                                                                                                       :     1201 samples, Peak.  7.37 us (43.2x), Avg.   171 ns, Total. 205.0 us (0.0%)
[Performance] MonoCompiler.Tick                                                                                                                    :        4 samples, Peak.  1.66 s (4.0x), Avg.   415 ms, Total. 1.659 s (8.8%)
[Performance] Application.EnterPlayMode                                                                                                            :        1 samples, Peak.  1.65 s (1.0x), Avg.  1.65 s, Total. 1.652 s (8.8%)
[Performance] Application.Reload                                                                                                                   :        1 samples, Peak.  1.15 s (1.0x), Avg.  1.15 s, Total. 1.149 s (6.1%)
[Performance] AssemblyReloadEvents.beforeAssemblyReload: UnityEditor.Search.SearchMonitor.OnBeforeAssemblyReload                                   :        1 samples, Peak.  1.52 ms (1.0x), Avg.  1.52 ms, Total. 1.520 ms (0.0%)
[Performance] UnityBuildPostprocessor.OnProcessScene                                                                                               :        1 samples, Peak.  3.17 ms (1.0x), Avg.  3.17 ms, Total. 3.169 ms (0.0%)
[Performance] UnityConnect.Tick                                                                                                                    :        2 samples, Peak.  6.89 ms (1.9x), Avg.  3.61 ms, Total. 7.224 ms (0.0%)
[Performance] Collab.Tick                                                                                                                          :        2 samples, Peak.  9.58 us (1.7x), Avg.  5.73 us, Total. 11.46 us (0.0%)
[Performance] CurlRequest.Tick                                                                                                                     :        5 samples, Peak.  45.7 us (4.7x), Avg.  9.78 us, Total. 48.92 us (0.0%)
[Performance] WebSocketClient.Tick                                                                                                                 :        5 samples, Peak.  2.21 us (1.7x), Avg.  1.28 us, Total. 6.375 us (0.0%)
[Performance] AssetDatabase.Tick                                                                                                                   :        5 samples, Peak.  57.2 us (4.8x), Avg.  11.8 us, Total. 59.17 us (0.0%)
[Performance] SceneBackgroundTask.Tick                                                                                                             :        5 samples, Peak.   167 ns (1.7x), Avg.  99.8 ns, Total. 499.0 ns (0.0%)
[Performance] Scheduler.Tick                                                                                                                       :       25 samples, Peak.  3.39 ms (24.3x), Avg.   140 us, Total. 3.495 ms (0.0%)
[Performance] RepaintAllProfilerWindows                                                                                                            :        3 samples, Peak.   446 us (3.0x), Avg.   150 us, Total. 450.1 us (0.0%)
[Performance] PlayerUpdates.Tick                                                                                                                   :        8 samples, Peak.  14.6 us (2.1x), Avg.  7.11 us, Total. 56.87 us (0.0%)
[Performance] Application.TickGlobalCallbacks                                                                                                      :     1201 samples, Peak.   116 ms (1031.5x), Avg.   113 us, Total. 135.3 ms (0.7%)
[Performance] EditorAnalytics.Tick                                                                                                                 :        4 samples, Peak.   414 us (3.9x), Avg.   107 us, Total. 426.1 us (0.0%)
[Performance] Video.Update                                                                                                                         :     1201 samples, Peak.   875 ns (8.6x), Avg.   102 ns, Total. 121.9 us (0.0%)
[Performance] Application.TickProgress                                                                                                             :     1201 samples, Peak.  3.04 ms (1166.2x), Avg.  2.61 us, Total. 3.131 ms (0.0%)
[Performance] Application.TickSceneTracker                                                                                                         :     1201 samples, Peak.  17.1 ms (951.4x), Avg.  18.0 us, Total. 21.58 ms (0.1%)
[Performance] ObjectChangeEvents.changesPublished: UnityEditor.PrefabInstanceChangedListener.OnObjectChanged                                       :        1 samples, Peak.   778 us (1.0x), Avg.   778 us, Total. 777.9 us (0.0%)
[Performance] ObjectChangeEvents.changesPublished: UnityEditor.Search.SearchMonitor.OnObjectChanged                                                :        1 samples, Peak.   412 us (1.0x), Avg.   412 us, Total. 411.8 us (0.0%)
[Performance] EditorApplication.update                                                                                                             :     1201 samples, Peak.  12.3 ms (949.2x), Avg.  13.0 us, Total. 15.63 ms (0.1%)
[Performance] EditorApplication.update: UnityEngine.Rendering.ProbeSubdivisionContext+RealtimeProbeSubdivisionDebug.UpdateRealtimeSubdivisionDebug :     1201 samples, Peak.  3.69 ms (1121.5x), Avg.  3.29 us, Total. 3.951 ms (0.0%)
[Performance] EditorApplication.update: callback in UnityEditor.Rendering.Universal.MaterialReimporter                                             :     1201 samples, Peak.  2.59 ms (994.3x), Avg.  2.61 us, Total. 3.133 ms (0.0%)
[Performance] EditorApplication.update: UnityEditor.PackageManager.UI.Internal.ApplicationProxy.OnUpdate                                           :     1201 samples, Peak.   713 us (562.6x), Avg.  1.27 us, Total. 1.522 ms (0.0%)
[Performance] EditorApplication.update: UnityEditor.SceneManagement.StageNavigationManager.Update                                                  :     1201 samples, Peak.   660 us (868.2x), Avg.   760 ns, Total. 912.5 us (0.0%)
[Performance] EditorApplication.update: GLTFast.OnScriptsReloadHandler.Progress                                                                    :        1 samples, Peak.  3.75 ms (1.0x), Avg.  3.75 ms, Total. 3.750 ms (0.0%)
[Performance] Package.AsyncRequest                                                                                                                 :        1 samples, Peak.   785 us (1.0x), Avg.   785 us, Total. 784.9 us (0.0%)
[Performance] ConsoleLog.Tick                                                                                                                      :        4 samples, Peak.   404 us (3.8x), Avg.   106 us, Total. 425.5 us (0.0%)
[Performance] HierarchyWindow.Tick                                                                                                                 :        5 samples, Peak.   925 us (3.2x), Avg.   291 us, Total. 1.454 ms (0.0%)
[Performance] EditorApplication.hierarchyChanged: Unity.UIElements.Editor.UIDocumentHierarchyWatcher.OnHierarchyChanged                            :        3 samples, Peak.   297 us (1.7x), Avg.   176 us, Total. 529.3 us (0.0%)
[Performance] Inspector.Tick                                                                                                                       :        4 samples, Peak.  76.3 ms (4.0x), Avg.  19.1 ms, Total. 76.27 ms (0.4%)
[Performance] EditorApplication.delayCall: UnityEditor.ShortcutManagement.ShortcutIntegration.EnsureShortcutsAreInitialized                        :        1 samples, Peak.  40.4 ms (1.0x), Avg.  40.4 ms, Total. 40.38 ms (0.2%)
[Performance] EditorApplication.delayCall: callback in UnityEditor.Rendering.Universal.RendererDataPatcher                                         :        1 samples, Peak.  33.2 ms (1.0x), Avg.  33.2 ms, Total. 33.21 ms (0.2%)
[Performance] EditorApplication.delayCall: callback in UnityEditor.SceneVisibilityManager                                                          :        1 samples, Peak.  2.04 ms (1.0x), Avg.  2.04 ms, Total. 2.041 ms (0.0%)
[Performance] EditorApplication.delayCall: callback in UnityEditor.EditorTools.ToolShortcutContext                                                 :        1 samples, Peak.   297 us (1.0x), Avg.   297 us, Total. 297.3 us (0.0%)
[Performance] EditorApplication.delayCall: callback in UnityEditor.EditorWindow                                                                    :        1 samples, Peak.  60.4 us (1.0x), Avg.  60.4 us, Total. 60.38 us (0.0%)
[Performance] Tooltip.Tick                                                                                                                         :        7 samples, Peak.  15.4 us (6.3x), Avg.  2.46 us, Total. 17.21 us (0.0%)
[Performance] Application.RequestRepaintForPanels                                                                                                  :     1200 samples, Peak.   553 us (490.3x), Avg.  1.13 us, Total. 1.353 ms (0.0%)
[Performance] Application.UpdateScene                                                                                                              :     1200 samples, Peak.  1.26 s (749.9x), Avg.  1.68 ms, Total. 2.012 s (10.7%)
[Performance] PackageImporter.Tick                                                                                                                 :        3 samples, Peak.   709 ns (1.5x), Avg.   472 ns, Total. 1.417 us (0.0%)
[Performance] InspectorBackground.Tick                                                                                                             :        4 samples, Peak.  1.63 us (2.6x), Avg.   614 ns, Total. 2.458 us (0.0%)
[Performance] BurstDebug.Tick                                                                                                                      :        3 samples, Peak.   667 ns (1.2x), Avg.   570 ns, Total. 1.709 us (0.0%)
[Performance] Application.ChangeLayoutIfNeeded                                                                                                     :     1200 samples, Peak.   167 ns (4.3x), Avg.  38.5 ns, Total. 46.15 us (0.0%)
[Performance] AsyncReadManager.ForceCloseFiles                                                                                                     :        3 samples, Peak.   132 us (2.5x), Avg.  53.6 us, Total. 160.9 us (0.0%)
[Performance] Application.Message                                                                                                                  :     1200 samples, Peak.   834 ns (10.2x), Avg.  81.5 ns, Total. 97.75 us (0.0%)
[Performance] Application.ExitPlayMode                                                                                                             :        1 samples, Peak.   385 ms (1.0x), Avg.   385 ms, Total. 385.4 ms (2.1%)
[Performance] CoreBusinessMetrics.Tick                                                                                                             :        1 samples, Peak.  67.1 us (1.0x), Avg.  67.1 us, Total. 67.13 us (0.0%)
[Performance] GI.Tick                                                                                                                              :        1 samples, Peak.  1.33 ms (1.0x), Avg.  1.33 ms, Total. 1.333 ms (0.0%)
[Performance] UnitySynchronization.ExecuteTasks                                                                                                    :        1 samples, Peak.  1.92 us (1.0x), Avg.  1.92 us, Total. 1.917 us (0.0%)
[Performance] Application.TickPreloadManager                                                                                                       :        1 samples, Peak.  4.21 us (1.0x), Avg.  4.21 us, Total. 4.208 us (0.0%)
[Performance] Application.Shutdown.CollabTerminate                                                                                                 :        1 samples, Peak.   132 us (1.0x), Avg.   132 us, Total. 132.2 us (0.0%)
[Performance] Application.Shutdown.CollabCleanup                                                                                                   :        1 samples, Peak.  1.38 ms (1.0x), Avg.  1.38 ms, Total. 1.377 ms (0.0%)
[Performance] Application.Shutdown.SaveDefaultWindowPreferences                                                                                    :        1 samples, Peak.  85.7 us (1.0x), Avg.  85.7 us, Total. 85.71 us (0.0%)
[Performance] Application.Shutdown.SaveSceneManagerSetup                                                                                           :        1 samples, Peak.   283 us (1.0x), Avg.   283 us, Total. 283.1 us (0.0%)
[Performance] Application.Shutdown.CleanupAllContainerWindows                                                                                      :        1 samples, Peak.   203 us (1.0x), Avg.   203 us, Total. 203.0 us (0.0%)
[Performance] EditorApplication.quitting: Unity.Burst.Editor.BurstLoader.OnEditorApplicationQuitting                                               :        1 samples, Peak.  42.9 us (1.0x), Avg.  42.9 us, Total. 42.87 us (0.0%)
[Performance] EditorApplication.quitting: callback in UnityEditor.TextCore.Text.EditorEventCallbacks                                               :        1 samples, Peak.  16.3 ms (1.0x), Avg.  16.3 ms, Total. 16.28 ms (0.1%)
[Performance] EditorApplication.quitting: UnityEditor.Search.SearchMonitor.OnQuitting                                                              :        1 samples, Peak.  1.11 ms (1.0x), Avg.  1.11 ms, Total. 1.106 ms (0.0%)
[Performance] Application.Shutdown.PauseProfilerSession                                                                                            :        1 samples, Peak.  18.2 us (1.0x), Avg.  18.2 us, Total. 18.17 us (0.0%)
[Performance] Application.Shutdown.PauseAssetImportWorkers                                                                                         :        1 samples, Peak.   903 us (1.0x), Avg.   903 us, Total. 902.7 us (0.0%)
[Performance] Application.Shutdown.SaveAssets                                                                                                      :        1 samples, Peak.  10.1 ms (1.0x), Avg.  10.1 ms, Total. 10.06 ms (0.1%)
[Performance] BuilderAssetModificationProcessor.OnWillSaveAssets                                                                                   :        1 samples, Peak.   471 us (1.0x), Avg.   471 us, Total. 470.6 us (0.0%)
[Performance] TerrainModificationProcessor.OnWillSaveAssets                                                                                        :        1 samples, Peak.   591 us (1.0x), Avg.   591 us, Total. 591.4 us (0.0%)
[Performance] Application.Shutdown.CleanupRenderPipeline                                                                                           :        1 samples, Peak.  2.92 us (1.0x), Avg.  2.92 us, Total. 2.917 us (0.0%)
[Performance] Application.Shutdown.StopPreloadManager                                                                                              :        1 samples, Peak.  10.1 ms (1.0x), Avg.  10.1 ms, Total. 10.13 ms (0.1%)
[Performance] Application.Shutdown.DestroyWorld                                                                                                    :        1 samples, Peak.   982 us (1.0x), Avg.   982 us, Total. 982.1 us (0.0%)
[Performance] Application.Shutdown.CleanupAfterLoad                                                                                                :        1 samples, Peak.   172 ms (1.0x), Avg.   172 ms, Total. 172.0 ms (0.9%)
[Performance] Application.Shutdown.Progress                                                                                                        :        1 samples, Peak.  9.54 us (1.0x), Avg.  9.54 us, Total. 9.542 us (0.0%)
[Performance] Application.Shutdown.GICleanupManagers                                                                                               :        1 samples, Peak.  3.24 ms (1.0x), Avg.  3.24 ms, Total. 3.237 ms (0.0%)
[Performance] Application.Shutdown.MenuCleanupClass                                                                                                :        1 samples, Peak.   159 us (1.0x), Avg.   159 us, Total. 158.7 us (0.0%)
[Performance] Application.Shutdown.ADBSaveStateBeforeShutdown                                                                                      :        1 samples, Peak.  13.5 us (1.0x), Avg.  13.5 us, Total. 13.46 us (0.0%)
[Performance] Application.Shutdown.RemoteShutdown                                                                                                  :        1 samples, Peak.   709 ns (1.0x), Avg.   709 ns, Total. 709.0 ns (0.0%)
[Performance] Application.Shutdown.CleanupVCProvider                                                                                               :        1 samples, Peak.   185 us (1.0x), Avg.   185 us, Total. 184.6 us (0.0%)
[Performance] Application.Shutdown.InputShutdown                                                                                                   :        1 samples, Peak.   295 us (1.0x), Avg.   295 us, Total. 294.8 us (0.0%)
[Performance] Application.Shutdown.GizmoManagerDestroy                                                                                             :        1 samples, Peak.   445 us (1.0x), Avg.   445 us, Total. 444.8 us (0.0%)
[Performance] Application.Shutdown.ProfilerSession                                                                                                 :        1 samples, Peak.   766 us (1.0x), Avg.   766 us, Total. 765.6 us (0.0%)
[Performance] Application.Shutdown.ReleaseGfxWindowOnAllGUIViews                                                                                   :        1 samples, Peak.   625 ns (1.0x), Avg.   625 ns, Total. 625.0 ns (0.0%)
[Performance] Application.Shutdown.CleanupEngine                                                                                                   :        1 samples, Peak.   253 ms (1.0x), Avg.   253 ms, Total. 253.4 ms (1.4%)
[Performance] Application.Shutdown.CleanupAssetDatabase                                                                                            :        1 samples, Peak.  5.75 ms (1.0x), Avg.  5.75 ms, Total. 5.748 ms (0.0%)
[Performance] Application.Shutdown.ScriptCompilationCleanUp                                                                                        :        1 samples, Peak.  16.7 us (1.0x), Avg.  16.7 us, Total. 16.75 us (0.0%)
[Performance] Application.Shutdown.DestroyJobSystem                                                                                                :        1 samples, Peak.  84.7 us (1.0x), Avg.  84.7 us, Total. 84.75 us (0.0%)
[Performance] Application.Shutdown.CleanupPersistentManager                                                                                        :        1 samples, Peak.  2.09 ms (1.0x), Avg.  2.09 ms, Total. 2.088 ms (0.0%)
[Performance] Application.Shutdown.CleanupAsyncReadManager                                                                                         :        1 samples, Peak.   475 us (1.0x), Avg.   475 us, Total. 475.3 us (0.0%)
[Performance] Application.Shutdown.CleanupMono                                                                                                     :        1 samples, Peak.   164 ms (1.0x), Avg.   164 ms, Total. 163.6 ms (0.9%)
[Performance] Application.Shutdown.CleanupStdConverters                                                                                            :        1 samples, Peak.  4.62 us (1.0x), Avg.  4.62 us, Total. 4.625 us (0.0%)
[Performance] Application.Shutdown.UnloadAllPlatformSupportModuleNativeDlls                                                                        :        1 samples, Peak.   417 ns (1.0x), Avg.   417 ns, Total. 417.0 ns (0.0%)
[Performance] Application.Shutdown.UnloadAllPlatformSupportNativeLibraries                                                                         :        1 samples, Peak.   167 ns (1.0x), Avg.   167 ns, Total. 167.0 ns (0.0%)
[Performance] Application.Shutdown.CleanupAutoDocumentation                                                                                        :        1 samples, Peak.   472 us (1.0x), Avg.   472 us, Total. 472.4 us (0.0%)
[Performance] Application.Shutdown.ShaderNameManagerDestroy                                                                                        :        1 samples, Peak.  37.2 us (1.0x), Avg.  37.2 us, Total. 37.21 us (0.0%)
[Performance] Application.Shutdown.CleanupCacheServer                                                                                              :        1 samples, Peak.  41.0 ns (1.0x), Avg.  41.0 ns, Total. 41.00 ns (0.0%)
[Performance] Application.Shutdown.Virtualization_Shutdown                                                                                         :        1 samples, Peak.   150 us (1.0x), Avg.   150 us, Total. 150.1 us (0.0%)
[Performance] Application.Shutdown.DevConnections                                                                                                  :        1 samples, Peak.   201 us (1.0x), Avg.   201 us, Total. 200.6 us (0.0%)
[Package Manager] Server::Kill -- Server was shutdown
Checking for leaked weakptr:
  Found no leaked weakptrs.
Memory Statistics:
[ALLOC_TEMP_TLS] TLS Allocator
  StackAllocators : 
    [ALLOC_TEMP_CurlRequest]
      Initial Block Size 64.0 KB
      Current Block Size 64.0 KB
      Peak Allocated Bytes 0 B
      Overflow Count 0
    [ALLOC_TEMP_MAIN]
      Peak usage frame count: [4.0 KB-8.0 KB]: 1196 frames, [8.0 KB-16.0 KB]: 1 frames, [0.5 MB-1.0 MB]: 1 frames, [2.0 MB-4.0 MB]: 1 frames, [8.0 MB-16.0 MB]: 1 frames
      Initial Block Size 16.0 MB
      Current Block Size 16.0 MB
      Peak Allocated Bytes 10.6 MB
      Overflow Count 0
    [ALLOC_TEMP_Background Job.worker 6]
      Initial Block Size 32.0 KB
      Current Block Size 32.0 KB
      Peak Allocated Bytes 0 B
      Overflow Count 0
    [ALLOC_TEMP_Background Job.worker 15]
      Initial Block Size 32.0 KB
      Current Block Size 32.0 KB
      Peak Allocated Bytes 0 B
      Overflow Count 0
    [ALLOC_TEMP_BakingJobs.worker 0]
      Initial Block Size 256.0 KB
      Current Block Size 256.0 KB
      Peak Allocated Bytes 0 B
      Overflow Count 0
    [ALLOC_TEMP_AssetDatabase.FileHasherReader] x 4
      Initial Block Size 64.0 KB
      Current Block Size 64.0 KB
      Peak Allocated Bytes 31 B
      Overflow Count 0
    [ALLOC_TEMP_BakingJobs.worker 1]
      Initial Block Size 256.0 KB
      Current Block Size 256.0 KB
      Peak Allocated Bytes 301 B
      Overflow Count 0
    [ALLOC_TEMP_BatchDeleteObjects]
      Initial Block Size 64.0 KB
      Current Block Size 64.0 KB
      Peak Allocated Bytes 0 B
      Overflow Count 0
    [ALLOC_TEMP_CoreBusinessMetricsCache]
      Initial Block Size 64.0 KB
      Current Block Size 64.0 KB
      Peak Allocated Bytes 7.9 KB
      Overflow Count 0
    [ALLOC_TEMP_REST Message Handler]
      Initial Block Size 64.0 KB
      Current Block Size 64.0 KB
      Peak Allocated Bytes 0 B
      Overflow Count 0
    [ALLOC_TEMP_Job.worker 4]
      Initial Block Size 256.0 KB
      Current Block Size 256.0 KB
      Peak Allocated Bytes 18.0 KB
      Overflow Count 1
    [ALLOC_TEMP_Background Job.worker 1]
      Initial Block Size 32.0 KB
      Current Block Size 208.0 KB
      Peak Allocated Bytes 121.6 KB
      Overflow Count 0
    [ALLOC_TEMP_AssetDatabase.IOService]
      Initial Block Size 64.0 KB
      Current Block Size 64.0 KB
      Peak Allocated Bytes 0 B
      Overflow Count 0
    [ALLOC_TEMP_Loading.PreloadManager] x 3
      Initial Block Size 32.0 MB
      Current Block Size 32.0 MB
      Peak Allocated Bytes 2.0 MB
      Overflow Count 0
    [ALLOC_TEMP_Background Job.worker 4]
      Initial Block Size 32.0 KB
      Current Block Size 32.0 KB
      Peak Allocated Bytes 0 B
      Overflow Count 0
    [ALLOC_TEMP_Background Job.worker 7]
      Initial Block Size 32.0 KB
      Current Block Size 32.0 KB
      Peak Allocated Bytes 0 B
      Overflow Count 0
    [ALLOC_TEMP_CloudJob.worker 0]
      Initial Block Size 32.0 KB
      Current Block Size 32.0 KB
      Peak Allocated Bytes 5.0 KB
      Overflow Count 0
    [ALLOC_TEMP_Background Job.worker 10]
      Initial Block Size 32.0 KB
      Current Block Size 32.0 KB
      Peak Allocated Bytes 0 B
      Overflow Count 0
    [ALLOC_TEMP_Background Job.worker 12]
      Initial Block Size 32.0 KB
      Current Block Size 32.0 KB
      Peak Allocated Bytes 0 B
      Overflow Count 0
    [ALLOC_TEMP_Background Job.worker 13]
      Initial Block Size 32.0 KB
      Current Block Size 32.0 KB
      Peak Allocated Bytes 0 B
      Overflow Count 0
    [ALLOC_TEMP_CurlRequest]
      Initial Block Size 64.0 KB
      Current Block Size 64.0 KB
      Peak Allocated Bytes 0 B
      Overflow Count 0
    [ALLOC_TEMP_BakingJobs.worker 4]
      Initial Block Size 256.0 KB
      Current Block Size 256.0 KB
      Peak Allocated Bytes 0 B
      Overflow Count 0
    [ALLOC_TEMP_Profiler.Dispatcher]
      Initial Block Size 64.0 KB
      Current Block Size 64.0 KB
      Peak Allocated Bytes 0 B
      Overflow Count 0
    [ALLOC_TEMP_Background Job.worker 14]
      Initial Block Size 32.0 KB
      Current Block Size 32.0 KB
      Peak Allocated Bytes 0 B
      Overflow Count 0
    [ALLOC_TEMP_ReadCacheIndex] x 3
      Initial Block Size 64.0 KB
      Current Block Size 64.0 KB
      Peak Allocated Bytes 1.0 KB
      Overflow Count 0
    [ALLOC_TEMP_Background Job.worker 9]
      Initial Block Size 32.0 KB
      Current Block Size 32.0 KB
      Peak Allocated Bytes 0 B
      Overflow Count 0
    [ALLOC_TEMP_EnlightenWorker] x 4
      Initial Block Size 64.0 KB
      Current Block Size 64.0 KB
      Peak Allocated Bytes 0 B
      Overflow Count 0
    [ALLOC_TEMP_Job.worker 3]
      Initial Block Size 256.0 KB
      Current Block Size 1.9 MB
      Peak Allocated Bytes 1.9 MB
      Overflow Count 0
    [ALLOC_TEMP_Job.worker 2]
      Initial Block Size 256.0 KB
      Current Block Size 256.0 KB
      Peak Allocated Bytes 23.7 KB
      Overflow Count 1
    [ALLOC_TEMP_Loading.AsyncRead]
      Initial Block Size 64.0 KB
      Current Block Size 64.0 KB
      Peak Allocated Bytes 128 B
      Overflow Count 0
    [ALLOC_TEMP_Background Job.worker 3]
      Initial Block Size 32.0 KB
      Current Block Size 32.0 KB
      Peak Allocated Bytes 0 B
      Overflow Count 0
    [ALLOC_TEMP_Background Job.worker 2]
      Initial Block Size 32.0 KB
      Current Block Size 32.0 KB
      Peak Allocated Bytes 103 B
      Overflow Count 0
    [ALLOC_TEMP_Background Job.worker 8]
      Initial Block Size 32.0 KB
      Current Block Size 32.0 KB
      Peak Allocated Bytes 0 B
      Overflow Count 0
    [ALLOC_TEMP_OSX HID Input]
      Initial Block Size 64.0 KB
      Current Block Size 64.0 KB
      Peak Allocated Bytes 0 B
      Overflow Count 0
    [ALLOC_TEMP_BakingJobs.worker 6]
      Initial Block Size 256.0 KB
      Current Block Size 256.0 KB
      Peak Allocated Bytes 0 B
      Overflow Count 0
    [ALLOC_TEMP_BakingJobs.worker 7]
      Initial Block Size 256.0 KB
      Current Block Size 256.0 KB
      Peak Allocated Bytes 0 B
      Overflow Count 0
    [ALLOC_TEMP_Job.worker 6]
      Initial Block Size 256.0 KB
      Current Block Size 1.9 MB
      Peak Allocated Bytes 1.9 MB
      Overflow Count 0
    [ALLOC_TEMP_Background Job.worker 0]
      Initial Block Size 32.0 KB
      Current Block Size 32.0 KB
      Peak Allocated Bytes 0 B
      Overflow Count 0
    [ALLOC_TEMP_AUDIO_FMOD stream thread]
      Initial Block Size 64.0 KB
      Current Block Size 64.0 KB
      Peak Allocated Bytes 0 B
      Overflow Count 0
    [ALLOC_TEMP_AssetDatabase.FileHasherHasher] x 4
      Initial Block Size 64.0 KB
      Current Block Size 64.0 KB
      Peak Allocated Bytes 31 B
      Overflow Count 0
    [ALLOC_TEMP_BakingJobs.worker 3]
      Initial Block Size 256.0 KB
      Current Block Size 256.0 KB
      Peak Allocated Bytes 0 B
      Overflow Count 0
    [ALLOC_TEMP_Job.worker 1]
      Initial Block Size 256.0 KB
      Current Block Size 1.9 MB
      Peak Allocated Bytes 1.9 MB
      Overflow Count 0
    [ALLOC_TEMP_Background Job.worker 5]
      Initial Block Size 32.0 KB
      Current Block Size 32.0 KB
      Peak Allocated Bytes 0 B
      Overflow Count 0
    [ALLOC_TEMP_BakingJobs.worker 2]
      Initial Block Size 256.0 KB
      Current Block Size 256.0 KB
      Peak Allocated Bytes 0 B
      Overflow Count 0
    [ALLOC_TEMP_Background Job.worker 11]
      Initial Block Size 32.0 KB
      Current Block Size 32.0 KB
      Peak Allocated Bytes 0 B
      Overflow Count 0
    [ALLOC_TEMP_EditorTaskManager]
      Initial Block Size 64.0 KB
      Current Block Size 80.0 KB
      Peak Allocated Bytes 64.0 KB
      Overflow Count 0
    [ALLOC_TEMP_Job.worker 5]
      Initial Block Size 256.0 KB
      Current Block Size 256.0 KB
      Peak Allocated Bytes 22.8 KB
      Overflow Count 1
    [ALLOC_TEMP_HTTP REST Server]
      Initial Block Size 64.0 KB
      Current Block Size 64.0 KB
      Peak Allocated Bytes 70 B
      Overflow Count 0
    [ALLOC_TEMP_AssetGarbageCollectorHelper] x 7
      Initial Block Size 64.0 KB
      Current Block Size 64.0 KB
      Peak Allocated Bytes 0 B
      Overflow Count 0
    [ALLOC_TEMP_AUDIO_Audio Mixer Thread]
      Initial Block Size 64.0 KB
      Current Block Size 64.0 KB
      Peak Allocated Bytes 0 B
      Overflow Count 0
    [ALLOC_TEMP_BakingJobs.worker 5]
      Initial Block Size 256.0 KB
      Current Block Size 256.0 KB
      Peak Allocated Bytes 0 B
      Overflow Count 0
    [ALLOC_TEMP_Job.worker 0]
      Initial Block Size 256.0 KB
      Current Block Size 256.0 KB
      Peak Allocated Bytes 16.2 KB
      Overflow Count 0
[ALLOC_MEMORYPROFILER]
  Peak usage frame count: [128.0 KB-256.0 KB]: 1199 frames, [256.0 KB-0.5 MB]: 1 frames
  Requested Block Size 1.0 MB
  Peak Block count 1
  Peak Allocated memory 448.4 KB
  Peak Large allocation bytes 0 B
[ALLOC_DEFAULT] Dual Thread Allocator
  Peak main deferred allocation count 205
    [ALLOC_BUCKET]
      Large Block size 32.0 MB
      Used Block count 1
      Peak Allocated bytes 7.4 MB
    [ALLOC_DEFAULT_MAIN]
      Peak usage frame count: [64.0 MB-128.0 MB]: 1200 frames
      Requested Block Size 16.0 MB
      Peak Block count 7
      Peak Allocated memory 96.0 MB
      Peak Large allocation bytes 0 B
    [ALLOC_DEFAULT_THREAD]
      Peak usage frame count: [2.0 MB-4.0 MB]: 1199 frames, [32.0 MB-64.0 MB]: 1 frames
      Requested Block Size 16.0 MB
      Peak Block count 1
      Peak Allocated memory 43.5 MB
      Peak Large allocation bytes 29.0 MB
[ALLOC_TEMP_JOB_1_FRAME]
  Initial Block Size 2.0 MB
  Used Block Count 0
  Overflow Count (too large) 0
  Overflow Count (full) 0
[ALLOC_TEMP_JOB_2_FRAMES]
  Initial Block Size 2.0 MB
  Used Block Count 0
  Overflow Count (too large) 0
  Overflow Count (full) 0
[ALLOC_TEMP_JOB_4_FRAMES (JobTemp)]
  Initial Block Size 2.0 MB
  Used Block Count 1
  Overflow Count (too large) 0
  Overflow Count (full) 0
[ALLOC_TEMP_JOB_ASYNC (Background)]
  Initial Block Size 1.0 MB
  Used Block Count 1
  Overflow Count (too large) 3
  Overflow Count (full) 0
[ALLOC_GFX] Dual Thread Allocator
  Peak main deferred allocation count 0
    [ALLOC_BUCKET]
      Large Block size 32.0 MB
      Used Block count 1
      Peak Allocated bytes 7.4 MB
    [ALLOC_GFX_MAIN]
      Peak usage frame count: [4.0 MB-8.0 MB]: 424 frames, [8.0 MB-16.0 MB]: 776 frames
      Requested Block Size 16.0 MB
      Peak Block count 1
      Peak Allocated memory 10.8 MB
      Peak Large allocation bytes 0 B
    [ALLOC_GFX_THREAD]
      Peak usage frame count: [1.0 MB-2.0 MB]: 1200 frames
      Requested Block Size 16.0 MB
      Peak Block count 1
      Peak Allocated memory 1.6 MB
      Peak Large allocation bytes 0 B
[ALLOC_CACHEOBJECTS] Dual Thread Allocator
  Peak main deferred allocation count 694
    [ALLOC_BUCKET]
      Large Block size 32.0 MB
      Used Block count 1
      Peak Allocated bytes 7.4 MB
    [ALLOC_CACHEOBJECTS_MAIN]
      Peak usage frame count: [16.0 MB-32.0 MB]: 1199 frames, [32.0 MB-64.0 MB]: 1 frames
      Requested Block Size 4.0 MB
      Peak Block count 10
      Peak Allocated memory 32.9 MB
      Peak Large allocation bytes 10.7 MB
    [ALLOC_CACHEOBJECTS_THREAD]
      Peak usage frame count: [0.5 MB-1.0 MB]: 1199 frames, [1.0 MB-2.0 MB]: 1 frames
      Requested Block Size 4.0 MB
      Peak Block count 1
      Peak Allocated memory 1.1 MB
      Peak Large allocation bytes 0 B
[ALLOC_TYPETREE] Dual Thread Allocator
  Peak main deferred allocation count 524
    [ALLOC_BUCKET]
      Large Block size 32.0 MB
      Used Block count 1
      Peak Allocated bytes 7.4 MB
    [ALLOC_TYPETREE_MAIN]
      Peak usage frame count: [128.0 KB-256.0 KB]: 423 frames, [0.5 MB-1.0 MB]: 775 frames, [1.0 MB-2.0 MB]: 1 frames, [8.0 MB-16.0 MB]: 1 frames
      Requested Block Size 2.0 MB
      Peak Block count 7
      Peak Allocated memory 11.9 MB
      Peak Large allocation bytes 0 B
    [ALLOC_TYPETREE_THREAD]
      Peak usage frame count: [256.0 KB-0.5 MB]: 1200 frames
      Requested Block Size 2.0 MB
      Peak Block count 1
      Peak Allocated memory 308.1 KB
      Peak Large allocation bytes 0 B
[ALLOC_PROFILER]
  Peak usage frame count: [0.5 MB-1.0 MB]: 1200 frames
  Requested Block Size 16.0 MB
  Peak Block count 1
  Peak Allocated memory 0.6 MB
  Peak Large allocation bytes 0 B
    [ALLOC_PROFILER_BUCKET]
      Large Block size 32.0 MB
      Used Block count 1
      Peak Allocated bytes 11.5 KB
[ALLOC_PROFILER_EDITOR]
  Peak usage frame count: [0-1.0 KB]: 1200 frames
  Requested Block Size 1.0 MB
  Peak Block count 0
  Peak Allocated memory 0 B
  Peak Large allocation bytes 0 B
    [ALLOC_PROFILER_BUCKET]
      Large Block size 32.0 MB
      Used Block count 1
      Peak Allocated bytes 11.5 KB
##utp:{"type":"MemoryLeaks","version":2,"phase":"Immediate","time":1778236498844,"processId":1992,"allocatedMemory":17500186,"memoryLabels":[{"Default":11375},{"Permanent":15536},{"Thread":1083508},{"Manager":29991},{"VertexData":12},{"Geometry":280},{"Texture":168},{"Shader":67451},{"Material":24},{"GfxDevice":38360},{"Animation":304},{"Audio":3904},{"FontEngine":288},{"Physics":561},{"Serialization":612},{"Input":9024},{"JobScheduler":232},{"Mono":40},{"ScriptingNativeRuntime":7924888},{"BaseObject":1618916},{"Resource":912},{"Renderer":2272},{"Transform":24},{"File":3653},{"WebCam":40},{"Culling":40},{"Terrain":1025},{"Wind":24},{"String":20628},{"DynamicArray":132706},{"HashMap":81601},{"Utility":289286},{"Curl":2047},{"PoolAlloc":1464},{"AI":40},{"TypeTree":4533},{"ScriptManager":528},{"RuntimeInitializeOnLoadManager":72},{"SpriteAtlas":112},{"GI":3416},{"Director":7880},{"CloudService":3560},{"WebRequest":816},{"VR":45641},{"SceneManager":616},{"Video":2120},{"LazyScriptCache":32},{"NativeArray":12},{"Camera":25},{"Secure":9817},{"SerializationCache":1576},{"APIUpdating":11856},{"Subsystems":384},{"VirtualTexturing":57512},{"StaticSafetyDebugInfo":327680},{"Baselib":16},{"EditorGui":80},{"EditorUtility":5751},{"VersionControl":4},{"Undo":720},{"AssetDatabase":5626675},{"RestService":1310},{"EditorGi":376},{"License":3616},{"UnityConnect":25512},{"Collab":785},{"Upm":1600},{"DrivenProperties":80},{"LocalIPC":222},{"ProfilerEditor":10967},{"CoreBusinessMetrics":2984},{"AssetReference":32},{"IPCStream":32}]}
