Unity Editor version:    2022.3.0f1 (fb119bb0b476)
Branch:                  2022.3/release
Build type:              Release
Batch mode:              YES
macOS version:           Version 26.3.1 (a) (Build 25D771280a)
Darwin version:          25.3.0
Architecture:            arm64
Running under Rosetta:   NO
Available memory:        8192 MB
[Licensing::Module] Trying to connect to existing licensing client channel...
[Licensing::IpcConnector] Successfully connected to the License Client on channel: "LicenseClient-guribbong"
[Licensing::Client] Handshaking with LicensingClient:
  Version:                 1.12.1+9338cad
  Session Id:              64a25a4cd9204e2a8e3366fa87a6c9b2
  Correlation Id:          be0d4a206c7d4763c89fe90589893bf7
  External correlation Id: 7368057380956522740
  Machine Id:              kK/taOzULwH3CoqhnK6anvJ0b88=
[Licensing::Module] Successfully connected to LicensingClient on channel: "LicenseClient-guribbong" (connect: 0.00s, validation: 0.12s, handshake: 0.96s)
[Licensing::IpcConnector] Successfully connected to the License Notification on channel: "LicenseClient-guribbong-notifications"
[Licensing::Module] Error: Access token is unavailable; failed to update
[Licensing::Client] Error: Code 500 while processing request (status: Unable to update licenses. Errors: No ULF license found.,Token not found in cache)
[Licensing::Client] Error: Code 500 while updating license in client (status: Unable to update licenses. Errors: No ULF license found.,Token not found in cache)
[Licensing::Client] Successfully resolved entitlements
[Licensing::Module] Serial number assigned to: "14568638156105-UnityPersXXXX"
Pro License: NO
Launching external process: /Applications/Unity/Hub/Editor/2022.3.0f1/Unity.app/Contents/Resources/PackageManager/Server/UnityPackageManager

COMMAND LINE ARGUMENTS:
/Applications/Unity/Hub/Editor/2022.3.0f1/Unity.app/Contents/MacOS/Unity
-batchmode
-stackTraceLogType
None
-projectPath
/Users/guribbong/code/Argus/unity/EmbodiedDebate
-executeMethod
ArgusUnity.Editor.HideAndSeekDesignBuilder.OpenSceneInPlayMode
-logFile
/Users/guribbong/code/Argus/tmp/minibot-final-hard-edge-24s.log
Successfully changed project path to: /Users/guribbong/code/Argus/unity/EmbodiedDebate
/Users/guribbong/code/Argus/unity/EmbodiedDebate
[UnityMemory] Configuration Parameters - Can be set up in boot.config
    "memorysetup-bucket-allocator-granularity=16"
    "memorysetup-bucket-allocator-bucket-count=8"
    "memorysetup-bucket-allocator-block-size=33554432"
    "memorysetup-bucket-allocator-block-count=8"
    "memorysetup-main-allocator-block-size=16777216"
    "memorysetup-thread-allocator-block-size=16777216"
    "memorysetup-gfx-main-allocator-block-size=16777216"
    "memorysetup-gfx-thread-allocator-block-size=16777216"
    "memorysetup-cache-allocator-block-size=4194304"
    "memorysetup-typetree-allocator-block-size=2097152"
    "memorysetup-profiler-bucket-allocator-granularity=16"
    "memorysetup-profiler-bucket-allocator-bucket-count=8"
    "memorysetup-profiler-bucket-allocator-block-size=33554432"
    "memorysetup-profiler-bucket-allocator-block-count=8"
    "memorysetup-profiler-allocator-block-size=16777216"
    "memorysetup-profiler-editor-allocator-block-size=1048576"
    "memorysetup-temp-allocator-size-main=16777216"
    "memorysetup-job-temp-allocator-block-size=2097152"
    "memorysetup-job-temp-allocator-block-size-background=1048576"
    "memorysetup-job-temp-allocator-reduction-small-platforms=262144"
    "memorysetup-allocator-temp-initial-block-size-main=262144"
    "memorysetup-allocator-temp-initial-block-size-worker=262144"
    "memorysetup-temp-allocator-size-background-worker=32768"
    "memorysetup-temp-allocator-size-job-worker=262144"
    "memorysetup-temp-allocator-size-preload-manager=33554432"
    "memorysetup-temp-allocator-size-nav-mesh-worker=65536"
    "memorysetup-temp-allocator-size-audio-worker=65536"
    "memorysetup-temp-allocator-size-cloud-worker=32768"
    "memorysetup-temp-allocator-size-gi-baking-worker=262144"
    "memorysetup-temp-allocator-size-gfx=262144"
Player connection [8649715968] Host "[IP] 192.168.3.1 [Port] 55497 [Flags] 2 [Guid] 3544957287 [EditorId] 3544957287 [Version] 1048832 [Id] OSXEditor(0,topabaem.local) [Debug] 1 [PackageName] OSXEditor [ProjectName] Editor" joined multi-casting on [225.0.0.222:54997]...

Player connection [8649715968] Host "[IP] 192.168.3.1 [Port] 55497 [Flags] 2 [Guid] 3544957287 [EditorId] 3544957287 [Version] 1048832 [Id] OSXEditor(0,topabaem.local) [Debug] 1 [PackageName] OSXEditor [ProjectName] Editor" joined alternative multi-casting on [225.0.0.222:34997]...

[Package Manager] UpmClient::Connect -- Connected to IPC stream "Upm-26642" after 10.4 seconds.
[Licensing::Client] Successfully resolved entitlements
[Package Manager] Restoring resolved packages state from cache
[Licensing::Client] Successfully resolved entitlement details
[Package Manager] Registered 19 packages:
  Packages from [https://packages.unity.com]:
    com.unity.nuget.newtonsoft-json@3.2.1 (location: /Users/guribbong/code/Argus/unity/EmbodiedDebate/Library/PackageCache/com.unity.nuget.newtonsoft-json@3.2.1)
    com.unity.test-framework@1.1.33 (location: /Users/guribbong/code/Argus/unity/EmbodiedDebate/Library/PackageCache/com.unity.test-framework@1.1.33)
    com.unity.ext.nunit@1.0.6 (location: /Users/guribbong/code/Argus/unity/EmbodiedDebate/Library/PackageCache/com.unity.ext.nunit@1.0.6)
    com.unity.mathematics@1.2.6 (location: /Users/guribbong/code/Argus/unity/EmbodiedDebate/Library/PackageCache/com.unity.mathematics@1.2.6)
    com.unity.burst@1.8.4 (location: /Users/guribbong/code/Argus/unity/EmbodiedDebate/Library/PackageCache/com.unity.burst@1.8.4)
    com.unity.searcher@4.9.2 (location: /Users/guribbong/code/Argus/unity/EmbodiedDebate/Library/PackageCache/com.unity.searcher@4.9.2)
  Built-in packages:
    com.unity.modules.animation@1.0.0 (location: /Users/guribbong/code/Argus/unity/EmbodiedDebate/Library/PackageCache/com.unity.modules.animation@1.0.0)
    com.unity.modules.imageconversion@1.0.0 (location: /Users/guribbong/code/Argus/unity/EmbodiedDebate/Library/PackageCache/com.unity.modules.imageconversion@1.0.0)
    com.unity.modules.physics@1.0.0 (location: /Users/guribbong/code/Argus/unity/EmbodiedDebate/Library/PackageCache/com.unity.modules.physics@1.0.0)
    com.unity.modules.unitywebrequest@1.0.0 (location: /Users/guribbong/code/Argus/unity/EmbodiedDebate/Library/PackageCache/com.unity.modules.unitywebrequest@1.0.0)
    com.unity.render-pipelines.universal@14.0.7 (location: /Users/guribbong/code/Argus/unity/EmbodiedDebate/Library/PackageCache/com.unity.render-pipelines.universal@14.0.7)
    com.unity.modules.imgui@1.0.0 (location: /Users/guribbong/code/Argus/unity/EmbodiedDebate/Library/PackageCache/com.unity.modules.imgui@1.0.0)
    com.unity.modules.jsonserialize@1.0.0 (location: /Users/guribbong/code/Argus/unity/EmbodiedDebate/Library/PackageCache/com.unity.modules.jsonserialize@1.0.0)
    com.unity.render-pipelines.core@14.0.7 (location: /Users/guribbong/code/Argus/unity/EmbodiedDebate/Library/PackageCache/com.unity.render-pipelines.core@14.0.7)
    com.unity.shadergraph@14.0.7 (location: /Users/guribbong/code/Argus/unity/EmbodiedDebate/Library/PackageCache/com.unity.shadergraph@14.0.7)
    com.unity.ugui@1.0.0 (location: /Users/guribbong/code/Argus/unity/EmbodiedDebate/Library/PackageCache/com.unity.ugui@1.0.0)
    com.unity.modules.terrain@1.0.0 (location: /Users/guribbong/code/Argus/unity/EmbodiedDebate/Library/PackageCache/com.unity.modules.terrain@1.0.0)
    com.unity.modules.ui@1.0.0 (location: /Users/guribbong/code/Argus/unity/EmbodiedDebate/Library/PackageCache/com.unity.modules.ui@1.0.0)
  Embedded packages:
    com.unity.cloud.gltfast@file:/Users/guribbong/code/Argus/unity/EmbodiedDebate/Packages/com.unity.cloud.gltfast (location: /Users/guribbong/code/Argus/unity/EmbodiedDebate/Packages/com.unity.cloud.gltfast)
[Subsystems] No new subsystems found in resolved package list.
Package Manager log level set to [2]
[Package Manager] Done registering packages in 0.51 seconds
Refreshing native plugins compatible for Editor in 15.06 ms, found 0 plugins.
Preloading 0 native plugins for Editor in 0.00 ms.
Initialize engine version: 2022.3.0f1 (fb119bb0b476)
[Subsystems] Discovering subsystems at path /Applications/Unity/Hub/Editor/2022.3.0f1/Unity.app/Contents/Resources/UnitySubsystems
[Subsystems] Discovering subsystems at path /Users/guribbong/code/Argus/unity/EmbodiedDebate/Assets
GfxDevice: creating device client; threaded=0; jobified=0
 preferred device: Apple M2 (high power)
Metal devices available: 1
0: Apple M2 (high power)
Using device Apple M2 (high power)
Initializing Metal device caps: Apple M2
[Licensing::Client] Successfully resolved entitlements
Initialize mono
Mono path[0] = '/Applications/Unity/Hub/Editor/2022.3.0f1/Unity.app/Contents/Managed'
Mono path[1] = '/Applications/Unity/Hub/Editor/2022.3.0f1/Unity.app/Contents/MonoBleedingEdge/lib/mono/unityjit-macos'
Mono config path = '/Applications/Unity/Hub/Editor/2022.3.0f1/Unity.app/Contents/MonoBleedingEdge/etc'
Using monoOptions --debugger-agent=transport=dt_socket,embedding=1,server=y,suspend=n,address=127.0.0.1:56642
Using cacheserver namespaces - metadata:defaultmetadata, artifacts:defaultartifacts
Using cacheserver namespaces - metadata:defaultmetadata, artifacts:defaultartifacts
ImportWorker Server TCP listen port: 0
Begin MonoManager ReloadAssembly
Registering precompiled unity dll's ...
Register platform support module: /Applications/Unity/Hub/Editor/2022.3.0f1/Unity.app/Contents/PlaybackEngines/MacStandaloneSupport/UnityEditor.OSXStandalone.Extensions.dll
Registered in 0.002312 seconds.
- Loaded All Assemblies, in  0.459 seconds
Native extension for OSXStandalone target not found
Mono: successfully reloaded assembly
- Finished resetting the current domain, in  0.330 seconds
Domain Reload Profiling: 790ms
	BeginReloadAssembly (164ms)
		ExecutionOrderSort (0ms)
		DisableScriptedObjects (0ms)
		BackupInstance (0ms)
		ReleaseScriptingObjects (0ms)
		CreateAndSetChildDomain (4ms)
	RebuildCommonClasses (45ms)
	RebuildNativeTypeToScriptingClass (13ms)
	initialDomainReloadingComplete (75ms)
	LoadAllAssembliesAndSetupDomain (162ms)
		LoadAssemblies (158ms)
		RebuildTransferFunctionScriptingTraits (0ms)
		AnalyzeDomain (154ms)
			TypeCache.Refresh (153ms)
				TypeCache.ScanAssembly (134ms)
			ScanForSourceGeneratedMonoScriptInfo (0ms)
			ResolveRequiredComponents (1ms)
	FinalizeReload (331ms)
		ReleaseScriptCaches (0ms)
		RebuildScriptCaches (0ms)
		SetupLoadedEditorAssemblies (266ms)
			LogAssemblyErrors (0ms)
			InitializePlatformSupportModulesInManaged (8ms)
			SetLoadedEditorAssemblies (11ms)
			RefreshPlugins (0ms)
			BeforeProcessingInitializeOnLoad (4ms)
			ProcessInitializeOnLoadAttributes (191ms)
			ProcessInitializeOnLoadMethodAttributes (52ms)
			AfterProcessingInitializeOnLoad (0ms)
			EditorAssembliesLoaded (0ms)
		ExecutionOrderSort2 (0ms)
		AwakeInstancesAfterBackupRestoration (0ms)
[Licensing::Client] Successfully resolved entitlements
Application.AssetDatabase Initial Refresh Start
[40m[32minfo[39m[22m[49m: Microsoft.Hosting.Lifetime[14]
      Now listening on: http://unix:/tmp/ilpp.sock-8e16111b622e4d5ea6b5ecc926298bfd
[40m[32minfo[39m[22m[49m: Microsoft.Hosting.Lifetime[0]
      Application started. Press Ctrl+C to shut down.
[40m[32minfo[39m[22m[49m: Microsoft.Hosting.Lifetime[0]
      Hosting environment: Production
[40m[32minfo[39m[22m[49m: Microsoft.Hosting.Lifetime[0]
      Content root path: /Users/guribbong/code/Argus/unity/EmbodiedDebate/
[40m[32minfo[39m[22m[49m: Microsoft.AspNetCore.Hosting.Diagnostics[1]
      Request starting HTTP/2 POST http://ilpp/UnityILPP.PostProcessing/Ping application/grpc -
[40m[32minfo[39m[22m[49m: Microsoft.AspNetCore.Routing.EndpointMiddleware[0]
      Executing endpoint 'gRPC - /UnityILPP.PostProcessing/Ping'
[40m[32minfo[39m[22m[49m: Microsoft.AspNetCore.Routing.EndpointMiddleware[1]
      Executed endpoint 'gRPC - /UnityILPP.PostProcessing/Ping'
[40m[32minfo[39m[22m[49m: Microsoft.AspNetCore.Hosting.Diagnostics[2]
      Request finished HTTP/2 POST http://ilpp/UnityILPP.PostProcessing/Ping application/grpc - - 200 - application/grpc 154.8493ms
Starting: /Applications/Unity/Hub/Editor/2022.3.0f1/Unity.app/Contents/bee_backend --dont-print-to-structured-log --ipc --defer-dag-verification --dagfile="Library/Bee/200b0aE.dag" --continue-on-failure --profile="Library/Bee/backend1.traceevents" ScriptAssemblies
WorkingDir: /Users/guribbong/code/Argus/unity/EmbodiedDebate
DisplayProgressbar: Compiling Scripts
[40m[32minfo[39m[22m[49m: Microsoft.AspNetCore.Hosting.Diagnostics[1]
      Request starting HTTP/2 POST http://ilpp/UnityILPP.PostProcessing/ConfigurePostProcessors application/grpc -
[40m[32minfo[39m[22m[49m: Microsoft.AspNetCore.Routing.EndpointMiddleware[0]
      Executing endpoint 'gRPC - /UnityILPP.PostProcessing/ConfigurePostProcessors'
[40m[1m[33mwarn[39m[22m[49m: Unity.ILPP.Runner.PostProcessingAssemblyLoadContext[0]
      Assembly system.runtime.interopservices.windowsruntime has duplicate hint path. Ignoring "/Applications/Unity/Hub/Editor/2022.3.0f1/Unity.app/Contents/UnityReferenceAssemblies/unity-4.8-api/Facades/System.Runtime.InteropServices.WindowsRuntime.dll" in favor of "/Applications/Unity/Hub/Editor/2022.3.0f1/Unity.app/Contents/NetStandard/Extensions/2.0.0/System.Runtime.InteropServices.WindowsRuntime.dll"
[40m[1m[33mwarn[39m[22m[49m: Unity.ILPP.Runner.PostProcessingAssemblyLoadContext[0]
      Assembly system.componentmodel.composition has duplicate hint path. Ignoring "/Applications/Unity/Hub/Editor/2022.3.0f1/Unity.app/Contents/UnityReferenceAssemblies/unity-4.8-api/System.ComponentModel.Composition.dll" in favor of "/Applications/Unity/Hub/Editor/2022.3.0f1/Unity.app/Contents/NetStandard/compat/2.1.0/shims/netfx/System.ComponentModel.Composition.dll"
[40m[32minfo[39m[22m[49m: Unity.ILPP.Runner.PostProcessingAssemblyLoadContext[0]
      Resolved Unity.Burst.Cecil, Version=0.11.4.0, Culture=neutral, PublicKeyToken=50cebf1cceb9d05e with Library/PackageCache/com.unity.burst@1.8.4/Unity.Burst.CodeGen/Unity.Burst.Cecil.dll
[40m[32minfo[39m[22m[49m: Microsoft.AspNetCore.Routing.EndpointMiddleware[1]
      Executed endpoint 'gRPC - /UnityILPP.PostProcessing/ConfigurePostProcessors'
[40m[32minfo[39m[22m[49m: Microsoft.AspNetCore.Hosting.Diagnostics[2]
      Request finished HTTP/2 POST http://ilpp/UnityILPP.PostProcessing/ConfigurePostProcessors application/grpc - - 200 - application/grpc 75.1710ms
ExitCode: 0 Duration: 0s708ms
[295/377    0s] ILPP-Configuration Library/ilpp-configuration.nevergeneratedoutput
*** Tundra build success (0.64 seconds), 1 items updated, 377 evaluated
Total cache size 25932744
Total cache size after purge 25932744
AssetDatabase: script compilation time: 2.342016s
Begin MonoManager ReloadAssembly
Symbol file LoadedFromMemory is not a mono symbol file
- Loaded All Assemblies, in  0.841 seconds
Refreshing native plugins compatible for Editor in 1.46 ms, found 0 plugins.
Preloading 0 native plugins for Editor in 0.00 ms.
Refreshing native plugins compatible for Editor in 0.72 ms, found 0 plugins.
Native extension for OSXStandalone target not found
Mono: successfully reloaded assembly
- Finished resetting the current domain, in  2.946 seconds
Domain Reload Profiling: 3789ms
	BeginReloadAssembly (323ms)
		ExecutionOrderSort (0ms)
		DisableScriptedObjects (5ms)
		BackupInstance (0ms)
		ReleaseScriptingObjects (0ms)
		CreateAndSetChildDomain (149ms)
	RebuildCommonClasses (44ms)
	RebuildNativeTypeToScriptingClass (12ms)
	initialDomainReloadingComplete (41ms)
	LoadAllAssembliesAndSetupDomain (421ms)
		LoadAssemblies (291ms)
		RebuildTransferFunctionScriptingTraits (0ms)
		AnalyzeDomain (237ms)
			TypeCache.Refresh (218ms)
				TypeCache.ScanAssembly (208ms)
			ScanForSourceGeneratedMonoScriptInfo (10ms)
			ResolveRequiredComponents (8ms)
	FinalizeReload (2948ms)
		ReleaseScriptCaches (0ms)
		RebuildScriptCaches (0ms)
		SetupLoadedEditorAssemblies (2669ms)
			LogAssemblyErrors (0ms)
			InitializePlatformSupportModulesInManaged (7ms)
			SetLoadedEditorAssemblies (3ms)
			RefreshPlugins (0ms)
			BeforeProcessingInitializeOnLoad (51ms)
			ProcessInitializeOnLoadAttributes (2477ms)
			ProcessInitializeOnLoadMethodAttributes (127ms)
			AfterProcessingInitializeOnLoad (1ms)
			EditorAssembliesLoaded (2ms)
		ExecutionOrderSort2 (0ms)
		AwakeInstancesAfterBackupRestoration (9ms)
Asset Pipeline Refresh (id=d23af62b944e64ea486cb8a525befec9): Total: 11.535 seconds - Initiated by InitialRefreshV2(ForceSynchronousImport)
	Summary:
		Imports: total=566 (actual=0, local cache=566, cache server=0)
		Asset DB Process Time: managed=0 ms, native=5288 ms
		Asset DB Callback time: managed=39 ms, native=1 ms
		Scripting: domain reloads=1, domain reload time=3840 ms, compile time=2342 ms, other=23 ms
		Project Asset Count: scripts=3115, non-scripts=1522
		Asset File Changes: new=0, changed=0, moved=0, deleted=0
		Scan Filter Count: 1
	InvokeBeforeRefreshCallbacks: 0.749ms
	ApplyChangesToAssetFolders: 0.341ms
	Scan: 3523.531ms
	OnSourceAssetsModified: 0.003ms
	GetAllGuidsForCategorization: 0.930ms
	CategorizeAssets: 417.243ms
	ImportOutOfDateAssets: 3064.614ms (684.145ms without children)
		CompileScripts: 2342.311ms
		ReloadNativeAssets: 0.225ms
		UnloadImportedAssets: 31.154ms
		EnsureUptoDateAssetsAreRegisteredWithGuidPM: 1.748ms
		InitializingProgressBar: 0.001ms
		PostProcessAllAssetNotificationsAddChangedAssets: 0.000ms
		OnDemandSchedulerStart: 5.029ms
	PostProcessAllAssets: 39.541ms
	GatherAllCurrentPrimaryArtifactRevisions: 0.001ms
	UnloadStreamsBegin: 9.127ms
	PersistCurrentRevisions: 0.162ms
	UnloadStreamsEnd: 0.011ms
	GenerateScriptTypeHashes: 8.917ms
	Untracked: 4478.727ms
Application.AssetDatabase Initial Refresh End
Launching external process: /Applications/Unity/Hub/Editor/2022.3.0f1/Unity.app/Contents/Tools/UnityShaderCompiler
Launched and connected shader compiler UnityShaderCompiler after 0.75 seconds
Scanning for USB devices : 0.724ms
Initializing Unity extensions:
[Licensing::Client] Successfully resolved entitlements
[MODES] ModeService[none].Initialize
[MODES] ModeService[none].LoadModes
[MODES] Loading mode Default (0) for mode-current-id-EmbodiedDebate
ProgressiveSceneManager::Cancel()
Unloading 6 Unused Serialized files (Serialized files now loaded: 0)
Unloading 59 unused Assets / (0.7 MB). Loaded Objects now: 3131.
Memory consumption went from 135.2 MB to 134.5 MB.
Total: 22.203459 ms (FindLiveObjects: 0.861791 ms CreateObjectMapping: 0.062167 ms MarkObjects: 15.269417 ms  DeleteObjects: 6.009333 ms)

Asset Pipeline Refresh (id=1a9152f9d5d854c3bb2321b8bb5f2ef3): Total: 1.325 seconds - Initiated by RefreshV2(NoUpdateAssetOptions)
	Summary:
		Imports: total=0 (actual=0, local cache=0, cache server=0)
		Asset DB Process Time: managed=0 ms, native=1324 ms
		Asset DB Callback time: managed=0 ms, native=0 ms
		Scripting: domain reloads=0, domain reload time=0 ms, compile time=0 ms, other=0 ms
		Project Asset Count: scripts=3115, non-scripts=1522
		Asset File Changes: new=0, changed=0, moved=0, deleted=0
		Scan Filter Count: 1
	InvokeBeforeRefreshCallbacks: 0.000ms
	ApplyChangesToAssetFolders: 0.303ms
	Scan: 1214.475ms
	OnSourceAssetsModified: 0.000ms
	GetAllGuidsForCategorization: 0.292ms
	CategorizeAssets: 7.142ms
	ImportOutOfDateAssets: 9.991ms (1.204ms without children)
		ReloadNativeAssets: 0.184ms
		UnloadImportedAssets: 0.086ms
		EnsureUptoDateAssetsAreRegisteredWithGuidPM: 0.637ms
		InitializingProgressBar: 0.000ms
		PostProcessAllAssetNotificationsAddChangedAssets: 0.000ms
		OnDemandSchedulerStart: 7.881ms
	GatherAllCurrentPrimaryArtifactRevisions: 0.986ms
	UnloadStreamsBegin: 0.042ms
	PersistCurrentRevisions: 0.161ms
	UnloadStreamsEnd: 0.014ms
	Untracked: 91.511ms
Start importing Assets/ThirdParty/StylooClassroomAssetPack/StylooClassroomAssetPack GLTF & FBX/classroom/GLTF/wallsfloor.glb using Guid(95d4331adf82140bbb5c243cad6bfa64) Importer(-1,00000000000000000000000000000000)  -> (artifact id: 'f3d2890c29c26a32b800ce5d03471518') in 0.351237 seconds
Refreshing native plugins compatible for Editor in 3.02 ms, found 0 plugins.
Preloading 0 native plugins for Editor in 0.00 ms.
Asset Pipeline Refresh (id=39b205c6d1ca5465cbd1116c2a74ce8e): Total: 0.560 seconds - Initiated by StopAssetImportingV2(NoUpdateAssetOptions)
	Summary:
		Imports: total=1 (actual=1, local cache=0, cache server=0)
		Asset DB Process Time: managed=4 ms, native=400 ms
		Asset DB Callback time: managed=143 ms, native=11 ms
		Scripting: domain reloads=0, domain reload time=0 ms, compile time=0 ms, other=0 ms
		Project Asset Count: scripts=3115, non-scripts=1522
		Asset File Changes: new=0, changed=0, moved=0, deleted=0
		Scan Filter Count: 7
	InvokeBeforeRefreshCallbacks: 0.000ms
	ApplyChangesToAssetFolders: 0.058ms
	Scan: 2.324ms
	OnSourceAssetsModified: 0.000ms
	GetAllGuidsForCategorization: 0.230ms
	CategorizeAssets: 4.208ms
	ImportOutOfDateAssets: 374.872ms (0.617ms without children)
		ImportManagerImport: 369.641ms (14.391ms without children)
			ImportInProcess: 355.046ms
			UpdateCategorizedAssets: 0.204ms
		ReloadNativeAssets: 0.029ms
		UnloadImportedAssets: 0.032ms
		ReloadImportedAssets: 0.000ms
		EnsureUptoDateAssetsAreRegisteredWithGuidPM: 1.030ms
		InitializingProgressBar: 0.009ms
		PostProcessAllAssetNotificationsAddChangedAssets: 0.000ms
		OnDemandSchedulerStart: 3.513ms
	PostProcessAllAssets: 150.484ms
	Hotreload: 4.470ms
	GatherAllCurrentPrimaryArtifactRevisions: 0.249ms
	UnloadStreamsBegin: 0.017ms
	PersistCurrentRevisions: 0.191ms
	UnloadStreamsEnd: 0.015ms
	Untracked: 22.539ms
HideAndSeekDesignBuilder: GLTF asset wallsfloor.glb, importer=GLTFast.Editor.GltfImporter, gameObjectLoaded=True
Start importing Assets/ThirdParty/StylooClassroomAssetPack/StylooClassroomAssetPack GLTF & FBX/classroom/GLTF/table.glb using Guid(0fac535ef0639442ea3d608d5efbaf9b) Importer(-1,00000000000000000000000000000000)  -> (artifact id: '5c883593d2a997f766a51e3bfbb6f666') in 0.023685 seconds
Refreshing native plugins compatible for Editor in 1.61 ms, found 0 plugins.
Preloading 0 native plugins for Editor in 0.00 ms.
Asset Pipeline Refresh (id=e7654b9e99f9a4d4fab8a5c8f35e1093): Total: 0.065 seconds - Initiated by StopAssetImportingV2(NoUpdateAssetOptions)
HideAndSeekDesignBuilder: GLTF asset table.glb, importer=GLTFast.Editor.GltfImporter, gameObjectLoaded=True
Start importing Assets/ThirdParty/StylooClassroomAssetPack/StylooClassroomAssetPack GLTF & FBX/classroom/GLTF/desk.glb using Guid(0efed4ee7808840d3b57c7df53106661) Importer(-1,00000000000000000000000000000000)  -> (artifact id: '6796f501a18b78f3f8cc5956ac718ae5') in 0.011314 seconds
Refreshing native plugins compatible for Editor in 1.16 ms, found 0 plugins.
Preloading 0 native plugins for Editor in 0.00 ms.
Asset Pipeline Refresh (id=545dc21810ac04fa9b8ae2ab2dbdc753): Total: 0.043 seconds - Initiated by StopAssetImportingV2(NoUpdateAssetOptions)
HideAndSeekDesignBuilder: GLTF asset desk.glb, importer=GLTFast.Editor.GltfImporter, gameObjectLoaded=True
Start importing Assets/Project/Resources/Animations/FBXTurns/Right Turn 90.fbx using Guid(82cc6131a0e2f4d71a2a3455b84d0688) Importer(-1,00000000000000000000000000000000)  -> (artifact id: '988cb3fb0cb2c9e371fb0c806d47c8d5') in 0.389927 seconds
Refreshing native plugins compatible for Editor in 1.02 ms, found 0 plugins.
Preloading 0 native plugins for Editor in 0.00 ms.
Asset Pipeline Refresh (id=4b97294ac616e4acb9eda24d2c416e63): Total: 0.431 seconds - Initiated by StopAssetImportingV2(NoUpdateAssetOptions)
	Summary:
		Imports: total=1 (actual=1, local cache=0, cache server=0)
		Asset DB Process Time: managed=42 ms, native=372 ms
		Asset DB Callback time: managed=11 ms, native=4 ms
		Scripting: domain reloads=0, domain reload time=0 ms, compile time=0 ms, other=0 ms
		Project Asset Count: scripts=3115, non-scripts=1522
		Asset File Changes: new=0, changed=0, moved=0, deleted=0
		Scan Filter Count: 6
	ApplyChangesToAssetFolders: 0.019ms
	Scan: 1.090ms
	OnSourceAssetsModified: 0.000ms
	GetAllGuidsForCategorization: 0.126ms
	CategorizeAssets: 1.773ms
	ImportOutOfDateAssets: 396.522ms (0.535ms without children)
		ImportManagerImport: 393.664ms (0.477ms without children)
			ImportInProcess: 393.155ms
			UpdateCategorizedAssets: 0.033ms
		ReloadNativeAssets: 0.025ms
		UnloadImportedAssets: 0.042ms
		ReloadImportedAssets: 0.000ms
		EnsureUptoDateAssetsAreRegisteredWithGuidPM: 0.962ms
		InitializingProgressBar: 0.004ms
		PostProcessAllAssetNotificationsAddChangedAssets: 0.000ms
		OnDemandSchedulerStart: 1.290ms
	PostProcessAllAssets: 13.922ms
	Hotreload: 2.570ms
	GatherAllCurrentPrimaryArtifactRevisions: 0.129ms
	UnloadStreamsBegin: 0.043ms
	PersistCurrentRevisions: 0.160ms
	UnloadStreamsEnd: 0.011ms
	Untracked: 14.502ms
HideAndSeekDesignBuilder: FBX turn animation role=right-90, asset=Right Turn 90.fbx, importedClips=1, minus2MeansLeft=False
Start importing Assets/Project/Resources/Animations/FBXTurns/Right Turn 90-2.fbx using Guid(1170e0a4254694dcc89393ce7f5d98cf) Importer(-1,00000000000000000000000000000000)  -> (artifact id: '312f182203c92c59974005b01b517093') in 0.287818 seconds
Refreshing native plugins compatible for Editor in 0.77 ms, found 0 plugins.
Preloading 0 native plugins for Editor in 0.00 ms.
Asset Pipeline Refresh (id=a138562b628b94b82bf23ad03d0fee0a): Total: 0.333 seconds - Initiated by StopAssetImportingV2(NoUpdateAssetOptions)
	Summary:
		Imports: total=1 (actual=1, local cache=0, cache server=0)
		Asset DB Process Time: managed=6 ms, native=319 ms
		Asset DB Callback time: managed=4 ms, native=3 ms
		Scripting: domain reloads=0, domain reload time=0 ms, compile time=0 ms, other=0 ms
		Project Asset Count: scripts=3115, non-scripts=1522
		Asset File Changes: new=0, changed=0, moved=0, deleted=0
		Scan Filter Count: 6
	InvokeBeforeRefreshCallbacks: 0.000ms
	ApplyChangesToAssetFolders: 0.024ms
	Scan: 2.240ms
	OnSourceAssetsModified: 0.000ms
	GetAllGuidsForCategorization: 0.132ms
	CategorizeAssets: 3.120ms
	ImportOutOfDateAssets: 296.209ms (0.730ms without children)
		ImportManagerImport: 292.371ms (0.625ms without children)
			ImportInProcess: 291.705ms
			UpdateCategorizedAssets: 0.041ms
		ReloadNativeAssets: 0.042ms
		UnloadImportedAssets: 0.073ms
		ReloadImportedAssets: 0.000ms
		EnsureUptoDateAssetsAreRegisteredWithGuidPM: 1.054ms
		InitializingProgressBar: 0.003ms
		PostProcessAllAssetNotificationsAddChangedAssets: 0.000ms
		OnDemandSchedulerStart: 1.935ms
	PostProcessAllAssets: 6.545ms
	Hotreload: 1.680ms
	GatherAllCurrentPrimaryArtifactRevisions: 0.647ms
	UnloadStreamsBegin: 0.118ms
	PersistCurrentRevisions: 0.160ms
	UnloadStreamsEnd: 0.013ms
	Untracked: 22.529ms
HideAndSeekDesignBuilder: FBX turn animation role=left-90-from-minus-2, asset=Right Turn 90-2.fbx, importedClips=1, minus2MeansLeft=True
Start importing Assets/Project/Resources/Animations/FBXTurns/Happy Right Turn.fbx using Guid(1be269054e1384c259b5d79fb375c6f8) Importer(-1,00000000000000000000000000000000)  -> (artifact id: '94d2d71008062a5d9b2f0b9b6944ef37') in 0.818896 seconds
Refreshing native plugins compatible for Editor in 1.23 ms, found 0 plugins.
Preloading 0 native plugins for Editor in 0.00 ms.
Asset Pipeline Refresh (id=c15e13d9f124c446c9db1a0eab2a3084): Total: 0.871 seconds - Initiated by StopAssetImportingV2(NoUpdateAssetOptions)
	Summary:
		Imports: total=1 (actual=1, local cache=0, cache server=0)
		Asset DB Process Time: managed=40 ms, native=808 ms
		Asset DB Callback time: managed=13 ms, native=8 ms
		Scripting: domain reloads=0, domain reload time=0 ms, compile time=0 ms, other=0 ms
		Project Asset Count: scripts=3115, non-scripts=1522
		Asset File Changes: new=0, changed=0, moved=0, deleted=0
		Scan Filter Count: 6
	InvokeBeforeRefreshCallbacks: 0.001ms
	ApplyChangesToAssetFolders: 0.035ms
	Scan: 1.729ms
	OnSourceAssetsModified: 0.000ms
	GetAllGuidsForCategorization: 0.161ms
	CategorizeAssets: 3.107ms
	ImportOutOfDateAssets: 825.783ms (0.417ms without children)
		ImportManagerImport: 822.565ms (1.170ms without children)
			ImportInProcess: 821.333ms
			UpdateCategorizedAssets: 0.062ms
		ReloadNativeAssets: 0.020ms
		UnloadImportedAssets: 0.021ms
		ReloadImportedAssets: 0.000ms
		EnsureUptoDateAssetsAreRegisteredWithGuidPM: 0.652ms
		InitializingProgressBar: 0.004ms
		PostProcessAllAssetNotificationsAddChangedAssets: 0.000ms
		OnDemandSchedulerStart: 2.105ms
	PostProcessAllAssets: 15.250ms
	Hotreload: 6.654ms
	GatherAllCurrentPrimaryArtifactRevisions: 0.243ms
	UnloadStreamsBegin: 0.076ms
	PersistCurrentRevisions: 0.151ms
	UnloadStreamsEnd: 0.012ms
	Untracked: 17.426ms
HideAndSeekDesignBuilder: FBX turn animation role=happy-right, asset=Happy Right Turn.fbx, importedClips=1, minus2MeansLeft=False
Start importing Assets/Project/Resources/Animations/FBXTurns/Happy Right Turn-2.fbx using Guid(61038be6e25984c94a7ef50954a36c5b) Importer(-1,00000000000000000000000000000000)  -> (artifact id: '6ca94d321f80d9c1ef2ef5f9b7354343') in 0.326366 seconds
Refreshing native plugins compatible for Editor in 1.24 ms, found 0 plugins.
Preloading 0 native plugins for Editor in 0.00 ms.
Asset Pipeline Refresh (id=d4f1fc60dcda948e283b6f417516f61f): Total: 0.403 seconds - Initiated by StopAssetImportingV2(NoUpdateAssetOptions)
	Summary:
		Imports: total=1 (actual=1, local cache=0, cache server=0)
		Asset DB Process Time: managed=2 ms, native=387 ms
		Asset DB Callback time: managed=6 ms, native=6 ms
		Scripting: domain reloads=0, domain reload time=0 ms, compile time=0 ms, other=0 ms
		Project Asset Count: scripts=3115, non-scripts=1522
		Asset File Changes: new=0, changed=0, moved=0, deleted=0
		Scan Filter Count: 6
	InvokeBeforeRefreshCallbacks: 0.005ms
	ApplyChangesToAssetFolders: 0.043ms
	Scan: 2.474ms
	OnSourceAssetsModified: 0.000ms
	GetAllGuidsForCategorization: 0.285ms
	CategorizeAssets: 5.189ms
	ImportOutOfDateAssets: 340.249ms (7.825ms without children)
		ImportManagerImport: 329.716ms (0.579ms without children)
			ImportInProcess: 329.106ms
			UpdateCategorizedAssets: 0.031ms
		ReloadNativeAssets: 0.150ms
		UnloadImportedAssets: 0.028ms
		ReloadImportedAssets: 0.000ms
		EnsureUptoDateAssetsAreRegisteredWithGuidPM: 1.005ms
		InitializingProgressBar: 0.006ms
		PostProcessAllAssetNotificationsAddChangedAssets: 0.000ms
		OnDemandSchedulerStart: 1.520ms
	PostProcessAllAssets: 9.915ms
	Hotreload: 3.300ms
	GatherAllCurrentPrimaryArtifactRevisions: 1.154ms
	UnloadStreamsBegin: 0.054ms
	PersistCurrentRevisions: 0.224ms
	UnloadStreamsEnd: 0.015ms
	Untracked: 40.235ms
HideAndSeekDesignBuilder: FBX turn animation role=happy-left-from-minus-2, asset=Happy Right Turn-2.fbx, importedClips=1, minus2MeansLeft=True
Start importing Assets/Project/Resources/Animations/Locomotion/Walking-2.fbx using Guid(f2ed7a64c18074ecfa681f4713b3f10d) Importer(-1,00000000000000000000000000000000)  -> (artifact id: '28d079dea6f9cd58f0e6d2daf20cbb5e') in 0.302926 seconds
Refreshing native plugins compatible for Editor in 1.08 ms, found 0 plugins.
Preloading 0 native plugins for Editor in 0.00 ms.
Asset Pipeline Refresh (id=a88a823b7eb4b4f3a8998f09ca234b95): Total: 0.356 seconds - Initiated by StopAssetImportingV2(NoUpdateAssetOptions)
	Summary:
		Imports: total=1 (actual=1, local cache=0, cache server=0)
		Asset DB Process Time: managed=0 ms, native=340 ms
		Asset DB Callback time: managed=10 ms, native=3 ms
		Scripting: domain reloads=0, domain reload time=0 ms, compile time=0 ms, other=0 ms
		Project Asset Count: scripts=3115, non-scripts=1522
		Asset File Changes: new=0, changed=0, moved=0, deleted=0
		Scan Filter Count: 6
	InvokeBeforeRefreshCallbacks: 0.000ms
	ApplyChangesToAssetFolders: 0.023ms
	Scan: 1.734ms
	OnSourceAssetsModified: 0.001ms
	GetAllGuidsForCategorization: 0.124ms
	CategorizeAssets: 2.740ms
	ImportOutOfDateAssets: 310.063ms (0.726ms without children)
		ImportManagerImport: 306.818ms (0.268ms without children)
			ImportInProcess: 306.379ms
			UpdateCategorizedAssets: 0.171ms
		ReloadNativeAssets: 0.024ms
		UnloadImportedAssets: 0.022ms
		ReloadImportedAssets: 0.000ms
		EnsureUptoDateAssetsAreRegisteredWithGuidPM: 0.630ms
		InitializingProgressBar: 0.005ms
		PostProcessAllAssetNotificationsAddChangedAssets: 0.000ms
		OnDemandSchedulerStart: 1.837ms
	PostProcessAllAssets: 11.439ms
	Hotreload: 2.506ms
	GatherAllCurrentPrimaryArtifactRevisions: 0.159ms
	UnloadStreamsBegin: 0.058ms
	PersistCurrentRevisions: 0.297ms
	UnloadStreamsEnd: 0.012ms
	Untracked: 26.683ms
Start importing Assets/Project/Resources/Animations/Locomotion/Walking-2.fbx using Guid(f2ed7a64c18074ecfa681f4713b3f10d) Importer(-1,00000000000000000000000000000000)  -> (artifact id: '28d079dea6f9cd58f0e6d2daf20cbb5e') in 0.410357 seconds
Refreshing native plugins compatible for Editor in 0.69 ms, found 0 plugins.
Preloading 0 native plugins for Editor in 0.00 ms.
Asset Pipeline Refresh (id=9d3d164756d0945b78a15d4a086391f1): Total: 0.494 seconds - Initiated by StopAssetImportingV2(NoUpdateAssetOptions)
	Summary:
		Imports: total=1 (actual=1, local cache=0, cache server=0)
		Asset DB Process Time: managed=8 ms, native=451 ms
		Asset DB Callback time: managed=31 ms, native=2 ms
		Scripting: domain reloads=0, domain reload time=0 ms, compile time=0 ms, other=0 ms
		Project Asset Count: scripts=3115, non-scripts=1522
		Asset File Changes: new=0, changed=0, moved=0, deleted=0
		Scan Filter Count: 6
	InvokeBeforeRefreshCallbacks: 0.000ms
	ApplyChangesToAssetFolders: 0.019ms
	Scan: 1.412ms
	OnSourceAssetsModified: 0.000ms
	GetAllGuidsForCategorization: 0.163ms
	CategorizeAssets: 3.979ms
	ImportOutOfDateAssets: 431.958ms (-1.248ms without children)
		ImportManagerImport: 414.906ms (3.692ms without children)
			ImportInProcess: 411.121ms
			UpdateCategorizedAssets: 0.092ms
		ReloadNativeAssets: 0.036ms
		UnloadImportedAssets: 0.304ms
		ReloadImportedAssets: 2.194ms
		EnsureUptoDateAssetsAreRegisteredWithGuidPM: 2.273ms
		InitializingProgressBar: 0.004ms
		PostProcessAllAssetNotificationsAddChangedAssets: 0.000ms
		OnDemandSchedulerStart: 13.489ms
	PostProcessAllAssets: 32.016ms
	Hotreload: 2.070ms
	GatherAllCurrentPrimaryArtifactRevisions: 0.176ms
	UnloadStreamsBegin: 0.052ms
	PersistCurrentRevisions: 0.216ms
	UnloadStreamsEnd: 0.024ms
	Untracked: 22.043ms
HideAndSeekDesignBuilder: humanoid animation import asset=Walking-2.fbx, clip=Walk_InPlace, loop=True, avatarValid=True, avatarHuman=True.
Start importing Assets/Project/Resources/UserModels/Idle.fbx using Guid(3cef4c5e4db924e9cb5ca8890eae77de) Importer(-1,00000000000000000000000000000000)  -> (artifact id: '9f27ba06fdf37ef31f3487c718d975db') in 0.539392 seconds
Refreshing native plugins compatible for Editor in 1.10 ms, found 0 plugins.
Preloading 0 native plugins for Editor in 0.00 ms.
Asset Pipeline Refresh (id=b1dc39f176a4f4d0f9817f361c5db779): Total: 0.605 seconds - Initiated by StopAssetImportingV2(NoUpdateAssetOptions)
	Summary:
		Imports: total=1 (actual=1, local cache=0, cache server=0)
		Asset DB Process Time: managed=105 ms, native=464 ms
		Asset DB Callback time: managed=23 ms, native=10 ms
		Scripting: domain reloads=0, domain reload time=0 ms, compile time=0 ms, other=0 ms
		Project Asset Count: scripts=3115, non-scripts=1522
		Asset File Changes: new=0, changed=0, moved=0, deleted=0
		Scan Filter Count: 5
	InvokeBeforeRefreshCallbacks: 0.000ms
	ApplyChangesToAssetFolders: 0.038ms
	Scan: 1.569ms
	OnSourceAssetsModified: 0.000ms
	GetAllGuidsForCategorization: 0.151ms
	CategorizeAssets: 1.721ms
	ImportOutOfDateAssets: 546.591ms (0.416ms without children)
		ImportManagerImport: 543.673ms (0.681ms without children)
			ImportInProcess: 542.949ms
			UpdateCategorizedAssets: 0.043ms
		ReloadNativeAssets: 0.022ms
		UnloadImportedAssets: 0.018ms
		ReloadImportedAssets: 0.000ms
		EnsureUptoDateAssetsAreRegisteredWithGuidPM: 0.665ms
		InitializingProgressBar: 0.004ms
		PostProcessAllAssetNotificationsAddChangedAssets: 0.000ms
		OnDemandSchedulerStart: 1.791ms
	PostProcessAllAssets: 27.250ms
	Hotreload: 7.118ms
	GatherAllCurrentPrimaryArtifactRevisions: 0.306ms
	UnloadStreamsBegin: 0.050ms
	PersistCurrentRevisions: 0.163ms
	UnloadStreamsEnd: 0.009ms
	Untracked: 19.748ms
Start importing Assets/Project/Resources/UserModels/Idle.fbx using Guid(3cef4c5e4db924e9cb5ca8890eae77de) Importer(-1,00000000000000000000000000000000)  -> (artifact id: '9f27ba06fdf37ef31f3487c718d975db') in 0.294573 seconds
Refreshing native plugins compatible for Editor in 0.67 ms, found 0 plugins.
Preloading 0 native plugins for Editor in 0.00 ms.
Asset Pipeline Refresh (id=0cc7ce72867434d20bc0bb53c5842e0d): Total: 0.337 seconds - Initiated by StopAssetImportingV2(NoUpdateAssetOptions)
	Summary:
		Imports: total=1 (actual=1, local cache=0, cache server=0)
		Asset DB Process Time: managed=0 ms, native=331 ms
		Asset DB Callback time: managed=3 ms, native=1 ms
		Scripting: domain reloads=0, domain reload time=0 ms, compile time=0 ms, other=0 ms
		Project Asset Count: scripts=3115, non-scripts=1522
		Asset File Changes: new=0, changed=0, moved=0, deleted=0
		Scan Filter Count: 5
	InvokeBeforeRefreshCallbacks: 0.002ms
	ApplyChangesToAssetFolders: 0.048ms
	Scan: 1.864ms
	OnSourceAssetsModified: 0.000ms
	GetAllGuidsForCategorization: 0.123ms
	CategorizeAssets: 4.021ms
	ImportOutOfDateAssets: 298.955ms (-1.306ms without children)
		ImportManagerImport: 297.065ms (2.004ms without children)
			ImportInProcess: 295.028ms
			UpdateCategorizedAssets: 0.033ms
		ReloadNativeAssets: 0.023ms
		UnloadImportedAssets: 0.128ms
		ReloadImportedAssets: 1.619ms
		EnsureUptoDateAssetsAreRegisteredWithGuidPM: 0.630ms
		InitializingProgressBar: 0.004ms
		PostProcessAllAssetNotificationsAddChangedAssets: 0.000ms
		OnDemandSchedulerStart: 0.793ms
	PostProcessAllAssets: 3.253ms
	Hotreload: 0.960ms
	GatherAllCurrentPrimaryArtifactRevisions: 0.464ms
	UnloadStreamsBegin: 0.047ms
	PersistCurrentRevisions: 0.160ms
	UnloadStreamsEnd: 0.009ms
	Untracked: 26.698ms
HideAndSeekDesignBuilder: humanoid animation import asset=Idle.fbx, clip=Idle, loop=True, avatarValid=True, avatarHuman=True.
Refreshing native plugins compatible for Editor in 0.71 ms, found 0 plugins.
Preloading 0 native plugins for Editor in 0.00 ms.
Asset Pipeline Refresh (id=278558a9656914a5db489123fe00e5c2): Total: 0.126 seconds - Initiated by StopAssetImportingV2(NoUpdateAssetOptions)
Start importing Assets/Project/Resources/Animations/Controllers/MiniBotLocomotion.controller using Guid(ebda5135bdb3d4046b43dbf48b9b966f) Importer(-1,00000000000000000000000000000000)  -> (artifact id: '453c605dc07cd93abac116ec88f7d157') in 0.002713 seconds
Refreshing native plugins compatible for Editor in 0.62 ms, found 0 plugins.
Preloading 0 native plugins for Editor in 0.00 ms.
Asset Pipeline Refresh (id=979e8d83f9159408788cc1acf3363a7b): Total: 0.055 seconds - Initiated by StopAssetImportingV2(NoUpdateAssetOptions)
Start importing Assets/Project/Resources/Animations/Controllers/MiniBotLocomotion.controller using Guid(ebda5135bdb3d4046b43dbf48b9b966f) Importer(-1,00000000000000000000000000000000)  -> (artifact id: 'f6fa41619176d5912a7120c03c9245f8') in 0.001931 seconds
Refreshing native plugins compatible for Editor in 1.22 ms, found 0 plugins.
Preloading 0 native plugins for Editor in 0.00 ms.
Asset Pipeline Refresh (id=46883832fbb8c46f58aa2c90ad0a11c3): Total: 0.054 seconds - Initiated by StopAssetImportingV2(NoUpdateAssetOptions)
HideAndSeekDesignBuilder: locomotion AnimatorController ready path=Assets/Project/Resources/Animations/Controllers/MiniBotLocomotion.controller, idle=Idle, walk=Walk_InPlace.
HideAndSeekDesignBuilder: mini-bot import animationType=Human, importAnimation=True, avatarValid=True, avatarHuman=True, walkingBones leftFoot=True, rightFoot=True, leftLeg=True, rightLeg=True.
Unloading 0 Unused Serialized files (Serialized files now loaded: 0)
Unloading 418 unused Assets / (88.2 KB). Loaded Objects now: 3131.
Memory consumption went from 140.9 MB to 140.8 MB.
Total: 37.856667 ms (FindLiveObjects: 0.294000 ms CreateObjectMapping: 0.268250 ms MarkObjects: 34.978167 ms  DeleteObjects: 2.315084 ms)

Start importing Assets/Project/Materials/FurnitureCollision.physicMaterial using Guid(4055c0a04dcaa4517a2fc6c986d95402) Importer(-1,00000000000000000000000000000000)  -> (artifact id: '93557a2231481f13710b813665cbb595') in 0.023659 seconds
Start importing Assets/Project/Materials/HideSeekDefenseBlue.mat using Guid(1ab91de9bb9934e9f880738d62def819) Importer(-1,00000000000000000000000000000000)  -> (artifact id: '6192f3395ab21bcaa9fabb8e6ebbcfb2') in 0.002025 seconds
Start importing Assets/Project/Materials/HideSeekAttackRed.mat using Guid(4aa4d8a01259243b6b5dba6db789b200) Importer(-1,00000000000000000000000000000000)  -> (artifact id: '1e003da785150d9cba7a94d730ca518a') in 0.001088 seconds
Refreshing native plugins compatible for Editor in 3.23 ms, found 0 plugins.
Preloading 0 native plugins for Editor in 0.00 ms.
Asset Pipeline Refresh (id=f9cd61e050b3d4b8b9ffc9d8554dcf30): Total: 0.115 seconds - Initiated by StopAssetImportingV2(NoUpdateAssetOptions)
Start importing Assets/Project/Scenes/MiniBotHideAndSeekDesign.unity using Guid(9a4a9106e8b4148eea11b87fdf0edb7b) Importer(-1,00000000000000000000000000000000)  -> (artifact id: '8d2f7609f1d0df6650cb6be9d4bf8ba8') in 0.002208 seconds
Refreshing native plugins compatible for Editor in 0.78 ms, found 0 plugins.
Preloading 0 native plugins for Editor in 0.00 ms.
Asset Pipeline Refresh (id=27d8e0fbed6b04b38a688ce42c9c37cb): Total: 0.128 seconds - Initiated by StopAssetImportingV2(NoUpdateAssetOptions)
HideAndSeekDesignBuilder: physics setup furnitureColliders=11, staticSchoolroomColliders=5.
HideAndSeekDesignBuilder: saved Assets/Project/Scenes/MiniBotHideAndSeekDesign.unity
Opening scene 'Assets/Project/Scenes/MiniBotHideAndSeekDesign.unity'
Unloading 5 Unused Serialized files (Serialized files now loaded: 0)
Loaded scene 'Assets/Project/Scenes/MiniBotHideAndSeekDesign.unity'
	Deserialize:            4.064 ms
	Integration:            472.313 ms
	Integration of assets:  0.002 ms
	Thread Wait Time:       0.003 ms
	Total Operation Time:   476.382 ms
Unloading 27 unused Assets / (152.6 KB). Loaded Objects now: 3674.
Memory consumption went from 149.2 MB to 149.1 MB.
Total: 100.939625 ms (FindLiveObjects: 4.901375 ms CreateObjectMapping: 0.956833 ms MarkObjects: 90.335834 ms  DeleteObjects: 4.741959 ms)

HideAndSeekDesignBuilder: opened scene and entered Play Mode.
[Project] Loading completed in 51.654 seconds
	Project init time: 				37.666 seconds
		Template init time: 		0.000 seconds
		Package Manager init time: 		10.443 seconds
		Asset Database init time: 		1.122 seconds
		Global illumination init time: 	0.011 seconds
		Assemblies load time: 			0.799 seconds
		Unity extensions init time: 	0.069 seconds
		Asset Database refresh time: 	1.326 seconds
	Scene opening time: 			11.290 seconds
##utp:{"type":"ProjectInfo","version":2,"phase":"Immediate","time":1778056220603,"processId":26642,"projectLoad":51.654073958,"projectInit":37.665889959,"templateInit":0.0,"packageManagerInit":10.442961584,"assetDatabaseInit":1.12172375,"globalIlluminationInit":0.011310459,"assembliesLoad":0.799036125,"unityExtensionsInit":0.068674833,"assetDatabaseRefresh":1.325689708,"sceneOpening":11.290232166}
##utp:{"type":"EditorInfo","version":2,"phase":"Immediate","time":1778056220603,"processId":26642,"editorVersion":"2022.3.0f1 (fb119bb0b476)","branch":"2022.3/release","buildType":"Release","platform":"OSX"}
Subscribe to USB device events
Scanning for USB devices : 0.178ms
Thread 0x353687000 may have been prematurely finalized
Reloading assemblies for play mode.
Reloading assemblies after forced synchronous recompile.
Begin MonoManager ReloadAssembly
Symbol file LoadedFromMemory is not a mono symbol file
- Loaded All Assemblies, in  1.215 seconds
Refreshing native plugins compatible for Editor in 0.62 ms, found 0 plugins.
Native extension for OSXStandalone target not found
[MODES] ModeService[none].Initialize
[MODES] ModeService[none].LoadModes
[MODES] Loading mode Default (0) for mode-current-id-EmbodiedDebate
Mono: successfully reloaded assembly
- Finished resetting the current domain, in  0.897 seconds
Domain Reload Profiling: 2134ms
	BeginReloadAssembly (1073ms)
		ExecutionOrderSort (0ms)
		DisableScriptedObjects (24ms)
		BackupInstance (0ms)
		ReleaseScriptingObjects (0ms)
		CreateAndSetChildDomain (890ms)
	RebuildCommonClasses (43ms)
	RebuildNativeTypeToScriptingClass (17ms)
	initialDomainReloadingComplete (28ms)
	LoadAllAssembliesAndSetupDomain (76ms)
		LoadAssemblies (159ms)
		RebuildTransferFunctionScriptingTraits (0ms)
		AnalyzeDomain (16ms)
			TypeCache.Refresh (1ms)
				TypeCache.ScanAssembly (0ms)
			ScanForSourceGeneratedMonoScriptInfo (0ms)
			ResolveRequiredComponents (15ms)
	FinalizeReload (898ms)
		ReleaseScriptCaches (0ms)
		RebuildScriptCaches (0ms)
		SetupLoadedEditorAssemblies (472ms)
			LogAssemblyErrors (0ms)
			InitializePlatformSupportModulesInManaged (6ms)
			SetLoadedEditorAssemblies (10ms)
			RefreshPlugins (0ms)
			BeforeProcessingInitializeOnLoad (101ms)
			ProcessInitializeOnLoadAttributes (256ms)
			ProcessInitializeOnLoadMethodAttributes (97ms)
			AfterProcessingInitializeOnLoad (1ms)
			EditorAssembliesLoaded (0ms)
		ExecutionOrderSort2 (0ms)
		AwakeInstancesAfterBackupRestoration (159ms)
Asset Pipeline Refresh (id=512acec3eaa8b4ac188db5137f0bdf1f): Total: 2.493 seconds - Initiated by StopAssetImportingV2(ForceSynchronousImport | ForceDomainReload)
	Summary:
		Imports: total=0 (actual=0, local cache=0, cache server=0)
		Asset DB Process Time: managed=0 ms, native=293 ms
		Asset DB Callback time: managed=15 ms, native=1 ms
		Scripting: domain reloads=1, domain reload time=2181 ms, compile time=0 ms, other=0 ms
		Project Asset Count: scripts=3115, non-scripts=1522
		Asset File Changes: new=0, changed=0, moved=0, deleted=0
		Scan Filter Count: 0
	InvokeBeforeRefreshCallbacks: 1.846ms
	ApplyChangesToAssetFolders: 0.062ms
	Scan: 0.004ms
	OnSourceAssetsModified: 0.001ms
	GetAllGuidsForCategorization: 0.621ms
	CategorizeAssets: 160.862ms
	ImportOutOfDateAssets: 945.943ms (935.082ms without children)
		CompileScripts: 0.028ms
		CollectScriptTypesHashes: 1.976ms
		ReloadNativeAssets: 0.496ms
		UnloadImportedAssets: 0.541ms
		EnsureUptoDateAssetsAreRegisteredWithGuidPM: 1.235ms
		InitializingProgressBar: 0.000ms
		PostProcessAllAssetNotificationsAddChangedAssets: 0.000ms
		OnDemandSchedulerStart: 6.583ms
	PostProcessAllAssets: 15.571ms
	GatherAllCurrentPrimaryArtifactRevisions: 0.853ms
	UnloadStreamsBegin: 1.717ms
	PersistCurrentRevisions: 0.221ms
	UnloadStreamsEnd: 0.015ms
	GenerateScriptTypeHashes: 4.755ms
	Untracked: 1365.028ms
AgentLocomotionDriver: Animator locomotion ready controller=MiniBotLocomotion, rootMotion=False, hasSpeed=True, hasIsMoving=True.
ArgusVideo: capturing 720 frames at 30 FPS to /Users/guribbong/code/Argus/tmp/minibot_final_hard_edge_24s_frames
AgentLocomotionDriver: Animator locomotion ready controller=MiniBotLocomotion, rootMotion=False, hasSpeed=True, hasIsMoving=True.
AgentLocomotionDriver: Animator locomotion ready controller=MiniBotLocomotion, rootMotion=False, hasSpeed=True, hasIsMoving=True.
AgentLocomotionDriver: Animator locomotion ready controller=MiniBotLocomotion, rootMotion=False, hasSpeed=True, hasIsMoving=True.
Loaded scene 'Temp/__Backupscenes/0.backup'
	Deserialize:            12.135 ms
	Integration:            690.552 ms
	Integration of assets:  2.636 ms
	Thread Wait Time:       0.009 ms
	Total Operation Time:   705.331 ms
MiniBotHideAndSeekScenario: registered free-roam agents=4, bounds=(-3.85,-1.85)-(3.85,1.85).
MiniBotHideAndSeekScenario: boundary steering active for Hider 01.
MiniBotHideAndSeekScenario: initial obstacle-avoidance probe Hider 02 -> Classroom desk at 0.00,1.30.
MiniBotHideAndSeekScenario: obstacle avoidance retarget Hider 02, collider=Classroom desk.
MiniBotHideAndSeekScenario: boundary steering active for Seeker 01.
MiniBotHideAndSeekScenario: movement confirmed for Hider 01.
MiniBotHideAndSeekScenario: free-roam speed check Hider 01 movementSpeed=0.70, walkDistanceDelta=0.014.
MiniBotHideAndSeekScenario: movement confirmed for Hider 02.
MiniBotHideAndSeekScenario: free-roam speed check Hider 02 movementSpeed=0.62, walkDistanceDelta=0.012.
MiniBotHideAndSeekScenario: movement confirmed for Seeker 01.
MiniBotHideAndSeekScenario: free-roam speed check Seeker 01 movementSpeed=0.77, walkDistanceDelta=0.015.
MiniBotHideAndSeekScenario: movement confirmed for Seeker 02.
MiniBotHideAndSeekScenario: free-roam speed check Seeker 02 movementSpeed=0.71, walkDistanceDelta=0.014.
AgentLocomotionDriver: walk animation active speed=0.76, controller=MiniBotLocomotion.
AgentLocomotionDriver: walk animation active speed=0.69, controller=MiniBotLocomotion.
AgentLocomotionDriver: walk animation active speed=0.63, controller=MiniBotLocomotion.
AgentLocomotionDriver: walk animation active speed=0.69, controller=MiniBotLocomotion.
Created GICache directory at /Users/guribbong/Library/Caches/com.unity3d.UnityEditor/GiCache. Took: 0.040s, timestamps: [56.764 - 56.804]
Setting up 4 worker threads for Enlighten.
MiniBotHideAndSeekScenario: boundary steering active for Hider 02.
MiniBotHideAndSeekScenario: boundary steering active for Seeker 02.
MiniBotHideAndSeekScenario: wall pressure turnaround Seeker 02 -> 0.31,-0.95.
MiniBotHideAndSeekScenario: wall clamp kept Seeker 02 inside walkable room.
MiniBotHideAndSeekScenario: wall pressure turnaround Hider 02 -> 0.49,-0.87.
MiniBotHideAndSeekScenario: wall clamp kept Hider 02 inside walkable room.
MiniBotHideAndSeekScenario: rotation confirmed for Seeker 02.
MiniBotHideAndSeekScenario: rotation confirmed for Hider 02.
MiniBotHideAndSeekScenario: obstacle avoidance retarget Seeker 01, collider=Classroom table.
MiniBotHideAndSeekScenario: obstacle avoidance retarget Hider 01, collider=Classroom table.
MiniBotHideAndSeekScenario: free-roam retarget Hider 01 -> 0.64,-0.29.
MiniBotHideAndSeekScenario: free-roam retarget Seeker 01 -> 1.13,-0.18.
MiniBotHideAndSeekScenario: obstacle avoidance retarget Seeker 02, collider=Classroom table.
MiniBotHideAndSeekScenario: wall pressure turnaround Hider 01 -> -0.21,-0.98.
MiniBotHideAndSeekScenario: wall clamp kept Hider 01 inside walkable room.
MiniBotHideAndSeekScenario: rotation confirmed for Hider 01.
MiniBotHideAndSeekScenario: wall pressure turnaround Seeker 01 -> -0.99,-0.14.
MiniBotHideAndSeekScenario: wall clamp kept Seeker 01 inside walkable room.
MiniBotHideAndSeekScenario: rotation confirmed for Seeker 01.
MiniBotHideAndSeekScenario: free-roam retarget Seeker 01 -> -1.55,-0.25.
MiniBotHideAndSeekScenario: free-roam retarget Hider 01 -> 1.34,-0.34.
MiniBotHideAndSeekScenario: free-roam retarget Seeker 01 -> 0.65,0.54.
MiniBotHideAndSeekScenario: free-roam retarget Seeker 01 -> -0.39,0.25.
MiniBotHideAndSeekScenario: free-roam retarget Hider 01 -> -2.33,0.00.
MiniBotHideAndSeekScenario: free-roam retarget Hider 01 -> 2.51,-0.49.
MiniBotHideAndSeekScenario: free-roam retarget Seeker 01 -> -1.18,-0.27.
MiniBotHideAndSeekScenario: free-roam retarget Seeker 02 -> -2.10,-0.37.
ArgusVideo: wrote 720 frames to /Users/guribbong/code/Argus/tmp/minibot_final_hard_edge_24s_frames
Thread 0x31c70f000 may have been prematurely finalized
Unloading 6 Unused Serialized files (Serialized files now loaded: 0)
Loaded scene 'Temp/__Backupscenes/0.backup'
	Deserialize:            8.519 ms
	Integration:            530.236 ms
	Integration of assets:  0.005 ms
	Thread Wait Time:       0.003 ms
	Total Operation Time:   538.763 ms
Unloading 40 unused Assets / (137.8 KB). Loaded Objects now: 4252.
Memory consumption went from 159.7 MB to 159.6 MB.
Total: 57.209041 ms (FindLiveObjects: 0.776708 ms CreateObjectMapping: 0.254125 ms MarkObjects: 51.866083 ms  DeleteObjects: 4.310875 ms)

[Licensing::Client] Successfully resolved entitlements
[UnityConnectServicesConfig] config is NOT valid, switching to default
gi::BakeBackendSwitch: switching bake backend from 3 to 2.
[00:00:00] Builtin Sky manager started.
Thread 0x325c87000 may have been prematurely finalized
[Licensing::IpcConnector] License Notification channel disconnected successfully.
[Licensing::IpcConnector] License Client channel disconnected successfully.
Thread 0x17e7ab000 may have been prematurely finalized
Thread 0x17e693000 may have been prematurely finalized
Cleanup mono
[40m[32minfo[39m[22m[49m: Microsoft.Hosting.Lifetime[0]
      Application is shutting down...
[40m[32minfo[39m[22m[49m: Unity.ILPP.Runner.PostProcessingAssemblyLoadContext[0]
      ALC ILPP context 1 is unloading
debugger-agent: Unable to listen on 48
[Performance] Application.InitializeProject                                                                                                        :        1 samples, Peak.  37.7 s (1.0x), Avg.  37.7 s, Total. 37.67 s (15.2%)
[Performance] Application.PackageManager.StartServer                                                                                               :        1 samples, Peak.  7.42 ms (1.0x), Avg.  7.42 ms, Total. 7.417 ms (0.0%)
[Performance] Application.AcquireProjectLock                                                                                                       :        1 samples, Peak.  7.12 ms (1.0x), Avg.  7.12 ms, Total. 7.124 ms (0.0%)
[Performance] Application.InitializeEngineNoGraphics                                                                                               :        1 samples, Peak.   152 ms (1.0x), Avg.   152 ms, Total. 152.3 ms (0.1%)
[Performance] Application.PackageManager.Initialize                                                                                                :        1 samples, Peak.  10.4 s (1.0x), Avg.  10.4 s, Total. 10.44 s (4.2%)
[Performance] Connecting to Package Manager                                                                                                        :     1041 samples, Peak.  5.65 ms (645.4x), Avg.  8.76 us, Total. 9.117 ms (0.0%)
[Performance] Application.EngineGraphics.Initialize                                                                                                :        1 samples, Peak.   276 ms (1.0x), Avg.   276 ms, Total. 275.7 ms (0.1%)
[Performance] Application.GI.Initialize                                                                                                            :        1 samples, Peak.  11.5 ms (1.0x), Avg.  11.5 ms, Total. 11.48 ms (0.0%)
[Performance] Application.LoadAllDefaultResourcesFromEditor                                                                                        :        1 samples, Peak.  2.32 ms (1.0x), Avg.  2.32 ms, Total. 2.318 ms (0.0%)
[Performance] Application.LoadMonoAssemblies                                                                                                       :        1 samples, Peak.   799 ms (1.0x), Avg.   799 ms, Total. 799.0 ms (0.3%)
[Performance] RestoreManagedReferences                                                                                                             :        3 samples, Peak.   110 ms (1.8x), Avg.  59.7 ms, Total. 179.2 ms (0.1%)
[Performance] InitializeOnLoad ProjectSearch                                                                                                       :        3 samples, Peak.   585 us (1.5x), Avg.   380 us, Total. 1.141 ms (0.0%)
[Performance] InitializeOnLoad AssetStoreContext                                                                                                   :        3 samples, Peak.  31.4 ms (1.1x), Avg.  29.1 ms, Total. 87.44 ms (0.0%)
[Performance] InitializeOnLoad SearchService                                                                                                       :        3 samples, Peak.   177 us (1.2x), Avg.   146 us, Total. 437.6 us (0.0%)
[Performance] InitializeOnLoad ObjectSelectorSearch                                                                                                :        3 samples, Peak.   452 us (1.3x), Avg.   343 us, Total. 1.029 ms (0.0%)
[Performance] InitializeOnLoad NativeFormatImporterUtility                                                                                         :        3 samples, Peak.  3.98 ms (1.5x), Avg.  2.69 ms, Total. 8.064 ms (0.0%)
[Performance] InitializeOnLoad ManagedDebuggerWindow                                                                                               :        3 samples, Peak.  1.05 ms (2.1x), Avg.   491 us, Total. 1.474 ms (0.0%)
[Performance] InitializeOnLoad PrefabInstanceChangedListener                                                                                       :        3 samples, Peak.   526 us (1.0x), Avg.   503 us, Total. 1.510 ms (0.0%)
[Performance] InitializeOnLoad ManagedDebugger                                                                                                     :        3 samples, Peak.   500 ns (1.1x), Avg.   444 ns, Total. 1.333 us (0.0%)
[Performance] InitializeOnLoad CloudBuild                                                                                                          :        3 samples, Peak.  5.54 us (1.3x), Avg.  4.22 us, Total. 12.67 us (0.0%)
[Performance] InitializeOnLoad Collab                                                                                                              :        3 samples, Peak.  18.1 ms (1.6x), Avg.  11.3 ms, Total. 33.82 ms (0.0%)
[Performance] InitializeOnLoad ShortcutIntegration                                                                                                 :        3 samples, Peak.   123 us (1.3x), Avg.  95.6 us, Total. 286.8 us (0.0%)
[Performance] InitializeOnLoad MixerEffectDefinitionReloader                                                                                       :        3 samples, Peak.  5.77 ms (1.3x), Avg.  4.61 ms, Total. 13.84 ms (0.0%)
[Performance] InitializeOnLoad DrivenRectTransformUndo                                                                                             :        3 samples, Peak.   497 us (1.2x), Avg.   426 us, Total. 1.279 ms (0.0%)
[Performance] InitializeOnLoad WindowLayout                                                                                                        :        3 samples, Peak.  1.19 ms (1.7x), Avg.   702 us, Total. 2.106 ms (0.0%)
[Performance] InitializeOnLoad SettingsService                                                                                                     :        3 samples, Peak.  36.6 us (1.8x), Avg.  20.3 us, Total. 60.79 us (0.0%)
[Performance] InitializeOnLoad CacheServerWindow                                                                                                   :        3 samples, Peak.  59.7 us (2.1x), Avg.  28.4 us, Total. 85.12 us (0.0%)
[Performance] InitializeOnLoad MenuItems                                                                                                           :        3 samples, Peak.   195 us (1.7x), Avg.   117 us, Total. 352.3 us (0.0%)
[Performance] InitializeOnLoad CheckNavigationPackage                                                                                              :        3 samples, Peak.   904 us (1.7x), Avg.   522 us, Total. 1.565 ms (0.0%)
[Performance] InitializeOnLoad UISystemProfilerRenderService                                                                                       :        3 samples, Peak.  19.5 us (1.4x), Avg.  14.2 us, Total. 42.54 us (0.0%)
[Performance] InitializeOnLoad EditMode                                                                                                            :        3 samples, Peak.  1.11 ms (1.6x), Avg.   681 us, Total. 2.043 ms (0.0%)
[Performance] InitializeOnLoad UnityConnect                                                                                                        :        3 samples, Peak.   146 us (1.9x), Avg.  76.3 us, Total. 228.8 us (0.0%)
[Performance] InitializeOnLoad AddComponentWindow                                                                                                  :        3 samples, Peak.   368 us (2.0x), Avg.   188 us, Total. 564.9 us (0.0%)
[Performance] InitializeOnLoad PlayModeDownload                                                                                                    :        3 samples, Peak.  6.96 ms (2.8x), Avg.  2.46 ms, Total. 7.371 ms (0.0%)
[Performance] InitializeOnLoad SceneSearch                                                                                                         :        3 samples, Peak.   206 us (2.2x), Avg.  93.8 us, Total. 281.4 us (0.0%)
[Performance] InitializeOnLoad EditorDelegateRegistration                                                                                          :        3 samples, Peak.  1.08 ms (1.1x), Avg.   960 us, Total. 2.879 ms (0.0%)
[Performance] InitializeOnLoad UxmlObjectEditorFactories                                                                                           :        3 samples, Peak.  2.48 ms (2.0x), Avg.  1.22 ms, Total. 3.671 ms (0.0%)
[Performance] InitializeOnLoad RetainedMode                                                                                                        :        3 samples, Peak.  5.84 ms (1.4x), Avg.  4.18 ms, Total. 12.54 ms (0.0%)
[Performance] InitializeOnLoad EditorShaderLoader                                                                                                  :        3 samples, Peak.  2.88 ms (1.9x), Avg.  1.54 ms, Total. 4.617 ms (0.0%)
[Performance] InitializeOnLoad UIDocumentHierarchyWatcher                                                                                          :        3 samples, Peak.   335 us (2.2x), Avg.   154 us, Total. 461.4 us (0.0%)
[Performance] InitializeOnLoad EditorMonitor                                                                                                       :        3 samples, Peak.   395 us (1.8x), Avg.   215 us, Total. 644.0 us (0.0%)
[Performance] InitializeOnLoad LiveReloadTrackerCreator                                                                                            :        3 samples, Peak.  1.05 ms (2.3x), Avg.   450 us, Total. 1.350 ms (0.0%)
[Performance] InitializeOnLoad UXMLEditorFactories                                                                                                 :        3 samples, Peak.  84.9 ms (1.1x), Avg.  75.0 ms, Total. 225.1 ms (0.1%)
[Performance] InitializeOnLoad ServicesRepository                                                                                                  :        3 samples, Peak.   740 us (1.1x), Avg.   690 us, Total. 2.069 ms (0.0%)
[Performance] InitializeOnLoad UDPService                                                                                                          :        3 samples, Peak.  5.56 ms (1.5x), Avg.  3.61 ms, Total. 10.84 ms (0.0%)
[Performance] InitializeOnLoad EditorGameServicesAnalytics                                                                                         :        3 samples, Peak.  1.91 ms (1.3x), Avg.  1.47 ms, Total. 4.402 ms (0.0%)
[Performance] InitializeOnLoad CloudBuildPoller                                                                                                    :        3 samples, Peak.   152 us (1.4x), Avg.   107 us, Total. 320.8 us (0.0%)
[Performance] InitializeOnLoad BuildService                                                                                                        :        3 samples, Peak.  2.11 ms (1.1x), Avg.  1.88 ms, Total. 5.648 ms (0.0%)
[Performance] InitializeOnLoad CollabService                                                                                                       :        3 samples, Peak.  2.13 ms (1.1x), Avg.  1.89 ms, Total. 5.667 ms (0.0%)
[Performance] InitializeOnLoad PurchasingService                                                                                                   :        3 samples, Peak.  10.3 ms (1.2x), Avg.  8.91 ms, Total. 26.72 ms (0.0%)
[Performance] InitializeOnLoad CrashService                                                                                                        :        3 samples, Peak.  2.77 ms (1.3x), Avg.  2.12 ms, Total. 6.372 ms (0.0%)
[Performance] InitializeOnLoad AdsService                                                                                                          :        3 samples, Peak.  2.60 ms (1.1x), Avg.  2.35 ms, Total. 7.060 ms (0.0%)
[Performance] InitializeOnLoad AnalyticsService                                                                                                    :        3 samples, Peak.  1.82 ms (1.1x), Avg.  1.68 ms, Total. 5.044 ms (0.0%)
[Performance] InitializeOnLoad SearchWindow                                                                                                        :        3 samples, Peak.   326 us (1.8x), Avg.   177 us, Total. 530.0 us (0.0%)
[Performance] InitializeOnLoad SearchMonitor                                                                                                       :        3 samples, Peak.  12.8 ms (1.8x), Avg.  7.03 ms, Total. 21.08 ms (0.0%)
[Performance] InitializeOnLoad ParameterControllerEditor                                                                                           :        3 samples, Peak.   680 us (2.3x), Avg.   300 us, Total. 901.2 us (0.0%)
[Performance] InitializeOnLoad LayerSettingsWindow                                                                                                 :        3 samples, Peak.   210 us (2.8x), Avg.  75.7 us, Total. 227.0 us (0.0%)
[Performance] InitializeOnLoad PackageManagerHookGUIDConverter.RegisterPackagesEventHandler                                                        :        3 samples, Peak.   786 us (2.3x), Avg.   344 us, Total. 1.031 ms (0.0%)
[Performance] InitializeOnLoad EditorDragAndDrop.RegisterEditorClient                                                                              :        3 samples, Peak.   242 us (1.1x), Avg.   218 us, Total. 653.8 us (0.0%)
[Performance] InitializeOnLoad EditorEventCallbacks.InitializeFontAssetResourceChangeCallBacks                                                     :        3 samples, Peak.  1.20 ms (1.1x), Avg.  1.07 ms, Total. 3.198 ms (0.0%)
[Performance] InitializeOnLoad SceneTemplateService.Init                                                                                           :        3 samples, Peak.  1.64 ms (1.4x), Avg.  1.19 ms, Total. 3.575 ms (0.0%)
[Performance] InitializeOnLoad DiagnosticSwitchesConsoleMessage.Init                                                                               :        3 samples, Peak.  4.71 ms (1.6x), Avg.  3.02 ms, Total. 9.061 ms (0.0%)
[Performance] InitializeOnLoad ScopedRegistryAddedPopup.SubscribeToRegistriesAdded                                                                 :        3 samples, Peak.  35.4 ms (1.4x), Avg.  25.9 ms, Total. 77.61 ms (0.0%)
[Performance] InitializeOnLoad PackageManagerWindow.EditorInitializedInSafeMode                                                                    :        3 samples, Peak.   488 us (1.7x), Avg.   279 us, Total. 838.1 us (0.0%)
[Performance] InitializeOnLoad MemoryProfilerCompilationGuard.InjectCompileGuard                                                                   :        3 samples, Peak.   155 us (1.4x), Avg.   114 us, Total. 342.0 us (0.0%)
[Performance] InitializeOnLoad SceneVisibilityManager.Initialize                                                                                   :        3 samples, Peak.  4.48 ms (2.0x), Avg.  2.29 ms, Total. 6.859 ms (0.0%)
[Performance] InitializeOnLoad AssetPostprocessingInternal.RefreshCustomDependencies                                                               :        3 samples, Peak.  5.47 ms (1.3x), Avg.  4.26 ms, Total. 12.79 ms (0.0%)
[Performance] InitializeOnLoad ToolShortcutContext.Init                                                                                            :        3 samples, Peak.   224 us (1.4x), Avg.   164 us, Total. 490.5 us (0.0%)
[Performance] InitializeOnLoad SysrootManager.Initialize                                                                                           :        3 samples, Peak.  10.9 ms (2.8x), Avg.  3.90 ms, Total. 11.70 ms (0.0%)
[Performance] InitializeOnLoad EditorWindow.Initialize                                                                                             :        3 samples, Peak.   447 us (1.9x), Avg.   229 us, Total. 688.2 us (0.0%)
[Performance] AssemblyReloadEvents.afterAssemblyReload: UnityEditor.SceneTemplate.SceneTemplateService.AfterAssemblyReload                         :        3 samples, Peak.  6.34 ms (1.5x), Avg.  4.20 ms, Total. 12.61 ms (0.0%)
[Performance] ProcessService.EditorAfterLoadAllAssemblies                                                                                          :        3 samples, Peak.   739 us (1.0x), Avg.   713 us, Total. 2.140 ms (0.0%)
[Performance] Application.ReadLicenseInfo                                                                                                          :        1 samples, Peak.  41.0 ms (1.0x), Avg.  41.0 ms, Total. 41.03 ms (0.0%)
[Performance] Application.InitialRefresh                                                                                                           :        1 samples, Peak.  11.5 s (1.0x), Avg.  11.5 s, Total. 11.54 s (4.7%)
[Performance] Compiling Scripts                                                                                                                    :        1 samples, Peak.  2.34 s (1.0x), Avg.  2.34 s, Total. 2.342 s (0.9%)
[Performance] AssemblyReloadEvents.beforeAssemblyReload: UnityEditor.SceneTemplate.SceneTemplateService.BeforeAssemblyReload                       :        2 samples, Peak.  1.95 ms (1.2x), Avg.  1.62 ms, Total. 3.250 ms (0.0%)
[Performance] InitializeOnLoad BurstLoader                                                                                                         :        2 samples, Peak.  2.15 s (2.0x), Avg.  1.09 s, Total. 2.177 s (0.9%)
[Performance] InitializeOnLoad ShadowCasterGroup2DManager                                                                                          :        2 samples, Peak.   262 us (1.3x), Avg.   208 us, Total. 416.9 us (0.0%)
[Performance] InitializeOnLoad RealtimeProbeSubdivisionDebug                                                                                       :        2 samples, Peak.  2.77 ms (1.8x), Avg.  1.51 ms, Total. 3.020 ms (0.0%)
[Performance] InitializeOnLoad ProbeGIBaking                                                                                                       :        2 samples, Peak.  6.37 ms (1.4x), Avg.  4.70 ms, Total. 9.401 ms (0.0%)
[Performance] InitializeOnLoad FilterWindow                                                                                                        :        2 samples, Peak.  35.6 us (1.0x), Avg.  34.5 us, Total. 69.04 us (0.0%)
[Performance] InitializeOnLoad NodeClassCache                                                                                                      :        2 samples, Peak.  25.3 us (1.6x), Avg.  16.2 us, Total. 32.38 us (0.0%)
[Performance] InitializeOnLoad ShaderGraphMaterialsUpdater                                                                                         :        4 samples, Peak.   417 us (1.5x), Avg.   281 us, Total. 1.122 ms (0.0%)
[Performance] InitializeOnLoad PrefabLayoutRebuilder                                                                                               :        2 samples, Peak.   210 us (1.0x), Avg.   210 us, Total. 420.3 us (0.0%)
[Performance] InitializeOnLoad BackgroundWatcher                                                                                                   :        2 samples, Peak.   120 us (1.0x), Avg.   119 us, Total. 237.2 us (0.0%)
[Performance] InitializeOnLoad UnityTestProtocolStarter                                                                                            :        2 samples, Peak.   535 us (1.5x), Avg.   363 us, Total. 725.8 us (0.0%)
[Performance] InitializeOnLoad TestStarter                                                                                                         :        2 samples, Peak.   562 us (1.1x), Avg.   534 us, Total. 1.069 ms (0.0%)
[Performance] InitializeOnLoad RerunCallbackInitializer                                                                                            :        2 samples, Peak.  7.37 ms (1.1x), Avg.  6.88 ms, Total. 13.76 ms (0.0%)
[Performance] InitializeOnLoad EditorToolManager                                                                                                   :        2 samples, Peak.  2.65 ms (1.2x), Avg.  2.16 ms, Total. 4.326 ms (0.0%)
[Performance] InitializeOnLoad Renderer2DAnalytics                                                                                                 :        2 samples, Peak.   204 us (1.2x), Avg.   165 us, Total. 329.3 us (0.0%)
[Performance] InitializeOnLoad RendererDataPatcher                                                                                                 :        2 samples, Peak.   128 ms (1.5x), Avg.  87.5 ms, Total. 175.0 ms (0.1%)
[Performance] InitializeOnLoad MaterialReimporter.RegisterUpgraderReimport                                                                         :        4 samples, Peak.  1.41 ms (2.7x), Avg.   519 us, Total. 2.076 ms (0.0%)
[Performance] InitializeOnLoad $BurstDirectCallInitializer.Initialize                                                                              :        2 samples, Peak.  19.5 ms (1.3x), Avg.  15.4 ms, Total. 30.81 ms (0.0%)
[Performance] InitializeOnLoad TestJobDataHolder.ResumeRunningJobs                                                                                 :        2 samples, Peak.  1.06 ms (1.7x), Avg.   632 us, Total. 1.264 ms (0.0%)
[Performance] InitializeOnLoad AnalyticsReporter.RegisterCallbacks                                                                                 :        2 samples, Peak.   390 us (1.1x), Avg.   368 us, Total. 735.6 us (0.0%)
[Performance] InitializeOnLoad CoreRenderPipelinePreferences.InitPreferenceProviders                                                               :        2 samples, Peak.  51.9 ms (1.0x), Avg.  51.1 ms, Total. 102.3 ms (0.0%)
[Performance] InitializeOnLoad VolumeGizmoDrawer.InitVolumeGizmoCallbacks                                                                          :        2 samples, Peak.   316 us (1.0x), Avg.   308 us, Total. 616.7 us (0.0%)
[Performance] DidReloadScriptsTestRunnerWindow.CompilationCallback                                                                                 :        2 samples, Peak.  2.20 ms (1.6x), Avg.  1.37 ms, Total. 2.745 ms (0.0%)
[Performance] DidReloadScriptsTestListCache.ScriptReloaded                                                                                         :        2 samples, Peak.  2.05 ms (1.8x), Avg.  1.13 ms, Total. 2.252 ms (0.0%)
[Performance] DidReloadScriptsDebugWindow.OnEditorReload                                                                                           :        2 samples, Peak.  22.1 ms (1.2x), Avg.  17.8 ms, Total. 35.64 ms (0.0%)
[Performance] DidReloadScriptsLookDev.OnEditorReload                                                                                               :        2 samples, Peak.   308 us (1.2x), Avg.   249 us, Total. 497.4 us (0.0%)
[Performance] DidReloadScriptsVolumeComponentEditor.OnEditorReload                                                                                 :        2 samples, Peak.  36.5 ms (1.3x), Avg.  28.7 ms, Total. 57.33 ms (0.0%)
[Performance] DidReloadScriptsOnScriptsReloadHandler.OnScriptsReloaded                                                                             :        2 samples, Peak.  3.06 ms (1.5x), Avg.  2.01 ms, Total. 4.019 ms (0.0%)
[Performance] DidReloadScriptsAdvancedDropdownWindow.OnScriptReload                                                                                :        2 samples, Peak.   415 us (1.4x), Avg.   296 us, Total. 592.4 us (0.0%)
[Performance] SyncVS.PostprocessSyncProject                                                                                                        :       18 samples, Peak.  2.39 ms (7.9x), Avg.   304 us, Total. 5.464 ms (0.0%)
[Performance] Application.ImportPackagesAndSetTemplateWhenCreatingProject                                                                          :        1 samples, Peak.   108 ms (1.0x), Avg.   108 ms, Total. 107.9 ms (0.0%)
[Performance] Application.SyncCurrentColorSpace                                                                                                    :        1 samples, Peak.  11.7 s (1.0x), Avg.  11.7 s, Total. 11.75 s (4.7%)
[Performance] Application.OnUsbDevicesChanged                                                                                                      :        1 samples, Peak.  2.13 ms (1.0x), Avg.  2.13 ms, Total. 2.134 ms (0.0%)
[Performance] Application.AssetInstanceCacheUpdate                                                                                                 :        1 samples, Peak.   253 us (1.0x), Avg.   253 us, Total. 252.8 us (0.0%)
[Performance] Application.UnityExtensions.Initialize                                                                                               :        1 samples, Peak.  69.1 ms (1.0x), Avg.  69.1 ms, Total. 69.07 ms (0.0%)
[Performance] CodeEditorProjectSync.SyncEditorProject                                                                                              :        1 samples, Peak.   970 us (1.0x), Avg.   970 us, Total. 969.7 us (0.0%)
[Performance] Application.ExecuteStartups                                                                                                          :        1 samples, Peak.   277 ms (1.0x), Avg.   277 ms, Total. 276.5 ms (0.1%)
[Performance] Menu.RegisterMenuInterface                                                                                                           :       26 samples, Peak.   207 us (21.0x), Avg.  9.89 us, Total. 257.1 us (0.0%)
[Performance] Gizmo.RebuildRenderers                                                                                                               :        4 samples, Peak.   259 ms (3.8x), Avg.  67.6 ms, Total. 270.4 ms (0.1%)
[Performance] Gizmo.AddGizmoRenderers                                                                                                              :      220 samples, Peak.   118 ms (190.6x), Avg.   620 us, Total. 136.3 ms (0.1%)
[Performance] Application.editorInitializingProject                                                                                                :        1 samples, Peak.   149 ms (1.0x), Avg.   149 ms, Total. 149.0 ms (0.1%)
[Performance] Application.FinishLoadingProject                                                                                                     :        1 samples, Peak.  11.3 s (1.0x), Avg.  11.3 s, Total. 11.29 s (4.6%)
[Performance] Application.InitializeMenu                                                                                                           :        1 samples, Peak.  1.00 s (1.0x), Avg.  1.00 s, Total. 1.001 s (0.4%)
[Performance] Menu.RebuildAll                                                                                                                      :        1 samples, Peak.  1.00 s (1.0x), Avg.  1.00 s, Total. 1.001 s (0.4%)
[Performance] Menu.BuildRegisteredMenuInterfaces                                                                                                   :        1 samples, Peak.   974 ms (1.0x), Avg.   974 ms, Total. 973.7 ms (0.4%)
[Performance] Menu.FilterMenuItem                                                                                                                  :     1051 samples, Peak.   420 ms (725.4x), Avg.   579 us, Total. 608.0 ms (0.2%)
[Performance] UpdateAllMenus                                                                                                                       :        3 samples, Peak.   200 ms (2.7x), Avg.  72.8 ms, Total. 218.4 ms (0.1%)
[Performance] Selection.selectionChanged: UnityEditor.PackageManager.UI.Internal.SelectionProxy.OnSelectionChanged                                 :        1 samples, Peak.  1.89 ms (1.0x), Avg.  1.89 ms, Total. 1.886 ms (0.0%)
[Performance] Selection.selectionChanged: UnityEditorInternal.EditMode.OnSelectionChange                                                           :        1 samples, Peak.   748 us (1.0x), Avg.   748 us, Total. 748.2 us (0.0%)
[Performance] EditorSceneManager.sceneClosing: UnityEditor.SceneVisibilityManager.EditorSceneManagerOnSceneClosing                                 :        5 samples, Peak.   643 us (2.1x), Avg.   306 us, Total. 1.529 ms (0.0%)
[Performance] EditorSceneManager.sceneClosed: callback in UnityEditor.Search.SearchMonitor                                                         :        4 samples, Peak.  1.57 ms (3.0x), Avg.   525 us, Total. 2.098 ms (0.0%)
[Performance] EditorSceneManager.activeSceneChangedInEditMode: callback in UnityEditor.Search.SearchMonitor                                        :        4 samples, Peak.   249 us (3.4x), Avg.  73.2 us, Total. 292.9 us (0.0%)
[Performance] GUIView.RepaintAll.PlayerLoopController                                                                                              :      723 samples, Peak.   959 ms (4.7x), Avg.   206 ms, Total. 149.1 s (60.2%)
[Performance] EditorSceneManager.newSceneCreated: UnityEditor.SceneTemplate.SceneTemplateService.OnNewSceneCreated                                 :        2 samples, Peak.   681 us (2.0x), Avg.   341 us, Total. 683.0 us (0.0%)
[Performance] EditorSceneManager.newSceneCreated: UnityEditor.SceneVisibilityManager.EditorSceneManagerOnNewSceneCreated                           :        2 samples, Peak.   242 us (1.9x), Avg.   125 us, Total. 249.1 us (0.0%)
[Performance] EditorSceneManager.newSceneCreated: UnityEditor.SceneManagement.StageNavigationManager.OnNewSceneCreated                             :        2 samples, Peak.  86.4 us (1.8x), Avg.  47.6 us, Total. 95.17 us (0.0%)
[Performance] Application.InvokeFinishedLoadingProject                                                                                             :        1 samples, Peak.  45.0 ms (1.0x), Avg.  45.0 ms, Total. 45.02 ms (0.0%)
[Performance] ProcessService.OnProjectLoaded                                                                                                       :        1 samples, Peak.   592 us (1.0x), Avg.   592 us, Total. 591.7 us (0.0%)
[Performance] VersionControl.Task.Wait                                                                                                             :        1 samples, Peak.  80.9 us (1.0x), Avg.  80.9 us, Total. 80.92 us (0.0%)
[Performance] AssetDatabase.Refresh                                                                                                                :        1 samples, Peak.  1.33 s (1.0x), Avg.  1.33 s, Total. 1.326 s (0.5%)
[Performance] AssetDatabase.ImportAsset                                                                                                            :       12 samples, Peak.   871 ms (2.3x), Avg.   386 ms, Total. 4.630 s (1.9%)
[Performance] PresetManagerPostProcessor.OnPreprocessAsset                                                                                         :       17 samples, Peak.   322 us (8.3x), Avg.  39.0 us, Total. 663.0 us (0.0%)
[Performance] CancelSplashScreenOnAssetChange.OnPreprocessAsset                                                                                    :       17 samples, Peak.   482 us (8.4x), Avg.  57.3 us, Total. 973.6 us (0.0%)
[Performance] ShaderGraphAssetPostProcessor.OnPreprocessAsset                                                                                      :       17 samples, Peak.  1.35 ms (16.1x), Avg.  83.8 us, Total. 1.424 ms (0.0%)
[Performance] SceneDataContainer.TransformHierarchyChangedSetParentCallback                                                                        :      762 samples, Peak.   116 us (92.6x), Avg.  1.25 us, Total. 955.9 us (0.0%)
[Performance] SceneVisibilityState.IsFlagSetInParents                                                                                              :     2562 samples, Peak.   115 us (266.3x), Avg.   431 ns, Total. 1.105 ms (0.0%)
[Performance] AssetDatabase.ImportAssets                                                                                                           :       22 samples, Peak.   120 ms (15.1x), Avg.  7.92 ms, Total. 174.2 ms (0.1%)
[Performance] BuilderAssetPostprocessor.OnPostprocessAllAssets                                                                                     :       32 samples, Peak.  25.0 ms (14.5x), Avg.  1.72 ms, Total. 55.20 ms (0.0%)
[Performance] ArtifactBrowserPostProcessor.OnPostprocessAllAssets                                                                                  :       32 samples, Peak.   514 us (9.2x), Avg.  55.7 us, Total. 1.783 ms (0.0%)
[Performance] AssetEvents.OnPostprocessAllAssets                                                                                                   :       64 samples, Peak.  5.19 ms (42.0x), Avg.   124 us, Total. 7.908 ms (0.0%)
[Performance] AudioMixerPostprocessor.OnPostprocessAllAssets                                                                                       :       32 samples, Peak.   571 us (8.9x), Avg.  64.4 us, Total. 2.059 ms (0.0%)
[Performance] StyleCatalogPostProcessor.OnPostprocessAllAssets                                                                                     :       32 samples, Peak.  42.2 ms (14.1x), Avg.  2.99 ms, Total. 95.66 ms (0.0%)
[Performance] BuildCatalog                                                                                                                         :        2 samples, Peak.  30.4 ms (1.1x), Avg.  27.7 ms, Total. 55.43 ms (0.0%)
[Performance] ModelImporterPostProcessor.OnPostprocessAllAssets                                                                                    :       32 samples, Peak.  18.5 ms (3.9x), Avg.  4.74 ms, Total. 151.6 ms (0.1%)
[Performance] MaterialPostprocessor.OnPostprocessAllAssets                                                                                         :       64 samples, Peak.  7.98 ms (14.5x), Avg.   551 us, Total. 35.23 ms (0.0%)
[Performance] RetainedModeAssetPostprocessor.OnPostprocessAllAssets                                                                                :       32 samples, Peak.  3.21 ms (10.6x), Avg.   304 us, Total. 9.714 ms (0.0%)
[Performance] AssetChangedListener.OnPostprocessAllAssets                                                                                          :       32 samples, Peak.  15.9 ms (11.2x), Avg.  1.42 ms, Total. 45.56 ms (0.0%)
[Performance] PostProcessor.OnPostprocessAllAssets                                                                                                 :       32 samples, Peak.   356 us (6.7x), Avg.  52.8 us, Total. 1.690 ms (0.0%)
[Performance] ShaderGraphAssetPostProcessor.OnPostprocessAllAssets                                                                                 :       32 samples, Peak.  16.6 ms (11.4x), Avg.  1.46 ms, Total. 46.86 ms (0.0%)
[Performance] SpeedTreePostProcessor.OnPostprocessAllAssets                                                                                        :       32 samples, Peak.   265 us (6.6x), Avg.  40.1 us, Total. 1.282 ms (0.0%)
[Performance] TextAssetPostProcessor.OnPostprocessAllAssets                                                                                        :       32 samples, Peak.  13.1 ms (28.5x), Avg.   458 us, Total. 14.67 ms (0.0%)
[Performance] ModelImporter.Import                                                                                                                 :        8 samples, Peak.   805 ms (2.0x), Avg.   408 ms, Total. 3.264 s (1.3%)
[Performance] FBXMaterialDescriptionPreprocessor.OnPreprocessMaterialDescription                                                                   :       16 samples, Peak.  10.1 ms (5.8x), Avg.  1.74 ms, Total. 27.81 ms (0.0%)
[Performance] SketchupMaterialDescriptionPreprocessor.OnPreprocessMaterialDescription                                                              :       16 samples, Peak.  31.2 ms (14.9x), Avg.  2.09 ms, Total. 33.47 ms (0.0%)
[Performance] ThreeDSMaterialDescriptionPreprocessor.OnPreprocessMaterialDescription                                                               :       16 samples, Peak.   689 us (8.1x), Avg.  84.6 us, Total. 1.354 ms (0.0%)
[Performance] AutodeskInteractiveMaterialImport.OnPreprocessMaterialDescription                                                                    :        8 samples, Peak.  1.82 ms (7.6x), Avg.   240 us, Total. 1.923 ms (0.0%)
[Performance] FBXArnoldSurfaceMaterialDescriptionPreprocessor.OnPreprocessMaterialDescription                                                      :        8 samples, Peak.   177 us (4.0x), Avg.  43.8 us, Total. 350.7 us (0.0%)
[Performance] PhysicalMaterial3DsMaxPreprocessor.OnPreprocessMaterialDescription                                                                   :        8 samples, Peak.   157 us (4.6x), Avg.  33.8 us, Total. 270.5 us (0.0%)
[Performance] ModelPostprocessor.OnPostprocessModel                                                                                                :        8 samples, Peak.  15.5 ms (7.8x), Avg.  1.98 ms, Total. 15.84 ms (0.0%)
[Performance] TreeAOImporter.OnPostprocessModel                                                                                                    :        8 samples, Peak.   744 us (5.3x), Avg.   139 us, Total. 1.115 ms (0.0%)
[Performance] AssetDatabase.DeleteAssets                                                                                                           :        1 samples, Peak.   135 ms (1.0x), Avg.   135 ms, Total. 134.8 ms (0.1%)
[Performance] BuilderAssetModificationProcessor.OnWillDeleteAsset                                                                                  :        1 samples, Peak.  1.35 ms (1.0x), Avg.  1.35 ms, Total. 1.353 ms (0.0%)
[Performance] TMP_FontAssetPostProcessor.OnWillDeleteAsset                                                                                         :        1 samples, Peak.   260 us (1.0x), Avg.   260 us, Total. 259.6 us (0.0%)
[Performance] CancelSplashScreenOnAssetDelete.OnWillDeleteAsset                                                                                    :        1 samples, Peak.   189 us (1.0x), Avg.   189 us, Total. 189.3 us (0.0%)
[Performance] ShaderImporter.SourceAssetModified                                                                                                   :        4 samples, Peak.  1.21 us (2.2x), Avg.   542 ns, Total. 2.166 us (0.0%)
[Performance] ShaderIncludeImporter.SourceAssetModified                                                                                            :        4 samples, Peak.  1.29 us (2.1x), Avg.   625 ns, Total. 2.501 us (0.0%)
[Performance] EditorApplication.projectChanged: UnityEditor.Audio.MixerEffectDefinitionReloader.OnProjectChanged                                   :        2 samples, Peak.  2.04 ms (1.7x), Avg.  1.18 ms, Total. 2.363 ms (0.0%)
[Performance] MaterialModificationProcessor.OnWillCreateAsset                                                                                      :        6 samples, Peak.   327 us (2.9x), Avg.   112 us, Total. 674.7 us (0.0%)
[Performance] BuilderAssetModificationProcessor.OnWillCreateAsset                                                                                  :        3 samples, Peak.   335 us (2.6x), Avg.   131 us, Total. 394.2 us (0.0%)
[Performance] BuilderAssetModificationProcessor.OnWillSaveAssets                                                                                   :        3 samples, Peak.  1.40 ms (2.4x), Avg.   580 us, Total. 1.739 ms (0.0%)
[Performance] TerrainModificationProcessor.OnWillSaveAssets                                                                                        :        3 samples, Peak.  2.22 ms (1.9x), Avg.  1.18 ms, Total. 3.525 ms (0.0%)
[Performance] EditorSceneManager.sceneSaving: UnityEditor.SceneTemplate.SceneTemplateService.OnSceneSaving                                         :        1 samples, Peak.   298 us (1.0x), Avg.   298 us, Total. 297.8 us (0.0%)
[Performance] EditorSceneManager.sceneSaving: UnityEditor.SceneVisibilityManager.EditorSceneManagerOnSceneSaving                                   :        1 samples, Peak.   286 us (1.0x), Avg.   286 us, Total. 286.4 us (0.0%)
[Performance] EditorSceneManager.sceneSaved: UnityEditor.SceneTemplate.SceneTemplateService.OnSceneSaved                                           :        1 samples, Peak.   318 ms (1.0x), Avg.   318 ms, Total. 318.0 ms (0.1%)
[Performance] EditorSceneManager.sceneSaved: UnityEditor.SceneVisibilityManager.EditorSceneManagerOnSceneSaved                                     :        1 samples, Peak.   113 us (1.0x), Avg.   113 us, Total. 113.2 us (0.0%)
[Performance] EditorSceneManager.sceneOpening: UnityEditor.SceneVisibilityManager.EditorSceneManagerOnSceneOpening                                 :        1 samples, Peak.   140 us (1.0x), Avg.   140 us, Total. 139.8 us (0.0%)
[Performance] Inspector.InitOrRebuild                                                                                                              :        3 samples, Peak.  4.71 ms (1.9x), Avg.  2.53 ms, Total. 7.577 ms (0.0%)
[Performance] EditorSceneManager.sceneOpened: callback in UnityEditor.Search.SearchMonitor                                                         :        1 samples, Peak.   107 us (1.0x), Avg.   107 us, Total. 106.6 us (0.0%)
[Performance] EditorSceneManager.sceneOpened: UnityEditor.SceneTemplate.SceneTemplateService.OnSceneOpened                                         :        1 samples, Peak.  1.39 ms (1.0x), Avg.  1.39 ms, Total. 1.390 ms (0.0%)
[Performance] EditorSceneManager.sceneOpened: UnityEditor.SceneVisibilityManager.EditorSceneManagerOnSceneOpened                                   :        1 samples, Peak.   279 us (1.0x), Avg.   279 us, Total. 278.9 us (0.0%)
[Performance] EditorSceneManager.sceneOpened: UnityEditor.SceneManagement.StageNavigationManager.OnSceneOpened                                     :        1 samples, Peak.  60.8 us (1.0x), Avg.  60.8 us, Total. 60.79 us (0.0%)
[Performance] Menu.Game                                                                                                                            :        1 samples, Peak.   599 ms (1.0x), Avg.   599 ms, Total. 599.2 ms (0.2%)
[Performance] MenuItem.Game                                                                                                                        :        1 samples, Peak.   597 ms (1.0x), Avg.   597 ms, Total. 597.1 ms (0.2%)
[Performance] EditorResources.Load                                                                                                                 :      221 samples, Peak.  48.1 ms (105.6x), Avg.   455 us, Total. 100.6 ms (0.0%)
[Performance] EditorApplication.playModeStateChanged                                                                                               :        2 samples, Peak.  28.5 ms (1.7x), Avg.  17.0 ms, Total. 34.08 ms (0.0%)
[Performance] EditorApplication.playModeStateChanged: UnityEditor.PackageManager.UI.Internal.PlayModeDownload.PlayModeStateChanged                 :        4 samples, Peak.   492 us (2.0x), Avg.   243 us, Total. 972.0 us (0.0%)
[Performance] EditorApplication.playModeStateChanged: UnityEditor.SceneManagement.EditorSceneManager.PlayModeStateChangedCallback                  :        4 samples, Peak.  89.4 us (2.6x), Avg.  34.6 us, Total. 138.3 us (0.0%)
[Performance] EditorApplication.playModeStateChanged: UnityEditor.Search.SearchMonitor.OnPlayModeChanged                                           :        3 samples, Peak.  7.66 ms (2.8x), Avg.  2.71 ms, Total. 8.127 ms (0.0%)
[Performance] EditorApplication.playModeStateChanged: Unity.Burst.Editor.BurstLoader.EditorApplicationOnPlayModeStateChanged                       :        4 samples, Peak.  7.00 ms (3.8x), Avg.  1.86 ms, Total. 7.455 ms (0.0%)
[Performance] EditorApplication.playModeStateChanged: UnityEngine.Rendering.Universal.ShadowCasterGroup2DManager.OnPlayModeStateChanged            :        4 samples, Peak.   381 us (2.1x), Avg.   185 us, Total. 738.2 us (0.0%)
[Performance] EditorApplication.playModeStateChanged: UnityEditor.TestTools.TestRunner.PlaymodeLauncher+BackgroundWatcher.OnPlayModeStateChanged   :        4 samples, Peak.  1.68 ms (1.8x), Avg.   933 us, Total. 3.733 ms (0.0%)
[Performance] EditorApplication.playModeStateChanged: UnityEditor.PackageManager.UI.Internal.ApplicationProxy.PlayModeStateChanged                 :        4 samples, Peak.   203 us (2.0x), Avg.  99.1 us, Total. 396.5 us (0.0%)
[Performance] EditorApplication.playModeStateChanged: UnityEditor.SceneVisibilityManager.EditorApplicationPlayModeStateChanged                     :        4 samples, Peak.   101 us (2.6x), Avg.  39.4 us, Total. 157.6 us (0.0%)
[Performance] EditorApplication.playModeStateChanged: UnityEditor.TestTools.TestRunner.TestRunnerWindow.OnPlayModeStateChanged                     :        4 samples, Peak.   271 us (2.5x), Avg.   108 us, Total. 431.5 us (0.0%)
[Performance] EditorApplication.playModeStateChanged: UnityEditor.GameView.OnPlayModeStateChanged                                                  :        4 samples, Peak.   544 us (2.9x), Avg.   187 us, Total. 746.2 us (0.0%)
[Performance] EditorApplication.playModeStateChanged: UnityEditor.UIElements.DefaultEditorWindowBackend.PlayModeStateChangedCallback               :        4 samples, Peak.  7.61 ms (3.5x), Avg.  2.15 ms, Total. 8.619 ms (0.0%)
[Performance] Application.InvokeProjectWasLoaded                                                                                                   :        1 samples, Peak.  30.9 us (1.0x), Avg.  30.9 us, Total. 30.88 us (0.0%)
[Performance] Application.Tick                                                                                                                     :      719 samples, Peak.  6.15 s (22.8x), Avg.   269 ms, Total. 193.7 s (78.2%)
[Performance] CheckLicensingClient                                                                                                                 :       35 samples, Peak.  11.5 ms (18.2x), Avg.   630 us, Total. 22.06 ms (0.0%)
[Performance] CheckLicensingClientNotification                                                                                                     :       35 samples, Peak.  8.99 ms (22.4x), Avg.   402 us, Total. 14.07 ms (0.0%)
[Performance] Application.TickVersionControl                                                                                                       :      720 samples, Peak.  1.41 ms (176.4x), Avg.  8.00 us, Total. 5.762 ms (0.0%)
[Performance] MonoCompiler.Tick                                                                                                                    :      224 samples, Peak.  5.08 s (222.6x), Avg.  22.8 ms, Total. 5.111 s (2.1%)
[Performance] Application.EnterPlayMode                                                                                                            :        1 samples, Peak.  5.06 s (1.0x), Avg.  5.06 s, Total. 5.061 s (2.0%)
[Performance] Application.Reload                                                                                                                   :        1 samples, Peak.  2.49 s (1.0x), Avg.  2.49 s, Total. 2.493 s (1.0%)
[Performance] AssemblyReloadEvents.beforeAssemblyReload: UnityEditor.Search.SearchMonitor.OnBeforeAssemblyReload                                   :        1 samples, Peak.  3.18 ms (1.0x), Avg.  3.18 ms, Total. 3.181 ms (0.0%)
[Performance] UnityBuildPostprocessor.OnProcessScene                                                                                               :        1 samples, Peak.  1.51 ms (1.0x), Avg.  1.51 ms, Total. 1.512 ms (0.0%)
[Performance] GameView.Repaint                                                                                                                     :      722 samples, Peak.   471 ms (88.0x), Avg.  5.35 ms, Total. 3.860 s (1.6%)
[Performance] RefreshSkin                                                                                                                          :        1 samples, Peak.   130 ms (1.0x), Avg.   130 ms, Total. 129.9 ms (0.1%)
[Performance] UnityConnect.Tick                                                                                                                    :        2 samples, Peak.  10.1 ms (1.8x), Avg.  5.48 ms, Total. 10.95 ms (0.0%)
[Performance] Collab.Tick                                                                                                                          :        2 samples, Peak.   328 us (1.0x), Avg.   324 us, Total. 648.2 us (0.0%)
[Performance] CurlRequest.Tick                                                                                                                     :      372 samples, Peak.   467 us (61.3x), Avg.  7.62 us, Total. 2.833 ms (0.0%)
[Performance] WebSocketClient.Tick                                                                                                                 :      372 samples, Peak.   525 us (107.4x), Avg.  4.89 us, Total. 1.819 ms (0.0%)
[Performance] AssetDatabase.Tick                                                                                                                   :      372 samples, Peak.   470 us (163.5x), Avg.  2.88 us, Total. 1.070 ms (0.0%)
[Performance] SceneBackgroundTask.Tick                                                                                                             :      301 samples, Peak.   158 us (165.0x), Avg.   957 ns, Total. 288.0 us (0.0%)
[Performance] Scheduler.Tick                                                                                                                       :      720 samples, Peak.  7.18 ms (49.1x), Avg.   146 us, Total. 105.3 ms (0.0%)
[Performance] RepaintAllProfilerWindows                                                                                                            :      171 samples, Peak.   269 us (14.2x), Avg.  19.0 us, Total. 3.243 ms (0.0%)
[Performance] PlayerUpdates.Tick                                                                                                                   :      558 samples, Peak.  1.21 ms (50.0x), Avg.  24.2 us, Total. 13.50 ms (0.0%)
[Performance] Application.TickGlobalCallbacks                                                                                                      :      720 samples, Peak.   263 ms (461.4x), Avg.   570 us, Total. 410.5 ms (0.2%)
[Performance] EditorAnalytics.Tick                                                                                                                 :      186 samples, Peak.  4.80 ms (52.7x), Avg.  91.1 us, Total. 16.95 ms (0.0%)
[Performance] Video.Update                                                                                                                         :      720 samples, Peak.   143 us (116.5x), Avg.  1.23 us, Total. 886.3 us (0.0%)
[Performance] Application.TickProgress                                                                                                             :      720 samples, Peak.  9.34 ms (563.6x), Avg.  16.6 us, Total. 11.93 ms (0.0%)
[Performance] Application.TickSceneTracker                                                                                                         :      720 samples, Peak.  72.2 ms (167.1x), Avg.   432 us, Total. 311.2 ms (0.1%)
[Performance] ObjectChangeEvents.changesPublished: UnityEditor.PrefabInstanceChangedListener.OnObjectChanged                                       :        1 samples, Peak.  4.84 ms (1.0x), Avg.  4.84 ms, Total. 4.839 ms (0.0%)
[Performance] ObjectChangeEvents.changesPublished: UnityEditor.Search.SearchMonitor.OnObjectChanged                                                :        1 samples, Peak.  1.09 ms (1.0x), Avg.  1.09 ms, Total. 1.087 ms (0.0%)
[Performance] EditorApplication.update                                                                                                             :      720 samples, Peak.  61.9 ms (154.8x), Avg.   400 us, Total. 287.8 ms (0.1%)
[Performance] EditorApplication.update: UnityEngine.Rendering.ProbeSubdivisionContext+RealtimeProbeSubdivisionDebug.UpdateRealtimeSubdivisionDebug :      720 samples, Peak.  20.0 ms (487.1x), Avg.  41.1 us, Total. 29.56 ms (0.0%)
[Performance] EditorApplication.update: callback in UnityEditor.Rendering.Universal.MaterialReimporter                                             :      720 samples, Peak.  7.16 ms (201.3x), Avg.  35.6 us, Total. 25.60 ms (0.0%)
[Performance] EditorApplication.update: UnityEditor.PackageManager.UI.Internal.ApplicationProxy.OnUpdate                                           :      720 samples, Peak.  20.7 ms (111.1x), Avg.   186 us, Total. 134.3 ms (0.1%)
[Performance] EditorApplication.update: UnityEditor.GameView.RepaintIfNeeded                                                                       :      720 samples, Peak.  1.54 ms (79.0x), Avg.  19.4 us, Total. 14.00 ms (0.0%)
[Performance] EditorApplication.update: UnityEditor.SceneManagement.StageNavigationManager.Update                                                  :      720 samples, Peak.  1.93 ms (75.3x), Avg.  25.6 us, Total. 18.42 ms (0.0%)
[Performance] EditorApplication.update: GLTFast.OnScriptsReloadHandler.Progress                                                                    :        1 samples, Peak.  9.39 ms (1.0x), Avg.  9.39 ms, Total. 9.387 ms (0.0%)
[Performance] EditorApplication.update: UnityEditor.Rendering.Universal.SceneViewDrawMode.UpdateSceneViewStates                                    :      720 samples, Peak.  2.99 ms (124.1x), Avg.  24.1 us, Total. 17.33 ms (0.0%)
[Performance] Package.AsyncRequest                                                                                                                 :        1 samples, Peak.   427 us (1.0x), Avg.   427 us, Total. 427.0 us (0.0%)
[Performance] ConsoleLog.Tick                                                                                                                      :      219 samples, Peak.  2.52 ms (91.0x), Avg.  27.7 us, Total. 6.077 ms (0.0%)
[Performance] HierarchyWindow.Tick                                                                                                                 :      299 samples, Peak.  7.55 ms (276.3x), Avg.  27.3 us, Total. 8.166 ms (0.0%)
[Performance] EditorApplication.hierarchyChanged: Unity.UIElements.Editor.UIDocumentHierarchyWatcher.OnHierarchyChanged                            :        2 samples, Peak.  2.37 ms (1.9x), Avg.  1.26 ms, Total. 2.519 ms (0.0%)
[Performance] Inspector.Tick                                                                                                                       :      298 samples, Peak.   522 ms (256.0x), Avg.  2.04 ms, Total. 607.3 ms (0.2%)
[Performance] EditorApplication.delayCall: UnityEditor.ShortcutManagement.ShortcutIntegration.EnsureShortcutsAreInitialized                        :        1 samples, Peak.  83.8 ms (1.0x), Avg.  83.8 ms, Total. 83.80 ms (0.0%)
[Performance] EditorApplication.delayCall: callback in UnityEditor.Rendering.Universal.RendererDataPatcher                                         :        1 samples, Peak.   429 ms (1.0x), Avg.   429 ms, Total. 428.9 ms (0.2%)
[Performance] EditorApplication.delayCall: callback in UnityEditor.SceneVisibilityManager                                                          :        1 samples, Peak.  7.01 ms (1.0x), Avg.  7.01 ms, Total. 7.009 ms (0.0%)
[Performance] EditorApplication.delayCall: callback in UnityEditor.EditorTools.ToolShortcutContext                                                 :        1 samples, Peak.  1.13 ms (1.0x), Avg.  1.13 ms, Total. 1.130 ms (0.0%)
[Performance] EditorApplication.delayCall: callback in UnityEditor.EditorWindow                                                                    :        1 samples, Peak.   204 us (1.0x), Avg.   204 us, Total. 204.1 us (0.0%)
[Performance] Tooltip.Tick                                                                                                                         :      557 samples, Peak.   393 us (160.5x), Avg.  2.45 us, Total. 1.364 ms (0.0%)
[Performance] Application.RequestRepaintForPanels                                                                                                  :      719 samples, Peak.  2.25 ms (122.3x), Avg.  18.4 us, Total. 13.21 ms (0.0%)
[Performance] Application.UpdateScene                                                                                                              :      719 samples, Peak.  1.02 s (3.9x), Avg.   258 ms, Total. 185.8 s (75.0%)
[Performance] PackageImporter.Tick                                                                                                                 :      224 samples, Peak.   399 us (47.7x), Avg.  8.37 us, Total. 1.875 ms (0.0%)
[Performance] InspectorBackground.Tick                                                                                                             :      301 samples, Peak.  7.25 us (12.9x), Avg.   563 ns, Total. 169.5 us (0.0%)
[Performance] BurstDebug.Tick                                                                                                                      :      172 samples, Peak.   645 us (33.7x), Avg.  19.1 us, Total. 3.289 ms (0.0%)
[Performance] Application.ChangeLayoutIfNeeded                                                                                                     :      719 samples, Peak.  11.3 us (124.8x), Avg.  90.1 ns, Total. 64.81 us (0.0%)
[Performance] AsyncReadManager.ForceCloseFiles                                                                                                     :      163 samples, Peak.  4.18 ms (74.3x), Avg.  56.2 us, Total. 9.165 ms (0.0%)
[Performance] Application.Message                                                                                                                  :      719 samples, Peak.   170 us (63.1x), Avg.  2.69 us, Total. 1.937 ms (0.0%)
[Performance] Application.ExitPlayMode                                                                                                             :        1 samples, Peak.  1.07 s (1.0x), Avg.  1.07 s, Total. 1.068 s (0.4%)
[Performance] CoreBusinessMetrics.Tick                                                                                                             :        1 samples, Peak.  1.42 ms (1.0x), Avg.  1.42 ms, Total. 1.416 ms (0.0%)
[Performance] GI.Tick                                                                                                                              :        1 samples, Peak.  3.37 ms (1.0x), Avg.  3.37 ms, Total. 3.367 ms (0.0%)
[Performance] UnitySynchronization.ExecuteTasks                                                                                                    :        1 samples, Peak.  4.04 us (1.0x), Avg.  4.04 us, Total. 4.042 us (0.0%)
[Performance] Application.TickPreloadManager                                                                                                       :        1 samples, Peak.  13.4 us (1.0x), Avg.  13.4 us, Total. 13.38 us (0.0%)
[Performance] Application.Shutdown.CollabTerminate                                                                                                 :        1 samples, Peak.  25.3 us (1.0x), Avg.  25.3 us, Total. 25.29 us (0.0%)
[Performance] Application.Shutdown.CollabCleanup                                                                                                   :        1 samples, Peak.  1.95 ms (1.0x), Avg.  1.95 ms, Total. 1.954 ms (0.0%)
[Performance] Application.Shutdown.SaveDefaultWindowPreferences                                                                                    :        1 samples, Peak.   177 us (1.0x), Avg.   177 us, Total. 177.4 us (0.0%)
[Performance] Application.Shutdown.SaveSceneManagerSetup                                                                                           :        1 samples, Peak.  1.62 ms (1.0x), Avg.  1.62 ms, Total. 1.619 ms (0.0%)
[Performance] Application.Shutdown.CleanupAllContainerWindows                                                                                      :        1 samples, Peak.  59.8 ms (1.0x), Avg.  59.8 ms, Total. 59.83 ms (0.0%)
[Performance] EditorApplication.quitting: Unity.Burst.Editor.BurstLoader.OnEditorApplicationQuitting                                               :        1 samples, Peak.   747 us (1.0x), Avg.   747 us, Total. 746.5 us (0.0%)
[Performance] EditorApplication.quitting: callback in UnityEditor.TextCore.Text.EditorEventCallbacks                                               :        1 samples, Peak.  30.0 ms (1.0x), Avg.  30.0 ms, Total. 29.95 ms (0.0%)
[Performance] EditorApplication.quitting: UnityEditor.Search.SearchMonitor.OnQuitting                                                              :        1 samples, Peak.  2.74 ms (1.0x), Avg.  2.74 ms, Total. 2.737 ms (0.0%)
[Performance] Application.Shutdown.PauseProfilerSession                                                                                            :        1 samples, Peak.  17.2 us (1.0x), Avg.  17.2 us, Total. 17.17 us (0.0%)
[Performance] Application.Shutdown.PauseAssetImportWorkers                                                                                         :        1 samples, Peak.  1.13 ms (1.0x), Avg.  1.13 ms, Total. 1.133 ms (0.0%)
[Performance] Application.Shutdown.SaveAssets                                                                                                      :        1 samples, Peak.  42.9 ms (1.0x), Avg.  42.9 ms, Total. 42.95 ms (0.0%)
[Performance] Application.Shutdown.CleanupRenderPipeline                                                                                           :        1 samples, Peak.  1.75 ms (1.0x), Avg.  1.75 ms, Total. 1.746 ms (0.0%)
[Performance] Application.Shutdown.StopPreloadManager                                                                                              :        1 samples, Peak.  10.7 ms (1.0x), Avg.  10.7 ms, Total. 10.68 ms (0.0%)
[Performance] Application.Shutdown.DestroyWorld                                                                                                    :        1 samples, Peak.  2.92 ms (1.0x), Avg.  2.92 ms, Total. 2.921 ms (0.0%)
[Performance] Application.Shutdown.CleanupAfterLoad                                                                                                :        1 samples, Peak.   333 ms (1.0x), Avg.   333 ms, Total. 332.9 ms (0.1%)
[Performance] Application.Shutdown.Progress                                                                                                        :        1 samples, Peak.  53.4 us (1.0x), Avg.  53.4 us, Total. 53.37 us (0.0%)
[Performance] Application.Shutdown.GICleanupManagers                                                                                               :        1 samples, Peak.  4.68 ms (1.0x), Avg.  4.68 ms, Total. 4.682 ms (0.0%)
[Performance] Application.Shutdown.MenuCleanupClass                                                                                                :        1 samples, Peak.  1.13 ms (1.0x), Avg.  1.13 ms, Total. 1.129 ms (0.0%)
[Performance] Application.Shutdown.ADBSaveStateBeforeShutdown                                                                                      :        1 samples, Peak.  55.1 us (1.0x), Avg.  55.1 us, Total. 55.13 us (0.0%)
[Performance] Application.Shutdown.RemoteShutdown                                                                                                  :        1 samples, Peak.   958 ns (1.0x), Avg.   958 ns, Total. 958.0 ns (0.0%)
[Performance] Application.Shutdown.CleanupVCProvider                                                                                               :        1 samples, Peak.   416 us (1.0x), Avg.   416 us, Total. 416.1 us (0.0%)
[Performance] Application.Shutdown.InputShutdown                                                                                                   :        1 samples, Peak.  2.20 ms (1.0x), Avg.  2.20 ms, Total. 2.198 ms (0.0%)
[Performance] Application.Shutdown.GizmoManagerDestroy                                                                                             :        1 samples, Peak.  3.09 ms (1.0x), Avg.  3.09 ms, Total. 3.088 ms (0.0%)
[Performance] Application.Shutdown.ProfilerSession                                                                                                 :        1 samples, Peak.  1.45 ms (1.0x), Avg.  1.45 ms, Total. 1.448 ms (0.0%)
[Performance] Application.Shutdown.ReleaseGfxWindowOnAllGUIViews                                                                                   :        1 samples, Peak.   916 ns (1.0x), Avg.   916 ns, Total. 916.0 ns (0.0%)
[Performance] Application.Shutdown.CleanupEngine                                                                                                   :        1 samples, Peak.   467 ms (1.0x), Avg.   467 ms, Total. 466.8 ms (0.2%)
[Performance] Application.Shutdown.CleanupAssetDatabase                                                                                            :        1 samples, Peak.  17.7 ms (1.0x), Avg.  17.7 ms, Total. 17.67 ms (0.0%)
[Performance] Application.Shutdown.ScriptCompilationCleanUp                                                                                        :        1 samples, Peak.   723 us (1.0x), Avg.   723 us, Total. 722.7 us (0.0%)
[Performance] Application.Shutdown.DestroyJobSystem                                                                                                :        1 samples, Peak.  77.4 us (1.0x), Avg.  77.4 us, Total. 77.42 us (0.0%)
[Performance] Application.Shutdown.CleanupPersistentManager                                                                                        :        1 samples, Peak.  4.37 ms (1.0x), Avg.  4.37 ms, Total. 4.366 ms (0.0%)
[Performance] Application.Shutdown.CleanupAsyncReadManager                                                                                         :        1 samples, Peak.   426 us (1.0x), Avg.   426 us, Total. 426.2 us (0.0%)
[Performance] Application.Shutdown.CleanupMono                                                                                                     :        1 samples, Peak.   471 ms (1.0x), Avg.   471 ms, Total. 470.8 ms (0.2%)
[Performance] Application.Shutdown.CleanupStdConverters                                                                                            :        1 samples, Peak.  14.5 us (1.0x), Avg.  14.5 us, Total. 14.54 us (0.0%)
[Performance] Application.Shutdown.UnloadAllPlatformSupportModuleNativeDlls                                                                        :        1 samples, Peak.  31.0 us (1.0x), Avg.  31.0 us, Total. 31.00 us (0.0%)
[Performance] Application.Shutdown.UnloadAllPlatformSupportNativeLibraries                                                                         :        1 samples, Peak.  1.38 us (1.0x), Avg.  1.38 us, Total. 1.375 us (0.0%)
[Performance] Application.Shutdown.CleanupAutoDocumentation                                                                                        :        1 samples, Peak.  1.00 ms (1.0x), Avg.  1.00 ms, Total. 1.005 ms (0.0%)
[Performance] Application.Shutdown.ShaderNameManagerDestroy                                                                                        :        1 samples, Peak.   813 us (1.0x), Avg.   813 us, Total. 812.8 us (0.0%)
[Performance] Application.Shutdown.CleanupCacheServer                                                                                              :        1 samples, Peak.  83.0 ns (1.0x), Avg.  83.0 ns, Total. 83.00 ns (0.0%)
[Performance] Application.Shutdown.Virtualization_Shutdown                                                                                         :        1 samples, Peak.   153 us (1.0x), Avg.   153 us, Total. 152.7 us (0.0%)
[Performance] Application.Shutdown.DevConnections                                                                                                  :        1 samples, Peak.  77.8 us (1.0x), Avg.  77.8 us, Total. 77.75 us (0.0%)
[Package Manager] Server::Kill -- Server was shutdown
Checking for leaked weakptr:
  Found no leaked weakptrs.
Memory Statistics:
[ALLOC_TEMP_TLS] TLS Allocator
  StackAllocators : 
    [ALLOC_TEMP_CurlRequest]
      Initial Block Size 64.0 KB
      Current Block Size 64.0 KB
      Peak Allocated Bytes 0 B
      Overflow Count 0
    [ALLOC_TEMP_MAIN]
      Peak usage frame count: [2.0 MB-4.0 MB]: 718 frames, [8.0 MB-16.0 MB]: 1 frames
      Initial Block Size 16.0 MB
      Current Block Size 18.1 MB
      Peak Allocated Bytes 10.6 MB
      Overflow Count 0
    [ALLOC_TEMP_Background Job.worker 6]
      Initial Block Size 32.0 KB
      Current Block Size 32.0 KB
      Peak Allocated Bytes 0 B
      Overflow Count 0
    [ALLOC_TEMP_Background Job.worker 15]
      Initial Block Size 32.0 KB
      Current Block Size 32.0 KB
      Peak Allocated Bytes 0 B
      Overflow Count 0
    [ALLOC_TEMP_BakingJobs.worker 0]
      Initial Block Size 256.0 KB
      Current Block Size 256.0 KB
      Peak Allocated Bytes 0 B
      Overflow Count 0
    [ALLOC_TEMP_AssetDatabase.FileHasherReader] x 4
      Initial Block Size 64.0 KB
      Current Block Size 64.0 KB
      Peak Allocated Bytes 31 B
      Overflow Count 0
    [ALLOC_TEMP_BakingJobs.worker 1]
      Initial Block Size 256.0 KB
      Current Block Size 256.0 KB
      Peak Allocated Bytes 301 B
      Overflow Count 0
    [ALLOC_TEMP_BatchDeleteObjects]
      Initial Block Size 64.0 KB
      Current Block Size 64.0 KB
      Peak Allocated Bytes 0 B
      Overflow Count 0
    [ALLOC_TEMP_CoreBusinessMetricsCache]
      Initial Block Size 64.0 KB
      Current Block Size 64.0 KB
      Peak Allocated Bytes 7.9 KB
      Overflow Count 0
    [ALLOC_TEMP_REST Message Handler]
      Initial Block Size 64.0 KB
      Current Block Size 64.0 KB
      Peak Allocated Bytes 0 B
      Overflow Count 0
    [ALLOC_TEMP_Job.worker 4]
      Initial Block Size 256.0 KB
      Current Block Size 256.0 KB
      Peak Allocated Bytes 15.1 KB
      Overflow Count 1
    [ALLOC_TEMP_Background Job.worker 1]
      Initial Block Size 32.0 KB
      Current Block Size 208.0 KB
      Peak Allocated Bytes 121.6 KB
      Overflow Count 0
    [ALLOC_TEMP_AssetDatabase.IOService]
      Initial Block Size 64.0 KB
      Current Block Size 64.0 KB
      Peak Allocated Bytes 0 B
      Overflow Count 0
    [ALLOC_TEMP_Loading.PreloadManager] x 3
      Initial Block Size 32.0 MB
      Current Block Size 32.0 MB
      Peak Allocated Bytes 2.0 MB
      Overflow Count 0
    [ALLOC_TEMP_Background Job.worker 4]
      Initial Block Size 32.0 KB
      Current Block Size 32.0 KB
      Peak Allocated Bytes 0 B
      Overflow Count 0
    [ALLOC_TEMP_Background Job.worker 7]
      Initial Block Size 32.0 KB
      Current Block Size 32.0 KB
      Peak Allocated Bytes 0 B
      Overflow Count 0
    [ALLOC_TEMP_CloudJob.worker 0]
      Initial Block Size 32.0 KB
      Current Block Size 48.0 KB
      Peak Allocated Bytes 31.7 KB
      Overflow Count 0
    [ALLOC_TEMP_Background Job.worker 10]
      Initial Block Size 32.0 KB
      Current Block Size 32.0 KB
      Peak Allocated Bytes 0 B
      Overflow Count 0
    [ALLOC_TEMP_Background Job.worker 12]
      Initial Block Size 32.0 KB
      Current Block Size 32.0 KB
      Peak Allocated Bytes 0 B
      Overflow Count 0
    [ALLOC_TEMP_Background Job.worker 13]
      Initial Block Size 32.0 KB
      Current Block Size 32.0 KB
      Peak Allocated Bytes 0 B
      Overflow Count 0
    [ALLOC_TEMP_CurlRequest]
      Initial Block Size 64.0 KB
      Current Block Size 64.0 KB
      Peak Allocated Bytes 0 B
      Overflow Count 0
    [ALLOC_TEMP_BakingJobs.worker 4]
      Initial Block Size 256.0 KB
      Current Block Size 256.0 KB
      Peak Allocated Bytes 0 B
      Overflow Count 0
    [ALLOC_TEMP_Profiler.Dispatcher]
      Initial Block Size 64.0 KB
      Current Block Size 64.0 KB
      Peak Allocated Bytes 0 B
      Overflow Count 0
    [ALLOC_TEMP_Background Job.worker 14]
      Initial Block Size 32.0 KB
      Current Block Size 32.0 KB
      Peak Allocated Bytes 0 B
      Overflow Count 0
    [ALLOC_TEMP_ReadCacheIndex] x 3
      Initial Block Size 64.0 KB
      Current Block Size 64.0 KB
      Peak Allocated Bytes 1.0 KB
      Overflow Count 0
    [ALLOC_TEMP_Background Job.worker 9]
      Initial Block Size 32.0 KB
      Current Block Size 32.0 KB
      Peak Allocated Bytes 0 B
      Overflow Count 0
    [ALLOC_TEMP_EnlightenWorker] x 4
      Initial Block Size 64.0 KB
      Current Block Size 64.0 KB
      Peak Allocated Bytes 0 B
      Overflow Count 0
    [ALLOC_TEMP_Job.worker 3]
      Initial Block Size 256.0 KB
      Current Block Size 1.9 MB
      Peak Allocated Bytes 1.9 MB
      Overflow Count 0
    [ALLOC_TEMP_Job.worker 2]
      Initial Block Size 256.0 KB
      Current Block Size 1.2 MB
      Peak Allocated Bytes 1.2 MB
      Overflow Count 1
    [ALLOC_TEMP_Loading.AsyncRead]
      Initial Block Size 64.0 KB
      Current Block Size 64.0 KB
      Peak Allocated Bytes 128 B
      Overflow Count 0
    [ALLOC_TEMP_Background Job.worker 3]
      Initial Block Size 32.0 KB
      Current Block Size 32.0 KB
      Peak Allocated Bytes 65 B
      Overflow Count 0
    [ALLOC_TEMP_Background Job.worker 2]
      Initial Block Size 32.0 KB
      Current Block Size 32.0 KB
      Peak Allocated Bytes 103 B
      Overflow Count 0
    [ALLOC_TEMP_Background Job.worker 8]
      Initial Block Size 32.0 KB
      Current Block Size 32.0 KB
      Peak Allocated Bytes 0 B
      Overflow Count 0
    [ALLOC_TEMP_OSX HID Input]
      Initial Block Size 64.0 KB
      Current Block Size 64.0 KB
      Peak Allocated Bytes 0 B
      Overflow Count 0
    [ALLOC_TEMP_BakingJobs.worker 6]
      Initial Block Size 256.0 KB
      Current Block Size 256.0 KB
      Peak Allocated Bytes 0 B
      Overflow Count 0
    [ALLOC_TEMP_BakingJobs.worker 7]
      Initial Block Size 256.0 KB
      Current Block Size 256.0 KB
      Peak Allocated Bytes 0 B
      Overflow Count 0
    [ALLOC_TEMP_Job.worker 6]
      Initial Block Size 256.0 KB
      Current Block Size 1.9 MB
      Peak Allocated Bytes 1.9 MB
      Overflow Count 0
    [ALLOC_TEMP_Background Job.worker 0]
      Initial Block Size 32.0 KB
      Current Block Size 32.0 KB
      Peak Allocated Bytes 0 B
      Overflow Count 0
    [ALLOC_TEMP_AUDIO_FMOD stream thread]
      Initial Block Size 64.0 KB
      Current Block Size 64.0 KB
      Peak Allocated Bytes 0 B
      Overflow Count 0
    [ALLOC_TEMP_AssetDatabase.FileHasherHasher] x 4
      Initial Block Size 64.0 KB
      Current Block Size 64.0 KB
      Peak Allocated Bytes 130 B
      Overflow Count 0
    [ALLOC_TEMP_BakingJobs.worker 3]
      Initial Block Size 256.0 KB
      Current Block Size 256.0 KB
      Peak Allocated Bytes 0 B
      Overflow Count 0
    [ALLOC_TEMP_Job.worker 1]
      Initial Block Size 256.0 KB
      Current Block Size 1.9 MB
      Peak Allocated Bytes 1.9 MB
      Overflow Count 0
    [ALLOC_TEMP_Background Job.worker 5]
      Initial Block Size 32.0 KB
      Current Block Size 32.0 KB
      Peak Allocated Bytes 0 B
      Overflow Count 0
    [ALLOC_TEMP_BakingJobs.worker 2]
      Initial Block Size 256.0 KB
      Current Block Size 256.0 KB
      Peak Allocated Bytes 0 B
      Overflow Count 0
    [ALLOC_TEMP_Background Job.worker 11]
      Initial Block Size 32.0 KB
      Current Block Size 32.0 KB
      Peak Allocated Bytes 0 B
      Overflow Count 0
    [ALLOC_TEMP_EditorTaskManager]
      Initial Block Size 64.0 KB
      Current Block Size 80.0 KB
      Peak Allocated Bytes 64.0 KB
      Overflow Count 0
    [ALLOC_TEMP_Job.worker 5]
      Initial Block Size 256.0 KB
      Current Block Size 0.7 MB
      Peak Allocated Bytes 0.7 MB
      Overflow Count 1
    [ALLOC_TEMP_HTTP REST Server]
      Initial Block Size 64.0 KB
      Current Block Size 64.0 KB
      Peak Allocated Bytes 140 B
      Overflow Count 0
    [ALLOC_TEMP_AssetGarbageCollectorHelper] x 7
      Initial Block Size 64.0 KB
      Current Block Size 64.0 KB
      Peak Allocated Bytes 0 B
      Overflow Count 0
    [ALLOC_TEMP_AUDIO_Audio Mixer Thread]
      Initial Block Size 64.0 KB
      Current Block Size 64.0 KB
      Peak Allocated Bytes 0 B
      Overflow Count 0
    [ALLOC_TEMP_BakingJobs.worker 5]
      Initial Block Size 256.0 KB
      Current Block Size 256.0 KB
      Peak Allocated Bytes 0 B
      Overflow Count 0
    [ALLOC_TEMP_Job.worker 0]
      Initial Block Size 256.0 KB
      Current Block Size 256.0 KB
      Peak Allocated Bytes 53.5 KB
      Overflow Count 0
[ALLOC_MEMORYPROFILER]
  Peak usage frame count: [128.0 KB-256.0 KB]: 718 frames, [256.0 KB-0.5 MB]: 1 frames
  Requested Block Size 1.0 MB
  Peak Block count 1
  Peak Allocated memory 448.1 KB
  Peak Large allocation bytes 0 B
[ALLOC_DEFAULT] Dual Thread Allocator
  Peak main deferred allocation count 660
    [ALLOC_BUCKET]
      Large Block size 32.0 MB
      Used Block count 1
      Peak Allocated bytes 7.7 MB
    [ALLOC_DEFAULT_MAIN]
      Peak usage frame count: [64.0 MB-128.0 MB]: 719 frames
      Requested Block Size 16.0 MB
      Peak Block count 7
      Peak Allocated memory 94.7 MB
      Peak Large allocation bytes 0 B
    [ALLOC_DEFAULT_THREAD]
      Peak usage frame count: [2.0 MB-4.0 MB]: 718 frames, [32.0 MB-64.0 MB]: 1 frames
      Requested Block Size 16.0 MB
      Peak Block count 1
      Peak Allocated memory 41.7 MB
      Peak Large allocation bytes 27.7 MB
[ALLOC_TEMP_JOB_1_FRAME]
  Initial Block Size 2.0 MB
  Used Block Count 0
  Overflow Count (too large) 0
  Overflow Count (full) 0
[ALLOC_TEMP_JOB_2_FRAMES]
  Initial Block Size 2.0 MB
  Used Block Count 0
  Overflow Count (too large) 0
  Overflow Count (full) 0
[ALLOC_TEMP_JOB_4_FRAMES (JobTemp)]
  Initial Block Size 2.0 MB
  Used Block Count 1
  Overflow Count (too large) 0
  Overflow Count (full) 0
[ALLOC_TEMP_JOB_ASYNC (Background)]
  Initial Block Size 1.0 MB
  Used Block Count 1
  Overflow Count (too large) 3
  Overflow Count (full) 0
[ALLOC_GFX] Dual Thread Allocator
  Peak main deferred allocation count 9
    [ALLOC_BUCKET]
      Large Block size 32.0 MB
      Used Block count 1
      Peak Allocated bytes 7.7 MB
    [ALLOC_GFX_MAIN]
      Peak usage frame count: [8.0 MB-16.0 MB]: 719 frames
      Requested Block Size 16.0 MB
      Peak Block count 2
      Peak Allocated memory 15.7 MB
      Peak Large allocation bytes 0 B
    [ALLOC_GFX_THREAD]
      Peak usage frame count: [0.5 MB-1.0 MB]: 718 frames, [1.0 MB-2.0 MB]: 1 frames
      Requested Block Size 16.0 MB
      Peak Block count 1
      Peak Allocated memory 1.4 MB
      Peak Large allocation bytes 0 B
[ALLOC_CACHEOBJECTS] Dual Thread Allocator
  Peak main deferred allocation count 396
    [ALLOC_BUCKET]
      Large Block size 32.0 MB
      Used Block count 1
      Peak Allocated bytes 7.7 MB
    [ALLOC_CACHEOBJECTS_MAIN]
      Peak usage frame count: [16.0 MB-32.0 MB]: 718 frames, [32.0 MB-64.0 MB]: 1 frames
      Requested Block Size 4.0 MB
      Peak Block count 11
      Peak Allocated memory 32.8 MB
      Peak Large allocation bytes 14.7 MB
    [ALLOC_CACHEOBJECTS_THREAD]
      Peak usage frame count: [0.5 MB-1.0 MB]: 719 frames
      Requested Block Size 4.0 MB
      Peak Block count 1
      Peak Allocated memory 1.0 MB
      Peak Large allocation bytes 0 B
[ALLOC_TYPETREE] Dual Thread Allocator
  Peak main deferred allocation count 524
    [ALLOC_BUCKET]
      Large Block size 32.0 MB
      Used Block count 1
      Peak Allocated bytes 7.7 MB
    [ALLOC_TYPETREE_MAIN]
      Peak usage frame count: [1.0 MB-2.0 MB]: 718 frames, [8.0 MB-16.0 MB]: 1 frames
      Requested Block Size 2.0 MB
      Peak Block count 7
      Peak Allocated memory 11.9 MB
      Peak Large allocation bytes 0 B
    [ALLOC_TYPETREE_THREAD]
      Peak usage frame count: [128.0 KB-256.0 KB]: 719 frames
      Requested Block Size 2.0 MB
      Peak Block count 1
      Peak Allocated memory 259.4 KB
      Peak Large allocation bytes 0 B
[ALLOC_PROFILER]
  Peak usage frame count: [0.5 MB-1.0 MB]: 719 frames
  Requested Block Size 16.0 MB
  Peak Block count 1
  Peak Allocated memory 0.7 MB
  Peak Large allocation bytes 0 B
    [ALLOC_PROFILER_BUCKET]
      Large Block size 32.0 MB
      Used Block count 1
      Peak Allocated bytes 13.3 KB
[ALLOC_PROFILER_EDITOR]
  Peak usage frame count: [0-1.0 KB]: 719 frames
  Requested Block Size 1.0 MB
  Peak Block count 0
  Peak Allocated memory 0 B
  Peak Large allocation bytes 0 B
    [ALLOC_PROFILER_BUCKET]
      Large Block size 32.0 MB
      Used Block count 1
      Peak Allocated bytes 13.3 KB
##utp:{"type":"MemoryLeaks","version":2,"phase":"Immediate","time":1778056417004,"processId":26642,"allocatedMemory":17534397,"memoryLabels":[{"Default":11375},{"Permanent":15536},{"Thread":1083508},{"Manager":29991},{"VertexData":12},{"Geometry":280},{"Texture":168},{"Shader":67451},{"Material":24},{"GfxDevice":39232},{"GfxThread":480},{"Animation":304},{"Audio":3904},{"FontEngine":288},{"Physics":561},{"Serialization":612},{"Input":9024},{"JobScheduler":232},{"Mono":40},{"ScriptingNativeRuntime":7924888},{"BaseObject":1618916},{"Resource":912},{"Renderer":2272},{"Transform":24},{"File":9487},{"WebCam":40},{"Culling":40},{"Terrain":1025},{"Wind":24},{"String":14839},{"DynamicArray":132657},{"HashMap":95519},{"Utility":289286},{"Curl":2047},{"PoolAlloc":1464},{"AI":40},{"TypeTree":4533},{"ScriptManager":528},{"RuntimeInitializeOnLoadManager":72},{"SpriteAtlas":112},{"GI":3656},{"Director":7880},{"CloudService":536},{"WebRequest":816},{"VR":45641},{"SceneManager":616},{"Video":2120},{"LazyScriptCache":32},{"NativeArray":12},{"Camera":25},{"Secure":9817},{"SerializationCache":1576},{"APIUpdating":11856},{"Subsystems":384},{"VirtualTexturing":57512},{"StaticSafetyDebugInfo":327680},{"Baselib":16},{"EditorGui":88},{"EditorUtility":27850},{"VersionControl":4},{"Undo":720},{"AssetDatabase":5626297},{"RestService":1310},{"EditorGi":376},{"License":3616},{"UnityConnect":25512},{"Collab":785},{"Upm":1600},{"DrivenProperties":80},{"LocalIPC":222},{"ProfilerEditor":10967},{"CoreBusinessMetrics":2984},{"AssetReference":32},{"IPCStream":32}]}
