Unity Editor version:    2022.3.0f1 (fb119bb0b476)
Branch:                  2022.3/release
Build type:              Release
Batch mode:              YES
macOS version:           Version 26.3.1 (a) (Build 25D771280a)
Darwin version:          25.3.0
Architecture:            arm64
Running under Rosetta:   NO
Available memory:        8192 MB
[Licensing::Module] Trying to connect to existing licensing client channel...
[Licensing::IpcConnector] Connection attempt to the License Client on channel: "LicenseClient-guribbong" failed because channel doesn't exist; code: "0x80000002"
Launching external process: /Applications/Unity/Hub/Editor/2022.3.0f1/Unity.app/Contents/Frameworks/UnityLicensingClient.app/Contents/MacOS/Unity.Licensing.Client
[Licensing::Module] Successfully launched the LicensingClient (PId: 89889)
[Licensing::IpcConnector] Successfully connected to the License Client on channel: "LicenseClient-guribbong"
[Licensing::Client] Handshaking with LicensingClient:
  Version:                 1.12.1+9338cad
  Session Id:              e6c0eefa92434b00acfbe663e5cef0ba
  Correlation Id:          ab3f2f62650a79866d5cd5beb5188729
  External correlation Id: 8279441735948386014
  Machine Id:              kK/taOzULwH3CoqhnK6anvJ0b88=
[Licensing::Module] Successfully connected to LicensingClient on channel: "LicenseClient-guribbong" (connect: 3.86s, validation: 0.19s, handshake: 0.50s)
[Licensing::IpcConnector] Successfully connected to the License Notification on channel: "LicenseClient-guribbong-notifications"
[Licensing::Module] Connected to LicensingClient (PId: 89889, launch time: 0.00, total connection time: 4.55s)
[Licensing::Module] Error: Access token is unavailable; failed to update
[Licensing::Client] Error: Code 500 while processing request (status: Unable to update licenses. Errors: No ULF license found.,Token not found in cache)
[Licensing::Client] Error: Code 500 while updating license in client (status: Unable to update licenses. Errors: No ULF license found.,Token not found in cache)
[Licensing::Client] Successfully resolved entitlements
[Licensing::Module] Serial number assigned to: "14568638156105-UnityPersXXXX"
Pro License: NO
Launching external process: /Applications/Unity/Hub/Editor/2022.3.0f1/Unity.app/Contents/Resources/PackageManager/Server/UnityPackageManager

COMMAND LINE ARGUMENTS:
/Applications/Unity/Hub/Editor/2022.3.0f1/Unity.app/Contents/MacOS/Unity
-batchmode
-projectPath
unity/EmbodiedDebate
-executeMethod
ArgusUnity.Editor.MiniBotAnimationPreviewBuilder.CapturePreviewVideo
-logFile
tmp/minibot-animation-preview-capture.log
Successfully changed project path to: /Users/guribbong/code/Argus/unity/EmbodiedDebate
/Users/guribbong/code/Argus/unity/EmbodiedDebate
[UnityMemory] Configuration Parameters - Can be set up in boot.config
    "memorysetup-bucket-allocator-granularity=16"
    "memorysetup-bucket-allocator-bucket-count=8"
    "memorysetup-bucket-allocator-block-size=33554432"
    "memorysetup-bucket-allocator-block-count=8"
    "memorysetup-main-allocator-block-size=16777216"
    "memorysetup-thread-allocator-block-size=16777216"
    "memorysetup-gfx-main-allocator-block-size=16777216"
    "memorysetup-gfx-thread-allocator-block-size=16777216"
    "memorysetup-cache-allocator-block-size=4194304"
    "memorysetup-typetree-allocator-block-size=2097152"
    "memorysetup-profiler-bucket-allocator-granularity=16"
    "memorysetup-profiler-bucket-allocator-bucket-count=8"
    "memorysetup-profiler-bucket-allocator-block-size=33554432"
    "memorysetup-profiler-bucket-allocator-block-count=8"
    "memorysetup-profiler-allocator-block-size=16777216"
    "memorysetup-profiler-editor-allocator-block-size=1048576"
    "memorysetup-temp-allocator-size-main=16777216"
    "memorysetup-job-temp-allocator-block-size=2097152"
    "memorysetup-job-temp-allocator-block-size-background=1048576"
    "memorysetup-job-temp-allocator-reduction-small-platforms=262144"
    "memorysetup-allocator-temp-initial-block-size-main=262144"
    "memorysetup-allocator-temp-initial-block-size-worker=262144"
    "memorysetup-temp-allocator-size-background-worker=32768"
    "memorysetup-temp-allocator-size-job-worker=262144"
    "memorysetup-temp-allocator-size-preload-manager=33554432"
    "memorysetup-temp-allocator-size-nav-mesh-worker=65536"
    "memorysetup-temp-allocator-size-audio-worker=65536"
    "memorysetup-temp-allocator-size-cloud-worker=32768"
    "memorysetup-temp-allocator-size-gi-baking-worker=262144"
    "memorysetup-temp-allocator-size-gfx=262144"
Player connection [8649715968] Host "[IP] 192.168.3.1 [Port] 55496 [Flags] 2 [Guid] 1748730068 [EditorId] 1748730068 [Version] 1048832 [Id] OSXEditor(0,topabaem.local) [Debug] 1 [PackageName] OSXEditor [ProjectName] Editor" joined multi-casting on [225.0.0.222:54997]...

Player connection [8649715968] Host "[IP] 192.168.3.1 [Port] 55496 [Flags] 2 [Guid] 1748730068 [EditorId] 1748730068 [Version] 1048832 [Id] OSXEditor(0,topabaem.local) [Debug] 1 [PackageName] OSXEditor [ProjectName] Editor" joined alternative multi-casting on [225.0.0.222:34997]...

[Package Manager] UpmClient::Connect -- Connected to IPC stream "Upm-89886" after 0.8 seconds.
[Licensing::Client] Successfully resolved entitlements
[Package Manager] Restoring resolved packages state from cache
[Licensing::Client] Successfully resolved entitlement details
[Package Manager] Registered 19 packages:
  Packages from [https://packages.unity.com]:
    com.unity.nuget.newtonsoft-json@3.2.1 (location: /Users/guribbong/code/Argus/unity/EmbodiedDebate/Library/PackageCache/com.unity.nuget.newtonsoft-json@3.2.1)
    com.unity.test-framework@1.1.33 (location: /Users/guribbong/code/Argus/unity/EmbodiedDebate/Library/PackageCache/com.unity.test-framework@1.1.33)
    com.unity.ext.nunit@1.0.6 (location: /Users/guribbong/code/Argus/unity/EmbodiedDebate/Library/PackageCache/com.unity.ext.nunit@1.0.6)
    com.unity.mathematics@1.2.6 (location: /Users/guribbong/code/Argus/unity/EmbodiedDebate/Library/PackageCache/com.unity.mathematics@1.2.6)
    com.unity.burst@1.8.4 (location: /Users/guribbong/code/Argus/unity/EmbodiedDebate/Library/PackageCache/com.unity.burst@1.8.4)
    com.unity.searcher@4.9.2 (location: /Users/guribbong/code/Argus/unity/EmbodiedDebate/Library/PackageCache/com.unity.searcher@4.9.2)
  Built-in packages:
    com.unity.modules.animation@1.0.0 (location: /Users/guribbong/code/Argus/unity/EmbodiedDebate/Library/PackageCache/com.unity.modules.animation@1.0.0)
    com.unity.modules.imageconversion@1.0.0 (location: /Users/guribbong/code/Argus/unity/EmbodiedDebate/Library/PackageCache/com.unity.modules.imageconversion@1.0.0)
    com.unity.modules.physics@1.0.0 (location: /Users/guribbong/code/Argus/unity/EmbodiedDebate/Library/PackageCache/com.unity.modules.physics@1.0.0)
    com.unity.modules.unitywebrequest@1.0.0 (location: /Users/guribbong/code/Argus/unity/EmbodiedDebate/Library/PackageCache/com.unity.modules.unitywebrequest@1.0.0)
    com.unity.render-pipelines.universal@14.0.7 (location: /Users/guribbong/code/Argus/unity/EmbodiedDebate/Library/PackageCache/com.unity.render-pipelines.universal@14.0.7)
    com.unity.modules.imgui@1.0.0 (location: /Users/guribbong/code/Argus/unity/EmbodiedDebate/Library/PackageCache/com.unity.modules.imgui@1.0.0)
    com.unity.modules.jsonserialize@1.0.0 (location: /Users/guribbong/code/Argus/unity/EmbodiedDebate/Library/PackageCache/com.unity.modules.jsonserialize@1.0.0)
    com.unity.render-pipelines.core@14.0.7 (location: /Users/guribbong/code/Argus/unity/EmbodiedDebate/Library/PackageCache/com.unity.render-pipelines.core@14.0.7)
    com.unity.shadergraph@14.0.7 (location: /Users/guribbong/code/Argus/unity/EmbodiedDebate/Library/PackageCache/com.unity.shadergraph@14.0.7)
    com.unity.ugui@1.0.0 (location: /Users/guribbong/code/Argus/unity/EmbodiedDebate/Library/PackageCache/com.unity.ugui@1.0.0)
    com.unity.modules.terrain@1.0.0 (location: /Users/guribbong/code/Argus/unity/EmbodiedDebate/Library/PackageCache/com.unity.modules.terrain@1.0.0)
    com.unity.modules.ui@1.0.0 (location: /Users/guribbong/code/Argus/unity/EmbodiedDebate/Library/PackageCache/com.unity.modules.ui@1.0.0)
  Embedded packages:
    com.unity.cloud.gltfast@file:/Users/guribbong/code/Argus/unity/EmbodiedDebate/Packages/com.unity.cloud.gltfast (location: /Users/guribbong/code/Argus/unity/EmbodiedDebate/Packages/com.unity.cloud.gltfast)
[Subsystems] No new subsystems found in resolved package list.
Package Manager log level set to [2]
[Package Manager] Done registering packages in 0.33 seconds
Refreshing native plugins compatible for Editor in 7.69 ms, found 0 plugins.
Preloading 0 native plugins for Editor in 0.00 ms.
Initialize engine version: 2022.3.0f1 (fb119bb0b476)
[Subsystems] Discovering subsystems at path /Applications/Unity/Hub/Editor/2022.3.0f1/Unity.app/Contents/Resources/UnitySubsystems
[Subsystems] Discovering subsystems at path /Users/guribbong/code/Argus/unity/EmbodiedDebate/Assets
GfxDevice: creating device client; threaded=0; jobified=0
 preferred device: Apple M2 (high power)
Metal devices available: 1
0: Apple M2 (high power)
Using device Apple M2 (high power)
Initializing Metal device caps: Apple M2
[Licensing::Client] Successfully resolved entitlements
Initialize mono
Mono path[0] = '/Applications/Unity/Hub/Editor/2022.3.0f1/Unity.app/Contents/Managed'
Mono path[1] = '/Applications/Unity/Hub/Editor/2022.3.0f1/Unity.app/Contents/MonoBleedingEdge/lib/mono/unityjit-macos'
Mono config path = '/Applications/Unity/Hub/Editor/2022.3.0f1/Unity.app/Contents/MonoBleedingEdge/etc'
Using monoOptions --debugger-agent=transport=dt_socket,embedding=1,server=y,suspend=n,address=127.0.0.1:56886
Using cacheserver namespaces - metadata:defaultmetadata, artifacts:defaultartifacts
Using cacheserver namespaces - metadata:defaultmetadata, artifacts:defaultartifacts
ImportWorker Server TCP listen port: 0
Begin MonoManager ReloadAssembly
Registering precompiled unity dll's ...
Register platform support module: /Applications/Unity/Hub/Editor/2022.3.0f1/Unity.app/Contents/PlaybackEngines/MacStandaloneSupport/UnityEditor.OSXStandalone.Extensions.dll
Registered in 0.001688 seconds.
- Loaded All Assemblies, in  0.323 seconds
Native extension for OSXStandalone target not found
Mono: successfully reloaded assembly
- Finished resetting the current domain, in  0.198 seconds
Domain Reload Profiling: 521ms
	BeginReloadAssembly (112ms)
		ExecutionOrderSort (0ms)
		DisableScriptedObjects (0ms)
		BackupInstance (0ms)
		ReleaseScriptingObjects (0ms)
		CreateAndSetChildDomain (2ms)
	RebuildCommonClasses (39ms)
	RebuildNativeTypeToScriptingClass (9ms)
	initialDomainReloadingComplete (40ms)
	LoadAllAssembliesAndSetupDomain (122ms)
		LoadAssemblies (107ms)
		RebuildTransferFunctionScriptingTraits (0ms)
		AnalyzeDomain (118ms)
			TypeCache.Refresh (117ms)
				TypeCache.ScanAssembly (102ms)
			ScanForSourceGeneratedMonoScriptInfo (0ms)
			ResolveRequiredComponents (1ms)
	FinalizeReload (199ms)
		ReleaseScriptCaches (0ms)
		RebuildScriptCaches (0ms)
		SetupLoadedEditorAssemblies (152ms)
			LogAssemblyErrors (0ms)
			InitializePlatformSupportModulesInManaged (5ms)
			SetLoadedEditorAssemblies (5ms)
			RefreshPlugins (0ms)
			BeforeProcessingInitializeOnLoad (1ms)
			ProcessInitializeOnLoadAttributes (107ms)
			ProcessInitializeOnLoadMethodAttributes (32ms)
			AfterProcessingInitializeOnLoad (0ms)
			EditorAssembliesLoaded (0ms)
		ExecutionOrderSort2 (0ms)
		AwakeInstancesAfterBackupRestoration (0ms)
[Licensing::Client] Successfully resolved entitlements
Application.AssetDatabase Initial Refresh Start
[40m[32minfo[39m[22m[49m: Microsoft.Hosting.Lifetime[14]
      Now listening on: http://unix:/tmp/ilpp.sock-8e16111b622e4d5ea6b5ecc926298bfd
[40m[32minfo[39m[22m[49m: Microsoft.Hosting.Lifetime[0]
      Application started. Press Ctrl+C to shut down.
[40m[32minfo[39m[22m[49m: Microsoft.Hosting.Lifetime[0]
      Hosting environment: Production
[40m[32minfo[39m[22m[49m: Microsoft.Hosting.Lifetime[0]
      Content root path: /Users/guribbong/code/Argus/unity/EmbodiedDebate/
[40m[32minfo[39m[22m[49m: Microsoft.AspNetCore.Hosting.Diagnostics[1]
      Request starting HTTP/2 POST http://ilpp/UnityILPP.PostProcessing/Ping application/grpc -
[40m[32minfo[39m[22m[49m: Microsoft.AspNetCore.Routing.EndpointMiddleware[0]
      Executing endpoint 'gRPC - /UnityILPP.PostProcessing/Ping'
[40m[32minfo[39m[22m[49m: Microsoft.AspNetCore.Routing.EndpointMiddleware[1]
      Executed endpoint 'gRPC - /UnityILPP.PostProcessing/Ping'
[40m[32minfo[39m[22m[49m: Microsoft.AspNetCore.Hosting.Diagnostics[2]
      Request finished HTTP/2 POST http://ilpp/UnityILPP.PostProcessing/Ping application/grpc - - 200 - application/grpc 64.0025ms
Starting: /Applications/Unity/Hub/Editor/2022.3.0f1/Unity.app/Contents/bee_backend --dont-print-to-structured-log --ipc --defer-dag-verification --dagfile="Library/Bee/200b0aE.dag" --continue-on-failure --profile="Library/Bee/backend1.traceevents" ScriptAssemblies
WorkingDir: /Users/guribbong/code/Argus/unity/EmbodiedDebate
DisplayProgressbar: Compiling Scripts
[40m[32minfo[39m[22m[49m: Microsoft.AspNetCore.Hosting.Diagnostics[1]
      Request starting HTTP/2 POST http://ilpp/UnityILPP.PostProcessing/ConfigurePostProcessors application/grpc -
[40m[32minfo[39m[22m[49m: Microsoft.AspNetCore.Routing.EndpointMiddleware[0]
      Executing endpoint 'gRPC - /UnityILPP.PostProcessing/ConfigurePostProcessors'
[40m[1m[33mwarn[39m[22m[49m: Unity.ILPP.Runner.PostProcessingAssemblyLoadContext[0]
      Assembly system.runtime.interopservices.windowsruntime has duplicate hint path. Ignoring "/Applications/Unity/Hub/Editor/2022.3.0f1/Unity.app/Contents/UnityReferenceAssemblies/unity-4.8-api/Facades/System.Runtime.InteropServices.WindowsRuntime.dll" in favor of "/Applications/Unity/Hub/Editor/2022.3.0f1/Unity.app/Contents/NetStandard/Extensions/2.0.0/System.Runtime.InteropServices.WindowsRuntime.dll"
[40m[1m[33mwarn[39m[22m[49m: Unity.ILPP.Runner.PostProcessingAssemblyLoadContext[0]
      Assembly system.componentmodel.composition has duplicate hint path. Ignoring "/Applications/Unity/Hub/Editor/2022.3.0f1/Unity.app/Contents/UnityReferenceAssemblies/unity-4.8-api/System.ComponentModel.Composition.dll" in favor of "/Applications/Unity/Hub/Editor/2022.3.0f1/Unity.app/Contents/NetStandard/compat/2.1.0/shims/netfx/System.ComponentModel.Composition.dll"
[40m[32minfo[39m[22m[49m: Unity.ILPP.Runner.PostProcessingAssemblyLoadContext[0]
      Resolved Unity.Burst.Cecil, Version=0.11.4.0, Culture=neutral, PublicKeyToken=50cebf1cceb9d05e with Library/PackageCache/com.unity.burst@1.8.4/Unity.Burst.CodeGen/Unity.Burst.Cecil.dll
[40m[32minfo[39m[22m[49m: Microsoft.AspNetCore.Routing.EndpointMiddleware[1]
      Executed endpoint 'gRPC - /UnityILPP.PostProcessing/ConfigurePostProcessors'
[40m[32minfo[39m[22m[49m: Microsoft.AspNetCore.Hosting.Diagnostics[2]
      Request finished HTTP/2 POST http://ilpp/UnityILPP.PostProcessing/ConfigurePostProcessors application/grpc - - 200 - application/grpc 24.7856ms
ExitCode: 0 Duration: 0s278ms
[295/377    0s] ILPP-Configuration Library/ilpp-configuration.nevergeneratedoutput
*** Tundra build success (0.25 seconds), 1 items updated, 377 evaluated
AssetDatabase: script compilation time: 1.052114s
Total cache size 25932744
Total cache size after purge 25932744
Begin MonoManager ReloadAssembly
Symbol file LoadedFromMemory is not a mono symbol file
- Loaded All Assemblies, in  0.451 seconds
Refreshing native plugins compatible for Editor in 0.61 ms, found 0 plugins.
Preloading 0 native plugins for Editor in 0.00 ms.
Refreshing native plugins compatible for Editor in 0.63 ms, found 0 plugins.
Native extension for OSXStandalone target not found
Mono: successfully reloaded assembly
- Finished resetting the current domain, in  1.813 seconds
Domain Reload Profiling: 2264ms
	BeginReloadAssembly (115ms)
		ExecutionOrderSort (0ms)
		DisableScriptedObjects (3ms)
		BackupInstance (0ms)
		ReleaseScriptingObjects (0ms)
		CreateAndSetChildDomain (39ms)
	RebuildCommonClasses (27ms)
	RebuildNativeTypeToScriptingClass (9ms)
	initialDomainReloadingComplete (19ms)
	LoadAllAssembliesAndSetupDomain (281ms)
		LoadAssemblies (169ms)
		RebuildTransferFunctionScriptingTraits (0ms)
		AnalyzeDomain (157ms)
			TypeCache.Refresh (143ms)
				TypeCache.ScanAssembly (136ms)
			ScanForSourceGeneratedMonoScriptInfo (8ms)
			ResolveRequiredComponents (6ms)
	FinalizeReload (1813ms)
		ReleaseScriptCaches (0ms)
		RebuildScriptCaches (0ms)
		SetupLoadedEditorAssemblies (1678ms)
			LogAssemblyErrors (0ms)
			InitializePlatformSupportModulesInManaged (2ms)
			SetLoadedEditorAssemblies (2ms)
			RefreshPlugins (0ms)
			BeforeProcessingInitializeOnLoad (30ms)
			ProcessInitializeOnLoadAttributes (1558ms)
			ProcessInitializeOnLoadMethodAttributes (85ms)
			AfterProcessingInitializeOnLoad (1ms)
			EditorAssembliesLoaded (0ms)
		ExecutionOrderSort2 (0ms)
		AwakeInstancesAfterBackupRestoration (3ms)
Asset Pipeline Refresh (id=cdca7c226375e40d7a91a5d6eeb1cab4): Total: 4.617 seconds - Initiated by InitialRefreshV2(ForceSynchronousImport)
	Summary:
		Imports: total=560 (actual=0, local cache=560, cache server=0)
		Asset DB Process Time: managed=0 ms, native=1231 ms
		Asset DB Callback time: managed=14 ms, native=0 ms
		Scripting: domain reloads=1, domain reload time=2301 ms, compile time=1052 ms, other=16 ms
		Project Asset Count: scripts=3119, non-scripts=1539
		Asset File Changes: new=0, changed=0, moved=0, deleted=0
		Scan Filter Count: 1
	InvokeBeforeRefreshCallbacks: 0.260ms
	ApplyChangesToAssetFolders: 0.015ms
	Scan: 421.582ms
	OnSourceAssetsModified: 0.001ms
	GetAllGuidsForCategorization: 0.340ms
	CategorizeAssets: 116.945ms
	ImportOutOfDateAssets: 1845.151ms (782.393ms without children)
		CompileScripts: 1052.224ms
		ReloadNativeAssets: 0.255ms
		UnloadImportedAssets: 7.981ms
		EnsureUptoDateAssetsAreRegisteredWithGuidPM: 1.268ms
		InitializingProgressBar: 0.000ms
		OnDemandSchedulerStart: 1.031ms
	PostProcessAllAssets: 14.762ms
	GatherAllCurrentPrimaryArtifactRevisions: 0.000ms
	UnloadStreamsBegin: 2.901ms
	PersistCurrentRevisions: 0.157ms
	UnloadStreamsEnd: 0.010ms
	GenerateScriptTypeHashes: 11.424ms
	Untracked: 2214.765ms
Application.AssetDatabase Initial Refresh End
Launching external process: /Applications/Unity/Hub/Editor/2022.3.0f1/Unity.app/Contents/Tools/UnityShaderCompiler
Launched and connected shader compiler UnityShaderCompiler after 0.28 seconds
Scanning for USB devices : 0.196ms
Initializing Unity extensions:
[Licensing::Client] Successfully resolved entitlements
[MODES] ModeService[none].Initialize
[MODES] ModeService[none].LoadModes
[MODES] Loading mode Default (0) for mode-current-id-EmbodiedDebate
ProgressiveSceneManager::Cancel()
Unloading 6 Unused Serialized files (Serialized files now loaded: 0)
Unloading 59 unused Assets / (0.7 MB). Loaded Objects now: 3134.
Memory consumption went from 134.5 MB to 133.8 MB.
Total: 7.025167 ms (FindLiveObjects: 0.343333 ms CreateObjectMapping: 0.060208 ms MarkObjects: 5.351334 ms  DeleteObjects: 1.269666 ms)

Asset Pipeline Refresh (id=fd7e9ec02e0b3410880429cd49a145f5): Total: 0.209 seconds - Initiated by RefreshV2(NoUpdateAssetOptions)
Refreshing native plugins compatible for Editor in 0.63 ms, found 0 plugins.
Preloading 0 native plugins for Editor in 0.00 ms.
Asset Pipeline Refresh (id=6c8b18ce9badc42cfbb74c79e699b59c): Total: 0.069 seconds - Initiated by StopAssetImportingV2(NoUpdateAssetOptions)
Start importing Assets/Project/Resources/Animations/Controllers/MiniBotAnimationPreview.controller using Guid(6d26ce89747764412abd5eae0124d909) Importer(-1,00000000000000000000000000000000)  -> (artifact id: 'd19860c75f3499a94f73a23facd4844a') in 0.007817 seconds
Refreshing native plugins compatible for Editor in 0.66 ms, found 0 plugins.
Preloading 0 native plugins for Editor in 0.00 ms.
Asset Pipeline Refresh (id=7343bb4369daf44159c714863a1c66dd): Total: 0.066 seconds - Initiated by StopAssetImportingV2(NoUpdateAssetOptions)
MiniBotAnimationPreviewBuilder: preview state state=Preview_Idle, clip=Idle, length=4.00, asset=Assets/Project/Resources/UserModels/Idle.fbx.
UnityEngine.StackTraceUtility:ExtractStackTrace () (at /Users/bokken/build/output/unity/unity/Runtime/Export/Scripting/StackTrace.cs:37)
UnityEngine.DebugLogHandler:LogFormat (UnityEngine.LogType,UnityEngine.Object,string,object[])
UnityEngine.Logger:Log (UnityEngine.LogType,object)
UnityEngine.Debug:Log (object)
ArgusUnity.Editor.MiniBotAnimationPreviewBuilder:EnsurePreviewController () (at Assets/Editor/MiniBotAnimationPreviewBuilder.cs:127)
ArgusUnity.Editor.MiniBotAnimationPreviewBuilder:BuildPreviewScene () (at Assets/Editor/MiniBotAnimationPreviewBuilder.cs:45)
ArgusUnity.Editor.MiniBotAnimationPreviewBuilder:CapturePreviewVideo () (at Assets/Editor/MiniBotAnimationPreviewBuilder.cs:86)

(Filename: Assets/Editor/MiniBotAnimationPreviewBuilder.cs Line: 127)

MiniBotAnimationPreviewBuilder: preview state state=Preview_Walk_InPlace, clip=Walk_InPlace, length=1.03, asset=Assets/Project/Resources/Animations/Locomotion/Walking-2.fbx.
UnityEngine.StackTraceUtility:ExtractStackTrace () (at /Users/bokken/build/output/unity/unity/Runtime/Export/Scripting/StackTrace.cs:37)
UnityEngine.DebugLogHandler:LogFormat (UnityEngine.LogType,UnityEngine.Object,string,object[])
UnityEngine.Logger:Log (UnityEngine.LogType,object)
UnityEngine.Debug:Log (object)
ArgusUnity.Editor.MiniBotAnimationPreviewBuilder:EnsurePreviewController () (at Assets/Editor/MiniBotAnimationPreviewBuilder.cs:127)
ArgusUnity.Editor.MiniBotAnimationPreviewBuilder:BuildPreviewScene () (at Assets/Editor/MiniBotAnimationPreviewBuilder.cs:45)
ArgusUnity.Editor.MiniBotAnimationPreviewBuilder:CapturePreviewVideo () (at Assets/Editor/MiniBotAnimationPreviewBuilder.cs:86)

(Filename: Assets/Editor/MiniBotAnimationPreviewBuilder.cs Line: 127)

MiniBotAnimationPreviewBuilder: preview state state=Preview_SlowRun, clip=SlowRun, length=0.73, asset=Assets/Project/Resources/Animations/Locomotion/Slow Run.fbx.
UnityEngine.StackTraceUtility:ExtractStackTrace () (at /Users/bokken/build/output/unity/unity/Runtime/Export/Scripting/StackTrace.cs:37)
UnityEngine.DebugLogHandler:LogFormat (UnityEngine.LogType,UnityEngine.Object,string,object[])
UnityEngine.Logger:Log (UnityEngine.LogType,object)
UnityEngine.Debug:Log (object)
ArgusUnity.Editor.MiniBotAnimationPreviewBuilder:EnsurePreviewController () (at Assets/Editor/MiniBotAnimationPreviewBuilder.cs:127)
ArgusUnity.Editor.MiniBotAnimationPreviewBuilder:BuildPreviewScene () (at Assets/Editor/MiniBotAnimationPreviewBuilder.cs:45)
ArgusUnity.Editor.MiniBotAnimationPreviewBuilder:CapturePreviewVideo () (at Assets/Editor/MiniBotAnimationPreviewBuilder.cs:86)

(Filename: Assets/Editor/MiniBotAnimationPreviewBuilder.cs Line: 127)

MiniBotAnimationPreviewBuilder: preview state state=Preview_Run, clip=Run, length=1.63, asset=Assets/Project/Resources/Animations/Locomotion/Running.fbx.
UnityEngine.StackTraceUtility:ExtractStackTrace () (at /Users/bokken/build/output/unity/unity/Runtime/Export/Scripting/StackTrace.cs:37)
UnityEngine.DebugLogHandler:LogFormat (UnityEngine.LogType,UnityEngine.Object,string,object[])
UnityEngine.Logger:Log (UnityEngine.LogType,object)
UnityEngine.Debug:Log (object)
ArgusUnity.Editor.MiniBotAnimationPreviewBuilder:EnsurePreviewController () (at Assets/Editor/MiniBotAnimationPreviewBuilder.cs:127)
ArgusUnity.Editor.MiniBotAnimationPreviewBuilder:BuildPreviewScene () (at Assets/Editor/MiniBotAnimationPreviewBuilder.cs:45)
ArgusUnity.Editor.MiniBotAnimationPreviewBuilder:CapturePreviewVideo () (at Assets/Editor/MiniBotAnimationPreviewBuilder.cs:86)

(Filename: Assets/Editor/MiniBotAnimationPreviewBuilder.cs Line: 127)

MiniBotAnimationPreviewBuilder: preview state state=Preview_RunToTurn, clip=RunToTurn, length=2.27, asset=Assets/Project/Resources/Animations/Locomotion/Running To Turn.fbx.
UnityEngine.StackTraceUtility:ExtractStackTrace () (at /Users/bokken/build/output/unity/unity/Runtime/Export/Scripting/StackTrace.cs:37)
UnityEngine.DebugLogHandler:LogFormat (UnityEngine.LogType,UnityEngine.Object,string,object[])
UnityEngine.Logger:Log (UnityEngine.LogType,object)
UnityEngine.Debug:Log (object)
ArgusUnity.Editor.MiniBotAnimationPreviewBuilder:EnsurePreviewController () (at Assets/Editor/MiniBotAnimationPreviewBuilder.cs:127)
ArgusUnity.Editor.MiniBotAnimationPreviewBuilder:BuildPreviewScene () (at Assets/Editor/MiniBotAnimationPreviewBuilder.cs:45)
ArgusUnity.Editor.MiniBotAnimationPreviewBuilder:CapturePreviewVideo () (at Assets/Editor/MiniBotAnimationPreviewBuilder.cs:86)

(Filename: Assets/Editor/MiniBotAnimationPreviewBuilder.cs Line: 127)

MiniBotAnimationPreviewBuilder: preview state state=Preview_TurnLeft_Happy, clip=TurnLeft_Happy, length=0.73, asset=Assets/Project/Resources/Animations/FBXTurns/Happy Right Turn-2.fbx.
UnityEngine.StackTraceUtility:ExtractStackTrace () (at /Users/bokken/build/output/unity/unity/Runtime/Export/Scripting/StackTrace.cs:37)
UnityEngine.DebugLogHandler:LogFormat (UnityEngine.LogType,UnityEngine.Object,string,object[])
UnityEngine.Logger:Log (UnityEngine.LogType,object)
UnityEngine.Debug:Log (object)
ArgusUnity.Editor.MiniBotAnimationPreviewBuilder:EnsurePreviewController () (at Assets/Editor/MiniBotAnimationPreviewBuilder.cs:127)
ArgusUnity.Editor.MiniBotAnimationPreviewBuilder:BuildPreviewScene () (at Assets/Editor/MiniBotAnimationPreviewBuilder.cs:45)
ArgusUnity.Editor.MiniBotAnimationPreviewBuilder:CapturePreviewVideo () (at Assets/Editor/MiniBotAnimationPreviewBuilder.cs:86)

(Filename: Assets/Editor/MiniBotAnimationPreviewBuilder.cs Line: 127)

MiniBotAnimationPreviewBuilder: preview state state=Preview_TurnRight_Happy, clip=TurnRight_Happy, length=0.73, asset=Assets/Project/Resources/Animations/FBXTurns/Happy Right Turn.fbx.
UnityEngine.StackTraceUtility:ExtractStackTrace () (at /Users/bokken/build/output/unity/unity/Runtime/Export/Scripting/StackTrace.cs:37)
UnityEngine.DebugLogHandler:LogFormat (UnityEngine.LogType,UnityEngine.Object,string,object[])
UnityEngine.Logger:Log (UnityEngine.LogType,object)
UnityEngine.Debug:Log (object)
ArgusUnity.Editor.MiniBotAnimationPreviewBuilder:EnsurePreviewController () (at Assets/Editor/MiniBotAnimationPreviewBuilder.cs:127)
ArgusUnity.Editor.MiniBotAnimationPreviewBuilder:BuildPreviewScene () (at Assets/Editor/MiniBotAnimationPreviewBuilder.cs:45)
ArgusUnity.Editor.MiniBotAnimationPreviewBuilder:CapturePreviewVideo () (at Assets/Editor/MiniBotAnimationPreviewBuilder.cs:86)

(Filename: Assets/Editor/MiniBotAnimationPreviewBuilder.cs Line: 127)

MiniBotAnimationPreviewBuilder: preview state state=Preview_TurnLeft_Briefcase, clip=TurnLeft_Briefcase, length=2.20, asset=Assets/Project/Resources/Animations/FBXTurns/Left Turn W_Briefcase.fbx.
UnityEngine.StackTraceUtility:ExtractStackTrace () (at /Users/bokken/build/output/unity/unity/Runtime/Export/Scripting/StackTrace.cs:37)
UnityEngine.DebugLogHandler:LogFormat (UnityEngine.LogType,UnityEngine.Object,string,object[])
UnityEngine.Logger:Log (UnityEngine.LogType,object)
UnityEngine.Debug:Log (object)
ArgusUnity.Editor.MiniBotAnimationPreviewBuilder:EnsurePreviewController () (at Assets/Editor/MiniBotAnimationPreviewBuilder.cs:127)
ArgusUnity.Editor.MiniBotAnimationPreviewBuilder:BuildPreviewScene () (at Assets/Editor/MiniBotAnimationPreviewBuilder.cs:45)
ArgusUnity.Editor.MiniBotAnimationPreviewBuilder:CapturePreviewVideo () (at Assets/Editor/MiniBotAnimationPreviewBuilder.cs:86)

(Filename: Assets/Editor/MiniBotAnimationPreviewBuilder.cs Line: 127)

MiniBotAnimationPreviewBuilder: preview state state=Preview_TurnLeft_Briefcase_Alt, clip=TurnLeft_Briefcase_Alt, length=2.20, asset=Assets/Project/Resources/Animations/FBXTurns/Left Turn W_Briefcase-2.fbx.
UnityEngine.StackTraceUtility:ExtractStackTrace () (at /Users/bokken/build/output/unity/unity/Runtime/Export/Scripting/StackTrace.cs:37)
UnityEngine.DebugLogHandler:LogFormat (UnityEngine.LogType,UnityEngine.Object,string,object[])
UnityEngine.Logger:Log (UnityEngine.LogType,object)
UnityEngine.Debug:Log (object)
ArgusUnity.Editor.MiniBotAnimationPreviewBuilder:EnsurePreviewController () (at Assets/Editor/MiniBotAnimationPreviewBuilder.cs:127)
ArgusUnity.Editor.MiniBotAnimationPreviewBuilder:BuildPreviewScene () (at Assets/Editor/MiniBotAnimationPreviewBuilder.cs:45)
ArgusUnity.Editor.MiniBotAnimationPreviewBuilder:CapturePreviewVideo () (at Assets/Editor/MiniBotAnimationPreviewBuilder.cs:86)

(Filename: Assets/Editor/MiniBotAnimationPreviewBuilder.cs Line: 127)

MiniBotAnimationPreviewBuilder: preview state state=Preview_TurnRight_Briefcase, clip=TurnRight_Briefcase, length=2.20, asset=Assets/Project/Resources/Animations/FBXTurns/Right Turn W_Briefcase_Mirrored.fbx.
UnityEngine.StackTraceUtility:ExtractStackTrace () (at /Users/bokken/build/output/unity/unity/Runtime/Export/Scripting/StackTrace.cs:37)
UnityEngine.DebugLogHandler:LogFormat (UnityEngine.LogType,UnityEngine.Object,string,object[])
UnityEngine.Logger:Log (UnityEngine.LogType,object)
UnityEngine.Debug:Log (object)
ArgusUnity.Editor.MiniBotAnimationPreviewBuilder:EnsurePreviewController () (at Assets/Editor/MiniBotAnimationPreviewBuilder.cs:127)
ArgusUnity.Editor.MiniBotAnimationPreviewBuilder:BuildPreviewScene () (at Assets/Editor/MiniBotAnimationPreviewBuilder.cs:45)
ArgusUnity.Editor.MiniBotAnimationPreviewBuilder:CapturePreviewVideo () (at Assets/Editor/MiniBotAnimationPreviewBuilder.cs:86)

(Filename: Assets/Editor/MiniBotAnimationPreviewBuilder.cs Line: 127)

MiniBotAnimationPreviewBuilder: preview state state=Preview_Thinking, clip=Thinking, length=4.23, asset=Assets/Project/Resources/Animations/Actions/Thinking.fbx.
UnityEngine.StackTraceUtility:ExtractStackTrace () (at /Users/bokken/build/output/unity/unity/Runtime/Export/Scripting/StackTrace.cs:37)
UnityEngine.DebugLogHandler:LogFormat (UnityEngine.LogType,UnityEngine.Object,string,object[])
UnityEngine.Logger:Log (UnityEngine.LogType,object)
UnityEngine.Debug:Log (object)
ArgusUnity.Editor.MiniBotAnimationPreviewBuilder:EnsurePreviewController () (at Assets/Editor/MiniBotAnimationPreviewBuilder.cs:127)
ArgusUnity.Editor.MiniBotAnimationPreviewBuilder:BuildPreviewScene () (at Assets/Editor/MiniBotAnimationPreviewBuilder.cs:45)
ArgusUnity.Editor.MiniBotAnimationPreviewBuilder:CapturePreviewVideo () (at Assets/Editor/MiniBotAnimationPreviewBuilder.cs:86)

(Filename: Assets/Editor/MiniBotAnimationPreviewBuilder.cs Line: 127)

MiniBotAnimationPreviewBuilder: preview state state=Preview_Angry, clip=Angry, length=19.17, asset=Assets/Project/Resources/Animations/Actions/Angry.fbx.
UnityEngine.StackTraceUtility:ExtractStackTrace () (at /Users/bokken/build/output/unity/unity/Runtime/Export/Scripting/StackTrace.cs:37)
UnityEngine.DebugLogHandler:LogFormat (UnityEngine.LogType,UnityEngine.Object,string,object[])
UnityEngine.Logger:Log (UnityEngine.LogType,object)
UnityEngine.Debug:Log (object)
ArgusUnity.Editor.MiniBotAnimationPreviewBuilder:EnsurePreviewController () (at Assets/Editor/MiniBotAnimationPreviewBuilder.cs:127)
ArgusUnity.Editor.MiniBotAnimationPreviewBuilder:BuildPreviewScene () (at Assets/Editor/MiniBotAnimationPreviewBuilder.cs:45)
ArgusUnity.Editor.MiniBotAnimationPreviewBuilder:CapturePreviewVideo () (at Assets/Editor/MiniBotAnimationPreviewBuilder.cs:86)

(Filename: Assets/Editor/MiniBotAnimationPreviewBuilder.cs Line: 127)

MiniBotAnimationPreviewBuilder: preview state state=Preview_LayingPose, clip=LayingPose, length=0.03, asset=Assets/Project/Resources/Animations/Actions/Male Laying Pose.fbx.
UnityEngine.StackTraceUtility:ExtractStackTrace () (at /Users/bokken/build/output/unity/unity/Runtime/Export/Scripting/StackTrace.cs:37)
UnityEngine.DebugLogHandler:LogFormat (UnityEngine.LogType,UnityEngine.Object,string,object[])
UnityEngine.Logger:Log (UnityEngine.LogType,object)
UnityEngine.Debug:Log (object)
ArgusUnity.Editor.MiniBotAnimationPreviewBuilder:EnsurePreviewController () (at Assets/Editor/MiniBotAnimationPreviewBuilder.cs:127)
ArgusUnity.Editor.MiniBotAnimationPreviewBuilder:BuildPreviewScene () (at Assets/Editor/MiniBotAnimationPreviewBuilder.cs:45)
ArgusUnity.Editor.MiniBotAnimationPreviewBuilder:CapturePreviewVideo () (at Assets/Editor/MiniBotAnimationPreviewBuilder.cs:86)

(Filename: Assets/Editor/MiniBotAnimationPreviewBuilder.cs Line: 127)

MiniBotAnimationPreviewBuilder: preview state state=Preview_StandingTorch, clip=StandingTorch, length=4.00, asset=Assets/Project/Resources/Animations/Actions/Standing Torch Light Torch.fbx.
UnityEngine.StackTraceUtility:ExtractStackTrace () (at /Users/bokken/build/output/unity/unity/Runtime/Export/Scripting/StackTrace.cs:37)
UnityEngine.DebugLogHandler:LogFormat (UnityEngine.LogType,UnityEngine.Object,string,object[])
UnityEngine.Logger:Log (UnityEngine.LogType,object)
UnityEngine.Debug:Log (object)
ArgusUnity.Editor.MiniBotAnimationPreviewBuilder:EnsurePreviewController () (at Assets/Editor/MiniBotAnimationPreviewBuilder.cs:127)
ArgusUnity.Editor.MiniBotAnimationPreviewBuilder:BuildPreviewScene () (at Assets/Editor/MiniBotAnimationPreviewBuilder.cs:45)
ArgusUnity.Editor.MiniBotAnimationPreviewBuilder:CapturePreviewVideo () (at Assets/Editor/MiniBotAnimationPreviewBuilder.cs:86)

(Filename: Assets/Editor/MiniBotAnimationPreviewBuilder.cs Line: 127)

Start importing Assets/Project/Resources/Animations/Controllers/MiniBotAnimationPreview.controller using Guid(6d26ce89747764412abd5eae0124d909) Importer(-1,00000000000000000000000000000000)  -> (artifact id: '08c599ee6b41db0c98a07d222c09d684') in 0.001191 seconds
Refreshing native plugins compatible for Editor in 0.62 ms, found 0 plugins.
Preloading 0 native plugins for Editor in 0.00 ms.
Asset Pipeline Refresh (id=89a1dbd04000c45ef808d7a18c5cf4e7): Total: 0.031 seconds - Initiated by StopAssetImportingV2(NoUpdateAssetOptions)
Unloading 1 Unused Serialized files (Serialized files now loaded: 0)
Unloading 887 unused Assets / (136.9 KB). Loaded Objects now: 3134.
Memory consumption went from 157.0 MB to 156.9 MB.
Total: 4.211666 ms (FindLiveObjects: 0.141125 ms CreateObjectMapping: 0.069667 ms MarkObjects: 3.603833 ms  DeleteObjects: 0.396708 ms)

Start importing Assets/Project/Materials/PreviewAxisright.mat using Guid(30834e62570374c4cb4cdfa920b2e72d) Importer(-1,00000000000000000000000000000000)  -> (artifact id: '25def5289283dfeb29efa65fc57ddc2e') in 0.002202 seconds
Start importing Assets/Project/Materials/AnimationPreviewFloor.mat using Guid(b36600f42e05144f5a9caab3fc885c2c) Importer(-1,00000000000000000000000000000000)  -> (artifact id: '7e49cbd2fafa200d6e74e1aceec6a7a6') in 0.000887 seconds
Start importing Assets/Project/Materials/AnimationPreviewWall.mat using Guid(37c9287e8ee56418d9de11b91caed0ca) Importer(-1,00000000000000000000000000000000)  -> (artifact id: '5f44e718d06bd209b6ac1905cf54b474') in 0.000707 seconds
Start importing Assets/Project/Materials/PreviewAxisforward.mat using Guid(dca738b364bf342f2aabe3c8ed1276f1) Importer(-1,00000000000000000000000000000000)  -> (artifact id: '7af94f02e9c9f1ef088131aa7cee2922') in 0.000659 seconds
Refreshing native plugins compatible for Editor in 0.56 ms, found 0 plugins.
Preloading 0 native plugins for Editor in 0.00 ms.
Asset Pipeline Refresh (id=a4dcf9776a1aa4725b9c890abcf71a83): Total: 0.043 seconds - Initiated by StopAssetImportingV2(NoUpdateAssetOptions)
Start importing Assets/Project/Scenes/MiniBotAnimationPreview.unity using Guid(bf46c9d25abbd427fa9ca19899b3ba9b) Importer(-1,00000000000000000000000000000000)  -> (artifact id: '09841ac2573c4cfbbef81d3876d7a625') in 0.000875 seconds
Refreshing native plugins compatible for Editor in 0.51 ms, found 0 plugins.
Preloading 0 native plugins for Editor in 0.00 ms.
Asset Pipeline Refresh (id=c18ad6f0051c24d5f8a9ffdcf19b9ba5): Total: 0.028 seconds - Initiated by StopAssetImportingV2(NoUpdateAssetOptions)
MiniBotAnimationPreviewBuilder: saved Assets/Project/Scenes/MiniBotAnimationPreview.unity
UnityEngine.StackTraceUtility:ExtractStackTrace () (at /Users/bokken/build/output/unity/unity/Runtime/Export/Scripting/StackTrace.cs:37)
UnityEngine.DebugLogHandler:LogFormat (UnityEngine.LogType,UnityEngine.Object,string,object[])
UnityEngine.Logger:Log (UnityEngine.LogType,object)
UnityEngine.Debug:Log (object)
ArgusUnity.Editor.MiniBotAnimationPreviewBuilder:BuildPreviewScene () (at Assets/Editor/MiniBotAnimationPreviewBuilder.cs:81)
ArgusUnity.Editor.MiniBotAnimationPreviewBuilder:CapturePreviewVideo () (at Assets/Editor/MiniBotAnimationPreviewBuilder.cs:86)

(Filename: Assets/Editor/MiniBotAnimationPreviewBuilder.cs Line: 81)

Opening scene 'Assets/Project/Scenes/MiniBotAnimationPreview.unity'
Unloading 5 Unused Serialized files (Serialized files now loaded: 0)
Loaded scene 'Assets/Project/Scenes/MiniBotAnimationPreview.unity'
	Deserialize:            1.321 ms
	Integration:            322.188 ms
	Integration of assets:  0.002 ms
	Thread Wait Time:       0.005 ms
	Total Operation Time:   323.516 ms
Unloading 28 unused Assets / (9.2 KB). Loaded Objects now: 3350.
Memory consumption went from 154.1 MB to 154.1 MB.
Total: 15.646834 ms (FindLiveObjects: 3.173000 ms CreateObjectMapping: 0.138583 ms MarkObjects: 11.422084 ms  DeleteObjects: 0.912667 ms)

[Project] Loading completed in 16.794 seconds
	Project init time: 				7.934 seconds
		Template init time: 		0.000 seconds
		Package Manager init time: 		0.790 seconds
		Asset Database init time: 		0.704 seconds
		Global illumination init time: 	0.006 seconds
		Assemblies load time: 			0.527 seconds
		Unity extensions init time: 	0.003 seconds
		Asset Database refresh time: 	0.209 seconds
	Scene opening time: 			3.603 seconds
##utp:{"type":"ProjectInfo","version":2,"phase":"Immediate","time":1778087513072,"processId":89886,"projectLoad":16.794346292000005,"projectInit":7.933607084,"templateInit":0.0,"packageManagerInit":0.790262458,"assetDatabaseInit":0.704361625,"globalIlluminationInit":0.005699958,"assembliesLoad":0.52686675,"unityExtensionsInit":0.003194833,"assetDatabaseRefresh":0.208971917,"sceneOpening":3.60251075}
##utp:{"type":"EditorInfo","version":2,"phase":"Immediate","time":1778087513072,"processId":89886,"editorVersion":"2022.3.0f1 (fb119bb0b476)","branch":"2022.3/release","buildType":"Release","platform":"OSX"}
Subscribe to USB device events
Scanning for USB devices : 0.163ms
Thread 0x323887000 may have been prematurely finalized
Reloading assemblies for play mode.
Reloading assemblies after forced synchronous recompile.
Begin MonoManager ReloadAssembly
Symbol file LoadedFromMemory is not a mono symbol file
- Loaded All Assemblies, in  0.419 seconds
Refreshing native plugins compatible for Editor in 0.47 ms, found 0 plugins.
Native extension for OSXStandalone target not found
Mono: successfully reloaded assembly
- Finished resetting the current domain, in  0.378 seconds
Domain Reload Profiling: 802ms
	BeginReloadAssembly (331ms)
		ExecutionOrderSort (0ms)
		DisableScriptedObjects (3ms)
		BackupInstance (0ms)
		ReleaseScriptingObjects (0ms)
		CreateAndSetChildDomain (238ms)
	RebuildCommonClasses (27ms)
	RebuildNativeTypeToScriptingClass (9ms)
	initialDomainReloadingComplete (18ms)
	LoadAllAssembliesAndSetupDomain (39ms)
		LoadAssemblies (93ms)
		RebuildTransferFunctionScriptingTraits (0ms)
		AnalyzeDomain (8ms)
			TypeCache.Refresh (1ms)
				TypeCache.ScanAssembly (0ms)
			ScanForSourceGeneratedMonoScriptInfo (0ms)
			ResolveRequiredComponents (7ms)
	FinalizeReload (378ms)
		ReleaseScriptCaches (0ms)
		RebuildScriptCaches (0ms)
		SetupLoadedEditorAssemblies (238ms)
			LogAssemblyErrors (0ms)
			InitializePlatformSupportModulesInManaged (3ms)
			SetLoadedEditorAssemblies (5ms)
			RefreshPlugins (0ms)
			BeforeProcessingInitializeOnLoad (35ms)
			ProcessInitializeOnLoadAttributes (139ms)
			ProcessInitializeOnLoadMethodAttributes (55ms)
			AfterProcessingInitializeOnLoad (1ms)
			EditorAssembliesLoaded (0ms)
		ExecutionOrderSort2 (0ms)
		AwakeInstancesAfterBackupRestoration (5ms)
Asset Pipeline Refresh (id=df3bab0e5941245e29cc38d07afd5020): Total: 0.942 seconds - Initiated by StopAssetImportingV2(ForceSynchronousImport | ForceDomainReload)
	Summary:
		Imports: total=0 (actual=0, local cache=0, cache server=0)
		Asset DB Process Time: managed=0 ms, native=109 ms
		Asset DB Callback time: managed=8 ms, native=1 ms
		Scripting: domain reloads=1, domain reload time=821 ms, compile time=0 ms, other=0 ms
		Project Asset Count: scripts=3119, non-scripts=1539
		Asset File Changes: new=0, changed=0, moved=0, deleted=0
		Scan Filter Count: 0
	InvokeBeforeRefreshCallbacks: 1.864ms
	ApplyChangesToAssetFolders: 0.060ms
	Scan: 0.001ms
	OnSourceAssetsModified: 0.002ms
	GetAllGuidsForCategorization: 0.313ms
	CategorizeAssets: 36.426ms
	ImportOutOfDateAssets: 392.996ms (389.867ms without children)
		CompileScripts: 0.029ms
		CollectScriptTypesHashes: 0.651ms
		ReloadNativeAssets: 0.211ms
		UnloadImportedAssets: 0.256ms
		EnsureUptoDateAssetsAreRegisteredWithGuidPM: 0.947ms
		InitializingProgressBar: 0.000ms
		PostProcessAllAssetNotificationsAddChangedAssets: 0.000ms
		OnDemandSchedulerStart: 1.035ms
	PostProcessAllAssets: 8.561ms
	GatherAllCurrentPrimaryArtifactRevisions: 0.577ms
	UnloadStreamsBegin: 0.198ms
	PersistCurrentRevisions: 0.142ms
	UnloadStreamsEnd: 0.009ms
	GenerateScriptTypeHashes: 2.182ms
	Untracked: 500.501ms
ArgusVideo: capturing 2160 frames at 30 FPS to /Users/guribbong/code/Argus/tmp/minibot_animation_preview_frames
UnityEngine.StackTraceUtility:ExtractStackTrace () (at /Users/bokken/build/output/unity/unity/Runtime/Export/Scripting/StackTrace.cs:37)
UnityEngine.DebugLogHandler:LogFormat (UnityEngine.LogType,UnityEngine.Object,string,object[])
UnityEngine.Logger:Log (UnityEngine.LogType,object)
UnityEngine.Debug:Log (object)
ArgusUnity.Runtime.SmokeVideoCapture:Awake () (at Assets/Project/Scripts/Runtime/SmokeVideoCapture.cs:44)

(Filename: Assets/Project/Scripts/Runtime/SmokeVideoCapture.cs Line: 44)

Loaded scene 'Temp/__Backupscenes/0.backup'
	Deserialize:            1.594 ms
	Integration:            196.465 ms
	Integration of assets:  0.001 ms
	Thread Wait Time:       0.006 ms
	Total Operation Time:   198.066 ms
MiniBotAnimationPreview: locomotion segment label=Production BlendTree / Idle, speed=0.00, turn=0.00.
UnityEngine.StackTraceUtility:ExtractStackTrace () (at /Users/bokken/build/output/unity/unity/Runtime/Export/Scripting/StackTrace.cs:37)
UnityEngine.DebugLogHandler:LogFormat (UnityEngine.LogType,UnityEngine.Object,string,object[])
UnityEngine.Logger:Log (UnityEngine.LogType,object)
UnityEngine.Debug:Log (object)
ArgusUnity.Runtime.MiniBotAnimationPreviewDriver:UpdateLocomotionPreview (single) (at Assets/Project/Scripts/Runtime/MiniBotAnimationPreviewDriver.cs:119)
ArgusUnity.Runtime.MiniBotAnimationPreviewDriver:Update () (at Assets/Project/Scripts/Runtime/MiniBotAnimationPreviewDriver.cs:99)

(Filename: Assets/Project/Scripts/Runtime/MiniBotAnimationPreviewDriver.cs Line: 119)

[MODES] ModeService[none].Initialize
[MODES] ModeService[none].LoadModes
[MODES] Loading mode Default (0) for mode-current-id-EmbodiedDebate
Created GICache directory at /Users/guribbong/Library/Caches/com.unity3d.UnityEditor/GiCache. Took: 0.003s, timestamps: [18.451 - 18.454]
Setting up 4 worker threads for Enlighten.
MiniBotAnimationPreview: locomotion segment label=Production BlendTree / Walk_InPlace, speed=1.00, turn=0.00.
UnityEngine.StackTraceUtility:ExtractStackTrace () (at /Users/bokken/build/output/unity/unity/Runtime/Export/Scripting/StackTrace.cs:37)
UnityEngine.DebugLogHandler:LogFormat (UnityEngine.LogType,UnityEngine.Object,string,object[])
UnityEngine.Logger:Log (UnityEngine.LogType,object)
UnityEngine.Debug:Log (object)
ArgusUnity.Runtime.MiniBotAnimationPreviewDriver:UpdateLocomotionPreview (single) (at Assets/Project/Scripts/Runtime/MiniBotAnimationPreviewDriver.cs:119)
ArgusUnity.Runtime.MiniBotAnimationPreviewDriver:Update () (at Assets/Project/Scripts/Runtime/MiniBotAnimationPreviewDriver.cs:99)

(Filename: Assets/Project/Scripts/Runtime/MiniBotAnimationPreviewDriver.cs Line: 119)

MiniBotAnimationPreview: locomotion segment label=Production BlendTree / TurnLeft_Briefcase, speed=1.00, turn=-1.00.
UnityEngine.StackTraceUtility:ExtractStackTrace () (at /Users/bokken/build/output/unity/unity/Runtime/Export/Scripting/StackTrace.cs:37)
UnityEngine.DebugLogHandler:LogFormat (UnityEngine.LogType,UnityEngine.Object,string,object[])
UnityEngine.Logger:Log (UnityEngine.LogType,object)
UnityEngine.Debug:Log (object)
ArgusUnity.Runtime.MiniBotAnimationPreviewDriver:UpdateLocomotionPreview (single) (at Assets/Project/Scripts/Runtime/MiniBotAnimationPreviewDriver.cs:119)
ArgusUnity.Runtime.MiniBotAnimationPreviewDriver:Update () (at Assets/Project/Scripts/Runtime/MiniBotAnimationPreviewDriver.cs:99)

(Filename: Assets/Project/Scripts/Runtime/MiniBotAnimationPreviewDriver.cs Line: 119)

MiniBotAnimationPreview: locomotion segment label=Production BlendTree / TurnRight_Briefcase, speed=1.00, turn=1.00.
UnityEngine.StackTraceUtility:ExtractStackTrace () (at /Users/bokken/build/output/unity/unity/Runtime/Export/Scripting/StackTrace.cs:37)
UnityEngine.DebugLogHandler:LogFormat (UnityEngine.LogType,UnityEngine.Object,string,object[])
UnityEngine.Logger:Log (UnityEngine.LogType,object)
UnityEngine.Debug:Log (object)
ArgusUnity.Runtime.MiniBotAnimationPreviewDriver:UpdateLocomotionPreview (single) (at Assets/Project/Scripts/Runtime/MiniBotAnimationPreviewDriver.cs:119)
ArgusUnity.Runtime.MiniBotAnimationPreviewDriver:Update () (at Assets/Project/Scripts/Runtime/MiniBotAnimationPreviewDriver.cs:99)

(Filename: Assets/Project/Scripts/Runtime/MiniBotAnimationPreviewDriver.cs Line: 119)

MiniBotAnimationPreview: locomotion segment label=Production BlendTree / Walk recovery, speed=1.00, turn=0.00.
UnityEngine.StackTraceUtility:ExtractStackTrace () (at /Users/bokken/build/output/unity/unity/Runtime/Export/Scripting/StackTrace.cs:37)
UnityEngine.DebugLogHandler:LogFormat (UnityEngine.LogType,UnityEngine.Object,string,object[])
UnityEngine.Logger:Log (UnityEngine.LogType,object)
UnityEngine.Debug:Log (object)
ArgusUnity.Runtime.MiniBotAnimationPreviewDriver:UpdateLocomotionPreview (single) (at Assets/Project/Scripts/Runtime/MiniBotAnimationPreviewDriver.cs:119)
ArgusUnity.Runtime.MiniBotAnimationPreviewDriver:Update () (at Assets/Project/Scripts/Runtime/MiniBotAnimationPreviewDriver.cs:99)

(Filename: Assets/Project/Scripts/Runtime/MiniBotAnimationPreviewDriver.cs Line: 119)

MiniBotAnimationPreview: locomotion segment label=Production BlendTree / Idle recovery, speed=0.00, turn=0.00.
UnityEngine.StackTraceUtility:ExtractStackTrace () (at /Users/bokken/build/output/unity/unity/Runtime/Export/Scripting/StackTrace.cs:37)
UnityEngine.DebugLogHandler:LogFormat (UnityEngine.LogType,UnityEngine.Object,string,object[])
UnityEngine.Logger:Log (UnityEngine.LogType,object)
UnityEngine.Debug:Log (object)
ArgusUnity.Runtime.MiniBotAnimationPreviewDriver:UpdateLocomotionPreview (single) (at Assets/Project/Scripts/Runtime/MiniBotAnimationPreviewDriver.cs:119)
ArgusUnity.Runtime.MiniBotAnimationPreviewDriver:Update () (at Assets/Project/Scripts/Runtime/MiniBotAnimationPreviewDriver.cs:99)

(Filename: Assets/Project/Scripts/Runtime/MiniBotAnimationPreviewDriver.cs Line: 119)

MiniBotAnimationPreview: clip segment label=Idle.fbx / Idle, state=Preview_Idle.
UnityEngine.StackTraceUtility:ExtractStackTrace () (at /Users/bokken/build/output/unity/unity/Runtime/Export/Scripting/StackTrace.cs:37)
UnityEngine.DebugLogHandler:LogFormat (UnityEngine.LogType,UnityEngine.Object,string,object[])
UnityEngine.Logger:Log (UnityEngine.LogType,object)
UnityEngine.Debug:Log (object)
ArgusUnity.Runtime.MiniBotAnimationPreviewDriver:UpdateClipPreview (single) (at Assets/Project/Scripts/Runtime/MiniBotAnimationPreviewDriver.cs:168)
ArgusUnity.Runtime.MiniBotAnimationPreviewDriver:Update () (at Assets/Project/Scripts/Runtime/MiniBotAnimationPreviewDriver.cs:103)

(Filename: Assets/Project/Scripts/Runtime/MiniBotAnimationPreviewDriver.cs Line: 168)

MiniBotAnimationPreview: clip segment label=Walking-2.fbx / Walk_InPlace, state=Preview_Walk_InPlace.
UnityEngine.StackTraceUtility:ExtractStackTrace () (at /Users/bokken/build/output/unity/unity/Runtime/Export/Scripting/StackTrace.cs:37)
UnityEngine.DebugLogHandler:LogFormat (UnityEngine.LogType,UnityEngine.Object,string,object[])
UnityEngine.Logger:Log (UnityEngine.LogType,object)
UnityEngine.Debug:Log (object)
ArgusUnity.Runtime.MiniBotAnimationPreviewDriver:UpdateClipPreview (single) (at Assets/Project/Scripts/Runtime/MiniBotAnimationPreviewDriver.cs:168)
ArgusUnity.Runtime.MiniBotAnimationPreviewDriver:Update () (at Assets/Project/Scripts/Runtime/MiniBotAnimationPreviewDriver.cs:103)

(Filename: Assets/Project/Scripts/Runtime/MiniBotAnimationPreviewDriver.cs Line: 168)

MiniBotAnimationPreview: clip segment label=QUARANTINED - Slow Run.fbx / SlowRun - sways left/right, state=Preview_SlowRun.
UnityEngine.StackTraceUtility:ExtractStackTrace () (at /Users/bokken/build/output/unity/unity/Runtime/Export/Scripting/StackTrace.cs:37)
UnityEngine.DebugLogHandler:LogFormat (UnityEngine.LogType,UnityEngine.Object,string,object[])
UnityEngine.Logger:Log (UnityEngine.LogType,object)
UnityEngine.Debug:Log (object)
ArgusUnity.Runtime.MiniBotAnimationPreviewDriver:UpdateClipPreview (single) (at Assets/Project/Scripts/Runtime/MiniBotAnimationPreviewDriver.cs:168)
ArgusUnity.Runtime.MiniBotAnimationPreviewDriver:Update () (at Assets/Project/Scripts/Runtime/MiniBotAnimationPreviewDriver.cs:103)

(Filename: Assets/Project/Scripts/Runtime/MiniBotAnimationPreviewDriver.cs Line: 168)

MiniBotAnimationPreview: clip segment label=QUARANTINED - Running.fbx / Run - full-circle/in-air, state=Preview_Run.
UnityEngine.StackTraceUtility:ExtractStackTrace () (at /Users/bokken/build/output/unity/unity/Runtime/Export/Scripting/StackTrace.cs:37)
UnityEngine.DebugLogHandler:LogFormat (UnityEngine.LogType,UnityEngine.Object,string,object[])
UnityEngine.Logger:Log (UnityEngine.LogType,object)
UnityEngine.Debug:Log (object)
ArgusUnity.Runtime.MiniBotAnimationPreviewDriver:UpdateClipPreview (single) (at Assets/Project/Scripts/Runtime/MiniBotAnimationPreviewDriver.cs:168)
ArgusUnity.Runtime.MiniBotAnimationPreviewDriver:Update () (at Assets/Project/Scripts/Runtime/MiniBotAnimationPreviewDriver.cs:103)

(Filename: Assets/Project/Scripts/Runtime/MiniBotAnimationPreviewDriver.cs Line: 168)

MiniBotAnimationPreview: clip segment label=QUARANTINED - Running To Turn.fbx / RunToTurn - candidate only, state=Preview_RunToTurn.
UnityEngine.StackTraceUtility:ExtractStackTrace () (at /Users/bokken/build/output/unity/unity/Runtime/Export/Scripting/StackTrace.cs:37)
UnityEngine.DebugLogHandler:LogFormat (UnityEngine.LogType,UnityEngine.Object,string,object[])
UnityEngine.Logger:Log (UnityEngine.LogType,object)
UnityEngine.Debug:Log (object)
ArgusUnity.Runtime.MiniBotAnimationPreviewDriver:UpdateClipPreview (single) (at Assets/Project/Scripts/Runtime/MiniBotAnimationPreviewDriver.cs:168)
ArgusUnity.Runtime.MiniBotAnimationPreviewDriver:Update () (at Assets/Project/Scripts/Runtime/MiniBotAnimationPreviewDriver.cs:103)

(Filename: Assets/Project/Scripts/Runtime/MiniBotAnimationPreviewDriver.cs Line: 168)

MiniBotAnimationPreview: clip segment label=QUARANTINED - Happy Right Turn-2.fbx / TurnLeft_Happy - rotates in air, state=Preview_TurnLeft_Happy.
UnityEngine.StackTraceUtility:ExtractStackTrace () (at /Users/bokken/build/output/unity/unity/Runtime/Export/Scripting/StackTrace.cs:37)
UnityEngine.DebugLogHandler:LogFormat (UnityEngine.LogType,UnityEngine.Object,string,object[])
UnityEngine.Logger:Log (UnityEngine.LogType,object)
UnityEngine.Debug:Log (object)
ArgusUnity.Runtime.MiniBotAnimationPreviewDriver:UpdateClipPreview (single) (at Assets/Project/Scripts/Runtime/MiniBotAnimationPreviewDriver.cs:168)
ArgusUnity.Runtime.MiniBotAnimationPreviewDriver:Update () (at Assets/Project/Scripts/Runtime/MiniBotAnimationPreviewDriver.cs:103)

(Filename: Assets/Project/Scripts/Runtime/MiniBotAnimationPreviewDriver.cs Line: 168)

MiniBotAnimationPreview: clip segment label=QUARANTINED - Happy Right Turn.fbx / TurnRight_Happy - in-place/no turn, state=Preview_TurnRight_Happy.
UnityEngine.StackTraceUtility:ExtractStackTrace () (at /Users/bokken/build/output/unity/unity/Runtime/Export/Scripting/StackTrace.cs:37)
UnityEngine.DebugLogHandler:LogFormat (UnityEngine.LogType,UnityEngine.Object,string,object[])
UnityEngine.Logger:Log (UnityEngine.LogType,object)
UnityEngine.Debug:Log (object)
ArgusUnity.Runtime.MiniBotAnimationPreviewDriver:UpdateClipPreview (single) (at Assets/Project/Scripts/Runtime/MiniBotAnimationPreviewDriver.cs:168)
ArgusUnity.Runtime.MiniBotAnimationPreviewDriver:Update () (at Assets/Project/Scripts/Runtime/MiniBotAnimationPreviewDriver.cs:103)

(Filename: Assets/Project/Scripts/Runtime/MiniBotAnimationPreviewDriver.cs Line: 168)

MiniBotAnimationPreview: clip segment label=Left Turn W_Briefcase.fbx / TurnLeft_Briefcase, state=Preview_TurnLeft_Briefcase.
UnityEngine.StackTraceUtility:ExtractStackTrace () (at /Users/bokken/build/output/unity/unity/Runtime/Export/Scripting/StackTrace.cs:37)
UnityEngine.DebugLogHandler:LogFormat (UnityEngine.LogType,UnityEngine.Object,string,object[])
UnityEngine.Logger:Log (UnityEngine.LogType,object)
UnityEngine.Debug:Log (object)
ArgusUnity.Runtime.MiniBotAnimationPreviewDriver:UpdateClipPreview (single) (at Assets/Project/Scripts/Runtime/MiniBotAnimationPreviewDriver.cs:168)
ArgusUnity.Runtime.MiniBotAnimationPreviewDriver:Update () (at Assets/Project/Scripts/Runtime/MiniBotAnimationPreviewDriver.cs:103)

(Filename: Assets/Project/Scripts/Runtime/MiniBotAnimationPreviewDriver.cs Line: 168)

MiniBotAnimationPreview: clip segment label=Left Turn W_Briefcase-2.fbx / TurnLeft_Briefcase_Alt, state=Preview_TurnLeft_Briefcase_Alt.
UnityEngine.StackTraceUtility:ExtractStackTrace () (at /Users/bokken/build/output/unity/unity/Runtime/Export/Scripting/StackTrace.cs:37)
UnityEngine.DebugLogHandler:LogFormat (UnityEngine.LogType,UnityEngine.Object,string,object[])
UnityEngine.Logger:Log (UnityEngine.LogType,object)
UnityEngine.Debug:Log (object)
ArgusUnity.Runtime.MiniBotAnimationPreviewDriver:UpdateClipPreview (single) (at Assets/Project/Scripts/Runtime/MiniBotAnimationPreviewDriver.cs:168)
ArgusUnity.Runtime.MiniBotAnimationPreviewDriver:Update () (at Assets/Project/Scripts/Runtime/MiniBotAnimationPreviewDriver.cs:103)

(Filename: Assets/Project/Scripts/Runtime/MiniBotAnimationPreviewDriver.cs Line: 168)

MiniBotAnimationPreview: clip segment label=Right Turn W_Briefcase_Mirrored.fbx / TurnRight_Briefcase, state=Preview_TurnRight_Briefcase.
UnityEngine.StackTraceUtility:ExtractStackTrace () (at /Users/bokken/build/output/unity/unity/Runtime/Export/Scripting/StackTrace.cs:37)
UnityEngine.DebugLogHandler:LogFormat (UnityEngine.LogType,UnityEngine.Object,string,object[])
UnityEngine.Logger:Log (UnityEngine.LogType,object)
UnityEngine.Debug:Log (object)
ArgusUnity.Runtime.MiniBotAnimationPreviewDriver:UpdateClipPreview (single) (at Assets/Project/Scripts/Runtime/MiniBotAnimationPreviewDriver.cs:168)
ArgusUnity.Runtime.MiniBotAnimationPreviewDriver:Update () (at Assets/Project/Scripts/Runtime/MiniBotAnimationPreviewDriver.cs:103)

(Filename: Assets/Project/Scripts/Runtime/MiniBotAnimationPreviewDriver.cs Line: 168)

MiniBotAnimationPreview: clip segment label=Thinking.fbx / Thinking, state=Preview_Thinking.
UnityEngine.StackTraceUtility:ExtractStackTrace () (at /Users/bokken/build/output/unity/unity/Runtime/Export/Scripting/StackTrace.cs:37)
UnityEngine.DebugLogHandler:LogFormat (UnityEngine.LogType,UnityEngine.Object,string,object[])
UnityEngine.Logger:Log (UnityEngine.LogType,object)
UnityEngine.Debug:Log (object)
ArgusUnity.Runtime.MiniBotAnimationPreviewDriver:UpdateClipPreview (single) (at Assets/Project/Scripts/Runtime/MiniBotAnimationPreviewDriver.cs:168)
ArgusUnity.Runtime.MiniBotAnimationPreviewDriver:Update () (at Assets/Project/Scripts/Runtime/MiniBotAnimationPreviewDriver.cs:103)

(Filename: Assets/Project/Scripts/Runtime/MiniBotAnimationPreviewDriver.cs Line: 168)

MiniBotAnimationPreview: clip segment label=Angry.fbx / Angry, state=Preview_Angry.
UnityEngine.StackTraceUtility:ExtractStackTrace () (at /Users/bokken/build/output/unity/unity/Runtime/Export/Scripting/StackTrace.cs:37)
UnityEngine.DebugLogHandler:LogFormat (UnityEngine.LogType,UnityEngine.Object,string,object[])
UnityEngine.Logger:Log (UnityEngine.LogType,object)
UnityEngine.Debug:Log (object)
ArgusUnity.Runtime.MiniBotAnimationPreviewDriver:UpdateClipPreview (single) (at Assets/Project/Scripts/Runtime/MiniBotAnimationPreviewDriver.cs:168)
ArgusUnity.Runtime.MiniBotAnimationPreviewDriver:Update () (at Assets/Project/Scripts/Runtime/MiniBotAnimationPreviewDriver.cs:103)

(Filename: Assets/Project/Scripts/Runtime/MiniBotAnimationPreviewDriver.cs Line: 168)

MiniBotAnimationPreview: clip segment label=Male Laying Pose.fbx / LayingPose, state=Preview_LayingPose.
UnityEngine.StackTraceUtility:ExtractStackTrace () (at /Users/bokken/build/output/unity/unity/Runtime/Export/Scripting/StackTrace.cs:37)
UnityEngine.DebugLogHandler:LogFormat (UnityEngine.LogType,UnityEngine.Object,string,object[])
UnityEngine.Logger:Log (UnityEngine.LogType,object)
UnityEngine.Debug:Log (object)
ArgusUnity.Runtime.MiniBotAnimationPreviewDriver:UpdateClipPreview (single) (at Assets/Project/Scripts/Runtime/MiniBotAnimationPreviewDriver.cs:168)
ArgusUnity.Runtime.MiniBotAnimationPreviewDriver:Update () (at Assets/Project/Scripts/Runtime/MiniBotAnimationPreviewDriver.cs:103)

(Filename: Assets/Project/Scripts/Runtime/MiniBotAnimationPreviewDriver.cs Line: 168)

MiniBotAnimationPreview: clip segment label=Standing Torch Light Torch.fbx / StandingTorch, state=Preview_StandingTorch.
UnityEngine.StackTraceUtility:ExtractStackTrace () (at /Users/bokken/build/output/unity/unity/Runtime/Export/Scripting/StackTrace.cs:37)
UnityEngine.DebugLogHandler:LogFormat (UnityEngine.LogType,UnityEngine.Object,string,object[])
UnityEngine.Logger:Log (UnityEngine.LogType,object)
UnityEngine.Debug:Log (object)
ArgusUnity.Runtime.MiniBotAnimationPreviewDriver:UpdateClipPreview (single) (at Assets/Project/Scripts/Runtime/MiniBotAnimationPreviewDriver.cs:168)
ArgusUnity.Runtime.MiniBotAnimationPreviewDriver:Update () (at Assets/Project/Scripts/Runtime/MiniBotAnimationPreviewDriver.cs:103)

(Filename: Assets/Project/Scripts/Runtime/MiniBotAnimationPreviewDriver.cs Line: 168)

ArgusVideo: wrote 2160 frames to /Users/guribbong/code/Argus/tmp/minibot_animation_preview_frames
UnityEngine.StackTraceUtility:ExtractStackTrace () (at /Users/bokken/build/output/unity/unity/Runtime/Export/Scripting/StackTrace.cs:37)
UnityEngine.DebugLogHandler:LogFormat (UnityEngine.LogType,UnityEngine.Object,string,object[])
UnityEngine.Logger:Log (UnityEngine.LogType,object)
UnityEngine.Debug:Log (object)
ArgusUnity.Runtime.SmokeVideoCapture:LateUpdate () (at Assets/Project/Scripts/Runtime/SmokeVideoCapture.cs:68)

(Filename: Assets/Project/Scripts/Runtime/SmokeVideoCapture.cs Line: 68)

Thread 0x31a1c7000 may have been prematurely finalized
Unloading 2 Unused Serialized files (Serialized files now loaded: 0)
Loaded scene 'Temp/__Backupscenes/0.backup'
	Deserialize:            7.813 ms
	Integration:            1993.278 ms
	Integration of assets:  0.004 ms
	Thread Wait Time:       0.003 ms
	Total Operation Time:   2001.098 ms
Unloading 39 unused Assets / (4.7 KB). Loaded Objects now: 3361.
Memory consumption went from 159.6 MB to 159.5 MB.
Total: 19.069209 ms (FindLiveObjects: 0.371834 ms CreateObjectMapping: 0.051709 ms MarkObjects: 17.334417 ms  DeleteObjects: 1.310542 ms)

[Licensing::Client] Successfully resolved entitlements
[UnityConnectServicesConfig] config is NOT valid, switching to default
gi::BakeBackendSwitch: switching bake backend from 3 to 2.
[00:00:02] Builtin Sky manager started.
Request timed out while processing request "https://public-cdn.cloud.unity3d.com/config/production", HTTP error code 0
.[UnityConnect] Request timed out.
Thread 0x376847000 may have been prematurely finalized
[Licensing::IpcConnector] License Notification channel disconnected successfully.
[Licensing::IpcConnector] License Client channel disconnected successfully.
Thread 0x17e5d3000 may have been prematurely finalized
Cleanup mono
[40m[32minfo[39m[22m[49m: Microsoft.Hosting.Lifetime[0]
      Application is shutting down...
[40m[32minfo[39m[22m[49m: Unity.ILPP.Runner.PostProcessingAssemblyLoadContext[0]
      ALC ILPP context 1 is unloading
debugger-agent: Unable to listen on 48
[Performance] Application.InitializeProject                                                                                                        :        1 samples, Peak.  7.93 s (1.0x), Avg.  7.93 s, Total. 7.933 s (9.3%)
[Performance] Application.PackageManager.StartServer                                                                                               :        1 samples, Peak.  4.42 ms (1.0x), Avg.  4.42 ms, Total. 4.417 ms (0.0%)
[Performance] Application.AcquireProjectLock                                                                                                       :        1 samples, Peak.  2.17 ms (1.0x), Avg.  2.17 ms, Total. 2.169 ms (0.0%)
[Performance] Application.InitializeEngineNoGraphics                                                                                               :        1 samples, Peak.  78.0 ms (1.0x), Avg.  78.0 ms, Total. 78.00 ms (0.1%)
[Performance] Application.PackageManager.Initialize                                                                                                :        1 samples, Peak.   790 ms (1.0x), Avg.   790 ms, Total. 790.3 ms (0.9%)
[Performance] Connecting to Package Manager                                                                                                        :       80 samples, Peak.   121 us (54.8x), Avg.  2.20 us, Total. 176.2 us (0.0%)
[Performance] Application.EngineGraphics.Initialize                                                                                                :        1 samples, Peak.   125 ms (1.0x), Avg.   125 ms, Total. 124.7 ms (0.1%)
[Performance] Application.GI.Initialize                                                                                                            :        1 samples, Peak.  5.85 ms (1.0x), Avg.  5.85 ms, Total. 5.847 ms (0.0%)
[Performance] Application.LoadAllDefaultResourcesFromEditor                                                                                        :        1 samples, Peak.  1.69 ms (1.0x), Avg.  1.69 ms, Total. 1.688 ms (0.0%)
[Performance] Application.LoadMonoAssemblies                                                                                                       :        1 samples, Peak.   527 ms (1.0x), Avg.   527 ms, Total. 526.9 ms (0.6%)
[Performance] RestoreManagedReferences                                                                                                             :        3 samples, Peak.  41.1 ms (1.6x), Avg.  25.7 ms, Total. 77.04 ms (0.1%)
[Performance] InitializeOnLoad ProjectSearch                                                                                                       :        3 samples, Peak.   210 us (1.1x), Avg.   194 us, Total. 580.6 us (0.0%)
[Performance] InitializeOnLoad AssetStoreContext                                                                                                   :        3 samples, Peak.  18.5 ms (1.2x), Avg.  15.9 ms, Total. 47.81 ms (0.1%)
[Performance] InitializeOnLoad SearchService                                                                                                       :        3 samples, Peak.  89.9 us (1.2x), Avg.  75.5 us, Total. 226.5 us (0.0%)
[Performance] InitializeOnLoad ObjectSelectorSearch                                                                                                :        3 samples, Peak.   224 us (1.3x), Avg.   175 us, Total. 526.0 us (0.0%)
[Performance] InitializeOnLoad NativeFormatImporterUtility                                                                                         :        3 samples, Peak.  1.69 ms (1.2x), Avg.  1.37 ms, Total. 4.114 ms (0.0%)
[Performance] InitializeOnLoad ManagedDebuggerWindow                                                                                               :        3 samples, Peak.   476 us (1.8x), Avg.   271 us, Total. 813.1 us (0.0%)
[Performance] InitializeOnLoad PrefabInstanceChangedListener                                                                                       :        3 samples, Peak.   415 us (1.0x), Avg.   396 us, Total. 1.189 ms (0.0%)
[Performance] InitializeOnLoad ManagedDebugger                                                                                                     :        3 samples, Peak.  1.67 us (2.1x), Avg.   792 ns, Total. 2.375 us (0.0%)
[Performance] InitializeOnLoad CloudBuild                                                                                                          :        3 samples, Peak.  3.92 us (1.5x), Avg.  2.54 us, Total. 7.626 us (0.0%)
[Performance] InitializeOnLoad Collab                                                                                                              :        3 samples, Peak.  8.34 ms (1.7x), Avg.  4.99 ms, Total. 14.97 ms (0.0%)
[Performance] InitializeOnLoad ShortcutIntegration                                                                                                 :        3 samples, Peak.  45.0 us (1.0x), Avg.  43.2 us, Total. 129.7 us (0.0%)
[Performance] InitializeOnLoad MixerEffectDefinitionReloader                                                                                       :        3 samples, Peak.  2.16 ms (1.4x), Avg.  1.59 ms, Total. 4.761 ms (0.0%)
[Performance] InitializeOnLoad DrivenRectTransformUndo                                                                                             :        3 samples, Peak.   180 us (1.1x), Avg.   164 us, Total. 492.5 us (0.0%)
[Performance] InitializeOnLoad WindowLayout                                                                                                        :        3 samples, Peak.   372 us (1.1x), Avg.   326 us, Total. 978.2 us (0.0%)
[Performance] InitializeOnLoad SettingsService                                                                                                     :        3 samples, Peak.  8.62 us (1.5x), Avg.  5.78 us, Total. 17.33 us (0.0%)
[Performance] InitializeOnLoad CacheServerWindow                                                                                                   :        3 samples, Peak.  9.21 us (1.5x), Avg.  6.33 us, Total. 19.00 us (0.0%)
[Performance] InitializeOnLoad MenuItems                                                                                                           :        3 samples, Peak.  57.4 us (1.1x), Avg.  51.6 us, Total. 154.9 us (0.0%)
[Performance] InitializeOnLoad CheckNavigationPackage                                                                                              :        3 samples, Peak.   309 us (1.3x), Avg.   235 us, Total. 705.8 us (0.0%)
[Performance] InitializeOnLoad UISystemProfilerRenderService                                                                                       :        3 samples, Peak.  7.50 us (1.1x), Avg.  6.67 us, Total. 20.00 us (0.0%)
[Performance] InitializeOnLoad EditMode                                                                                                            :        3 samples, Peak.   456 us (1.6x), Avg.   289 us, Total. 867.5 us (0.0%)
[Performance] InitializeOnLoad UnityConnect                                                                                                        :        3 samples, Peak.  36.9 us (1.2x), Avg.  30.4 us, Total. 91.13 us (0.0%)
[Performance] InitializeOnLoad AddComponentWindow                                                                                                  :        3 samples, Peak.  75.8 us (1.1x), Avg.  71.6 us, Total. 214.8 us (0.0%)
[Performance] InitializeOnLoad PlayModeDownload                                                                                                    :        3 samples, Peak.  3.05 ms (2.7x), Avg.  1.13 ms, Total. 3.387 ms (0.0%)
[Performance] InitializeOnLoad SceneSearch                                                                                                         :        3 samples, Peak.  65.4 us (1.4x), Avg.  46.9 us, Total. 140.6 us (0.0%)
[Performance] InitializeOnLoad EditorDelegateRegistration                                                                                          :        3 samples, Peak.   579 us (1.2x), Avg.   487 us, Total. 1.460 ms (0.0%)
[Performance] InitializeOnLoad UxmlObjectEditorFactories                                                                                           :        3 samples, Peak.   390 us (1.2x), Avg.   323 us, Total. 970.1 us (0.0%)
[Performance] InitializeOnLoad RetainedMode                                                                                                        :        3 samples, Peak.  1.79 ms (1.1x), Avg.  1.61 ms, Total. 4.831 ms (0.0%)
[Performance] InitializeOnLoad EditorShaderLoader                                                                                                  :        3 samples, Peak.   605 us (1.4x), Avg.   446 us, Total. 1.339 ms (0.0%)
[Performance] InitializeOnLoad UIDocumentHierarchyWatcher                                                                                          :        3 samples, Peak.  54.4 us (1.2x), Avg.  45.0 us, Total. 135.0 us (0.0%)
[Performance] InitializeOnLoad EditorMonitor                                                                                                       :        3 samples, Peak.  97.7 us (1.1x), Avg.  90.1 us, Total. 270.3 us (0.0%)
[Performance] InitializeOnLoad LiveReloadTrackerCreator                                                                                            :        3 samples, Peak.   145 us (1.3x), Avg.   113 us, Total. 340.1 us (0.0%)
[Performance] InitializeOnLoad UXMLEditorFactories                                                                                                 :        3 samples, Peak.  42.3 ms (1.1x), Avg.  38.1 ms, Total. 114.4 ms (0.1%)
[Performance] InitializeOnLoad ServicesRepository                                                                                                  :        3 samples, Peak.   562 us (1.1x), Avg.   514 us, Total. 1.543 ms (0.0%)
[Performance] InitializeOnLoad UDPService                                                                                                          :        3 samples, Peak.  2.32 ms (1.1x), Avg.  2.11 ms, Total. 6.317 ms (0.0%)
[Performance] InitializeOnLoad EditorGameServicesAnalytics                                                                                         :        3 samples, Peak.  1.15 ms (1.8x), Avg.   635 us, Total. 1.905 ms (0.0%)
[Performance] InitializeOnLoad CloudBuildPoller                                                                                                    :        3 samples, Peak.   106 us (1.3x), Avg.  78.7 us, Total. 236.2 us (0.0%)
[Performance] InitializeOnLoad BuildService                                                                                                        :        3 samples, Peak.  1.78 ms (1.1x), Avg.  1.56 ms, Total. 4.667 ms (0.0%)
[Performance] InitializeOnLoad CollabService                                                                                                       :        3 samples, Peak.  1.52 ms (1.1x), Avg.  1.43 ms, Total. 4.287 ms (0.0%)
[Performance] InitializeOnLoad PurchasingService                                                                                                   :        3 samples, Peak.  5.79 ms (1.0x), Avg.  5.76 ms, Total. 17.27 ms (0.0%)
[Performance] InitializeOnLoad CrashService                                                                                                        :        3 samples, Peak.  2.43 ms (1.4x), Avg.  1.70 ms, Total. 5.089 ms (0.0%)
[Performance] InitializeOnLoad AdsService                                                                                                          :        3 samples, Peak.  1.93 ms (1.1x), Avg.  1.81 ms, Total. 5.443 ms (0.0%)
[Performance] InitializeOnLoad AnalyticsService                                                                                                    :        3 samples, Peak.  1.50 ms (1.1x), Avg.  1.39 ms, Total. 4.184 ms (0.0%)
[Performance] InitializeOnLoad SearchWindow                                                                                                        :        3 samples, Peak.   102 us (1.2x), Avg.  88.8 us, Total. 266.3 us (0.0%)
[Performance] InitializeOnLoad SearchMonitor                                                                                                       :        3 samples, Peak.  7.28 ms (2.0x), Avg.  3.68 ms, Total. 11.05 ms (0.0%)
[Performance] InitializeOnLoad ParameterControllerEditor                                                                                           :        3 samples, Peak.   191 us (2.6x), Avg.  73.7 us, Total. 221.0 us (0.0%)
[Performance] InitializeOnLoad LayerSettingsWindow                                                                                                 :        3 samples, Peak.  22.0 us (2.0x), Avg.  10.8 us, Total. 32.46 us (0.0%)
[Performance] InitializeOnLoad PackageManagerHookGUIDConverter.RegisterPackagesEventHandler                                                        :        3 samples, Peak.   539 us (2.1x), Avg.   262 us, Total. 785.9 us (0.0%)
[Performance] InitializeOnLoad EditorDragAndDrop.RegisterEditorClient                                                                              :        3 samples, Peak.   262 us (1.3x), Avg.   208 us, Total. 622.6 us (0.0%)
[Performance] InitializeOnLoad EditorEventCallbacks.InitializeFontAssetResourceChangeCallBacks                                                     :        3 samples, Peak.   891 us (1.1x), Avg.   831 us, Total. 2.494 ms (0.0%)
[Performance] InitializeOnLoad SceneTemplateService.Init                                                                                           :        3 samples, Peak.  1.02 ms (1.1x), Avg.   897 us, Total. 2.690 ms (0.0%)
[Performance] InitializeOnLoad DiagnosticSwitchesConsoleMessage.Init                                                                               :        3 samples, Peak.  3.87 ms (1.7x), Avg.  2.28 ms, Total. 6.829 ms (0.0%)
[Performance] InitializeOnLoad ScopedRegistryAddedPopup.SubscribeToRegistriesAdded                                                                 :        3 samples, Peak.  19.5 ms (1.9x), Avg.  10.4 ms, Total. 31.26 ms (0.0%)
[Performance] InitializeOnLoad PackageManagerWindow.EditorInitializedInSafeMode                                                                    :        3 samples, Peak.   124 us (1.2x), Avg.   103 us, Total. 308.8 us (0.0%)
[Performance] InitializeOnLoad MemoryProfilerCompilationGuard.InjectCompileGuard                                                                   :        3 samples, Peak.  94.3 us (1.6x), Avg.  60.6 us, Total. 181.8 us (0.0%)
[Performance] InitializeOnLoad SceneVisibilityManager.Initialize                                                                                   :        3 samples, Peak.  4.03 ms (2.3x), Avg.  1.72 ms, Total. 5.152 ms (0.0%)
[Performance] InitializeOnLoad AssetPostprocessingInternal.RefreshCustomDependencies                                                               :        3 samples, Peak.  6.15 ms (1.5x), Avg.  4.05 ms, Total. 12.16 ms (0.0%)
[Performance] InitializeOnLoad ToolShortcutContext.Init                                                                                            :        3 samples, Peak.   126 us (1.2x), Avg.   101 us, Total. 304.3 us (0.0%)
[Performance] InitializeOnLoad SysrootManager.Initialize                                                                                           :        3 samples, Peak.   360 us (1.1x), Avg.   319 us, Total. 956.8 us (0.0%)
[Performance] InitializeOnLoad EditorWindow.Initialize                                                                                             :        3 samples, Peak.   127 us (1.1x), Avg.   116 us, Total. 347.0 us (0.0%)
[Performance] AssemblyReloadEvents.afterAssemblyReload: UnityEditor.SceneTemplate.SceneTemplateService.AfterAssemblyReload                         :        3 samples, Peak.  3.07 ms (1.5x), Avg.  2.05 ms, Total. 6.165 ms (0.0%)
[Performance] ProcessService.EditorAfterLoadAllAssemblies                                                                                          :        3 samples, Peak.   540 us (1.3x), Avg.   417 us, Total. 1.250 ms (0.0%)
[Performance] Application.ReadLicenseInfo                                                                                                          :        1 samples, Peak.  28.6 ms (1.0x), Avg.  28.6 ms, Total. 28.61 ms (0.0%)
[Performance] Application.InitialRefresh                                                                                                           :        1 samples, Peak.  4.62 s (1.0x), Avg.  4.62 s, Total. 4.618 s (5.4%)
[Performance] Compiling Scripts                                                                                                                    :        1 samples, Peak.  1.05 s (1.0x), Avg.  1.05 s, Total. 1.052 s (1.2%)
[Performance] AssemblyReloadEvents.beforeAssemblyReload: UnityEditor.SceneTemplate.SceneTemplateService.BeforeAssemblyReload                       :        2 samples, Peak.   649 us (1.3x), Avg.   488 us, Total. 976.8 us (0.0%)
[Performance] InitializeOnLoad BurstLoader                                                                                                         :        2 samples, Peak.  1.42 s (2.0x), Avg.   713 ms, Total. 1.426 s (1.7%)
[Performance] InitializeOnLoad ShadowCasterGroup2DManager                                                                                          :        2 samples, Peak.   166 us (1.6x), Avg.   107 us, Total. 213.7 us (0.0%)
[Performance] InitializeOnLoad RealtimeProbeSubdivisionDebug                                                                                       :        2 samples, Peak.   234 us (1.2x), Avg.   193 us, Total. 386.3 us (0.0%)
[Performance] InitializeOnLoad ProbeGIBaking                                                                                                       :        2 samples, Peak.  6.83 ms (1.6x), Avg.  4.14 ms, Total. 8.279 ms (0.0%)
[Performance] InitializeOnLoad FilterWindow                                                                                                        :        2 samples, Peak.  31.4 us (1.2x), Avg.  27.0 us, Total. 54.08 us (0.0%)
[Performance] InitializeOnLoad NodeClassCache                                                                                                      :        2 samples, Peak.  34.0 us (1.8x), Avg.  19.2 us, Total. 38.33 us (0.0%)
[Performance] InitializeOnLoad ShaderGraphMaterialsUpdater                                                                                         :        4 samples, Peak.   445 us (1.8x), Avg.   249 us, Total. 994.5 us (0.0%)
[Performance] InitializeOnLoad PrefabLayoutRebuilder                                                                                               :        2 samples, Peak.   223 us (1.2x), Avg.   185 us, Total. 369.3 us (0.0%)
[Performance] InitializeOnLoad BackgroundWatcher                                                                                                   :        2 samples, Peak.   201 us (1.5x), Avg.   134 us, Total. 268.3 us (0.0%)
[Performance] InitializeOnLoad UnityTestProtocolStarter                                                                                            :        2 samples, Peak.   321 us (1.3x), Avg.   245 us, Total. 490.3 us (0.0%)
[Performance] InitializeOnLoad TestStarter                                                                                                         :        2 samples, Peak.   480 us (1.1x), Avg.   428 us, Total. 855.7 us (0.0%)
[Performance] InitializeOnLoad RerunCallbackInitializer                                                                                            :        2 samples, Peak.  2.54 ms (1.2x), Avg.  2.15 ms, Total. 4.305 ms (0.0%)
[Performance] InitializeOnLoad EditorToolManager                                                                                                   :        2 samples, Peak.  1.88 ms (1.1x), Avg.  1.65 ms, Total. 3.295 ms (0.0%)
[Performance] InitializeOnLoad Renderer2DAnalytics                                                                                                 :        2 samples, Peak.   157 us (1.5x), Avg.   106 us, Total. 212.0 us (0.0%)
[Performance] InitializeOnLoad RendererDataPatcher                                                                                                 :        2 samples, Peak.  45.2 ms (1.2x), Avg.  38.8 ms, Total. 77.50 ms (0.1%)
[Performance] InitializeOnLoad MaterialReimporter.RegisterUpgraderReimport                                                                         :        4 samples, Peak.   529 us (2.0x), Avg.   266 us, Total. 1.064 ms (0.0%)
[Performance] InitializeOnLoad $BurstDirectCallInitializer.Initialize                                                                              :        2 samples, Peak.  12.9 ms (1.3x), Avg.  9.81 ms, Total. 19.61 ms (0.0%)
[Performance] InitializeOnLoad TestJobDataHolder.ResumeRunningJobs                                                                                 :        2 samples, Peak.   828 us (1.8x), Avg.   465 us, Total. 929.5 us (0.0%)
[Performance] InitializeOnLoad AnalyticsReporter.RegisterCallbacks                                                                                 :        2 samples, Peak.  1.20 ms (1.7x), Avg.   715 us, Total. 1.430 ms (0.0%)
[Performance] InitializeOnLoad CoreRenderPipelinePreferences.InitPreferenceProviders                                                               :        2 samples, Peak.  51.2 ms (1.3x), Avg.  39.6 ms, Total. 79.15 ms (0.1%)
[Performance] InitializeOnLoad VolumeGizmoDrawer.InitVolumeGizmoCallbacks                                                                          :        2 samples, Peak.   327 us (1.1x), Avg.   295 us, Total. 589.9 us (0.0%)
[Performance] DidReloadScriptsTestRunnerWindow.CompilationCallback                                                                                 :        2 samples, Peak.   685 us (1.1x), Avg.   621 us, Total. 1.243 ms (0.0%)
[Performance] DidReloadScriptsTestListCache.ScriptReloaded                                                                                         :        2 samples, Peak.  1.03 ms (1.8x), Avg.   561 us, Total. 1.122 ms (0.0%)
[Performance] DidReloadScriptsDebugWindow.OnEditorReload                                                                                           :        2 samples, Peak.  9.31 ms (1.1x), Avg.  8.85 ms, Total. 17.69 ms (0.0%)
[Performance] DidReloadScriptsLookDev.OnEditorReload                                                                                               :        2 samples, Peak.   147 us (1.0x), Avg.   141 us, Total. 281.5 us (0.0%)
[Performance] DidReloadScriptsVolumeComponentEditor.OnEditorReload                                                                                 :        2 samples, Peak.  19.6 ms (1.2x), Avg.  16.2 ms, Total. 32.39 ms (0.0%)
[Performance] DidReloadScriptsOnScriptsReloadHandler.OnScriptsReloaded                                                                             :        2 samples, Peak.  2.21 ms (1.5x), Avg.  1.51 ms, Total. 3.030 ms (0.0%)
[Performance] DidReloadScriptsAdvancedDropdownWindow.OnScriptReload                                                                                :        2 samples, Peak.   320 us (1.4x), Avg.   229 us, Total. 458.5 us (0.0%)
[Performance] SyncVS.PostprocessSyncProject                                                                                                        :        7 samples, Peak.   862 us (3.5x), Avg.   245 us, Total. 1.718 ms (0.0%)
[Performance] Application.ImportPackagesAndSetTemplateWhenCreatingProject                                                                          :        1 samples, Peak.  59.7 ms (1.0x), Avg.  59.7 ms, Total. 59.71 ms (0.1%)
[Performance] Application.SyncCurrentColorSpace                                                                                                    :        1 samples, Peak.   443 ms (1.0x), Avg.   443 ms, Total. 443.3 ms (0.5%)
[Performance] Application.OnUsbDevicesChanged                                                                                                      :        1 samples, Peak.   257 us (1.0x), Avg.   257 us, Total. 256.6 us (0.0%)
[Performance] Application.AssetInstanceCacheUpdate                                                                                                 :        1 samples, Peak.   208 ns (1.0x), Avg.   208 ns, Total. 208.0 ns (0.0%)
[Performance] Application.UnityExtensions.Initialize                                                                                               :        1 samples, Peak.  3.20 ms (1.0x), Avg.  3.20 ms, Total. 3.199 ms (0.0%)
[Performance] CodeEditorProjectSync.SyncEditorProject                                                                                              :        1 samples, Peak.   900 us (1.0x), Avg.   900 us, Total. 900.0 us (0.0%)
[Performance] Application.ExecuteStartups                                                                                                          :        1 samples, Peak.  55.5 ms (1.0x), Avg.  55.5 ms, Total. 55.47 ms (0.1%)
[Performance] Menu.RegisterMenuInterface                                                                                                           :       26 samples, Peak.   256 us (25.5x), Avg.  10.0 us, Total. 260.9 us (0.0%)
[Performance] Gizmo.RebuildRenderers                                                                                                               :        4 samples, Peak.  52.9 ms (3.4x), Avg.  15.6 ms, Total. 62.26 ms (0.1%)
[Performance] Gizmo.AddGizmoRenderers                                                                                                              :      220 samples, Peak.  2.30 ms (55.4x), Avg.  41.5 us, Total. 9.132 ms (0.0%)
[Performance] Application.editorInitializingProject                                                                                                :        1 samples, Peak.  69.8 ms (1.0x), Avg.  69.8 ms, Total. 69.77 ms (0.1%)
[Performance] Application.FinishLoadingProject                                                                                                     :        1 samples, Peak.  3.60 s (1.0x), Avg.  3.60 s, Total. 3.603 s (4.2%)
[Performance] Application.InitializeMenu                                                                                                           :        1 samples, Peak.   408 ms (1.0x), Avg.   408 ms, Total. 408.3 ms (0.5%)
[Performance] Menu.RebuildAll                                                                                                                      :        1 samples, Peak.   408 ms (1.0x), Avg.   408 ms, Total. 408.0 ms (0.5%)
[Performance] Menu.BuildRegisteredMenuInterfaces                                                                                                   :        1 samples, Peak.   394 ms (1.0x), Avg.   394 ms, Total. 393.7 ms (0.5%)
[Performance] Menu.FilterMenuItem                                                                                                                  :     1051 samples, Peak.  44.3 ms (648.7x), Avg.  68.2 us, Total. 71.69 ms (0.1%)
[Performance] UpdateAllMenus                                                                                                                       :        2 samples, Peak.  37.3 ms (1.9x), Avg.  19.4 ms, Total. 38.70 ms (0.0%)
[Performance] Selection.selectionChanged: UnityEditor.PackageManager.UI.Internal.SelectionProxy.OnSelectionChanged                                 :        1 samples, Peak.  1.44 ms (1.0x), Avg.  1.44 ms, Total. 1.438 ms (0.0%)
[Performance] Selection.selectionChanged: UnityEditorInternal.EditMode.OnSelectionChange                                                           :        1 samples, Peak.   320 us (1.0x), Avg.   320 us, Total. 320.5 us (0.0%)
[Performance] EditorSceneManager.sceneClosing: UnityEditor.SceneVisibilityManager.EditorSceneManagerOnSceneClosing                                 :        5 samples, Peak.   696 us (3.1x), Avg.   224 us, Total. 1.118 ms (0.0%)
[Performance] EditorSceneManager.sceneClosed: callback in UnityEditor.Search.SearchMonitor                                                         :        4 samples, Peak.   158 us (2.5x), Avg.  63.6 us, Total. 254.6 us (0.0%)
[Performance] EditorSceneManager.activeSceneChangedInEditMode: callback in UnityEditor.Search.SearchMonitor                                        :        4 samples, Peak.  23.1 us (1.9x), Avg.  12.2 us, Total. 48.75 us (0.0%)
[Performance] GUIView.RepaintAll.PlayerLoopController                                                                                              :     2163 samples, Peak.  94.1 us (142.1x), Avg.   662 ns, Total. 1.433 ms (0.0%)
[Performance] EditorSceneManager.newSceneCreated: UnityEditor.SceneTemplate.SceneTemplateService.OnNewSceneCreated                                 :        2 samples, Peak.   319 us (2.0x), Avg.   161 us, Total. 321.2 us (0.0%)
[Performance] EditorSceneManager.newSceneCreated: UnityEditor.SceneVisibilityManager.EditorSceneManagerOnNewSceneCreated                           :        2 samples, Peak.   307 us (2.0x), Avg.   156 us, Total. 311.1 us (0.0%)
[Performance] EditorSceneManager.newSceneCreated: UnityEditor.SceneManagement.StageNavigationManager.OnNewSceneCreated                             :        2 samples, Peak.   202 us (2.0x), Avg.   101 us, Total. 202.8 us (0.0%)
[Performance] Application.InvokeFinishedLoadingProject                                                                                             :        1 samples, Peak.  37.6 ms (1.0x), Avg.  37.6 ms, Total. 37.55 ms (0.0%)
[Performance] ProcessService.OnProjectLoaded                                                                                                       :        1 samples, Peak.   848 us (1.0x), Avg.   848 us, Total. 847.9 us (0.0%)
[Performance] VersionControl.Task.Wait                                                                                                             :        1 samples, Peak.   101 us (1.0x), Avg.   101 us, Total. 100.5 us (0.0%)
[Performance] AssetDatabase.Refresh                                                                                                                :        1 samples, Peak.   209 ms (1.0x), Avg.   209 ms, Total. 209.0 ms (0.2%)
[Performance] AssetDatabase.DeleteAssets                                                                                                           :        1 samples, Peak.  74.2 ms (1.0x), Avg.  74.2 ms, Total. 74.18 ms (0.1%)
[Performance] BuilderAssetModificationProcessor.OnWillDeleteAsset                                                                                  :        1 samples, Peak.   484 us (1.0x), Avg.   484 us, Total. 483.7 us (0.0%)
[Performance] TMP_FontAssetPostProcessor.OnWillDeleteAsset                                                                                         :        1 samples, Peak.   251 us (1.0x), Avg.   251 us, Total. 250.6 us (0.0%)
[Performance] CancelSplashScreenOnAssetDelete.OnWillDeleteAsset                                                                                    :        1 samples, Peak.   398 us (1.0x), Avg.   398 us, Total. 397.6 us (0.0%)
[Performance] ShaderImporter.SourceAssetModified                                                                                                   :        4 samples, Peak.   500 ns (1.5x), Avg.   334 ns, Total. 1.334 us (0.0%)
[Performance] ShaderIncludeImporter.SourceAssetModified                                                                                            :        4 samples, Peak.   416 ns (1.2x), Avg.   354 ns, Total. 1.417 us (0.0%)
[Performance] AssetDatabase.ImportAssets                                                                                                           :       11 samples, Peak.  43.6 ms (6.4x), Avg.  6.77 ms, Total. 74.52 ms (0.1%)
[Performance] BuilderAssetPostprocessor.OnPostprocessAllAssets                                                                                     :       10 samples, Peak.  20.2 ms (4.8x), Avg.  4.21 ms, Total. 42.11 ms (0.0%)
[Performance] ArtifactBrowserPostProcessor.OnPostprocessAllAssets                                                                                  :       10 samples, Peak.   597 us (4.8x), Avg.   124 us, Total. 1.239 ms (0.0%)
[Performance] AssetEvents.OnPostprocessAllAssets                                                                                                   :       20 samples, Peak.   189 us (7.2x), Avg.  26.2 us, Total. 525.0 us (0.0%)
[Performance] AudioMixerPostprocessor.OnPostprocessAllAssets                                                                                       :       10 samples, Peak.   255 us (4.8x), Avg.  52.7 us, Total. 527.4 us (0.0%)
[Performance] StyleCatalogPostProcessor.OnPostprocessAllAssets                                                                                     :       10 samples, Peak.  15.0 ms (5.0x), Avg.  3.02 ms, Total. 30.22 ms (0.0%)
[Performance] BuildCatalog                                                                                                                         :        1 samples, Peak.  14.3 ms (1.0x), Avg.  14.3 ms, Total. 14.27 ms (0.0%)
[Performance] ModelImporterPostProcessor.OnPostprocessAllAssets                                                                                    :       10 samples, Peak.  3.69 ms (4.1x), Avg.   908 us, Total. 9.076 ms (0.0%)
[Performance] MaterialPostprocessor.OnPostprocessAllAssets                                                                                         :       20 samples, Peak.  3.91 ms (6.2x), Avg.   628 us, Total. 12.56 ms (0.0%)
[Performance] RetainedModeAssetPostprocessor.OnPostprocessAllAssets                                                                                :       10 samples, Peak.  2.95 ms (4.7x), Avg.   633 us, Total. 6.332 ms (0.0%)
[Performance] AssetChangedListener.OnPostprocessAllAssets                                                                                          :       10 samples, Peak.  5.93 ms (4.1x), Avg.  1.45 ms, Total. 14.48 ms (0.0%)
[Performance] PostProcessor.OnPostprocessAllAssets                                                                                                 :       10 samples, Peak.   250 us (3.8x), Avg.  65.3 us, Total. 652.6 us (0.0%)
[Performance] ShaderGraphAssetPostProcessor.OnPostprocessAllAssets                                                                                 :       10 samples, Peak.  1.43 ms (3.5x), Avg.   405 us, Total. 4.049 ms (0.0%)
[Performance] SpeedTreePostProcessor.OnPostprocessAllAssets                                                                                        :       10 samples, Peak.   123 us (3.8x), Avg.  32.6 us, Total. 326.3 us (0.0%)
[Performance] TextAssetPostProcessor.OnPostprocessAllAssets                                                                                        :       10 samples, Peak.   196 us (4.1x), Avg.  48.2 us, Total. 481.5 us (0.0%)
[Performance] EditorApplication.projectChanged: UnityEditor.Audio.MixerEffectDefinitionReloader.OnProjectChanged                                   :        2 samples, Peak.   351 us (1.1x), Avg.   317 us, Total. 634.7 us (0.0%)
[Performance] MaterialModificationProcessor.OnWillCreateAsset                                                                                      :        6 samples, Peak.   134 us (3.0x), Avg.  44.6 us, Total. 267.5 us (0.0%)
[Performance] BuilderAssetModificationProcessor.OnWillCreateAsset                                                                                  :        3 samples, Peak.   171 us (2.6x), Avg.  66.1 us, Total. 198.2 us (0.0%)
[Performance] PresetManagerPostProcessor.OnPreprocessAsset                                                                                         :        7 samples, Peak.   241 us (5.7x), Avg.  42.0 us, Total. 293.9 us (0.0%)
[Performance] CancelSplashScreenOnAssetChange.OnPreprocessAsset                                                                                    :        7 samples, Peak.  22.1 us (4.7x), Avg.  4.73 us, Total. 33.08 us (0.0%)
[Performance] ShaderGraphAssetPostProcessor.OnPreprocessAsset                                                                                      :        7 samples, Peak.   129 us (6.2x), Avg.  20.6 us, Total. 144.3 us (0.0%)
[Performance] BuilderAssetModificationProcessor.OnWillSaveAssets                                                                                   :        3 samples, Peak.   741 us (2.4x), Avg.   305 us, Total. 914.4 us (0.0%)
[Performance] TerrainModificationProcessor.OnWillSaveAssets                                                                                        :        3 samples, Peak.  2.19 ms (2.4x), Avg.   909 us, Total. 2.727 ms (0.0%)
[Performance] SceneDataContainer.TransformHierarchyChangedSetParentCallback                                                                        :        6 samples, Peak. 10.00 us (5.0x), Avg.  2.01 us, Total. 12.08 us (0.0%)
[Performance] SceneVisibilityState.IsFlagSetInParents                                                                                              :        6 samples, Peak.   625 ns (2.0x), Avg.   306 ns, Total. 1.833 us (0.0%)
[Performance] EditorSceneManager.sceneSaving: UnityEditor.SceneTemplate.SceneTemplateService.OnSceneSaving                                         :        1 samples, Peak.   221 us (1.0x), Avg.   221 us, Total. 221.1 us (0.0%)
[Performance] EditorSceneManager.sceneSaving: UnityEditor.SceneVisibilityManager.EditorSceneManagerOnSceneSaving                                   :        1 samples, Peak.   106 us (1.0x), Avg.   106 us, Total. 105.8 us (0.0%)
[Performance] AssetDatabase.ImportAsset                                                                                                            :        1 samples, Peak.  28.5 ms (1.0x), Avg.  28.5 ms, Total. 28.47 ms (0.0%)
[Performance] EditorSceneManager.sceneSaved: UnityEditor.SceneTemplate.SceneTemplateService.OnSceneSaved                                           :        1 samples, Peak.   132 ms (1.0x), Avg.   132 ms, Total. 131.7 ms (0.2%)
[Performance] EditorSceneManager.sceneSaved: UnityEditor.SceneVisibilityManager.EditorSceneManagerOnSceneSaved                                     :        1 samples, Peak.  74.2 us (1.0x), Avg.  74.2 us, Total. 74.21 us (0.0%)
[Performance] EditorSceneManager.sceneOpening: UnityEditor.SceneVisibilityManager.EditorSceneManagerOnSceneOpening                                 :        1 samples, Peak.   119 us (1.0x), Avg.   119 us, Total. 118.9 us (0.0%)
[Performance] Inspector.InitOrRebuild                                                                                                              :        3 samples, Peak.  4.10 ms (2.5x), Avg.  1.61 ms, Total. 4.820 ms (0.0%)
[Performance] EditorSceneManager.sceneOpened: callback in UnityEditor.Search.SearchMonitor                                                         :        1 samples, Peak.   113 us (1.0x), Avg.   113 us, Total. 112.8 us (0.0%)
[Performance] EditorSceneManager.sceneOpened: UnityEditor.SceneTemplate.SceneTemplateService.OnSceneOpened                                         :        1 samples, Peak.   833 us (1.0x), Avg.   833 us, Total. 832.8 us (0.0%)
[Performance] EditorSceneManager.sceneOpened: UnityEditor.SceneVisibilityManager.EditorSceneManagerOnSceneOpened                                   :        1 samples, Peak.   345 us (1.0x), Avg.   345 us, Total. 345.3 us (0.0%)
[Performance] EditorSceneManager.sceneOpened: UnityEditor.SceneManagement.StageNavigationManager.OnSceneOpened                                     :        1 samples, Peak.  48.0 us (1.0x), Avg.  48.0 us, Total. 47.96 us (0.0%)
[Performance] EditorApplication.playModeStateChanged                                                                                               :        2 samples, Peak.  13.3 ms (1.7x), Avg.  7.94 ms, Total. 15.88 ms (0.0%)
[Performance] EditorApplication.playModeStateChanged: UnityEditor.PackageManager.UI.Internal.PlayModeDownload.PlayModeStateChanged                 :        4 samples, Peak.   476 us (3.1x), Avg.   155 us, Total. 620.4 us (0.0%)
[Performance] EditorApplication.playModeStateChanged: UnityEditor.SceneManagement.EditorSceneManager.PlayModeStateChangedCallback                  :        4 samples, Peak.  28.0 us (2.0x), Avg.  13.9 us, Total. 55.50 us (0.0%)
[Performance] EditorApplication.playModeStateChanged: UnityEditor.Search.SearchMonitor.OnPlayModeChanged                                           :        3 samples, Peak.  6.76 ms (2.9x), Avg.  2.30 ms, Total. 6.899 ms (0.0%)
[Performance] EditorApplication.playModeStateChanged: Unity.Burst.Editor.BurstLoader.EditorApplicationOnPlayModeStateChanged                       :        4 samples, Peak.  3.19 ms (3.8x), Avg.   838 us, Total. 3.350 ms (0.0%)
[Performance] EditorApplication.playModeStateChanged: UnityEngine.Rendering.Universal.ShadowCasterGroup2DManager.OnPlayModeStateChanged            :        4 samples, Peak.   144 us (2.2x), Avg.  64.2 us, Total. 256.8 us (0.0%)
[Performance] EditorApplication.playModeStateChanged: UnityEditor.TestTools.TestRunner.PlaymodeLauncher+BackgroundWatcher.OnPlayModeStateChanged   :        4 samples, Peak.   613 us (1.6x), Avg.   393 us, Total. 1.573 ms (0.0%)
[Performance] EditorApplication.playModeStateChanged: UnityEditor.PackageManager.UI.Internal.ApplicationProxy.PlayModeStateChanged                 :        4 samples, Peak.   144 us (2.1x), Avg.  67.2 us, Total. 269.0 us (0.0%)
[Performance] EditorApplication.playModeStateChanged: UnityEditor.SceneVisibilityManager.EditorApplicationPlayModeStateChanged                     :        4 samples, Peak.  25.5 us (2.1x), Avg.  12.2 us, Total. 48.75 us (0.0%)
[Performance] EditorApplication.playModeStateChanged: UnityEditor.TestTools.TestRunner.TestRunnerWindow.OnPlayModeStateChanged                     :        4 samples, Peak.   320 us (3.2x), Avg.   100 us, Total. 401.5 us (0.0%)
[Performance] Application.InvokeProjectWasLoaded                                                                                                   :        1 samples, Peak.  38.2 us (1.0x), Avg.  38.2 us, Total. 38.21 us (0.0%)
[Performance] Application.Tick                                                                                                                     :     2159 samples, Peak.  2.37 s (76.5x), Avg.  31.0 ms, Total. 66.95 s (78.6%)
[Performance] CheckLicensingClient                                                                                                                 :       14 samples, Peak.  6.79 us (1.7x), Avg.  3.95 us, Total. 55.29 us (0.0%)
[Performance] CheckLicensingClientNotification                                                                                                     :       14 samples, Peak.  5.58 us (1.5x), Avg.  3.79 us, Total. 53.00 us (0.0%)
[Performance] Application.TickVersionControl                                                                                                       :     2160 samples, Peak.  12.3 us (10.6x), Avg.  1.16 us, Total. 2.504 ms (0.0%)
[Performance] MonoCompiler.Tick                                                                                                                    :      294 samples, Peak.  1.64 s (293.2x), Avg.  5.59 ms, Total. 1.645 s (1.9%)
[Performance] Application.EnterPlayMode                                                                                                            :        1 samples, Peak.  1.63 s (1.0x), Avg.  1.63 s, Total. 1.634 s (1.9%)
[Performance] Application.Reload                                                                                                                   :        1 samples, Peak.   942 ms (1.0x), Avg.   942 ms, Total. 941.9 ms (1.1%)
[Performance] AssemblyReloadEvents.beforeAssemblyReload: UnityEditor.Search.SearchMonitor.OnBeforeAssemblyReload                                   :        1 samples, Peak.  1.69 ms (1.0x), Avg.  1.69 ms, Total. 1.690 ms (0.0%)
[Performance] UnityBuildPostprocessor.OnProcessScene                                                                                               :        1 samples, Peak.  1.01 ms (1.0x), Avg.  1.01 ms, Total. 1.011 ms (0.0%)
[Performance] UnityConnect.Tick                                                                                                                    :        2 samples, Peak.  5.25 ms (1.7x), Avg.  3.06 ms, Total. 6.127 ms (0.0%)
[Performance] Collab.Tick                                                                                                                          :        2 samples, Peak.   373 us (2.0x), Avg.   188 us, Total. 376.2 us (0.0%)
[Performance] CurlRequest.Tick                                                                                                                     :      559 samples, Peak.   251 us (173.9x), Avg.  1.44 us, Total. 807.3 us (0.0%)
[Performance] WebSocketClient.Tick                                                                                                                 :      559 samples, Peak.   157 us (218.7x), Avg.   716 ns, Total. 400.2 us (0.0%)
[Performance] AssetDatabase.Tick                                                                                                                   :      559 samples, Peak.  47.7 us (209.8x), Avg.   227 ns, Total. 127.1 us (0.0%)
[Performance] SceneBackgroundTask.Tick                                                                                                             :      383 samples, Peak.  1.25 us (7.7x), Avg.   162 ns, Total. 62.24 us (0.0%)
[Performance] Scheduler.Tick                                                                                                                       :     2160 samples, Peak.  1.96 ms (221.0x), Avg.  8.86 us, Total. 19.14 ms (0.0%)
[Performance] RepaintAllProfilerWindows                                                                                                            :      124 samples, Peak.   221 us (47.9x), Avg.  4.61 us, Total. 571.1 us (0.0%)
[Performance] PlayerUpdates.Tick                                                                                                                   :     1086 samples, Peak.   132 us (12.5x), Avg.  10.5 us, Total. 11.44 ms (0.0%)
[Performance] Application.TickGlobalCallbacks                                                                                                      :     2160 samples, Peak.  82.7 ms (1135.0x), Avg.  72.8 us, Total. 157.3 ms (0.2%)
[Performance] EditorAnalytics.Tick                                                                                                                 :      238 samples, Peak.   841 us (86.8x), Avg.  9.68 us, Total. 2.304 ms (0.0%)
[Performance] Video.Update                                                                                                                         :     2160 samples, Peak.  1.46 us (4.8x), Avg.   306 ns, Total. 660.3 us (0.0%)
[Performance] Application.TickProgress                                                                                                             :     2160 samples, Peak.  2.27 ms (1230.4x), Avg.  1.84 us, Total. 3.977 ms (0.0%)
[Performance] Application.TickSceneTracker                                                                                                         :     2160 samples, Peak.  8.54 ms (310.3x), Avg.  27.5 us, Total. 59.41 ms (0.1%)
[Performance] ObjectChangeEvents.changesPublished: UnityEditor.PrefabInstanceChangedListener.OnObjectChanged                                       :        1 samples, Peak.   566 us (1.0x), Avg.   566 us, Total. 566.0 us (0.0%)
[Performance] ObjectChangeEvents.changesPublished: UnityEditor.Search.SearchMonitor.OnObjectChanged                                                :        1 samples, Peak.   284 us (1.0x), Avg.   284 us, Total. 283.7 us (0.0%)
[Performance] EditorApplication.update                                                                                                             :     2160 samples, Peak.  6.62 ms (290.9x), Avg.  22.8 us, Total. 49.15 ms (0.1%)
[Performance] EditorApplication.update: UnityEngine.Rendering.ProbeSubdivisionContext+RealtimeProbeSubdivisionDebug.UpdateRealtimeSubdivisionDebug :     2160 samples, Peak.  2.02 ms (750.7x), Avg.  2.69 us, Total. 5.820 ms (0.0%)
[Performance] EditorApplication.update: callback in UnityEditor.Rendering.Universal.MaterialReimporter                                             :     2160 samples, Peak.  1.03 ms (335.5x), Avg.  3.08 us, Total. 6.650 ms (0.0%)
[Performance] EditorApplication.update: UnityEditor.PackageManager.UI.Internal.ApplicationProxy.OnUpdate                                           :     2160 samples, Peak.   836 us (102.8x), Avg.  8.14 us, Total. 17.58 ms (0.0%)
[Performance] EditorApplication.update: UnityEditor.SceneManagement.StageNavigationManager.Update                                                  :     2160 samples, Peak.   269 us (271.8x), Avg.   989 ns, Total. 2.137 ms (0.0%)
[Performance] EditorApplication.update: GLTFast.OnScriptsReloadHandler.Progress                                                                    :        1 samples, Peak.  1.92 ms (1.0x), Avg.  1.92 ms, Total. 1.919 ms (0.0%)
[Performance] EditorApplication.update: UnityEditor.Rendering.Universal.SceneViewDrawMode.UpdateSceneViewStates                                    :     2159 samples, Peak.   275 us (107.7x), Avg.  2.55 us, Total. 5.503 ms (0.0%)
[Performance] Package.AsyncRequest                                                                                                                 :        1 samples, Peak.   480 us (1.0x), Avg.   480 us, Total. 480.0 us (0.0%)
[Performance] ConsoleLog.Tick                                                                                                                      :      293 samples, Peak.   203 us (51.4x), Avg.  3.94 us, Total. 1.154 ms (0.0%)
[Performance] HierarchyWindow.Tick                                                                                                                 :      382 samples, Peak.   538 us (250.3x), Avg.  2.15 us, Total. 821.2 us (0.0%)
[Performance] EditorApplication.hierarchyChanged: Unity.UIElements.Editor.UIDocumentHierarchyWatcher.OnHierarchyChanged                            :        2 samples, Peak.   203 us (1.3x), Avg.   160 us, Total. 320.4 us (0.0%)
[Performance] Inspector.Tick                                                                                                                       :      381 samples, Peak.  46.4 ms (377.2x), Avg.   123 us, Total. 46.88 ms (0.1%)
[Performance] EditorApplication.delayCall: UnityEditor.ShortcutManagement.ShortcutIntegration.EnsureShortcutsAreInitialized                        :        1 samples, Peak.  23.4 ms (1.0x), Avg.  23.4 ms, Total. 23.38 ms (0.0%)
[Performance] EditorApplication.delayCall: callback in UnityEditor.Rendering.Universal.RendererDataPatcher                                         :        1 samples, Peak.  21.5 ms (1.0x), Avg.  21.5 ms, Total. 21.54 ms (0.0%)
[Performance] EditorApplication.delayCall: callback in UnityEditor.SceneVisibilityManager                                                          :        1 samples, Peak.  1.18 ms (1.0x), Avg.  1.18 ms, Total. 1.183 ms (0.0%)
[Performance] EditorApplication.delayCall: callback in UnityEditor.EditorTools.ToolShortcutContext                                                 :        1 samples, Peak.   125 us (1.0x), Avg.   125 us, Total. 125.2 us (0.0%)
[Performance] EditorApplication.delayCall: callback in UnityEditor.EditorWindow                                                                    :        1 samples, Peak.  32.9 us (1.0x), Avg.  32.9 us, Total. 32.92 us (0.0%)
[Performance] Tooltip.Tick                                                                                                                         :     1085 samples, Peak.  10.8 us (32.4x), Avg.   334 ns, Total. 362.7 us (0.0%)
[Performance] Application.RequestRepaintForPanels                                                                                                  :     2159 samples, Peak.   296 us (218.6x), Avg.  1.36 us, Total. 2.928 ms (0.0%)
[Performance] Application.UpdateScene                                                                                                              :     2159 samples, Peak.   317 ms (11.0x), Avg.  28.9 ms, Total. 62.33 s (73.2%)
[Performance] PackageImporter.Tick                                                                                                                 :      293 samples, Peak.  3.33 us (7.8x), Avg.   426 ns, Total. 124.9 us (0.0%)
[Performance] InspectorBackground.Tick                                                                                                             :      382 samples, Peak.   750 ns (2.8x), Avg.   271 ns, Total. 103.6 us (0.0%)
[Performance] BurstDebug.Tick                                                                                                                      :      123 samples, Peak.  7.12 us (4.8x), Avg.  1.50 us, Total. 184.3 us (0.0%)
[Performance] Application.ChangeLayoutIfNeeded                                                                                                     :     2159 samples, Peak.   708 ns (20.4x), Avg.  34.7 ns, Total. 74.90 us (0.0%)
[Performance] AsyncReadManager.ForceCloseFiles                                                                                                     :       64 samples, Peak.  18.1 us (10.3x), Avg.  1.76 us, Total. 112.6 us (0.0%)
[Performance] Application.Message                                                                                                                  :     2159 samples, Peak.  1.58 us (14.9x), Avg.   106 ns, Total. 229.0 us (0.0%)
[Performance] Application.ExitPlayMode                                                                                                             :        1 samples, Peak.  2.27 s (1.0x), Avg.  2.27 s, Total. 2.268 s (2.7%)
[Performance] CoreBusinessMetrics.Tick                                                                                                             :        1 samples, Peak.   694 us (1.0x), Avg.   694 us, Total. 693.6 us (0.0%)
[Performance] GI.Tick                                                                                                                              :        1 samples, Peak.  3.00 ms (1.0x), Avg.  3.00 ms, Total. 2.998 ms (0.0%)
[Performance] UnitySynchronization.ExecuteTasks                                                                                                    :        1 samples, Peak.  2.42 us (1.0x), Avg.  2.42 us, Total. 2.416 us (0.0%)
[Performance] Application.TickPreloadManager                                                                                                       :        1 samples, Peak.  5.08 us (1.0x), Avg.  5.08 us, Total. 5.083 us (0.0%)
[Performance] Application.Shutdown.CollabTerminate                                                                                                 :        1 samples, Peak.  21.5 us (1.0x), Avg.  21.5 us, Total. 21.46 us (0.0%)
[Performance] Application.Shutdown.CollabCleanup                                                                                                   :        1 samples, Peak.  1.05 ms (1.0x), Avg.  1.05 ms, Total. 1.047 ms (0.0%)
[Performance] Application.Shutdown.SaveDefaultWindowPreferences                                                                                    :        1 samples, Peak.   162 us (1.0x), Avg.   162 us, Total. 162.4 us (0.0%)
[Performance] Application.Shutdown.SaveSceneManagerSetup                                                                                           :        1 samples, Peak.   383 us (1.0x), Avg.   383 us, Total. 383.2 us (0.0%)
[Performance] Application.Shutdown.CleanupAllContainerWindows                                                                                      :        1 samples, Peak.  13.5 us (1.0x), Avg.  13.5 us, Total. 13.54 us (0.0%)
[Performance] EditorApplication.quitting: Unity.Burst.Editor.BurstLoader.OnEditorApplicationQuitting                                               :        1 samples, Peak.  30.7 us (1.0x), Avg.  30.7 us, Total. 30.67 us (0.0%)
[Performance] EditorApplication.quitting: callback in UnityEditor.TextCore.Text.EditorEventCallbacks                                               :        1 samples, Peak.  20.6 ms (1.0x), Avg.  20.6 ms, Total. 20.63 ms (0.0%)
[Performance] EditorApplication.quitting: UnityEditor.Search.SearchMonitor.OnQuitting                                                              :        1 samples, Peak.  1.98 ms (1.0x), Avg.  1.98 ms, Total. 1.984 ms (0.0%)
[Performance] Application.Shutdown.PauseProfilerSession                                                                                            :        1 samples, Peak.  16.5 us (1.0x), Avg.  16.5 us, Total. 16.50 us (0.0%)
[Performance] Application.Shutdown.PauseAssetImportWorkers                                                                                         :        1 samples, Peak.  1.31 ms (1.0x), Avg.  1.31 ms, Total. 1.308 ms (0.0%)
[Performance] Application.Shutdown.SaveAssets                                                                                                      :        1 samples, Peak.  19.4 ms (1.0x), Avg.  19.4 ms, Total. 19.40 ms (0.0%)
[Performance] Application.Shutdown.CleanupRenderPipeline                                                                                           :        1 samples, Peak.  3.75 us (1.0x), Avg.  3.75 us, Total. 3.750 us (0.0%)
[Performance] Application.Shutdown.StopPreloadManager                                                                                              :        1 samples, Peak.  10.7 ms (1.0x), Avg.  10.7 ms, Total. 10.73 ms (0.0%)
[Performance] Application.Shutdown.DestroyWorld                                                                                                    :        1 samples, Peak.   788 us (1.0x), Avg.   788 us, Total. 788.0 us (0.0%)
[Performance] Application.Shutdown.CleanupAfterLoad                                                                                                :        1 samples, Peak.   123 ms (1.0x), Avg.   123 ms, Total. 122.5 ms (0.1%)
[Performance] Application.Shutdown.Progress                                                                                                        :        1 samples, Peak.  14.6 us (1.0x), Avg.  14.6 us, Total. 14.63 us (0.0%)
[Performance] Application.Shutdown.GICleanupManagers                                                                                               :        1 samples, Peak.  3.47 ms (1.0x), Avg.  3.47 ms, Total. 3.469 ms (0.0%)
[Performance] Application.Shutdown.MenuCleanupClass                                                                                                :        1 samples, Peak.   268 us (1.0x), Avg.   268 us, Total. 268.1 us (0.0%)
[Performance] Application.Shutdown.ADBSaveStateBeforeShutdown                                                                                      :        1 samples, Peak.  6.46 us (1.0x), Avg.  6.46 us, Total. 6.459 us (0.0%)
[Performance] Application.Shutdown.RemoteShutdown                                                                                                  :        1 samples, Peak.   917 ns (1.0x), Avg.   917 ns, Total. 917.0 ns (0.0%)
[Performance] Application.Shutdown.CleanupVCProvider                                                                                               :        1 samples, Peak.   225 us (1.0x), Avg.   225 us, Total. 225.0 us (0.0%)
[Performance] Application.Shutdown.InputShutdown                                                                                                   :        1 samples, Peak.   599 us (1.0x), Avg.   599 us, Total. 599.1 us (0.0%)
[Performance] Application.Shutdown.GizmoManagerDestroy                                                                                             :        1 samples, Peak.   929 us (1.0x), Avg.   929 us, Total. 929.5 us (0.0%)
[Performance] Application.Shutdown.ProfilerSession                                                                                                 :        1 samples, Peak.  1.67 ms (1.0x), Avg.  1.67 ms, Total. 1.667 ms (0.0%)
[Performance] Application.Shutdown.ReleaseGfxWindowOnAllGUIViews                                                                                   :        1 samples, Peak.   625 ns (1.0x), Avg.   625 ns, Total. 625.0 ns (0.0%)
[Performance] Application.Shutdown.CleanupEngine                                                                                                   :        1 samples, Peak.   426 ms (1.0x), Avg.   426 ms, Total. 426.4 ms (0.5%)
[Performance] Application.Shutdown.CleanupAssetDatabase                                                                                            :        1 samples, Peak.  12.2 ms (1.0x), Avg.  12.2 ms, Total. 12.16 ms (0.0%)
[Performance] Application.Shutdown.ScriptCompilationCleanUp                                                                                        :        1 samples, Peak.  42.0 us (1.0x), Avg.  42.0 us, Total. 41.96 us (0.0%)
[Performance] Application.Shutdown.DestroyJobSystem                                                                                                :        1 samples, Peak.   501 us (1.0x), Avg.   501 us, Total. 501.4 us (0.0%)
[Performance] Application.Shutdown.CleanupPersistentManager                                                                                        :        1 samples, Peak.  4.25 ms (1.0x), Avg.  4.25 ms, Total. 4.254 ms (0.0%)
[Performance] Application.Shutdown.CleanupAsyncReadManager                                                                                         :        1 samples, Peak.   464 us (1.0x), Avg.   464 us, Total. 463.7 us (0.0%)
[Performance] Application.Shutdown.CleanupMono                                                                                                     :        1 samples, Peak.   158 ms (1.0x), Avg.   158 ms, Total. 158.5 ms (0.2%)
[Performance] Application.Shutdown.CleanupStdConverters                                                                                            :        1 samples, Peak.  6.54 us (1.0x), Avg.  6.54 us, Total. 6.542 us (0.0%)
[Performance] Application.Shutdown.UnloadAllPlatformSupportModuleNativeDlls                                                                        :        1 samples, Peak.   417 ns (1.0x), Avg.   417 ns, Total. 417.0 ns (0.0%)
[Performance] Application.Shutdown.UnloadAllPlatformSupportNativeLibraries                                                                         :        1 samples, Peak.   166 ns (1.0x), Avg.   166 ns, Total. 166.0 ns (0.0%)
[Performance] Application.Shutdown.CleanupAutoDocumentation                                                                                        :        1 samples, Peak.   344 us (1.0x), Avg.   344 us, Total. 343.5 us (0.0%)
[Performance] Application.Shutdown.ShaderNameManagerDestroy                                                                                        :        1 samples, Peak.   272 us (1.0x), Avg.   272 us, Total. 271.9 us (0.0%)
[Performance] Application.Shutdown.CleanupCacheServer                                                                                              :        1 samples, Peak.   125 ns (1.0x), Avg.   125 ns, Total. 125.0 ns (0.0%)
[Performance] Application.Shutdown.Virtualization_Shutdown                                                                                         :        1 samples, Peak.  15.1 us (1.0x), Avg.  15.1 us, Total. 15.08 us (0.0%)
[Performance] Application.Shutdown.DevConnections                                                                                                  :        1 samples, Peak.  81.3 us (1.0x), Avg.  81.3 us, Total. 81.33 us (0.0%)
[Package Manager] Server::Kill -- Server was shutdown
Checking for leaked weakptr:
  Found no leaked weakptrs.
Memory Statistics:
[ALLOC_TEMP_TLS] TLS Allocator
  StackAllocators : 
    [ALLOC_TEMP_CurlRequest]
      Initial Block Size 64.0 KB
      Current Block Size 64.0 KB
      Peak Allocated Bytes 0 B
      Overflow Count 0
    [ALLOC_TEMP_MAIN]
      Peak usage frame count: [2.0 MB-4.0 MB]: 2158 frames, [8.0 MB-16.0 MB]: 1 frames
      Initial Block Size 16.0 MB
      Current Block Size 16.0 MB
      Peak Allocated Bytes 10.6 MB
      Overflow Count 0
    [ALLOC_TEMP_Background Job.worker 6]
      Initial Block Size 32.0 KB
      Current Block Size 32.0 KB
      Peak Allocated Bytes 0 B
      Overflow Count 0
    [ALLOC_TEMP_Background Job.worker 15]
      Initial Block Size 32.0 KB
      Current Block Size 32.0 KB
      Peak Allocated Bytes 0 B
      Overflow Count 0
    [ALLOC_TEMP_BakingJobs.worker 0]
      Initial Block Size 256.0 KB
      Current Block Size 256.0 KB
      Peak Allocated Bytes 0 B
      Overflow Count 0
    [ALLOC_TEMP_AssetDatabase.FileHasherReader] x 4
      Initial Block Size 64.0 KB
      Current Block Size 64.0 KB
      Peak Allocated Bytes 31 B
      Overflow Count 0
    [ALLOC_TEMP_BakingJobs.worker 1]
      Initial Block Size 256.0 KB
      Current Block Size 256.0 KB
      Peak Allocated Bytes 301 B
      Overflow Count 0
    [ALLOC_TEMP_BatchDeleteObjects]
      Initial Block Size 64.0 KB
      Current Block Size 64.0 KB
      Peak Allocated Bytes 0 B
      Overflow Count 0
    [ALLOC_TEMP_CoreBusinessMetricsCache]
      Initial Block Size 64.0 KB
      Current Block Size 64.0 KB
      Peak Allocated Bytes 7.9 KB
      Overflow Count 0
    [ALLOC_TEMP_REST Message Handler]
      Initial Block Size 64.0 KB
      Current Block Size 64.0 KB
      Peak Allocated Bytes 0 B
      Overflow Count 0
    [ALLOC_TEMP_Job.worker 4]
      Initial Block Size 256.0 KB
      Current Block Size 256.0 KB
      Peak Allocated Bytes 16.9 KB
      Overflow Count 1
    [ALLOC_TEMP_Background Job.worker 1]
      Initial Block Size 32.0 KB
      Current Block Size 208.0 KB
      Peak Allocated Bytes 121.6 KB
      Overflow Count 0
    [ALLOC_TEMP_AssetDatabase.IOService]
      Initial Block Size 64.0 KB
      Current Block Size 64.0 KB
      Peak Allocated Bytes 0 B
      Overflow Count 0
    [ALLOC_TEMP_Loading.PreloadManager] x 3
      Initial Block Size 32.0 MB
      Current Block Size 32.0 MB
      Peak Allocated Bytes 2.0 MB
      Overflow Count 0
    [ALLOC_TEMP_Background Job.worker 4]
      Initial Block Size 32.0 KB
      Current Block Size 32.0 KB
      Peak Allocated Bytes 0 B
      Overflow Count 0
    [ALLOC_TEMP_Background Job.worker 7]
      Initial Block Size 32.0 KB
      Current Block Size 32.0 KB
      Peak Allocated Bytes 0 B
      Overflow Count 0
    [ALLOC_TEMP_CloudJob.worker 0]
      Initial Block Size 32.0 KB
      Current Block Size 48.0 KB
      Peak Allocated Bytes 21.5 KB
      Overflow Count 0
    [ALLOC_TEMP_Background Job.worker 10]
      Initial Block Size 32.0 KB
      Current Block Size 32.0 KB
      Peak Allocated Bytes 0 B
      Overflow Count 0
    [ALLOC_TEMP_Background Job.worker 12]
      Initial Block Size 32.0 KB
      Current Block Size 32.0 KB
      Peak Allocated Bytes 0 B
      Overflow Count 0
    [ALLOC_TEMP_Background Job.worker 13]
      Initial Block Size 32.0 KB
      Current Block Size 32.0 KB
      Peak Allocated Bytes 0 B
      Overflow Count 0
    [ALLOC_TEMP_CurlRequest]
      Initial Block Size 64.0 KB
      Current Block Size 64.0 KB
      Peak Allocated Bytes 0 B
      Overflow Count 0
    [ALLOC_TEMP_BakingJobs.worker 4]
      Initial Block Size 256.0 KB
      Current Block Size 256.0 KB
      Peak Allocated Bytes 0 B
      Overflow Count 0
    [ALLOC_TEMP_Profiler.Dispatcher]
      Initial Block Size 64.0 KB
      Current Block Size 64.0 KB
      Peak Allocated Bytes 0 B
      Overflow Count 0
    [ALLOC_TEMP_Background Job.worker 14]
      Initial Block Size 32.0 KB
      Current Block Size 32.0 KB
      Peak Allocated Bytes 0 B
      Overflow Count 0
    [ALLOC_TEMP_ReadCacheIndex] x 3
      Initial Block Size 64.0 KB
      Current Block Size 64.0 KB
      Peak Allocated Bytes 1.0 KB
      Overflow Count 0
    [ALLOC_TEMP_Background Job.worker 9]
      Initial Block Size 32.0 KB
      Current Block Size 32.0 KB
      Peak Allocated Bytes 0 B
      Overflow Count 0
    [ALLOC_TEMP_EnlightenWorker] x 4
      Initial Block Size 64.0 KB
      Current Block Size 64.0 KB
      Peak Allocated Bytes 0 B
      Overflow Count 0
    [ALLOC_TEMP_Job.worker 3]
      Initial Block Size 256.0 KB
      Current Block Size 1.9 MB
      Peak Allocated Bytes 1.9 MB
      Overflow Count 0
    [ALLOC_TEMP_Job.worker 2]
      Initial Block Size 256.0 KB
      Current Block Size 1.9 MB
      Peak Allocated Bytes 1.9 MB
      Overflow Count 0
    [ALLOC_TEMP_Loading.AsyncRead]
      Initial Block Size 64.0 KB
      Current Block Size 64.0 KB
      Peak Allocated Bytes 128 B
      Overflow Count 0
    [ALLOC_TEMP_Background Job.worker 3]
      Initial Block Size 32.0 KB
      Current Block Size 32.0 KB
      Peak Allocated Bytes 65 B
      Overflow Count 0
    [ALLOC_TEMP_Background Job.worker 2]
      Initial Block Size 32.0 KB
      Current Block Size 32.0 KB
      Peak Allocated Bytes 103 B
      Overflow Count 0
    [ALLOC_TEMP_Background Job.worker 8]
      Initial Block Size 32.0 KB
      Current Block Size 32.0 KB
      Peak Allocated Bytes 0 B
      Overflow Count 0
    [ALLOC_TEMP_OSX HID Input]
      Initial Block Size 64.0 KB
      Current Block Size 64.0 KB
      Peak Allocated Bytes 0 B
      Overflow Count 0
    [ALLOC_TEMP_BakingJobs.worker 6]
      Initial Block Size 256.0 KB
      Current Block Size 256.0 KB
      Peak Allocated Bytes 0 B
      Overflow Count 0
    [ALLOC_TEMP_BakingJobs.worker 7]
      Initial Block Size 256.0 KB
      Current Block Size 256.0 KB
      Peak Allocated Bytes 0 B
      Overflow Count 0
    [ALLOC_TEMP_Job.worker 6]
      Initial Block Size 256.0 KB
      Current Block Size 256.0 KB
      Peak Allocated Bytes 49.3 KB
      Overflow Count 1
    [ALLOC_TEMP_Background Job.worker 0]
      Initial Block Size 32.0 KB
      Current Block Size 32.0 KB
      Peak Allocated Bytes 0 B
      Overflow Count 0
    [ALLOC_TEMP_AUDIO_FMOD stream thread]
      Initial Block Size 64.0 KB
      Current Block Size 64.0 KB
      Peak Allocated Bytes 0 B
      Overflow Count 0
    [ALLOC_TEMP_AssetDatabase.FileHasherHasher] x 4
      Initial Block Size 64.0 KB
      Current Block Size 64.0 KB
      Peak Allocated Bytes 130 B
      Overflow Count 0
    [ALLOC_TEMP_BakingJobs.worker 3]
      Initial Block Size 256.0 KB
      Current Block Size 256.0 KB
      Peak Allocated Bytes 0 B
      Overflow Count 0
    [ALLOC_TEMP_Job.worker 1]
      Initial Block Size 256.0 KB
      Current Block Size 256.0 KB
      Peak Allocated Bytes 53.5 KB
      Overflow Count 1
    [ALLOC_TEMP_Background Job.worker 5]
      Initial Block Size 32.0 KB
      Current Block Size 32.0 KB
      Peak Allocated Bytes 0 B
      Overflow Count 0
    [ALLOC_TEMP_BakingJobs.worker 2]
      Initial Block Size 256.0 KB
      Current Block Size 256.0 KB
      Peak Allocated Bytes 0 B
      Overflow Count 0
    [ALLOC_TEMP_Background Job.worker 11]
      Initial Block Size 32.0 KB
      Current Block Size 32.0 KB
      Peak Allocated Bytes 0 B
      Overflow Count 0
    [ALLOC_TEMP_EditorTaskManager]
      Initial Block Size 64.0 KB
      Current Block Size 80.0 KB
      Peak Allocated Bytes 64.0 KB
      Overflow Count 0
    [ALLOC_TEMP_Job.worker 5]
      Initial Block Size 256.0 KB
      Current Block Size 1.9 MB
      Peak Allocated Bytes 1.9 MB
      Overflow Count 0
    [ALLOC_TEMP_HTTP REST Server]
      Initial Block Size 64.0 KB
      Current Block Size 64.0 KB
      Peak Allocated Bytes 70 B
      Overflow Count 0
    [ALLOC_TEMP_AssetGarbageCollectorHelper] x 7
      Initial Block Size 64.0 KB
      Current Block Size 64.0 KB
      Peak Allocated Bytes 0 B
      Overflow Count 0
    [ALLOC_TEMP_AUDIO_Audio Mixer Thread]
      Initial Block Size 64.0 KB
      Current Block Size 64.0 KB
      Peak Allocated Bytes 0 B
      Overflow Count 0
    [ALLOC_TEMP_BakingJobs.worker 5]
      Initial Block Size 256.0 KB
      Current Block Size 256.0 KB
      Peak Allocated Bytes 0 B
      Overflow Count 0
    [ALLOC_TEMP_Job.worker 0]
      Initial Block Size 256.0 KB
      Current Block Size 256.0 KB
      Peak Allocated Bytes 22.8 KB
      Overflow Count 0
[ALLOC_MEMORYPROFILER]
  Peak usage frame count: [128.0 KB-256.0 KB]: 2158 frames, [256.0 KB-0.5 MB]: 1 frames
  Requested Block Size 1.0 MB
  Peak Block count 1
  Peak Allocated memory 448.4 KB
  Peak Large allocation bytes 0 B
[ALLOC_DEFAULT] Dual Thread Allocator
  Peak main deferred allocation count 108
    [ALLOC_BUCKET]
      Large Block size 32.0 MB
      Used Block count 1
      Peak Allocated bytes 8.8 MB
    [ALLOC_DEFAULT_MAIN]
      Peak usage frame count: [64.0 MB-128.0 MB]: 2159 frames
      Requested Block Size 16.0 MB
      Peak Block count 7
      Peak Allocated memory 98.7 MB
      Peak Large allocation bytes 0 B
    [ALLOC_DEFAULT_THREAD]
      Peak usage frame count: [1.0 MB-2.0 MB]: 2158 frames, [32.0 MB-64.0 MB]: 1 frames
      Requested Block Size 16.0 MB
      Peak Block count 1
      Peak Allocated memory 43.5 MB
      Peak Large allocation bytes 29.0 MB
[ALLOC_TEMP_JOB_1_FRAME]
  Initial Block Size 2.0 MB
  Used Block Count 0
  Overflow Count (too large) 0
  Overflow Count (full) 0
[ALLOC_TEMP_JOB_2_FRAMES]
  Initial Block Size 2.0 MB
  Used Block Count 0
  Overflow Count (too large) 0
  Overflow Count (full) 0
[ALLOC_TEMP_JOB_4_FRAMES (JobTemp)]
  Initial Block Size 2.0 MB
  Used Block Count 1
  Overflow Count (too large) 0
  Overflow Count (full) 0
[ALLOC_TEMP_JOB_ASYNC (Background)]
  Initial Block Size 1.0 MB
  Used Block Count 1
  Overflow Count (too large) 3
  Overflow Count (full) 0
[ALLOC_GFX] Dual Thread Allocator
  Peak main deferred allocation count 14
    [ALLOC_BUCKET]
      Large Block size 32.0 MB
      Used Block count 1
      Peak Allocated bytes 8.8 MB
    [ALLOC_GFX_MAIN]
      Peak usage frame count: [8.0 MB-16.0 MB]: 2158 frames, [16.0 MB-32.0 MB]: 1 frames
      Requested Block Size 16.0 MB
      Peak Block count 2
      Peak Allocated memory 25.1 MB
      Peak Large allocation bytes 0 B
    [ALLOC_GFX_THREAD]
      Peak usage frame count: [2.0 KB-4.0 KB]: 2159 frames
      Requested Block Size 16.0 MB
      Peak Block count 1
      Peak Allocated memory 2.2 KB
      Peak Large allocation bytes 0 B
[ALLOC_CACHEOBJECTS] Dual Thread Allocator
  Peak main deferred allocation count 775
    [ALLOC_BUCKET]
      Large Block size 32.0 MB
      Used Block count 1
      Peak Allocated bytes 8.8 MB
    [ALLOC_CACHEOBJECTS_MAIN]
      Peak usage frame count: [16.0 MB-32.0 MB]: 2158 frames, [32.0 MB-64.0 MB]: 1 frames
      Requested Block Size 4.0 MB
      Peak Block count 12
      Peak Allocated memory 32.9 MB
      Peak Large allocation bytes 10.7 MB
    [ALLOC_CACHEOBJECTS_THREAD]
      Peak usage frame count: [32.0 KB-64.0 KB]: 2158 frames, [128.0 KB-256.0 KB]: 1 frames
      Requested Block Size 4.0 MB
      Peak Block count 1
      Peak Allocated memory 163.8 KB
      Peak Large allocation bytes 0 B
[ALLOC_TYPETREE] Dual Thread Allocator
  Peak main deferred allocation count 524
    [ALLOC_BUCKET]
      Large Block size 32.0 MB
      Used Block count 1
      Peak Allocated bytes 8.8 MB
    [ALLOC_TYPETREE_MAIN]
      Peak usage frame count: [256.0 KB-0.5 MB]: 2158 frames, [8.0 MB-16.0 MB]: 1 frames
      Requested Block Size 2.0 MB
      Peak Block count 7
      Peak Allocated memory 11.9 MB
      Peak Large allocation bytes 0 B
    [ALLOC_TYPETREE_THREAD]
      Peak usage frame count: [64.0 KB-128.0 KB]: 2159 frames
      Requested Block Size 2.0 MB
      Peak Block count 1
      Peak Allocated memory 148.2 KB
      Peak Large allocation bytes 0 B
[ALLOC_PROFILER]
  Peak usage frame count: [0.5 MB-1.0 MB]: 2159 frames
  Requested Block Size 16.0 MB
  Peak Block count 1
  Peak Allocated memory 0.7 MB
  Peak Large allocation bytes 0 B
    [ALLOC_PROFILER_BUCKET]
      Large Block size 32.0 MB
      Used Block count 1
      Peak Allocated bytes 11.8 KB
[ALLOC_PROFILER_EDITOR]
  Peak usage frame count: [0-1.0 KB]: 2159 frames
  Requested Block Size 1.0 MB
  Peak Block count 0
  Peak Allocated memory 0 B
  Peak Large allocation bytes 0 B
    [ALLOC_PROFILER_BUCKET]
      Large Block size 32.0 MB
      Used Block count 1
      Peak Allocated bytes 11.8 KB
##utp:{"type":"MemoryLeaks","version":2,"phase":"Immediate","time":1778087581573,"processId":89886,"allocatedMemory":17501605,"memoryLabels":[{"Default":11375},{"Permanent":15536},{"Thread":1083508},{"Manager":30015},{"VertexData":12},{"Geometry":280},{"Texture":168},{"Shader":67451},{"Material":24},{"GfxDevice":38288},{"Animation":304},{"Audio":3904},{"FontEngine":288},{"Physics":561},{"Serialization":612},{"Input":9024},{"JobScheduler":232},{"Mono":40},{"ScriptingNativeRuntime":7924888},{"BaseObject":1618916},{"Resource":912},{"Renderer":2272},{"Transform":24},{"File":9487},{"WebCam":40},{"Culling":40},{"Terrain":1025},{"Wind":24},{"String":14798},{"DynamicArray":132728},{"HashMap":86721},{"Utility":289286},{"Curl":1056},{"PoolAlloc":1464},{"AI":40},{"TypeTree":4533},{"ScriptManager":528},{"RuntimeInitializeOnLoadManager":72},{"SpriteAtlas":112},{"GI":3656},{"Director":7880},{"CloudService":536},{"WebRequest":816},{"VR":45641},{"SceneManager":616},{"Video":2120},{"LazyScriptCache":32},{"NativeArray":12},{"Camera":25},{"Secure":9817},{"SerializationCache":1576},{"APIUpdating":11856},{"Subsystems":384},{"VirtualTexturing":57512},{"StaticSafetyDebugInfo":327680},{"Baselib":16},{"EditorGui":80},{"EditorUtility":5847},{"VersionControl":4},{"Undo":720},{"AssetDatabase":5626675},{"RestService":1310},{"EditorGi":376},{"License":3616},{"UnityConnect":25512},{"Collab":785},{"Upm":1600},{"DrivenProperties":80},{"LocalIPC":222},{"ProfilerEditor":10967},{"CoreBusinessMetrics":2984},{"AssetReference":32},{"IPCStream":32}]}
