Unity Editor version:    2022.3.0f1 (fb119bb0b476)
Branch:                  2022.3/release
Build type:              Release
Batch mode:              YES
macOS version:           Version 26.3.1 (a) (Build 25D771280a)
Darwin version:          25.3.0
Architecture:            arm64
Running under Rosetta:   NO
Available memory:        8192 MB
[Licensing::Module] Trying to connect to existing licensing client channel...
[Licensing::IpcConnector] Connection attempt to the License Client on channel: "LicenseClient-guribbong" failed because channel doesn't exist; code: "0x80000002"
Launching external process: /Applications/Unity/Hub/Editor/2022.3.0f1/Unity.app/Contents/Frameworks/UnityLicensingClient.app/Contents/MacOS/Unity.Licensing.Client
[Licensing::Module] Successfully launched the LicensingClient (PId: 37481)
[Licensing::IpcConnector] Successfully connected to the License Client on channel: "LicenseClient-guribbong"
[Licensing::Client] Handshaking with LicensingClient:
  Version:                 1.12.1+9338cad
  Session Id:              54160d4c8e4848c5abdfa1508af3b79b
  Correlation Id:          3eefd32e9e2e6d7a7e9e8711cd504247
  External correlation Id: 8159622319026950673
  Machine Id:              kK/taOzULwH3CoqhnK6anvJ0b88=
[Licensing::Module] Successfully connected to LicensingClient on channel: "LicenseClient-guribbong" (connect: 2.54s, validation: 0.13s, handshake: 0.31s)
[Licensing::IpcConnector] Successfully connected to the License Notification on channel: "LicenseClient-guribbong-notifications"
[Licensing::Module] Connected to LicensingClient (PId: 37481, launch time: 0.00, total connection time: 2.99s)
[Licensing::Module] Error: Access token is unavailable; failed to update
[Licensing::Client] Error: Code 500 while processing request (status: Unable to update licenses. Errors: No ULF license found.,Token not found in cache)
[Licensing::Client] Error: Code 500 while updating license in client (status: Unable to update licenses. Errors: No ULF license found.,Token not found in cache)
[Licensing::Client] Successfully resolved entitlements
[Licensing::Module] Serial number assigned to: "14568638156105-UnityPersXXXX"
Pro License: NO
Launching external process: /Applications/Unity/Hub/Editor/2022.3.0f1/Unity.app/Contents/Resources/PackageManager/Server/UnityPackageManager

COMMAND LINE ARGUMENTS:
/Applications/Unity/Hub/Editor/2022.3.0f1/Unity.app/Contents/MacOS/Unity
-batchmode
-projectPath
/Users/guribbong/code/Argus/unity/EmbodiedDebate
-runTests
-testPlatform
EditMode
-assemblyNames
ArgusUnity.Tests.EditMode
-testResults
/Users/guribbong/code/Argus/tmp/run-locomotion-editmode-results.xml
-logFile
/Users/guribbong/code/Argus/tmp/run-locomotion-editmode.log
Successfully changed project path to: /Users/guribbong/code/Argus/unity/EmbodiedDebate
/Users/guribbong/code/Argus/unity/EmbodiedDebate
[UnityMemory] Configuration Parameters - Can be set up in boot.config
    "memorysetup-bucket-allocator-granularity=16"
    "memorysetup-bucket-allocator-bucket-count=8"
    "memorysetup-bucket-allocator-block-size=33554432"
    "memorysetup-bucket-allocator-block-count=8"
    "memorysetup-main-allocator-block-size=16777216"
    "memorysetup-thread-allocator-block-size=16777216"
    "memorysetup-gfx-main-allocator-block-size=16777216"
    "memorysetup-gfx-thread-allocator-block-size=16777216"
    "memorysetup-cache-allocator-block-size=4194304"
    "memorysetup-typetree-allocator-block-size=2097152"
    "memorysetup-profiler-bucket-allocator-granularity=16"
    "memorysetup-profiler-bucket-allocator-bucket-count=8"
    "memorysetup-profiler-bucket-allocator-block-size=33554432"
    "memorysetup-profiler-bucket-allocator-block-count=8"
    "memorysetup-profiler-allocator-block-size=16777216"
    "memorysetup-profiler-editor-allocator-block-size=1048576"
    "memorysetup-temp-allocator-size-main=16777216"
    "memorysetup-job-temp-allocator-block-size=2097152"
    "memorysetup-job-temp-allocator-block-size-background=1048576"
    "memorysetup-job-temp-allocator-reduction-small-platforms=262144"
    "memorysetup-allocator-temp-initial-block-size-main=262144"
    "memorysetup-allocator-temp-initial-block-size-worker=262144"
    "memorysetup-temp-allocator-size-background-worker=32768"
    "memorysetup-temp-allocator-size-job-worker=262144"
    "memorysetup-temp-allocator-size-preload-manager=33554432"
    "memorysetup-temp-allocator-size-nav-mesh-worker=65536"
    "memorysetup-temp-allocator-size-audio-worker=65536"
    "memorysetup-temp-allocator-size-cloud-worker=32768"
    "memorysetup-temp-allocator-size-gi-baking-worker=262144"
    "memorysetup-temp-allocator-size-gfx=262144"
Player connection [8649715968] Host "[IP] 192.168.3.1 [Port] 55496 [Flags] 2 [Guid] 1898692139 [EditorId] 1898692139 [Version] 1048832 [Id] OSXEditor(0,topabaem.local) [Debug] 1 [PackageName] OSXEditor [ProjectName] Editor" joined multi-casting on [225.0.0.222:54997]...

Player connection [8649715968] Host "[IP] 192.168.3.1 [Port] 55496 [Flags] 2 [Guid] 1898692139 [EditorId] 1898692139 [Version] 1048832 [Id] OSXEditor(0,topabaem.local) [Debug] 1 [PackageName] OSXEditor [ProjectName] Editor" joined alternative multi-casting on [225.0.0.222:34997]...

[Package Manager] UpmClient::Connect -- Connected to IPC stream "Upm-37479" after 0.6 seconds.
[Licensing::Client] Successfully resolved entitlements
[Package Manager] Restoring resolved packages state from cache
[Licensing::Client] Successfully resolved entitlement details
[Package Manager] Registered 19 packages:
  Packages from [https://packages.unity.com]:
    com.unity.nuget.newtonsoft-json@3.2.1 (location: /Users/guribbong/code/Argus/unity/EmbodiedDebate/Library/PackageCache/com.unity.nuget.newtonsoft-json@3.2.1)
    com.unity.test-framework@1.1.33 (location: /Users/guribbong/code/Argus/unity/EmbodiedDebate/Library/PackageCache/com.unity.test-framework@1.1.33)
    com.unity.ext.nunit@1.0.6 (location: /Users/guribbong/code/Argus/unity/EmbodiedDebate/Library/PackageCache/com.unity.ext.nunit@1.0.6)
    com.unity.mathematics@1.2.6 (location: /Users/guribbong/code/Argus/unity/EmbodiedDebate/Library/PackageCache/com.unity.mathematics@1.2.6)
    com.unity.burst@1.8.4 (location: /Users/guribbong/code/Argus/unity/EmbodiedDebate/Library/PackageCache/com.unity.burst@1.8.4)
    com.unity.searcher@4.9.2 (location: /Users/guribbong/code/Argus/unity/EmbodiedDebate/Library/PackageCache/com.unity.searcher@4.9.2)
  Built-in packages:
    com.unity.modules.animation@1.0.0 (location: /Users/guribbong/code/Argus/unity/EmbodiedDebate/Library/PackageCache/com.unity.modules.animation@1.0.0)
    com.unity.modules.imageconversion@1.0.0 (location: /Users/guribbong/code/Argus/unity/EmbodiedDebate/Library/PackageCache/com.unity.modules.imageconversion@1.0.0)
    com.unity.modules.physics@1.0.0 (location: /Users/guribbong/code/Argus/unity/EmbodiedDebate/Library/PackageCache/com.unity.modules.physics@1.0.0)
    com.unity.modules.unitywebrequest@1.0.0 (location: /Users/guribbong/code/Argus/unity/EmbodiedDebate/Library/PackageCache/com.unity.modules.unitywebrequest@1.0.0)
    com.unity.render-pipelines.universal@14.0.7 (location: /Users/guribbong/code/Argus/unity/EmbodiedDebate/Library/PackageCache/com.unity.render-pipelines.universal@14.0.7)
    com.unity.modules.imgui@1.0.0 (location: /Users/guribbong/code/Argus/unity/EmbodiedDebate/Library/PackageCache/com.unity.modules.imgui@1.0.0)
    com.unity.modules.jsonserialize@1.0.0 (location: /Users/guribbong/code/Argus/unity/EmbodiedDebate/Library/PackageCache/com.unity.modules.jsonserialize@1.0.0)
    com.unity.render-pipelines.core@14.0.7 (location: /Users/guribbong/code/Argus/unity/EmbodiedDebate/Library/PackageCache/com.unity.render-pipelines.core@14.0.7)
    com.unity.shadergraph@14.0.7 (location: /Users/guribbong/code/Argus/unity/EmbodiedDebate/Library/PackageCache/com.unity.shadergraph@14.0.7)
    com.unity.ugui@1.0.0 (location: /Users/guribbong/code/Argus/unity/EmbodiedDebate/Library/PackageCache/com.unity.ugui@1.0.0)
    com.unity.modules.terrain@1.0.0 (location: /Users/guribbong/code/Argus/unity/EmbodiedDebate/Library/PackageCache/com.unity.modules.terrain@1.0.0)
    com.unity.modules.ui@1.0.0 (location: /Users/guribbong/code/Argus/unity/EmbodiedDebate/Library/PackageCache/com.unity.modules.ui@1.0.0)
  Embedded packages:
    com.unity.cloud.gltfast@file:/Users/guribbong/code/Argus/unity/EmbodiedDebate/Packages/com.unity.cloud.gltfast (location: /Users/guribbong/code/Argus/unity/EmbodiedDebate/Packages/com.unity.cloud.gltfast)
[Subsystems] No new subsystems found in resolved package list.
Package Manager log level set to [2]
[Package Manager] Done registering packages in 0.19 seconds
Refreshing native plugins compatible for Editor in 7.22 ms, found 0 plugins.
Preloading 0 native plugins for Editor in 0.00 ms.
Initialize engine version: 2022.3.0f1 (fb119bb0b476)
[Subsystems] Discovering subsystems at path /Applications/Unity/Hub/Editor/2022.3.0f1/Unity.app/Contents/Resources/UnitySubsystems
[Subsystems] Discovering subsystems at path /Users/guribbong/code/Argus/unity/EmbodiedDebate/Assets
GfxDevice: creating device client; threaded=0; jobified=0
 preferred device: Apple M2 (high power)
Metal devices available: 1
0: Apple M2 (high power)
Using device Apple M2 (high power)
Initializing Metal device caps: Apple M2
[Licensing::Client] Successfully resolved entitlements
Initialize mono
Mono path[0] = '/Applications/Unity/Hub/Editor/2022.3.0f1/Unity.app/Contents/Managed'
Mono path[1] = '/Applications/Unity/Hub/Editor/2022.3.0f1/Unity.app/Contents/MonoBleedingEdge/lib/mono/unityjit-macos'
Mono config path = '/Applications/Unity/Hub/Editor/2022.3.0f1/Unity.app/Contents/MonoBleedingEdge/etc'
Using monoOptions --debugger-agent=transport=dt_socket,embedding=1,server=y,suspend=n,address=127.0.0.1:56479
Using cacheserver namespaces - metadata:defaultmetadata, artifacts:defaultartifacts
Using cacheserver namespaces - metadata:defaultmetadata, artifacts:defaultartifacts
ImportWorker Server TCP listen port: 0
Begin MonoManager ReloadAssembly
Registering precompiled unity dll's ...
Register platform support module: /Applications/Unity/Hub/Editor/2022.3.0f1/Unity.app/Contents/PlaybackEngines/MacStandaloneSupport/UnityEditor.OSXStandalone.Extensions.dll
Registered in 0.001558 seconds.
- Loaded All Assemblies, in  0.265 seconds
Native extension for OSXStandalone target not found
Mono: successfully reloaded assembly
- Finished resetting the current domain, in  0.163 seconds
Domain Reload Profiling: 428ms
	BeginReloadAssembly (98ms)
		ExecutionOrderSort (0ms)
		DisableScriptedObjects (0ms)
		BackupInstance (0ms)
		ReleaseScriptingObjects (0ms)
		CreateAndSetChildDomain (1ms)
	RebuildCommonClasses (29ms)
	RebuildNativeTypeToScriptingClass (7ms)
	initialDomainReloadingComplete (34ms)
	LoadAllAssembliesAndSetupDomain (96ms)
		LoadAssemblies (98ms)
		RebuildTransferFunctionScriptingTraits (0ms)
		AnalyzeDomain (92ms)
			TypeCache.Refresh (92ms)
				TypeCache.ScanAssembly (80ms)
			ScanForSourceGeneratedMonoScriptInfo (0ms)
			ResolveRequiredComponents (1ms)
	FinalizeReload (163ms)
		ReleaseScriptCaches (0ms)
		RebuildScriptCaches (0ms)
		SetupLoadedEditorAssemblies (126ms)
			LogAssemblyErrors (0ms)
			InitializePlatformSupportModulesInManaged (4ms)
			SetLoadedEditorAssemblies (4ms)
			RefreshPlugins (0ms)
			BeforeProcessingInitializeOnLoad (1ms)
			ProcessInitializeOnLoadAttributes (88ms)
			ProcessInitializeOnLoadMethodAttributes (29ms)
			AfterProcessingInitializeOnLoad (0ms)
			EditorAssembliesLoaded (0ms)
		ExecutionOrderSort2 (0ms)
		AwakeInstancesAfterBackupRestoration (0ms)
[Licensing::Client] Successfully resolved entitlements
Application.AssetDatabase Initial Refresh Start
[40m[32minfo[39m[22m[49m: Microsoft.Hosting.Lifetime[14]
      Now listening on: http://unix:/tmp/ilpp.sock-8e16111b622e4d5ea6b5ecc926298bfd
[40m[32minfo[39m[22m[49m: Microsoft.Hosting.Lifetime[0]
      Application started. Press Ctrl+C to shut down.
[40m[32minfo[39m[22m[49m: Microsoft.Hosting.Lifetime[0]
      Hosting environment: Production
[40m[32minfo[39m[22m[49m: Microsoft.Hosting.Lifetime[0]
      Content root path: /Users/guribbong/code/Argus/unity/EmbodiedDebate/
[40m[32minfo[39m[22m[49m: Microsoft.AspNetCore.Hosting.Diagnostics[1]
      Request starting HTTP/2 POST http://ilpp/UnityILPP.PostProcessing/Ping application/grpc -
[40m[32minfo[39m[22m[49m: Microsoft.AspNetCore.Routing.EndpointMiddleware[0]
      Executing endpoint 'gRPC - /UnityILPP.PostProcessing/Ping'
[40m[32minfo[39m[22m[49m: Microsoft.AspNetCore.Routing.EndpointMiddleware[1]
      Executed endpoint 'gRPC - /UnityILPP.PostProcessing/Ping'
[40m[32minfo[39m[22m[49m: Microsoft.AspNetCore.Hosting.Diagnostics[2]
      Request finished HTTP/2 POST http://ilpp/UnityILPP.PostProcessing/Ping application/grpc - - 200 - application/grpc 51.1809ms
Starting: /Applications/Unity/Hub/Editor/2022.3.0f1/Unity.app/Contents/bee_backend --dont-print-to-structured-log --ipc --defer-dag-verification --dagfile="Library/Bee/200b0aE.dag" --continue-on-failure --profile="Library/Bee/backend1.traceevents" ScriptAssemblies
WorkingDir: /Users/guribbong/code/Argus/unity/EmbodiedDebate
DisplayProgressbar: Compiling Scripts
[40m[32minfo[39m[22m[49m: Microsoft.AspNetCore.Hosting.Diagnostics[1]
      Request starting HTTP/2 POST http://ilpp/UnityILPP.PostProcessing/ConfigurePostProcessors application/grpc -
[40m[32minfo[39m[22m[49m: Microsoft.AspNetCore.Routing.EndpointMiddleware[0]
      Executing endpoint 'gRPC - /UnityILPP.PostProcessing/ConfigurePostProcessors'
[40m[1m[33mwarn[39m[22m[49m: Unity.ILPP.Runner.PostProcessingAssemblyLoadContext[0]
      Assembly system.runtime.interopservices.windowsruntime has duplicate hint path. Ignoring "/Applications/Unity/Hub/Editor/2022.3.0f1/Unity.app/Contents/UnityReferenceAssemblies/unity-4.8-api/Facades/System.Runtime.InteropServices.WindowsRuntime.dll" in favor of "/Applications/Unity/Hub/Editor/2022.3.0f1/Unity.app/Contents/NetStandard/Extensions/2.0.0/System.Runtime.InteropServices.WindowsRuntime.dll"
[40m[1m[33mwarn[39m[22m[49m: Unity.ILPP.Runner.PostProcessingAssemblyLoadContext[0]
      Assembly system.componentmodel.composition has duplicate hint path. Ignoring "/Applications/Unity/Hub/Editor/2022.3.0f1/Unity.app/Contents/UnityReferenceAssemblies/unity-4.8-api/System.ComponentModel.Composition.dll" in favor of "/Applications/Unity/Hub/Editor/2022.3.0f1/Unity.app/Contents/NetStandard/compat/2.1.0/shims/netfx/System.ComponentModel.Composition.dll"
[40m[32minfo[39m[22m[49m: Unity.ILPP.Runner.PostProcessingAssemblyLoadContext[0]
      Resolved Unity.Burst.Cecil, Version=0.11.4.0, Culture=neutral, PublicKeyToken=50cebf1cceb9d05e with Library/PackageCache/com.unity.burst@1.8.4/Unity.Burst.CodeGen/Unity.Burst.Cecil.dll
[40m[32minfo[39m[22m[49m: Microsoft.AspNetCore.Routing.EndpointMiddleware[1]
      Executed endpoint 'gRPC - /UnityILPP.PostProcessing/ConfigurePostProcessors'
[40m[32minfo[39m[22m[49m: Microsoft.AspNetCore.Hosting.Diagnostics[2]
      Request finished HTTP/2 POST http://ilpp/UnityILPP.PostProcessing/ConfigurePostProcessors application/grpc - - 200 - application/grpc 18.3172ms
ExitCode: 0 Duration: 0s218ms
[295/377    0s] ILPP-Configuration Library/ilpp-configuration.nevergeneratedoutput
*** Tundra build success (0.20 seconds), 1 items updated, 377 evaluated
AssetDatabase: script compilation time: 0.824130s
Total cache size 25932744
Total cache size after purge 25932744
Begin MonoManager ReloadAssembly
Symbol file LoadedFromMemory is not a mono symbol file
- Loaded All Assemblies, in  0.328 seconds
Refreshing native plugins compatible for Editor in 1.31 ms, found 0 plugins.
Preloading 0 native plugins for Editor in 0.00 ms.
Refreshing native plugins compatible for Editor in 0.51 ms, found 0 plugins.
Native extension for OSXStandalone target not found
Mono: successfully reloaded assembly
- Finished resetting the current domain, in  1.463 seconds
Domain Reload Profiling: 1792ms
	BeginReloadAssembly (71ms)
		ExecutionOrderSort (0ms)
		DisableScriptedObjects (3ms)
		BackupInstance (0ms)
		ReleaseScriptingObjects (0ms)
		CreateAndSetChildDomain (20ms)
	RebuildCommonClasses (21ms)
	RebuildNativeTypeToScriptingClass (7ms)
	initialDomainReloadingComplete (13ms)
	LoadAllAssembliesAndSetupDomain (215ms)
		LoadAssemblies (121ms)
		RebuildTransferFunctionScriptingTraits (0ms)
		AnalyzeDomain (125ms)
			TypeCache.Refresh (114ms)
				TypeCache.ScanAssembly (108ms)
			ScanForSourceGeneratedMonoScriptInfo (6ms)
			ResolveRequiredComponents (5ms)
	FinalizeReload (1463ms)
		ReleaseScriptCaches (0ms)
		RebuildScriptCaches (0ms)
		SetupLoadedEditorAssemblies (1363ms)
			LogAssemblyErrors (0ms)
			InitializePlatformSupportModulesInManaged (2ms)
			SetLoadedEditorAssemblies (2ms)
			RefreshPlugins (0ms)
			BeforeProcessingInitializeOnLoad (26ms)
			ProcessInitializeOnLoadAttributes (1194ms)
			ProcessInitializeOnLoadMethodAttributes (139ms)
			AfterProcessingInitializeOnLoad (1ms)
			EditorAssembliesLoaded (0ms)
		ExecutionOrderSort2 (0ms)
		AwakeInstancesAfterBackupRestoration (2ms)
Start importing Assets/Project/Scenes/MiniBotHideAndSeekDesign.unity using Guid(9a4a9106e8b4148eea11b87fdf0edb7b) Importer(-1,00000000000000000000000000000000)  -> (artifact id: 'fd1c2404a3758cddafcac8b884d0d4b4') in 0.008482 seconds
Start importing Assets/Project/Resources/Animations/Controllers/MiniBotLocomotion.controller using Guid(ebda5135bdb3d4046b43dbf48b9b966f) Importer(-1,00000000000000000000000000000000)  -> (artifact id: 'aeabbb4909bec33ffd89ec35cbbe965e') in 0.016699 seconds
Refreshing native plugins compatible for Editor in 0.50 ms, found 0 plugins.
Preloading 0 native plugins for Editor in 0.00 ms.
Asset Pipeline Refresh (id=8f6ee4eda063245d889d79cf07750237): Total: 3.600 seconds - Initiated by InitialRefreshV2(ForceSynchronousImport)
	Summary:
		Imports: total=561 (actual=1, local cache=560, cache server=0)
		Asset DB Process Time: managed=1 ms, native=917 ms
		Asset DB Callback time: managed=29 ms, native=5 ms
		Scripting: domain reloads=1, domain reload time=1809 ms, compile time=824 ms, other=12 ms
		Project Asset Count: scripts=3121, non-scripts=1540
		Asset File Changes: new=0, changed=2, moved=0, deleted=0
		Scan Filter Count: 1
	InvokeBeforeRefreshCallbacks: 0.211ms
	ApplyChangesToAssetFolders: 0.014ms
	Scan: 238.742ms
	OnSourceAssetsModified: 1.646ms
	GetAllGuidsForCategorization: 0.297ms
	CategorizeAssets: 75.222ms
	ImportOutOfDateAssets: 1524.976ms (644.480ms without children)
		ImportManagerImport: 47.815ms (21.120ms without children)
			ImportInProcess: 26.684ms
			UpdateCategorizedAssets: 0.011ms
		CompileScripts: 824.187ms
		ReloadNativeAssets: 0.193ms
		UnloadImportedAssets: 6.533ms
		ReloadImportedAssets: 0.000ms
		EnsureUptoDateAssetsAreRegisteredWithGuidPM: 1.270ms
		InitializingProgressBar: 0.007ms
		PostProcessAllAssetNotificationsAddChangedAssets: 0.000ms
		OnDemandSchedulerStart: 0.491ms
	PostProcessAllAssets: 29.771ms
	Hotreload: 2.706ms
	GatherAllCurrentPrimaryArtifactRevisions: 0.000ms
	UnloadStreamsBegin: 0.917ms
	PersistCurrentRevisions: 0.157ms
	UnloadStreamsEnd: 0.006ms
	GenerateScriptTypeHashes: 1.006ms
	Untracked: 1725.773ms
Application.AssetDatabase Initial Refresh End
Launching external process: /Applications/Unity/Hub/Editor/2022.3.0f1/Unity.app/Contents/Tools/UnityShaderCompiler
Launched and connected shader compiler UnityShaderCompiler after 0.23 seconds
Scanning for USB devices : 0.171ms
Initializing Unity extensions:
[MODES] ModeService[none].Initialize
[MODES] ModeService[none].LoadModes
[MODES] Loading mode Default (0) for mode-current-id-EmbodiedDebate
ProgressiveSceneManager::Cancel()
Unloading 6 Unused Serialized files (Serialized files now loaded: 0)
Unloading 60 unused Assets / (0.7 MB). Loaded Objects now: 3137.
Memory consumption went from 131.1 MB to 130.4 MB.
Total: 4.167667 ms (FindLiveObjects: 0.134375 ms CreateObjectMapping: 0.038250 ms MarkObjects: 3.462958 ms  DeleteObjects: 0.531542 ms)

[Project] Loading completed in 9.821 seconds
	Project init time: 				6.117 seconds
		Template init time: 		0.000 seconds
		Package Manager init time: 		0.640 seconds
		Asset Database init time: 		0.450 seconds
		Global illumination init time: 	0.004 seconds
		Assemblies load time: 			0.431 seconds
		Unity extensions init time: 	0.002 seconds
		Asset Database refresh time: 	0.000 seconds
	Scene opening time: 			0.108 seconds
##utp:{"type":"ProjectInfo","version":2,"phase":"Immediate","time":1778239905014,"processId":37479,"projectLoad":9.821098833,"projectInit":6.1174925,"templateInit":0.0,"packageManagerInit":0.640149292,"assetDatabaseInit":0.450341791,"globalIlluminationInit":0.003782458,"assembliesLoad":0.43130625,"unityExtensionsInit":0.002340792,"assetDatabaseRefresh":0.0,"sceneOpening":0.107787542}
##utp:{"type":"EditorInfo","version":2,"phase":"Immediate","time":1778239905014,"processId":37479,"editorVersion":"2022.3.0f1 (fb119bb0b476)","branch":"2022.3/release","buildType":"Release","platform":"OSX"}
Subscribe to USB device events
Scanning for USB devices : 0.092ms
Running tests for EditMode
Executing tests with settings: test mode = EditMode
UnityEngine.StackTraceUtility:ExtractStackTrace () (at /Users/bokken/build/output/unity/unity/Runtime/Export/Scripting/StackTrace.cs:37)
UnityEngine.DebugLogHandler:LogFormat (UnityEngine.LogType,UnityEngine.Object,string,object[])
UnityEngine.Logger:Log (UnityEngine.LogType,object)
UnityEngine.Debug:Log (object)
UnityEditor.TestTools.TestRunner.CommandLineTest.Executer:InitializeAndExecuteRun (string[]) (at ./Library/PackageCache/com.unity.test-framework@1.1.33/UnityEditor.TestRunner/CommandLineTest/Executer.cs:47)
UnityEditor.TestTools.TestRunner.CommandLineTest.TestStarter:UpdateWatch () (at ./Library/PackageCache/com.unity.test-framework@1.1.33/UnityEditor.TestRunner/CommandLineTest/TestStarter.cs:50)
UnityEditor.EditorApplication:Internal_CallUpdateFunctions () (at /Users/bokken/build/output/unity/unity/Editor/Mono/EditorApplication.cs:362)

(Filename: ./Library/PackageCache/com.unity.test-framework@1.1.33/UnityEditor.TestRunner/CommandLineTest/Executer.cs Line: 47)

[UnityConnectServicesConfig] config is NOT valid, switching to default
Created GICache directory at /Users/guribbong/Library/Caches/com.unity3d.UnityEditor/GiCache. Took: 0.002s, timestamps: [9.834 - 9.836]
gi::BakeBackendSwitch: switching bake backend from 3 to 2.
[00:00:00] Builtin Sky manager started.
[00:00:00] Finished 1 Bake Ambient Probe job (0.00s execute, 0.00s integrate, 0.07s wallclock)
[00:00:00] Finished 1 Bake Ambient Probe job (0.00s execute, 0.00s integrate, 0.06s wallclock)
Unloading 2 Unused Serialized files (Serialized files now loaded: 0)
Unloading 0 unused Assets / (4.4 KB). Loaded Objects now: 3178.
Memory consumption went from 139.2 MB to 139.2 MB.
Total: 10.025916 ms (FindLiveObjects: 0.091041 ms CreateObjectMapping: 0.035542 ms MarkObjects: 9.894375 ms  DeleteObjects: 0.004208 ms)

DisplayProgressbar: Test Runner
The Animator Controller (MissingParamController) you have used is not valid. Animations will not play
UnityEngine.StackTraceUtility:ExtractStackTrace () (at /Users/bokken/build/output/unity/unity/Runtime/Export/Scripting/StackTrace.cs:37)
ArgusUnity.Tests.EditMode.AgentLocomotionDriverTests:MissingAnimatorParametersLogsWarning () (at Assets/Tests/EditMode/AgentLocomotionDriverTests.cs:121)
System.Reflection.RuntimeMethodInfo:Invoke (object,System.Reflection.BindingFlags,System.Reflection.Binder,object[],System.Globalization.CultureInfo)
System.Reflection.MethodBase:Invoke (object,object[])
NUnit.Framework.Internal.Reflect:InvokeMethod (System.Reflection.MethodInfo,object,object[])
NUnit.Framework.Internal.MethodWrapper:Invoke (object,object[])
NUnit.Framework.Internal.Commands.TestMethodCommand:RunNonAsyncTestMethod (NUnit.Framework.Internal.ITestExecutionContext)
NUnit.Framework.Internal.Commands.TestMethodCommand:RunTestMethod (NUnit.Framework.Internal.ITestExecutionContext)
NUnit.Framework.Internal.Commands.TestMethodCommand:Execute (NUnit.Framework.Internal.ITestExecutionContext)
UnityEngine.TestTools.UnityTestMethodCommand:Execute (NUnit.Framework.Internal.ITestExecutionContext) (at ./Library/PackageCache/com.unity.test-framework@1.1.33/UnityEngine.TestRunner/NUnitExtensions/Commands/UnityTestMethodCommand.cs:16)
UnityEngine.TestRunner.NUnitExtensions.Runner.UnityLogCheckDelegatingCommand/<>c__DisplayClass2_0:<Execute>b__0 () (at ./Library/PackageCache/com.unity.test-framework@1.1.33/UnityEngine.TestRunner/NUnitExtensions/Runner/UnityLogCheckDelegatingCommand.cs:25)
UnityEngine.TestRunner.NUnitExtensions.Runner.UnityLogCheckDelegatingCommand:CaptureException (NUnit.Framework.Internal.TestResult,System.Action) (at ./Library/PackageCache/com.unity.test-framework@1.1.33/UnityEngine.TestRunner/NUnitExtensions/Runner/UnityLogCheckDelegatingCommand.cs:69)
UnityEngine.TestRunner.NUnitExtensions.Runner.UnityLogCheckDelegatingCommand:ExecuteAndCheckLog (UnityEngine.TestTools.Logging.LogScope,NUnit.Framework.Internal.TestResult,System.Action) (at ./Library/PackageCache/com.unity.test-framework@1.1.33/UnityEngine.TestRunner/NUnitExtensions/Runner/UnityLogCheckDelegatingCommand.cs:80)
UnityEngine.TestRunner.NUnitExtensions.Runner.UnityLogCheckDelegatingCommand:Execute (NUnit.Framework.Internal.ITestExecutionContext) (at ./Library/PackageCache/com.unity.test-framework@1.1.33/UnityEngine.TestRunner/NUnitExtensions/Runner/UnityLogCheckDelegatingCommand.cs:25)
UnityEngine.TestRunner.NUnitExtensions.Runner.UnityLogCheckDelegatingCommand/<ExecuteEnumerable>d__3:MoveNext () (at ./Library/PackageCache/com.unity.test-framework@1.1.33/UnityEngine.TestRunner/NUnitExtensions/Runner/UnityLogCheckDelegatingCommand.cs:36)
UnityEngine.TestTools.BeforeAfterTestCommandBase`1/<ExecuteEnumerable>d__15<NUnit.Framework.ITestAction>:MoveNext () (at ./Library/PackageCache/com.unity.test-framework@1.1.33/UnityEngine.TestRunner/NUnitExtensions/Commands/BeforeAfterTestCommandBase.cs:177)
UnityEngine.TestTools.BeforeAfterTestCommandBase`1/<ExecuteEnumerable>d__15<System.Reflection.MethodInfo>:MoveNext () (at ./Library/PackageCache/com.unity.test-framework@1.1.33/UnityEngine.TestRunner/NUnitExtensions/Commands/BeforeAfterTestCommandBase.cs:177)
UnityEngine.TestTools.ImmediateEnumerableCommand:Execute (NUnit.Framework.Internal.ITestExecutionContext) (at ./Library/PackageCache/com.unity.test-framework@1.1.33/UnityEngine.TestRunner/NUnitExtensions/Commands/ImmediateEnumerableCommand.cs:19)
UnityEngine.TestTools.BeforeAfterTestCommandBase`1/<ExecuteEnumerable>d__15<System.Reflection.MethodInfo>:MoveNext () (at ./Library/PackageCache/com.unity.test-framework@1.1.33/UnityEngine.TestRunner/NUnitExtensions/Commands/BeforeAfterTestCommandBase.cs:185)
UnityEngine.TestTools.BeforeAfterTestCommandBase`1/<ExecuteEnumerable>d__15<UnityEngine.TestTools.IOuterUnityTestAction>:MoveNext () (at ./Library/PackageCache/com.unity.test-framework@1.1.33/UnityEngine.TestRunner/NUnitExtensions/Commands/BeforeAfterTestCommandBase.cs:177)
UnityEngine.TestRunner.NUnitExtensions.Runner.DefaultTestWorkItem/<PerformWork>d__2:MoveNext () (at ./Library/PackageCache/com.unity.test-framework@1.1.33/UnityEngine.TestRunner/NUnitExtensions/Runner/DefaultTestWorkItem.cs:54)
UnityEngine.TestRunner.NUnitExtensions.Runner.CompositeWorkItem/<RunChildren>d__16:MoveNext () (at ./Library/PackageCache/com.unity.test-framework@1.1.33/UnityEngine.TestRunner/NUnitExtensions/Runner/CompositeWorkItem.cs:198)
UnityEngine.TestRunner.NUnitExtensions.Runner.CompositeWorkItem/<PerformWork>d__12:MoveNext () (at ./Library/PackageCache/com.unity.test-framework@1.1.33/UnityEngine.TestRunner/NUnitExtensions/Runner/CompositeWorkItem.cs:77)
UnityEngine.TestRunner.NUnitExtensions.Runner.CompositeWorkItem/<RunChildren>d__16:MoveNext () (at ./Library/PackageCache/com.unity.test-framework@1.1.33/UnityEngine.TestRunner/NUnitExtensions/Runner/CompositeWorkItem.cs:198)
UnityEngine.TestRunner.NUnitExtensions.Runner.CompositeWorkItem/<PerformWork>d__12:MoveNext () (at ./Library/PackageCache/com.unity.test-framework@1.1.33/UnityEngine.TestRunner/NUnitExtensions/Runner/CompositeWorkItem.cs:77)
UnityEngine.TestRunner.NUnitExtensions.Runner.CompositeWorkItem/<RunChildren>d__16:MoveNext () (at ./Library/PackageCache/com.unity.test-framework@1.1.33/UnityEngine.TestRunner/NUnitExtensions/Runner/CompositeWorkItem.cs:198)
UnityEngine.TestRunner.NUnitExtensions.Runner.CompositeWorkItem/<PerformWork>d__12:MoveNext () (at ./Library/PackageCache/com.unity.test-framework@1.1.33/UnityEngine.TestRunner/NUnitExtensions/Runner/CompositeWorkItem.cs:77)
UnityEngine.TestRunner.NUnitExtensions.Runner.CompositeWorkItem/<RunChildren>d__16:MoveNext () (at ./Library/PackageCache/com.unity.test-framework@1.1.33/UnityEngine.TestRunner/NUnitExtensions/Runner/CompositeWorkItem.cs:198)
UnityEngine.TestRunner.NUnitExtensions.Runner.CompositeWorkItem/<PerformWork>d__12:MoveNext () (at ./Library/PackageCache/com.unity.test-framework@1.1.33/UnityEngine.TestRunner/NUnitExtensions/Runner/CompositeWorkItem.cs:77)
UnityEngine.TestRunner.NUnitExtensions.Runner.CompositeWorkItem/<RunChildren>d__16:MoveNext () (at ./Library/PackageCache/com.unity.test-framework@1.1.33/UnityEngine.TestRunner/NUnitExtensions/Runner/CompositeWorkItem.cs:198)
UnityEngine.TestRunner.NUnitExtensions.Runner.CompositeWorkItem/<PerformWork>d__12:MoveNext () (at ./Library/PackageCache/com.unity.test-framework@1.1.33/UnityEngine.TestRunner/NUnitExtensions/Runner/CompositeWorkItem.cs:77)
UnityEngine.TestRunner.NUnitExtensions.Runner.CompositeWorkItem/<RunChildren>d__16:MoveNext () (at ./Library/PackageCache/com.unity.test-framework@1.1.33/UnityEngine.TestRunner/NUnitExtensions/Runner/CompositeWorkItem.cs:198)
UnityEngine.TestRunner.NUnitExtensions.Runner.CompositeWorkItem/<PerformWork>d__12:MoveNext () (at ./Library/PackageCache/com.unity.test-framework@1.1.33/UnityEngine.TestRunner/NUnitExtensions/Runner/CompositeWorkItem.cs:77)
UnityEditor.TestTools.TestRunner.EditModeRunner:MoveNextAndUpdateYieldObject () (at ./Library/PackageCache/com.unity.test-framework@1.1.33/UnityEditor.TestRunner/TestRunner/EditModeRunner.cs:246)
UnityEditor.TestTools.TestRunner.EditModeRunner:TestConsumer () (at ./Library/PackageCache/com.unity.test-framework@1.1.33/UnityEditor.TestRunner/TestRunner/EditModeRunner.cs:279)
UnityEditor.EditorApplication:Internal_CallUpdateFunctions () (at /Users/bokken/build/output/unity/unity/Editor/Mono/EditorApplication.cs:362)

[./Library/PackageCache/com.unity.test-framework@1.1.33/UnityEditor.TestRunner/TestRunner/EditModeRunner.cs line 246]

AgentLocomotionDriver: Animator locomotion ready controller=MissingParamController, rootMotion=False, hasSpeed=False, hasTurn=False.
UnityEngine.StackTraceUtility:ExtractStackTrace () (at /Users/bokken/build/output/unity/unity/Runtime/Export/Scripting/StackTrace.cs:37)
UnityEngine.DebugLogHandler:LogFormat (UnityEngine.LogType,UnityEngine.Object,string,object[])
UnityEngine.Logger:Log (UnityEngine.LogType,object)
UnityEngine.Debug:Log (object)
ArgusUnity.Runtime.AgentLocomotionDriver:ConfigureAnimator () (at Assets/Project/Scripts/Runtime/AgentLocomotionDriver.cs:174)
ArgusUnity.Runtime.AgentLocomotionDriver:Awake () (at Assets/Project/Scripts/Runtime/AgentLocomotionDriver.cs:67)
System.Reflection.RuntimeMethodInfo:Invoke (object,System.Reflection.BindingFlags,System.Reflection.Binder,object[],System.Globalization.CultureInfo)
System.Reflection.MethodBase:Invoke (object,object[])
ArgusUnity.Tests.EditMode.AgentLocomotionDriverTests:MissingAnimatorParametersLogsWarning () (at Assets/Tests/EditMode/AgentLocomotionDriverTests.cs:131)
System.Reflection.RuntimeMethodInfo:Invoke (object,System.Reflection.BindingFlags,System.Reflection.Binder,object[],System.Globalization.CultureInfo)
System.Reflection.MethodBase:Invoke (object,object[])
NUnit.Framework.Internal.Reflect:InvokeMethod (System.Reflection.MethodInfo,object,object[])
NUnit.Framework.Internal.MethodWrapper:Invoke (object,object[])
NUnit.Framework.Internal.Commands.TestMethodCommand:RunNonAsyncTestMethod (NUnit.Framework.Internal.ITestExecutionContext)
NUnit.Framework.Internal.Commands.TestMethodCommand:RunTestMethod (NUnit.Framework.Internal.ITestExecutionContext)
NUnit.Framework.Internal.Commands.TestMethodCommand:Execute (NUnit.Framework.Internal.ITestExecutionContext)
UnityEngine.TestTools.UnityTestMethodCommand:Execute (NUnit.Framework.Internal.ITestExecutionContext) (at ./Library/PackageCache/com.unity.test-framework@1.1.33/UnityEngine.TestRunner/NUnitExtensions/Commands/UnityTestMethodCommand.cs:16)
UnityEngine.TestRunner.NUnitExtensions.Runner.UnityLogCheckDelegatingCommand/<>c__DisplayClass2_0:<Execute>b__0 () (at ./Library/PackageCache/com.unity.test-framework@1.1.33/UnityEngine.TestRunner/NUnitExtensions/Runner/UnityLogCheckDelegatingCommand.cs:25)
UnityEngine.TestRunner.NUnitExtensions.Runner.UnityLogCheckDelegatingCommand:CaptureException (NUnit.Framework.Internal.TestResult,System.Action) (at ./Library/PackageCache/com.unity.test-framework@1.1.33/UnityEngine.TestRunner/NUnitExtensions/Runner/UnityLogCheckDelegatingCommand.cs:69)
UnityEngine.TestRunner.NUnitExtensions.Runner.UnityLogCheckDelegatingCommand:ExecuteAndCheckLog (UnityEngine.TestTools.Logging.LogScope,NUnit.Framework.Internal.TestResult,System.Action) (at ./Library/PackageCache/com.unity.test-framework@1.1.33/UnityEngine.TestRunner/NUnitExtensions/Runner/UnityLogCheckDelegatingCommand.cs:80)
UnityEngine.TestRunner.NUnitExtensions.Runner.UnityLogCheckDelegatingCommand:Execute (NUnit.Framework.Internal.ITestExecutionContext) (at ./Library/PackageCache/com.unity.test-framework@1.1.33/UnityEngine.TestRunner/NUnitExtensions/Runner/UnityLogCheckDelegatingCommand.cs:25)
UnityEngine.TestRunner.NUnitExtensions.Runner.UnityLogCheckDelegatingCommand/<ExecuteEnumerable>d__3:MoveNext () (at ./Library/PackageCache/com.unity.test-framework@1.1.33/UnityEngine.TestRunner/NUnitExtensions/Runner/UnityLogCheckDelegatingCommand.cs:36)
UnityEngine.TestTools.BeforeAfterTestCommandBase`1/<ExecuteEnumerable>d__15<NUnit.Framework.ITestAction>:MoveNext () (at ./Library/PackageCache/com.unity.test-framework@1.1.33/UnityEngine.TestRunner/NUnitExtensions/Commands/BeforeAfterTestCommandBase.cs:177)
UnityEngine.TestTools.BeforeAfterTestCommandBase`1/<ExecuteEnumerable>d__15<System.Reflection.MethodInfo>:MoveNext () (at ./Library/PackageCache/com.unity.test-framework@1.1.33/UnityEngine.TestRunner/NUnitExtensions/Commands/BeforeAfterTestCommandBase.cs:177)
UnityEngine.TestTools.ImmediateEnumerableCommand:Execute (NUnit.Framework.Internal.ITestExecutionContext) (at ./Library/PackageCache/com.unity.test-framework@1.1.33/UnityEngine.TestRunner/NUnitExtensions/Commands/ImmediateEnumerableCommand.cs:19)
UnityEngine.TestTools.BeforeAfterTestCommandBase`1/<ExecuteEnumerable>d__15<System.Reflection.MethodInfo>:MoveNext () (at ./Library/PackageCache/com.unity.test-framework@1.1.33/UnityEngine.TestRunner/NUnitExtensions/Commands/BeforeAfterTestCommandBase.cs:185)
UnityEngine.TestTools.BeforeAfterTestCommandBase`1/<ExecuteEnumerable>d__15<UnityEngine.TestTools.IOuterUnityTestAction>:MoveNext () (at ./Library/PackageCache/com.unity.test-framework@1.1.33/UnityEngine.TestRunner/NUnitExtensions/Commands/BeforeAfterTestCommandBase.cs:177)
UnityEngine.TestRunner.NUnitExtensions.Runner.DefaultTestWorkItem/<PerformWork>d__2:MoveNext () (at ./Library/PackageCache/com.unity.test-framework@1.1.33/UnityEngine.TestRunner/NUnitExtensions/Runner/DefaultTestWorkItem.cs:54)
UnityEngine.TestRunner.NUnitExtensions.Runner.CompositeWorkItem/<RunChildren>d__16:MoveNext () (at ./Library/PackageCache/com.unity.test-framework@1.1.33/UnityEngine.TestRunner/NUnitExtensions/Runner/CompositeWorkItem.cs:198)
UnityEngine.TestRunner.NUnitExtensions.Runner.CompositeWorkItem/<PerformWork>d__12:MoveNext () (at ./Library/PackageCache/com.unity.test-framework@1.1.33/UnityEngine.TestRunner/NUnitExtensions/Runner/CompositeWorkItem.cs:77)
UnityEngine.TestRunner.NUnitExtensions.Runner.CompositeWorkItem/<RunChildren>d__16:MoveNext () (at ./Library/PackageCache/com.unity.test-framework@1.1.33/UnityEngine.TestRunner/NUnitExtensions/Runner/CompositeWorkItem.cs:198)
UnityEngine.TestRunner.NUnitExtensions.Runner.CompositeWorkItem/<PerformWork>d__12:MoveNext () (at ./Library/PackageCache/com.unity.test-framework@1.1.33/UnityEngine.TestRunner/NUnitExtensions/Runner/CompositeWorkItem.cs:77)
UnityEngine.TestRunner.NUnitExtensions.Runner.CompositeWorkItem/<RunChildren>d__16:MoveNext () (at ./Library/PackageCache/com.unity.test-framework@1.1.33/UnityEngine.TestRunner/NUnitExtensions/Runner/CompositeWorkItem.cs:198)
UnityEngine.TestRunner.NUnitExtensions.Runner.CompositeWorkItem/<PerformWork>d__12:MoveNext () (at ./Library/PackageCache/com.unity.test-framework@1.1.33/UnityEngine.TestRunner/NUnitExtensions/Runner/CompositeWorkItem.cs:77)
UnityEngine.TestRunner.NUnitExtensions.Runner.CompositeWorkItem/<RunChildren>d__16:MoveNext () (at ./Library/PackageCache/com.unity.test-framework@1.1.33/UnityEngine.TestRunner/NUnitExtensions/Runner/CompositeWorkItem.cs:198)
UnityEngine.TestRunner.NUnitExtensions.Runner.CompositeWorkItem/<PerformWork>d__12:MoveNext () (at ./Library/PackageCache/com.unity.test-framework@1.1.33/UnityEngine.TestRunner/NUnitExtensions/Runner/CompositeWorkItem.cs:77)
UnityEngine.TestRunner.NUnitExtensions.Runner.CompositeWorkItem/<RunChildren>d__16:MoveNext () (at ./Library/PackageCache/com.unity.test-framework@1.1.33/UnityEngine.TestRunner/NUnitExtensions/Runner/CompositeWorkItem.cs:198)
UnityEngine.TestRunner.NUnitExtensions.Runner.CompositeWorkItem/<PerformWork>d__12:MoveNext () (at ./Library/PackageCache/com.unity.test-framework@1.1.33/UnityEngine.TestRunner/NUnitExtensions/Runner/CompositeWorkItem.cs:77)
UnityEngine.TestRunner.NUnitExtensions.Runner.CompositeWorkItem/<RunChildren>d__16:MoveNext () (at ./Library/PackageCache/com.unity.test-framework@1.1.33/UnityEngine.TestRunner/NUnitExtensions/Runner/CompositeWorkItem.cs:198)
UnityEngine.TestRunner.NUnitExtensions.Runner.CompositeWorkItem/<PerformWork>d__12:MoveNext () (at ./Library/PackageCache/com.unity.test-framework@1.1.33/UnityEngine.TestRunner/NUnitExtensions/Runner/CompositeWorkItem.cs:77)
UnityEditor.TestTools.TestRunner.EditModeRunner:MoveNextAndUpdateYieldObject () (at ./Library/PackageCache/com.unity.test-framework@1.1.33/UnityEditor.TestRunner/TestRunner/EditModeRunner.cs:246)
UnityEditor.TestTools.TestRunner.EditModeRunner:TestConsumer () (at ./Library/PackageCache/com.unity.test-framework@1.1.33/UnityEditor.TestRunner/TestRunner/EditModeRunner.cs:279)
UnityEditor.EditorApplication:Internal_CallUpdateFunctions () (at /Users/bokken/build/output/unity/unity/Editor/Mono/EditorApplication.cs:362)

(Filename: Assets/Project/Scripts/Runtime/AgentLocomotionDriver.cs Line: 174)

AgentLocomotionDriver: Animator parameter mismatch controller=MissingParamController, missingSpeed=True, missingTurn=True, expectedSpeed=Speed, expectedTurn=Turn.
UnityEngine.StackTraceUtility:ExtractStackTrace () (at /Users/bokken/build/output/unity/unity/Runtime/Export/Scripting/StackTrace.cs:37)
UnityEngine.DebugLogHandler:LogFormat (UnityEngine.LogType,UnityEngine.Object,string,object[])
UnityEngine.Logger:Log (UnityEngine.LogType,object)
UnityEngine.Debug:LogWarning (object)
ArgusUnity.Runtime.AgentLocomotionDriver:ConfigureAnimator () (at Assets/Project/Scripts/Runtime/AgentLocomotionDriver.cs:181)
ArgusUnity.Runtime.AgentLocomotionDriver:Awake () (at Assets/Project/Scripts/Runtime/AgentLocomotionDriver.cs:67)
System.Reflection.RuntimeMethodInfo:Invoke (object,System.Reflection.BindingFlags,System.Reflection.Binder,object[],System.Globalization.CultureInfo)
System.Reflection.MethodBase:Invoke (object,object[])
ArgusUnity.Tests.EditMode.AgentLocomotionDriverTests:MissingAnimatorParametersLogsWarning () (at Assets/Tests/EditMode/AgentLocomotionDriverTests.cs:131)
System.Reflection.RuntimeMethodInfo:Invoke (object,System.Reflection.BindingFlags,System.Reflection.Binder,object[],System.Globalization.CultureInfo)
System.Reflection.MethodBase:Invoke (object,object[])
NUnit.Framework.Internal.Reflect:InvokeMethod (System.Reflection.MethodInfo,object,object[])
NUnit.Framework.Internal.MethodWrapper:Invoke (object,object[])
NUnit.Framework.Internal.Commands.TestMethodCommand:RunNonAsyncTestMethod (NUnit.Framework.Internal.ITestExecutionContext)
NUnit.Framework.Internal.Commands.TestMethodCommand:RunTestMethod (NUnit.Framework.Internal.ITestExecutionContext)
NUnit.Framework.Internal.Commands.TestMethodCommand:Execute (NUnit.Framework.Internal.ITestExecutionContext)
UnityEngine.TestTools.UnityTestMethodCommand:Execute (NUnit.Framework.Internal.ITestExecutionContext) (at ./Library/PackageCache/com.unity.test-framework@1.1.33/UnityEngine.TestRunner/NUnitExtensions/Commands/UnityTestMethodCommand.cs:16)
UnityEngine.TestRunner.NUnitExtensions.Runner.UnityLogCheckDelegatingCommand/<>c__DisplayClass2_0:<Execute>b__0 () (at ./Library/PackageCache/com.unity.test-framework@1.1.33/UnityEngine.TestRunner/NUnitExtensions/Runner/UnityLogCheckDelegatingCommand.cs:25)
UnityEngine.TestRunner.NUnitExtensions.Runner.UnityLogCheckDelegatingCommand:CaptureException (NUnit.Framework.Internal.TestResult,System.Action) (at ./Library/PackageCache/com.unity.test-framework@1.1.33/UnityEngine.TestRunner/NUnitExtensions/Runner/UnityLogCheckDelegatingCommand.cs:69)
UnityEngine.TestRunner.NUnitExtensions.Runner.UnityLogCheckDelegatingCommand:ExecuteAndCheckLog (UnityEngine.TestTools.Logging.LogScope,NUnit.Framework.Internal.TestResult,System.Action) (at ./Library/PackageCache/com.unity.test-framework@1.1.33/UnityEngine.TestRunner/NUnitExtensions/Runner/UnityLogCheckDelegatingCommand.cs:80)
UnityEngine.TestRunner.NUnitExtensions.Runner.UnityLogCheckDelegatingCommand:Execute (NUnit.Framework.Internal.ITestExecutionContext) (at ./Library/PackageCache/com.unity.test-framework@1.1.33/UnityEngine.TestRunner/NUnitExtensions/Runner/UnityLogCheckDelegatingCommand.cs:25)
UnityEngine.TestRunner.NUnitExtensions.Runner.UnityLogCheckDelegatingCommand/<ExecuteEnumerable>d__3:MoveNext () (at ./Library/PackageCache/com.unity.test-framework@1.1.33/UnityEngine.TestRunner/NUnitExtensions/Runner/UnityLogCheckDelegatingCommand.cs:36)
UnityEngine.TestTools.BeforeAfterTestCommandBase`1/<ExecuteEnumerable>d__15<NUnit.Framework.ITestAction>:MoveNext () (at ./Library/PackageCache/com.unity.test-framework@1.1.33/UnityEngine.TestRunner/NUnitExtensions/Commands/BeforeAfterTestCommandBase.cs:177)
UnityEngine.TestTools.BeforeAfterTestCommandBase`1/<ExecuteEnumerable>d__15<System.Reflection.MethodInfo>:MoveNext () (at ./Library/PackageCache/com.unity.test-framework@1.1.33/UnityEngine.TestRunner/NUnitExtensions/Commands/BeforeAfterTestCommandBase.cs:177)
UnityEngine.TestTools.ImmediateEnumerableCommand:Execute (NUnit.Framework.Internal.ITestExecutionContext) (at ./Library/PackageCache/com.unity.test-framework@1.1.33/UnityEngine.TestRunner/NUnitExtensions/Commands/ImmediateEnumerableCommand.cs:19)
UnityEngine.TestTools.BeforeAfterTestCommandBase`1/<ExecuteEnumerable>d__15<System.Reflection.MethodInfo>:MoveNext () (at ./Library/PackageCache/com.unity.test-framework@1.1.33/UnityEngine.TestRunner/NUnitExtensions/Commands/BeforeAfterTestCommandBase.cs:185)
UnityEngine.TestTools.BeforeAfterTestCommandBase`1/<ExecuteEnumerable>d__15<UnityEngine.TestTools.IOuterUnityTestAction>:MoveNext () (at ./Library/PackageCache/com.unity.test-framework@1.1.33/UnityEngine.TestRunner/NUnitExtensions/Commands/BeforeAfterTestCommandBase.cs:177)
UnityEngine.TestRunner.NUnitExtensions.Runner.DefaultTestWorkItem/<PerformWork>d__2:MoveNext () (at ./Library/PackageCache/com.unity.test-framework@1.1.33/UnityEngine.TestRunner/NUnitExtensions/Runner/DefaultTestWorkItem.cs:54)
UnityEngine.TestRunner.NUnitExtensions.Runner.CompositeWorkItem/<RunChildren>d__16:MoveNext () (at ./Library/PackageCache/com.unity.test-framework@1.1.33/UnityEngine.TestRunner/NUnitExtensions/Runner/CompositeWorkItem.cs:198)
UnityEngine.TestRunner.NUnitExtensions.Runner.CompositeWorkItem/<PerformWork>d__12:MoveNext () (at ./Library/PackageCache/com.unity.test-framework@1.1.33/UnityEngine.TestRunner/NUnitExtensions/Runner/CompositeWorkItem.cs:77)
UnityEngine.TestRunner.NUnitExtensions.Runner.CompositeWorkItem/<RunChildren>d__16:MoveNext () (at ./Library/PackageCache/com.unity.test-framework@1.1.33/UnityEngine.TestRunner/NUnitExtensions/Runner/CompositeWorkItem.cs:198)
UnityEngine.TestRunner.NUnitExtensions.Runner.CompositeWorkItem/<PerformWork>d__12:MoveNext () (at ./Library/PackageCache/com.unity.test-framework@1.1.33/UnityEngine.TestRunner/NUnitExtensions/Runner/CompositeWorkItem.cs:77)
UnityEngine.TestRunner.NUnitExtensions.Runner.CompositeWorkItem/<RunChildren>d__16:MoveNext () (at ./Library/PackageCache/com.unity.test-framework@1.1.33/UnityEngine.TestRunner/NUnitExtensions/Runner/CompositeWorkItem.cs:198)
UnityEngine.TestRunner.NUnitExtensions.Runner.CompositeWorkItem/<PerformWork>d__12:MoveNext () (at ./Library/PackageCache/com.unity.test-framework@1.1.33/UnityEngine.TestRunner/NUnitExtensions/Runner/CompositeWorkItem.cs:77)
UnityEngine.TestRunner.NUnitExtensions.Runner.CompositeWorkItem/<RunChildren>d__16:MoveNext () (at ./Library/PackageCache/com.unity.test-framework@1.1.33/UnityEngine.TestRunner/NUnitExtensions/Runner/CompositeWorkItem.cs:198)
UnityEngine.TestRunner.NUnitExtensions.Runner.CompositeWorkItem/<PerformWork>d__12:MoveNext () (at ./Library/PackageCache/com.unity.test-framework@1.1.33/UnityEngine.TestRunner/NUnitExtensions/Runner/CompositeWorkItem.cs:77)
UnityEngine.TestRunner.NUnitExtensions.Runner.CompositeWorkItem/<RunChildren>d__16:MoveNext () (at ./Library/PackageCache/com.unity.test-framework@1.1.33/UnityEngine.TestRunner/NUnitExtensions/Runner/CompositeWorkItem.cs:198)
UnityEngine.TestRunner.NUnitExtensions.Runner.CompositeWorkItem/<PerformWork>d__12:MoveNext () (at ./Library/PackageCache/com.unity.test-framework@1.1.33/UnityEngine.TestRunner/NUnitExtensions/Runner/CompositeWorkItem.cs:77)
UnityEngine.TestRunner.NUnitExtensions.Runner.CompositeWorkItem/<RunChildren>d__16:MoveNext () (at ./Library/PackageCache/com.unity.test-framework@1.1.33/UnityEngine.TestRunner/NUnitExtensions/Runner/CompositeWorkItem.cs:198)
UnityEngine.TestRunner.NUnitExtensions.Runner.CompositeWorkItem/<PerformWork>d__12:MoveNext () (at ./Library/PackageCache/com.unity.test-framework@1.1.33/UnityEngine.TestRunner/NUnitExtensions/Runner/CompositeWorkItem.cs:77)
UnityEditor.TestTools.TestRunner.EditModeRunner:MoveNextAndUpdateYieldObject () (at ./Library/PackageCache/com.unity.test-framework@1.1.33/UnityEditor.TestRunner/TestRunner/EditModeRunner.cs:246)
UnityEditor.TestTools.TestRunner.EditModeRunner:TestConsumer () (at ./Library/PackageCache/com.unity.test-framework@1.1.33/UnityEditor.TestRunner/TestRunner/EditModeRunner.cs:279)
UnityEditor.EditorApplication:Internal_CallUpdateFunctions () (at /Users/bokken/build/output/unity/unity/Editor/Mono/EditorApplication.cs:362)

(Filename: Assets/Project/Scripts/Runtime/AgentLocomotionDriver.cs Line: 181)

[00:00:00] Finished 1 Bake Ambient Probe job (0.00s execute, 0.00s integrate, 0.06s wallclock)
Unloading 10 Unused Serialized files (Serialized files now loaded: 0)
Unloading 76 unused Assets / (1.8 MB). Loaded Objects now: 3190.
Memory consumption went from 146.0 MB to 144.2 MB.
Total: 9.942042 ms (FindLiveObjects: 0.152250 ms CreateObjectMapping: 0.039500 ms MarkObjects: 9.609375 ms  DeleteObjects: 0.140334 ms)

Saving results to: /Users/guribbong/code/Argus/tmp/run-locomotion-editmode-results.xml
Start importing Assets/Project/Materials/FurnitureCollision.physicMaterial using Guid(4055c0a04dcaa4517a2fc6c986d95402) Importer(-1,00000000000000000000000000000000)  -> (artifact id: '93557a2231481f13710b813665cbb595') in 0.001337 seconds
Start importing Assets/Project/Materials/WallsFloorColliderDisplay.mat using Guid(115fdba3630c24a26bea67f91878d92e) Importer(-1,00000000000000000000000000000000)  -> (artifact id: '63e6ef5f919128e9728f46e2024804c9') in 0.001039 seconds
Start importing Assets/Project/Materials/MiniBotLowFrictionContact.physicMaterial using Guid(dc9fa6446005d48759c4f50c470f1c28) Importer(-1,00000000000000000000000000000000)  -> (artifact id: '1c786f7e033238ce791a8fafaf87549e') in 0.001030 seconds
Refreshing native plugins compatible for Editor in 1.44 ms, found 0 plugins.
Preloading 0 native plugins for Editor in 0.00 ms.
Asset Pipeline Refresh (id=db2b6d18b5818491b99b8b7d7743c2a0): Total: 0.032 seconds - Initiated by StopAssetImportingV2(NoUpdateAssetOptions)
Thread 0x333687000 may have been prematurely finalized
[Licensing::IpcConnector] License Notification channel disconnected successfully.
[Licensing::IpcConnector] License Client channel disconnected successfully.
Thread 0x308113000 may have been prematurely finalized
Cleanup mono
[40m[32minfo[39m[22m[49m: Microsoft.Hosting.Lifetime[0]
      Application is shutting down...
[40m[32minfo[39m[22m[49m: Unity.ILPP.Runner.PostProcessingAssemblyLoadContext[0]
      ALC ILPP context 1 is unloading
debugger-agent: Unable to listen on 48
[Performance] Application.InitializeProject                                                                                                        :        1 samples, Peak.  6.12 s (1.0x), Avg.  6.12 s, Total. 6.117 s (49.1%)
[Performance] Application.PackageManager.StartServer                                                                                               :        1 samples, Peak.  3.42 ms (1.0x), Avg.  3.42 ms, Total. 3.416 ms (0.0%)
[Performance] Application.AcquireProjectLock                                                                                                       :        1 samples, Peak.  2.39 ms (1.0x), Avg.  2.39 ms, Total. 2.395 ms (0.0%)
[Performance] Application.InitializeEngineNoGraphics                                                                                               :        1 samples, Peak.  69.4 ms (1.0x), Avg.  69.4 ms, Total. 69.39 ms (0.6%)
[Performance] Application.PackageManager.Initialize                                                                                                :        1 samples, Peak.   640 ms (1.0x), Avg.   640 ms, Total. 640.2 ms (5.1%)
[Performance] Connecting to Package Manager                                                                                                        :       65 samples, Peak.  44.9 us (45.0x), Avg.   997 ns, Total. 64.83 us (0.0%)
[Performance] Application.EngineGraphics.Initialize                                                                                                :        1 samples, Peak.   101 ms (1.0x), Avg.   101 ms, Total. 100.7 ms (0.8%)
[Performance] Application.GI.Initialize                                                                                                            :        1 samples, Peak.  3.78 ms (1.0x), Avg.  3.78 ms, Total. 3.784 ms (0.0%)
[Performance] Application.LoadAllDefaultResourcesFromEditor                                                                                        :        1 samples, Peak.  1.29 ms (1.0x), Avg.  1.29 ms, Total. 1.290 ms (0.0%)
[Performance] Application.LoadMonoAssemblies                                                                                                       :        1 samples, Peak.   431 ms (1.0x), Avg.   431 ms, Total. 431.3 ms (3.5%)
[Performance] RestoreManagedReferences                                                                                                             :        2 samples, Peak.  29.5 ms (2.0x), Avg.  14.8 ms, Total. 29.53 ms (0.2%)
[Performance] InitializeOnLoad ProjectSearch                                                                                                       :        2 samples, Peak.   159 us (1.1x), Avg.   151 us, Total. 302.9 us (0.0%)
[Performance] InitializeOnLoad AssetStoreContext                                                                                                   :        2 samples, Peak.  15.6 ms (1.1x), Avg.  14.2 ms, Total. 28.34 ms (0.2%)
[Performance] InitializeOnLoad SearchService                                                                                                       :        2 samples, Peak.   115 us (1.3x), Avg.  86.8 us, Total. 173.7 us (0.0%)
[Performance] InitializeOnLoad ObjectSelectorSearch                                                                                                :        2 samples, Peak.   182 us (1.2x), Avg.   153 us, Total. 306.8 us (0.0%)
[Performance] InitializeOnLoad NativeFormatImporterUtility                                                                                         :        2 samples, Peak.  1.50 ms (1.2x), Avg.  1.28 ms, Total. 2.556 ms (0.0%)
[Performance] InitializeOnLoad ManagedDebuggerWindow                                                                                               :        2 samples, Peak.   474 us (1.6x), Avg.   305 us, Total. 610.0 us (0.0%)
[Performance] InitializeOnLoad PrefabInstanceChangedListener                                                                                       :        2 samples, Peak.   337 us (1.0x), Avg.   330 us, Total. 659.6 us (0.0%)
[Performance] InitializeOnLoad ManagedDebugger                                                                                                     :        2 samples, Peak.   333 ns (1.1x), Avg.   291 ns, Total. 583.0 ns (0.0%)
[Performance] InitializeOnLoad CloudBuild                                                                                                          :        2 samples, Peak.  1.96 us (1.1x), Avg.  1.79 us, Total. 3.583 us (0.0%)
[Performance] InitializeOnLoad Collab                                                                                                              :        2 samples, Peak.  5.34 ms (1.3x), Avg.  4.00 ms, Total. 7.995 ms (0.1%)
[Performance] InitializeOnLoad ShortcutIntegration                                                                                                 :        2 samples, Peak.  33.8 us (1.0x), Avg.  32.7 us, Total. 65.46 us (0.0%)
[Performance] InitializeOnLoad MixerEffectDefinitionReloader                                                                                       :        2 samples, Peak.  1.86 ms (1.3x), Avg.  1.42 ms, Total. 2.834 ms (0.0%)
[Performance] InitializeOnLoad DrivenRectTransformUndo                                                                                             :        2 samples, Peak.   145 us (1.1x), Avg.   138 us, Total. 275.0 us (0.0%)
[Performance] InitializeOnLoad WindowLayout                                                                                                        :        2 samples, Peak.   281 us (1.0x), Avg.   269 us, Total. 538.8 us (0.0%)
[Performance] InitializeOnLoad SettingsService                                                                                                     :        2 samples, Peak.  3.50 us (1.0x), Avg.  3.48 us, Total. 6.958 us (0.0%)
[Performance] InitializeOnLoad CacheServerWindow                                                                                                   :        2 samples, Peak.  4.54 us (1.2x), Avg.  3.94 us, Total. 7.876 us (0.0%)
[Performance] InitializeOnLoad MenuItems                                                                                                           :        2 samples, Peak.  43.5 us (1.1x), Avg.  40.7 us, Total. 81.46 us (0.0%)
[Performance] InitializeOnLoad CheckNavigationPackage                                                                                              :        2 samples, Peak.   212 us (1.1x), Avg.   188 us, Total. 375.7 us (0.0%)
[Performance] InitializeOnLoad UISystemProfilerRenderService                                                                                       :        2 samples, Peak.  5.46 us (1.1x), Avg.  4.83 us, Total. 9.666 us (0.0%)
[Performance] InitializeOnLoad EditMode                                                                                                            :        2 samples, Peak.   370 us (1.4x), Avg.   271 us, Total. 542.4 us (0.0%)
[Performance] InitializeOnLoad UnityConnect                                                                                                        :        2 samples, Peak.  27.4 us (1.0x), Avg.  26.2 us, Total. 52.46 us (0.0%)
[Performance] InitializeOnLoad AddComponentWindow                                                                                                  :        2 samples, Peak.  57.6 us (1.0x), Avg.  55.1 us, Total. 110.3 us (0.0%)
[Performance] InitializeOnLoad PlayModeDownload                                                                                                    :        2 samples, Peak.  2.57 ms (1.9x), Avg.  1.34 ms, Total. 2.690 ms (0.0%)
[Performance] InitializeOnLoad SceneSearch                                                                                                         :        2 samples, Peak.  39.0 us (1.4x), Avg.  27.7 us, Total. 55.46 us (0.0%)
[Performance] InitializeOnLoad EditorDelegateRegistration                                                                                          :        2 samples, Peak.   403 us (1.1x), Avg.   382 us, Total. 763.0 us (0.0%)
[Performance] InitializeOnLoad UxmlObjectEditorFactories                                                                                           :        2 samples, Peak.   280 us (1.1x), Avg.   258 us, Total. 516.9 us (0.0%)
[Performance] InitializeOnLoad RetainedMode                                                                                                        :        2 samples, Peak.  1.35 ms (1.1x), Avg.  1.27 ms, Total. 2.548 ms (0.0%)
[Performance] InitializeOnLoad EditorShaderLoader                                                                                                  :        2 samples, Peak.   514 us (1.3x), Avg.   396 us, Total. 792.6 us (0.0%)
[Performance] InitializeOnLoad UIDocumentHierarchyWatcher                                                                                          :        2 samples, Peak.  35.9 us (1.0x), Avg.  34.8 us, Total. 69.62 us (0.0%)
[Performance] InitializeOnLoad EditorMonitor                                                                                                       :        2 samples, Peak.  76.6 us (1.0x), Avg.  74.9 us, Total. 149.7 us (0.0%)
[Performance] InitializeOnLoad LiveReloadTrackerCreator                                                                                            :        2 samples, Peak.  82.2 us (1.0x), Avg.  81.1 us, Total. 162.2 us (0.0%)
[Performance] InitializeOnLoad UXMLEditorFactories                                                                                                 :        2 samples, Peak.  34.8 ms (1.1x), Avg.  32.6 ms, Total. 65.23 ms (0.5%)
[Performance] InitializeOnLoad ServicesRepository                                                                                                  :        2 samples, Peak.   409 us (1.0x), Avg.   408 us, Total. 816.4 us (0.0%)
[Performance] InitializeOnLoad UDPService                                                                                                          :        2 samples, Peak.  1.89 ms (1.1x), Avg.  1.74 ms, Total. 3.475 ms (0.0%)
[Performance] InitializeOnLoad EditorGameServicesAnalytics                                                                                         :        2 samples, Peak.   949 us (1.6x), Avg.   578 us, Total. 1.157 ms (0.0%)
[Performance] InitializeOnLoad CloudBuildPoller                                                                                                    :        2 samples, Peak.  59.2 us (1.1x), Avg.  55.8 us, Total. 111.5 us (0.0%)
[Performance] InitializeOnLoad BuildService                                                                                                        :        2 samples, Peak.  1.14 ms (1.0x), Avg.  1.11 ms, Total. 2.223 ms (0.0%)
[Performance] InitializeOnLoad CollabService                                                                                                       :        2 samples, Peak.  1.35 ms (1.1x), Avg.  1.22 ms, Total. 2.450 ms (0.0%)
[Performance] InitializeOnLoad PurchasingService                                                                                                   :        2 samples, Peak.  5.88 ms (1.0x), Avg.  5.67 ms, Total. 11.33 ms (0.1%)
[Performance] InitializeOnLoad CrashService                                                                                                        :        2 samples, Peak.  1.40 ms (1.1x), Avg.  1.29 ms, Total. 2.583 ms (0.0%)
[Performance] InitializeOnLoad AdsService                                                                                                          :        2 samples, Peak.  1.33 ms (1.0x), Avg.  1.30 ms, Total. 2.591 ms (0.0%)
[Performance] InitializeOnLoad AnalyticsService                                                                                                    :        2 samples, Peak.  1.55 ms (1.1x), Avg.  1.46 ms, Total. 2.915 ms (0.0%)
[Performance] InitializeOnLoad SearchWindow                                                                                                        :        2 samples, Peak.  68.6 us (1.0x), Avg.  66.8 us, Total. 133.6 us (0.0%)
[Performance] InitializeOnLoad SearchMonitor                                                                                                       :        2 samples, Peak.  6.43 ms (1.5x), Avg.  4.22 ms, Total. 8.442 ms (0.1%)
[Performance] InitializeOnLoad ParameterControllerEditor                                                                                           :        2 samples, Peak.  19.5 us (1.2x), Avg.  16.0 us, Total. 32.00 us (0.0%)
[Performance] InitializeOnLoad LayerSettingsWindow                                                                                                 :        2 samples, Peak.  3.83 us (1.2x), Avg.  3.19 us, Total. 6.374 us (0.0%)
[Performance] InitializeOnLoad PackageManagerHookGUIDConverter.RegisterPackagesEventHandler                                                        :        2 samples, Peak.   501 us (1.7x), Avg.   300 us, Total. 599.6 us (0.0%)
[Performance] InitializeOnLoad EditorDragAndDrop.RegisterEditorClient                                                                              :        2 samples, Peak.   220 us (1.3x), Avg.   172 us, Total. 343.5 us (0.0%)
[Performance] InitializeOnLoad EditorEventCallbacks.InitializeFontAssetResourceChangeCallBacks                                                     :        2 samples, Peak.  20.0 ms (1.9x), Avg.  10.3 ms, Total. 20.67 ms (0.2%)
[Performance] InitializeOnLoad SceneTemplateService.Init                                                                                           :        2 samples, Peak.   968 us (1.0x), Avg.   946 us, Total. 1.893 ms (0.0%)
[Performance] InitializeOnLoad DiagnosticSwitchesConsoleMessage.Init                                                                               :        2 samples, Peak.  1.94 ms (1.4x), Avg.  1.36 ms, Total. 2.721 ms (0.0%)
[Performance] InitializeOnLoad ScopedRegistryAddedPopup.SubscribeToRegistriesAdded                                                                 :        2 samples, Peak.  17.6 ms (1.3x), Avg.  13.6 ms, Total. 27.29 ms (0.2%)
[Performance] InitializeOnLoad PackageManagerWindow.EditorInitializedInSafeMode                                                                    :        2 samples, Peak.   296 us (1.5x), Avg.   201 us, Total. 402.8 us (0.0%)
[Performance] InitializeOnLoad MemoryProfilerCompilationGuard.InjectCompileGuard                                                                   :        2 samples, Peak.  77.3 us (1.0x), Avg.  77.2 us, Total. 154.4 us (0.0%)
[Performance] InitializeOnLoad SceneVisibilityManager.Initialize                                                                                   :        2 samples, Peak.  3.03 ms (1.4x), Avg.  2.18 ms, Total. 4.365 ms (0.0%)
[Performance] InitializeOnLoad AssetPostprocessingInternal.RefreshCustomDependencies                                                               :        2 samples, Peak.  13.7 ms (1.8x), Avg.  7.79 ms, Total. 15.58 ms (0.1%)
[Performance] InitializeOnLoad ToolShortcutContext.Init                                                                                            :        2 samples, Peak.   121 us (1.3x), Avg.  97.0 us, Total. 194.0 us (0.0%)
[Performance] InitializeOnLoad SysrootManager.Initialize                                                                                           :        2 samples, Peak.  9.91 ms (2.0x), Avg.  5.08 ms, Total. 10.16 ms (0.1%)
[Performance] InitializeOnLoad EditorWindow.Initialize                                                                                             :        2 samples, Peak.  19.0 ms (2.0x), Avg.  9.54 ms, Total. 19.08 ms (0.2%)
[Performance] AssemblyReloadEvents.afterAssemblyReload: UnityEditor.SceneTemplate.SceneTemplateService.AfterAssemblyReload                         :        2 samples, Peak.  2.04 ms (1.7x), Avg.  1.19 ms, Total. 2.379 ms (0.0%)
[Performance] ProcessService.EditorAfterLoadAllAssemblies                                                                                          :        2 samples, Peak.   187 us (1.1x), Avg.   171 us, Total. 342.0 us (0.0%)
[Performance] Application.ReadLicenseInfo                                                                                                          :        1 samples, Peak.  18.7 ms (1.0x), Avg.  18.7 ms, Total. 18.66 ms (0.1%)
[Performance] Application.InitialRefresh                                                                                                           :        1 samples, Peak.  3.60 s (1.0x), Avg.  3.60 s, Total. 3.601 s (28.9%)
[Performance] ShaderImporter.SourceAssetModified                                                                                                   :        2 samples, Peak.   542 ns (1.2x), Avg.   458 ns, Total. 917.0 ns (0.0%)
[Performance] ShaderIncludeImporter.SourceAssetModified                                                                                            :        2 samples, Peak.   500 ns (1.1x), Avg.   437 ns, Total. 875.0 ns (0.0%)
[Performance] Compiling Scripts                                                                                                                    :        1 samples, Peak.   824 ms (1.0x), Avg.   824 ms, Total. 824.2 ms (6.6%)
[Performance] AssemblyReloadEvents.beforeAssemblyReload: UnityEditor.SceneTemplate.SceneTemplateService.BeforeAssemblyReload                       :        1 samples, Peak.   267 us (1.0x), Avg.   267 us, Total. 267.0 us (0.0%)
[Performance] InitializeOnLoad BurstLoader                                                                                                         :        1 samples, Peak.  1.08 s (1.0x), Avg.  1.08 s, Total. 1.081 s (8.7%)
[Performance] InitializeOnLoad ShadowCasterGroup2DManager                                                                                          :        1 samples, Peak.  44.4 us (1.0x), Avg.  44.4 us, Total. 44.42 us (0.0%)
[Performance] InitializeOnLoad RealtimeProbeSubdivisionDebug                                                                                       :        1 samples, Peak.   561 us (1.0x), Avg.   561 us, Total. 560.8 us (0.0%)
[Performance] InitializeOnLoad ProbeGIBaking                                                                                                       :        1 samples, Peak.  2.24 ms (1.0x), Avg.  2.24 ms, Total. 2.238 ms (0.0%)
[Performance] InitializeOnLoad FilterWindow                                                                                                        :        1 samples, Peak.  22.0 us (1.0x), Avg.  22.0 us, Total. 21.96 us (0.0%)
[Performance] InitializeOnLoad NodeClassCache                                                                                                      :        1 samples, Peak.  3.42 us (1.0x), Avg.  3.42 us, Total. 3.417 us (0.0%)
[Performance] InitializeOnLoad ShaderGraphMaterialsUpdater                                                                                         :        2 samples, Peak.   201 us (1.6x), Avg.   128 us, Total. 256.4 us (0.0%)
[Performance] InitializeOnLoad PrefabLayoutRebuilder                                                                                               :        1 samples, Peak.   115 us (1.0x), Avg.   115 us, Total. 115.5 us (0.0%)
[Performance] InitializeOnLoad BackgroundWatcher                                                                                                   :        1 samples, Peak.  58.2 us (1.0x), Avg.  58.2 us, Total. 58.17 us (0.0%)
[Performance] InitializeOnLoad UnityTestProtocolStarter                                                                                            :        1 samples, Peak.  96.5 us (1.0x), Avg.  96.5 us, Total. 96.46 us (0.0%)
[Performance] InitializeOnLoad TestStarter                                                                                                         :        1 samples, Peak.  1.26 ms (1.0x), Avg.  1.26 ms, Total. 1.258 ms (0.0%)
[Performance] InitializeOnLoad RerunCallbackInitializer                                                                                            :        1 samples, Peak.   854 us (1.0x), Avg.   854 us, Total. 853.6 us (0.0%)
[Performance] InitializeOnLoad EditorToolManager                                                                                                   :        1 samples, Peak.  1.21 ms (1.0x), Avg.  1.21 ms, Total. 1.207 ms (0.0%)
[Performance] InitializeOnLoad Renderer2DAnalytics                                                                                                 :        1 samples, Peak.  45.4 us (1.0x), Avg.  45.4 us, Total. 45.42 us (0.0%)
[Performance] InitializeOnLoad RendererDataPatcher                                                                                                 :        1 samples, Peak.  30.5 ms (1.0x), Avg.  30.5 ms, Total. 30.55 ms (0.2%)
[Performance] InitializeOnLoad MaterialReimporter.RegisterUpgraderReimport                                                                         :        2 samples, Peak.   400 us (1.9x), Avg.   210 us, Total. 419.3 us (0.0%)
[Performance] InitializeOnLoad $BurstDirectCallInitializer.Initialize                                                                              :        1 samples, Peak.  8.78 ms (1.0x), Avg.  8.78 ms, Total. 8.783 ms (0.1%)
[Performance] InitializeOnLoad TestJobDataHolder.ResumeRunningJobs                                                                                 :        1 samples, Peak.   493 us (1.0x), Avg.   493 us, Total. 492.5 us (0.0%)
[Performance] InitializeOnLoad AnalyticsReporter.RegisterCallbacks                                                                                 :        1 samples, Peak.   120 us (1.0x), Avg.   120 us, Total. 119.8 us (0.0%)
[Performance] InitializeOnLoad CoreRenderPipelinePreferences.InitPreferenceProviders                                                               :        1 samples, Peak.  39.7 ms (1.0x), Avg.  39.7 ms, Total. 39.68 ms (0.3%)
[Performance] InitializeOnLoad VolumeGizmoDrawer.InitVolumeGizmoCallbacks                                                                          :        1 samples, Peak.  9.61 ms (1.0x), Avg.  9.61 ms, Total. 9.605 ms (0.1%)
[Performance] DidReloadScriptsTestRunnerWindow.CompilationCallback                                                                                 :        1 samples, Peak.   495 us (1.0x), Avg.   495 us, Total. 495.0 us (0.0%)
[Performance] DidReloadScriptsTestListCache.ScriptReloaded                                                                                         :        1 samples, Peak.   633 us (1.0x), Avg.   633 us, Total. 633.4 us (0.0%)
[Performance] DidReloadScriptsDebugWindow.OnEditorReload                                                                                           :        1 samples, Peak.  6.80 ms (1.0x), Avg.  6.80 ms, Total. 6.796 ms (0.1%)
[Performance] DidReloadScriptsLookDev.OnEditorReload                                                                                               :        1 samples, Peak.   121 us (1.0x), Avg.   121 us, Total. 121.0 us (0.0%)
[Performance] DidReloadScriptsVolumeComponentEditor.OnEditorReload                                                                                 :        1 samples, Peak.  11.9 ms (1.0x), Avg.  11.9 ms, Total. 11.89 ms (0.1%)
[Performance] DidReloadScriptsOnScriptsReloadHandler.OnScriptsReloaded                                                                             :        1 samples, Peak.   641 us (1.0x), Avg.   641 us, Total. 640.7 us (0.0%)
[Performance] DidReloadScriptsAdvancedDropdownWindow.OnScriptReload                                                                                :        1 samples, Peak.   115 us (1.0x), Avg.   115 us, Total. 115.5 us (0.0%)
[Performance] PresetManagerPostProcessor.OnPreprocessAsset                                                                                         :        5 samples, Peak.   140 us (4.1x), Avg.  34.0 us, Total. 169.8 us (0.0%)
[Performance] CancelSplashScreenOnAssetChange.OnPreprocessAsset                                                                                    :        5 samples, Peak.   311 us (4.9x), Avg.  63.2 us, Total. 316.0 us (0.0%)
[Performance] ShaderGraphAssetPostProcessor.OnPreprocessAsset                                                                                      :        5 samples, Peak.   132 us (4.7x), Avg.  28.2 us, Total. 140.9 us (0.0%)
[Performance] AssetDatabase.ImportAssets                                                                                                           :        4 samples, Peak.  32.0 ms (4.0x), Avg.  8.00 ms, Total. 32.00 ms (0.3%)
[Performance] VersionControl.Task.Wait                                                                                                             :        1 samples, Peak.   129 us (1.0x), Avg.   129 us, Total. 128.9 us (0.0%)
[Performance] BuilderAssetPostprocessor.OnPostprocessAllAssets                                                                                     :        4 samples, Peak.  2.26 ms (2.0x), Avg.  1.14 ms, Total. 4.574 ms (0.0%)
[Performance] ArtifactBrowserPostProcessor.OnPostprocessAllAssets                                                                                  :        4 samples, Peak.   239 us (2.0x), Avg.   120 us, Total. 481.0 us (0.0%)
[Performance] AssetEvents.OnPostprocessAllAssets                                                                                                   :        8 samples, Peak.   116 us (3.0x), Avg.  39.4 us, Total. 315.1 us (0.0%)
[Performance] AudioMixerPostprocessor.OnPostprocessAllAssets                                                                                       :        4 samples, Peak.   187 us (2.0x), Avg.  94.8 us, Total. 379.1 us (0.0%)
[Performance] StyleCatalogPostProcessor.OnPostprocessAllAssets                                                                                     :        4 samples, Peak.  11.1 ms (2.0x), Avg.  5.54 ms, Total. 22.15 ms (0.2%)
[Performance] BuildCatalog                                                                                                                         :        1 samples, Peak.  10.5 ms (1.0x), Avg.  10.5 ms, Total. 10.51 ms (0.1%)
[Performance] ModelImporterPostProcessor.OnPostprocessAllAssets                                                                                    :        4 samples, Peak.   730 us (1.2x), Avg.   630 us, Total. 2.521 ms (0.0%)
[Performance] MaterialPostprocessor.OnPostprocessAllAssets                                                                                         :        8 samples, Peak.   810 us (1.6x), Avg.   512 us, Total. 4.099 ms (0.0%)
[Performance] RetainedModeAssetPostprocessor.OnPostprocessAllAssets                                                                                :        4 samples, Peak.   874 us (2.0x), Avg.   443 us, Total. 1.774 ms (0.0%)
[Performance] AssetChangedListener.OnPostprocessAllAssets                                                                                          :        4 samples, Peak.  3.78 ms (2.0x), Avg.  1.90 ms, Total. 7.592 ms (0.1%)
[Performance] PostProcessor.OnPostprocessAllAssets                                                                                                 :        4 samples, Peak.   144 us (1.7x), Avg.  84.8 us, Total. 339.2 us (0.0%)
[Performance] ShaderGraphAssetPostProcessor.OnPostprocessAllAssets                                                                                 :        4 samples, Peak.   951 us (1.8x), Avg.   529 us, Total. 2.118 ms (0.0%)
[Performance] SpeedTreePostProcessor.OnPostprocessAllAssets                                                                                        :        4 samples, Peak.  93.2 us (1.8x), Avg.  53.0 us, Total. 211.9 us (0.0%)
[Performance] TextAssetPostProcessor.OnPostprocessAllAssets                                                                                        :        4 samples, Peak.   176 us (2.0x), Avg.  90.0 us, Total. 360.0 us (0.0%)
[Performance] SyncVS.PostprocessSyncProject                                                                                                        :        2 samples, Peak.   666 us (2.0x), Avg.   335 us, Total. 671.0 us (0.0%)
[Performance] Selection.selectionChanged: UnityEditor.PackageManager.UI.Internal.SelectionProxy.OnSelectionChanged                                 :        2 samples, Peak.   350 us (2.0x), Avg.   178 us, Total. 356.9 us (0.0%)
[Performance] Selection.selectionChanged: UnityEditorInternal.EditMode.OnSelectionChange                                                           :        2 samples, Peak.   151 us (2.0x), Avg.  76.5 us, Total. 153.0 us (0.0%)
[Performance] Application.ImportPackagesAndSetTemplateWhenCreatingProject                                                                          :        1 samples, Peak.  53.3 ms (1.0x), Avg.  53.3 ms, Total. 53.35 ms (0.4%)
[Performance] Application.SyncCurrentColorSpace                                                                                                    :        1 samples, Peak.   361 ms (1.0x), Avg.   361 ms, Total. 360.9 ms (2.9%)
[Performance] Application.OnUsbDevicesChanged                                                                                                      :        1 samples, Peak.   205 us (1.0x), Avg.   205 us, Total. 204.6 us (0.0%)
[Performance] Application.AssetInstanceCacheUpdate                                                                                                 :        1 samples, Peak.   125 ns (1.0x), Avg.   125 ns, Total. 125.0 ns (0.0%)
[Performance] Application.UnityExtensions.Initialize                                                                                               :        1 samples, Peak.  2.34 ms (1.0x), Avg.  2.34 ms, Total. 2.341 ms (0.0%)
[Performance] CodeEditorProjectSync.SyncEditorProject                                                                                              :        1 samples, Peak.  1.31 ms (1.0x), Avg.  1.31 ms, Total. 1.310 ms (0.0%)
[Performance] Application.ExecuteStartups                                                                                                          :        1 samples, Peak.  90.6 ms (1.0x), Avg.  90.6 ms, Total. 90.62 ms (0.7%)
[Performance] Menu.RegisterMenuInterface                                                                                                           :       26 samples, Peak.   875 ns (5.1x), Avg.   173 ns, Total. 4.501 us (0.0%)
[Performance] Gizmo.RebuildRenderers                                                                                                               :        1 samples, Peak.  87.2 ms (1.0x), Avg.  87.2 ms, Total. 87.20 ms (0.7%)
[Performance] Gizmo.AddGizmoRenderers                                                                                                              :       55 samples, Peak.  37.5 ms (46.3x), Avg.   809 us, Total. 44.52 ms (0.4%)
[Performance] Application.editorInitializingProject                                                                                                :        1 samples, Peak.   176 us (1.0x), Avg.   176 us, Total. 175.8 us (0.0%)
[Performance] Application.FinishLoadingProject                                                                                                     :        1 samples, Peak.   108 ms (1.0x), Avg.   108 ms, Total. 107.8 ms (0.9%)
[Performance] Application.InitializeMenu                                                                                                           :        1 samples, Peak.  56.6 ms (1.0x), Avg.  56.6 ms, Total. 56.59 ms (0.5%)
[Performance] Menu.RebuildAll                                                                                                                      :        1 samples, Peak.  56.6 ms (1.0x), Avg.  56.6 ms, Total. 56.58 ms (0.5%)
[Performance] Menu.BuildRegisteredMenuInterfaces                                                                                                   :        1 samples, Peak.  52.8 ms (1.0x), Avg.  52.8 ms, Total. 52.78 ms (0.4%)
[Performance] Menu.FilterMenuItem                                                                                                                  :      604 samples, Peak.  25.8 ms (594.0x), Avg.  43.4 us, Total. 26.20 ms (0.2%)
[Performance] UpdateAllMenus                                                                                                                       :        2 samples, Peak.  3.46 ms (1.8x), Avg.  1.88 ms, Total. 3.768 ms (0.0%)
[Performance] EditorSceneManager.sceneClosing: UnityEditor.SceneVisibilityManager.EditorSceneManagerOnSceneClosing                                 :        3 samples, Peak.   191 us (2.9x), Avg.  66.8 us, Total. 200.4 us (0.0%)
[Performance] EditorSceneManager.sceneClosed: callback in UnityEditor.Search.SearchMonitor                                                         :        3 samples, Peak.  38.1 us (2.9x), Avg.  12.9 us, Total. 38.75 us (0.0%)
[Performance] EditorSceneManager.activeSceneChangedInEditMode: callback in UnityEditor.Search.SearchMonitor                                        :        3 samples, Peak.  12.9 us (2.9x), Avg.  4.44 us, Total. 13.33 us (0.0%)
[Performance] GUIView.RepaintAll.PlayerLoopController                                                                                              :       14 samples, Peak.   458 ns (1.9x), Avg.   241 ns, Total. 3.374 us (0.0%)
[Performance] EditorSceneManager.newSceneCreated: UnityEditor.SceneTemplate.SceneTemplateService.OnNewSceneCreated                                 :        3 samples, Peak.   322 us (3.0x), Avg.   108 us, Total. 323.1 us (0.0%)
[Performance] EditorSceneManager.newSceneCreated: UnityEditor.SceneVisibilityManager.EditorSceneManagerOnNewSceneCreated                           :        3 samples, Peak.   733 us (3.0x), Avg.   247 us, Total. 739.8 us (0.0%)
[Performance] EditorSceneManager.newSceneCreated: UnityEditor.SceneManagement.StageNavigationManager.OnNewSceneCreated                             :        3 samples, Peak.   603 us (3.0x), Avg.   202 us, Total. 605.2 us (0.0%)
[Performance] Application.InvokeFinishedLoadingProject                                                                                             :        1 samples, Peak.  4.66 ms (1.0x), Avg.  4.66 ms, Total. 4.659 ms (0.0%)
[Performance] ProcessService.OnProjectLoaded                                                                                                       :        1 samples, Peak.  94.5 us (1.0x), Avg.  94.5 us, Total. 94.46 us (0.0%)
[Performance] Application.InvokeProjectWasLoaded                                                                                                   :        1 samples, Peak.  29.9 us (1.0x), Avg.  29.9 us, Total. 29.92 us (0.0%)
[Performance] Application.Tick                                                                                                                     :       33 samples, Peak.  1.05 s (18.8x), Avg.  55.6 ms, Total. 1.835 s (14.7%)
[Performance] CheckLicensingClient                                                                                                                 :        1 samples, Peak.  1.96 us (1.0x), Avg.  1.96 us, Total. 1.958 us (0.0%)
[Performance] CheckLicensingClientNotification                                                                                                     :        1 samples, Peak.  2.25 us (1.0x), Avg.  2.25 us, Total. 2.250 us (0.0%)
[Performance] Application.TickVersionControl                                                                                                       :       34 samples, Peak.  3.08 us (5.1x), Avg.   604 ns, Total. 20.54 us (0.0%)
[Performance] MonoCompiler.Tick                                                                                                                    :        5 samples, Peak.   933 us (5.0x), Avg.   188 us, Total. 941.2 us (0.0%)
[Performance] UnityConnect.Tick                                                                                                                    :        9 samples, Peak.  7.45 ms (8.8x), Avg.   846 us, Total. 7.614 ms (0.1%)
[Performance] Collab.Tick                                                                                                                          :        9 samples, Peak.  2.54 us (3.1x), Avg.   819 ns, Total. 7.374 us (0.0%)
[Performance] CurlRequest.Tick                                                                                                                     :        6 samples, Peak.  1.09 ms (5.7x), Avg.   192 us, Total. 1.152 ms (0.0%)
[Performance] WebSocketClient.Tick                                                                                                                 :        6 samples, Peak.   199 us (5.9x), Avg.  33.7 us, Total. 202.1 us (0.0%)
[Performance] AssetDatabase.Tick                                                                                                                   :        6 samples, Peak.  49.9 us (5.9x), Avg.  8.46 us, Total. 50.75 us (0.0%)
[Performance] SceneBackgroundTask.Tick                                                                                                             :        5 samples, Peak.   167 ns (1.3x), Avg.   125 ns, Total. 626.0 ns (0.0%)
[Performance] Scheduler.Tick                                                                                                                       :       17 samples, Peak.  1.60 ms (16.4x), Avg.  97.8 us, Total. 1.662 ms (0.0%)
[Performance] RepaintAllProfilerWindows                                                                                                            :        3 samples, Peak.   189 us (2.9x), Avg.  64.9 us, Total. 194.8 us (0.0%)
[Performance] PlayerUpdates.Tick                                                                                                                   :        9 samples, Peak.  11.3 us (1.9x), Avg.  5.88 us, Total. 52.92 us (0.0%)
[Performance] Application.TickGlobalCallbacks                                                                                                      :       34 samples, Peak.   210 ms (29.1x), Avg.  7.23 ms, Total. 245.9 ms (2.0%)
[Performance] CoreBusinessMetrics.Tick                                                                                                             :        1 samples, Peak.  30.0 us (1.0x), Avg.  30.0 us, Total. 29.96 us (0.0%)
[Performance] EditorAnalytics.Tick                                                                                                                 :        5 samples, Peak.  8.33 us (4.5x), Avg.  1.84 us, Total. 9.208 us (0.0%)
[Performance] GI.Tick                                                                                                                              :        9 samples, Peak.   210 ms (8.6x), Avg.  24.4 ms, Total. 219.5 ms (1.8%)
[Performance] Video.Update                                                                                                                         :       34 samples, Peak.  2.08 us (11.1x), Avg.   187 ns, Total. 6.374 us (0.0%)
[Performance] UnitySynchronization.ExecuteTasks                                                                                                    :        8 samples, Peak.  4.08 us (2.3x), Avg.  1.78 us, Total. 14.25 us (0.0%)
[Performance] Application.TickPreloadManager                                                                                                       :       34 samples, Peak.  8.62 us (5.6x), Avg.  1.53 us, Total. 51.92 us (0.0%)
[Performance] Application.TickProgress                                                                                                             :       34 samples, Peak.  1.88 ms (32.0x), Avg.  58.9 us, Total. 2.002 ms (0.0%)
[Performance] Application.TickSceneTracker                                                                                                         :       33 samples, Peak.  1.05 s (24.6x), Avg.  42.6 ms, Total. 1.406 s (11.3%)
[Performance] EditorApplication.update                                                                                                             :       33 samples, Peak.  1.05 s (24.6x), Avg.  42.6 ms, Total. 1.406 s (11.3%)
[Performance] EditorApplication.update: UnityEngine.Rendering.ProbeSubdivisionContext+RealtimeProbeSubdivisionDebug.UpdateRealtimeSubdivisionDebug :       34 samples, Peak.  2.79 ms (33.8x), Avg.  82.4 us, Total. 2.803 ms (0.0%)
[Performance] EditorApplication.update: UnityEditor.TestTools.TestRunner.CommandLineTest.TestStarter.UpdateWatch                                   :        1 samples, Peak.  25.5 ms (1.0x), Avg.  25.5 ms, Total. 25.47 ms (0.2%)
[Performance] EditorApplication.update: callback in UnityEditor.Rendering.Universal.MaterialReimporter                                             :       34 samples, Peak.  1.01 ms (32.8x), Avg.  30.7 us, Total. 1.045 ms (0.0%)
[Performance] EditorApplication.update: UnityEditor.PackageManager.UI.Internal.ApplicationProxy.OnUpdate                                           :       34 samples, Peak.   608 us (20.6x), Avg.  29.6 us, Total. 1.006 ms (0.0%)
[Performance] EditorApplication.update: UnityEditor.SceneManagement.StageNavigationManager.Update                                                  :       34 samples, Peak.   253 us (30.1x), Avg.  8.42 us, Total. 286.3 us (0.0%)
[Performance] EditorApplication.update: GLTFast.OnScriptsReloadHandler.Progress                                                                    :        1 samples, Peak.  1.48 ms (1.0x), Avg.  1.48 ms, Total. 1.484 ms (0.0%)
[Performance] Package.AsyncRequest                                                                                                                 :        1 samples, Peak.   173 us (1.0x), Avg.   173 us, Total. 173.3 us (0.0%)
[Performance] ConsoleLog.Tick                                                                                                                      :        5 samples, Peak.   177 us (3.9x), Avg.  45.4 us, Total. 227.1 us (0.0%)
[Performance] HierarchyWindow.Tick                                                                                                                 :        5 samples, Peak.   747 us (2.8x), Avg.   266 us, Total. 1.331 ms (0.0%)
[Performance] EditorApplication.hierarchyChanged: Unity.UIElements.Editor.UIDocumentHierarchyWatcher.OnHierarchyChanged                            :        3 samples, Peak.   229 us (1.9x), Avg.   121 us, Total. 362.6 us (0.0%)
[Performance] Inspector.Tick                                                                                                                       :        5 samples, Peak.   163 ms (5.0x), Avg.  32.6 ms, Total. 163.2 ms (1.3%)
[Performance] EditorApplication.delayCall: UnityEditor.ShortcutManagement.ShortcutIntegration.EnsureShortcutsAreInitialized                        :        1 samples, Peak.  54.5 ms (1.0x), Avg.  54.5 ms, Total. 54.46 ms (0.4%)
[Performance] EditorApplication.delayCall: callback in UnityEditor.Rendering.Universal.RendererDataPatcher                                         :        1 samples, Peak.   107 ms (1.0x), Avg.   107 ms, Total. 107.5 ms (0.9%)
[Performance] EditorApplication.delayCall: callback in UnityEditor.SceneVisibilityManager                                                          :        1 samples, Peak.  1.02 ms (1.0x), Avg.  1.02 ms, Total. 1.019 ms (0.0%)
[Performance] EditorApplication.delayCall: callback in UnityEditor.EditorTools.ToolShortcutContext                                                 :        1 samples, Peak.  94.9 us (1.0x), Avg.  94.9 us, Total. 94.92 us (0.0%)
[Performance] EditorApplication.delayCall: callback in UnityEditor.EditorWindow                                                                    :        1 samples, Peak.  27.3 us (1.0x), Avg.  27.3 us, Total. 27.25 us (0.0%)
[Performance] Tooltip.Tick                                                                                                                         :        8 samples, Peak.   467 us (4.5x), Avg.   103 us, Total. 827.4 us (0.0%)
[Performance] Application.RequestRepaintForPanels                                                                                                  :       33 samples, Peak.   278 us (29.2x), Avg.  9.52 us, Total. 314.2 us (0.0%)
[Performance] Application.UpdateScene                                                                                                              :       33 samples, Peak.   268 us (6.3x), Avg.  42.6 us, Total. 1.405 ms (0.0%)
[Performance] Application.UpdateTextureStreaming                                                                                                   :       33 samples, Peak.   208 ns (2.5x), Avg.  83.3 ns, Total. 2.748 us (0.0%)
[Performance] Application.UpdateVideoTextures                                                                                                      :       33 samples, Peak.   458 ns (6.1x), Avg.  74.6 ns, Total. 2.463 us (0.0%)
[Performance] PackageImporter.Tick                                                                                                                 :        4 samples, Peak.   375 ns (1.5x), Avg.   250 ns, Total. 1.000 us (0.0%)
[Performance] InspectorBackground.Tick                                                                                                             :        4 samples, Peak.   833 ns (2.5x), Avg.   334 ns, Total. 1.334 us (0.0%)
[Performance] BurstDebug.Tick                                                                                                                      :        3 samples, Peak.  2.54 us (2.0x), Avg.  1.26 us, Total. 3.791 us (0.0%)
[Performance] Application.ChangeLayoutIfNeeded                                                                                                     :       33 samples, Peak.   167 ns (5.5x), Avg.  30.2 ns, Total. 998.0 ns (0.0%)
[Performance] AsyncReadManager.ForceCloseFiles                                                                                                     :        2 samples, Peak.  39.8 us (1.6x), Avg.  24.8 us, Total. 49.54 us (0.0%)
[Performance] Application.Message                                                                                                                  :       33 samples, Peak.   167 ns (1.7x), Avg.  95.9 ns, Total. 3.166 us (0.0%)
[Performance] EditorApplication.update: UnityEditor.TestTools.TestRunner.TestRun.TestJobRunner.ExecuteStep                                         :       33 samples, Peak.  86.0 ms (14.5x), Avg.  5.93 ms, Total. 195.6 ms (1.6%)
[Performance] GUIView.RepaintAll.RepaintScene                                                                                                      :       22 samples, Peak.   750 ns (3.5x), Avg.   212 ns, Total. 4.667 us (0.0%)
[Performance] Application.Idle                                                                                                                     :       14 samples, Peak.  3.38 ms (1.1x), Avg.  3.04 ms, Total. 42.62 ms (0.3%)
[Performance] EditorApplication.update: UnityEditor.Rendering.Universal.SceneViewDrawMode.UpdateSceneViewStates                                    :       28 samples, Peak.   290 us (24.2x), Avg.  12.0 us, Total. 336.2 us (0.0%)
[Performance] EditorApplication.update: UnityEditor.TestTools.TestRunner.EditModeRunnerCallback.DisplayProgressBar                                 :       15 samples, Peak.   111 us (8.9x), Avg.  12.5 us, Total. 186.9 us (0.0%)
[Performance] EditorApplication.update: UnityEditor.TestTools.TestRunner.EditModeRunner.TestConsumer                                               :       14 samples, Peak.  1.05 s (12.4x), Avg.  84.1 ms, Total. 1.177 s (9.4%)
[Performance] SceneDataContainer.TransformHierarchyChangedSetParentCallback                                                                        :       51 samples, Peak.  10.2 us (13.5x), Avg.   758 ns, Total. 38.67 us (0.0%)
[Performance] SceneVisibilityState.IsFlagSetInParents                                                                                              :      102 samples, Peak.  8.75 us (35.6x), Avg.   246 ns, Total. 25.09 us (0.0%)
[Performance] Application.Shutdown.CollabTerminate                                                                                                 :        1 samples, Peak.   198 us (1.0x), Avg.   198 us, Total. 198.4 us (0.0%)
[Performance] Application.Shutdown.CollabCleanup                                                                                                   :        1 samples, Peak.   868 us (1.0x), Avg.   868 us, Total. 867.8 us (0.0%)
[Performance] Application.Shutdown.SaveDefaultWindowPreferences                                                                                    :        1 samples, Peak.   123 us (1.0x), Avg.   123 us, Total. 122.7 us (0.0%)
[Performance] Application.Shutdown.SaveSceneManagerSetup                                                                                           :        1 samples, Peak.   356 us (1.0x), Avg.   356 us, Total. 355.6 us (0.0%)
[Performance] Application.Shutdown.CleanupAllContainerWindows                                                                                      :        1 samples, Peak.  1.71 us (1.0x), Avg.  1.71 us, Total. 1.708 us (0.0%)
[Performance] EditorApplication.quitting: UnityEditor.Search.SearchMonitor.OnQuitting                                                              :        1 samples, Peak.   529 us (1.0x), Avg.   529 us, Total. 528.6 us (0.0%)
[Performance] EditorApplication.quitting: Unity.Burst.Editor.BurstLoader.OnEditorApplicationQuitting                                               :        1 samples, Peak.  19.2 us (1.0x), Avg.  19.2 us, Total. 19.21 us (0.0%)
[Performance] EditorApplication.quitting: callback in UnityEditor.TextCore.Text.EditorEventCallbacks                                               :        1 samples, Peak.  8.12 ms (1.0x), Avg.  8.12 ms, Total. 8.115 ms (0.1%)
[Performance] Application.Shutdown.PauseProfilerSession                                                                                            :        1 samples, Peak.  18.1 us (1.0x), Avg.  18.1 us, Total. 18.12 us (0.0%)
[Performance] Application.Shutdown.PauseAssetImportWorkers                                                                                         :        1 samples, Peak.   181 us (1.0x), Avg.   181 us, Total. 181.1 us (0.0%)
[Performance] Application.Shutdown.SaveAssets                                                                                                      :        1 samples, Peak.  39.9 ms (1.0x), Avg.  39.9 ms, Total. 39.92 ms (0.3%)
[Performance] BuilderAssetModificationProcessor.OnWillSaveAssets                                                                                   :        1 samples, Peak.   286 us (1.0x), Avg.   286 us, Total. 286.4 us (0.0%)
[Performance] TerrainModificationProcessor.OnWillSaveAssets                                                                                        :        1 samples, Peak.   389 us (1.0x), Avg.   389 us, Total. 388.7 us (0.0%)
[Performance] Application.Shutdown.CleanupRenderPipeline                                                                                           :        1 samples, Peak.  3.92 ms (1.0x), Avg.  3.92 ms, Total. 3.923 ms (0.0%)
[Performance] Application.Shutdown.StopPreloadManager                                                                                              :        1 samples, Peak.  11.0 ms (1.0x), Avg.  11.0 ms, Total. 11.03 ms (0.1%)
[Performance] Application.Shutdown.DestroyWorld                                                                                                    :        1 samples, Peak.   732 us (1.0x), Avg.   732 us, Total. 731.9 us (0.0%)
[Performance] Application.Shutdown.CleanupAfterLoad                                                                                                :        1 samples, Peak.   215 ms (1.0x), Avg.   215 ms, Total. 214.6 ms (1.7%)
[Performance] Application.Shutdown.Progress                                                                                                        :        1 samples, Peak.  10.2 us (1.0x), Avg.  10.2 us, Total. 10.21 us (0.0%)
[Performance] Application.Shutdown.GICleanupManagers                                                                                               :        1 samples, Peak.  4.70 ms (1.0x), Avg.  4.70 ms, Total. 4.702 ms (0.0%)
[Performance] Application.Shutdown.MenuCleanupClass                                                                                                :        1 samples, Peak.   307 us (1.0x), Avg.   307 us, Total. 306.5 us (0.0%)
[Performance] Application.Shutdown.ADBSaveStateBeforeShutdown                                                                                      :        1 samples, Peak.  14.9 us (1.0x), Avg.  14.9 us, Total. 14.87 us (0.0%)
[Performance] Application.Shutdown.RemoteShutdown                                                                                                  :        1 samples, Peak.   875 ns (1.0x), Avg.   875 ns, Total. 875.0 ns (0.0%)
[Performance] Application.Shutdown.CleanupVCProvider                                                                                               :        1 samples, Peak.  8.50 us (1.0x), Avg.  8.50 us, Total. 8.500 us (0.0%)
[Performance] Application.Shutdown.InputShutdown                                                                                                   :        1 samples, Peak.   137 us (1.0x), Avg.   137 us, Total. 136.7 us (0.0%)
[Performance] Application.Shutdown.GizmoManagerDestroy                                                                                             :        1 samples, Peak.   674 us (1.0x), Avg.   674 us, Total. 674.4 us (0.0%)
[Performance] Application.Shutdown.ProfilerSession                                                                                                 :        1 samples, Peak.  1.16 ms (1.0x), Avg.  1.16 ms, Total. 1.159 ms (0.0%)
[Performance] Application.Shutdown.ReleaseGfxWindowOnAllGUIViews                                                                                   :        1 samples, Peak.  1.63 us (1.0x), Avg.  1.63 us, Total. 1.625 us (0.0%)
[Performance] Application.Shutdown.CleanupEngine                                                                                                   :        1 samples, Peak.   206 ms (1.0x), Avg.   206 ms, Total. 206.0 ms (1.7%)
[Performance] Application.Shutdown.CleanupAssetDatabase                                                                                            :        1 samples, Peak.  5.62 ms (1.0x), Avg.  5.62 ms, Total. 5.617 ms (0.0%)
[Performance] Application.Shutdown.ScriptCompilationCleanUp                                                                                        :        1 samples, Peak.  12.7 us (1.0x), Avg.  12.7 us, Total. 12.75 us (0.0%)
[Performance] Application.Shutdown.DestroyJobSystem                                                                                                :        1 samples, Peak.  66.9 us (1.0x), Avg.  66.9 us, Total. 66.87 us (0.0%)
[Performance] Application.Shutdown.CleanupPersistentManager                                                                                        :        1 samples, Peak.  1.24 ms (1.0x), Avg.  1.24 ms, Total. 1.236 ms (0.0%)
[Performance] Application.Shutdown.CleanupAsyncReadManager                                                                                         :        1 samples, Peak.   157 us (1.0x), Avg.   157 us, Total. 157.2 us (0.0%)
[Performance] Application.Shutdown.CleanupMono                                                                                                     :        1 samples, Peak.   128 ms (1.0x), Avg.   128 ms, Total. 128.4 ms (1.0%)
[Performance] Application.Shutdown.CleanupStdConverters                                                                                            :        1 samples, Peak.  4.08 us (1.0x), Avg.  4.08 us, Total. 4.084 us (0.0%)
[Performance] Application.Shutdown.UnloadAllPlatformSupportModuleNativeDlls                                                                        :        1 samples, Peak.   333 ns (1.0x), Avg.   333 ns, Total. 333.0 ns (0.0%)
[Performance] Application.Shutdown.UnloadAllPlatformSupportNativeLibraries                                                                         :        1 samples, Peak.   125 ns (1.0x), Avg.   125 ns, Total. 125.0 ns (0.0%)
[Performance] Application.Shutdown.CleanupAutoDocumentation                                                                                        :        1 samples, Peak.   408 us (1.0x), Avg.   408 us, Total. 408.0 us (0.0%)
[Performance] Application.Shutdown.ShaderNameManagerDestroy                                                                                        :        1 samples, Peak.  28.9 us (1.0x), Avg.  28.9 us, Total. 28.87 us (0.0%)
[Performance] Application.Shutdown.CleanupCacheServer                                                                                              :        1 samples, Peak.  42.0 ns (1.0x), Avg.  42.0 ns, Total. 42.00 ns (0.0%)
[Performance] Application.Shutdown.Virtualization_Shutdown                                                                                         :        1 samples, Peak.   138 us (1.0x), Avg.   138 us, Total. 138.5 us (0.0%)
[Performance] Application.Shutdown.DevConnections                                                                                                  :        1 samples, Peak.  74.7 us (1.0x), Avg.  74.7 us, Total. 74.67 us (0.0%)
[Package Manager] Server::Kill -- Server was shutdown
Checking for leaked weakptr:
  Found no leaked weakptrs.
Memory Statistics:
[ALLOC_TEMP_TLS] TLS Allocator
  StackAllocators : 
    [ALLOC_TEMP_CurlRequest]
      Initial Block Size 64.0 KB
      Current Block Size 64.0 KB
      Peak Allocated Bytes 0 B
      Overflow Count 0
    [ALLOC_TEMP_MAIN]
      Peak usage frame count: [4.0 KB-8.0 KB]: 6 frames, [16.0 KB-32.0 KB]: 1 frames, [256.0 KB-0.5 MB]: 1 frames, [2.0 MB-4.0 MB]: 2 frames, [8.0 MB-16.0 MB]: 1 frames
      Initial Block Size 16.0 MB
      Current Block Size 16.0 MB
      Peak Allocated Bytes 10.6 MB
      Overflow Count 0
    [ALLOC_TEMP_Background Job.worker 6]
      Initial Block Size 32.0 KB
      Current Block Size 32.0 KB
      Peak Allocated Bytes 0 B
      Overflow Count 0
    [ALLOC_TEMP_Background Job.worker 15]
      Initial Block Size 32.0 KB
      Current Block Size 32.0 KB
      Peak Allocated Bytes 0 B
      Overflow Count 0
    [ALLOC_TEMP_BakingJobs.worker 0]
      Initial Block Size 256.0 KB
      Current Block Size 256.0 KB
      Peak Allocated Bytes 0 B
      Overflow Count 0
    [ALLOC_TEMP_AssetDatabase.FileHasherReader] x 4
      Initial Block Size 64.0 KB
      Current Block Size 64.0 KB
      Peak Allocated Bytes 31 B
      Overflow Count 0
    [ALLOC_TEMP_BakingJobs.worker 1]
      Initial Block Size 256.0 KB
      Current Block Size 256.0 KB
      Peak Allocated Bytes 301 B
      Overflow Count 0
    [ALLOC_TEMP_BatchDeleteObjects]
      Initial Block Size 64.0 KB
      Current Block Size 64.0 KB
      Peak Allocated Bytes 0 B
      Overflow Count 0
    [ALLOC_TEMP_CoreBusinessMetricsCache]
      Initial Block Size 64.0 KB
      Current Block Size 64.0 KB
      Peak Allocated Bytes 7.9 KB
      Overflow Count 0
    [ALLOC_TEMP_REST Message Handler]
      Initial Block Size 64.0 KB
      Current Block Size 64.0 KB
      Peak Allocated Bytes 0 B
      Overflow Count 0
    [ALLOC_TEMP_Job.worker 4]
      Initial Block Size 256.0 KB
      Current Block Size 256.0 KB
      Peak Allocated Bytes 23.7 KB
      Overflow Count 1
    [ALLOC_TEMP_Background Job.worker 1]
      Initial Block Size 32.0 KB
      Current Block Size 208.0 KB
      Peak Allocated Bytes 121.6 KB
      Overflow Count 0
    [ALLOC_TEMP_AssetDatabase.IOService]
      Initial Block Size 64.0 KB
      Current Block Size 64.0 KB
      Peak Allocated Bytes 0 B
      Overflow Count 0
    [ALLOC_TEMP_Loading.PreloadManager]
      Initial Block Size 32.0 MB
      Current Block Size 32.0 MB
      Peak Allocated Bytes 0 B
      Overflow Count 0
    [ALLOC_TEMP_Background Job.worker 4]
      Initial Block Size 32.0 KB
      Current Block Size 32.0 KB
      Peak Allocated Bytes 0 B
      Overflow Count 0
    [ALLOC_TEMP_Background Job.worker 7]
      Initial Block Size 32.0 KB
      Current Block Size 32.0 KB
      Peak Allocated Bytes 0 B
      Overflow Count 0
    [ALLOC_TEMP_Background Job.worker 10]
      Initial Block Size 32.0 KB
      Current Block Size 32.0 KB
      Peak Allocated Bytes 0 B
      Overflow Count 0
    [ALLOC_TEMP_Background Job.worker 12]
      Initial Block Size 32.0 KB
      Current Block Size 32.0 KB
      Peak Allocated Bytes 0 B
      Overflow Count 0
    [ALLOC_TEMP_Background Job.worker 13]
      Initial Block Size 32.0 KB
      Current Block Size 32.0 KB
      Peak Allocated Bytes 0 B
      Overflow Count 0
    [ALLOC_TEMP_CurlRequest]
      Initial Block Size 64.0 KB
      Current Block Size 64.0 KB
      Peak Allocated Bytes 0 B
      Overflow Count 0
    [ALLOC_TEMP_BakingJobs.worker 4]
      Initial Block Size 256.0 KB
      Current Block Size 256.0 KB
      Peak Allocated Bytes 0 B
      Overflow Count 0
    [ALLOC_TEMP_Profiler.Dispatcher]
      Initial Block Size 64.0 KB
      Current Block Size 64.0 KB
      Peak Allocated Bytes 0 B
      Overflow Count 0
    [ALLOC_TEMP_Background Job.worker 14]
      Initial Block Size 32.0 KB
      Current Block Size 32.0 KB
      Peak Allocated Bytes 0 B
      Overflow Count 0
    [ALLOC_TEMP_Background Job.worker 9]
      Initial Block Size 32.0 KB
      Current Block Size 32.0 KB
      Peak Allocated Bytes 0 B
      Overflow Count 0
    [ALLOC_TEMP_Job.worker 3]
      Initial Block Size 256.0 KB
      Current Block Size 1.9 MB
      Peak Allocated Bytes 1.9 MB
      Overflow Count 0
    [ALLOC_TEMP_Job.worker 2]
      Initial Block Size 256.0 KB
      Current Block Size 256.0 KB
      Peak Allocated Bytes 53.5 KB
      Overflow Count 1
    [ALLOC_TEMP_Loading.AsyncRead]
      Initial Block Size 64.0 KB
      Current Block Size 64.0 KB
      Peak Allocated Bytes 128 B
      Overflow Count 0
    [ALLOC_TEMP_Background Job.worker 3]
      Initial Block Size 32.0 KB
      Current Block Size 32.0 KB
      Peak Allocated Bytes 0 B
      Overflow Count 0
    [ALLOC_TEMP_Background Job.worker 2]
      Initial Block Size 32.0 KB
      Current Block Size 32.0 KB
      Peak Allocated Bytes 65 B
      Overflow Count 0
    [ALLOC_TEMP_Background Job.worker 8]
      Initial Block Size 32.0 KB
      Current Block Size 32.0 KB
      Peak Allocated Bytes 0 B
      Overflow Count 0
    [ALLOC_TEMP_OSX HID Input]
      Initial Block Size 64.0 KB
      Current Block Size 64.0 KB
      Peak Allocated Bytes 0 B
      Overflow Count 0
    [ALLOC_TEMP_BakingJobs.worker 6]
      Initial Block Size 256.0 KB
      Current Block Size 256.0 KB
      Peak Allocated Bytes 0 B
      Overflow Count 0
    [ALLOC_TEMP_BakingJobs.worker 7]
      Initial Block Size 256.0 KB
      Current Block Size 256.0 KB
      Peak Allocated Bytes 0 B
      Overflow Count 0
    [ALLOC_TEMP_Job.worker 6]
      Initial Block Size 256.0 KB
      Current Block Size 256.0 KB
      Peak Allocated Bytes 16.6 KB
      Overflow Count 0
    [ALLOC_TEMP_Background Job.worker 0]
      Initial Block Size 32.0 KB
      Current Block Size 32.0 KB
      Peak Allocated Bytes 0 B
      Overflow Count 0
    [ALLOC_TEMP_AUDIO_FMOD stream thread]
      Initial Block Size 64.0 KB
      Current Block Size 64.0 KB
      Peak Allocated Bytes 0 B
      Overflow Count 0
    [ALLOC_TEMP_AssetDatabase.FileHasherHasher] x 4
      Initial Block Size 64.0 KB
      Current Block Size 64.0 KB
      Peak Allocated Bytes 31 B
      Overflow Count 0
    [ALLOC_TEMP_BakingJobs.worker 3]
      Initial Block Size 256.0 KB
      Current Block Size 256.0 KB
      Peak Allocated Bytes 0 B
      Overflow Count 0
    [ALLOC_TEMP_Job.worker 1]
      Initial Block Size 256.0 KB
      Current Block Size 1.9 MB
      Peak Allocated Bytes 1.9 MB
      Overflow Count 0
    [ALLOC_TEMP_Background Job.worker 5]
      Initial Block Size 32.0 KB
      Current Block Size 32.0 KB
      Peak Allocated Bytes 0 B
      Overflow Count 0
    [ALLOC_TEMP_BakingJobs.worker 2]
      Initial Block Size 256.0 KB
      Current Block Size 256.0 KB
      Peak Allocated Bytes 0 B
      Overflow Count 0
    [ALLOC_TEMP_Background Job.worker 11]
      Initial Block Size 32.0 KB
      Current Block Size 32.0 KB
      Peak Allocated Bytes 0 B
      Overflow Count 0
    [ALLOC_TEMP_EditorTaskManager]
      Initial Block Size 64.0 KB
      Current Block Size 80.0 KB
      Peak Allocated Bytes 64.0 KB
      Overflow Count 0
    [ALLOC_TEMP_Job.worker 5]
      Initial Block Size 256.0 KB
      Current Block Size 1.9 MB
      Peak Allocated Bytes 1.9 MB
      Overflow Count 0
    [ALLOC_TEMP_HTTP REST Server]
      Initial Block Size 64.0 KB
      Current Block Size 64.0 KB
      Peak Allocated Bytes 70 B
      Overflow Count 0
    [ALLOC_TEMP_AssetGarbageCollectorHelper] x 7
      Initial Block Size 64.0 KB
      Current Block Size 64.0 KB
      Peak Allocated Bytes 0 B
      Overflow Count 0
    [ALLOC_TEMP_AUDIO_Audio Mixer Thread]
      Initial Block Size 64.0 KB
      Current Block Size 64.0 KB
      Peak Allocated Bytes 0 B
      Overflow Count 0
    [ALLOC_TEMP_BakingJobs.worker 5]
      Initial Block Size 256.0 KB
      Current Block Size 256.0 KB
      Peak Allocated Bytes 0 B
      Overflow Count 0
    [ALLOC_TEMP_Job.worker 0]
      Initial Block Size 256.0 KB
      Current Block Size 256.0 KB
      Peak Allocated Bytes 16.2 KB
      Overflow Count 1
[ALLOC_MEMORYPROFILER]
  Peak usage frame count: [128.0 KB-256.0 KB]: 10 frames, [256.0 KB-0.5 MB]: 1 frames
  Requested Block Size 1.0 MB
  Peak Block count 1
  Peak Allocated memory 448.5 KB
  Peak Large allocation bytes 0 B
[ALLOC_DEFAULT] Dual Thread Allocator
  Peak main deferred allocation count 74
    [ALLOC_BUCKET]
      Large Block size 32.0 MB
      Used Block count 1
      Peak Allocated bytes 7.4 MB
    [ALLOC_DEFAULT_MAIN]
      Peak usage frame count: [64.0 MB-128.0 MB]: 11 frames
      Requested Block Size 16.0 MB
      Peak Block count 6
      Peak Allocated memory 92.1 MB
      Peak Large allocation bytes 0 B
    [ALLOC_DEFAULT_THREAD]
      Peak usage frame count: [1.0 MB-2.0 MB]: 10 frames, [32.0 MB-64.0 MB]: 1 frames
      Requested Block Size 16.0 MB
      Peak Block count 1
      Peak Allocated memory 44.1 MB
      Peak Large allocation bytes 29.3 MB
[ALLOC_TEMP_JOB_1_FRAME]
  Initial Block Size 2.0 MB
  Used Block Count 0
  Overflow Count (too large) 0
  Overflow Count (full) 0
[ALLOC_TEMP_JOB_2_FRAMES]
  Initial Block Size 2.0 MB
  Used Block Count 0
  Overflow Count (too large) 0
  Overflow Count (full) 0
[ALLOC_TEMP_JOB_4_FRAMES (JobTemp)]
  Initial Block Size 2.0 MB
  Used Block Count 1
  Overflow Count (too large) 0
  Overflow Count (full) 0
[ALLOC_TEMP_JOB_ASYNC (Background)]
  Initial Block Size 1.0 MB
  Used Block Count 1
  Overflow Count (too large) 3
  Overflow Count (full) 0
[ALLOC_GFX] Dual Thread Allocator
  Peak main deferred allocation count 3
    [ALLOC_BUCKET]
      Large Block size 32.0 MB
      Used Block count 1
      Peak Allocated bytes 7.4 MB
    [ALLOC_GFX_MAIN]
      Peak usage frame count: [4.0 MB-8.0 MB]: 11 frames
      Requested Block Size 16.0 MB
      Peak Block count 1
      Peak Allocated memory 7.4 MB
      Peak Large allocation bytes 0 B
    [ALLOC_GFX_THREAD]
      Peak usage frame count: [0-1.0 KB]: 1 frames, [1.0 KB-2.0 KB]: 10 frames
      Requested Block Size 16.0 MB
      Peak Block count 1
      Peak Allocated memory 1.6 KB
      Peak Large allocation bytes 0 B
[ALLOC_CACHEOBJECTS] Dual Thread Allocator
  Peak main deferred allocation count 676
    [ALLOC_BUCKET]
      Large Block size 32.0 MB
      Used Block count 1
      Peak Allocated bytes 7.4 MB
    [ALLOC_CACHEOBJECTS_MAIN]
      Peak usage frame count: [16.0 MB-32.0 MB]: 10 frames, [32.0 MB-64.0 MB]: 1 frames
      Requested Block Size 4.0 MB
      Peak Block count 10
      Peak Allocated memory 32.9 MB
      Peak Large allocation bytes 10.7 MB
    [ALLOC_CACHEOBJECTS_THREAD]
      Peak usage frame count: [0-1.0 KB]: 8 frames, [1.0 KB-2.0 KB]: 3 frames
      Requested Block Size 4.0 MB
      Peak Block count 1
      Peak Allocated memory 1.3 KB
      Peak Large allocation bytes 0 B
[ALLOC_TYPETREE] Dual Thread Allocator
  Peak main deferred allocation count 524
    [ALLOC_BUCKET]
      Large Block size 32.0 MB
      Used Block count 1
      Peak Allocated bytes 7.4 MB
    [ALLOC_TYPETREE_MAIN]
      Peak usage frame count: [1.0 MB-2.0 MB]: 8 frames, [2.0 MB-4.0 MB]: 2 frames, [8.0 MB-16.0 MB]: 1 frames
      Requested Block Size 2.0 MB
      Peak Block count 7
      Peak Allocated memory 11.9 MB
      Peak Large allocation bytes 0 B
    [ALLOC_TYPETREE_THREAD]
      Peak usage frame count: [0-1.0 KB]: 11 frames
      Requested Block Size 2.0 MB
      Peak Block count 0
      Peak Allocated memory 0 B
      Peak Large allocation bytes 0 B
[ALLOC_PROFILER]
  Peak usage frame count: [0.5 MB-1.0 MB]: 11 frames
  Requested Block Size 16.0 MB
  Peak Block count 1
  Peak Allocated memory 0.6 MB
  Peak Large allocation bytes 0 B
    [ALLOC_PROFILER_BUCKET]
      Large Block size 32.0 MB
      Used Block count 1
      Peak Allocated bytes 11.5 KB
[ALLOC_PROFILER_EDITOR]
  Peak usage frame count: [0-1.0 KB]: 11 frames
  Requested Block Size 1.0 MB
  Peak Block count 0
  Peak Allocated memory 0 B
  Peak Large allocation bytes 0 B
    [ALLOC_PROFILER_BUCKET]
      Large Block size 32.0 MB
      Used Block count 1
      Peak Allocated bytes 11.5 KB
##utp:{"type":"MemoryLeaks","version":2,"phase":"Immediate","time":1778239907713,"processId":37479,"allocatedMemory":17490961,"memoryLabels":[{"Default":11375},{"Permanent":15536},{"Thread":1083508},{"Manager":29597},{"VertexData":12},{"Geometry":280},{"Texture":168},{"Shader":67451},{"Material":24},{"GfxDevice":38144},{"Animation":304},{"Audio":3904},{"FontEngine":288},{"Physics":561},{"Serialization":612},{"Input":9024},{"JobScheduler":232},{"Mono":40},{"ScriptingNativeRuntime":7924888},{"BaseObject":1618916},{"Resource":912},{"Renderer":2272},{"Transform":24},{"File":732},{"WebCam":40},{"Culling":40},{"Terrain":1025},{"Wind":24},{"String":17766},{"DynamicArray":132794},{"HashMap":79943},{"Utility":289286},{"Curl":3037},{"PoolAlloc":1464},{"AI":40},{"TypeTree":4533},{"ScriptManager":528},{"RuntimeInitializeOnLoadManager":72},{"SpriteAtlas":112},{"GI":3896},{"Director":7880},{"WebRequest":816},{"VR":45641},{"SceneManager":616},{"Video":2120},{"LazyScriptCache":32},{"NativeArray":12},{"Camera":25},{"Secure":9817},{"SerializationCache":1576},{"APIUpdating":11856},{"Subsystems":384},{"VirtualTexturing":57512},{"StaticSafetyDebugInfo":327680},{"Baselib":16},{"EditorGui":80},{"EditorUtility":6335},{"VersionControl":4},{"Undo":720},{"AssetDatabase":5626919},{"RestService":1310},{"EditorGi":376},{"License":3616},{"UnityConnect":25512},{"Collab":785},{"Upm":1600},{"DrivenProperties":80},{"LocalIPC":222},{"ProfilerEditor":10967},{"CoreBusinessMetrics":2984},{"AssetReference":32},{"IPCStream":32}]}
