Unity Editor version:    2022.3.0f1 (fb119bb0b476)
Branch:                  2022.3/release
Build type:              Release
Batch mode:              YES
macOS version:           Version 26.3.1 (a) (Build 25D771280a)
Darwin version:          25.3.0
Architecture:            arm64
Running under Rosetta:   NO
Available memory:        8192 MB
[Licensing::Module] Trying to connect to existing licensing client channel...
[Licensing::IpcConnector] Connection attempt to the License Client on channel: "LicenseClient-guribbong" failed because channel doesn't exist; code: "0x80000002"
Launching external process: /Applications/Unity/Hub/Editor/2022.3.0f1/Unity.app/Contents/Frameworks/UnityLicensingClient.app/Contents/MacOS/Unity.Licensing.Client
[Licensing::Module] Successfully launched the LicensingClient (PId: 63243)
[Licensing::IpcConnector] Successfully connected to the License Client on channel: "LicenseClient-guribbong"
[Licensing::Client] Handshaking with LicensingClient:
  Version:                 1.12.1+9338cad
  Session Id:              7e03936b580740f98b5592305f5745c0
  Correlation Id:          8cc0d60323b22b5da7de526653047750
  External correlation Id: 7006353894609954014
  Machine Id:              kK/taOzULwH3CoqhnK6anvJ0b88=
[Licensing::Module] Successfully connected to LicensingClient on channel: "LicenseClient-guribbong" (connect: 3.71s, validation: 0.42s, handshake: 0.69s)
[Licensing::IpcConnector] Successfully connected to the License Notification on channel: "LicenseClient-guribbong-notifications"
[Licensing::Module] Connected to LicensingClient (PId: 63243, launch time: 0.00, total connection time: 4.82s)
[Licensing::Module] Error: Access token is unavailable; failed to update
[Licensing::Client] Error: Code 500 while processing request (status: Unable to update licenses. Errors: No ULF license found.,Token not found in cache)
[Licensing::Client] Error: Code 500 while updating license in client (status: Unable to update licenses. Errors: No ULF license found.,Token not found in cache)
[Licensing::Client] Successfully resolved entitlements
[Licensing::Module] Serial number assigned to: "14568638156105-UnityPersXXXX"
Pro License: NO
Launching external process: /Applications/Unity/Hub/Editor/2022.3.0f1/Unity.app/Contents/Resources/PackageManager/Server/UnityPackageManager

COMMAND LINE ARGUMENTS:
/Applications/Unity/Hub/Editor/2022.3.0f1/Unity.app/Contents/MacOS/Unity
-batchmode
-projectPath
/Users/guribbong/code/Argus/unity/EmbodiedDebate
-executeMethod
ArgusUnity.Editor.HideAndSeekDesignBuilder.OpenSceneInPlayMode
-logFile
/Users/guribbong/code/Argus/tmp/slow-smooth-capture.log
Successfully changed project path to: /Users/guribbong/code/Argus/unity/EmbodiedDebate
/Users/guribbong/code/Argus/unity/EmbodiedDebate
[UnityMemory] Configuration Parameters - Can be set up in boot.config
    "memorysetup-bucket-allocator-granularity=16"
    "memorysetup-bucket-allocator-bucket-count=8"
    "memorysetup-bucket-allocator-block-size=33554432"
    "memorysetup-bucket-allocator-block-count=8"
    "memorysetup-main-allocator-block-size=16777216"
    "memorysetup-thread-allocator-block-size=16777216"
    "memorysetup-gfx-main-allocator-block-size=16777216"
    "memorysetup-gfx-thread-allocator-block-size=16777216"
    "memorysetup-cache-allocator-block-size=4194304"
    "memorysetup-typetree-allocator-block-size=2097152"
    "memorysetup-profiler-bucket-allocator-granularity=16"
    "memorysetup-profiler-bucket-allocator-bucket-count=8"
    "memorysetup-profiler-bucket-allocator-block-size=33554432"
    "memorysetup-profiler-bucket-allocator-block-count=8"
    "memorysetup-profiler-allocator-block-size=16777216"
    "memorysetup-profiler-editor-allocator-block-size=1048576"
    "memorysetup-temp-allocator-size-main=16777216"
    "memorysetup-job-temp-allocator-block-size=2097152"
    "memorysetup-job-temp-allocator-block-size-background=1048576"
    "memorysetup-job-temp-allocator-reduction-small-platforms=262144"
    "memorysetup-allocator-temp-initial-block-size-main=262144"
    "memorysetup-allocator-temp-initial-block-size-worker=262144"
    "memorysetup-temp-allocator-size-background-worker=32768"
    "memorysetup-temp-allocator-size-job-worker=262144"
    "memorysetup-temp-allocator-size-preload-manager=33554432"
    "memorysetup-temp-allocator-size-nav-mesh-worker=65536"
    "memorysetup-temp-allocator-size-audio-worker=65536"
    "memorysetup-temp-allocator-size-cloud-worker=32768"
    "memorysetup-temp-allocator-size-gi-baking-worker=262144"
    "memorysetup-temp-allocator-size-gfx=262144"
Player connection [8649715968] Host "[IP] 192.168.3.1 [Port] 55496 [Flags] 2 [Guid] 4248058148 [EditorId] 4248058148 [Version] 1048832 [Id] OSXEditor(0,topabaem.local) [Debug] 1 [PackageName] OSXEditor [ProjectName] Editor" joined multi-casting on [225.0.0.222:54997]...

Player connection [8649715968] Host "[IP] 192.168.3.1 [Port] 55496 [Flags] 2 [Guid] 4248058148 [EditorId] 4248058148 [Version] 1048832 [Id] OSXEditor(0,topabaem.local) [Debug] 1 [PackageName] OSXEditor [ProjectName] Editor" joined alternative multi-casting on [225.0.0.222:34997]...

[Package Manager] UpmClient::Connect -- Connected to IPC stream "Upm-63239" after 1.4 seconds.
[Licensing::Client] Successfully resolved entitlements
[Package Manager] Restoring resolved packages state from cache
[Licensing::Client] Successfully resolved entitlement details
[Package Manager] Registered 19 packages:
  Packages from [https://packages.unity.com]:
    com.unity.nuget.newtonsoft-json@3.2.1 (location: /Users/guribbong/code/Argus/unity/EmbodiedDebate/Library/PackageCache/com.unity.nuget.newtonsoft-json@3.2.1)
    com.unity.test-framework@1.1.33 (location: /Users/guribbong/code/Argus/unity/EmbodiedDebate/Library/PackageCache/com.unity.test-framework@1.1.33)
    com.unity.ext.nunit@1.0.6 (location: /Users/guribbong/code/Argus/unity/EmbodiedDebate/Library/PackageCache/com.unity.ext.nunit@1.0.6)
    com.unity.mathematics@1.2.6 (location: /Users/guribbong/code/Argus/unity/EmbodiedDebate/Library/PackageCache/com.unity.mathematics@1.2.6)
    com.unity.burst@1.8.4 (location: /Users/guribbong/code/Argus/unity/EmbodiedDebate/Library/PackageCache/com.unity.burst@1.8.4)
    com.unity.searcher@4.9.2 (location: /Users/guribbong/code/Argus/unity/EmbodiedDebate/Library/PackageCache/com.unity.searcher@4.9.2)
  Built-in packages:
    com.unity.modules.animation@1.0.0 (location: /Users/guribbong/code/Argus/unity/EmbodiedDebate/Library/PackageCache/com.unity.modules.animation@1.0.0)
    com.unity.modules.imageconversion@1.0.0 (location: /Users/guribbong/code/Argus/unity/EmbodiedDebate/Library/PackageCache/com.unity.modules.imageconversion@1.0.0)
    com.unity.modules.physics@1.0.0 (location: /Users/guribbong/code/Argus/unity/EmbodiedDebate/Library/PackageCache/com.unity.modules.physics@1.0.0)
    com.unity.modules.unitywebrequest@1.0.0 (location: /Users/guribbong/code/Argus/unity/EmbodiedDebate/Library/PackageCache/com.unity.modules.unitywebrequest@1.0.0)
    com.unity.render-pipelines.universal@14.0.7 (location: /Users/guribbong/code/Argus/unity/EmbodiedDebate/Library/PackageCache/com.unity.render-pipelines.universal@14.0.7)
    com.unity.modules.imgui@1.0.0 (location: /Users/guribbong/code/Argus/unity/EmbodiedDebate/Library/PackageCache/com.unity.modules.imgui@1.0.0)
    com.unity.modules.jsonserialize@1.0.0 (location: /Users/guribbong/code/Argus/unity/EmbodiedDebate/Library/PackageCache/com.unity.modules.jsonserialize@1.0.0)
    com.unity.render-pipelines.core@14.0.7 (location: /Users/guribbong/code/Argus/unity/EmbodiedDebate/Library/PackageCache/com.unity.render-pipelines.core@14.0.7)
    com.unity.shadergraph@14.0.7 (location: /Users/guribbong/code/Argus/unity/EmbodiedDebate/Library/PackageCache/com.unity.shadergraph@14.0.7)
    com.unity.ugui@1.0.0 (location: /Users/guribbong/code/Argus/unity/EmbodiedDebate/Library/PackageCache/com.unity.ugui@1.0.0)
    com.unity.modules.terrain@1.0.0 (location: /Users/guribbong/code/Argus/unity/EmbodiedDebate/Library/PackageCache/com.unity.modules.terrain@1.0.0)
    com.unity.modules.ui@1.0.0 (location: /Users/guribbong/code/Argus/unity/EmbodiedDebate/Library/PackageCache/com.unity.modules.ui@1.0.0)
  Embedded packages:
    com.unity.cloud.gltfast@file:/Users/guribbong/code/Argus/unity/EmbodiedDebate/Packages/com.unity.cloud.gltfast (location: /Users/guribbong/code/Argus/unity/EmbodiedDebate/Packages/com.unity.cloud.gltfast)
[Subsystems] No new subsystems found in resolved package list.
Package Manager log level set to [2]
[Package Manager] Done registering packages in 1.14 seconds
Refreshing native plugins compatible for Editor in 11.29 ms, found 0 plugins.
Preloading 0 native plugins for Editor in 0.00 ms.
Initialize engine version: 2022.3.0f1 (fb119bb0b476)
[Subsystems] Discovering subsystems at path /Applications/Unity/Hub/Editor/2022.3.0f1/Unity.app/Contents/Resources/UnitySubsystems
[Subsystems] Discovering subsystems at path /Users/guribbong/code/Argus/unity/EmbodiedDebate/Assets
GfxDevice: creating device client; threaded=0; jobified=0
 preferred device: Apple M2 (high power)
Metal devices available: 1
0: Apple M2 (high power)
Using device Apple M2 (high power)
Initializing Metal device caps: Apple M2
[Licensing::Client] Successfully resolved entitlements
Initialize mono
Mono path[0] = '/Applications/Unity/Hub/Editor/2022.3.0f1/Unity.app/Contents/Managed'
Mono path[1] = '/Applications/Unity/Hub/Editor/2022.3.0f1/Unity.app/Contents/MonoBleedingEdge/lib/mono/unityjit-macos'
Mono config path = '/Applications/Unity/Hub/Editor/2022.3.0f1/Unity.app/Contents/MonoBleedingEdge/etc'
Using monoOptions --debugger-agent=transport=dt_socket,embedding=1,server=y,suspend=n,address=127.0.0.1:56239
Using cacheserver namespaces - metadata:defaultmetadata, artifacts:defaultartifacts
Using cacheserver namespaces - metadata:defaultmetadata, artifacts:defaultartifacts
ImportWorker Server TCP listen port: 0
Begin MonoManager ReloadAssembly
Registering precompiled unity dll's ...
Register platform support module: /Applications/Unity/Hub/Editor/2022.3.0f1/Unity.app/Contents/PlaybackEngines/MacStandaloneSupport/UnityEditor.OSXStandalone.Extensions.dll
Registered in 0.002759 seconds.
- Loaded All Assemblies, in  0.533 seconds
Native extension for OSXStandalone target not found
Mono: successfully reloaded assembly
- Finished resetting the current domain, in  0.417 seconds
Domain Reload Profiling: 950ms
	BeginReloadAssembly (170ms)
		ExecutionOrderSort (0ms)
		DisableScriptedObjects (0ms)
		BackupInstance (0ms)
		ReleaseScriptingObjects (0ms)
		CreateAndSetChildDomain (2ms)
	RebuildCommonClasses (61ms)
	RebuildNativeTypeToScriptingClass (17ms)
	initialDomainReloadingComplete (74ms)
	LoadAllAssembliesAndSetupDomain (209ms)
		LoadAssemblies (165ms)
		RebuildTransferFunctionScriptingTraits (0ms)
		AnalyzeDomain (203ms)
			TypeCache.Refresh (202ms)
				TypeCache.ScanAssembly (180ms)
			ScanForSourceGeneratedMonoScriptInfo (0ms)
			ResolveRequiredComponents (1ms)
	FinalizeReload (418ms)
		ReleaseScriptCaches (0ms)
		RebuildScriptCaches (0ms)
		SetupLoadedEditorAssemblies (337ms)
			LogAssemblyErrors (0ms)
			InitializePlatformSupportModulesInManaged (10ms)
			SetLoadedEditorAssemblies (9ms)
			RefreshPlugins (0ms)
			BeforeProcessingInitializeOnLoad (4ms)
			ProcessInitializeOnLoadAttributes (237ms)
			ProcessInitializeOnLoadMethodAttributes (78ms)
			AfterProcessingInitializeOnLoad (0ms)
			EditorAssembliesLoaded (0ms)
		ExecutionOrderSort2 (0ms)
		AwakeInstancesAfterBackupRestoration (0ms)
[Licensing::Client] Successfully resolved entitlements
Application.AssetDatabase Initial Refresh Start
[40m[32minfo[39m[22m[49m: Microsoft.Hosting.Lifetime[14]
      Now listening on: http://unix:/tmp/ilpp.sock-8e16111b622e4d5ea6b5ecc926298bfd
[40m[32minfo[39m[22m[49m: Microsoft.Hosting.Lifetime[0]
      Application started. Press Ctrl+C to shut down.
[40m[32minfo[39m[22m[49m: Microsoft.Hosting.Lifetime[0]
      Hosting environment: Production
[40m[32minfo[39m[22m[49m: Microsoft.Hosting.Lifetime[0]
      Content root path: /Users/guribbong/code/Argus/unity/EmbodiedDebate/
[40m[32minfo[39m[22m[49m: Microsoft.AspNetCore.Hosting.Diagnostics[1]
      Request starting HTTP/2 POST http://ilpp/UnityILPP.PostProcessing/Ping application/grpc -
[40m[32minfo[39m[22m[49m: Microsoft.AspNetCore.Routing.EndpointMiddleware[0]
      Executing endpoint 'gRPC - /UnityILPP.PostProcessing/Ping'
[40m[32minfo[39m[22m[49m: Microsoft.AspNetCore.Routing.EndpointMiddleware[1]
      Executed endpoint 'gRPC - /UnityILPP.PostProcessing/Ping'
[40m[32minfo[39m[22m[49m: Microsoft.AspNetCore.Hosting.Diagnostics[2]
      Request finished HTTP/2 POST http://ilpp/UnityILPP.PostProcessing/Ping application/grpc - - 200 - application/grpc 143.9902ms
Starting: /Applications/Unity/Hub/Editor/2022.3.0f1/Unity.app/Contents/bee_backend --dont-print-to-structured-log --ipc --defer-dag-verification --dagfile="Library/Bee/200b0aE.dag" --continue-on-failure --profile="Library/Bee/backend1.traceevents" ScriptAssemblies
WorkingDir: /Users/guribbong/code/Argus/unity/EmbodiedDebate
DisplayProgressbar: Compiling Scripts
ExitCode: 4 Duration: 0s188ms
Rebuilding DAG because FileSignature timestamp changed: Library/Bee/200b0aE-inputdata.json
*** Tundra requires additional run (0.13 seconds), 0 items updated, 214 evaluated
Starting: /Applications/Unity/Hub/Editor/2022.3.0f1/Unity.app/Contents/Tools/netcorerun/netcorerun "/Applications/Unity/Hub/Editor/2022.3.0f1/Unity.app/Contents/Tools/BuildPipeline/ScriptCompilationBuildProgram.exe" "Library/Bee/200b0aE.dag.json" "Library/Bee/200b0aE-inputdata.json" "Library/Bee/buildprogram0.traceevents"
WorkingDir: /Users/guribbong/code/Argus/unity/EmbodiedDebate
ExitCode: 0 Duration: 1s772ms
Starting: /Applications/Unity/Hub/Editor/2022.3.0f1/Unity.app/Contents/bee_backend --dont-print-to-structured-log --ipc --defer-dag-verification --dagfile="Library/Bee/200b0aE.dag" --continue-on-failure --dagfilejson="Library/Bee/200b0aE.dag.json" --profile="Library/Bee/backend2.traceevents" ScriptAssemblies
WorkingDir: /Users/guribbong/code/Argus/unity/EmbodiedDebate
[40m[32minfo[39m[22m[49m: Microsoft.AspNetCore.Hosting.Diagnostics[1]
      Request starting HTTP/2 POST http://ilpp/UnityILPP.PostProcessing/ConfigurePostProcessors application/grpc -
[40m[32minfo[39m[22m[49m: Microsoft.AspNetCore.Routing.EndpointMiddleware[0]
      Executing endpoint 'gRPC - /UnityILPP.PostProcessing/ConfigurePostProcessors'
[40m[1m[33mwarn[39m[22m[49m: Unity.ILPP.Runner.PostProcessingAssemblyLoadContext[0]
      Assembly system.runtime.interopservices.windowsruntime has duplicate hint path. Ignoring "/Applications/Unity/Hub/Editor/2022.3.0f1/Unity.app/Contents/UnityReferenceAssemblies/unity-4.8-api/Facades/System.Runtime.InteropServices.WindowsRuntime.dll" in favor of "/Applications/Unity/Hub/Editor/2022.3.0f1/Unity.app/Contents/NetStandard/Extensions/2.0.0/System.Runtime.InteropServices.WindowsRuntime.dll"
[40m[1m[33mwarn[39m[22m[49m: Unity.ILPP.Runner.PostProcessingAssemblyLoadContext[0]
      Assembly system.componentmodel.composition has duplicate hint path. Ignoring "/Applications/Unity/Hub/Editor/2022.3.0f1/Unity.app/Contents/UnityReferenceAssemblies/unity-4.8-api/System.ComponentModel.Composition.dll" in favor of "/Applications/Unity/Hub/Editor/2022.3.0f1/Unity.app/Contents/NetStandard/compat/2.1.0/shims/netfx/System.ComponentModel.Composition.dll"
[40m[32minfo[39m[22m[49m: Unity.ILPP.Runner.PostProcessingAssemblyLoadContext[0]
      Resolved Unity.Burst.Cecil, Version=0.11.4.0, Culture=neutral, PublicKeyToken=50cebf1cceb9d05e with Library/PackageCache/com.unity.burst@1.8.4/Unity.Burst.CodeGen/Unity.Burst.Cecil.dll
[40m[32minfo[39m[22m[49m: Microsoft.AspNetCore.Routing.EndpointMiddleware[1]
      Executed endpoint 'gRPC - /UnityILPP.PostProcessing/ConfigurePostProcessors'
[40m[32minfo[39m[22m[49m: Microsoft.AspNetCore.Hosting.Diagnostics[2]
      Request finished HTTP/2 POST http://ilpp/UnityILPP.PostProcessing/ConfigurePostProcessors application/grpc - - 200 - application/grpc 54.4287ms
ExitCode: 0 Duration: 0s596ms
Finished compiling graph: 380 nodes, 4331 flattened edges (3539 ToBuild, 60 ToUse), maximum node priority 376
[295/377    0s] ILPP-Configuration Library/ilpp-configuration.nevergeneratedoutput
*** Tundra build success (0.57 seconds), 1 items updated, 377 evaluated
Total cache size 25932744
Total cache size after purge 25932744
AssetDatabase: script compilation time: 3.901691s
Begin MonoManager ReloadAssembly
Symbol file LoadedFromMemory is not a mono symbol file
- Loaded All Assemblies, in  0.780 seconds
Refreshing native plugins compatible for Editor in 1.03 ms, found 0 plugins.
Preloading 0 native plugins for Editor in 0.00 ms.
Refreshing native plugins compatible for Editor in 1.06 ms, found 0 plugins.
Native extension for OSXStandalone target not found
Mono: successfully reloaded assembly
- Finished resetting the current domain, in  2.890 seconds
Domain Reload Profiling: 3670ms
	BeginReloadAssembly (220ms)
		ExecutionOrderSort (0ms)
		DisableScriptedObjects (7ms)
		BackupInstance (0ms)
		ReleaseScriptingObjects (0ms)
		CreateAndSetChildDomain (58ms)
	RebuildCommonClasses (50ms)
	RebuildNativeTypeToScriptingClass (17ms)
	initialDomainReloadingComplete (38ms)
	LoadAllAssembliesAndSetupDomain (455ms)
		LoadAssemblies (298ms)
		RebuildTransferFunctionScriptingTraits (0ms)
		AnalyzeDomain (266ms)
			TypeCache.Refresh (244ms)
				TypeCache.ScanAssembly (231ms)
			ScanForSourceGeneratedMonoScriptInfo (12ms)
			ResolveRequiredComponents (11ms)
	FinalizeReload (2891ms)
		ReleaseScriptCaches (0ms)
		RebuildScriptCaches (0ms)
		SetupLoadedEditorAssemblies (2642ms)
			LogAssemblyErrors (0ms)
			InitializePlatformSupportModulesInManaged (4ms)
			SetLoadedEditorAssemblies (6ms)
			RefreshPlugins (0ms)
			BeforeProcessingInitializeOnLoad (50ms)
			ProcessInitializeOnLoadAttributes (2451ms)
			ProcessInitializeOnLoadMethodAttributes (129ms)
			AfterProcessingInitializeOnLoad (1ms)
			EditorAssembliesLoaded (1ms)
		ExecutionOrderSort2 (0ms)
		AwakeInstancesAfterBackupRestoration (7ms)
Asset Pipeline Refresh (id=9e641a256a0ce47e98395ff34a43ace5): Total: 9.613 seconds - Initiated by InitialRefreshV2(ForceSynchronousImport)
	Summary:
		Imports: total=560 (actual=0, local cache=560, cache server=0)
		Asset DB Process Time: managed=0 ms, native=1802 ms
		Asset DB Callback time: managed=142 ms, native=0 ms
		Scripting: domain reloads=1, domain reload time=3734 ms, compile time=3902 ms, other=30 ms
		Project Asset Count: scripts=3121, non-scripts=1540
		Asset File Changes: new=0, changed=0, moved=0, deleted=0
		Scan Filter Count: 1
	InvokeBeforeRefreshCallbacks: 0.454ms
	ApplyChangesToAssetFolders: 0.029ms
	Scan: 517.382ms
	OnSourceAssetsModified: 0.002ms
	GetAllGuidsForCategorization: 0.523ms
	CategorizeAssets: 274.078ms
	ImportOutOfDateAssets: 2939.774ms (-978.018ms without children)
		CompileScripts: 3901.804ms
		ReloadNativeAssets: 0.187ms
		UnloadImportedAssets: 12.005ms
		EnsureUptoDateAssetsAreRegisteredWithGuidPM: 2.011ms
		InitializingProgressBar: 0.000ms
		PostProcessAllAssetNotificationsAddChangedAssets: 0.000ms
		OnDemandSchedulerStart: 1.784ms
	PostProcessAllAssets: 142.600ms
	GatherAllCurrentPrimaryArtifactRevisions: 0.000ms
	UnloadStreamsBegin: 10.305ms
	PersistCurrentRevisions: 0.267ms
	UnloadStreamsEnd: 0.014ms
	GenerateScriptTypeHashes: 96.998ms
	Untracked: 5727.311ms
Application.AssetDatabase Initial Refresh End
Launching external process: /Applications/Unity/Hub/Editor/2022.3.0f1/Unity.app/Contents/Tools/UnityShaderCompiler
Launched and connected shader compiler UnityShaderCompiler after 0.42 seconds
Scanning for USB devices : 0.332ms
Initializing Unity extensions:
[Licensing::Client] Successfully resolved entitlements
[MODES] ModeService[none].Initialize
[MODES] ModeService[none].LoadModes
[MODES] Loading mode Default (0) for mode-current-id-EmbodiedDebate
ProgressiveSceneManager::Cancel()
Unloading 6 Unused Serialized files (Serialized files now loaded: 0)
Unloading 59 unused Assets / (0.7 MB). Loaded Objects now: 3136.
Memory consumption went from 134.5 MB to 133.8 MB.
Total: 11.252916 ms (FindLiveObjects: 0.378125 ms CreateObjectMapping: 0.073958 ms MarkObjects: 9.102000 ms  DeleteObjects: 1.697834 ms)

Asset Pipeline Refresh (id=3cb17497bac2a45c183e875bb7c56091): Total: 0.591 seconds - Initiated by RefreshV2(NoUpdateAssetOptions)
	Summary:
		Imports: total=0 (actual=0, local cache=0, cache server=0)
		Asset DB Process Time: managed=0 ms, native=590 ms
		Asset DB Callback time: managed=0 ms, native=0 ms
		Scripting: domain reloads=0, domain reload time=0 ms, compile time=0 ms, other=0 ms
		Project Asset Count: scripts=3121, non-scripts=1540
		Asset File Changes: new=0, changed=0, moved=0, deleted=0
		Scan Filter Count: 1
	InvokeBeforeRefreshCallbacks: 0.001ms
	ApplyChangesToAssetFolders: 0.072ms
	Scan: 541.053ms
	OnSourceAssetsModified: 0.001ms
	GetAllGuidsForCategorization: 0.443ms
	CategorizeAssets: 5.719ms
	ImportOutOfDateAssets: 3.852ms (0.851ms without children)
		ReloadNativeAssets: 0.036ms
		UnloadImportedAssets: 0.043ms
		EnsureUptoDateAssetsAreRegisteredWithGuidPM: 1.187ms
		InitializingProgressBar: 0.000ms
		PostProcessAllAssetNotificationsAddChangedAssets: 0.000ms
		OnDemandSchedulerStart: 1.735ms
	GatherAllCurrentPrimaryArtifactRevisions: 1.998ms
	UnloadStreamsBegin: 0.129ms
	PersistCurrentRevisions: 0.326ms
	UnloadStreamsEnd: 0.016ms
	Untracked: 37.205ms
Start importing Assets/ThirdParty/StylooClassroomAssetPack/StylooClassroomAssetPack GLTF & FBX/classroom/GLTF/wallsfloor.glb using Guid(95d4331adf82140bbb5c243cad6bfa64) Importer(-1,00000000000000000000000000000000)  -> (artifact id: 'f3d2890c29c26a32b800ce5d03471518') in 0.223365 seconds
Refreshing native plugins compatible for Editor in 1.52 ms, found 0 plugins.
Preloading 0 native plugins for Editor in 0.00 ms.
Asset Pipeline Refresh (id=abe01075b9b7e42988e32dacbc8f610b): Total: 0.338 seconds - Initiated by StopAssetImportingV2(NoUpdateAssetOptions)
	Summary:
		Imports: total=1 (actual=1, local cache=0, cache server=0)
		Asset DB Process Time: managed=6 ms, native=253 ms
		Asset DB Callback time: managed=67 ms, native=9 ms
		Scripting: domain reloads=0, domain reload time=0 ms, compile time=0 ms, other=0 ms
		Project Asset Count: scripts=3121, non-scripts=1540
		Asset File Changes: new=0, changed=0, moved=0, deleted=0
		Scan Filter Count: 7
	InvokeBeforeRefreshCallbacks: 0.001ms
	ApplyChangesToAssetFolders: 0.039ms
	Scan: 2.406ms
	OnSourceAssetsModified: 0.001ms
	GetAllGuidsForCategorization: 0.209ms
	CategorizeAssets: 2.138ms
	ImportOutOfDateAssets: 232.313ms (0.485ms without children)
		ImportManagerImport: 229.422ms (3.370ms without children)
			ImportInProcess: 225.986ms
			UpdateCategorizedAssets: 0.066ms
		ReloadNativeAssets: 0.023ms
		UnloadImportedAssets: 0.033ms
		ReloadImportedAssets: 0.000ms
		EnsureUptoDateAssetsAreRegisteredWithGuidPM: 1.166ms
		InitializingProgressBar: 0.004ms
		PostProcessAllAssetNotificationsAddChangedAssets: 0.000ms
		OnDemandSchedulerStart: 1.180ms
	PostProcessAllAssets: 72.867ms
	Hotreload: 4.329ms
	GatherAllCurrentPrimaryArtifactRevisions: 0.497ms
	UnloadStreamsBegin: 1.073ms
	PersistCurrentRevisions: 0.328ms
	UnloadStreamsEnd: 0.017ms
	Untracked: 21.578ms
HideAndSeekDesignBuilder: GLTF asset wallsfloor.glb, importer=GLTFast.Editor.GltfImporter, gameObjectLoaded=True
UnityEngine.StackTraceUtility:ExtractStackTrace () (at /Users/bokken/build/output/unity/unity/Runtime/Export/Scripting/StackTrace.cs:37)
UnityEngine.DebugLogHandler:LogFormat (UnityEngine.LogType,UnityEngine.Object,string,object[])
UnityEngine.Logger:Log (UnityEngine.LogType,object)
UnityEngine.Debug:Log (object)
ArgusUnity.Editor.HideAndSeekDesignBuilder:EnsureGltfClassroomImports () (at Assets/Editor/HideAndSeekDesignBuilder.cs:211)
ArgusUnity.Editor.HideAndSeekDesignBuilder:BuildScene () (at Assets/Editor/HideAndSeekDesignBuilder.cs:148)
ArgusUnity.Editor.HideAndSeekDesignBuilder:OpenSceneInPlayMode () (at Assets/Editor/HideAndSeekDesignBuilder.cs:189)

(Filename: Assets/Editor/HideAndSeekDesignBuilder.cs Line: 211)

Start importing Assets/ThirdParty/StylooClassroomAssetPack/StylooClassroomAssetPack GLTF & FBX/classroom/GLTF/table.glb using Guid(0fac535ef0639442ea3d608d5efbaf9b) Importer(-1,00000000000000000000000000000000)  -> (artifact id: '5c883593d2a997f766a51e3bfbb6f666') in 0.263398 seconds
Refreshing native plugins compatible for Editor in 1.44 ms, found 0 plugins.
Preloading 0 native plugins for Editor in 0.00 ms.
Asset Pipeline Refresh (id=e596531c96d594cb9a7f09239cf98eaa): Total: 0.445 seconds - Initiated by StopAssetImportingV2(NoUpdateAssetOptions)
	Summary:
		Imports: total=1 (actual=1, local cache=0, cache server=0)
		Asset DB Process Time: managed=0 ms, native=297 ms
		Asset DB Callback time: managed=144 ms, native=2 ms
		Scripting: domain reloads=0, domain reload time=0 ms, compile time=0 ms, other=0 ms
		Project Asset Count: scripts=3121, non-scripts=1540
		Asset File Changes: new=0, changed=0, moved=0, deleted=0
		Scan Filter Count: 7
	InvokeBeforeRefreshCallbacks: 0.000ms
	ApplyChangesToAssetFolders: 0.040ms
	Scan: 2.337ms
	OnSourceAssetsModified: 0.000ms
	GetAllGuidsForCategorization: 0.207ms
	CategorizeAssets: 2.395ms
	ImportOutOfDateAssets: 268.711ms (0.543ms without children)
		ImportManagerImport: 265.462ms (0.505ms without children)
			ImportInProcess: 264.926ms
			UpdateCategorizedAssets: 0.031ms
		ReloadNativeAssets: 0.028ms
		UnloadImportedAssets: 0.032ms
		ReloadImportedAssets: 0.000ms
		EnsureUptoDateAssetsAreRegisteredWithGuidPM: 1.178ms
		InitializingProgressBar: 0.006ms
		PostProcessAllAssetNotificationsAddChangedAssets: 0.000ms
		OnDemandSchedulerStart: 1.462ms
	PostProcessAllAssets: 144.729ms
	Hotreload: 2.592ms
	GatherAllCurrentPrimaryArtifactRevisions: 0.305ms
	UnloadStreamsBegin: 0.157ms
	PersistCurrentRevisions: 0.269ms
	UnloadStreamsEnd: 0.015ms
	Untracked: 22.842ms
HideAndSeekDesignBuilder: GLTF asset table.glb, importer=GLTFast.Editor.GltfImporter, gameObjectLoaded=True
UnityEngine.StackTraceUtility:ExtractStackTrace () (at /Users/bokken/build/output/unity/unity/Runtime/Export/Scripting/StackTrace.cs:37)
UnityEngine.DebugLogHandler:LogFormat (UnityEngine.LogType,UnityEngine.Object,string,object[])
UnityEngine.Logger:Log (UnityEngine.LogType,object)
UnityEngine.Debug:Log (object)
ArgusUnity.Editor.HideAndSeekDesignBuilder:EnsureGltfClassroomImports () (at Assets/Editor/HideAndSeekDesignBuilder.cs:211)
ArgusUnity.Editor.HideAndSeekDesignBuilder:BuildScene () (at Assets/Editor/HideAndSeekDesignBuilder.cs:148)
ArgusUnity.Editor.HideAndSeekDesignBuilder:OpenSceneInPlayMode () (at Assets/Editor/HideAndSeekDesignBuilder.cs:189)

(Filename: Assets/Editor/HideAndSeekDesignBuilder.cs Line: 211)

Start importing Assets/ThirdParty/StylooClassroomAssetPack/StylooClassroomAssetPack GLTF & FBX/classroom/GLTF/desk.glb using Guid(0efed4ee7808840d3b57c7df53106661) Importer(-1,00000000000000000000000000000000)  -> (artifact id: '6796f501a18b78f3f8cc5956ac718ae5') in 0.030091 seconds
Refreshing native plugins compatible for Editor in 1.27 ms, found 0 plugins.
Preloading 0 native plugins for Editor in 0.00 ms.
Asset Pipeline Refresh (id=0e95e0b54fc0540f8aa8f46468c0c100): Total: 0.080 seconds - Initiated by StopAssetImportingV2(NoUpdateAssetOptions)
HideAndSeekDesignBuilder: GLTF asset desk.glb, importer=GLTFast.Editor.GltfImporter, gameObjectLoaded=True
UnityEngine.StackTraceUtility:ExtractStackTrace () (at /Users/bokken/build/output/unity/unity/Runtime/Export/Scripting/StackTrace.cs:37)
UnityEngine.DebugLogHandler:LogFormat (UnityEngine.LogType,UnityEngine.Object,string,object[])
UnityEngine.Logger:Log (UnityEngine.LogType,object)
UnityEngine.Debug:Log (object)
ArgusUnity.Editor.HideAndSeekDesignBuilder:EnsureGltfClassroomImports () (at Assets/Editor/HideAndSeekDesignBuilder.cs:211)
ArgusUnity.Editor.HideAndSeekDesignBuilder:BuildScene () (at Assets/Editor/HideAndSeekDesignBuilder.cs:148)
ArgusUnity.Editor.HideAndSeekDesignBuilder:OpenSceneInPlayMode () (at Assets/Editor/HideAndSeekDesignBuilder.cs:189)

(Filename: Assets/Editor/HideAndSeekDesignBuilder.cs Line: 211)

Start importing Assets/Project/Resources/UserModels/Idle.fbx using Guid(3cef4c5e4db924e9cb5ca8890eae77de) Importer(-1,00000000000000000000000000000000)  -> (artifact id: '9f27ba06fdf37ef31f3487c718d975db') in 0.593020 seconds
Refreshing native plugins compatible for Editor in 1.96 ms, found 0 plugins.
Preloading 0 native plugins for Editor in 0.00 ms.
Asset Pipeline Refresh (id=d078e0c44254f48e0ba55c32490cbe2e): Total: 0.659 seconds - Initiated by StopAssetImportingV2(NoUpdateAssetOptions)
	Summary:
		Imports: total=1 (actual=1, local cache=0, cache server=0)
		Asset DB Process Time: managed=47 ms, native=575 ms
		Asset DB Callback time: managed=27 ms, native=9 ms
		Scripting: domain reloads=0, domain reload time=0 ms, compile time=0 ms, other=0 ms
		Project Asset Count: scripts=3121, non-scripts=1540
		Asset File Changes: new=0, changed=0, moved=0, deleted=0
		Scan Filter Count: 5
	InvokeBeforeRefreshCallbacks: 0.000ms
	ApplyChangesToAssetFolders: 0.028ms
	Scan: 1.571ms
	OnSourceAssetsModified: 0.000ms
	GetAllGuidsForCategorization: 0.186ms
	CategorizeAssets: 1.615ms
	ImportOutOfDateAssets: 598.871ms (0.439ms without children)
		ImportManagerImport: 595.743ms (0.850ms without children)
			ImportInProcess: 594.840ms
			UpdateCategorizedAssets: 0.052ms
		ReloadNativeAssets: 0.019ms
		UnloadImportedAssets: 0.028ms
		ReloadImportedAssets: 0.000ms
		EnsureUptoDateAssetsAreRegisteredWithGuidPM: 0.960ms
		InitializingProgressBar: 0.004ms
		PostProcessAllAssetNotificationsAddChangedAssets: 0.000ms
		OnDemandSchedulerStart: 1.678ms
	PostProcessAllAssets: 33.105ms
	Hotreload: 3.853ms
	GatherAllCurrentPrimaryArtifactRevisions: 0.228ms
	UnloadStreamsBegin: 0.057ms
	PersistCurrentRevisions: 0.335ms
	UnloadStreamsEnd: 0.015ms
	Untracked: 19.370ms
Start importing Assets/Project/Resources/UserModels/Idle.fbx using Guid(3cef4c5e4db924e9cb5ca8890eae77de) Importer(-1,00000000000000000000000000000000)  -> (artifact id: '9f27ba06fdf37ef31f3487c718d975db') in 0.547430 seconds
Refreshing native plugins compatible for Editor in 2.38 ms, found 0 plugins.
Preloading 0 native plugins for Editor in 0.00 ms.
Asset Pipeline Refresh (id=0062bfc748d3a475399b5f51f1080186): Total: 0.668 seconds - Initiated by StopAssetImportingV2(NoUpdateAssetOptions)
	Summary:
		Imports: total=1 (actual=1, local cache=0, cache server=0)
		Asset DB Process Time: managed=11 ms, native=576 ms
		Asset DB Callback time: managed=36 ms, native=42 ms
		Scripting: domain reloads=0, domain reload time=0 ms, compile time=0 ms, other=0 ms
		Project Asset Count: scripts=3121, non-scripts=1540
		Asset File Changes: new=0, changed=0, moved=0, deleted=0
		Scan Filter Count: 5
	InvokeBeforeRefreshCallbacks: 0.000ms
	ApplyChangesToAssetFolders: 0.052ms
	Scan: 1.645ms
	OnSourceAssetsModified: 0.000ms
	GetAllGuidsForCategorization: 0.256ms
	CategorizeAssets: 2.993ms
	ImportOutOfDateAssets: 555.375ms (-0.750ms without children)
		ImportManagerImport: 550.856ms (2.414ms without children)
			ImportInProcess: 548.390ms
			UpdateCategorizedAssets: 0.052ms
		ReloadNativeAssets: 0.029ms
		UnloadImportedAssets: 0.343ms
		ReloadImportedAssets: 1.683ms
		EnsureUptoDateAssetsAreRegisteredWithGuidPM: 1.374ms
		InitializingProgressBar: 0.005ms
		PostProcessAllAssetNotificationsAddChangedAssets: 0.000ms
		OnDemandSchedulerStart: 1.837ms
	PostProcessAllAssets: 37.202ms
	Hotreload: 42.634ms
	GatherAllCurrentPrimaryArtifactRevisions: 1.095ms
	UnloadStreamsBegin: 0.082ms
	PersistCurrentRevisions: 0.326ms
	UnloadStreamsEnd: 0.016ms
	Untracked: 26.473ms
HideAndSeekDesignBuilder: humanoid animation import asset=Idle.fbx, clip=Idle, loop=True, mirror=False, rootLocks=rotation:true,heightY:true,positionXZ:true, avatarSetup=CreateFromThisModel, sharedAvatar=False, sharedAvatarValid=False, sharedAvatarHuman=False, assetAvatarValid=True, assetAvatarHuman=True, importedClips=Idle.
UnityEngine.StackTraceUtility:ExtractStackTrace () (at /Users/bokken/build/output/unity/unity/Runtime/Export/Scripting/StackTrace.cs:37)
UnityEngine.DebugLogHandler:LogFormat (UnityEngine.LogType,UnityEngine.Object,string,object[])
UnityEngine.Logger:Log (UnityEngine.LogType,object)
UnityEngine.Debug:Log (object)
ArgusUnity.Editor.HideAndSeekDesignBuilder:ConfigureHumanoidAnimation (string,string,bool,UnityEngine.Avatar,bool) (at Assets/Editor/HideAndSeekDesignBuilder.cs:428)
ArgusUnity.Editor.HideAndSeekDesignBuilder:EnsureLocomotionAnimationImports () (at Assets/Editor/HideAndSeekDesignBuilder.cs:341)
ArgusUnity.Editor.HideAndSeekDesignBuilder:BuildScene () (at Assets/Editor/HideAndSeekDesignBuilder.cs:149)
ArgusUnity.Editor.HideAndSeekDesignBuilder:OpenSceneInPlayMode () (at Assets/Editor/HideAndSeekDesignBuilder.cs:189)

(Filename: Assets/Editor/HideAndSeekDesignBuilder.cs Line: 428)

Start importing Assets/Project/Resources/Animations/Locomotion/Walking-2.fbx using Guid(f2ed7a64c18074ecfa681f4713b3f10d) Importer(-1,00000000000000000000000000000000)  -> (artifact id: 'a34faa1e46e4cb632eadaf084b989433') in 0.486555 seconds
Refreshing native plugins compatible for Editor in 3.90 ms, found 0 plugins.
Preloading 0 native plugins for Editor in 0.00 ms.
Asset Pipeline Refresh (id=4bc9c1c1014a249a2a0acd924b1d9133): Total: 0.549 seconds - Initiated by StopAssetImportingV2(NoUpdateAssetOptions)
	Summary:
		Imports: total=1 (actual=1, local cache=0, cache server=0)
		Asset DB Process Time: managed=3 ms, native=522 ms
		Asset DB Callback time: managed=11 ms, native=10 ms
		Scripting: domain reloads=0, domain reload time=0 ms, compile time=0 ms, other=0 ms
		Project Asset Count: scripts=3121, non-scripts=1540
		Asset File Changes: new=0, changed=0, moved=0, deleted=0
		Scan Filter Count: 6
	InvokeBeforeRefreshCallbacks: 0.000ms
	ApplyChangesToAssetFolders: 0.107ms
	Scan: 2.871ms
	OnSourceAssetsModified: 0.001ms
	GetAllGuidsForCategorization: 0.238ms
	CategorizeAssets: 3.376ms
	ImportOutOfDateAssets: 495.742ms (0.590ms without children)
		ImportManagerImport: 489.951ms (0.809ms without children)
			ImportInProcess: 488.992ms
			UpdateCategorizedAssets: 0.150ms
		ReloadNativeAssets: 0.023ms
		UnloadImportedAssets: 0.026ms
		ReloadImportedAssets: 0.001ms
		EnsureUptoDateAssetsAreRegisteredWithGuidPM: 1.093ms
		InitializingProgressBar: 0.007ms
		PostProcessAllAssetNotificationsAddChangedAssets: 0.000ms
		OnDemandSchedulerStart: 4.051ms
	PostProcessAllAssets: 15.904ms
	Hotreload: 6.273ms
	GatherAllCurrentPrimaryArtifactRevisions: 0.476ms
	UnloadStreamsBegin: 0.218ms
	PersistCurrentRevisions: 0.220ms
	UnloadStreamsEnd: 0.015ms
	Untracked: 23.549ms
Start importing Assets/Project/Resources/Animations/Locomotion/Walking-2.fbx using Guid(f2ed7a64c18074ecfa681f4713b3f10d) Importer(-1,00000000000000000000000000000000)  -> (artifact id: 'a34faa1e46e4cb632eadaf084b989433') in 0.494945 seconds
Refreshing native plugins compatible for Editor in 1.35 ms, found 0 plugins.
Preloading 0 native plugins for Editor in 0.00 ms.
Asset Pipeline Refresh (id=b103da2274dfc4e939ef7ecf527673c3): Total: 0.569 seconds - Initiated by StopAssetImportingV2(NoUpdateAssetOptions)
	Summary:
		Imports: total=1 (actual=1, local cache=0, cache server=0)
		Asset DB Process Time: managed=3 ms, native=553 ms
		Asset DB Callback time: managed=9 ms, native=2 ms
		Scripting: domain reloads=0, domain reload time=0 ms, compile time=0 ms, other=0 ms
		Project Asset Count: scripts=3121, non-scripts=1540
		Asset File Changes: new=0, changed=0, moved=0, deleted=0
		Scan Filter Count: 6
	InvokeBeforeRefreshCallbacks: 0.000ms
	ApplyChangesToAssetFolders: 0.046ms
	Scan: 4.028ms
	OnSourceAssetsModified: 0.000ms
	GetAllGuidsForCategorization: 0.279ms
	CategorizeAssets: 7.936ms
	ImportOutOfDateAssets: 508.119ms (0.133ms without children)
		ImportManagerImport: 502.992ms (2.474ms without children)
			ImportInProcess: 500.460ms
			UpdateCategorizedAssets: 0.057ms
		ReloadNativeAssets: 0.030ms
		UnloadImportedAssets: 0.234ms
		ReloadImportedAssets: 1.621ms
		EnsureUptoDateAssetsAreRegisteredWithGuidPM: 1.212ms
		InitializingProgressBar: 0.010ms
		PostProcessAllAssetNotificationsAddChangedAssets: 0.000ms
		OnDemandSchedulerStart: 1.886ms
	PostProcessAllAssets: 9.918ms
	Hotreload: 2.073ms
	GatherAllCurrentPrimaryArtifactRevisions: 0.469ms
	UnloadStreamsBegin: 0.076ms
	PersistCurrentRevisions: 0.326ms
	UnloadStreamsEnd: 0.019ms
	Untracked: 35.458ms
HideAndSeekDesignBuilder: humanoid animation import asset=Walking-2.fbx, clip=Walk_InPlace, loop=True, mirror=False, rootLocks=rotation:true,heightY:true,positionXZ:true, avatarSetup=CopyFromOther, sharedAvatar=True, sharedAvatarValid=True, sharedAvatarHuman=True, assetAvatarValid=False, assetAvatarHuman=False, importedClips=Walk_InPlace.
UnityEngine.StackTraceUtility:ExtractStackTrace () (at /Users/bokken/build/output/unity/unity/Runtime/Export/Scripting/StackTrace.cs:37)
UnityEngine.DebugLogHandler:LogFormat (UnityEngine.LogType,UnityEngine.Object,string,object[])
UnityEngine.Logger:Log (UnityEngine.LogType,object)
UnityEngine.Debug:Log (object)
ArgusUnity.Editor.HideAndSeekDesignBuilder:ConfigureHumanoidAnimation (string,string,bool,UnityEngine.Avatar,bool) (at Assets/Editor/HideAndSeekDesignBuilder.cs:428)
ArgusUnity.Editor.HideAndSeekDesignBuilder:EnsureLocomotionAnimationImports () (at Assets/Editor/HideAndSeekDesignBuilder.cs:357)
ArgusUnity.Editor.HideAndSeekDesignBuilder:BuildScene () (at Assets/Editor/HideAndSeekDesignBuilder.cs:149)
ArgusUnity.Editor.HideAndSeekDesignBuilder:OpenSceneInPlayMode () (at Assets/Editor/HideAndSeekDesignBuilder.cs:189)

(Filename: Assets/Editor/HideAndSeekDesignBuilder.cs Line: 428)

Start importing Assets/Project/Resources/Animations/FBXTurns/Right Turn 90.fbx using Guid(82cc6131a0e2f4d71a2a3455b84d0688) Importer(-1,00000000000000000000000000000000)  -> (artifact id: '988cb3fb0cb2c9e371fb0c806d47c8d5') in 0.463903 seconds
Refreshing native plugins compatible for Editor in 4.89 ms, found 0 plugins.
Preloading 0 native plugins for Editor in 0.00 ms.
Asset Pipeline Refresh (id=2ee38f32f8087450ba893e22807044c7): Total: 0.535 seconds - Initiated by StopAssetImportingV2(NoUpdateAssetOptions)
	Summary:
		Imports: total=1 (actual=1, local cache=0, cache server=0)
		Asset DB Process Time: managed=4 ms, native=507 ms
		Asset DB Callback time: managed=11 ms, native=11 ms
		Scripting: domain reloads=0, domain reload time=0 ms, compile time=0 ms, other=0 ms
		Project Asset Count: scripts=3121, non-scripts=1540
		Asset File Changes: new=0, changed=0, moved=0, deleted=0
		Scan Filter Count: 6
	InvokeBeforeRefreshCallbacks: 0.001ms
	ApplyChangesToAssetFolders: 0.041ms
	Scan: 2.442ms
	OnSourceAssetsModified: 0.000ms
	GetAllGuidsForCategorization: 0.224ms
	CategorizeAssets: 2.286ms
	ImportOutOfDateAssets: 469.282ms (0.545ms without children)
		ImportManagerImport: 466.159ms (0.730ms without children)
			ImportInProcess: 465.366ms
			UpdateCategorizedAssets: 0.063ms
		ReloadNativeAssets: 0.026ms
		UnloadImportedAssets: 0.033ms
		ReloadImportedAssets: 0.000ms
		EnsureUptoDateAssetsAreRegisteredWithGuidPM: 1.034ms
		InitializingProgressBar: 0.008ms
		PostProcessAllAssetNotificationsAddChangedAssets: 0.000ms
		OnDemandSchedulerStart: 1.476ms
	PostProcessAllAssets: 13.392ms
	Hotreload: 9.521ms
	GatherAllCurrentPrimaryArtifactRevisions: 2.525ms
	UnloadStreamsBegin: 0.101ms
	PersistCurrentRevisions: 0.332ms
	UnloadStreamsEnd: 0.018ms
	Untracked: 34.979ms
HideAndSeekDesignBuilder: FBX turn animation role=right-90, asset=Right Turn 90.fbx, importedClips=1, clip=generic, minus2MeansLeft=False
UnityEngine.StackTraceUtility:ExtractStackTrace () (at /Users/bokken/build/output/unity/unity/Runtime/Export/Scripting/StackTrace.cs:37)
UnityEngine.DebugLogHandler:LogFormat (UnityEngine.LogType,UnityEngine.Object,string,object[])
UnityEngine.Logger:Log (UnityEngine.LogType,object)
UnityEngine.Debug:Log (object)
ArgusUnity.Editor.HideAndSeekDesignBuilder:EnsureTurnAnimationImports () (at Assets/Editor/HideAndSeekDesignBuilder.cs:282)
ArgusUnity.Editor.HideAndSeekDesignBuilder:BuildScene () (at Assets/Editor/HideAndSeekDesignBuilder.cs:150)
ArgusUnity.Editor.HideAndSeekDesignBuilder:OpenSceneInPlayMode () (at Assets/Editor/HideAndSeekDesignBuilder.cs:189)

(Filename: Assets/Editor/HideAndSeekDesignBuilder.cs Line: 282)

Start importing Assets/Project/Resources/Animations/FBXTurns/Right Turn 90-2.fbx using Guid(1170e0a4254694dcc89393ce7f5d98cf) Importer(-1,00000000000000000000000000000000)  -> (artifact id: '312f182203c92c59974005b01b517093') in 0.510701 seconds
Refreshing native plugins compatible for Editor in 1.22 ms, found 0 plugins.
Preloading 0 native plugins for Editor in 0.00 ms.
Asset Pipeline Refresh (id=37db24934321e4094938204f6febe1fa): Total: 0.574 seconds - Initiated by StopAssetImportingV2(NoUpdateAssetOptions)
	Summary:
		Imports: total=1 (actual=1, local cache=0, cache server=0)
		Asset DB Process Time: managed=4 ms, native=553 ms
		Asset DB Callback time: managed=6 ms, native=8 ms
		Scripting: domain reloads=0, domain reload time=0 ms, compile time=0 ms, other=0 ms
		Project Asset Count: scripts=3121, non-scripts=1540
		Asset File Changes: new=0, changed=0, moved=0, deleted=0
		Scan Filter Count: 6
	InvokeBeforeRefreshCallbacks: 0.000ms
	ApplyChangesToAssetFolders: 0.041ms
	Scan: 2.026ms
	OnSourceAssetsModified: 0.000ms
	GetAllGuidsForCategorization: 0.220ms
	CategorizeAssets: 7.273ms
	ImportOutOfDateAssets: 523.244ms (0.600ms without children)
		ImportManagerImport: 512.428ms (0.443ms without children)
			ImportInProcess: 511.952ms
			UpdateCategorizedAssets: 0.034ms
		ReloadNativeAssets: 0.025ms
		UnloadImportedAssets: 0.033ms
		ReloadImportedAssets: 0.000ms
		EnsureUptoDateAssetsAreRegisteredWithGuidPM: 1.156ms
		InitializingProgressBar: 0.005ms
		PostProcessAllAssetNotificationsAddChangedAssets: 0.000ms
		OnDemandSchedulerStart: 8.998ms
	PostProcessAllAssets: 8.051ms
	Hotreload: 7.263ms
	GatherAllCurrentPrimaryArtifactRevisions: 0.400ms
	UnloadStreamsBegin: 0.072ms
	PersistCurrentRevisions: 0.319ms
	UnloadStreamsEnd: 0.018ms
	Untracked: 24.642ms
HideAndSeekDesignBuilder: FBX turn animation role=left-90-from-minus-2, asset=Right Turn 90-2.fbx, importedClips=1, clip=generic, minus2MeansLeft=True
UnityEngine.StackTraceUtility:ExtractStackTrace () (at /Users/bokken/build/output/unity/unity/Runtime/Export/Scripting/StackTrace.cs:37)
UnityEngine.DebugLogHandler:LogFormat (UnityEngine.LogType,UnityEngine.Object,string,object[])
UnityEngine.Logger:Log (UnityEngine.LogType,object)
UnityEngine.Debug:Log (object)
ArgusUnity.Editor.HideAndSeekDesignBuilder:EnsureTurnAnimationImports () (at Assets/Editor/HideAndSeekDesignBuilder.cs:282)
ArgusUnity.Editor.HideAndSeekDesignBuilder:BuildScene () (at Assets/Editor/HideAndSeekDesignBuilder.cs:150)
ArgusUnity.Editor.HideAndSeekDesignBuilder:OpenSceneInPlayMode () (at Assets/Editor/HideAndSeekDesignBuilder.cs:189)

(Filename: Assets/Editor/HideAndSeekDesignBuilder.cs Line: 282)

Start importing Assets/Project/Resources/Animations/FBXTurns/Happy Right Turn.fbx using Guid(1be269054e1384c259b5d79fb375c6f8) Importer(-1,00000000000000000000000000000000)  -> (artifact id: '3e7d18dddea28843d5f43f6eec14061d') in 0.481276 seconds
Refreshing native plugins compatible for Editor in 1.27 ms, found 0 plugins.
Preloading 0 native plugins for Editor in 0.00 ms.
Asset Pipeline Refresh (id=c7557eb50489840deb342c618ed1f82a): Total: 0.541 seconds - Initiated by StopAssetImportingV2(NoUpdateAssetOptions)
	Summary:
		Imports: total=1 (actual=1, local cache=0, cache server=0)
		Asset DB Process Time: managed=8 ms, native=517 ms
		Asset DB Callback time: managed=10 ms, native=4 ms
		Scripting: domain reloads=0, domain reload time=0 ms, compile time=0 ms, other=0 ms
		Project Asset Count: scripts=3121, non-scripts=1540
		Asset File Changes: new=0, changed=0, moved=0, deleted=0
		Scan Filter Count: 6
	InvokeBeforeRefreshCallbacks: 0.000ms
	ApplyChangesToAssetFolders: 0.051ms
	Scan: 2.034ms
	OnSourceAssetsModified: 0.000ms
	GetAllGuidsForCategorization: 0.223ms
	CategorizeAssets: 2.127ms
	ImportOutOfDateAssets: 497.201ms (0.876ms without children)
		ImportManagerImport: 485.539ms (0.931ms without children)
			ImportInProcess: 484.535ms
			UpdateCategorizedAssets: 0.073ms
		ReloadNativeAssets: 0.029ms
		UnloadImportedAssets: 0.034ms
		ReloadImportedAssets: 0.000ms
		EnsureUptoDateAssetsAreRegisteredWithGuidPM: 1.273ms
		InitializingProgressBar: 0.006ms
		PostProcessAllAssetNotificationsAddChangedAssets: 0.000ms
		OnDemandSchedulerStart: 9.443ms
	PostProcessAllAssets: 12.242ms
	Hotreload: 3.193ms
	GatherAllCurrentPrimaryArtifactRevisions: 0.409ms
	UnloadStreamsBegin: 0.074ms
	PersistCurrentRevisions: 0.327ms
	UnloadStreamsEnd: 0.061ms
	Untracked: 23.439ms
Start importing Assets/Project/Resources/Animations/FBXTurns/Happy Right Turn.fbx using Guid(1be269054e1384c259b5d79fb375c6f8) Importer(-1,00000000000000000000000000000000)  -> (artifact id: '3e7d18dddea28843d5f43f6eec14061d') in 0.407368 seconds
Refreshing native plugins compatible for Editor in 1.21 ms, found 0 plugins.
Preloading 0 native plugins for Editor in 0.00 ms.
Asset Pipeline Refresh (id=c019547e8b9c0445094bc1b4bda3623c): Total: 0.458 seconds - Initiated by StopAssetImportingV2(NoUpdateAssetOptions)
	Summary:
		Imports: total=1 (actual=1, local cache=0, cache server=0)
		Asset DB Process Time: managed=1 ms, native=451 ms
		Asset DB Callback time: managed=2 ms, native=2 ms
		Scripting: domain reloads=0, domain reload time=0 ms, compile time=0 ms, other=0 ms
		Project Asset Count: scripts=3121, non-scripts=1540
		Asset File Changes: new=0, changed=0, moved=0, deleted=0
		Scan Filter Count: 6
	InvokeBeforeRefreshCallbacks: 0.000ms
	ApplyChangesToAssetFolders: 0.045ms
	Scan: 1.808ms
	OnSourceAssetsModified: 0.001ms
	GetAllGuidsForCategorization: 0.219ms
	CategorizeAssets: 10.783ms
	ImportOutOfDateAssets: 413.300ms (-0.657ms without children)
		ImportManagerImport: 410.019ms (1.770ms without children)
			ImportInProcess: 408.216ms
			UpdateCategorizedAssets: 0.033ms
		ReloadNativeAssets: 0.041ms
		UnloadImportedAssets: 0.205ms
		ReloadImportedAssets: 1.298ms
		EnsureUptoDateAssetsAreRegisteredWithGuidPM: 1.288ms
		InitializingProgressBar: 0.005ms
		PostProcessAllAssetNotificationsAddChangedAssets: 0.000ms
		OnDemandSchedulerStart: 1.102ms
	PostProcessAllAssets: 2.465ms
	Hotreload: 1.749ms
	GatherAllCurrentPrimaryArtifactRevisions: 0.385ms
	UnloadStreamsBegin: 0.072ms
	PersistCurrentRevisions: 0.326ms
	UnloadStreamsEnd: 0.015ms
	Untracked: 26.868ms
HideAndSeekDesignBuilder: humanoid animation import asset=Happy Right Turn.fbx, clip=TurnRight_Happy, loop=True, mirror=False, rootLocks=rotation:true,heightY:true,positionXZ:true, avatarSetup=CopyFromOther, sharedAvatar=True, sharedAvatarValid=True, sharedAvatarHuman=True, assetAvatarValid=False, assetAvatarHuman=False, importedClips=TurnRight_Happy.
UnityEngine.StackTraceUtility:ExtractStackTrace () (at /Users/bokken/build/output/unity/unity/Runtime/Export/Scripting/StackTrace.cs:37)
UnityEngine.DebugLogHandler:LogFormat (UnityEngine.LogType,UnityEngine.Object,string,object[])
UnityEngine.Logger:Log (UnityEngine.LogType,object)
UnityEngine.Debug:Log (object)
ArgusUnity.Editor.HideAndSeekDesignBuilder:ConfigureHumanoidAnimation (string,string,bool,UnityEngine.Avatar,bool) (at Assets/Editor/HideAndSeekDesignBuilder.cs:428)
ArgusUnity.Editor.HideAndSeekDesignBuilder:EnsureTurnAnimationImports () (at Assets/Editor/HideAndSeekDesignBuilder.cs:239)
ArgusUnity.Editor.HideAndSeekDesignBuilder:BuildScene () (at Assets/Editor/HideAndSeekDesignBuilder.cs:150)
ArgusUnity.Editor.HideAndSeekDesignBuilder:OpenSceneInPlayMode () (at Assets/Editor/HideAndSeekDesignBuilder.cs:189)

(Filename: Assets/Editor/HideAndSeekDesignBuilder.cs Line: 428)

HideAndSeekDesignBuilder: FBX turn animation role=quarantined-happy-right, asset=Happy Right Turn.fbx, importedClips=1, clip=TurnRight_Happy, minus2MeansLeft=False
UnityEngine.StackTraceUtility:ExtractStackTrace () (at /Users/bokken/build/output/unity/unity/Runtime/Export/Scripting/StackTrace.cs:37)
UnityEngine.DebugLogHandler:LogFormat (UnityEngine.LogType,UnityEngine.Object,string,object[])
UnityEngine.Logger:Log (UnityEngine.LogType,object)
UnityEngine.Debug:Log (object)
ArgusUnity.Editor.HideAndSeekDesignBuilder:EnsureTurnAnimationImports () (at Assets/Editor/HideAndSeekDesignBuilder.cs:282)
ArgusUnity.Editor.HideAndSeekDesignBuilder:BuildScene () (at Assets/Editor/HideAndSeekDesignBuilder.cs:150)
ArgusUnity.Editor.HideAndSeekDesignBuilder:OpenSceneInPlayMode () (at Assets/Editor/HideAndSeekDesignBuilder.cs:189)

(Filename: Assets/Editor/HideAndSeekDesignBuilder.cs Line: 282)

Start importing Assets/Project/Resources/Animations/FBXTurns/Happy Right Turn-2.fbx using Guid(61038be6e25984c94a7ef50954a36c5b) Importer(-1,00000000000000000000000000000000)  -> (artifact id: 'db836ff54bbd137c91606cfd90d1e63a') in 0.365062 seconds
Refreshing native plugins compatible for Editor in 1.30 ms, found 0 plugins.
Preloading 0 native plugins for Editor in 0.00 ms.
Asset Pipeline Refresh (id=d7252e0f3b15c4d26b2af6948549f5cb): Total: 0.410 seconds - Initiated by StopAssetImportingV2(NoUpdateAssetOptions)
	Summary:
		Imports: total=1 (actual=1, local cache=0, cache server=0)
		Asset DB Process Time: managed=1 ms, native=394 ms
		Asset DB Callback time: managed=4 ms, native=8 ms
		Scripting: domain reloads=0, domain reload time=0 ms, compile time=0 ms, other=0 ms
		Project Asset Count: scripts=3121, non-scripts=1540
		Asset File Changes: new=0, changed=0, moved=0, deleted=0
		Scan Filter Count: 6
	InvokeBeforeRefreshCallbacks: 0.000ms
	ApplyChangesToAssetFolders: 0.032ms
	Scan: 1.727ms
	OnSourceAssetsModified: 0.001ms
	GetAllGuidsForCategorization: 0.274ms
	CategorizeAssets: 2.939ms
	ImportOutOfDateAssets: 370.915ms (0.684ms without children)
		ImportManagerImport: 367.991ms (0.376ms without children)
			ImportInProcess: 367.584ms
			UpdateCategorizedAssets: 0.031ms
		ReloadNativeAssets: 0.028ms
		UnloadImportedAssets: 0.031ms
		ReloadImportedAssets: 0.000ms
		EnsureUptoDateAssetsAreRegisteredWithGuidPM: 1.155ms
		InitializingProgressBar: 0.005ms
		PostProcessAllAssetNotificationsAddChangedAssets: 0.000ms
		OnDemandSchedulerStart: 1.020ms
	PostProcessAllAssets: 5.910ms
	Hotreload: 7.734ms
	GatherAllCurrentPrimaryArtifactRevisions: 0.338ms
	UnloadStreamsBegin: 0.052ms
	PersistCurrentRevisions: 0.325ms
	UnloadStreamsEnd: 0.016ms
	Untracked: 19.636ms
Start importing Assets/Project/Resources/Animations/FBXTurns/Happy Right Turn-2.fbx using Guid(61038be6e25984c94a7ef50954a36c5b) Importer(-1,00000000000000000000000000000000)  -> (artifact id: 'db836ff54bbd137c91606cfd90d1e63a') in 0.332223 seconds
Refreshing native plugins compatible for Editor in 1.00 ms, found 0 plugins.
Preloading 0 native plugins for Editor in 0.00 ms.
Asset Pipeline Refresh (id=1008df556da374aa8a686c865d2001d8): Total: 0.375 seconds - Initiated by StopAssetImportingV2(NoUpdateAssetOptions)
	Summary:
		Imports: total=1 (actual=1, local cache=0, cache server=0)
		Asset DB Process Time: managed=1 ms, native=369 ms
		Asset DB Callback time: managed=1 ms, native=2 ms
		Scripting: domain reloads=0, domain reload time=0 ms, compile time=0 ms, other=0 ms
		Project Asset Count: scripts=3121, non-scripts=1540
		Asset File Changes: new=0, changed=0, moved=0, deleted=0
		Scan Filter Count: 6
	InvokeBeforeRefreshCallbacks: 0.000ms
	ApplyChangesToAssetFolders: 0.032ms
	Scan: 1.862ms
	OnSourceAssetsModified: 0.001ms
	GetAllGuidsForCategorization: 0.233ms
	CategorizeAssets: 2.888ms
	ImportOutOfDateAssets: 342.086ms (2.874ms without children)
		ImportManagerImport: 334.132ms (1.356ms without children)
			ImportInProcess: 332.749ms
			UpdateCategorizedAssets: 0.027ms
		ReloadNativeAssets: 0.029ms
		UnloadImportedAssets: 0.184ms
		ReloadImportedAssets: 1.022ms
		EnsureUptoDateAssetsAreRegisteredWithGuidPM: 3.001ms
		InitializingProgressBar: 0.005ms
		PostProcessAllAssetNotificationsAddChangedAssets: 0.000ms
		OnDemandSchedulerStart: 0.837ms
	PostProcessAllAssets: 2.033ms
	Hotreload: 2.278ms
	GatherAllCurrentPrimaryArtifactRevisions: 0.230ms
	UnloadStreamsBegin: 0.073ms
	PersistCurrentRevisions: 0.277ms
	UnloadStreamsEnd: 0.012ms
	Untracked: 23.153ms
HideAndSeekDesignBuilder: humanoid animation import asset=Happy Right Turn-2.fbx, clip=TurnLeft_Happy, loop=True, mirror=False, rootLocks=rotation:true,heightY:true,positionXZ:true, avatarSetup=CopyFromOther, sharedAvatar=True, sharedAvatarValid=True, sharedAvatarHuman=True, assetAvatarValid=False, assetAvatarHuman=False, importedClips=TurnLeft_Happy.
UnityEngine.StackTraceUtility:ExtractStackTrace () (at /Users/bokken/build/output/unity/unity/Runtime/Export/Scripting/StackTrace.cs:37)
UnityEngine.DebugLogHandler:LogFormat (UnityEngine.LogType,UnityEngine.Object,string,object[])
UnityEngine.Logger:Log (UnityEngine.LogType,object)
UnityEngine.Debug:Log (object)
ArgusUnity.Editor.HideAndSeekDesignBuilder:ConfigureHumanoidAnimation (string,string,bool,UnityEngine.Avatar,bool) (at Assets/Editor/HideAndSeekDesignBuilder.cs:428)
ArgusUnity.Editor.HideAndSeekDesignBuilder:EnsureTurnAnimationImports () (at Assets/Editor/HideAndSeekDesignBuilder.cs:239)
ArgusUnity.Editor.HideAndSeekDesignBuilder:BuildScene () (at Assets/Editor/HideAndSeekDesignBuilder.cs:150)
ArgusUnity.Editor.HideAndSeekDesignBuilder:OpenSceneInPlayMode () (at Assets/Editor/HideAndSeekDesignBuilder.cs:189)

(Filename: Assets/Editor/HideAndSeekDesignBuilder.cs Line: 428)

HideAndSeekDesignBuilder: FBX turn animation role=quarantined-happy-left-from-minus-2, asset=Happy Right Turn-2.fbx, importedClips=1, clip=TurnLeft_Happy, minus2MeansLeft=True
UnityEngine.StackTraceUtility:ExtractStackTrace () (at /Users/bokken/build/output/unity/unity/Runtime/Export/Scripting/StackTrace.cs:37)
UnityEngine.DebugLogHandler:LogFormat (UnityEngine.LogType,UnityEngine.Object,string,object[])
UnityEngine.Logger:Log (UnityEngine.LogType,object)
UnityEngine.Debug:Log (object)
ArgusUnity.Editor.HideAndSeekDesignBuilder:EnsureTurnAnimationImports () (at Assets/Editor/HideAndSeekDesignBuilder.cs:282)
ArgusUnity.Editor.HideAndSeekDesignBuilder:BuildScene () (at Assets/Editor/HideAndSeekDesignBuilder.cs:150)
ArgusUnity.Editor.HideAndSeekDesignBuilder:OpenSceneInPlayMode () (at Assets/Editor/HideAndSeekDesignBuilder.cs:189)

(Filename: Assets/Editor/HideAndSeekDesignBuilder.cs Line: 282)

Start importing Assets/Project/Resources/Animations/Locomotion/Running.fbx using Guid(d43575bd13fae4161bd6a39cd2fbf7a7) Importer(-1,00000000000000000000000000000000)  -> (artifact id: '9ceefb425cd569dd44cac2701f2b0063') in 0.344106 seconds
Refreshing native plugins compatible for Editor in 0.98 ms, found 0 plugins.
Preloading 0 native plugins for Editor in 0.00 ms.
Asset Pipeline Refresh (id=ac7d9b92330024e4d952e3d85b0743f8): Total: 0.378 seconds - Initiated by StopAssetImportingV2(NoUpdateAssetOptions)
	Summary:
		Imports: total=1 (actual=1, local cache=0, cache server=0)
		Asset DB Process Time: managed=1 ms, native=367 ms
		Asset DB Callback time: managed=5 ms, native=4 ms
		Scripting: domain reloads=0, domain reload time=0 ms, compile time=0 ms, other=0 ms
		Project Asset Count: scripts=3121, non-scripts=1540
		Asset File Changes: new=0, changed=0, moved=0, deleted=0
		Scan Filter Count: 6
	InvokeBeforeRefreshCallbacks: 0.001ms
	ApplyChangesToAssetFolders: 0.028ms
	Scan: 1.458ms
	OnSourceAssetsModified: 0.000ms
	GetAllGuidsForCategorization: 0.174ms
	CategorizeAssets: 1.739ms
	ImportOutOfDateAssets: 348.138ms (0.387ms without children)
		ImportManagerImport: 345.710ms (0.429ms without children)
			ImportInProcess: 345.246ms
			UpdateCategorizedAssets: 0.034ms
		ReloadNativeAssets: 0.019ms
		UnloadImportedAssets: 0.025ms
		ReloadImportedAssets: 0.000ms
		EnsureUptoDateAssetsAreRegisteredWithGuidPM: 0.911ms
		InitializingProgressBar: 0.004ms
		PostProcessAllAssetNotificationsAddChangedAssets: 0.000ms
		OnDemandSchedulerStart: 1.083ms
	PostProcessAllAssets: 6.236ms
	Hotreload: 2.915ms
	GatherAllCurrentPrimaryArtifactRevisions: 0.189ms
	UnloadStreamsBegin: 0.058ms
	PersistCurrentRevisions: 0.265ms
	UnloadStreamsEnd: 0.012ms
	Untracked: 17.151ms
Start importing Assets/Project/Resources/Animations/Locomotion/Running.fbx using Guid(d43575bd13fae4161bd6a39cd2fbf7a7) Importer(-1,00000000000000000000000000000000)  -> (artifact id: '9ceefb425cd569dd44cac2701f2b0063') in 0.329605 seconds
Refreshing native plugins compatible for Editor in 0.99 ms, found 0 plugins.
Preloading 0 native plugins for Editor in 0.00 ms.
Asset Pipeline Refresh (id=b87841f581c7e4e1f8fa0222b286d7c5): Total: 0.363 seconds - Initiated by StopAssetImportingV2(NoUpdateAssetOptions)
	Summary:
		Imports: total=1 (actual=1, local cache=0, cache server=0)
		Asset DB Process Time: managed=1 ms, native=357 ms
		Asset DB Callback time: managed=2 ms, native=2 ms
		Scripting: domain reloads=0, domain reload time=0 ms, compile time=0 ms, other=0 ms
		Project Asset Count: scripts=3121, non-scripts=1540
		Asset File Changes: new=0, changed=0, moved=0, deleted=0
		Scan Filter Count: 6
	InvokeBeforeRefreshCallbacks: 0.000ms
	ApplyChangesToAssetFolders: 0.036ms
	Scan: 1.684ms
	OnSourceAssetsModified: 0.000ms
	GetAllGuidsForCategorization: 0.246ms
	CategorizeAssets: 3.725ms
	ImportOutOfDateAssets: 334.290ms (-0.621ms without children)
		ImportManagerImport: 331.512ms (1.475ms without children)
			ImportInProcess: 330.006ms
			UpdateCategorizedAssets: 0.031ms
		ReloadNativeAssets: 0.023ms
		UnloadImportedAssets: 0.163ms
		ReloadImportedAssets: 1.100ms
		EnsureUptoDateAssetsAreRegisteredWithGuidPM: 1.129ms
		InitializingProgressBar: 0.004ms
		PostProcessAllAssetNotificationsAddChangedAssets: 0.000ms
		OnDemandSchedulerStart: 0.980ms
	PostProcessAllAssets: 2.425ms
	Hotreload: 1.979ms
	GatherAllCurrentPrimaryArtifactRevisions: 0.279ms
	UnloadStreamsBegin: 0.077ms
	PersistCurrentRevisions: 0.265ms
	UnloadStreamsEnd: 0.013ms
	Untracked: 18.270ms
HideAndSeekDesignBuilder: humanoid animation import asset=Running.fbx, clip=Run, loop=True, mirror=False, rootLocks=rotation:true,heightY:true,positionXZ:true, avatarSetup=CopyFromOther, sharedAvatar=True, sharedAvatarValid=True, sharedAvatarHuman=True, assetAvatarValid=False, assetAvatarHuman=False, importedClips=Run.
UnityEngine.StackTraceUtility:ExtractStackTrace () (at /Users/bokken/build/output/unity/unity/Runtime/Export/Scripting/StackTrace.cs:37)
UnityEngine.DebugLogHandler:LogFormat (UnityEngine.LogType,UnityEngine.Object,string,object[])
UnityEngine.Logger:Log (UnityEngine.LogType,object)
UnityEngine.Debug:Log (object)
ArgusUnity.Editor.HideAndSeekDesignBuilder:ConfigureHumanoidAnimation (string,string,bool,UnityEngine.Avatar,bool) (at Assets/Editor/HideAndSeekDesignBuilder.cs:428)
ArgusUnity.Editor.HideAndSeekDesignBuilder:EnsureExpandedAnimationImports () (at Assets/Editor/HideAndSeekDesignBuilder.cs:310)
ArgusUnity.Editor.HideAndSeekDesignBuilder:BuildScene () (at Assets/Editor/HideAndSeekDesignBuilder.cs:151)
ArgusUnity.Editor.HideAndSeekDesignBuilder:OpenSceneInPlayMode () (at Assets/Editor/HideAndSeekDesignBuilder.cs:189)

(Filename: Assets/Editor/HideAndSeekDesignBuilder.cs Line: 428)

HideAndSeekDesignBuilder: expanded animation import role=quarantined-run-locomotion, activeLocomotion=False, asset=Running.fbx, clip=Run, loop=True, mirror=False, target=Assets/Project/Resources/Animations/Locomotion/Running.fbx.
UnityEngine.StackTraceUtility:ExtractStackTrace () (at /Users/bokken/build/output/unity/unity/Runtime/Export/Scripting/StackTrace.cs:37)
UnityEngine.DebugLogHandler:LogFormat (UnityEngine.LogType,UnityEngine.Object,string,object[])
UnityEngine.Logger:Log (UnityEngine.LogType,object)
UnityEngine.Debug:Log (object)
ArgusUnity.Editor.HideAndSeekDesignBuilder:EnsureExpandedAnimationImports () (at Assets/Editor/HideAndSeekDesignBuilder.cs:316)
ArgusUnity.Editor.HideAndSeekDesignBuilder:BuildScene () (at Assets/Editor/HideAndSeekDesignBuilder.cs:151)
ArgusUnity.Editor.HideAndSeekDesignBuilder:OpenSceneInPlayMode () (at Assets/Editor/HideAndSeekDesignBuilder.cs:189)

(Filename: Assets/Editor/HideAndSeekDesignBuilder.cs Line: 316)

Start importing Assets/Project/Resources/Animations/Locomotion/Slow Run.fbx using Guid(07b1cd1c4ea6a401b86df6eaebc56999) Importer(-1,00000000000000000000000000000000)  -> (artifact id: '9bbe3bc33bce55e0322445193c00e0a3') in 0.326038 seconds
Refreshing native plugins compatible for Editor in 1.56 ms, found 0 plugins.
Preloading 0 native plugins for Editor in 0.00 ms.
Asset Pipeline Refresh (id=f2a4a79bbcd0f4ab29ed4a62ee7bf267): Total: 0.361 seconds - Initiated by StopAssetImportingV2(NoUpdateAssetOptions)
	Summary:
		Imports: total=1 (actual=1, local cache=0, cache server=0)
		Asset DB Process Time: managed=2 ms, native=349 ms
		Asset DB Callback time: managed=4 ms, native=5 ms
		Scripting: domain reloads=0, domain reload time=0 ms, compile time=0 ms, other=0 ms
		Project Asset Count: scripts=3121, non-scripts=1540
		Asset File Changes: new=0, changed=0, moved=0, deleted=0
		Scan Filter Count: 6
	InvokeBeforeRefreshCallbacks: 0.000ms
	ApplyChangesToAssetFolders: 0.028ms
	Scan: 1.379ms
	OnSourceAssetsModified: 0.001ms
	GetAllGuidsForCategorization: 0.175ms
	CategorizeAssets: 1.800ms
	ImportOutOfDateAssets: 329.826ms (0.917ms without children)
		ImportManagerImport: 326.965ms (0.368ms without children)
			ImportInProcess: 326.573ms
			UpdateCategorizedAssets: 0.024ms
		ReloadNativeAssets: 0.023ms
		UnloadImportedAssets: 0.030ms
		ReloadImportedAssets: 0.000ms
		EnsureUptoDateAssetsAreRegisteredWithGuidPM: 1.025ms
		InitializingProgressBar: 0.008ms
		PostProcessAllAssetNotificationsAddChangedAssets: 0.000ms
		OnDemandSchedulerStart: 0.857ms
	PostProcessAllAssets: 6.106ms
	Hotreload: 3.163ms
	GatherAllCurrentPrimaryArtifactRevisions: 0.244ms
	UnloadStreamsBegin: 0.056ms
	PersistCurrentRevisions: 0.272ms
	UnloadStreamsEnd: 0.012ms
	Untracked: 18.287ms
Start importing Assets/Project/Resources/Animations/Locomotion/Slow Run.fbx using Guid(07b1cd1c4ea6a401b86df6eaebc56999) Importer(-1,00000000000000000000000000000000)  -> (artifact id: '9bbe3bc33bce55e0322445193c00e0a3') in 0.289811 seconds
Refreshing native plugins compatible for Editor in 0.97 ms, found 0 plugins.
Preloading 0 native plugins for Editor in 0.00 ms.
Asset Pipeline Refresh (id=6721df0f41f5949f491b17601564d956): Total: 0.323 seconds - Initiated by StopAssetImportingV2(NoUpdateAssetOptions)
	Summary:
		Imports: total=1 (actual=1, local cache=0, cache server=0)
		Asset DB Process Time: managed=0 ms, native=316 ms
		Asset DB Callback time: managed=2 ms, native=4 ms
		Scripting: domain reloads=0, domain reload time=0 ms, compile time=0 ms, other=0 ms
		Project Asset Count: scripts=3121, non-scripts=1540
		Asset File Changes: new=0, changed=0, moved=0, deleted=0
		Scan Filter Count: 6
	InvokeBeforeRefreshCallbacks: 0.000ms
	ApplyChangesToAssetFolders: 0.028ms
	Scan: 2.135ms
	OnSourceAssetsModified: 0.001ms
	GetAllGuidsForCategorization: 0.188ms
	CategorizeAssets: 2.366ms
	ImportOutOfDateAssets: 294.080ms (-0.676ms without children)
		ImportManagerImport: 291.688ms (1.449ms without children)
			ImportInProcess: 290.209ms
			UpdateCategorizedAssets: 0.030ms
		ReloadNativeAssets: 0.020ms
		UnloadImportedAssets: 0.154ms
		ReloadImportedAssets: 1.108ms
		EnsureUptoDateAssetsAreRegisteredWithGuidPM: 0.945ms
		InitializingProgressBar: 0.003ms
		PostProcessAllAssetNotificationsAddChangedAssets: 0.000ms
		OnDemandSchedulerStart: 0.839ms
	PostProcessAllAssets: 2.414ms
	Hotreload: 3.911ms
	GatherAllCurrentPrimaryArtifactRevisions: 0.199ms
	UnloadStreamsBegin: 0.059ms
	PersistCurrentRevisions: 0.269ms
	UnloadStreamsEnd: 0.013ms
	Untracked: 17.668ms
HideAndSeekDesignBuilder: humanoid animation import asset=Slow Run.fbx, clip=SlowRun, loop=True, mirror=False, rootLocks=rotation:true,heightY:true,positionXZ:true, avatarSetup=CopyFromOther, sharedAvatar=True, sharedAvatarValid=True, sharedAvatarHuman=True, assetAvatarValid=False, assetAvatarHuman=False, importedClips=SlowRun.
UnityEngine.StackTraceUtility:ExtractStackTrace () (at /Users/bokken/build/output/unity/unity/Runtime/Export/Scripting/StackTrace.cs:37)
UnityEngine.DebugLogHandler:LogFormat (UnityEngine.LogType,UnityEngine.Object,string,object[])
UnityEngine.Logger:Log (UnityEngine.LogType,object)
UnityEngine.Debug:Log (object)
ArgusUnity.Editor.HideAndSeekDesignBuilder:ConfigureHumanoidAnimation (string,string,bool,UnityEngine.Avatar,bool) (at Assets/Editor/HideAndSeekDesignBuilder.cs:428)
ArgusUnity.Editor.HideAndSeekDesignBuilder:EnsureExpandedAnimationImports () (at Assets/Editor/HideAndSeekDesignBuilder.cs:310)
ArgusUnity.Editor.HideAndSeekDesignBuilder:BuildScene () (at Assets/Editor/HideAndSeekDesignBuilder.cs:151)
ArgusUnity.Editor.HideAndSeekDesignBuilder:OpenSceneInPlayMode () (at Assets/Editor/HideAndSeekDesignBuilder.cs:189)

(Filename: Assets/Editor/HideAndSeekDesignBuilder.cs Line: 428)

HideAndSeekDesignBuilder: expanded animation import role=quarantined-slow-run-locomotion, activeLocomotion=False, asset=Slow Run.fbx, clip=SlowRun, loop=True, mirror=False, target=Assets/Project/Resources/Animations/Locomotion/Slow Run.fbx.
UnityEngine.StackTraceUtility:ExtractStackTrace () (at /Users/bokken/build/output/unity/unity/Runtime/Export/Scripting/StackTrace.cs:37)
UnityEngine.DebugLogHandler:LogFormat (UnityEngine.LogType,UnityEngine.Object,string,object[])
UnityEngine.Logger:Log (UnityEngine.LogType,object)
UnityEngine.Debug:Log (object)
ArgusUnity.Editor.HideAndSeekDesignBuilder:EnsureExpandedAnimationImports () (at Assets/Editor/HideAndSeekDesignBuilder.cs:316)
ArgusUnity.Editor.HideAndSeekDesignBuilder:BuildScene () (at Assets/Editor/HideAndSeekDesignBuilder.cs:151)
ArgusUnity.Editor.HideAndSeekDesignBuilder:OpenSceneInPlayMode () (at Assets/Editor/HideAndSeekDesignBuilder.cs:189)

(Filename: Assets/Editor/HideAndSeekDesignBuilder.cs Line: 316)

Start importing Assets/Project/Resources/Animations/Locomotion/Running To Turn.fbx using Guid(06f4a46c02b354b268b2658de1f2164f) Importer(-1,00000000000000000000000000000000)  -> (artifact id: 'bea833bfd4f8165b854d2f1581bd56a1') in 0.439126 seconds
Refreshing native plugins compatible for Editor in 1.16 ms, found 0 plugins.
Preloading 0 native plugins for Editor in 0.00 ms.
Asset Pipeline Refresh (id=b78fbc65ed9784382bb4fbbc2ec28f05): Total: 0.482 seconds - Initiated by StopAssetImportingV2(NoUpdateAssetOptions)
	Summary:
		Imports: total=1 (actual=1, local cache=0, cache server=0)
		Asset DB Process Time: managed=4 ms, native=464 ms
		Asset DB Callback time: managed=8 ms, native=4 ms
		Scripting: domain reloads=0, domain reload time=0 ms, compile time=0 ms, other=0 ms
		Project Asset Count: scripts=3121, non-scripts=1540
		Asset File Changes: new=0, changed=0, moved=0, deleted=0
		Scan Filter Count: 6
	InvokeBeforeRefreshCallbacks: 0.000ms
	ApplyChangesToAssetFolders: 0.029ms
	Scan: 1.454ms
	OnSourceAssetsModified: 0.000ms
	GetAllGuidsForCategorization: 0.166ms
	CategorizeAssets: 2.318ms
	ImportOutOfDateAssets: 446.691ms (2.240ms without children)
		ImportManagerImport: 441.565ms (0.591ms without children)
			ImportInProcess: 440.934ms
			UpdateCategorizedAssets: 0.040ms
		ReloadNativeAssets: 0.027ms
		UnloadImportedAssets: 0.030ms
		ReloadImportedAssets: 0.000ms
		EnsureUptoDateAssetsAreRegisteredWithGuidPM: 1.246ms
		InitializingProgressBar: 0.005ms
		PostProcessAllAssetNotificationsAddChangedAssets: 0.000ms
		OnDemandSchedulerStart: 1.577ms
	PostProcessAllAssets: 10.535ms
	Hotreload: 2.535ms
	GatherAllCurrentPrimaryArtifactRevisions: 0.280ms
	UnloadStreamsBegin: 0.056ms
	PersistCurrentRevisions: 0.329ms
	UnloadStreamsEnd: 0.016ms
	Untracked: 17.821ms
Start importing Assets/Project/Resources/Animations/Locomotion/Running To Turn.fbx using Guid(06f4a46c02b354b268b2658de1f2164f) Importer(-1,00000000000000000000000000000000)  -> (artifact id: 'bea833bfd4f8165b854d2f1581bd56a1') in 0.332282 seconds
Refreshing native plugins compatible for Editor in 1.01 ms, found 0 plugins.
Preloading 0 native plugins for Editor in 0.00 ms.
Asset Pipeline Refresh (id=3387ba28089b1478da7d5d477aab5bc5): Total: 0.371 seconds - Initiated by StopAssetImportingV2(NoUpdateAssetOptions)
	Summary:
		Imports: total=1 (actual=1, local cache=0, cache server=0)
		Asset DB Process Time: managed=1 ms, native=365 ms
		Asset DB Callback time: managed=3 ms, native=1 ms
		Scripting: domain reloads=0, domain reload time=0 ms, compile time=0 ms, other=0 ms
		Project Asset Count: scripts=3121, non-scripts=1540
		Asset File Changes: new=0, changed=0, moved=0, deleted=0
		Scan Filter Count: 6
	InvokeBeforeRefreshCallbacks: 0.000ms
	ApplyChangesToAssetFolders: 0.037ms
	Scan: 1.882ms
	OnSourceAssetsModified: 0.001ms
	GetAllGuidsForCategorization: 0.206ms
	CategorizeAssets: 2.123ms
	ImportOutOfDateAssets: 338.042ms (-1.660ms without children)
		ImportManagerImport: 335.387ms (2.528ms without children)
			ImportInProcess: 332.832ms
			UpdateCategorizedAssets: 0.028ms
		ReloadNativeAssets: 0.022ms
		UnloadImportedAssets: 0.170ms
		ReloadImportedAssets: 2.166ms
		EnsureUptoDateAssetsAreRegisteredWithGuidPM: 1.109ms
		InitializingProgressBar: 0.004ms
		PostProcessAllAssetNotificationsAddChangedAssets: 0.000ms
		OnDemandSchedulerStart: 0.844ms
	PostProcessAllAssets: 3.715ms
	Hotreload: 1.439ms
	GatherAllCurrentPrimaryArtifactRevisions: 0.347ms
	UnloadStreamsBegin: 0.066ms
	PersistCurrentRevisions: 0.267ms
	UnloadStreamsEnd: 0.012ms
	Untracked: 23.358ms
HideAndSeekDesignBuilder: humanoid animation import asset=Running To Turn.fbx, clip=RunToTurn, loop=False, mirror=False, rootLocks=rotation:true,heightY:true,positionXZ:true, avatarSetup=CopyFromOther, sharedAvatar=True, sharedAvatarValid=True, sharedAvatarHuman=True, assetAvatarValid=False, assetAvatarHuman=False, importedClips=RunToTurn.
UnityEngine.StackTraceUtility:ExtractStackTrace () (at /Users/bokken/build/output/unity/unity/Runtime/Export/Scripting/StackTrace.cs:37)
UnityEngine.DebugLogHandler:LogFormat (UnityEngine.LogType,UnityEngine.Object,string,object[])
UnityEngine.Logger:Log (UnityEngine.LogType,object)
UnityEngine.Debug:Log (object)
ArgusUnity.Editor.HideAndSeekDesignBuilder:ConfigureHumanoidAnimation (string,string,bool,UnityEngine.Avatar,bool) (at Assets/Editor/HideAndSeekDesignBuilder.cs:428)
ArgusUnity.Editor.HideAndSeekDesignBuilder:EnsureExpandedAnimationImports () (at Assets/Editor/HideAndSeekDesignBuilder.cs:310)
ArgusUnity.Editor.HideAndSeekDesignBuilder:BuildScene () (at Assets/Editor/HideAndSeekDesignBuilder.cs:151)
ArgusUnity.Editor.HideAndSeekDesignBuilder:OpenSceneInPlayMode () (at Assets/Editor/HideAndSeekDesignBuilder.cs:189)

(Filename: Assets/Editor/HideAndSeekDesignBuilder.cs Line: 428)

HideAndSeekDesignBuilder: expanded animation import role=quarantined-run-turn-candidate, activeLocomotion=False, asset=Running To Turn.fbx, clip=RunToTurn, loop=False, mirror=False, target=Assets/Project/Resources/Animations/Locomotion/Running To Turn.fbx.
UnityEngine.StackTraceUtility:ExtractStackTrace () (at /Users/bokken/build/output/unity/unity/Runtime/Export/Scripting/StackTrace.cs:37)
UnityEngine.DebugLogHandler:LogFormat (UnityEngine.LogType,UnityEngine.Object,string,object[])
UnityEngine.Logger:Log (UnityEngine.LogType,object)
UnityEngine.Debug:Log (object)
ArgusUnity.Editor.HideAndSeekDesignBuilder:EnsureExpandedAnimationImports () (at Assets/Editor/HideAndSeekDesignBuilder.cs:316)
ArgusUnity.Editor.HideAndSeekDesignBuilder:BuildScene () (at Assets/Editor/HideAndSeekDesignBuilder.cs:151)
ArgusUnity.Editor.HideAndSeekDesignBuilder:OpenSceneInPlayMode () (at Assets/Editor/HideAndSeekDesignBuilder.cs:189)

(Filename: Assets/Editor/HideAndSeekDesignBuilder.cs Line: 316)

Start importing Assets/Project/Resources/Animations/FBXTurns/Left Turn W_Briefcase.fbx using Guid(aee9a1da03a1a47c6a8edda6be8f8eae) Importer(-1,00000000000000000000000000000000)  -> (artifact id: '0261bf6e215febaa3de699757626c6e4') in 0.307750 seconds
Refreshing native plugins compatible for Editor in 1.07 ms, found 0 plugins.
Preloading 0 native plugins for Editor in 0.00 ms.
Asset Pipeline Refresh (id=d17b0e251629345c5938909458179ed5): Total: 0.350 seconds - Initiated by StopAssetImportingV2(NoUpdateAssetOptions)
	Summary:
		Imports: total=1 (actual=1, local cache=0, cache server=0)
		Asset DB Process Time: managed=1 ms, native=335 ms
		Asset DB Callback time: managed=6 ms, native=6 ms
		Scripting: domain reloads=0, domain reload time=0 ms, compile time=0 ms, other=0 ms
		Project Asset Count: scripts=3121, non-scripts=1540
		Asset File Changes: new=0, changed=0, moved=0, deleted=0
		Scan Filter Count: 6
	InvokeBeforeRefreshCallbacks: 0.000ms
	ApplyChangesToAssetFolders: 0.030ms
	Scan: 1.493ms
	OnSourceAssetsModified: 0.000ms
	GetAllGuidsForCategorization: 0.166ms
	CategorizeAssets: 1.659ms
	ImportOutOfDateAssets: 314.472ms (0.364ms without children)
		ImportManagerImport: 312.367ms (0.796ms without children)
			ImportInProcess: 311.536ms
			UpdateCategorizedAssets: 0.035ms
		ReloadNativeAssets: 0.018ms
		UnloadImportedAssets: 0.025ms
		ReloadImportedAssets: 0.000ms
		EnsureUptoDateAssetsAreRegisteredWithGuidPM: 0.893ms
		InitializingProgressBar: 0.004ms
		PostProcessAllAssetNotificationsAddChangedAssets: 0.000ms
		OnDemandSchedulerStart: 0.800ms
	PostProcessAllAssets: 8.042ms
	Hotreload: 4.748ms
	GatherAllCurrentPrimaryArtifactRevisions: 0.235ms
	UnloadStreamsBegin: 0.115ms
	PersistCurrentRevisions: 0.266ms
	UnloadStreamsEnd: 0.012ms
	Untracked: 18.262ms
Start importing Assets/Project/Resources/Animations/FBXTurns/Left Turn W_Briefcase.fbx using Guid(aee9a1da03a1a47c6a8edda6be8f8eae) Importer(-1,00000000000000000000000000000000)  -> (artifact id: '0261bf6e215febaa3de699757626c6e4') in 0.298142 seconds
Refreshing native plugins compatible for Editor in 1.15 ms, found 0 plugins.
Preloading 0 native plugins for Editor in 0.00 ms.
Asset Pipeline Refresh (id=a1b1e02f252bf4b5b8cbaa7e9b980bea): Total: 0.337 seconds - Initiated by StopAssetImportingV2(NoUpdateAssetOptions)
	Summary:
		Imports: total=1 (actual=1, local cache=0, cache server=0)
		Asset DB Process Time: managed=1 ms, native=329 ms
		Asset DB Callback time: managed=3 ms, native=2 ms
		Scripting: domain reloads=0, domain reload time=0 ms, compile time=0 ms, other=0 ms
		Project Asset Count: scripts=3121, non-scripts=1540
		Asset File Changes: new=0, changed=0, moved=0, deleted=0
		Scan Filter Count: 6
	InvokeBeforeRefreshCallbacks: 0.000ms
	ApplyChangesToAssetFolders: 0.028ms
	Scan: 5.782ms
	OnSourceAssetsModified: 0.001ms
	GetAllGuidsForCategorization: 0.241ms
	CategorizeAssets: 1.936ms
	ImportOutOfDateAssets: 302.139ms (-0.526ms without children)
		ImportManagerImport: 299.802ms (1.303ms without children)
			ImportInProcess: 298.473ms
			UpdateCategorizedAssets: 0.026ms
		ReloadNativeAssets: 0.022ms
		UnloadImportedAssets: 0.158ms
		ReloadImportedAssets: 0.977ms
		EnsureUptoDateAssetsAreRegisteredWithGuidPM: 0.950ms
		InitializingProgressBar: 0.007ms
		PostProcessAllAssetNotificationsAddChangedAssets: 0.000ms
		OnDemandSchedulerStart: 0.747ms
	PostProcessAllAssets: 3.950ms
	Hotreload: 1.872ms
	GatherAllCurrentPrimaryArtifactRevisions: 0.193ms
	UnloadStreamsBegin: 0.064ms
	PersistCurrentRevisions: 0.226ms
	UnloadStreamsEnd: 0.011ms
	Untracked: 20.140ms
HideAndSeekDesignBuilder: humanoid animation import asset=Left Turn W_Briefcase.fbx, clip=TurnLeft_Briefcase, loop=True, mirror=False, rootLocks=rotation:true,heightY:true,positionXZ:true, avatarSetup=CopyFromOther, sharedAvatar=True, sharedAvatarValid=True, sharedAvatarHuman=True, assetAvatarValid=False, assetAvatarHuman=False, importedClips=TurnLeft_Briefcase.
UnityEngine.StackTraceUtility:ExtractStackTrace () (at /Users/bokken/build/output/unity/unity/Runtime/Export/Scripting/StackTrace.cs:37)
UnityEngine.DebugLogHandler:LogFormat (UnityEngine.LogType,UnityEngine.Object,string,object[])
UnityEngine.Logger:Log (UnityEngine.LogType,object)
UnityEngine.Debug:Log (object)
ArgusUnity.Editor.HideAndSeekDesignBuilder:ConfigureHumanoidAnimation (string,string,bool,UnityEngine.Avatar,bool) (at Assets/Editor/HideAndSeekDesignBuilder.cs:428)
ArgusUnity.Editor.HideAndSeekDesignBuilder:EnsureExpandedAnimationImports () (at Assets/Editor/HideAndSeekDesignBuilder.cs:310)
ArgusUnity.Editor.HideAndSeekDesignBuilder:BuildScene () (at Assets/Editor/HideAndSeekDesignBuilder.cs:151)
ArgusUnity.Editor.HideAndSeekDesignBuilder:OpenSceneInPlayMode () (at Assets/Editor/HideAndSeekDesignBuilder.cs:189)

(Filename: Assets/Editor/HideAndSeekDesignBuilder.cs Line: 428)

HideAndSeekDesignBuilder: expanded animation import role=production-left-briefcase-turn, activeLocomotion=True, asset=Left Turn W_Briefcase.fbx, clip=TurnLeft_Briefcase, loop=True, mirror=False, target=Assets/Project/Resources/Animations/FBXTurns/Left Turn W_Briefcase.fbx.
UnityEngine.StackTraceUtility:ExtractStackTrace () (at /Users/bokken/build/output/unity/unity/Runtime/Export/Scripting/StackTrace.cs:37)
UnityEngine.DebugLogHandler:LogFormat (UnityEngine.LogType,UnityEngine.Object,string,object[])
UnityEngine.Logger:Log (UnityEngine.LogType,object)
UnityEngine.Debug:Log (object)
ArgusUnity.Editor.HideAndSeekDesignBuilder:EnsureExpandedAnimationImports () (at Assets/Editor/HideAndSeekDesignBuilder.cs:316)
ArgusUnity.Editor.HideAndSeekDesignBuilder:BuildScene () (at Assets/Editor/HideAndSeekDesignBuilder.cs:151)
ArgusUnity.Editor.HideAndSeekDesignBuilder:OpenSceneInPlayMode () (at Assets/Editor/HideAndSeekDesignBuilder.cs:189)

(Filename: Assets/Editor/HideAndSeekDesignBuilder.cs Line: 316)

Start importing Assets/Project/Resources/Animations/FBXTurns/Left Turn W_Briefcase-2.fbx using Guid(f205dce3d15704ca6a8b9b0f86401123) Importer(-1,00000000000000000000000000000000)  -> (artifact id: '9b7cc026d1c5e804a6f7ac31763cc466') in 0.337843 seconds
Refreshing native plugins compatible for Editor in 0.99 ms, found 0 plugins.
Preloading 0 native plugins for Editor in 0.00 ms.
Asset Pipeline Refresh (id=c54f11a6bb102423d8a4cd7e24c5e7c6): Total: 0.374 seconds - Initiated by StopAssetImportingV2(NoUpdateAssetOptions)
	Summary:
		Imports: total=1 (actual=1, local cache=0, cache server=0)
		Asset DB Process Time: managed=1 ms, native=363 ms
		Asset DB Callback time: managed=5 ms, native=3 ms
		Scripting: domain reloads=0, domain reload time=0 ms, compile time=0 ms, other=0 ms
		Project Asset Count: scripts=3121, non-scripts=1540
		Asset File Changes: new=0, changed=0, moved=0, deleted=0
		Scan Filter Count: 6
	InvokeBeforeRefreshCallbacks: 0.000ms
	ApplyChangesToAssetFolders: 0.026ms
	Scan: 1.281ms
	OnSourceAssetsModified: 0.000ms
	GetAllGuidsForCategorization: 0.161ms
	CategorizeAssets: 1.667ms
	ImportOutOfDateAssets: 342.196ms (0.350ms without children)
		ImportManagerImport: 340.126ms (0.300ms without children)
			ImportInProcess: 339.795ms
			UpdateCategorizedAssets: 0.030ms
		ReloadNativeAssets: 0.020ms
		UnloadImportedAssets: 0.028ms
		ReloadImportedAssets: 0.000ms
		EnsureUptoDateAssetsAreRegisteredWithGuidPM: 0.829ms
		InitializingProgressBar: 0.006ms
		PostProcessAllAssetNotificationsAddChangedAssets: 0.000ms
		OnDemandSchedulerStart: 0.837ms
	PostProcessAllAssets: 6.846ms
	Hotreload: 2.065ms
	GatherAllCurrentPrimaryArtifactRevisions: 0.178ms
	UnloadStreamsBegin: 0.052ms
	PersistCurrentRevisions: 0.266ms
	UnloadStreamsEnd: 0.013ms
	Untracked: 19.457ms
Start importing Assets/Project/Resources/Animations/FBXTurns/Left Turn W_Briefcase-2.fbx using Guid(f205dce3d15704ca6a8b9b0f86401123) Importer(-1,00000000000000000000000000000000)  -> (artifact id: '9b7cc026d1c5e804a6f7ac31763cc466') in 0.324744 seconds
Refreshing native plugins compatible for Editor in 1.01 ms, found 0 plugins.
Preloading 0 native plugins for Editor in 0.00 ms.
Asset Pipeline Refresh (id=3d3c3482788d34236a53638ca9d98391): Total: 0.359 seconds - Initiated by StopAssetImportingV2(NoUpdateAssetOptions)
	Summary:
		Imports: total=1 (actual=1, local cache=0, cache server=0)
		Asset DB Process Time: managed=1 ms, native=351 ms
		Asset DB Callback time: managed=4 ms, native=2 ms
		Scripting: domain reloads=0, domain reload time=0 ms, compile time=0 ms, other=0 ms
		Project Asset Count: scripts=3121, non-scripts=1540
		Asset File Changes: new=0, changed=0, moved=0, deleted=0
		Scan Filter Count: 6
	InvokeBeforeRefreshCallbacks: 0.000ms
	ApplyChangesToAssetFolders: 0.026ms
	Scan: 1.483ms
	OnSourceAssetsModified: 0.000ms
	GetAllGuidsForCategorization: 0.175ms
	CategorizeAssets: 2.025ms
	ImportOutOfDateAssets: 329.349ms (-0.744ms without children)
		ImportManagerImport: 326.723ms (1.476ms without children)
			ImportInProcess: 325.220ms
			UpdateCategorizedAssets: 0.027ms
		ReloadNativeAssets: 0.024ms
		UnloadImportedAssets: 0.151ms
		ReloadImportedAssets: 1.157ms
		EnsureUptoDateAssetsAreRegisteredWithGuidPM: 0.943ms
		InitializingProgressBar: 0.004ms
		PostProcessAllAssetNotificationsAddChangedAssets: 0.000ms
		OnDemandSchedulerStart: 1.091ms
	PostProcessAllAssets: 5.078ms
	Hotreload: 2.033ms
	GatherAllCurrentPrimaryArtifactRevisions: 0.187ms
	UnloadStreamsBegin: 0.055ms
	PersistCurrentRevisions: 0.267ms
	UnloadStreamsEnd: 0.013ms
	Untracked: 18.770ms
HideAndSeekDesignBuilder: humanoid animation import asset=Left Turn W_Briefcase-2.fbx, clip=TurnLeft_Briefcase_Alt, loop=False, mirror=False, rootLocks=rotation:true,heightY:true,positionXZ:true, avatarSetup=CopyFromOther, sharedAvatar=True, sharedAvatarValid=True, sharedAvatarHuman=True, assetAvatarValid=False, assetAvatarHuman=False, importedClips=TurnLeft_Briefcase_Alt.
UnityEngine.StackTraceUtility:ExtractStackTrace () (at /Users/bokken/build/output/unity/unity/Runtime/Export/Scripting/StackTrace.cs:37)
UnityEngine.DebugLogHandler:LogFormat (UnityEngine.LogType,UnityEngine.Object,string,object[])
UnityEngine.Logger:Log (UnityEngine.LogType,object)
UnityEngine.Debug:Log (object)
ArgusUnity.Editor.HideAndSeekDesignBuilder:ConfigureHumanoidAnimation (string,string,bool,UnityEngine.Avatar,bool) (at Assets/Editor/HideAndSeekDesignBuilder.cs:428)
ArgusUnity.Editor.HideAndSeekDesignBuilder:EnsureExpandedAnimationImports () (at Assets/Editor/HideAndSeekDesignBuilder.cs:310)
ArgusUnity.Editor.HideAndSeekDesignBuilder:BuildScene () (at Assets/Editor/HideAndSeekDesignBuilder.cs:151)
ArgusUnity.Editor.HideAndSeekDesignBuilder:OpenSceneInPlayMode () (at Assets/Editor/HideAndSeekDesignBuilder.cs:189)

(Filename: Assets/Editor/HideAndSeekDesignBuilder.cs Line: 428)

HideAndSeekDesignBuilder: expanded animation import role=briefcase-turn-alt-preview, activeLocomotion=False, asset=Left Turn W_Briefcase-2.fbx, clip=TurnLeft_Briefcase_Alt, loop=False, mirror=False, target=Assets/Project/Resources/Animations/FBXTurns/Left Turn W_Briefcase-2.fbx.
UnityEngine.StackTraceUtility:ExtractStackTrace () (at /Users/bokken/build/output/unity/unity/Runtime/Export/Scripting/StackTrace.cs:37)
UnityEngine.DebugLogHandler:LogFormat (UnityEngine.LogType,UnityEngine.Object,string,object[])
UnityEngine.Logger:Log (UnityEngine.LogType,object)
UnityEngine.Debug:Log (object)
ArgusUnity.Editor.HideAndSeekDesignBuilder:EnsureExpandedAnimationImports () (at Assets/Editor/HideAndSeekDesignBuilder.cs:316)
ArgusUnity.Editor.HideAndSeekDesignBuilder:BuildScene () (at Assets/Editor/HideAndSeekDesignBuilder.cs:151)
ArgusUnity.Editor.HideAndSeekDesignBuilder:OpenSceneInPlayMode () (at Assets/Editor/HideAndSeekDesignBuilder.cs:189)

(Filename: Assets/Editor/HideAndSeekDesignBuilder.cs Line: 316)

Start importing Assets/Project/Resources/Animations/FBXTurns/Right Turn W_Briefcase_Mirrored.fbx using Guid(88c9c815a6a8c492cb9e49b0c842be3e) Importer(-1,00000000000000000000000000000000)  -> (artifact id: '6973b3cb5972e91b7d2dccaf72732990') in 0.277706 seconds
Refreshing native plugins compatible for Editor in 0.91 ms, found 0 plugins.
Preloading 0 native plugins for Editor in 0.00 ms.
Asset Pipeline Refresh (id=f0906b7cfbca1409a856fa89946a781a): Total: 0.311 seconds - Initiated by StopAssetImportingV2(NoUpdateAssetOptions)
	Summary:
		Imports: total=1 (actual=1, local cache=0, cache server=0)
		Asset DB Process Time: managed=1 ms, native=301 ms
		Asset DB Callback time: managed=4 ms, native=3 ms
		Scripting: domain reloads=0, domain reload time=0 ms, compile time=0 ms, other=0 ms
		Project Asset Count: scripts=3121, non-scripts=1540
		Asset File Changes: new=0, changed=0, moved=0, deleted=0
		Scan Filter Count: 6
	InvokeBeforeRefreshCallbacks: 0.000ms
	ApplyChangesToAssetFolders: 0.027ms
	Scan: 1.524ms
	OnSourceAssetsModified: 0.000ms
	GetAllGuidsForCategorization: 0.163ms
	CategorizeAssets: 1.533ms
	ImportOutOfDateAssets: 281.730ms (0.360ms without children)
		ImportManagerImport: 279.723ms (0.273ms without children)
			ImportInProcess: 279.428ms
			UpdateCategorizedAssets: 0.023ms
		ReloadNativeAssets: 0.026ms
		UnloadImportedAssets: 0.024ms
		ReloadImportedAssets: 0.000ms
		EnsureUptoDateAssetsAreRegisteredWithGuidPM: 0.884ms
		InitializingProgressBar: 0.004ms
		PostProcessAllAssetNotificationsAddChangedAssets: 0.000ms
		OnDemandSchedulerStart: 0.709ms
	PostProcessAllAssets: 5.983ms
	Hotreload: 2.053ms
	GatherAllCurrentPrimaryArtifactRevisions: 0.292ms
	UnloadStreamsBegin: 0.058ms
	PersistCurrentRevisions: 0.226ms
	UnloadStreamsEnd: 0.011ms
	Untracked: 16.954ms
Start importing Assets/Project/Resources/Animations/FBXTurns/Right Turn W_Briefcase_Mirrored.fbx using Guid(88c9c815a6a8c492cb9e49b0c842be3e) Importer(-1,00000000000000000000000000000000)  -> (artifact id: '6973b3cb5972e91b7d2dccaf72732990') in 0.261885 seconds
Refreshing native plugins compatible for Editor in 0.86 ms, found 0 plugins.
Preloading 0 native plugins for Editor in 0.00 ms.
Asset Pipeline Refresh (id=89a52474670744e258c67f348f2f2ffa): Total: 0.291 seconds - Initiated by StopAssetImportingV2(NoUpdateAssetOptions)
HideAndSeekDesignBuilder: humanoid animation import asset=Right Turn W_Briefcase_Mirrored.fbx, clip=TurnRight_Briefcase, loop=True, mirror=True, rootLocks=rotation:true,heightY:true,positionXZ:true, avatarSetup=CopyFromOther, sharedAvatar=True, sharedAvatarValid=True, sharedAvatarHuman=True, assetAvatarValid=False, assetAvatarHuman=False, importedClips=TurnRight_Briefcase.
UnityEngine.StackTraceUtility:ExtractStackTrace () (at /Users/bokken/build/output/unity/unity/Runtime/Export/Scripting/StackTrace.cs:37)
UnityEngine.DebugLogHandler:LogFormat (UnityEngine.LogType,UnityEngine.Object,string,object[])
UnityEngine.Logger:Log (UnityEngine.LogType,object)
UnityEngine.Debug:Log (object)
ArgusUnity.Editor.HideAndSeekDesignBuilder:ConfigureHumanoidAnimation (string,string,bool,UnityEngine.Avatar,bool) (at Assets/Editor/HideAndSeekDesignBuilder.cs:428)
ArgusUnity.Editor.HideAndSeekDesignBuilder:EnsureExpandedAnimationImports () (at Assets/Editor/HideAndSeekDesignBuilder.cs:310)
ArgusUnity.Editor.HideAndSeekDesignBuilder:BuildScene () (at Assets/Editor/HideAndSeekDesignBuilder.cs:151)
ArgusUnity.Editor.HideAndSeekDesignBuilder:OpenSceneInPlayMode () (at Assets/Editor/HideAndSeekDesignBuilder.cs:189)

(Filename: Assets/Editor/HideAndSeekDesignBuilder.cs Line: 428)

HideAndSeekDesignBuilder: expanded animation import role=production-right-briefcase-turn-mirrored, activeLocomotion=True, asset=Right Turn W_Briefcase_Mirrored.fbx, clip=TurnRight_Briefcase, loop=True, mirror=True, target=Assets/Project/Resources/Animations/FBXTurns/Right Turn W_Briefcase_Mirrored.fbx.
UnityEngine.StackTraceUtility:ExtractStackTrace () (at /Users/bokken/build/output/unity/unity/Runtime/Export/Scripting/StackTrace.cs:37)
UnityEngine.DebugLogHandler:LogFormat (UnityEngine.LogType,UnityEngine.Object,string,object[])
UnityEngine.Logger:Log (UnityEngine.LogType,object)
UnityEngine.Debug:Log (object)
ArgusUnity.Editor.HideAndSeekDesignBuilder:EnsureExpandedAnimationImports () (at Assets/Editor/HideAndSeekDesignBuilder.cs:316)
ArgusUnity.Editor.HideAndSeekDesignBuilder:BuildScene () (at Assets/Editor/HideAndSeekDesignBuilder.cs:151)
ArgusUnity.Editor.HideAndSeekDesignBuilder:OpenSceneInPlayMode () (at Assets/Editor/HideAndSeekDesignBuilder.cs:189)

(Filename: Assets/Editor/HideAndSeekDesignBuilder.cs Line: 316)

Start importing Assets/Project/Resources/Animations/Actions/Thinking.fbx using Guid(36a75f6830f56473790d1fae92b02700) Importer(-1,00000000000000000000000000000000)  -> (artifact id: 'fd0afac4c3936fda1f44c380eda18785') in 0.375343 seconds
Refreshing native plugins compatible for Editor in 1.34 ms, found 0 plugins.
Preloading 0 native plugins for Editor in 0.00 ms.
Asset Pipeline Refresh (id=bab5cd813152d4cbb8fd4dc514d724a6): Total: 0.412 seconds - Initiated by StopAssetImportingV2(NoUpdateAssetOptions)
	Summary:
		Imports: total=1 (actual=1, local cache=0, cache server=0)
		Asset DB Process Time: managed=2 ms, native=395 ms
		Asset DB Callback time: managed=8 ms, native=4 ms
		Scripting: domain reloads=0, domain reload time=0 ms, compile time=0 ms, other=0 ms
		Project Asset Count: scripts=3121, non-scripts=1540
		Asset File Changes: new=0, changed=0, moved=0, deleted=0
		Scan Filter Count: 6
	InvokeBeforeRefreshCallbacks: 0.000ms
	ApplyChangesToAssetFolders: 0.025ms
	Scan: 1.247ms
	OnSourceAssetsModified: 0.000ms
	GetAllGuidsForCategorization: 0.148ms
	CategorizeAssets: 1.759ms
	ImportOutOfDateAssets: 379.372ms (0.405ms without children)
		ImportManagerImport: 376.607ms (0.365ms without children)
			ImportInProcess: 376.213ms
			UpdateCategorizedAssets: 0.029ms
		ReloadNativeAssets: 0.016ms
		UnloadImportedAssets: 0.022ms
		ReloadImportedAssets: 0.000ms
		EnsureUptoDateAssetsAreRegisteredWithGuidPM: 0.812ms
		InitializingProgressBar: 0.003ms
		PostProcessAllAssetNotificationsAddChangedAssets: 0.000ms
		OnDemandSchedulerStart: 1.507ms
	PostProcessAllAssets: 10.147ms
	Hotreload: 3.380ms
	GatherAllCurrentPrimaryArtifactRevisions: 0.173ms
	UnloadStreamsBegin: 0.049ms
	PersistCurrentRevisions: 0.266ms
	UnloadStreamsEnd: 0.013ms
	Untracked: 15.307ms
Start importing Assets/Project/Resources/Animations/Actions/Thinking.fbx using Guid(36a75f6830f56473790d1fae92b02700) Importer(-1,00000000000000000000000000000000)  -> (artifact id: 'fd0afac4c3936fda1f44c380eda18785') in 0.384172 seconds
Refreshing native plugins compatible for Editor in 1.07 ms, found 0 plugins.
Preloading 0 native plugins for Editor in 0.00 ms.
Asset Pipeline Refresh (id=385ef86bf0189413ba02654f6c586ca8): Total: 0.424 seconds - Initiated by StopAssetImportingV2(NoUpdateAssetOptions)
	Summary:
		Imports: total=1 (actual=1, local cache=0, cache server=0)
		Asset DB Process Time: managed=1 ms, native=415 ms
		Asset DB Callback time: managed=4 ms, native=2 ms
		Scripting: domain reloads=0, domain reload time=0 ms, compile time=0 ms, other=0 ms
		Project Asset Count: scripts=3121, non-scripts=1540
		Asset File Changes: new=0, changed=0, moved=0, deleted=0
		Scan Filter Count: 6
	InvokeBeforeRefreshCallbacks: 0.000ms
	ApplyChangesToAssetFolders: 0.038ms
	Scan: 1.534ms
	OnSourceAssetsModified: 0.000ms
	GetAllGuidsForCategorization: 0.169ms
	CategorizeAssets: 2.019ms
	ImportOutOfDateAssets: 391.044ms (-0.148ms without children)
		ImportManagerImport: 386.324ms (1.614ms without children)
			ImportInProcess: 384.676ms
			UpdateCategorizedAssets: 0.034ms
		ReloadNativeAssets: 0.018ms
		UnloadImportedAssets: 0.150ms
		ReloadImportedAssets: 1.197ms
		EnsureUptoDateAssetsAreRegisteredWithGuidPM: 0.937ms
		InitializingProgressBar: 0.004ms
		PostProcessAllAssetNotificationsAddChangedAssets: 0.000ms
		OnDemandSchedulerStart: 2.562ms
	PostProcessAllAssets: 4.892ms
	Hotreload: 2.499ms
	GatherAllCurrentPrimaryArtifactRevisions: 0.283ms
	UnloadStreamsBegin: 0.059ms
	PersistCurrentRevisions: 0.395ms
	UnloadStreamsEnd: 0.013ms
	Untracked: 21.198ms
HideAndSeekDesignBuilder: humanoid animation import asset=Thinking.fbx, clip=Thinking, loop=False, mirror=False, rootLocks=rotation:true,heightY:true,positionXZ:true, avatarSetup=CopyFromOther, sharedAvatar=True, sharedAvatarValid=True, sharedAvatarHuman=True, assetAvatarValid=False, assetAvatarHuman=False, importedClips=Thinking.
UnityEngine.StackTraceUtility:ExtractStackTrace () (at /Users/bokken/build/output/unity/unity/Runtime/Export/Scripting/StackTrace.cs:37)
UnityEngine.DebugLogHandler:LogFormat (UnityEngine.LogType,UnityEngine.Object,string,object[])
UnityEngine.Logger:Log (UnityEngine.LogType,object)
UnityEngine.Debug:Log (object)
ArgusUnity.Editor.HideAndSeekDesignBuilder:ConfigureHumanoidAnimation (string,string,bool,UnityEngine.Avatar,bool) (at Assets/Editor/HideAndSeekDesignBuilder.cs:428)
ArgusUnity.Editor.HideAndSeekDesignBuilder:EnsureExpandedAnimationImports () (at Assets/Editor/HideAndSeekDesignBuilder.cs:310)
ArgusUnity.Editor.HideAndSeekDesignBuilder:BuildScene () (at Assets/Editor/HideAndSeekDesignBuilder.cs:151)
ArgusUnity.Editor.HideAndSeekDesignBuilder:OpenSceneInPlayMode () (at Assets/Editor/HideAndSeekDesignBuilder.cs:189)

(Filename: Assets/Editor/HideAndSeekDesignBuilder.cs Line: 428)

HideAndSeekDesignBuilder: expanded animation import role=thinking-action-not-wired, activeLocomotion=False, asset=Thinking.fbx, clip=Thinking, loop=False, mirror=False, target=Assets/Project/Resources/Animations/Actions/Thinking.fbx.
UnityEngine.StackTraceUtility:ExtractStackTrace () (at /Users/bokken/build/output/unity/unity/Runtime/Export/Scripting/StackTrace.cs:37)
UnityEngine.DebugLogHandler:LogFormat (UnityEngine.LogType,UnityEngine.Object,string,object[])
UnityEngine.Logger:Log (UnityEngine.LogType,object)
UnityEngine.Debug:Log (object)
ArgusUnity.Editor.HideAndSeekDesignBuilder:EnsureExpandedAnimationImports () (at Assets/Editor/HideAndSeekDesignBuilder.cs:316)
ArgusUnity.Editor.HideAndSeekDesignBuilder:BuildScene () (at Assets/Editor/HideAndSeekDesignBuilder.cs:151)
ArgusUnity.Editor.HideAndSeekDesignBuilder:OpenSceneInPlayMode () (at Assets/Editor/HideAndSeekDesignBuilder.cs:189)

(Filename: Assets/Editor/HideAndSeekDesignBuilder.cs Line: 316)

Start importing Assets/Project/Resources/Animations/Actions/Angry.fbx using Guid(bf6f5bc26201348749cec0762d90324c) Importer(-1,00000000000000000000000000000000)  -> (artifact id: 'fa14516dafcd04b369ba93df3c24b969') in 0.803688 seconds
Refreshing native plugins compatible for Editor in 1.37 ms, found 0 plugins.
Preloading 0 native plugins for Editor in 0.00 ms.
Asset Pipeline Refresh (id=7f931d60710834e39a0a990210466939): Total: 0.872 seconds - Initiated by StopAssetImportingV2(NoUpdateAssetOptions)
	Summary:
		Imports: total=1 (actual=1, local cache=0, cache server=0)
		Asset DB Process Time: managed=5 ms, native=827 ms
		Asset DB Callback time: managed=32 ms, native=6 ms
		Scripting: domain reloads=0, domain reload time=0 ms, compile time=0 ms, other=0 ms
		Project Asset Count: scripts=3121, non-scripts=1540
		Asset File Changes: new=0, changed=0, moved=0, deleted=0
		Scan Filter Count: 6
	InvokeBeforeRefreshCallbacks: 0.000ms
	ApplyChangesToAssetFolders: 0.026ms
	Scan: 1.398ms
	OnSourceAssetsModified: 0.001ms
	GetAllGuidsForCategorization: 0.168ms
	CategorizeAssets: 2.258ms
	ImportOutOfDateAssets: 811.056ms (1.059ms without children)
		ImportManagerImport: 806.718ms (0.918ms without children)
			ImportInProcess: 805.726ms
			UpdateCategorizedAssets: 0.074ms
		ReloadNativeAssets: 0.021ms
		UnloadImportedAssets: 0.026ms
		ReloadImportedAssets: 0.000ms
		EnsureUptoDateAssetsAreRegisteredWithGuidPM: 1.059ms
		InitializingProgressBar: 0.005ms
		PostProcessAllAssetNotificationsAddChangedAssets: 0.000ms
		OnDemandSchedulerStart: 2.167ms
	PostProcessAllAssets: 33.787ms
	Hotreload: 4.641ms
	GatherAllCurrentPrimaryArtifactRevisions: 0.211ms
	UnloadStreamsBegin: 0.054ms
	PersistCurrentRevisions: 0.271ms
	UnloadStreamsEnd: 0.013ms
	Untracked: 18.112ms
Start importing Assets/Project/Resources/Animations/Actions/Angry.fbx using Guid(bf6f5bc26201348749cec0762d90324c) Importer(-1,00000000000000000000000000000000)  -> (artifact id: 'fa14516dafcd04b369ba93df3c24b969') in 0.633498 seconds
Refreshing native plugins compatible for Editor in 0.91 ms, found 0 plugins.
Preloading 0 native plugins for Editor in 0.00 ms.
Asset Pipeline Refresh (id=0044ad07c6202440094f9517c1cc8257): Total: 0.678 seconds - Initiated by StopAssetImportingV2(NoUpdateAssetOptions)
	Summary:
		Imports: total=1 (actual=1, local cache=0, cache server=0)
		Asset DB Process Time: managed=1 ms, native=666 ms
		Asset DB Callback time: managed=9 ms, native=1 ms
		Scripting: domain reloads=0, domain reload time=0 ms, compile time=0 ms, other=0 ms
		Project Asset Count: scripts=3121, non-scripts=1540
		Asset File Changes: new=0, changed=0, moved=0, deleted=0
		Scan Filter Count: 6
	InvokeBeforeRefreshCallbacks: 0.003ms
	ApplyChangesToAssetFolders: 0.081ms
	Scan: 1.454ms
	OnSourceAssetsModified: 0.000ms
	GetAllGuidsForCategorization: 0.168ms
	CategorizeAssets: 2.308ms
	ImportOutOfDateAssets: 639.218ms (0.609ms without children)
		ImportManagerImport: 635.345ms (1.454ms without children)
			ImportInProcess: 633.868ms
			UpdateCategorizedAssets: 0.023ms
		ReloadNativeAssets: 0.021ms
		UnloadImportedAssets: 0.142ms
		ReloadImportedAssets: 1.083ms
		EnsureUptoDateAssetsAreRegisteredWithGuidPM: 0.838ms
		InitializingProgressBar: 0.004ms
		PostProcessAllAssetNotificationsAddChangedAssets: 0.000ms
		OnDemandSchedulerStart: 1.175ms
	PostProcessAllAssets: 9.337ms
	Hotreload: 1.559ms
	GatherAllCurrentPrimaryArtifactRevisions: 0.864ms
	UnloadStreamsBegin: 0.158ms
	PersistCurrentRevisions: 0.233ms
	UnloadStreamsEnd: 0.020ms
	Untracked: 23.080ms
HideAndSeekDesignBuilder: humanoid animation import asset=Angry.fbx, clip=Angry, loop=False, mirror=False, rootLocks=rotation:true,heightY:true,positionXZ:true, avatarSetup=CopyFromOther, sharedAvatar=True, sharedAvatarValid=True, sharedAvatarHuman=True, assetAvatarValid=False, assetAvatarHuman=False, importedClips=Angry.
UnityEngine.StackTraceUtility:ExtractStackTrace () (at /Users/bokken/build/output/unity/unity/Runtime/Export/Scripting/StackTrace.cs:37)
UnityEngine.DebugLogHandler:LogFormat (UnityEngine.LogType,UnityEngine.Object,string,object[])
UnityEngine.Logger:Log (UnityEngine.LogType,object)
UnityEngine.Debug:Log (object)
ArgusUnity.Editor.HideAndSeekDesignBuilder:ConfigureHumanoidAnimation (string,string,bool,UnityEngine.Avatar,bool) (at Assets/Editor/HideAndSeekDesignBuilder.cs:428)
ArgusUnity.Editor.HideAndSeekDesignBuilder:EnsureExpandedAnimationImports () (at Assets/Editor/HideAndSeekDesignBuilder.cs:310)
ArgusUnity.Editor.HideAndSeekDesignBuilder:BuildScene () (at Assets/Editor/HideAndSeekDesignBuilder.cs:151)
ArgusUnity.Editor.HideAndSeekDesignBuilder:OpenSceneInPlayMode () (at Assets/Editor/HideAndSeekDesignBuilder.cs:189)

(Filename: Assets/Editor/HideAndSeekDesignBuilder.cs Line: 428)

HideAndSeekDesignBuilder: expanded animation import role=angry-action-not-wired, activeLocomotion=False, asset=Angry.fbx, clip=Angry, loop=False, mirror=False, target=Assets/Project/Resources/Animations/Actions/Angry.fbx.
UnityEngine.StackTraceUtility:ExtractStackTrace () (at /Users/bokken/build/output/unity/unity/Runtime/Export/Scripting/StackTrace.cs:37)
UnityEngine.DebugLogHandler:LogFormat (UnityEngine.LogType,UnityEngine.Object,string,object[])
UnityEngine.Logger:Log (UnityEngine.LogType,object)
UnityEngine.Debug:Log (object)
ArgusUnity.Editor.HideAndSeekDesignBuilder:EnsureExpandedAnimationImports () (at Assets/Editor/HideAndSeekDesignBuilder.cs:316)
ArgusUnity.Editor.HideAndSeekDesignBuilder:BuildScene () (at Assets/Editor/HideAndSeekDesignBuilder.cs:151)
ArgusUnity.Editor.HideAndSeekDesignBuilder:OpenSceneInPlayMode () (at Assets/Editor/HideAndSeekDesignBuilder.cs:189)

(Filename: Assets/Editor/HideAndSeekDesignBuilder.cs Line: 316)

Start importing Assets/Project/Resources/Animations/Actions/Male Laying Pose.fbx using Guid(6f5314b5ac7be4cd4b67afc80b5c49f2) Importer(-1,00000000000000000000000000000000)  -> (artifact id: '4de69289a8dc82693b729138e293b433') in 0.251270 seconds
Refreshing native plugins compatible for Editor in 1.20 ms, found 0 plugins.
Preloading 0 native plugins for Editor in 0.00 ms.
Asset Pipeline Refresh (id=f635d788a271c4442b0535a01a28d519): Total: 0.283 seconds - Initiated by StopAssetImportingV2(NoUpdateAssetOptions)
Start importing Assets/Project/Resources/Animations/Actions/Male Laying Pose.fbx using Guid(6f5314b5ac7be4cd4b67afc80b5c49f2) Importer(-1,00000000000000000000000000000000)  -> (artifact id: '4de69289a8dc82693b729138e293b433') in 0.273907 seconds
Refreshing native plugins compatible for Editor in 1.08 ms, found 0 plugins.
Preloading 0 native plugins for Editor in 0.00 ms.
Asset Pipeline Refresh (id=39944f2794da74db3aa744ed21999321): Total: 0.305 seconds - Initiated by StopAssetImportingV2(NoUpdateAssetOptions)
	Summary:
		Imports: total=1 (actual=1, local cache=0, cache server=0)
		Asset DB Process Time: managed=1 ms, native=297 ms
		Asset DB Callback time: managed=2 ms, native=2 ms
		Scripting: domain reloads=0, domain reload time=0 ms, compile time=0 ms, other=0 ms
		Project Asset Count: scripts=3121, non-scripts=1540
		Asset File Changes: new=0, changed=0, moved=0, deleted=0
		Scan Filter Count: 6
	InvokeBeforeRefreshCallbacks: 0.000ms
	ApplyChangesToAssetFolders: 0.026ms
	Scan: 1.314ms
	OnSourceAssetsModified: 0.000ms
	GetAllGuidsForCategorization: 0.161ms
	CategorizeAssets: 3.755ms
	ImportOutOfDateAssets: 277.761ms (-0.554ms without children)
		ImportManagerImport: 275.475ms (1.197ms without children)
			ImportInProcess: 274.251ms
			UpdateCategorizedAssets: 0.027ms
		ReloadNativeAssets: 0.018ms
		UnloadImportedAssets: 0.157ms
		ReloadImportedAssets: 0.905ms
		EnsureUptoDateAssetsAreRegisteredWithGuidPM: 0.818ms
		InitializingProgressBar: 0.004ms
		PostProcessAllAssetNotificationsAddChangedAssets: 0.000ms
		OnDemandSchedulerStart: 0.937ms
	PostProcessAllAssets: 2.528ms
	Hotreload: 2.438ms
	GatherAllCurrentPrimaryArtifactRevisions: 0.159ms
	UnloadStreamsBegin: 0.052ms
	PersistCurrentRevisions: 0.226ms
	UnloadStreamsEnd: 0.011ms
	Untracked: 16.151ms
HideAndSeekDesignBuilder: humanoid animation import asset=Male Laying Pose.fbx, clip=LayingPose, loop=False, mirror=False, rootLocks=rotation:true,heightY:true,positionXZ:true, avatarSetup=CopyFromOther, sharedAvatar=True, sharedAvatarValid=True, sharedAvatarHuman=True, assetAvatarValid=False, assetAvatarHuman=False, importedClips=LayingPose.
UnityEngine.StackTraceUtility:ExtractStackTrace () (at /Users/bokken/build/output/unity/unity/Runtime/Export/Scripting/StackTrace.cs:37)
UnityEngine.DebugLogHandler:LogFormat (UnityEngine.LogType,UnityEngine.Object,string,object[])
UnityEngine.Logger:Log (UnityEngine.LogType,object)
UnityEngine.Debug:Log (object)
ArgusUnity.Editor.HideAndSeekDesignBuilder:ConfigureHumanoidAnimation (string,string,bool,UnityEngine.Avatar,bool) (at Assets/Editor/HideAndSeekDesignBuilder.cs:428)
ArgusUnity.Editor.HideAndSeekDesignBuilder:EnsureExpandedAnimationImports () (at Assets/Editor/HideAndSeekDesignBuilder.cs:310)
ArgusUnity.Editor.HideAndSeekDesignBuilder:BuildScene () (at Assets/Editor/HideAndSeekDesignBuilder.cs:151)
ArgusUnity.Editor.HideAndSeekDesignBuilder:OpenSceneInPlayMode () (at Assets/Editor/HideAndSeekDesignBuilder.cs:189)

(Filename: Assets/Editor/HideAndSeekDesignBuilder.cs Line: 428)

HideAndSeekDesignBuilder: expanded animation import role=laying-pose-action-not-wired, activeLocomotion=False, asset=Male Laying Pose.fbx, clip=LayingPose, loop=False, mirror=False, target=Assets/Project/Resources/Animations/Actions/Male Laying Pose.fbx.
UnityEngine.StackTraceUtility:ExtractStackTrace () (at /Users/bokken/build/output/unity/unity/Runtime/Export/Scripting/StackTrace.cs:37)
UnityEngine.DebugLogHandler:LogFormat (UnityEngine.LogType,UnityEngine.Object,string,object[])
UnityEngine.Logger:Log (UnityEngine.LogType,object)
UnityEngine.Debug:Log (object)
ArgusUnity.Editor.HideAndSeekDesignBuilder:EnsureExpandedAnimationImports () (at Assets/Editor/HideAndSeekDesignBuilder.cs:316)
ArgusUnity.Editor.HideAndSeekDesignBuilder:BuildScene () (at Assets/Editor/HideAndSeekDesignBuilder.cs:151)
ArgusUnity.Editor.HideAndSeekDesignBuilder:OpenSceneInPlayMode () (at Assets/Editor/HideAndSeekDesignBuilder.cs:189)

(Filename: Assets/Editor/HideAndSeekDesignBuilder.cs Line: 316)

Start importing Assets/Project/Resources/Animations/Actions/Standing Torch Light Torch.fbx using Guid(20e51dd31e1d44271a121772694dcf0f) Importer(-1,00000000000000000000000000000000)  -> (artifact id: '1afe57928a3c90c7991c40eeda059b5a') in 0.332520 seconds
Refreshing native plugins compatible for Editor in 0.89 ms, found 0 plugins.
Preloading 0 native plugins for Editor in 0.00 ms.
Asset Pipeline Refresh (id=b50b5180c83d14d448e066d53e860228): Total: 0.369 seconds - Initiated by StopAssetImportingV2(NoUpdateAssetOptions)
	Summary:
		Imports: total=1 (actual=1, local cache=0, cache server=0)
		Asset DB Process Time: managed=0 ms, native=357 ms
		Asset DB Callback time: managed=6 ms, native=3 ms
		Scripting: domain reloads=0, domain reload time=0 ms, compile time=0 ms, other=0 ms
		Project Asset Count: scripts=3121, non-scripts=1540
		Asset File Changes: new=0, changed=0, moved=0, deleted=0
		Scan Filter Count: 6
	InvokeBeforeRefreshCallbacks: 0.000ms
	ApplyChangesToAssetFolders: 0.034ms
	Scan: 1.254ms
	OnSourceAssetsModified: 0.000ms
	GetAllGuidsForCategorization: 0.148ms
	CategorizeAssets: 2.139ms
	ImportOutOfDateAssets: 338.730ms (0.312ms without children)
		ImportManagerImport: 336.875ms (0.265ms without children)
			ImportInProcess: 336.591ms
			UpdateCategorizedAssets: 0.019ms
		ReloadNativeAssets: 0.017ms
		UnloadImportedAssets: 0.022ms
		ReloadImportedAssets: 0.000ms
		EnsureUptoDateAssetsAreRegisteredWithGuidPM: 0.787ms
		InitializingProgressBar: 0.005ms
		PostProcessAllAssetNotificationsAddChangedAssets: 0.000ms
		OnDemandSchedulerStart: 0.712ms
	PostProcessAllAssets: 7.891ms
	Hotreload: 2.488ms
	GatherAllCurrentPrimaryArtifactRevisions: 0.289ms
	UnloadStreamsBegin: 0.051ms
	PersistCurrentRevisions: 0.226ms
	UnloadStreamsEnd: 0.010ms
	Untracked: 15.503ms
Start importing Assets/Project/Resources/Animations/Actions/Standing Torch Light Torch.fbx using Guid(20e51dd31e1d44271a121772694dcf0f) Importer(-1,00000000000000000000000000000000)  -> (artifact id: '1afe57928a3c90c7991c40eeda059b5a') in 0.283911 seconds
Refreshing native plugins compatible for Editor in 1.09 ms, found 0 plugins.
Preloading 0 native plugins for Editor in 0.00 ms.
Asset Pipeline Refresh (id=cb96ecbb2739140618bb9907c1accf1d): Total: 0.312 seconds - Initiated by StopAssetImportingV2(NoUpdateAssetOptions)
	Summary:
		Imports: total=1 (actual=1, local cache=0, cache server=0)
		Asset DB Process Time: managed=0 ms, native=305 ms
		Asset DB Callback time: managed=2 ms, native=2 ms
		Scripting: domain reloads=0, domain reload time=0 ms, compile time=0 ms, other=0 ms
		Project Asset Count: scripts=3121, non-scripts=1540
		Asset File Changes: new=0, changed=0, moved=0, deleted=0
		Scan Filter Count: 6
	InvokeBeforeRefreshCallbacks: 0.000ms
	ApplyChangesToAssetFolders: 0.025ms
	Scan: 1.829ms
	OnSourceAssetsModified: 0.000ms
	GetAllGuidsForCategorization: 0.156ms
	CategorizeAssets: 1.449ms
	ImportOutOfDateAssets: 287.347ms (-0.554ms without children)
		ImportManagerImport: 285.363ms (1.155ms without children)
			ImportInProcess: 284.191ms
			UpdateCategorizedAssets: 0.017ms
		ReloadNativeAssets: 0.015ms
		UnloadImportedAssets: 0.145ms
		ReloadImportedAssets: 0.875ms
		EnsureUptoDateAssetsAreRegisteredWithGuidPM: 0.794ms
		InitializingProgressBar: 0.003ms
		PostProcessAllAssetNotificationsAddChangedAssets: 0.000ms
		OnDemandSchedulerStart: 0.705ms
	PostProcessAllAssets: 3.150ms
	Hotreload: 2.317ms
	GatherAllCurrentPrimaryArtifactRevisions: 0.162ms
	UnloadStreamsBegin: 0.051ms
	PersistCurrentRevisions: 0.226ms
	UnloadStreamsEnd: 0.010ms
	Untracked: 15.320ms
HideAndSeekDesignBuilder: humanoid animation import asset=Standing Torch Light Torch.fbx, clip=StandingTorch, loop=False, mirror=False, rootLocks=rotation:true,heightY:true,positionXZ:true, avatarSetup=CopyFromOther, sharedAvatar=True, sharedAvatarValid=True, sharedAvatarHuman=True, assetAvatarValid=False, assetAvatarHuman=False, importedClips=StandingTorch.
UnityEngine.StackTraceUtility:ExtractStackTrace () (at /Users/bokken/build/output/unity/unity/Runtime/Export/Scripting/StackTrace.cs:37)
UnityEngine.DebugLogHandler:LogFormat (UnityEngine.LogType,UnityEngine.Object,string,object[])
UnityEngine.Logger:Log (UnityEngine.LogType,object)
UnityEngine.Debug:Log (object)
ArgusUnity.Editor.HideAndSeekDesignBuilder:ConfigureHumanoidAnimation (string,string,bool,UnityEngine.Avatar,bool) (at Assets/Editor/HideAndSeekDesignBuilder.cs:428)
ArgusUnity.Editor.HideAndSeekDesignBuilder:EnsureExpandedAnimationImports () (at Assets/Editor/HideAndSeekDesignBuilder.cs:310)
ArgusUnity.Editor.HideAndSeekDesignBuilder:BuildScene () (at Assets/Editor/HideAndSeekDesignBuilder.cs:151)
ArgusUnity.Editor.HideAndSeekDesignBuilder:OpenSceneInPlayMode () (at Assets/Editor/HideAndSeekDesignBuilder.cs:189)

(Filename: Assets/Editor/HideAndSeekDesignBuilder.cs Line: 428)

HideAndSeekDesignBuilder: expanded animation import role=standing-torch-action-not-wired, activeLocomotion=False, asset=Standing Torch Light Torch.fbx, clip=StandingTorch, loop=False, mirror=False, target=Assets/Project/Resources/Animations/Actions/Standing Torch Light Torch.fbx.
UnityEngine.StackTraceUtility:ExtractStackTrace () (at /Users/bokken/build/output/unity/unity/Runtime/Export/Scripting/StackTrace.cs:37)
UnityEngine.DebugLogHandler:LogFormat (UnityEngine.LogType,UnityEngine.Object,string,object[])
UnityEngine.Logger:Log (UnityEngine.LogType,object)
UnityEngine.Debug:Log (object)
ArgusUnity.Editor.HideAndSeekDesignBuilder:EnsureExpandedAnimationImports () (at Assets/Editor/HideAndSeekDesignBuilder.cs:316)
ArgusUnity.Editor.HideAndSeekDesignBuilder:BuildScene () (at Assets/Editor/HideAndSeekDesignBuilder.cs:151)
ArgusUnity.Editor.HideAndSeekDesignBuilder:OpenSceneInPlayMode () (at Assets/Editor/HideAndSeekDesignBuilder.cs:189)

(Filename: Assets/Editor/HideAndSeekDesignBuilder.cs Line: 316)

Refreshing native plugins compatible for Editor in 0.88 ms, found 0 plugins.
Preloading 0 native plugins for Editor in 0.00 ms.
Asset Pipeline Refresh (id=237d5889e67524dd2876ed32f3294807): Total: 0.108 seconds - Initiated by StopAssetImportingV2(NoUpdateAssetOptions)
Start importing Assets/Project/Resources/Animations/Controllers/MiniBotLocomotion.controller using Guid(ebda5135bdb3d4046b43dbf48b9b966f) Importer(-1,00000000000000000000000000000000)  -> (artifact id: '453c605dc07cd93abac116ec88f7d157') in 0.001902 seconds
Refreshing native plugins compatible for Editor in 0.80 ms, found 0 plugins.
Preloading 0 native plugins for Editor in 0.00 ms.
Asset Pipeline Refresh (id=0dd4624c2a702418f9974ae9932f5be6): Total: 0.051 seconds - Initiated by StopAssetImportingV2(NoUpdateAssetOptions)
Start importing Assets/Project/Resources/Animations/Controllers/MiniBotLocomotion.controller using Guid(ebda5135bdb3d4046b43dbf48b9b966f) Importer(-1,00000000000000000000000000000000)  -> (artifact id: 'ae50615f25e4698e7811d6fcee7ddd71') in 0.001399 seconds
Refreshing native plugins compatible for Editor in 0.86 ms, found 0 plugins.
Preloading 0 native plugins for Editor in 0.00 ms.
Asset Pipeline Refresh (id=8b07e491ff3a24647997b6e2b4527ea2): Total: 0.049 seconds - Initiated by StopAssetImportingV2(NoUpdateAssetOptions)
HideAndSeekDesignBuilder: locomotion AnimatorController ready path=Assets/Project/Resources/Animations/Controllers/MiniBotLocomotion.controller, idle=Idle, blendTree=LocomotionBlendTree, runStyle=Walk_InPlace@turn0-speed1.00x1.38, leftTurn=TurnLeft_Briefcase@turn-1-speed1.00, rightTurn=TurnRight_Briefcase@turn1-speed1.00, quarantined=SlowRun,Run,TurnLeft_Happy,TurnRight_Happy.
UnityEngine.StackTraceUtility:ExtractStackTrace () (at /Users/bokken/build/output/unity/unity/Runtime/Export/Scripting/StackTrace.cs:37)
UnityEngine.DebugLogHandler:LogFormat (UnityEngine.LogType,UnityEngine.Object,string,object[])
UnityEngine.Logger:Log (UnityEngine.LogType,object)
UnityEngine.Debug:Log (object)
ArgusUnity.Editor.HideAndSeekDesignBuilder:EnsureLocomotionAnimatorController () (at Assets/Editor/HideAndSeekDesignBuilder.cs:502)
ArgusUnity.Editor.HideAndSeekDesignBuilder:BuildScene () (at Assets/Editor/HideAndSeekDesignBuilder.cs:152)
ArgusUnity.Editor.HideAndSeekDesignBuilder:OpenSceneInPlayMode () (at Assets/Editor/HideAndSeekDesignBuilder.cs:189)

(Filename: Assets/Editor/HideAndSeekDesignBuilder.cs Line: 502)

HideAndSeekDesignBuilder: mini-bot import animationType=Human, importAnimation=True, avatarValid=True, avatarHuman=True, walkingBones leftFoot=True, rightFoot=True, leftLeg=True, rightLeg=True.
UnityEngine.StackTraceUtility:ExtractStackTrace () (at /Users/bokken/build/output/unity/unity/Runtime/Export/Scripting/StackTrace.cs:37)
UnityEngine.DebugLogHandler:LogFormat (UnityEngine.LogType,UnityEngine.Object,string,object[])
UnityEngine.Logger:Log (UnityEngine.LogType,object)
UnityEngine.Debug:Log (object)
ArgusUnity.Editor.HideAndSeekDesignBuilder:LogMiniBotRigInfo () (at Assets/Editor/HideAndSeekDesignBuilder.cs:1265)
ArgusUnity.Editor.HideAndSeekDesignBuilder:BuildScene () (at Assets/Editor/HideAndSeekDesignBuilder.cs:153)
ArgusUnity.Editor.HideAndSeekDesignBuilder:OpenSceneInPlayMode () (at Assets/Editor/HideAndSeekDesignBuilder.cs:189)

(Filename: Assets/Editor/HideAndSeekDesignBuilder.cs Line: 1265)

Unloading 0 Unused Serialized files (Serialized files now loaded: 0)
Unloading 1049 unused Assets / (239.8 KB). Loaded Objects now: 3136.
Memory consumption went from 172.6 MB to 172.3 MB.
Total: 33.834125 ms (FindLiveObjects: 0.206583 ms CreateObjectMapping: 0.104584 ms MarkObjects: 28.878666 ms  DeleteObjects: 4.643417 ms)

Start importing Assets/Project/Materials/FurnitureCollision.physicMaterial using Guid(4055c0a04dcaa4517a2fc6c986d95402) Importer(-1,00000000000000000000000000000000)  -> (artifact id: '93557a2231481f13710b813665cbb595') in 0.003049 seconds
Start importing Assets/Project/Materials/WallsFloorColliderDisplay.mat using Guid(115fdba3630c24a26bea67f91878d92e) Importer(-1,00000000000000000000000000000000)  -> (artifact id: '63e6ef5f919128e9728f46e2024804c9') in 0.001372 seconds
Start importing Assets/Project/Materials/HideSeekDefenseBlue.mat using Guid(1ab91de9bb9934e9f880738d62def819) Importer(-1,00000000000000000000000000000000)  -> (artifact id: '6192f3395ab21bcaa9fabb8e6ebbcfb2') in 0.000953 seconds
Start importing Assets/Project/Materials/HideSeekAttackRed.mat using Guid(4aa4d8a01259243b6b5dba6db789b200) Importer(-1,00000000000000000000000000000000)  -> (artifact id: '1e003da785150d9cba7a94d730ca518a') in 0.000875 seconds
Start importing Assets/Project/Materials/MiniBotLowFrictionContact.physicMaterial using Guid(dc9fa6446005d48759c4f50c470f1c28) Importer(-1,00000000000000000000000000000000)  -> (artifact id: '1c786f7e033238ce791a8fafaf87549e') in 0.000997 seconds
Refreshing native plugins compatible for Editor in 0.80 ms, found 0 plugins.
Preloading 0 native plugins for Editor in 0.00 ms.
Asset Pipeline Refresh (id=e28388567ccb64fe58ed539207a0850c): Total: 0.061 seconds - Initiated by StopAssetImportingV2(NoUpdateAssetOptions)
Start importing Assets/Project/Scenes/MiniBotHideAndSeekDesign.unity using Guid(9a4a9106e8b4148eea11b87fdf0edb7b) Importer(-1,00000000000000000000000000000000)  -> (artifact id: 'e662d879a68cc2ff9a21fa3868416685') in 0.001088 seconds
Refreshing native plugins compatible for Editor in 0.76 ms, found 0 plugins.
Preloading 0 native plugins for Editor in 0.00 ms.
Asset Pipeline Refresh (id=f211e5ad3079f40a1a58e4e410b6e017): Total: 0.043 seconds - Initiated by StopAssetImportingV2(NoUpdateAssetOptions)
HideAndSeekDesignBuilder: physics setup furnitureColliders=11, staticSchoolroomColliders=5.
UnityEngine.StackTraceUtility:ExtractStackTrace () (at /Users/bokken/build/output/unity/unity/Runtime/Export/Scripting/StackTrace.cs:37)
UnityEngine.DebugLogHandler:LogFormat (UnityEngine.LogType,UnityEngine.Object,string,object[])
UnityEngine.Logger:Log (UnityEngine.LogType,object)
UnityEngine.Debug:Log (object)
ArgusUnity.Editor.HideAndSeekDesignBuilder:BuildScene () (at Assets/Editor/HideAndSeekDesignBuilder.cs:172)
ArgusUnity.Editor.HideAndSeekDesignBuilder:OpenSceneInPlayMode () (at Assets/Editor/HideAndSeekDesignBuilder.cs:189)

(Filename: Assets/Editor/HideAndSeekDesignBuilder.cs Line: 172)

HideAndSeekDesignBuilder: saved Assets/Project/Scenes/MiniBotHideAndSeekDesign.unity
UnityEngine.StackTraceUtility:ExtractStackTrace () (at /Users/bokken/build/output/unity/unity/Runtime/Export/Scripting/StackTrace.cs:37)
UnityEngine.DebugLogHandler:LogFormat (UnityEngine.LogType,UnityEngine.Object,string,object[])
UnityEngine.Logger:Log (UnityEngine.LogType,object)
UnityEngine.Debug:Log (object)
ArgusUnity.Editor.HideAndSeekDesignBuilder:BuildScene () (at Assets/Editor/HideAndSeekDesignBuilder.cs:175)
ArgusUnity.Editor.HideAndSeekDesignBuilder:OpenSceneInPlayMode () (at Assets/Editor/HideAndSeekDesignBuilder.cs:189)

(Filename: Assets/Editor/HideAndSeekDesignBuilder.cs Line: 175)

Opening scene 'Assets/Project/Scenes/MiniBotHideAndSeekDesign.unity'
Unloading 5 Unused Serialized files (Serialized files now loaded: 0)
Loaded scene 'Assets/Project/Scenes/MiniBotHideAndSeekDesign.unity'
	Deserialize:            5.100 ms
	Integration:            497.767 ms
	Integration of assets:  0.004 ms
	Thread Wait Time:       0.003 ms
	Total Operation Time:   502.873 ms
Unloading 30 unused Assets / (9.3 KB). Loaded Objects now: 3783.
Memory consumption went from 151.0 MB to 151.0 MB.
Total: 43.915084 ms (FindLiveObjects: 13.821917 ms CreateObjectMapping: 0.155125 ms MarkObjects: 26.961666 ms  DeleteObjects: 2.975250 ms)

HideAndSeekDesignBuilder: opened scene and entered Play Mode.
UnityEngine.StackTraceUtility:ExtractStackTrace () (at /Users/bokken/build/output/unity/unity/Runtime/Export/Scripting/StackTrace.cs:37)
UnityEngine.DebugLogHandler:LogFormat (UnityEngine.LogType,UnityEngine.Object,string,object[])
UnityEngine.Logger:Log (UnityEngine.LogType,object)
UnityEngine.Debug:Log (object)
ArgusUnity.Editor.HideAndSeekDesignBuilder:OpenSceneInPlayMode () (at Assets/Editor/HideAndSeekDesignBuilder.cs:193)

(Filename: Assets/Editor/HideAndSeekDesignBuilder.cs Line: 193)

[Project] Loading completed in 40.276 seconds
	Project init time: 				15.727 seconds
		Template init time: 		0.000 seconds
		Package Manager init time: 		1.391 seconds
		Asset Database init time: 		1.589 seconds
		Global illumination init time: 	0.011 seconds
		Assemblies load time: 			0.956 seconds
		Unity extensions init time: 	0.009 seconds
		Asset Database refresh time: 	0.591 seconds
	Scene opening time: 			18.867 seconds
##utp:{"type":"ProjectInfo","version":2,"phase":"Immediate","time":1778241471220,"processId":63239,"projectLoad":40.275665417,"projectInit":15.727417458,"templateInit":0.0,"packageManagerInit":1.39063325,"assetDatabaseInit":1.5893995,"globalIlluminationInit":0.01121325,"assembliesLoad":0.955813417,"unityExtensionsInit":0.008596334,"assetDatabaseRefresh":0.590989667,"sceneOpening":18.866822583}
##utp:{"type":"EditorInfo","version":2,"phase":"Immediate","time":1778241471220,"processId":63239,"editorVersion":"2022.3.0f1 (fb119bb0b476)","branch":"2022.3/release","buildType":"Release","platform":"OSX"}
Subscribe to USB device events
Scanning for USB devices : 0.149ms
Thread 0x175187000 may have been prematurely finalized
Reloading assemblies for play mode.
Reloading assemblies after forced synchronous recompile.
Begin MonoManager ReloadAssembly
Symbol file LoadedFromMemory is not a mono symbol file
- Loaded All Assemblies, in  0.950 seconds
Refreshing native plugins compatible for Editor in 0.95 ms, found 0 plugins.
Native extension for OSXStandalone target not found
[MODES] ModeService[none].Initialize
[MODES] ModeService[none].LoadModes
[MODES] Loading mode Default (0) for mode-current-id-EmbodiedDebate
Mono: successfully reloaded assembly
- Finished resetting the current domain, in  0.969 seconds
Domain Reload Profiling: 1941ms
	BeginReloadAssembly (809ms)
		ExecutionOrderSort (0ms)
		DisableScriptedObjects (21ms)
		BackupInstance (0ms)
		ReleaseScriptingObjects (1ms)
		CreateAndSetChildDomain (617ms)
	RebuildCommonClasses (45ms)
	RebuildNativeTypeToScriptingClass (14ms)
	initialDomainReloadingComplete (26ms)
	LoadAllAssembliesAndSetupDomain (77ms)
		LoadAssemblies (160ms)
		RebuildTransferFunctionScriptingTraits (0ms)
		AnalyzeDomain (17ms)
			TypeCache.Refresh (2ms)
				TypeCache.ScanAssembly (0ms)
			ScanForSourceGeneratedMonoScriptInfo (0ms)
			ResolveRequiredComponents (14ms)
	FinalizeReload (970ms)
		ReleaseScriptCaches (0ms)
		RebuildScriptCaches (0ms)
		SetupLoadedEditorAssemblies (487ms)
			LogAssemblyErrors (0ms)
			InitializePlatformSupportModulesInManaged (11ms)
			SetLoadedEditorAssemblies (8ms)
			RefreshPlugins (0ms)
			BeforeProcessingInitializeOnLoad (72ms)
			ProcessInitializeOnLoadAttributes (284ms)
			ProcessInitializeOnLoadMethodAttributes (110ms)
			AfterProcessingInitializeOnLoad (1ms)
			EditorAssembliesLoaded (0ms)
		ExecutionOrderSort2 (0ms)
		AwakeInstancesAfterBackupRestoration (186ms)
Asset Pipeline Refresh (id=7ae466db9a3b84e5d879b8f8d2641a90): Total: 2.225 seconds - Initiated by StopAssetImportingV2(ForceSynchronousImport | ForceDomainReload)
	Summary:
		Imports: total=0 (actual=0, local cache=0, cache server=0)
		Asset DB Process Time: managed=0 ms, native=223 ms
		Asset DB Callback time: managed=16 ms, native=5 ms
		Scripting: domain reloads=1, domain reload time=1979 ms, compile time=0 ms, other=0 ms
		Project Asset Count: scripts=3121, non-scripts=1540
		Asset File Changes: new=0, changed=0, moved=0, deleted=0
		Scan Filter Count: 0
	InvokeBeforeRefreshCallbacks: 5.384ms
	ApplyChangesToAssetFolders: 0.127ms
	Scan: 0.004ms
	OnSourceAssetsModified: 0.002ms
	GetAllGuidsForCategorization: 0.692ms
	CategorizeAssets: 84.941ms
	ImportOutOfDateAssets: 1000.054ms (994.466ms without children)
		CompileScripts: 0.021ms
		CollectScriptTypesHashes: 0.696ms
		ReloadNativeAssets: 0.408ms
		UnloadImportedAssets: 0.971ms
		EnsureUptoDateAssetsAreRegisteredWithGuidPM: 1.794ms
		InitializingProgressBar: 0.000ms
		PostProcessAllAssetNotificationsAddChangedAssets: 0.000ms
		OnDemandSchedulerStart: 1.697ms
	PostProcessAllAssets: 16.394ms
	GatherAllCurrentPrimaryArtifactRevisions: 2.385ms
	UnloadStreamsBegin: 1.508ms
	PersistCurrentRevisions: 0.266ms
	UnloadStreamsEnd: 0.014ms
	GenerateScriptTypeHashes: 3.745ms
	Untracked: 1113.128ms
The referenced script (Unknown) on this Behaviour is missing!
The referenced script (Unknown) on this Behaviour is missing!
The referenced script (Unknown) on this Behaviour is missing!
The referenced script (Unknown) on this Behaviour is missing!
AgentLocomotionDriver: Animator locomotion ready controller=MiniBotLocomotion, rootMotion=False, hasSpeed=True, hasTurn=True.
UnityEngine.StackTraceUtility:ExtractStackTrace () (at /Users/bokken/build/output/unity/unity/Runtime/Export/Scripting/StackTrace.cs:37)
UnityEngine.DebugLogHandler:LogFormat (UnityEngine.LogType,UnityEngine.Object,string,object[])
UnityEngine.Logger:Log (UnityEngine.LogType,object)
UnityEngine.Debug:Log (object)
ArgusUnity.Runtime.AgentLocomotionDriver:ConfigureAnimator () (at Assets/Project/Scripts/Runtime/AgentLocomotionDriver.cs:176)
ArgusUnity.Runtime.AgentLocomotionDriver:Awake () (at Assets/Project/Scripts/Runtime/AgentLocomotionDriver.cs:67)

(Filename: Assets/Project/Scripts/Runtime/AgentLocomotionDriver.cs Line: 176)

ArgusVideo: capturing 120 frames at 30 FPS to /Users/guribbong/code/Argus/tmp/slow_smooth_frames
UnityEngine.StackTraceUtility:ExtractStackTrace () (at /Users/bokken/build/output/unity/unity/Runtime/Export/Scripting/StackTrace.cs:37)
UnityEngine.DebugLogHandler:LogFormat (UnityEngine.LogType,UnityEngine.Object,string,object[])
UnityEngine.Logger:Log (UnityEngine.LogType,object)
UnityEngine.Debug:Log (object)
ArgusUnity.Runtime.SmokeVideoCapture:Awake () (at Assets/Project/Scripts/Runtime/SmokeVideoCapture.cs:44)

(Filename: Assets/Project/Scripts/Runtime/SmokeVideoCapture.cs Line: 44)

AgentLocomotionDriver: Animator locomotion ready controller=MiniBotLocomotion, rootMotion=False, hasSpeed=True, hasTurn=True.
UnityEngine.StackTraceUtility:ExtractStackTrace () (at /Users/bokken/build/output/unity/unity/Runtime/Export/Scripting/StackTrace.cs:37)
UnityEngine.DebugLogHandler:LogFormat (UnityEngine.LogType,UnityEngine.Object,string,object[])
UnityEngine.Logger:Log (UnityEngine.LogType,object)
UnityEngine.Debug:Log (object)
ArgusUnity.Runtime.AgentLocomotionDriver:ConfigureAnimator () (at Assets/Project/Scripts/Runtime/AgentLocomotionDriver.cs:176)
ArgusUnity.Runtime.AgentLocomotionDriver:Awake () (at Assets/Project/Scripts/Runtime/AgentLocomotionDriver.cs:67)

(Filename: Assets/Project/Scripts/Runtime/AgentLocomotionDriver.cs Line: 176)

AgentLocomotionDriver: Animator locomotion ready controller=MiniBotLocomotion, rootMotion=False, hasSpeed=True, hasTurn=True.
UnityEngine.StackTraceUtility:ExtractStackTrace () (at /Users/bokken/build/output/unity/unity/Runtime/Export/Scripting/StackTrace.cs:37)
UnityEngine.DebugLogHandler:LogFormat (UnityEngine.LogType,UnityEngine.Object,string,object[])
UnityEngine.Logger:Log (UnityEngine.LogType,object)
UnityEngine.Debug:Log (object)
ArgusUnity.Runtime.AgentLocomotionDriver:ConfigureAnimator () (at Assets/Project/Scripts/Runtime/AgentLocomotionDriver.cs:176)
ArgusUnity.Runtime.AgentLocomotionDriver:Awake () (at Assets/Project/Scripts/Runtime/AgentLocomotionDriver.cs:67)

(Filename: Assets/Project/Scripts/Runtime/AgentLocomotionDriver.cs Line: 176)

AgentLocomotionDriver: Animator locomotion ready controller=MiniBotLocomotion, rootMotion=False, hasSpeed=True, hasTurn=True.
UnityEngine.StackTraceUtility:ExtractStackTrace () (at /Users/bokken/build/output/unity/unity/Runtime/Export/Scripting/StackTrace.cs:37)
UnityEngine.DebugLogHandler:LogFormat (UnityEngine.LogType,UnityEngine.Object,string,object[])
UnityEngine.Logger:Log (UnityEngine.LogType,object)
UnityEngine.Debug:Log (object)
ArgusUnity.Runtime.AgentLocomotionDriver:ConfigureAnimator () (at Assets/Project/Scripts/Runtime/AgentLocomotionDriver.cs:176)
ArgusUnity.Runtime.AgentLocomotionDriver:Awake () (at Assets/Project/Scripts/Runtime/AgentLocomotionDriver.cs:67)

(Filename: Assets/Project/Scripts/Runtime/AgentLocomotionDriver.cs Line: 176)

AgentLocomotionDriver: Animator locomotion ready controller=MiniBotLocomotion, rootMotion=False, hasSpeed=True, hasTurn=True.
UnityEngine.StackTraceUtility:ExtractStackTrace () (at /Users/bokken/build/output/unity/unity/Runtime/Export/Scripting/StackTrace.cs:37)
UnityEngine.DebugLogHandler:LogFormat (UnityEngine.LogType,UnityEngine.Object,string,object[])
UnityEngine.Logger:Log (UnityEngine.LogType,object)
UnityEngine.Debug:Log (object)
ArgusUnity.Runtime.AgentLocomotionDriver:ConfigureAnimator () (at Assets/Project/Scripts/Runtime/AgentLocomotionDriver.cs:176)
ArgusUnity.Runtime.AgentLocomotionDriver:Awake () (at Assets/Project/Scripts/Runtime/AgentLocomotionDriver.cs:67)

(Filename: Assets/Project/Scripts/Runtime/AgentLocomotionDriver.cs Line: 176)

Loaded scene 'Temp/__Backupscenes/0.backup'
	Deserialize:            7.697 ms
	Integration:            648.313 ms
	Integration of assets:  1.098 ms
	Thread Wait Time:       0.005 ms
	Total Operation Time:   657.114 ms
MiniBotHideAndSeekScenario: registered free-roam agents=4, bounds=(-3.85,-1.85)-(3.85,1.85).
UnityEngine.StackTraceUtility:ExtractStackTrace () (at /Users/bokken/build/output/unity/unity/Runtime/Export/Scripting/StackTrace.cs:37)
UnityEngine.DebugLogHandler:LogFormat (UnityEngine.LogType,UnityEngine.Object,string,object[])
UnityEngine.Logger:Log (UnityEngine.LogType,object)
UnityEngine.Debug:Log (object)
ArgusUnity.Runtime.MiniBotHideAndSeekScenario:Start () (at Assets/Project/Scripts/Runtime/MiniBotHideAndSeekScenario.cs:102)

(Filename: Assets/Project/Scripts/Runtime/MiniBotHideAndSeekScenario.cs Line: 102)

MiniBotHideAndSeekScenario: boundary steering active for Hider 01.
UnityEngine.StackTraceUtility:ExtractStackTrace () (at /Users/bokken/build/output/unity/unity/Runtime/Export/Scripting/StackTrace.cs:37)
UnityEngine.DebugLogHandler:LogFormat (UnityEngine.LogType,UnityEngine.Object,string,object[])
UnityEngine.Logger:Log (UnityEngine.LogType,object)
UnityEngine.Debug:Log (object)
ArgusUnity.Runtime.MiniBotHideAndSeekScenario:SteerInsideRoom (ArgusUnity.Runtime.MiniBotHideAndSeekScenario/WanderAgent,UnityEngine.Vector3,UnityEngine.Vector3) (at Assets/Project/Scripts/Runtime/MiniBotHideAndSeekScenario.cs:607)
ArgusUnity.Runtime.MiniBotHideAndSeekScenario:ResolveDesiredDirection (ArgusUnity.Runtime.MiniBotHideAndSeekScenario/WanderAgent,UnityEngine.Vector3) (at Assets/Project/Scripts/Runtime/MiniBotHideAndSeekScenario.cs:292)
ArgusUnity.Runtime.MiniBotHideAndSeekScenario:FixedUpdate () (at Assets/Project/Scripts/Runtime/MiniBotHideAndSeekScenario.cs:130)

(Filename: Assets/Project/Scripts/Runtime/MiniBotHideAndSeekScenario.cs Line: 607)

MiniBotHideAndSeekScenario: initial obstacle-avoidance probe Hider 02 -> Classroom desk at 0.00,1.30.
UnityEngine.StackTraceUtility:ExtractStackTrace () (at /Users/bokken/build/output/unity/unity/Runtime/Export/Scripting/StackTrace.cs:37)
UnityEngine.DebugLogHandler:LogFormat (UnityEngine.LogType,UnityEngine.Object,string,object[])
UnityEngine.Logger:Log (UnityEngine.LogType,object)
UnityEngine.Debug:Log (object)
ArgusUnity.Runtime.MiniBotHideAndSeekScenario:PickInitialTarget (ArgusUnity.Runtime.MiniBotHideAndSeekScenario/WanderAgent) (at Assets/Project/Scripts/Runtime/MiniBotHideAndSeekScenario.cs:230)
ArgusUnity.Runtime.MiniBotHideAndSeekScenario:EnsureAgentPhysics (ArgusUnity.Runtime.MiniBotHideAndSeekScenario/WanderAgent) (at Assets/Project/Scripts/Runtime/MiniBotHideAndSeekScenario.cs:214)
ArgusUnity.Runtime.MiniBotHideAndSeekScenario:FixedUpdate () (at Assets/Project/Scripts/Runtime/MiniBotHideAndSeekScenario.cs:112)

(Filename: Assets/Project/Scripts/Runtime/MiniBotHideAndSeekScenario.cs Line: 230)

MiniBotHideAndSeekScenario: obstacle avoidance retarget Hider 02, collider=Classroom desk.
UnityEngine.StackTraceUtility:ExtractStackTrace () (at /Users/bokken/build/output/unity/unity/Runtime/Export/Scripting/StackTrace.cs:37)
UnityEngine.DebugLogHandler:LogFormat (UnityEngine.LogType,UnityEngine.Object,string,object[])
UnityEngine.Logger:Log (UnityEngine.LogType,object)
UnityEngine.Debug:Log (object)
ArgusUnity.Runtime.MiniBotHideAndSeekScenario:SteerAroundObstacle (ArgusUnity.Runtime.MiniBotHideAndSeekScenario/WanderAgent,UnityEngine.Vector3,UnityEngine.Vector3) (at Assets/Project/Scripts/Runtime/MiniBotHideAndSeekScenario.cs:648)
ArgusUnity.Runtime.MiniBotHideAndSeekScenario:ResolveDesiredDirection (ArgusUnity.Runtime.MiniBotHideAndSeekScenario/WanderAgent,UnityEngine.Vector3) (at Assets/Project/Scripts/Runtime/MiniBotHideAndSeekScenario.cs:293)
ArgusUnity.Runtime.MiniBotHideAndSeekScenario:FixedUpdate () (at Assets/Project/Scripts/Runtime/MiniBotHideAndSeekScenario.cs:130)

(Filename: Assets/Project/Scripts/Runtime/MiniBotHideAndSeekScenario.cs Line: 648)

MiniBotHideAndSeekScenario: wall slide adjusted drive Hider 02, normal=-0.34,-0.94, speed=0.19.
UnityEngine.StackTraceUtility:ExtractStackTrace () (at /Users/bokken/build/output/unity/unity/Runtime/Export/Scripting/StackTrace.cs:37)
UnityEngine.DebugLogHandler:LogFormat (UnityEngine.LogType,UnityEngine.Object,string,object[])
UnityEngine.Logger:Log (UnityEngine.LogType,object)
UnityEngine.Debug:Log (object)
ArgusUnity.Runtime.MiniBotHideAndSeekScenario:ResolveWallContactVelocity (ArgusUnity.Runtime.MiniBotHideAndSeekScenario/WanderAgent,UnityEngine.Vector3,UnityEngine.Vector3,UnityEngine.Vector3&,bool&) (at Assets/Project/Scripts/Runtime/MiniBotHideAndSeekScenario.cs:416)
ArgusUnity.Runtime.MiniBotHideAndSeekScenario:DriveAgent (ArgusUnity.Runtime.MiniBotHideAndSeekScenario/WanderAgent,UnityEngine.Vector3,UnityEngine.Quaternion,bool) (at Assets/Project/Scripts/Runtime/MiniBotHideAndSeekScenario.cs:325)
ArgusUnity.Runtime.MiniBotHideAndSeekScenario:FixedUpdate () (at Assets/Project/Scripts/Runtime/MiniBotHideAndSeekScenario.cs:135)

(Filename: Assets/Project/Scripts/Runtime/MiniBotHideAndSeekScenario.cs Line: 416)

MiniBotHideAndSeekScenario: boundary steering active for Seeker 01.
UnityEngine.StackTraceUtility:ExtractStackTrace () (at /Users/bokken/build/output/unity/unity/Runtime/Export/Scripting/StackTrace.cs:37)
UnityEngine.DebugLogHandler:LogFormat (UnityEngine.LogType,UnityEngine.Object,string,object[])
UnityEngine.Logger:Log (UnityEngine.LogType,object)
UnityEngine.Debug:Log (object)
ArgusUnity.Runtime.MiniBotHideAndSeekScenario:SteerInsideRoom (ArgusUnity.Runtime.MiniBotHideAndSeekScenario/WanderAgent,UnityEngine.Vector3,UnityEngine.Vector3) (at Assets/Project/Scripts/Runtime/MiniBotHideAndSeekScenario.cs:607)
ArgusUnity.Runtime.MiniBotHideAndSeekScenario:ResolveDesiredDirection (ArgusUnity.Runtime.MiniBotHideAndSeekScenario/WanderAgent,UnityEngine.Vector3) (at Assets/Project/Scripts/Runtime/MiniBotHideAndSeekScenario.cs:292)
ArgusUnity.Runtime.MiniBotHideAndSeekScenario:FixedUpdate () (at Assets/Project/Scripts/Runtime/MiniBotHideAndSeekScenario.cs:130)

(Filename: Assets/Project/Scripts/Runtime/MiniBotHideAndSeekScenario.cs Line: 607)

MiniBotHideAndSeekScenario: free-roam speed check Hider 01 movementSpeed=0.08, walkDistanceDelta=0.002.
UnityEngine.StackTraceUtility:ExtractStackTrace () (at /Users/bokken/build/output/unity/unity/Runtime/Export/Scripting/StackTrace.cs:37)
UnityEngine.DebugLogHandler:LogFormat (UnityEngine.LogType,UnityEngine.Object,string,object[])
UnityEngine.Logger:Log (UnityEngine.LogType,object)
UnityEngine.Debug:Log (object)
ArgusUnity.Runtime.MiniBotHideAndSeekScenario:FixedUpdate () (at Assets/Project/Scripts/Runtime/MiniBotHideAndSeekScenario.cs:152)

(Filename: Assets/Project/Scripts/Runtime/MiniBotHideAndSeekScenario.cs Line: 152)

MiniBotHideAndSeekScenario: free-roam speed check Hider 02 movementSpeed=0.08, walkDistanceDelta=0.002.
UnityEngine.StackTraceUtility:ExtractStackTrace () (at /Users/bokken/build/output/unity/unity/Runtime/Export/Scripting/StackTrace.cs:37)
UnityEngine.DebugLogHandler:LogFormat (UnityEngine.LogType,UnityEngine.Object,string,object[])
UnityEngine.Logger:Log (UnityEngine.LogType,object)
UnityEngine.Debug:Log (object)
ArgusUnity.Runtime.MiniBotHideAndSeekScenario:FixedUpdate () (at Assets/Project/Scripts/Runtime/MiniBotHideAndSeekScenario.cs:152)

(Filename: Assets/Project/Scripts/Runtime/MiniBotHideAndSeekScenario.cs Line: 152)

MiniBotHideAndSeekScenario: free-roam speed check Seeker 01 movementSpeed=0.08, walkDistanceDelta=0.002.
UnityEngine.StackTraceUtility:ExtractStackTrace () (at /Users/bokken/build/output/unity/unity/Runtime/Export/Scripting/StackTrace.cs:37)
UnityEngine.DebugLogHandler:LogFormat (UnityEngine.LogType,UnityEngine.Object,string,object[])
UnityEngine.Logger:Log (UnityEngine.LogType,object)
UnityEngine.Debug:Log (object)
ArgusUnity.Runtime.MiniBotHideAndSeekScenario:FixedUpdate () (at Assets/Project/Scripts/Runtime/MiniBotHideAndSeekScenario.cs:152)

(Filename: Assets/Project/Scripts/Runtime/MiniBotHideAndSeekScenario.cs Line: 152)

MiniBotHideAndSeekScenario: free-roam speed check Seeker 02 movementSpeed=0.08, walkDistanceDelta=0.002.
UnityEngine.StackTraceUtility:ExtractStackTrace () (at /Users/bokken/build/output/unity/unity/Runtime/Export/Scripting/StackTrace.cs:37)
UnityEngine.DebugLogHandler:LogFormat (UnityEngine.LogType,UnityEngine.Object,string,object[])
UnityEngine.Logger:Log (UnityEngine.LogType,object)
UnityEngine.Debug:Log (object)
ArgusUnity.Runtime.MiniBotHideAndSeekScenario:FixedUpdate () (at Assets/Project/Scripts/Runtime/MiniBotHideAndSeekScenario.cs:152)

(Filename: Assets/Project/Scripts/Runtime/MiniBotHideAndSeekScenario.cs Line: 152)

AgentLocomotionDriver: run-style animation active state=LocomotionBlendTree, source=Walking-2.fbx, clip=Walk_InPlace, speed=0.07, quarantined=Running.fbx, controller=MiniBotLocomotion.
UnityEngine.StackTraceUtility:ExtractStackTrace () (at /Users/bokken/build/output/unity/unity/Runtime/Export/Scripting/StackTrace.cs:37)
UnityEngine.DebugLogHandler:LogFormat (UnityEngine.LogType,UnityEngine.Object,string,object[])
UnityEngine.Logger:Log (UnityEngine.LogType,object)
UnityEngine.Debug:Log (object)
ArgusUnity.Runtime.AgentLocomotionDriver:LogLocomotionSource () (at Assets/Project/Scripts/Runtime/AgentLocomotionDriver.cs:260)
ArgusUnity.Runtime.AgentLocomotionDriver:LateUpdate () (at Assets/Project/Scripts/Runtime/AgentLocomotionDriver.cs:127)

(Filename: Assets/Project/Scripts/Runtime/AgentLocomotionDriver.cs Line: 260)

AgentLocomotionDriver: run-style animation active state=LocomotionBlendTree, source=Walking-2.fbx, clip=Walk_InPlace, speed=0.07, quarantined=Running.fbx, controller=MiniBotLocomotion.
UnityEngine.StackTraceUtility:ExtractStackTrace () (at /Users/bokken/build/output/unity/unity/Runtime/Export/Scripting/StackTrace.cs:37)
UnityEngine.DebugLogHandler:LogFormat (UnityEngine.LogType,UnityEngine.Object,string,object[])
UnityEngine.Logger:Log (UnityEngine.LogType,object)
UnityEngine.Debug:Log (object)
ArgusUnity.Runtime.AgentLocomotionDriver:LogLocomotionSource () (at Assets/Project/Scripts/Runtime/AgentLocomotionDriver.cs:260)
ArgusUnity.Runtime.AgentLocomotionDriver:LateUpdate () (at Assets/Project/Scripts/Runtime/AgentLocomotionDriver.cs:127)

(Filename: Assets/Project/Scripts/Runtime/AgentLocomotionDriver.cs Line: 260)

AgentLocomotionDriver: idle animation active state=Idle, source=Idle.fbx, controller=MiniBotLocomotion.
UnityEngine.StackTraceUtility:ExtractStackTrace () (at /Users/bokken/build/output/unity/unity/Runtime/Export/Scripting/StackTrace.cs:37)
UnityEngine.DebugLogHandler:LogFormat (UnityEngine.LogType,UnityEngine.Object,string,object[])
UnityEngine.Logger:Log (UnityEngine.LogType,object)
UnityEngine.Debug:Log (object)
ArgusUnity.Runtime.AgentLocomotionDriver:LogLocomotionSource () (at Assets/Project/Scripts/Runtime/AgentLocomotionDriver.cs:216)
ArgusUnity.Runtime.AgentLocomotionDriver:LateUpdate () (at Assets/Project/Scripts/Runtime/AgentLocomotionDriver.cs:127)

(Filename: Assets/Project/Scripts/Runtime/AgentLocomotionDriver.cs Line: 216)

AgentLocomotionDriver: briefcase-left turn animation active state=LocomotionBlendTree, source=Left Turn W_Briefcase.fbx, clip=TurnLeft_Briefcase, turn=-0.78, speed=0.07, turnRate=-9.7, headingDelta=-69.8.
UnityEngine.StackTraceUtility:ExtractStackTrace () (at /Users/bokken/build/output/unity/unity/Runtime/Export/Scripting/StackTrace.cs:37)
UnityEngine.DebugLogHandler:LogFormat (UnityEngine.LogType,UnityEngine.Object,string,object[])
UnityEngine.Logger:Log (UnityEngine.LogType,object)
UnityEngine.Debug:Log (object)
ArgusUnity.Runtime.AgentLocomotionDriver:LogLocomotionSource () (at Assets/Project/Scripts/Runtime/AgentLocomotionDriver.cs:229)
ArgusUnity.Runtime.AgentLocomotionDriver:LateUpdate () (at Assets/Project/Scripts/Runtime/AgentLocomotionDriver.cs:127)

(Filename: Assets/Project/Scripts/Runtime/AgentLocomotionDriver.cs Line: 229)

AgentLocomotionDriver: run-style animation active state=LocomotionBlendTree, source=Walking-2.fbx, clip=Walk_InPlace, speed=0.07, quarantined=Running.fbx, controller=MiniBotLocomotion.
UnityEngine.StackTraceUtility:ExtractStackTrace () (at /Users/bokken/build/output/unity/unity/Runtime/Export/Scripting/StackTrace.cs:37)
UnityEngine.DebugLogHandler:LogFormat (UnityEngine.LogType,UnityEngine.Object,string,object[])
UnityEngine.Logger:Log (UnityEngine.LogType,object)
UnityEngine.Debug:Log (object)
ArgusUnity.Runtime.AgentLocomotionDriver:LogLocomotionSource () (at Assets/Project/Scripts/Runtime/AgentLocomotionDriver.cs:260)
ArgusUnity.Runtime.AgentLocomotionDriver:LateUpdate () (at Assets/Project/Scripts/Runtime/AgentLocomotionDriver.cs:127)

(Filename: Assets/Project/Scripts/Runtime/AgentLocomotionDriver.cs Line: 260)

MiniBotHideAndSeekScenario: movement confirmed for Hider 01.
UnityEngine.StackTraceUtility:ExtractStackTrace () (at /Users/bokken/build/output/unity/unity/Runtime/Export/Scripting/StackTrace.cs:37)
UnityEngine.DebugLogHandler:LogFormat (UnityEngine.LogType,UnityEngine.Object,string,object[])
UnityEngine.Logger:Log (UnityEngine.LogType,object)
UnityEngine.Debug:Log (object)
ArgusUnity.Runtime.MiniBotHideAndSeekScenario:FixedUpdate () (at Assets/Project/Scripts/Runtime/MiniBotHideAndSeekScenario.cs:140)

(Filename: Assets/Project/Scripts/Runtime/MiniBotHideAndSeekScenario.cs Line: 140)

MiniBotHideAndSeekScenario: movement confirmed for Hider 02.
UnityEngine.StackTraceUtility:ExtractStackTrace () (at /Users/bokken/build/output/unity/unity/Runtime/Export/Scripting/StackTrace.cs:37)
UnityEngine.DebugLogHandler:LogFormat (UnityEngine.LogType,UnityEngine.Object,string,object[])
UnityEngine.Logger:Log (UnityEngine.LogType,object)
UnityEngine.Debug:Log (object)
ArgusUnity.Runtime.MiniBotHideAndSeekScenario:FixedUpdate () (at Assets/Project/Scripts/Runtime/MiniBotHideAndSeekScenario.cs:140)

(Filename: Assets/Project/Scripts/Runtime/MiniBotHideAndSeekScenario.cs Line: 140)

MiniBotHideAndSeekScenario: movement confirmed for Seeker 01.
UnityEngine.StackTraceUtility:ExtractStackTrace () (at /Users/bokken/build/output/unity/unity/Runtime/Export/Scripting/StackTrace.cs:37)
UnityEngine.DebugLogHandler:LogFormat (UnityEngine.LogType,UnityEngine.Object,string,object[])
UnityEngine.Logger:Log (UnityEngine.LogType,object)
UnityEngine.Debug:Log (object)
ArgusUnity.Runtime.MiniBotHideAndSeekScenario:FixedUpdate () (at Assets/Project/Scripts/Runtime/MiniBotHideAndSeekScenario.cs:140)

(Filename: Assets/Project/Scripts/Runtime/MiniBotHideAndSeekScenario.cs Line: 140)

MiniBotHideAndSeekScenario: movement confirmed for Seeker 02.
UnityEngine.StackTraceUtility:ExtractStackTrace () (at /Users/bokken/build/output/unity/unity/Runtime/Export/Scripting/StackTrace.cs:37)
UnityEngine.DebugLogHandler:LogFormat (UnityEngine.LogType,UnityEngine.Object,string,object[])
UnityEngine.Logger:Log (UnityEngine.LogType,object)
UnityEngine.Debug:Log (object)
ArgusUnity.Runtime.MiniBotHideAndSeekScenario:FixedUpdate () (at Assets/Project/Scripts/Runtime/MiniBotHideAndSeekScenario.cs:140)

(Filename: Assets/Project/Scripts/Runtime/MiniBotHideAndSeekScenario.cs Line: 140)

Created GICache directory at /Users/guribbong/Library/Caches/com.unity3d.UnityEditor/GiCache. Took: 0.020s, timestamps: [45.205 - 45.224]
Setting up 4 worker threads for Enlighten.
MiniBotHideAndSeekScenario: boundary steering active for Seeker 02.
UnityEngine.StackTraceUtility:ExtractStackTrace () (at /Users/bokken/build/output/unity/unity/Runtime/Export/Scripting/StackTrace.cs:37)
UnityEngine.DebugLogHandler:LogFormat (UnityEngine.LogType,UnityEngine.Object,string,object[])
UnityEngine.Logger:Log (UnityEngine.LogType,object)
UnityEngine.Debug:Log (object)
ArgusUnity.Runtime.MiniBotHideAndSeekScenario:SteerInsideRoom (ArgusUnity.Runtime.MiniBotHideAndSeekScenario/WanderAgent,UnityEngine.Vector3,UnityEngine.Vector3) (at Assets/Project/Scripts/Runtime/MiniBotHideAndSeekScenario.cs:607)
ArgusUnity.Runtime.MiniBotHideAndSeekScenario:ResolveDesiredDirection (ArgusUnity.Runtime.MiniBotHideAndSeekScenario/WanderAgent,UnityEngine.Vector3) (at Assets/Project/Scripts/Runtime/MiniBotHideAndSeekScenario.cs:292)
ArgusUnity.Runtime.MiniBotHideAndSeekScenario:FixedUpdate () (at Assets/Project/Scripts/Runtime/MiniBotHideAndSeekScenario.cs:130)

(Filename: Assets/Project/Scripts/Runtime/MiniBotHideAndSeekScenario.cs Line: 607)

MiniBotHideAndSeekScenario: wall slide adjusted drive Seeker 01, normal=-0.64,-0.77, speed=0.39.
UnityEngine.StackTraceUtility:ExtractStackTrace () (at /Users/bokken/build/output/unity/unity/Runtime/Export/Scripting/StackTrace.cs:37)
UnityEngine.DebugLogHandler:LogFormat (UnityEngine.LogType,UnityEngine.Object,string,object[])
UnityEngine.Logger:Log (UnityEngine.LogType,object)
UnityEngine.Debug:Log (object)
ArgusUnity.Runtime.MiniBotHideAndSeekScenario:ResolveWallContactVelocity (ArgusUnity.Runtime.MiniBotHideAndSeekScenario/WanderAgent,UnityEngine.Vector3,UnityEngine.Vector3,UnityEngine.Vector3&,bool&) (at Assets/Project/Scripts/Runtime/MiniBotHideAndSeekScenario.cs:416)
ArgusUnity.Runtime.MiniBotHideAndSeekScenario:DriveAgent (ArgusUnity.Runtime.MiniBotHideAndSeekScenario/WanderAgent,UnityEngine.Vector3,UnityEngine.Quaternion,bool) (at Assets/Project/Scripts/Runtime/MiniBotHideAndSeekScenario.cs:325)
ArgusUnity.Runtime.MiniBotHideAndSeekScenario:FixedUpdate () (at Assets/Project/Scripts/Runtime/MiniBotHideAndSeekScenario.cs:135)

(Filename: Assets/Project/Scripts/Runtime/MiniBotHideAndSeekScenario.cs Line: 416)

MiniBotHideAndSeekScenario: wall slide adjusted drive Hider 01, normal=0.65,-0.76, speed=0.35.
UnityEngine.StackTraceUtility:ExtractStackTrace () (at /Users/bokken/build/output/unity/unity/Runtime/Export/Scripting/StackTrace.cs:37)
UnityEngine.DebugLogHandler:LogFormat (UnityEngine.LogType,UnityEngine.Object,string,object[])
UnityEngine.Logger:Log (UnityEngine.LogType,object)
UnityEngine.Debug:Log (object)
ArgusUnity.Runtime.MiniBotHideAndSeekScenario:ResolveWallContactVelocity (ArgusUnity.Runtime.MiniBotHideAndSeekScenario/WanderAgent,UnityEngine.Vector3,UnityEngine.Vector3,UnityEngine.Vector3&,bool&) (at Assets/Project/Scripts/Runtime/MiniBotHideAndSeekScenario.cs:416)
ArgusUnity.Runtime.MiniBotHideAndSeekScenario:DriveAgent (ArgusUnity.Runtime.MiniBotHideAndSeekScenario/WanderAgent,UnityEngine.Vector3,UnityEngine.Quaternion,bool) (at Assets/Project/Scripts/Runtime/MiniBotHideAndSeekScenario.cs:325)
ArgusUnity.Runtime.MiniBotHideAndSeekScenario:FixedUpdate () (at Assets/Project/Scripts/Runtime/MiniBotHideAndSeekScenario.cs:135)

(Filename: Assets/Project/Scripts/Runtime/MiniBotHideAndSeekScenario.cs Line: 416)

AgentLocomotionDriver: briefcase-left turn animation active state=LocomotionBlendTree, source=Left Turn W_Briefcase.fbx, clip=TurnLeft_Briefcase, turn=-0.32, speed=0.28, turnRate=-4.9, headingDelta=-29.2.
UnityEngine.StackTraceUtility:ExtractStackTrace () (at /Users/bokken/build/output/unity/unity/Runtime/Export/Scripting/StackTrace.cs:37)
UnityEngine.DebugLogHandler:LogFormat (UnityEngine.LogType,UnityEngine.Object,string,object[])
UnityEngine.Logger:Log (UnityEngine.LogType,object)
UnityEngine.Debug:Log (object)
ArgusUnity.Runtime.AgentLocomotionDriver:LogLocomotionSource () (at Assets/Project/Scripts/Runtime/AgentLocomotionDriver.cs:229)
ArgusUnity.Runtime.AgentLocomotionDriver:LateUpdate () (at Assets/Project/Scripts/Runtime/AgentLocomotionDriver.cs:127)

(Filename: Assets/Project/Scripts/Runtime/AgentLocomotionDriver.cs Line: 229)

AgentLocomotionDriver: briefcase-right turn animation active state=LocomotionBlendTree, source=Right Turn W_Briefcase_Mirrored.fbx, clip=TurnRight_Briefcase, turn=0.19, speed=0.27, turnRate=4.8, headingDelta=16.9.
UnityEngine.StackTraceUtility:ExtractStackTrace () (at /Users/bokken/build/output/unity/unity/Runtime/Export/Scripting/StackTrace.cs:37)
UnityEngine.DebugLogHandler:LogFormat (UnityEngine.LogType,UnityEngine.Object,string,object[])
UnityEngine.Logger:Log (UnityEngine.LogType,object)
UnityEngine.Debug:Log (object)
ArgusUnity.Runtime.AgentLocomotionDriver:LogLocomotionSource () (at Assets/Project/Scripts/Runtime/AgentLocomotionDriver.cs:245)
ArgusUnity.Runtime.AgentLocomotionDriver:LateUpdate () (at Assets/Project/Scripts/Runtime/AgentLocomotionDriver.cs:127)

(Filename: Assets/Project/Scripts/Runtime/AgentLocomotionDriver.cs Line: 245)

MiniBotHideAndSeekScenario: boundary steering active for Hider 02.
UnityEngine.StackTraceUtility:ExtractStackTrace () (at /Users/bokken/build/output/unity/unity/Runtime/Export/Scripting/StackTrace.cs:37)
UnityEngine.DebugLogHandler:LogFormat (UnityEngine.LogType,UnityEngine.Object,string,object[])
UnityEngine.Logger:Log (UnityEngine.LogType,object)
UnityEngine.Debug:Log (object)
ArgusUnity.Runtime.MiniBotHideAndSeekScenario:SteerInsideRoom (ArgusUnity.Runtime.MiniBotHideAndSeekScenario/WanderAgent,UnityEngine.Vector3,UnityEngine.Vector3) (at Assets/Project/Scripts/Runtime/MiniBotHideAndSeekScenario.cs:607)
ArgusUnity.Runtime.MiniBotHideAndSeekScenario:ResolveDesiredDirection (ArgusUnity.Runtime.MiniBotHideAndSeekScenario/WanderAgent,UnityEngine.Vector3) (at Assets/Project/Scripts/Runtime/MiniBotHideAndSeekScenario.cs:292)
ArgusUnity.Runtime.MiniBotHideAndSeekScenario:FixedUpdate () (at Assets/Project/Scripts/Runtime/MiniBotHideAndSeekScenario.cs:130)

(Filename: Assets/Project/Scripts/Runtime/MiniBotHideAndSeekScenario.cs Line: 607)

MiniBotHideAndSeekScenario: wall pressure turnaround Seeker 02 -> 0.34,-0.94.
UnityEngine.StackTraceUtility:ExtractStackTrace () (at /Users/bokken/build/output/unity/unity/Runtime/Export/Scripting/StackTrace.cs:37)
UnityEngine.DebugLogHandler:LogFormat (UnityEngine.LogType,UnityEngine.Object,string,object[])
UnityEngine.Logger:Log (UnityEngine.LogType,object)
UnityEngine.Debug:Log (object)
ArgusUnity.Runtime.MiniBotHideAndSeekScenario:StartBoundaryRecovery (ArgusUnity.Runtime.MiniBotHideAndSeekScenario/WanderAgent,UnityEngine.Vector3) (at Assets/Project/Scripts/Runtime/MiniBotHideAndSeekScenario.cs:754)
ArgusUnity.Runtime.MiniBotHideAndSeekScenario:KeepInsideRoom (ArgusUnity.Runtime.MiniBotHideAndSeekScenario/WanderAgent) (at Assets/Project/Scripts/Runtime/MiniBotHideAndSeekScenario.cs:705)
ArgusUnity.Runtime.MiniBotHideAndSeekScenario:FixedUpdate () (at Assets/Project/Scripts/Runtime/MiniBotHideAndSeekScenario.cs:136)

(Filename: Assets/Project/Scripts/Runtime/MiniBotHideAndSeekScenario.cs Line: 754)

MiniBotHideAndSeekScenario: wall clamp kept Seeker 02 inside walkable room.
UnityEngine.StackTraceUtility:ExtractStackTrace () (at /Users/bokken/build/output/unity/unity/Runtime/Export/Scripting/StackTrace.cs:37)
UnityEngine.DebugLogHandler:LogFormat (UnityEngine.LogType,UnityEngine.Object,string,object[])
UnityEngine.Logger:Log (UnityEngine.LogType,object)
UnityEngine.Debug:Log (object)
ArgusUnity.Runtime.MiniBotHideAndSeekScenario:KeepInsideRoom (ArgusUnity.Runtime.MiniBotHideAndSeekScenario/WanderAgent) (at Assets/Project/Scripts/Runtime/MiniBotHideAndSeekScenario.cs:708)
ArgusUnity.Runtime.MiniBotHideAndSeekScenario:FixedUpdate () (at Assets/Project/Scripts/Runtime/MiniBotHideAndSeekScenario.cs:136)

(Filename: Assets/Project/Scripts/Runtime/MiniBotHideAndSeekScenario.cs Line: 708)

AgentLocomotionDriver: briefcase-left turn animation active state=LocomotionBlendTree, source=Left Turn W_Briefcase.fbx, clip=TurnLeft_Briefcase, turn=-1.00, speed=0.13, turnRate=-9.7, headingDelta=-164.9.
UnityEngine.StackTraceUtility:ExtractStackTrace () (at /Users/bokken/build/output/unity/unity/Runtime/Export/Scripting/StackTrace.cs:37)
UnityEngine.DebugLogHandler:LogFormat (UnityEngine.LogType,UnityEngine.Object,string,object[])
UnityEngine.Logger:Log (UnityEngine.LogType,object)
UnityEngine.Debug:Log (object)
ArgusUnity.Runtime.AgentLocomotionDriver:LogLocomotionSource () (at Assets/Project/Scripts/Runtime/AgentLocomotionDriver.cs:229)
ArgusUnity.Runtime.AgentLocomotionDriver:LateUpdate () (at Assets/Project/Scripts/Runtime/AgentLocomotionDriver.cs:127)

(Filename: Assets/Project/Scripts/Runtime/AgentLocomotionDriver.cs Line: 229)

MiniBotHideAndSeekScenario: rotation confirmed for Seeker 02.
UnityEngine.StackTraceUtility:ExtractStackTrace () (at /Users/bokken/build/output/unity/unity/Runtime/Export/Scripting/StackTrace.cs:37)
UnityEngine.DebugLogHandler:LogFormat (UnityEngine.LogType,UnityEngine.Object,string,object[])
UnityEngine.Logger:Log (UnityEngine.LogType,object)
UnityEngine.Debug:Log (object)
ArgusUnity.Runtime.MiniBotHideAndSeekScenario:FixedUpdate () (at Assets/Project/Scripts/Runtime/MiniBotHideAndSeekScenario.cs:146)

(Filename: Assets/Project/Scripts/Runtime/MiniBotHideAndSeekScenario.cs Line: 146)

AgentLocomotionDriver: run-style animation active state=LocomotionBlendTree, source=Walking-2.fbx, clip=Walk_InPlace, speed=0.20, quarantined=Running.fbx, controller=MiniBotLocomotion.
UnityEngine.StackTraceUtility:ExtractStackTrace () (at /Users/bokken/build/output/unity/unity/Runtime/Export/Scripting/StackTrace.cs:37)
UnityEngine.DebugLogHandler:LogFormat (UnityEngine.LogType,UnityEngine.Object,string,object[])
UnityEngine.Logger:Log (UnityEngine.LogType,object)
UnityEngine.Debug:Log (object)
ArgusUnity.Runtime.AgentLocomotionDriver:LogLocomotionSource () (at Assets/Project/Scripts/Runtime/AgentLocomotionDriver.cs:260)
ArgusUnity.Runtime.AgentLocomotionDriver:LateUpdate () (at Assets/Project/Scripts/Runtime/AgentLocomotionDriver.cs:127)

(Filename: Assets/Project/Scripts/Runtime/AgentLocomotionDriver.cs Line: 260)

MiniBotHideAndSeekScenario: wall pressure turnaround Hider 02 -> 0.31,-0.95.
UnityEngine.StackTraceUtility:ExtractStackTrace () (at /Users/bokken/build/output/unity/unity/Runtime/Export/Scripting/StackTrace.cs:37)
UnityEngine.DebugLogHandler:LogFormat (UnityEngine.LogType,UnityEngine.Object,string,object[])
UnityEngine.Logger:Log (UnityEngine.LogType,object)
UnityEngine.Debug:Log (object)
ArgusUnity.Runtime.MiniBotHideAndSeekScenario:StartBoundaryRecovery (ArgusUnity.Runtime.MiniBotHideAndSeekScenario/WanderAgent,UnityEngine.Vector3) (at Assets/Project/Scripts/Runtime/MiniBotHideAndSeekScenario.cs:754)
ArgusUnity.Runtime.MiniBotHideAndSeekScenario:KeepInsideRoom (ArgusUnity.Runtime.MiniBotHideAndSeekScenario/WanderAgent) (at Assets/Project/Scripts/Runtime/MiniBotHideAndSeekScenario.cs:705)
ArgusUnity.Runtime.MiniBotHideAndSeekScenario:FixedUpdate () (at Assets/Project/Scripts/Runtime/MiniBotHideAndSeekScenario.cs:136)

(Filename: Assets/Project/Scripts/Runtime/MiniBotHideAndSeekScenario.cs Line: 754)

MiniBotHideAndSeekScenario: wall clamp kept Hider 02 inside walkable room.
UnityEngine.StackTraceUtility:ExtractStackTrace () (at /Users/bokken/build/output/unity/unity/Runtime/Export/Scripting/StackTrace.cs:37)
UnityEngine.DebugLogHandler:LogFormat (UnityEngine.LogType,UnityEngine.Object,string,object[])
UnityEngine.Logger:Log (UnityEngine.LogType,object)
UnityEngine.Debug:Log (object)
ArgusUnity.Runtime.MiniBotHideAndSeekScenario:KeepInsideRoom (ArgusUnity.Runtime.MiniBotHideAndSeekScenario/WanderAgent) (at Assets/Project/Scripts/Runtime/MiniBotHideAndSeekScenario.cs:708)
ArgusUnity.Runtime.MiniBotHideAndSeekScenario:FixedUpdate () (at Assets/Project/Scripts/Runtime/MiniBotHideAndSeekScenario.cs:136)

(Filename: Assets/Project/Scripts/Runtime/MiniBotHideAndSeekScenario.cs Line: 708)

MiniBotHideAndSeekScenario: rotation confirmed for Hider 02.
UnityEngine.StackTraceUtility:ExtractStackTrace () (at /Users/bokken/build/output/unity/unity/Runtime/Export/Scripting/StackTrace.cs:37)
UnityEngine.DebugLogHandler:LogFormat (UnityEngine.LogType,UnityEngine.Object,string,object[])
UnityEngine.Logger:Log (UnityEngine.LogType,object)
UnityEngine.Debug:Log (object)
ArgusUnity.Runtime.MiniBotHideAndSeekScenario:FixedUpdate () (at Assets/Project/Scripts/Runtime/MiniBotHideAndSeekScenario.cs:146)

(Filename: Assets/Project/Scripts/Runtime/MiniBotHideAndSeekScenario.cs Line: 146)

MiniBotHideAndSeekScenario: free-roam retarget Hider 01 -> -0.23,-0.33.
UnityEngine.StackTraceUtility:ExtractStackTrace () (at /Users/bokken/build/output/unity/unity/Runtime/Export/Scripting/StackTrace.cs:37)
UnityEngine.DebugLogHandler:LogFormat (UnityEngine.LogType,UnityEngine.Object,string,object[])
UnityEngine.Logger:Log (UnityEngine.LogType,object)
UnityEngine.Debug:Log (object)
ArgusUnity.Runtime.MiniBotHideAndSeekScenario:ResolveDesiredDirection (ArgusUnity.Runtime.MiniBotHideAndSeekScenario/WanderAgent,UnityEngine.Vector3) (at Assets/Project/Scripts/Runtime/MiniBotHideAndSeekScenario.cs:285)
ArgusUnity.Runtime.MiniBotHideAndSeekScenario:FixedUpdate () (at Assets/Project/Scripts/Runtime/MiniBotHideAndSeekScenario.cs:130)

(Filename: Assets/Project/Scripts/Runtime/MiniBotHideAndSeekScenario.cs Line: 285)

MiniBotHideAndSeekScenario: free-roam retarget Seeker 01 -> -0.29,0.18.
UnityEngine.StackTraceUtility:ExtractStackTrace () (at /Users/bokken/build/output/unity/unity/Runtime/Export/Scripting/StackTrace.cs:37)
UnityEngine.DebugLogHandler:LogFormat (UnityEngine.LogType,UnityEngine.Object,string,object[])
UnityEngine.Logger:Log (UnityEngine.LogType,object)
UnityEngine.Debug:Log (object)
ArgusUnity.Runtime.MiniBotHideAndSeekScenario:ResolveDesiredDirection (ArgusUnity.Runtime.MiniBotHideAndSeekScenario/WanderAgent,UnityEngine.Vector3) (at Assets/Project/Scripts/Runtime/MiniBotHideAndSeekScenario.cs:285)
ArgusUnity.Runtime.MiniBotHideAndSeekScenario:FixedUpdate () (at Assets/Project/Scripts/Runtime/MiniBotHideAndSeekScenario.cs:130)

(Filename: Assets/Project/Scripts/Runtime/MiniBotHideAndSeekScenario.cs Line: 285)

MiniBotHideAndSeekScenario: obstacle avoidance retarget Seeker 01, collider=Seeker 02.
UnityEngine.StackTraceUtility:ExtractStackTrace () (at /Users/bokken/build/output/unity/unity/Runtime/Export/Scripting/StackTrace.cs:37)
UnityEngine.DebugLogHandler:LogFormat (UnityEngine.LogType,UnityEngine.Object,string,object[])
UnityEngine.Logger:Log (UnityEngine.LogType,object)
UnityEngine.Debug:Log (object)
ArgusUnity.Runtime.MiniBotHideAndSeekScenario:SteerAroundObstacle (ArgusUnity.Runtime.MiniBotHideAndSeekScenario/WanderAgent,UnityEngine.Vector3,UnityEngine.Vector3) (at Assets/Project/Scripts/Runtime/MiniBotHideAndSeekScenario.cs:648)
ArgusUnity.Runtime.MiniBotHideAndSeekScenario:ResolveDesiredDirection (ArgusUnity.Runtime.MiniBotHideAndSeekScenario/WanderAgent,UnityEngine.Vector3) (at Assets/Project/Scripts/Runtime/MiniBotHideAndSeekScenario.cs:293)
ArgusUnity.Runtime.MiniBotHideAndSeekScenario:FixedUpdate () (at Assets/Project/Scripts/Runtime/MiniBotHideAndSeekScenario.cs:130)

(Filename: Assets/Project/Scripts/Runtime/MiniBotHideAndSeekScenario.cs Line: 648)

MiniBotHideAndSeekScenario: obstacle avoidance retarget Seeker 02, collider=Classroom table.
UnityEngine.StackTraceUtility:ExtractStackTrace () (at /Users/bokken/build/output/unity/unity/Runtime/Export/Scripting/StackTrace.cs:37)
UnityEngine.DebugLogHandler:LogFormat (UnityEngine.LogType,UnityEngine.Object,string,object[])
UnityEngine.Logger:Log (UnityEngine.LogType,object)
UnityEngine.Debug:Log (object)
ArgusUnity.Runtime.MiniBotHideAndSeekScenario:SteerAroundObstacle (ArgusUnity.Runtime.MiniBotHideAndSeekScenario/WanderAgent,UnityEngine.Vector3,UnityEngine.Vector3) (at Assets/Project/Scripts/Runtime/MiniBotHideAndSeekScenario.cs:648)
ArgusUnity.Runtime.MiniBotHideAndSeekScenario:ResolveDesiredDirection (ArgusUnity.Runtime.MiniBotHideAndSeekScenario/WanderAgent,UnityEngine.Vector3) (at Assets/Project/Scripts/Runtime/MiniBotHideAndSeekScenario.cs:273)
ArgusUnity.Runtime.MiniBotHideAndSeekScenario:FixedUpdate () (at Assets/Project/Scripts/Runtime/MiniBotHideAndSeekScenario.cs:130)

(Filename: Assets/Project/Scripts/Runtime/MiniBotHideAndSeekScenario.cs Line: 648)

MiniBotHideAndSeekScenario: wall pressure turnaround Seeker 01 -> -0.97,-0.26.
UnityEngine.StackTraceUtility:ExtractStackTrace () (at /Users/bokken/build/output/unity/unity/Runtime/Export/Scripting/StackTrace.cs:37)
UnityEngine.DebugLogHandler:LogFormat (UnityEngine.LogType,UnityEngine.Object,string,object[])
UnityEngine.Logger:Log (UnityEngine.LogType,object)
UnityEngine.Debug:Log (object)
ArgusUnity.Runtime.MiniBotHideAndSeekScenario:StartBoundaryRecovery (ArgusUnity.Runtime.MiniBotHideAndSeekScenario/WanderAgent,UnityEngine.Vector3) (at Assets/Project/Scripts/Runtime/MiniBotHideAndSeekScenario.cs:754)
ArgusUnity.Runtime.MiniBotHideAndSeekScenario:KeepInsideRoom (ArgusUnity.Runtime.MiniBotHideAndSeekScenario/WanderAgent) (at Assets/Project/Scripts/Runtime/MiniBotHideAndSeekScenario.cs:705)
ArgusUnity.Runtime.MiniBotHideAndSeekScenario:FixedUpdate () (at Assets/Project/Scripts/Runtime/MiniBotHideAndSeekScenario.cs:136)

(Filename: Assets/Project/Scripts/Runtime/MiniBotHideAndSeekScenario.cs Line: 754)

MiniBotHideAndSeekScenario: wall clamp kept Seeker 01 inside walkable room.
UnityEngine.StackTraceUtility:ExtractStackTrace () (at /Users/bokken/build/output/unity/unity/Runtime/Export/Scripting/StackTrace.cs:37)
UnityEngine.DebugLogHandler:LogFormat (UnityEngine.LogType,UnityEngine.Object,string,object[])
UnityEngine.Logger:Log (UnityEngine.LogType,object)
UnityEngine.Debug:Log (object)
ArgusUnity.Runtime.MiniBotHideAndSeekScenario:KeepInsideRoom (ArgusUnity.Runtime.MiniBotHideAndSeekScenario/WanderAgent) (at Assets/Project/Scripts/Runtime/MiniBotHideAndSeekScenario.cs:708)
ArgusUnity.Runtime.MiniBotHideAndSeekScenario:FixedUpdate () (at Assets/Project/Scripts/Runtime/MiniBotHideAndSeekScenario.cs:136)

(Filename: Assets/Project/Scripts/Runtime/MiniBotHideAndSeekScenario.cs Line: 708)

MiniBotHideAndSeekScenario: rotation confirmed for Seeker 01.
UnityEngine.StackTraceUtility:ExtractStackTrace () (at /Users/bokken/build/output/unity/unity/Runtime/Export/Scripting/StackTrace.cs:37)
UnityEngine.DebugLogHandler:LogFormat (UnityEngine.LogType,UnityEngine.Object,string,object[])
UnityEngine.Logger:Log (UnityEngine.LogType,object)
UnityEngine.Debug:Log (object)
ArgusUnity.Runtime.MiniBotHideAndSeekScenario:FixedUpdate () (at Assets/Project/Scripts/Runtime/MiniBotHideAndSeekScenario.cs:146)

(Filename: Assets/Project/Scripts/Runtime/MiniBotHideAndSeekScenario.cs Line: 146)

ArgusVideo: wrote 120 frames to /Users/guribbong/code/Argus/tmp/slow_smooth_frames
UnityEngine.StackTraceUtility:ExtractStackTrace () (at /Users/bokken/build/output/unity/unity/Runtime/Export/Scripting/StackTrace.cs:37)
UnityEngine.DebugLogHandler:LogFormat (UnityEngine.LogType,UnityEngine.Object,string,object[])
UnityEngine.Logger:Log (UnityEngine.LogType,object)
UnityEngine.Debug:Log (object)
ArgusUnity.Runtime.SmokeVideoCapture:LateUpdate () (at Assets/Project/Scripts/Runtime/SmokeVideoCapture.cs:68)

(Filename: Assets/Project/Scripts/Runtime/SmokeVideoCapture.cs Line: 68)

Thread 0x16ffcf000 may have been prematurely finalized
Unloading 6 Unused Serialized files (Serialized files now loaded: 0)
Loaded scene 'Temp/__Backupscenes/0.backup'
	Deserialize:            9.018 ms
	Integration:            420.585 ms
	Integration of assets:  0.005 ms
	Thread Wait Time:       0.001 ms
	Total Operation Time:   429.610 ms
Unloading 40 unused Assets / (204.7 KB). Loaded Objects now: 4361.
Memory consumption went from 167.8 MB to 167.6 MB.
Total: 30.906542 ms (FindLiveObjects: 0.933875 ms CreateObjectMapping: 0.162167 ms MarkObjects: 27.418875 ms  DeleteObjects: 2.386375 ms)

[UnityConnectServicesConfig] config is NOT valid, switching to default
gi::BakeBackendSwitch: switching bake backend from 3 to 2.
[00:00:00] Builtin Sky manager started.
Request timed out while processing request "https://public-cdn.cloud.unity3d.com/config/production", HTTP error code 0
.[UnityConnect] Request timed out.
Thread 0x176553000 may have been prematurely finalized
[Licensing::IpcConnector] License Notification channel disconnected successfully.
[Licensing::IpcConnector] License Client channel disconnected successfully.
Thread 0x1701ff000 may have been prematurely finalized
Thread 0x1700e7000 may have been prematurely finalized
Thread 0x170317000 may have been prematurely finalized
Thread 0x1703a3000 may have been prematurely finalized
Thread 0x170173000 may have been prematurely finalized
Thread 0x17042f000 may have been prematurely finalized
Thread 0x17028b000 may have been prematurely finalized
Cleanup mono
[40m[32minfo[39m[22m[49m: Microsoft.Hosting.Lifetime[0]
      Application is shutting down...
[40m[32minfo[39m[22m[49m: Unity.ILPP.Runner.PostProcessingAssemblyLoadContext[0]
      ALC ILPP context 1 is unloading
debugger-agent: Unable to listen on 48
[Performance] Application.InitializeProject                                                                                                        :        1 samples, Peak.  15.7 s (1.0x), Avg.  15.7 s, Total. 15.73 s (27.5%)
[Performance] Application.PackageManager.StartServer                                                                                               :        1 samples, Peak.  6.87 ms (1.0x), Avg.  6.87 ms, Total. 6.874 ms (0.0%)
[Performance] Application.AcquireProjectLock                                                                                                       :        1 samples, Peak.  3.99 ms (1.0x), Avg.  3.99 ms, Total. 3.992 ms (0.0%)
[Performance] Application.InitializeEngineNoGraphics                                                                                               :        1 samples, Peak.   106 ms (1.0x), Avg.   106 ms, Total. 105.7 ms (0.2%)
[Performance] Application.PackageManager.Initialize                                                                                                :        1 samples, Peak.  1.39 s (1.0x), Avg.  1.39 s, Total. 1.391 s (2.4%)
[Performance] Connecting to Package Manager                                                                                                        :      140 samples, Peak.  95.5 us (56.0x), Avg.  1.71 us, Total. 238.8 us (0.0%)
[Performance] Application.EngineGraphics.Initialize                                                                                                :        1 samples, Peak.   212 ms (1.0x), Avg.   212 ms, Total. 211.8 ms (0.4%)
[Performance] Application.GI.Initialize                                                                                                            :        1 samples, Peak.  11.4 ms (1.0x), Avg.  11.4 ms, Total. 11.40 ms (0.0%)
[Performance] Application.LoadAllDefaultResourcesFromEditor                                                                                        :        1 samples, Peak.  3.56 ms (1.0x), Avg.  3.56 ms, Total. 3.561 ms (0.0%)
[Performance] Application.LoadMonoAssemblies                                                                                                       :        1 samples, Peak.   956 ms (1.0x), Avg.   956 ms, Total. 955.8 ms (1.7%)
[Performance] RestoreManagedReferences                                                                                                             :        3 samples, Peak.   110 ms (1.9x), Avg.  58.1 ms, Total. 174.2 ms (0.3%)
[Performance] InitializeOnLoad ProjectSearch                                                                                                       :        3 samples, Peak.   766 us (1.6x), Avg.   465 us, Total. 1.394 ms (0.0%)
[Performance] InitializeOnLoad AssetStoreContext                                                                                                   :        3 samples, Peak.  41.8 ms (1.3x), Avg.  32.2 ms, Total. 96.49 ms (0.2%)
[Performance] InitializeOnLoad SearchService                                                                                                       :        3 samples, Peak.   177 us (1.1x), Avg.   161 us, Total. 481.7 us (0.0%)
[Performance] InitializeOnLoad ObjectSelectorSearch                                                                                                :        3 samples, Peak.   535 us (1.7x), Avg.   320 us, Total. 958.7 us (0.0%)
[Performance] InitializeOnLoad NativeFormatImporterUtility                                                                                         :        3 samples, Peak.  3.67 ms (1.4x), Avg.  2.67 ms, Total. 8.024 ms (0.0%)
[Performance] InitializeOnLoad ManagedDebuggerWindow                                                                                               :        3 samples, Peak.  1.05 ms (2.0x), Avg.   536 us, Total. 1.608 ms (0.0%)
[Performance] InitializeOnLoad PrefabInstanceChangedListener                                                                                       :        3 samples, Peak.   881 us (1.1x), Avg.   793 us, Total. 2.379 ms (0.0%)
[Performance] InitializeOnLoad ManagedDebugger                                                                                                     :        3 samples, Peak.   708 ns (1.2x), Avg.   597 ns, Total. 1.791 us (0.0%)
[Performance] InitializeOnLoad CloudBuild                                                                                                          :        3 samples, Peak.  8.38 us (1.3x), Avg.  6.29 us, Total. 18.87 us (0.0%)
[Performance] InitializeOnLoad Collab                                                                                                              :        3 samples, Peak.  14.5 ms (1.7x), Avg.  8.75 ms, Total. 26.26 ms (0.0%)
[Performance] InitializeOnLoad ShortcutIntegration                                                                                                 :        3 samples, Peak.  93.6 us (1.2x), Avg.  76.5 us, Total. 229.4 us (0.0%)
[Performance] InitializeOnLoad MixerEffectDefinitionReloader                                                                                       :        3 samples, Peak.  4.21 ms (1.3x), Avg.  3.13 ms, Total. 9.389 ms (0.0%)
[Performance] InitializeOnLoad DrivenRectTransformUndo                                                                                             :        3 samples, Peak.   754 us (1.6x), Avg.   464 us, Total. 1.392 ms (0.0%)
[Performance] InitializeOnLoad WindowLayout                                                                                                        :        3 samples, Peak.   830 us (1.7x), Avg.   483 us, Total. 1.448 ms (0.0%)
[Performance] InitializeOnLoad SettingsService                                                                                                     :        3 samples, Peak.  26.3 us (1.8x), Avg.  14.4 us, Total. 43.08 us (0.0%)
[Performance] InitializeOnLoad CacheServerWindow                                                                                                   :        3 samples, Peak.  31.9 us (2.0x), Avg.  16.1 us, Total. 48.37 us (0.0%)
[Performance] InitializeOnLoad MenuItems                                                                                                           :        3 samples, Peak.   180 us (1.4x), Avg.   126 us, Total. 378.8 us (0.0%)
[Performance] InitializeOnLoad CheckNavigationPackage                                                                                              :        3 samples, Peak.   547 us (1.2x), Avg.   465 us, Total. 1.395 ms (0.0%)
[Performance] InitializeOnLoad UISystemProfilerRenderService                                                                                       :        3 samples, Peak.  92.6 us (2.4x), Avg.  38.9 us, Total. 116.6 us (0.0%)
[Performance] InitializeOnLoad EditMode                                                                                                            :        3 samples, Peak.   819 us (1.2x), Avg.   656 us, Total. 1.968 ms (0.0%)
[Performance] InitializeOnLoad UnityConnect                                                                                                        :        3 samples, Peak.   224 us (1.9x), Avg.   117 us, Total. 349.9 us (0.0%)
[Performance] InitializeOnLoad AddComponentWindow                                                                                                  :        3 samples, Peak.   191 us (1.3x), Avg.   150 us, Total. 449.8 us (0.0%)
[Performance] InitializeOnLoad PlayModeDownload                                                                                                    :        3 samples, Peak.  7.56 ms (2.8x), Avg.  2.69 ms, Total. 8.080 ms (0.0%)
[Performance] InitializeOnLoad SceneSearch                                                                                                         :        3 samples, Peak.   118 us (1.5x), Avg.  81.5 us, Total. 244.5 us (0.0%)
[Performance] InitializeOnLoad EditorDelegateRegistration                                                                                          :        3 samples, Peak.   946 us (1.1x), Avg.   860 us, Total. 2.581 ms (0.0%)
[Performance] InitializeOnLoad UxmlObjectEditorFactories                                                                                           :        3 samples, Peak.   809 us (1.2x), Avg.   647 us, Total. 1.941 ms (0.0%)
[Performance] InitializeOnLoad RetainedMode                                                                                                        :        3 samples, Peak.  5.20 ms (1.3x), Avg.  3.91 ms, Total. 11.73 ms (0.0%)
[Performance] InitializeOnLoad EditorShaderLoader                                                                                                  :        3 samples, Peak.  1.81 ms (1.5x), Avg.  1.23 ms, Total. 3.695 ms (0.0%)
[Performance] InitializeOnLoad UIDocumentHierarchyWatcher                                                                                          :        3 samples, Peak.   111 us (1.2x), Avg.  91.5 us, Total. 274.4 us (0.0%)
[Performance] InitializeOnLoad EditorMonitor                                                                                                       :        3 samples, Peak.   242 us (1.2x), Avg.   206 us, Total. 617.1 us (0.0%)
[Performance] InitializeOnLoad LiveReloadTrackerCreator                                                                                            :        3 samples, Peak.   271 us (1.2x), Avg.   225 us, Total. 675.3 us (0.0%)
[Performance] InitializeOnLoad UXMLEditorFactories                                                                                                 :        3 samples, Peak.  96.1 ms (1.2x), Avg.  80.6 ms, Total. 241.7 ms (0.4%)
[Performance] InitializeOnLoad ServicesRepository                                                                                                  :        3 samples, Peak.  1.44 ms (1.3x), Avg.  1.12 ms, Total. 3.358 ms (0.0%)
[Performance] InitializeOnLoad UDPService                                                                                                          :        3 samples, Peak.  5.89 ms (1.2x), Avg.  4.84 ms, Total. 14.52 ms (0.0%)
[Performance] InitializeOnLoad EditorGameServicesAnalytics                                                                                         :        3 samples, Peak.  2.46 ms (2.0x), Avg.  1.24 ms, Total. 3.728 ms (0.0%)
[Performance] InitializeOnLoad CloudBuildPoller                                                                                                    :        3 samples, Peak.   278 us (1.6x), Avg.   171 us, Total. 512.5 us (0.0%)
[Performance] InitializeOnLoad BuildService                                                                                                        :        3 samples, Peak.  5.81 ms (1.6x), Avg.  3.60 ms, Total. 10.79 ms (0.0%)
[Performance] InitializeOnLoad CollabService                                                                                                       :        3 samples, Peak.  3.56 ms (1.3x), Avg.  2.76 ms, Total. 8.274 ms (0.0%)
[Performance] InitializeOnLoad PurchasingService                                                                                                   :        3 samples, Peak.  15.4 ms (1.4x), Avg.  11.4 ms, Total. 34.10 ms (0.1%)
[Performance] InitializeOnLoad CrashService                                                                                                        :        3 samples, Peak.  4.36 ms (1.5x), Avg.  2.91 ms, Total. 8.729 ms (0.0%)
[Performance] InitializeOnLoad AdsService                                                                                                          :        3 samples, Peak.  3.29 ms (1.1x), Avg.  2.94 ms, Total. 8.809 ms (0.0%)
[Performance] InitializeOnLoad AnalyticsService                                                                                                    :        3 samples, Peak.  3.72 ms (1.4x), Avg.  2.64 ms, Total. 7.908 ms (0.0%)
[Performance] InitializeOnLoad SearchWindow                                                                                                        :        3 samples, Peak.   225 us (1.3x), Avg.   172 us, Total. 516.3 us (0.0%)
[Performance] InitializeOnLoad SearchMonitor                                                                                                       :        3 samples, Peak.  11.7 ms (1.9x), Avg.  6.24 ms, Total. 18.72 ms (0.0%)
[Performance] InitializeOnLoad ParameterControllerEditor                                                                                           :        3 samples, Peak.  73.1 us (1.3x), Avg.  57.1 us, Total. 171.2 us (0.0%)
[Performance] InitializeOnLoad LayerSettingsWindow                                                                                                 :        3 samples, Peak.  33.3 us (2.0x), Avg.  16.8 us, Total. 50.54 us (0.0%)
[Performance] InitializeOnLoad PackageManagerHookGUIDConverter.RegisterPackagesEventHandler                                                        :        3 samples, Peak.  1.20 ms (2.3x), Avg.   526 us, Total. 1.578 ms (0.0%)
[Performance] InitializeOnLoad EditorDragAndDrop.RegisterEditorClient                                                                              :        3 samples, Peak.   356 us (1.2x), Avg.   306 us, Total. 918.6 us (0.0%)
[Performance] InitializeOnLoad EditorEventCallbacks.InitializeFontAssetResourceChangeCallBacks                                                     :        3 samples, Peak.  1.67 ms (1.2x), Avg.  1.41 ms, Total. 4.230 ms (0.0%)
[Performance] InitializeOnLoad SceneTemplateService.Init                                                                                           :        3 samples, Peak.  2.13 ms (1.3x), Avg.  1.59 ms, Total. 4.778 ms (0.0%)
[Performance] InitializeOnLoad DiagnosticSwitchesConsoleMessage.Init                                                                               :        3 samples, Peak.  5.57 ms (1.4x), Avg.  4.06 ms, Total. 12.18 ms (0.0%)
[Performance] InitializeOnLoad ScopedRegistryAddedPopup.SubscribeToRegistriesAdded                                                                 :        3 samples, Peak.  50.6 ms (1.9x), Avg.  27.0 ms, Total. 80.91 ms (0.1%)
[Performance] InitializeOnLoad PackageManagerWindow.EditorInitializedInSafeMode                                                                    :        3 samples, Peak.   301 us (1.4x), Avg.   212 us, Total. 635.4 us (0.0%)
[Performance] InitializeOnLoad MemoryProfilerCompilationGuard.InjectCompileGuard                                                                   :        3 samples, Peak.   204 us (1.5x), Avg.   135 us, Total. 405.1 us (0.0%)
[Performance] InitializeOnLoad SceneVisibilityManager.Initialize                                                                                   :        3 samples, Peak.  7.91 ms (2.4x), Avg.  3.29 ms, Total. 9.870 ms (0.0%)
[Performance] InitializeOnLoad AssetPostprocessingInternal.RefreshCustomDependencies                                                               :        3 samples, Peak.  7.02 ms (1.2x), Avg.  5.72 ms, Total. 17.16 ms (0.0%)
[Performance] InitializeOnLoad ToolShortcutContext.Init                                                                                            :        3 samples, Peak.   183 us (1.1x), Avg.   172 us, Total. 516.8 us (0.0%)
[Performance] InitializeOnLoad SysrootManager.Initialize                                                                                           :        3 samples, Peak.   595 us (1.0x), Avg.   582 us, Total. 1.747 ms (0.0%)
[Performance] InitializeOnLoad EditorWindow.Initialize                                                                                             :        3 samples, Peak.  1.24 ms (2.3x), Avg.   545 us, Total. 1.636 ms (0.0%)
[Performance] AssemblyReloadEvents.afterAssemblyReload: UnityEditor.SceneTemplate.SceneTemplateService.AfterAssemblyReload                         :        3 samples, Peak.  7.83 ms (1.8x), Avg.  4.44 ms, Total. 13.31 ms (0.0%)
[Performance] ProcessService.EditorAfterLoadAllAssemblies                                                                                          :        3 samples, Peak.   896 us (1.4x), Avg.   620 us, Total. 1.859 ms (0.0%)
[Performance] Application.ReadLicenseInfo                                                                                                          :        1 samples, Peak.  42.5 ms (1.0x), Avg.  42.5 ms, Total. 42.53 ms (0.1%)
[Performance] Application.InitialRefresh                                                                                                           :        1 samples, Peak.  9.62 s (1.0x), Avg.  9.62 s, Total. 9.617 s (16.8%)
[Performance] Compiling Scripts                                                                                                                    :        1 samples, Peak.  3.90 s (1.0x), Avg.  3.90 s, Total. 3.902 s (6.8%)
[Performance] AssemblyReloadEvents.beforeAssemblyReload: UnityEditor.SceneTemplate.SceneTemplateService.BeforeAssemblyReload                       :        2 samples, Peak.   927 us (1.0x), Avg.   891 us, Total. 1.782 ms (0.0%)
[Performance] InitializeOnLoad BurstLoader                                                                                                         :        2 samples, Peak.  2.17 s (2.0x), Avg.  1.10 s, Total. 2.190 s (3.8%)
[Performance] InitializeOnLoad ShadowCasterGroup2DManager                                                                                          :        2 samples, Peak.  19.9 ms (2.0x), Avg. 10.00 ms, Total. 20.00 ms (0.0%)
[Performance] InitializeOnLoad RealtimeProbeSubdivisionDebug                                                                                       :        2 samples, Peak.  4.00 ms (1.8x), Avg.  2.25 ms, Total. 4.501 ms (0.0%)
[Performance] InitializeOnLoad ProbeGIBaking                                                                                                       :        2 samples, Peak.  14.0 ms (1.6x), Avg.  8.72 ms, Total. 17.44 ms (0.0%)
[Performance] InitializeOnLoad FilterWindow                                                                                                        :        2 samples, Peak.  68.5 us (1.1x), Avg.  60.8 us, Total. 121.6 us (0.0%)
[Performance] InitializeOnLoad NodeClassCache                                                                                                      :        2 samples, Peak.  36.4 us (1.2x), Avg.  29.2 us, Total. 58.33 us (0.0%)
[Performance] InitializeOnLoad ShaderGraphMaterialsUpdater                                                                                         :        4 samples, Peak.   688 us (1.8x), Avg.   393 us, Total. 1.570 ms (0.0%)
[Performance] InitializeOnLoad PrefabLayoutRebuilder                                                                                               :        2 samples, Peak.   340 us (1.0x), Avg.   335 us, Total. 670.7 us (0.0%)
[Performance] InitializeOnLoad BackgroundWatcher                                                                                                   :        2 samples, Peak.   340 us (1.1x), Avg.   320 us, Total. 640.8 us (0.0%)
[Performance] InitializeOnLoad UnityTestProtocolStarter                                                                                            :        2 samples, Peak.   584 us (1.3x), Avg.   441 us, Total. 882.7 us (0.0%)
[Performance] InitializeOnLoad TestStarter                                                                                                         :        2 samples, Peak.  1.16 ms (1.3x), Avg.   900 us, Total. 1.799 ms (0.0%)
[Performance] InitializeOnLoad RerunCallbackInitializer                                                                                            :        2 samples, Peak.  6.81 ms (1.1x), Avg.  6.39 ms, Total. 12.78 ms (0.0%)
[Performance] InitializeOnLoad EditorToolManager                                                                                                   :        2 samples, Peak.  8.10 ms (1.6x), Avg.  5.01 ms, Total. 10.01 ms (0.0%)
[Performance] InitializeOnLoad Renderer2DAnalytics                                                                                                 :        2 samples, Peak.   264 us (1.4x), Avg.   182 us, Total. 365.0 us (0.0%)
[Performance] InitializeOnLoad RendererDataPatcher                                                                                                 :        2 samples, Peak.  90.7 ms (1.3x), Avg.  71.5 ms, Total. 143.1 ms (0.2%)
[Performance] InitializeOnLoad MaterialReimporter.RegisterUpgraderReimport                                                                         :        4 samples, Peak.   862 us (1.9x), Avg.   445 us, Total. 1.782 ms (0.0%)
[Performance] InitializeOnLoad $BurstDirectCallInitializer.Initialize                                                                              :        2 samples, Peak.  23.1 ms (1.4x), Avg.  16.9 ms, Total. 33.82 ms (0.1%)
[Performance] InitializeOnLoad TestJobDataHolder.ResumeRunningJobs                                                                                 :        2 samples, Peak.   989 us (1.8x), Avg.   557 us, Total. 1.114 ms (0.0%)
[Performance] InitializeOnLoad AnalyticsReporter.RegisterCallbacks                                                                                 :        2 samples, Peak.   341 us (1.2x), Avg.   294 us, Total. 588.5 us (0.0%)
[Performance] InitializeOnLoad CoreRenderPipelinePreferences.InitPreferenceProviders                                                               :        2 samples, Peak.  68.2 ms (1.1x), Avg.  63.1 ms, Total. 126.2 ms (0.2%)
[Performance] InitializeOnLoad VolumeGizmoDrawer.InitVolumeGizmoCallbacks                                                                          :        2 samples, Peak.   506 us (1.1x), Avg.   471 us, Total. 942.9 us (0.0%)
[Performance] DidReloadScriptsTestRunnerWindow.CompilationCallback                                                                                 :        2 samples, Peak.  1.09 ms (1.2x), Avg.   934 us, Total. 1.868 ms (0.0%)
[Performance] DidReloadScriptsTestListCache.ScriptReloaded                                                                                         :        2 samples, Peak.  1.43 ms (1.8x), Avg.   792 us, Total. 1.583 ms (0.0%)
[Performance] DidReloadScriptsDebugWindow.OnEditorReload                                                                                           :        2 samples, Peak.  24.4 ms (1.2x), Avg.  20.6 ms, Total. 41.18 ms (0.1%)
[Performance] DidReloadScriptsLookDev.OnEditorReload                                                                                               :        2 samples, Peak.   302 us (1.1x), Avg.   286 us, Total. 572.3 us (0.0%)
[Performance] DidReloadScriptsVolumeComponentEditor.OnEditorReload                                                                                 :        2 samples, Peak.  40.1 ms (1.1x), Avg.  35.2 ms, Total. 70.39 ms (0.1%)
[Performance] DidReloadScriptsOnScriptsReloadHandler.OnScriptsReloaded                                                                             :        2 samples, Peak.  1.26 ms (1.1x), Avg.  1.16 ms, Total. 2.314 ms (0.0%)
[Performance] DidReloadScriptsAdvancedDropdownWindow.OnScriptReload                                                                                :        2 samples, Peak.   284 us (1.0x), Avg.   277 us, Total. 554.0 us (0.0%)
[Performance] SyncVS.PostprocessSyncProject                                                                                                        :       40 samples, Peak.  2.65 ms (16.5x), Avg.   160 us, Total. 6.409 ms (0.0%)
[Performance] Application.ImportPackagesAndSetTemplateWhenCreatingProject                                                                          :        1 samples, Peak.  94.4 ms (1.0x), Avg.  94.4 ms, Total. 94.41 ms (0.2%)
[Performance] Application.SyncCurrentColorSpace                                                                                                    :        1 samples, Peak.   690 ms (1.0x), Avg.   690 ms, Total. 690.1 ms (1.2%)
[Performance] Application.OnUsbDevicesChanged                                                                                                      :        1 samples, Peak.   585 us (1.0x), Avg.   585 us, Total. 584.8 us (0.0%)
[Performance] Application.AssetInstanceCacheUpdate                                                                                                 :        1 samples, Peak.   250 ns (1.0x), Avg.   250 ns, Total. 250.0 ns (0.0%)
[Performance] Application.UnityExtensions.Initialize                                                                                               :        1 samples, Peak.  8.60 ms (1.0x), Avg.  8.60 ms, Total. 8.597 ms (0.0%)
[Performance] CodeEditorProjectSync.SyncEditorProject                                                                                              :        1 samples, Peak.   217 us (1.0x), Avg.   217 us, Total. 217.2 us (0.0%)
[Performance] Application.ExecuteStartups                                                                                                          :        1 samples, Peak.  94.5 ms (1.0x), Avg.  94.5 ms, Total. 94.53 ms (0.2%)
[Performance] Menu.RegisterMenuInterface                                                                                                           :       26 samples, Peak.   749 us (24.5x), Avg.  30.6 us, Total. 795.3 us (0.0%)
[Performance] Gizmo.RebuildRenderers                                                                                                               :        4 samples, Peak.  89.3 ms (3.7x), Avg.  24.2 ms, Total. 96.75 ms (0.2%)
[Performance] Gizmo.AddGizmoRenderers                                                                                                              :      220 samples, Peak.  4.35 ms (77.6x), Avg.  56.1 us, Total. 12.34 ms (0.0%)
[Performance] Application.editorInitializingProject                                                                                                :        1 samples, Peak.   117 ms (1.0x), Avg.   117 ms, Total. 116.7 ms (0.2%)
[Performance] Application.FinishLoadingProject                                                                                                     :        1 samples, Peak.  18.9 s (1.0x), Avg.  18.9 s, Total. 18.87 s (32.9%)
[Performance] Application.InitializeMenu                                                                                                           :        1 samples, Peak.   158 ms (1.0x), Avg.   158 ms, Total. 158.2 ms (0.3%)
[Performance] Menu.RebuildAll                                                                                                                      :        1 samples, Peak.   158 ms (1.0x), Avg.   158 ms, Total. 157.9 ms (0.3%)
[Performance] Menu.BuildRegisteredMenuInterfaces                                                                                                   :        1 samples, Peak.   143 ms (1.0x), Avg.   143 ms, Total. 143.5 ms (0.3%)
[Performance] Menu.FilterMenuItem                                                                                                                  :     1056 samples, Peak.  67.4 ms (1029.1x), Avg.  65.5 us, Total. 69.21 ms (0.1%)
[Performance] UpdateAllMenus                                                                                                                       :        3 samples, Peak.   139 ms (2.7x), Avg.  51.8 ms, Total. 155.5 ms (0.3%)
[Performance] Selection.selectionChanged: UnityEditor.PackageManager.UI.Internal.SelectionProxy.OnSelectionChanged                                 :        1 samples, Peak.   949 us (1.0x), Avg.   949 us, Total. 949.1 us (0.0%)
[Performance] Selection.selectionChanged: UnityEditorInternal.EditMode.OnSelectionChange                                                           :        1 samples, Peak.   605 us (1.0x), Avg.   605 us, Total. 604.7 us (0.0%)
[Performance] EditorSceneManager.sceneClosing: UnityEditor.SceneVisibilityManager.EditorSceneManagerOnSceneClosing                                 :        5 samples, Peak.   568 us (1.9x), Avg.   297 us, Total. 1.485 ms (0.0%)
[Performance] EditorSceneManager.sceneClosed: callback in UnityEditor.Search.SearchMonitor                                                         :        4 samples, Peak.   188 us (2.1x), Avg.  90.2 us, Total. 360.9 us (0.0%)
[Performance] EditorSceneManager.activeSceneChangedInEditMode: callback in UnityEditor.Search.SearchMonitor                                        :        4 samples, Peak.  46.2 us (1.6x), Avg.  28.7 us, Total. 114.8 us (0.0%)
[Performance] GUIView.RepaintAll.PlayerLoopController                                                                                              :      123 samples, Peak.   553 ms (58.9x), Avg.  9.38 ms, Total. 1.154 s (2.0%)
[Performance] EditorSceneManager.newSceneCreated: UnityEditor.SceneTemplate.SceneTemplateService.OnNewSceneCreated                                 :        2 samples, Peak.   388 us (2.0x), Avg.   196 us, Total. 391.0 us (0.0%)
[Performance] EditorSceneManager.newSceneCreated: UnityEditor.SceneVisibilityManager.EditorSceneManagerOnNewSceneCreated                           :        2 samples, Peak.   238 us (1.9x), Avg.   123 us, Total. 246.4 us (0.0%)
[Performance] EditorSceneManager.newSceneCreated: UnityEditor.SceneManagement.StageNavigationManager.OnNewSceneCreated                             :        2 samples, Peak.  88.0 us (1.7x), Avg.  51.4 us, Total. 102.8 us (0.0%)
[Performance] Application.InvokeFinishedLoadingProject                                                                                             :        1 samples, Peak.  44.3 ms (1.0x), Avg.  44.3 ms, Total. 44.26 ms (0.1%)
[Performance] ProcessService.OnProjectLoaded                                                                                                       :        1 samples, Peak.   140 us (1.0x), Avg.   140 us, Total. 139.7 us (0.0%)
[Performance] VersionControl.Task.Wait                                                                                                             :        1 samples, Peak.   217 us (1.0x), Avg.   217 us, Total. 217.4 us (0.0%)
[Performance] AssetDatabase.Refresh                                                                                                                :        1 samples, Peak.   591 ms (1.0x), Avg.   591 ms, Total. 591.0 ms (1.0%)
[Performance] AssetDatabase.ImportAsset                                                                                                            :       34 samples, Peak.   872 ms (2.1x), Avg.   418 ms, Total. 14.21 s (24.8%)
[Performance] PresetManagerPostProcessor.OnPreprocessAsset                                                                                         :       41 samples, Peak.   823 us (17.0x), Avg.  48.3 us, Total. 1.982 ms (0.0%)
[Performance] CancelSplashScreenOnAssetChange.OnPreprocessAsset                                                                                    :       41 samples, Peak.   843 us (33.1x), Avg.  25.5 us, Total. 1.045 ms (0.0%)
[Performance] ShaderGraphAssetPostProcessor.OnPreprocessAsset                                                                                      :       41 samples, Peak.  2.10 ms (36.4x), Avg.  57.8 us, Total. 2.371 ms (0.0%)
[Performance] SceneDataContainer.TransformHierarchyChangedSetParentCallback                                                                        :     2568 samples, Peak.  1.55 ms (857.6x), Avg.  1.80 us, Total. 4.632 ms (0.0%)
[Performance] SceneVisibilityState.IsFlagSetInParents                                                                                              :     9105 samples, Peak.  1.54 ms (2476.6x), Avg.   623 ns, Total. 5.676 ms (0.0%)
[Performance] AssetDatabase.ImportAssets                                                                                                           :       44 samples, Peak.  61.9 ms (24.5x), Avg.  2.53 ms, Total. 111.2 ms (0.2%)
[Performance] BuilderAssetPostprocessor.OnPostprocessAllAssets                                                                                     :       76 samples, Peak.  7.05 ms (24.9x), Avg.   283 us, Total. 21.52 ms (0.0%)
[Performance] ArtifactBrowserPostProcessor.OnPostprocessAllAssets                                                                                  :       76 samples, Peak.   759 us (22.0x), Avg.  34.6 us, Total. 2.626 ms (0.0%)
[Performance] AssetEvents.OnPostprocessAllAssets                                                                                                   :      152 samples, Peak.   377 us (17.7x), Avg.  21.3 us, Total. 3.236 ms (0.0%)
[Performance] AudioMixerPostprocessor.OnPostprocessAllAssets                                                                                       :       76 samples, Peak.  2.51 ms (48.0x), Avg.  52.2 us, Total. 3.968 ms (0.0%)
[Performance] StyleCatalogPostProcessor.OnPostprocessAllAssets                                                                                     :       76 samples, Peak.  33.0 ms (36.2x), Avg.   911 us, Total. 69.27 ms (0.1%)
[Performance] BuildCatalog                                                                                                                         :        2 samples, Peak.  31.3 ms (1.3x), Avg.  24.6 ms, Total. 49.28 ms (0.1%)
[Performance] ModelImporterPostProcessor.OnPostprocessAllAssets                                                                                    :       76 samples, Peak.  26.7 ms (5.3x), Avg.  5.08 ms, Total. 386.0 ms (0.7%)
[Performance] MaterialPostprocessor.OnPostprocessAllAssets                                                                                         :      152 samples, Peak.  5.74 ms (31.5x), Avg.   182 us, Total. 27.67 ms (0.0%)
[Performance] RetainedModeAssetPostprocessor.OnPostprocessAllAssets                                                                                :       76 samples, Peak.  3.39 ms (20.5x), Avg.   166 us, Total. 12.58 ms (0.0%)
[Performance] AssetChangedListener.OnPostprocessAllAssets                                                                                          :       76 samples, Peak.  12.1 ms (17.3x), Avg.   697 us, Total. 52.96 ms (0.1%)
[Performance] PostProcessor.OnPostprocessAllAssets                                                                                                 :       76 samples, Peak.   811 us (13.9x), Avg.  58.2 us, Total. 4.427 ms (0.0%)
[Performance] ShaderGraphAssetPostProcessor.OnPostprocessAllAssets                                                                                 :       76 samples, Peak.  3.15 ms (9.0x), Avg.   349 us, Total. 26.49 ms (0.0%)
[Performance] SpeedTreePostProcessor.OnPostprocessAllAssets                                                                                        :       76 samples, Peak.   392 us (14.4x), Avg.  27.3 us, Total. 2.073 ms (0.0%)
[Performance] TextAssetPostProcessor.OnPostprocessAllAssets                                                                                        :       76 samples, Peak.   632 us (21.0x), Avg.  30.1 us, Total. 2.290 ms (0.0%)
[Performance] ModelImporter.Import                                                                                                                 :       30 samples, Peak.   785 ms (2.0x), Avg.   389 ms, Total. 11.66 s (20.4%)
[Performance] FBXMaterialDescriptionPreprocessor.OnPreprocessMaterialDescription                                                                   :       60 samples, Peak.  9.97 ms (13.3x), Avg.   747 us, Total. 44.85 ms (0.1%)
[Performance] SketchupMaterialDescriptionPreprocessor.OnPreprocessMaterialDescription                                                              :       60 samples, Peak.   920 us (14.8x), Avg.  62.0 us, Total. 3.721 ms (0.0%)
[Performance] ThreeDSMaterialDescriptionPreprocessor.OnPreprocessMaterialDescription                                                               :       60 samples, Peak.  2.28 ms (38.0x), Avg.  60.0 us, Total. 3.598 ms (0.0%)
[Performance] AutodeskInteractiveMaterialImport.OnPreprocessMaterialDescription                                                                    :       30 samples, Peak.  3.37 ms (26.3x), Avg.   128 us, Total. 3.855 ms (0.0%)
[Performance] FBXArnoldSurfaceMaterialDescriptionPreprocessor.OnPreprocessMaterialDescription                                                      :       30 samples, Peak.   400 us (11.2x), Avg.  35.8 us, Total. 1.074 ms (0.0%)
[Performance] PhysicalMaterial3DsMaxPreprocessor.OnPreprocessMaterialDescription                                                                   :       30 samples, Peak.   275 us (9.6x), Avg.  28.7 us, Total. 861.1 us (0.0%)
[Performance] ModelPostprocessor.OnPostprocessModel                                                                                                :       30 samples, Peak.  14.6 ms (22.6x), Avg.   645 us, Total. 19.34 ms (0.0%)
[Performance] TreeAOImporter.OnPostprocessModel                                                                                                    :       30 samples, Peak.  1.48 ms (14.7x), Avg.   101 us, Total. 3.019 ms (0.0%)
[Performance] AssetDatabase.DeleteAssets                                                                                                           :        1 samples, Peak.   123 ms (1.0x), Avg.   123 ms, Total. 123.4 ms (0.2%)
[Performance] BuilderAssetModificationProcessor.OnWillDeleteAsset                                                                                  :        1 samples, Peak.  1.03 ms (1.0x), Avg.  1.03 ms, Total. 1.030 ms (0.0%)
[Performance] TMP_FontAssetPostProcessor.OnWillDeleteAsset                                                                                         :        1 samples, Peak.   212 us (1.0x), Avg.   212 us, Total. 211.6 us (0.0%)
[Performance] CancelSplashScreenOnAssetDelete.OnWillDeleteAsset                                                                                    :        1 samples, Peak.   152 us (1.0x), Avg.   152 us, Total. 151.5 us (0.0%)
[Performance] ShaderImporter.SourceAssetModified                                                                                                   :        4 samples, Peak.   750 ns (1.8x), Avg.   427 ns, Total. 1.708 us (0.0%)
[Performance] ShaderIncludeImporter.SourceAssetModified                                                                                            :        4 samples, Peak.   959 ns (1.3x), Avg.   760 ns, Total. 3.042 us (0.0%)
[Performance] EditorApplication.projectChanged: UnityEditor.Audio.MixerEffectDefinitionReloader.OnProjectChanged                                   :        3 samples, Peak.  1.56 ms (2.0x), Avg.   797 us, Total. 2.392 ms (0.0%)
[Performance] MaterialModificationProcessor.OnWillCreateAsset                                                                                      :        6 samples, Peak.   272 us (3.1x), Avg.  86.9 us, Total. 521.4 us (0.0%)
[Performance] BuilderAssetModificationProcessor.OnWillCreateAsset                                                                                  :        3 samples, Peak.   256 us (2.6x), Avg.   100 us, Total. 300.0 us (0.0%)
[Performance] Undo.willFlushUndoRecord: UnityEditor.DrivenRectTransformUndo.ForceUpdateCanvases                                                    :        1 samples, Peak.   171 us (1.0x), Avg.   171 us, Total. 171.5 us (0.0%)
[Performance] BuilderAssetModificationProcessor.OnWillSaveAssets                                                                                   :        3 samples, Peak.   758 us (2.1x), Avg.   368 us, Total. 1.105 ms (0.0%)
[Performance] TerrainModificationProcessor.OnWillSaveAssets                                                                                        :        3 samples, Peak.  1.16 ms (1.6x), Avg.   750 us, Total. 2.250 ms (0.0%)
[Performance] EditorSceneManager.sceneSaving: UnityEditor.SceneTemplate.SceneTemplateService.OnSceneSaving                                         :        1 samples, Peak.   375 us (1.0x), Avg.   375 us, Total. 374.5 us (0.0%)
[Performance] EditorSceneManager.sceneSaving: UnityEditor.SceneVisibilityManager.EditorSceneManagerOnSceneSaving                                   :        1 samples, Peak.   150 us (1.0x), Avg.   150 us, Total. 149.7 us (0.0%)
[Performance] EditorSceneManager.sceneSaved: UnityEditor.SceneTemplate.SceneTemplateService.OnSceneSaved                                           :        1 samples, Peak.   259 ms (1.0x), Avg.   259 ms, Total. 259.3 ms (0.5%)
[Performance] EditorSceneManager.sceneSaved: UnityEditor.SceneVisibilityManager.EditorSceneManagerOnSceneSaved                                     :        1 samples, Peak.   174 us (1.0x), Avg.   174 us, Total. 173.5 us (0.0%)
[Performance] EditorSceneManager.sceneOpening: UnityEditor.SceneVisibilityManager.EditorSceneManagerOnSceneOpening                                 :        1 samples, Peak.   348 us (1.0x), Avg.   348 us, Total. 348.5 us (0.0%)
[Performance] Inspector.InitOrRebuild                                                                                                              :        3 samples, Peak.  4.75 ms (1.8x), Avg.  2.66 ms, Total. 7.975 ms (0.0%)
[Performance] EditorSceneManager.sceneOpened: callback in UnityEditor.Search.SearchMonitor                                                         :        1 samples, Peak.  73.0 us (1.0x), Avg.  73.0 us, Total. 72.96 us (0.0%)
[Performance] EditorSceneManager.sceneOpened: UnityEditor.SceneTemplate.SceneTemplateService.OnSceneOpened                                         :        1 samples, Peak.  1.36 ms (1.0x), Avg.  1.36 ms, Total. 1.362 ms (0.0%)
[Performance] EditorSceneManager.sceneOpened: UnityEditor.SceneVisibilityManager.EditorSceneManagerOnSceneOpened                                   :        1 samples, Peak.   460 us (1.0x), Avg.   460 us, Total. 460.3 us (0.0%)
[Performance] EditorSceneManager.sceneOpened: UnityEditor.SceneManagement.StageNavigationManager.OnSceneOpened                                     :        1 samples, Peak.  62.3 us (1.0x), Avg.  62.3 us, Total. 62.33 us (0.0%)
[Performance] Menu.Game                                                                                                                            :        1 samples, Peak.   723 ms (1.0x), Avg.   723 ms, Total. 723.1 ms (1.3%)
[Performance] MenuItem.Game                                                                                                                        :        1 samples, Peak.   723 ms (1.0x), Avg.   723 ms, Total. 722.5 ms (1.3%)
[Performance] EditorResources.Load                                                                                                                 :      221 samples, Peak.  56.3 ms (107.6x), Avg.   524 us, Total. 115.8 ms (0.2%)
[Performance] EditorApplication.playModeStateChanged                                                                                               :        2 samples, Peak.  4.97 ms (1.2x), Avg.  4.18 ms, Total. 8.356 ms (0.0%)
[Performance] EditorApplication.playModeStateChanged: UnityEditor.PackageManager.UI.Internal.PlayModeDownload.PlayModeStateChanged                 :        4 samples, Peak.   865 us (2.4x), Avg.   362 us, Total. 1.447 ms (0.0%)
[Performance] EditorApplication.playModeStateChanged: UnityEditor.SceneManagement.EditorSceneManager.PlayModeStateChangedCallback                  :        4 samples, Peak.  61.7 us (2.2x), Avg.  27.5 us, Total. 109.9 us (0.0%)
[Performance] EditorApplication.playModeStateChanged: UnityEditor.Search.SearchMonitor.OnPlayModeChanged                                           :        3 samples, Peak.  1.00 ms (2.4x), Avg.   410 us, Total. 1.229 ms (0.0%)
[Performance] EditorApplication.playModeStateChanged: Unity.Burst.Editor.BurstLoader.EditorApplicationOnPlayModeStateChanged                       :        4 samples, Peak.   814 us (2.7x), Avg.   304 us, Total. 1.217 ms (0.0%)
[Performance] EditorApplication.playModeStateChanged: UnityEngine.Rendering.Universal.ShadowCasterGroup2DManager.OnPlayModeStateChanged            :        4 samples, Peak.   554 us (2.2x), Avg.   250 us, Total. 1.001 ms (0.0%)
[Performance] EditorApplication.playModeStateChanged: UnityEditor.TestTools.TestRunner.PlaymodeLauncher+BackgroundWatcher.OnPlayModeStateChanged   :        4 samples, Peak.  2.37 ms (2.5x), Avg.   965 us, Total. 3.859 ms (0.0%)
[Performance] EditorApplication.playModeStateChanged: UnityEditor.PackageManager.UI.Internal.ApplicationProxy.PlayModeStateChanged                 :        4 samples, Peak.   512 us (2.7x), Avg.   188 us, Total. 753.3 us (0.0%)
[Performance] EditorApplication.playModeStateChanged: UnityEditor.SceneVisibilityManager.EditorApplicationPlayModeStateChanged                     :        4 samples, Peak.   119 us (2.6x), Avg.  45.3 us, Total. 181.2 us (0.0%)
[Performance] EditorApplication.playModeStateChanged: UnityEditor.TestTools.TestRunner.TestRunnerWindow.OnPlayModeStateChanged                     :        4 samples, Peak.   563 us (3.2x), Avg.   174 us, Total. 697.3 us (0.0%)
[Performance] EditorApplication.playModeStateChanged: UnityEditor.GameView.OnPlayModeStateChanged                                                  :        4 samples, Peak.   149 us (2.7x), Avg.  54.4 us, Total. 217.7 us (0.0%)
[Performance] EditorApplication.playModeStateChanged: UnityEditor.UIElements.DefaultEditorWindowBackend.PlayModeStateChangedCallback               :        4 samples, Peak.   797 us (1.6x), Avg.   499 us, Total. 1.995 ms (0.0%)
[Performance] Application.InvokeProjectWasLoaded                                                                                                   :        1 samples, Peak.  39.2 us (1.0x), Avg.  39.2 us, Total. 39.21 us (0.0%)
[Performance] Application.Tick                                                                                                                     :      119 samples, Peak.  5.59 s (43.5x), Avg.   129 ms, Total. 15.29 s (26.7%)
[Performance] CheckLicensingClient                                                                                                                 :        3 samples, Peak.   248 us (1.6x), Avg.   160 us, Total. 478.6 us (0.0%)
[Performance] CheckLicensingClientNotification                                                                                                     :        3 samples, Peak.   280 us (1.6x), Avg.   175 us, Total. 524.6 us (0.0%)
[Performance] Application.TickVersionControl                                                                                                       :      120 samples, Peak.   231 us (46.5x), Avg.  4.97 us, Total. 596.9 us (0.0%)
[Performance] MonoCompiler.Tick                                                                                                                    :       40 samples, Peak.  4.90 s (40.0x), Avg.   123 ms, Total. 4.905 s (8.6%)
[Performance] Application.EnterPlayMode                                                                                                            :        1 samples, Peak.  4.88 s (1.0x), Avg.  4.88 s, Total. 4.879 s (8.5%)
[Performance] Application.Reload                                                                                                                   :        1 samples, Peak.  2.23 s (1.0x), Avg.  2.23 s, Total. 2.225 s (3.9%)
[Performance] AssemblyReloadEvents.beforeAssemblyReload: UnityEditor.Search.SearchMonitor.OnBeforeAssemblyReload                                   :        1 samples, Peak.  2.93 ms (1.0x), Avg.  2.93 ms, Total. 2.929 ms (0.0%)
[Performance] UnityBuildPostprocessor.OnProcessScene                                                                                               :        1 samples, Peak.  2.27 ms (1.0x), Avg.  2.27 ms, Total. 2.274 ms (0.0%)
[Performance] GameView.Repaint                                                                                                                     :      122 samples, Peak.   536 ms (61.1x), Avg.  8.78 ms, Total. 1.071 s (1.9%)
[Performance] RefreshSkin                                                                                                                          :        1 samples, Peak.   133 ms (1.0x), Avg.   133 ms, Total. 133.4 ms (0.2%)
[Performance] UnityConnect.Tick                                                                                                                    :        2 samples, Peak.  14.6 ms (1.9x), Avg.  7.79 ms, Total. 15.58 ms (0.0%)
[Performance] Collab.Tick                                                                                                                          :        2 samples, Peak.   232 us (1.1x), Avg.   216 us, Total. 431.3 us (0.0%)
[Performance] CurlRequest.Tick                                                                                                                     :       63 samples, Peak.   411 us (52.9x), Avg.  7.76 us, Total. 488.7 us (0.0%)
[Performance] WebSocketClient.Tick                                                                                                                 :       63 samples, Peak.   249 us (51.8x), Avg.  4.81 us, Total. 302.8 us (0.0%)
[Performance] AssetDatabase.Tick                                                                                                                   :       63 samples, Peak.   119 us (50.9x), Avg.  2.34 us, Total. 147.1 us (0.0%)
[Performance] SceneBackgroundTask.Tick                                                                                                             :       53 samples, Peak.  1.33 us (3.6x), Avg.   368 ns, Total. 19.50 us (0.0%)
[Performance] Scheduler.Tick                                                                                                                       :      120 samples, Peak.  7.70 ms (72.2x), Avg.   107 us, Total. 12.81 ms (0.0%)
[Performance] RepaintAllProfilerWindows                                                                                                            :       19 samples, Peak.   376 us (12.4x), Avg.  30.2 us, Total. 574.7 us (0.0%)
[Performance] PlayerUpdates.Tick                                                                                                                   :      120 samples, Peak.  48.7 us (3.0x), Avg.  16.1 us, Total. 1.929 ms (0.0%)
[Performance] Application.TickGlobalCallbacks                                                                                                      :      120 samples, Peak.   195 ms (97.1x), Avg.  2.01 ms, Total. 240.7 ms (0.4%)
[Performance] EditorAnalytics.Tick                                                                                                                 :       35 samples, Peak.   441 us (21.2x), Avg.  20.8 us, Total. 726.8 us (0.0%)
[Performance] Video.Update                                                                                                                         :      120 samples, Peak.  3.75 us (7.0x), Avg.   535 ns, Total. 64.26 us (0.0%)
[Performance] Application.TickProgress                                                                                                             :      120 samples, Peak.  7.21 ms (116.3x), Avg.  62.0 us, Total. 7.443 ms (0.0%)
[Performance] Application.TickSceneTracker                                                                                                         :      120 samples, Peak.  31.0 ms (98.3x), Avg.   316 us, Total. 37.86 ms (0.1%)
[Performance] ObjectChangeEvents.changesPublished: UnityEditor.PrefabInstanceChangedListener.OnObjectChanged                                       :        1 samples, Peak.  1.22 ms (1.0x), Avg.  1.22 ms, Total. 1.222 ms (0.0%)
[Performance] ObjectChangeEvents.changesPublished: UnityEditor.Search.SearchMonitor.OnObjectChanged                                                :        1 samples, Peak.   660 us (1.0x), Avg.   660 us, Total. 659.9 us (0.0%)
[Performance] EditorApplication.update                                                                                                             :      120 samples, Peak.  23.9 ms (95.2x), Avg.   251 us, Total. 30.11 ms (0.1%)
[Performance] EditorApplication.update: UnityEngine.Rendering.ProbeSubdivisionContext+RealtimeProbeSubdivisionDebug.UpdateRealtimeSubdivisionDebug :      120 samples, Peak.  6.15 ms (114.2x), Avg.  53.9 us, Total. 6.464 ms (0.0%)
[Performance] EditorApplication.update: callback in UnityEditor.Rendering.Universal.MaterialReimporter                                             :      120 samples, Peak.  8.45 ms (114.4x), Avg.  73.9 us, Total. 8.864 ms (0.0%)
[Performance] EditorApplication.update: UnityEditor.PackageManager.UI.Internal.ApplicationProxy.OnUpdate                                           :      120 samples, Peak.  1.48 ms (41.2x), Avg.  36.0 us, Total. 4.315 ms (0.0%)
[Performance] EditorApplication.update: UnityEditor.GameView.RepaintIfNeeded                                                                       :      120 samples, Peak.   187 us (47.3x), Avg.  3.95 us, Total. 474.5 us (0.0%)
[Performance] EditorApplication.update: UnityEditor.SceneManagement.StageNavigationManager.Update                                                  :      120 samples, Peak.   664 us (83.5x), Avg.  7.95 us, Total. 954.3 us (0.0%)
[Performance] EditorApplication.update: GLTFast.OnScriptsReloadHandler.Progress                                                                    :        1 samples, Peak.  4.28 ms (1.0x), Avg.  4.28 ms, Total. 4.281 ms (0.0%)
[Performance] EditorApplication.update: UnityEditor.Rendering.Universal.SceneViewDrawMode.UpdateSceneViewStates                                    :      120 samples, Peak.   729 us (76.1x), Avg.  9.58 us, Total. 1.150 ms (0.0%)
[Performance] Package.AsyncRequest                                                                                                                 :        1 samples, Peak.   561 us (1.0x), Avg.   561 us, Total. 561.3 us (0.0%)
[Performance] ConsoleLog.Tick                                                                                                                      :       40 samples, Peak.   690 us (31.6x), Avg.  21.8 us, Total. 872.8 us (0.0%)
[Performance] HierarchyWindow.Tick                                                                                                                 :       53 samples, Peak.  1.01 ms (38.0x), Avg.  26.7 us, Total. 1.413 ms (0.0%)
[Performance] EditorApplication.hierarchyChanged: Unity.UIElements.Editor.UIDocumentHierarchyWatcher.OnHierarchyChanged                            :        2 samples, Peak.   245 us (1.2x), Avg.   209 us, Total. 418.3 us (0.0%)
[Performance] Inspector.Tick                                                                                                                       :       52 samples, Peak.   334 ms (51.8x), Avg.  6.44 ms, Total. 334.8 ms (0.6%)
[Performance] EditorApplication.delayCall: UnityEditor.ShortcutManagement.ShortcutIntegration.EnsureShortcutsAreInitialized                        :        1 samples, Peak.  60.2 ms (1.0x), Avg.  60.2 ms, Total. 60.24 ms (0.1%)
[Performance] EditorApplication.delayCall: callback in UnityEditor.Rendering.Universal.RendererDataPatcher                                         :        1 samples, Peak.   270 ms (1.0x), Avg.   270 ms, Total. 270.3 ms (0.5%)
[Performance] EditorApplication.delayCall: callback in UnityEditor.SceneVisibilityManager                                                          :        1 samples, Peak.  2.43 ms (1.0x), Avg.  2.43 ms, Total. 2.433 ms (0.0%)
[Performance] EditorApplication.delayCall: callback in UnityEditor.EditorTools.ToolShortcutContext                                                 :        1 samples, Peak.   250 us (1.0x), Avg.   250 us, Total. 249.7 us (0.0%)
[Performance] EditorApplication.delayCall: callback in UnityEditor.EditorWindow                                                                    :        1 samples, Peak.  63.1 us (1.0x), Avg.  63.1 us, Total. 63.12 us (0.0%)
[Performance] Tooltip.Tick                                                                                                                         :      119 samples, Peak.  22.6 us (29.3x), Avg.   770 ns, Total. 91.58 us (0.0%)
[Performance] Application.RequestRepaintForPanels                                                                                                  :      119 samples, Peak.  1.02 ms (90.5x), Avg.  11.3 us, Total. 1.341 ms (0.0%)
[Performance] Application.UpdateScene                                                                                                              :      119 samples, Peak.   106 ms (1.4x), Avg.  77.2 ms, Total. 9.182 s (16.0%)
[Performance] PackageImporter.Tick                                                                                                                 :       39 samples, Peak.  2.63 us (5.0x), Avg.   526 ns, Total. 20.50 us (0.0%)
[Performance] InspectorBackground.Tick                                                                                                             :       51 samples, Peak.  1.54 us (2.5x), Avg.   628 ns, Total. 32.04 us (0.0%)
[Performance] BurstDebug.Tick                                                                                                                      :       18 samples, Peak.  3.00 us (2.4x), Avg.  1.27 us, Total. 22.87 us (0.0%)
[Performance] Application.ChangeLayoutIfNeeded                                                                                                     :      119 samples, Peak.  1.83 us (18.9x), Avg.  97.0 ns, Total. 11.54 us (0.0%)
[Performance] AsyncReadManager.ForceCloseFiles                                                                                                     :       10 samples, Peak.   160 us (8.8x), Avg.  18.1 us, Total. 180.5 us (0.0%)
[Performance] Application.Message                                                                                                                  :      119 samples, Peak.  8.17 us (5.1x), Avg.  1.60 us, Total. 190.8 us (0.0%)
[Performance] Application.ExitPlayMode                                                                                                             :        1 samples, Peak.   575 ms (1.0x), Avg.   575 ms, Total. 574.6 ms (1.0%)
[Performance] CoreBusinessMetrics.Tick                                                                                                             :        1 samples, Peak.   464 us (1.0x), Avg.   464 us, Total. 464.3 us (0.0%)
[Performance] GI.Tick                                                                                                                              :        1 samples, Peak.  36.3 ms (1.0x), Avg.  36.3 ms, Total. 36.32 ms (0.1%)
[Performance] UnitySynchronization.ExecuteTasks                                                                                                    :        1 samples, Peak.  10.2 us (1.0x), Avg.  10.2 us, Total. 10.21 us (0.0%)
[Performance] Application.TickPreloadManager                                                                                                       :        1 samples, Peak.  21.8 us (1.0x), Avg.  21.8 us, Total. 21.75 us (0.0%)
[Performance] Application.Shutdown.CollabTerminate                                                                                                 :        1 samples, Peak.  29.1 us (1.0x), Avg.  29.1 us, Total. 29.12 us (0.0%)
[Performance] Application.Shutdown.CollabCleanup                                                                                                   :        1 samples, Peak.  4.33 ms (1.0x), Avg.  4.33 ms, Total. 4.331 ms (0.0%)
[Performance] Application.Shutdown.SaveDefaultWindowPreferences                                                                                    :        1 samples, Peak.   451 us (1.0x), Avg.   451 us, Total. 451.3 us (0.0%)
[Performance] Application.Shutdown.SaveSceneManagerSetup                                                                                           :        1 samples, Peak.   354 us (1.0x), Avg.   354 us, Total. 354.0 us (0.0%)
[Performance] Application.Shutdown.CleanupAllContainerWindows                                                                                      :        1 samples, Peak.  62.0 ms (1.0x), Avg.  62.0 ms, Total. 62.01 ms (0.1%)
[Performance] EditorApplication.quitting: Unity.Burst.Editor.BurstLoader.OnEditorApplicationQuitting                                               :        1 samples, Peak.   284 us (1.0x), Avg.   284 us, Total. 283.7 us (0.0%)
[Performance] EditorApplication.quitting: callback in UnityEditor.TextCore.Text.EditorEventCallbacks                                               :        1 samples, Peak.  30.3 ms (1.0x), Avg.  30.3 ms, Total. 30.29 ms (0.1%)
[Performance] EditorApplication.quitting: UnityEditor.Search.SearchMonitor.OnQuitting                                                              :        1 samples, Peak.  3.92 ms (1.0x), Avg.  3.92 ms, Total. 3.915 ms (0.0%)
[Performance] Application.Shutdown.PauseProfilerSession                                                                                            :        1 samples, Peak.  45.3 us (1.0x), Avg.  45.3 us, Total. 45.25 us (0.0%)
[Performance] Application.Shutdown.PauseAssetImportWorkers                                                                                         :        1 samples, Peak.  1.72 ms (1.0x), Avg.  1.72 ms, Total. 1.718 ms (0.0%)
[Performance] Application.Shutdown.SaveAssets                                                                                                      :        1 samples, Peak.  27.8 ms (1.0x), Avg.  27.8 ms, Total. 27.80 ms (0.0%)
[Performance] Application.Shutdown.CleanupRenderPipeline                                                                                           :        1 samples, Peak.  1.00 ms (1.0x), Avg.  1.00 ms, Total. 1.002 ms (0.0%)
[Performance] Application.Shutdown.StopPreloadManager                                                                                              :        1 samples, Peak.  10.4 ms (1.0x), Avg.  10.4 ms, Total. 10.42 ms (0.0%)
[Performance] Application.Shutdown.DestroyWorld                                                                                                    :        1 samples, Peak.  6.31 ms (1.0x), Avg.  6.31 ms, Total. 6.313 ms (0.0%)
[Performance] Application.Shutdown.CleanupAfterLoad                                                                                                :        1 samples, Peak.   436 ms (1.0x), Avg.   436 ms, Total. 435.8 ms (0.8%)
[Performance] Application.Shutdown.Progress                                                                                                        :        1 samples, Peak.  94.9 us (1.0x), Avg.  94.9 us, Total. 94.92 us (0.0%)
[Performance] Application.Shutdown.GICleanupManagers                                                                                               :        1 samples, Peak.  8.22 ms (1.0x), Avg.  8.22 ms, Total. 8.216 ms (0.0%)
[Performance] Application.Shutdown.MenuCleanupClass                                                                                                :        1 samples, Peak.  1.20 ms (1.0x), Avg.  1.20 ms, Total. 1.199 ms (0.0%)
[Performance] Application.Shutdown.ADBSaveStateBeforeShutdown                                                                                      :        1 samples, Peak.  55.4 us (1.0x), Avg.  55.4 us, Total. 55.42 us (0.0%)
[Performance] Application.Shutdown.RemoteShutdown                                                                                                  :        1 samples, Peak.   667 ns (1.0x), Avg.   667 ns, Total. 667.0 ns (0.0%)
[Performance] Application.Shutdown.CleanupVCProvider                                                                                               :        1 samples, Peak.   209 us (1.0x), Avg.   209 us, Total. 208.8 us (0.0%)
[Performance] Application.Shutdown.InputShutdown                                                                                                   :        1 samples, Peak.   334 us (1.0x), Avg.   334 us, Total. 333.9 us (0.0%)
[Performance] Application.Shutdown.GizmoManagerDestroy                                                                                             :        1 samples, Peak.  1.45 ms (1.0x), Avg.  1.45 ms, Total. 1.450 ms (0.0%)
[Performance] Application.Shutdown.ProfilerSession                                                                                                 :        1 samples, Peak.  3.79 ms (1.0x), Avg.  3.79 ms, Total. 3.785 ms (0.0%)
[Performance] Application.Shutdown.ReleaseGfxWindowOnAllGUIViews                                                                                   :        1 samples, Peak.   833 ns (1.0x), Avg.   833 ns, Total. 833.0 ns (0.0%)
[Performance] Application.Shutdown.CleanupEngine                                                                                                   :        1 samples, Peak.   210 ms (1.0x), Avg.   210 ms, Total. 209.7 ms (0.4%)
[Performance] Application.Shutdown.CleanupAssetDatabase                                                                                            :        1 samples, Peak.  17.1 ms (1.0x), Avg.  17.1 ms, Total. 17.09 ms (0.0%)
[Performance] Application.Shutdown.ScriptCompilationCleanUp                                                                                        :        1 samples, Peak.   240 us (1.0x), Avg.   240 us, Total. 239.7 us (0.0%)
[Performance] Application.Shutdown.DestroyJobSystem                                                                                                :        1 samples, Peak.   228 us (1.0x), Avg.   228 us, Total. 228.0 us (0.0%)
[Performance] Application.Shutdown.CleanupPersistentManager                                                                                        :        1 samples, Peak.  6.98 ms (1.0x), Avg.  6.98 ms, Total. 6.985 ms (0.0%)
[Performance] Application.Shutdown.CleanupAsyncReadManager                                                                                         :        1 samples, Peak.   407 us (1.0x), Avg.   407 us, Total. 407.0 us (0.0%)
[Performance] Application.Shutdown.CleanupMono                                                                                                     :        1 samples, Peak.   352 ms (1.0x), Avg.   352 ms, Total. 351.8 ms (0.6%)
[Performance] Application.Shutdown.CleanupStdConverters                                                                                            :        1 samples, Peak.  11.5 us (1.0x), Avg.  11.5 us, Total. 11.46 us (0.0%)
[Performance] Application.Shutdown.UnloadAllPlatformSupportModuleNativeDlls                                                                        :        1 samples, Peak.  3.42 us (1.0x), Avg.  3.42 us, Total. 3.416 us (0.0%)
[Performance] Application.Shutdown.UnloadAllPlatformSupportNativeLibraries                                                                         :        1 samples, Peak.  1.58 us (1.0x), Avg.  1.58 us, Total. 1.583 us (0.0%)
[Performance] Application.Shutdown.CleanupAutoDocumentation                                                                                        :        1 samples, Peak.  2.29 ms (1.0x), Avg.  2.29 ms, Total. 2.294 ms (0.0%)
[Performance] Application.Shutdown.ShaderNameManagerDestroy                                                                                        :        1 samples, Peak.   252 us (1.0x), Avg.   252 us, Total. 252.1 us (0.0%)
[Performance] Application.Shutdown.CleanupCacheServer                                                                                              :        1 samples, Peak.   208 ns (1.0x), Avg.   208 ns, Total. 208.0 ns (0.0%)
[Performance] Application.Shutdown.Virtualization_Shutdown                                                                                         :        1 samples, Peak.   173 us (1.0x), Avg.   173 us, Total. 172.9 us (0.0%)
[Performance] Application.Shutdown.DevConnections                                                                                                  :        1 samples, Peak.   240 us (1.0x), Avg.   240 us, Total. 240.3 us (0.0%)
[Package Manager] Server::Kill -- Server was shutdown
Checking for leaked weakptr:
  Found no leaked weakptrs.
Memory Statistics:
[ALLOC_TEMP_TLS] TLS Allocator
  StackAllocators : 
    [ALLOC_TEMP_CurlRequest]
      Initial Block Size 64.0 KB
      Current Block Size 64.0 KB
      Peak Allocated Bytes 0 B
      Overflow Count 0
    [ALLOC_TEMP_MAIN]
      Peak usage frame count: [2.0 MB-4.0 MB]: 118 frames, [8.0 MB-16.0 MB]: 1 frames
      Initial Block Size 16.0 MB
      Current Block Size 26.5 MB
      Peak Allocated Bytes 11.6 MB
      Overflow Count 0
    [ALLOC_TEMP_Background Job.worker 6]
      Initial Block Size 32.0 KB
      Current Block Size 32.0 KB
      Peak Allocated Bytes 0 B
      Overflow Count 0
    [ALLOC_TEMP_Background Job.worker 15]
      Initial Block Size 32.0 KB
      Current Block Size 32.0 KB
      Peak Allocated Bytes 0 B
      Overflow Count 0
    [ALLOC_TEMP_BakingJobs.worker 0]
      Initial Block Size 256.0 KB
      Current Block Size 256.0 KB
      Peak Allocated Bytes 0 B
      Overflow Count 0
    [ALLOC_TEMP_AssetDatabase.FileHasherReader] x 4
      Initial Block Size 64.0 KB
      Current Block Size 64.0 KB
      Peak Allocated Bytes 31 B
      Overflow Count 0
    [ALLOC_TEMP_BakingJobs.worker 1]
      Initial Block Size 256.0 KB
      Current Block Size 256.0 KB
      Peak Allocated Bytes 301 B
      Overflow Count 0
    [ALLOC_TEMP_BatchDeleteObjects]
      Initial Block Size 64.0 KB
      Current Block Size 64.0 KB
      Peak Allocated Bytes 0 B
      Overflow Count 0
    [ALLOC_TEMP_CoreBusinessMetricsCache]
      Initial Block Size 64.0 KB
      Current Block Size 64.0 KB
      Peak Allocated Bytes 7.9 KB
      Overflow Count 0
    [ALLOC_TEMP_REST Message Handler]
      Initial Block Size 64.0 KB
      Current Block Size 64.0 KB
      Peak Allocated Bytes 0 B
      Overflow Count 0
    [ALLOC_TEMP_Job.worker 4]
      Initial Block Size 256.0 KB
      Current Block Size 1.9 MB
      Peak Allocated Bytes 1.9 MB
      Overflow Count 0
    [ALLOC_TEMP_Background Job.worker 1]
      Initial Block Size 32.0 KB
      Current Block Size 208.0 KB
      Peak Allocated Bytes 121.6 KB
      Overflow Count 0
    [ALLOC_TEMP_AssetDatabase.IOService]
      Initial Block Size 64.0 KB
      Current Block Size 64.0 KB
      Peak Allocated Bytes 0 B
      Overflow Count 0
    [ALLOC_TEMP_Loading.PreloadManager] x 3
      Initial Block Size 32.0 MB
      Current Block Size 32.0 MB
      Peak Allocated Bytes 2.0 MB
      Overflow Count 0
    [ALLOC_TEMP_Background Job.worker 4]
      Initial Block Size 32.0 KB
      Current Block Size 32.0 KB
      Peak Allocated Bytes 0 B
      Overflow Count 0
    [ALLOC_TEMP_Background Job.worker 7]
      Initial Block Size 32.0 KB
      Current Block Size 32.0 KB
      Peak Allocated Bytes 0 B
      Overflow Count 0
    [ALLOC_TEMP_CloudJob.worker 0]
      Initial Block Size 32.0 KB
      Current Block Size 48.0 KB
      Peak Allocated Bytes 31.9 KB
      Overflow Count 0
    [ALLOC_TEMP_Background Job.worker 10]
      Initial Block Size 32.0 KB
      Current Block Size 32.0 KB
      Peak Allocated Bytes 0 B
      Overflow Count 0
    [ALLOC_TEMP_Background Job.worker 12]
      Initial Block Size 32.0 KB
      Current Block Size 32.0 KB
      Peak Allocated Bytes 0 B
      Overflow Count 0
    [ALLOC_TEMP_Background Job.worker 13]
      Initial Block Size 32.0 KB
      Current Block Size 32.0 KB
      Peak Allocated Bytes 0 B
      Overflow Count 0
    [ALLOC_TEMP_CurlRequest]
      Initial Block Size 64.0 KB
      Current Block Size 64.0 KB
      Peak Allocated Bytes 0 B
      Overflow Count 0
    [ALLOC_TEMP_BakingJobs.worker 4]
      Initial Block Size 256.0 KB
      Current Block Size 256.0 KB
      Peak Allocated Bytes 0 B
      Overflow Count 0
    [ALLOC_TEMP_Profiler.Dispatcher]
      Initial Block Size 64.0 KB
      Current Block Size 64.0 KB
      Peak Allocated Bytes 0 B
      Overflow Count 0
    [ALLOC_TEMP_Background Job.worker 14]
      Initial Block Size 32.0 KB
      Current Block Size 32.0 KB
      Peak Allocated Bytes 0 B
      Overflow Count 0
    [ALLOC_TEMP_ReadCacheIndex] x 3
      Initial Block Size 64.0 KB
      Current Block Size 64.0 KB
      Peak Allocated Bytes 1.0 KB
      Overflow Count 0
    [ALLOC_TEMP_Background Job.worker 9]
      Initial Block Size 32.0 KB
      Current Block Size 32.0 KB
      Peak Allocated Bytes 0 B
      Overflow Count 0
    [ALLOC_TEMP_EnlightenWorker] x 4
      Initial Block Size 64.0 KB
      Current Block Size 64.0 KB
      Peak Allocated Bytes 0 B
      Overflow Count 0
    [ALLOC_TEMP_Job.worker 3]
      Initial Block Size 256.0 KB
      Current Block Size 1.9 MB
      Peak Allocated Bytes 1.9 MB
      Overflow Count 0
    [ALLOC_TEMP_Job.worker 2]
      Initial Block Size 256.0 KB
      Current Block Size 1.2 MB
      Peak Allocated Bytes 1.2 MB
      Overflow Count 1
    [ALLOC_TEMP_Loading.AsyncRead]
      Initial Block Size 64.0 KB
      Current Block Size 64.0 KB
      Peak Allocated Bytes 128 B
      Overflow Count 0
    [ALLOC_TEMP_Background Job.worker 3]
      Initial Block Size 32.0 KB
      Current Block Size 32.0 KB
      Peak Allocated Bytes 0 B
      Overflow Count 0
    [ALLOC_TEMP_Background Job.worker 2]
      Initial Block Size 32.0 KB
      Current Block Size 32.0 KB
      Peak Allocated Bytes 103 B
      Overflow Count 0
    [ALLOC_TEMP_Background Job.worker 8]
      Initial Block Size 32.0 KB
      Current Block Size 32.0 KB
      Peak Allocated Bytes 0 B
      Overflow Count 0
    [ALLOC_TEMP_OSX HID Input]
      Initial Block Size 64.0 KB
      Current Block Size 64.0 KB
      Peak Allocated Bytes 0 B
      Overflow Count 0
    [ALLOC_TEMP_BakingJobs.worker 6]
      Initial Block Size 256.0 KB
      Current Block Size 256.0 KB
      Peak Allocated Bytes 0 B
      Overflow Count 0
    [ALLOC_TEMP_BakingJobs.worker 7]
      Initial Block Size 256.0 KB
      Current Block Size 256.0 KB
      Peak Allocated Bytes 0 B
      Overflow Count 0
    [ALLOC_TEMP_Job.worker 6]
      Initial Block Size 256.0 KB
      Current Block Size 256.0 KB
      Peak Allocated Bytes 146.1 KB
      Overflow Count 1
    [ALLOC_TEMP_Background Job.worker 0]
      Initial Block Size 32.0 KB
      Current Block Size 32.0 KB
      Peak Allocated Bytes 0 B
      Overflow Count 0
    [ALLOC_TEMP_AUDIO_FMOD stream thread]
      Initial Block Size 64.0 KB
      Current Block Size 64.0 KB
      Peak Allocated Bytes 0 B
      Overflow Count 0
    [ALLOC_TEMP_AssetDatabase.FileHasherHasher] x 4
      Initial Block Size 64.0 KB
      Current Block Size 64.0 KB
      Peak Allocated Bytes 130 B
      Overflow Count 0
    [ALLOC_TEMP_BakingJobs.worker 3]
      Initial Block Size 256.0 KB
      Current Block Size 256.0 KB
      Peak Allocated Bytes 0 B
      Overflow Count 0
    [ALLOC_TEMP_Job.worker 1]
      Initial Block Size 256.0 KB
      Current Block Size 1.9 MB
      Peak Allocated Bytes 1.9 MB
      Overflow Count 4
    [ALLOC_TEMP_Background Job.worker 5]
      Initial Block Size 32.0 KB
      Current Block Size 32.0 KB
      Peak Allocated Bytes 0 B
      Overflow Count 0
    [ALLOC_TEMP_BakingJobs.worker 2]
      Initial Block Size 256.0 KB
      Current Block Size 256.0 KB
      Peak Allocated Bytes 0 B
      Overflow Count 0
    [ALLOC_TEMP_Background Job.worker 11]
      Initial Block Size 32.0 KB
      Current Block Size 32.0 KB
      Peak Allocated Bytes 0 B
      Overflow Count 0
    [ALLOC_TEMP_EditorTaskManager]
      Initial Block Size 64.0 KB
      Current Block Size 80.0 KB
      Peak Allocated Bytes 64.0 KB
      Overflow Count 0
    [ALLOC_TEMP_Job.worker 5]
      Initial Block Size 256.0 KB
      Current Block Size 0.8 MB
      Peak Allocated Bytes 0.8 MB
      Overflow Count 1
    [ALLOC_TEMP_HTTP REST Server]
      Initial Block Size 64.0 KB
      Current Block Size 64.0 KB
      Peak Allocated Bytes 70 B
      Overflow Count 0
    [ALLOC_TEMP_AssetGarbageCollectorHelper] x 7
      Initial Block Size 64.0 KB
      Current Block Size 64.0 KB
      Peak Allocated Bytes 0 B
      Overflow Count 0
    [ALLOC_TEMP_AUDIO_Audio Mixer Thread]
      Initial Block Size 64.0 KB
      Current Block Size 64.0 KB
      Peak Allocated Bytes 0 B
      Overflow Count 0
    [ALLOC_TEMP_BakingJobs.worker 5]
      Initial Block Size 256.0 KB
      Current Block Size 256.0 KB
      Peak Allocated Bytes 0 B
      Overflow Count 0
    [ALLOC_TEMP_Job.worker 0]
      Initial Block Size 256.0 KB
      Current Block Size 256.0 KB
      Peak Allocated Bytes 18.0 KB
      Overflow Count 0
[ALLOC_MEMORYPROFILER]
  Peak usage frame count: [128.0 KB-256.0 KB]: 118 frames, [256.0 KB-0.5 MB]: 1 frames
  Requested Block Size 1.0 MB
  Peak Block count 1
  Peak Allocated memory 448.5 KB
  Peak Large allocation bytes 0 B
[ALLOC_DEFAULT] Dual Thread Allocator
  Peak main deferred allocation count 529
    [ALLOC_BUCKET]
      Large Block size 32.0 MB
      Used Block count 1
      Peak Allocated bytes 7.7 MB
    [ALLOC_DEFAULT_MAIN]
      Peak usage frame count: [64.0 MB-128.0 MB]: 119 frames
      Requested Block Size 16.0 MB
      Peak Block count 7
      Peak Allocated memory 94.9 MB
      Peak Large allocation bytes 0 B
    [ALLOC_DEFAULT_THREAD]
      Peak usage frame count: [4.0 MB-8.0 MB]: 118 frames, [32.0 MB-64.0 MB]: 1 frames
      Requested Block Size 16.0 MB
      Peak Block count 1
      Peak Allocated memory 44.6 MB
      Peak Large allocation bytes 29.6 MB
[ALLOC_TEMP_JOB_1_FRAME]
  Initial Block Size 2.0 MB
  Used Block Count 0
  Overflow Count (too large) 0
  Overflow Count (full) 0
[ALLOC_TEMP_JOB_2_FRAMES]
  Initial Block Size 2.0 MB
  Used Block Count 0
  Overflow Count (too large) 0
  Overflow Count (full) 0
[ALLOC_TEMP_JOB_4_FRAMES (JobTemp)]
  Initial Block Size 2.0 MB
  Used Block Count 1
  Overflow Count (too large) 0
  Overflow Count (full) 0
[ALLOC_TEMP_JOB_ASYNC (Background)]
  Initial Block Size 1.0 MB
  Used Block Count 1
  Overflow Count (too large) 3
  Overflow Count (full) 0
[ALLOC_GFX] Dual Thread Allocator
  Peak main deferred allocation count 20
    [ALLOC_BUCKET]
      Large Block size 32.0 MB
      Used Block count 1
      Peak Allocated bytes 7.7 MB
    [ALLOC_GFX_MAIN]
      Peak usage frame count: [8.0 MB-16.0 MB]: 118 frames, [16.0 MB-32.0 MB]: 1 frames
      Requested Block Size 16.0 MB
      Peak Block count 2
      Peak Allocated memory 29.4 MB
      Peak Large allocation bytes 0 B
    [ALLOC_GFX_THREAD]
      Peak usage frame count: [0.5 MB-1.0 MB]: 118 frames, [1.0 MB-2.0 MB]: 1 frames
      Requested Block Size 16.0 MB
      Peak Block count 1
      Peak Allocated memory 1.4 MB
      Peak Large allocation bytes 0 B
[ALLOC_CACHEOBJECTS] Dual Thread Allocator
  Peak main deferred allocation count 786
    [ALLOC_BUCKET]
      Large Block size 32.0 MB
      Used Block count 1
      Peak Allocated bytes 7.7 MB
    [ALLOC_CACHEOBJECTS_MAIN]
      Peak usage frame count: [16.0 MB-32.0 MB]: 118 frames, [32.0 MB-64.0 MB]: 1 frames
      Requested Block Size 4.0 MB
      Peak Block count 13
      Peak Allocated memory 44.0 MB
      Peak Large allocation bytes 22.7 MB
    [ALLOC_CACHEOBJECTS_THREAD]
      Peak usage frame count: [0.5 MB-1.0 MB]: 118 frames, [1.0 MB-2.0 MB]: 1 frames
      Requested Block Size 4.0 MB
      Peak Block count 1
      Peak Allocated memory 1.1 MB
      Peak Large allocation bytes 0 B
[ALLOC_TYPETREE] Dual Thread Allocator
  Peak main deferred allocation count 524
    [ALLOC_BUCKET]
      Large Block size 32.0 MB
      Used Block count 1
      Peak Allocated bytes 7.7 MB
    [ALLOC_TYPETREE_MAIN]
      Peak usage frame count: [1.0 MB-2.0 MB]: 118 frames, [8.0 MB-16.0 MB]: 1 frames
      Requested Block Size 2.0 MB
      Peak Block count 7
      Peak Allocated memory 11.9 MB
      Peak Large allocation bytes 0 B
    [ALLOC_TYPETREE_THREAD]
      Peak usage frame count: [128.0 KB-256.0 KB]: 119 frames
      Requested Block Size 2.0 MB
      Peak Block count 1
      Peak Allocated memory 267.9 KB
      Peak Large allocation bytes 0 B
[ALLOC_PROFILER]
  Peak usage frame count: [0.5 MB-1.0 MB]: 119 frames
  Requested Block Size 16.0 MB
  Peak Block count 1
  Peak Allocated memory 0.7 MB
  Peak Large allocation bytes 0 B
    [ALLOC_PROFILER_BUCKET]
      Large Block size 32.0 MB
      Used Block count 1
      Peak Allocated bytes 13.5 KB
[ALLOC_PROFILER_EDITOR]
  Peak usage frame count: [0-1.0 KB]: 119 frames
  Requested Block Size 1.0 MB
  Peak Block count 0
  Peak Allocated memory 0 B
  Peak Large allocation bytes 0 B
    [ALLOC_PROFILER_BUCKET]
      Large Block size 32.0 MB
      Used Block count 1
      Peak Allocated bytes 13.5 KB
##utp:{"type":"MemoryLeaks","version":2,"phase":"Immediate","time":1778241488454,"processId":63239,"allocatedMemory":17592255,"memoryLabels":[{"Default":11375},{"Permanent":15536},{"Thread":1083508},{"Manager":30063},{"VertexData":12},{"Geometry":280},{"Texture":168},{"Shader":67451},{"Material":24},{"GfxDevice":39304},{"GfxThread":480},{"Animation":304},{"Audio":3904},{"FontEngine":288},{"Physics":561},{"Serialization":612},{"Input":9024},{"JobScheduler":232},{"Mono":40},{"ScriptingNativeRuntime":7924888},{"BaseObject":1618916},{"Resource":912},{"Renderer":2272},{"Transform":24},{"File":9487},{"WebCam":40},{"Culling":40},{"Terrain":1025},{"Wind":24},{"String":54259},{"DynamicArray":132832},{"HashMap":95519},{"Utility":289286},{"Curl":1056},{"PoolAlloc":1464},{"AI":40},{"TypeTree":4533},{"ScriptManager":528},{"RuntimeInitializeOnLoadManager":72},{"SpriteAtlas":112},{"GI":3656},{"Director":7880},{"CloudService":18512},{"WebRequest":816},{"VR":45641},{"SceneManager":616},{"Video":2120},{"LazyScriptCache":32},{"NativeArray":12},{"Camera":25},{"Secure":9817},{"SerializationCache":1576},{"APIUpdating":11856},{"Subsystems":384},{"VirtualTexturing":57512},{"StaticSafetyDebugInfo":327680},{"Baselib":16},{"EditorGui":88},{"EditorUtility":28362},{"VersionControl":4},{"Undo":720},{"AssetDatabase":5626919},{"RestService":1310},{"EditorGi":376},{"License":3616},{"UnityConnect":25512},{"Collab":785},{"Upm":1600},{"DrivenProperties":80},{"LocalIPC":222},{"ProfilerEditor":10967},{"CoreBusinessMetrics":2984},{"AssetReference":32},{"IPCStream":32}]}
