Unity Editor version:    2022.3.0f1 (fb119bb0b476)
Branch:                  2022.3/release
Build type:              Release
Batch mode:              NO
macOS version:           Version 26.3.1 (a) (Build 25D771280a)
Darwin version:          25.3.0
Architecture:            arm64
Running under Rosetta:   NO
Available memory:        8192 MB
[Licensing::Module] Trying to connect to existing licensing client channel...
[Licensing::IpcConnector] Connection attempt to the License Client on channel: "LicenseClient-guribbong" failed because channel doesn't exist; code: "0x80000002"
Launching external process: /Applications/Unity/Hub/Editor/2022.3.0f1/Unity.app/Contents/Frameworks/UnityLicensingClient.app/Contents/MacOS/Unity.Licensing.Client
[Licensing::Module] Successfully launched the LicensingClient (PId: 59835)
[Licensing::IpcConnector] Successfully connected to the License Client on channel: "LicenseClient-guribbong"
[Licensing::Client] Handshaking with LicensingClient:
  Version:                 1.12.1+9338cad
  Session Id:              c4a4ef2f139a4c8d9057905a6e312d1a
  Correlation Id:          9f77b78fa9be8eee77f32e75a94ce69d
  External correlation Id: 767500356735592761
  Machine Id:              kK/taOzULwH3CoqhnK6anvJ0b88=
[Licensing::Module] Successfully connected to LicensingClient on channel: "LicenseClient-guribbong" (connect: 6.88s, validation: 0.79s, handshake: 1.13s)
[Licensing::IpcConnector] Successfully connected to the License Notification on channel: "LicenseClient-guribbong-notifications"
[Licensing::Module] Connected to LicensingClient (PId: 59835, launch time: 0.00, total connection time: 8.80s)
[Licensing::Module] Error: Access token is unavailable; failed to update
[Licensing::Client] Error: Code 500 while processing request (status: Unable to update licenses. Errors: No ULF license found.,Token not found in cache)
[Licensing::Client] Error: Code 500 while updating license in client (status: Unable to update licenses. Errors: No ULF license found.,Token not found in cache)
[Licensing::Client] Successfully resolved entitlements
[Licensing::Module] Serial number assigned to: "14568638156105-UnityPersXXXX"
Pro License: NO
Launching external process: /Applications/Unity/Hub/Editor/2022.3.0f1/Unity.app/Contents/Resources/PackageManager/Server/UnityPackageManager

COMMAND LINE ARGUMENTS:
/Applications/Unity/Hub/Editor/2022.3.0f1/Unity.app/Contents/MacOS/Unity
-projectPath
/Users/guribbong/code/Argus/unity/EmbodiedDebate
-executeMethod
ArgusUnity.Editor.HideAndSeekDesignBuilder.OpenSceneInPlayMode
-logFile
/Users/guribbong/code/Argus/tmp/slow-smooth-playmode-open.log
Successfully changed project path to: /Users/guribbong/code/Argus/unity/EmbodiedDebate
/Users/guribbong/code/Argus/unity/EmbodiedDebate
[UnityMemory] Configuration Parameters - Can be set up in boot.config
    "memorysetup-bucket-allocator-granularity=16"
    "memorysetup-bucket-allocator-bucket-count=8"
    "memorysetup-bucket-allocator-block-size=33554432"
    "memorysetup-bucket-allocator-block-count=8"
    "memorysetup-main-allocator-block-size=16777216"
    "memorysetup-thread-allocator-block-size=16777216"
    "memorysetup-gfx-main-allocator-block-size=16777216"
    "memorysetup-gfx-thread-allocator-block-size=16777216"
    "memorysetup-cache-allocator-block-size=4194304"
    "memorysetup-typetree-allocator-block-size=2097152"
    "memorysetup-profiler-bucket-allocator-granularity=16"
    "memorysetup-profiler-bucket-allocator-bucket-count=8"
    "memorysetup-profiler-bucket-allocator-block-size=33554432"
    "memorysetup-profiler-bucket-allocator-block-count=8"
    "memorysetup-profiler-allocator-block-size=16777216"
    "memorysetup-profiler-editor-allocator-block-size=1048576"
    "memorysetup-temp-allocator-size-main=16777216"
    "memorysetup-job-temp-allocator-block-size=2097152"
    "memorysetup-job-temp-allocator-block-size-background=1048576"
    "memorysetup-job-temp-allocator-reduction-small-platforms=262144"
    "memorysetup-allocator-temp-initial-block-size-main=262144"
    "memorysetup-allocator-temp-initial-block-size-worker=262144"
    "memorysetup-temp-allocator-size-background-worker=32768"
    "memorysetup-temp-allocator-size-job-worker=262144"
    "memorysetup-temp-allocator-size-preload-manager=33554432"
    "memorysetup-temp-allocator-size-nav-mesh-worker=65536"
    "memorysetup-temp-allocator-size-audio-worker=65536"
    "memorysetup-temp-allocator-size-cloud-worker=32768"
    "memorysetup-temp-allocator-size-gi-baking-worker=262144"
    "memorysetup-temp-allocator-size-gfx=262144"
Player connection [8649715968] Host "[IP] 192.168.3.1 [Port] 55496 [Flags] 2 [Guid] 2255464862 [EditorId] 2255464862 [Version] 1048832 [Id] OSXEditor(0,topabaem.local) [Debug] 1 [PackageName] OSXEditor [ProjectName] Editor" joined multi-casting on [225.0.0.222:54997]...

Player connection [8649715968] Host "[IP] 192.168.3.1 [Port] 55496 [Flags] 2 [Guid] 2255464862 [EditorId] 2255464862 [Version] 1048832 [Id] OSXEditor(0,topabaem.local) [Debug] 1 [PackageName] OSXEditor [ProjectName] Editor" joined alternative multi-casting on [225.0.0.222:34997]...

[Package Manager] UpmClient::Connect -- Connected to IPC stream "Upm-59690" after 3.7 seconds.
[Licensing::Client] Successfully resolved entitlements
[Package Manager] Restoring resolved packages state from cache
[Licensing::Client] Successfully resolved entitlement details
[Package Manager] Registered 19 packages:
  Packages from [https://packages.unity.com]:
    com.unity.nuget.newtonsoft-json@3.2.1 (location: /Users/guribbong/code/Argus/unity/EmbodiedDebate/Library/PackageCache/com.unity.nuget.newtonsoft-json@3.2.1)
    com.unity.test-framework@1.1.33 (location: /Users/guribbong/code/Argus/unity/EmbodiedDebate/Library/PackageCache/com.unity.test-framework@1.1.33)
    com.unity.ext.nunit@1.0.6 (location: /Users/guribbong/code/Argus/unity/EmbodiedDebate/Library/PackageCache/com.unity.ext.nunit@1.0.6)
    com.unity.mathematics@1.2.6 (location: /Users/guribbong/code/Argus/unity/EmbodiedDebate/Library/PackageCache/com.unity.mathematics@1.2.6)
    com.unity.burst@1.8.4 (location: /Users/guribbong/code/Argus/unity/EmbodiedDebate/Library/PackageCache/com.unity.burst@1.8.4)
    com.unity.searcher@4.9.2 (location: /Users/guribbong/code/Argus/unity/EmbodiedDebate/Library/PackageCache/com.unity.searcher@4.9.2)
  Built-in packages:
    com.unity.modules.animation@1.0.0 (location: /Users/guribbong/code/Argus/unity/EmbodiedDebate/Library/PackageCache/com.unity.modules.animation@1.0.0)
    com.unity.modules.imageconversion@1.0.0 (location: /Users/guribbong/code/Argus/unity/EmbodiedDebate/Library/PackageCache/com.unity.modules.imageconversion@1.0.0)
    com.unity.modules.physics@1.0.0 (location: /Users/guribbong/code/Argus/unity/EmbodiedDebate/Library/PackageCache/com.unity.modules.physics@1.0.0)
    com.unity.modules.unitywebrequest@1.0.0 (location: /Users/guribbong/code/Argus/unity/EmbodiedDebate/Library/PackageCache/com.unity.modules.unitywebrequest@1.0.0)
    com.unity.render-pipelines.universal@14.0.7 (location: /Users/guribbong/code/Argus/unity/EmbodiedDebate/Library/PackageCache/com.unity.render-pipelines.universal@14.0.7)
    com.unity.modules.imgui@1.0.0 (location: /Users/guribbong/code/Argus/unity/EmbodiedDebate/Library/PackageCache/com.unity.modules.imgui@1.0.0)
    com.unity.modules.jsonserialize@1.0.0 (location: /Users/guribbong/code/Argus/unity/EmbodiedDebate/Library/PackageCache/com.unity.modules.jsonserialize@1.0.0)
    com.unity.render-pipelines.core@14.0.7 (location: /Users/guribbong/code/Argus/unity/EmbodiedDebate/Library/PackageCache/com.unity.render-pipelines.core@14.0.7)
    com.unity.shadergraph@14.0.7 (location: /Users/guribbong/code/Argus/unity/EmbodiedDebate/Library/PackageCache/com.unity.shadergraph@14.0.7)
    com.unity.ugui@1.0.0 (location: /Users/guribbong/code/Argus/unity/EmbodiedDebate/Library/PackageCache/com.unity.ugui@1.0.0)
    com.unity.modules.terrain@1.0.0 (location: /Users/guribbong/code/Argus/unity/EmbodiedDebate/Library/PackageCache/com.unity.modules.terrain@1.0.0)
    com.unity.modules.ui@1.0.0 (location: /Users/guribbong/code/Argus/unity/EmbodiedDebate/Library/PackageCache/com.unity.modules.ui@1.0.0)
  Embedded packages:
    com.unity.cloud.gltfast@file:/Users/guribbong/code/Argus/unity/EmbodiedDebate/Packages/com.unity.cloud.gltfast (location: /Users/guribbong/code/Argus/unity/EmbodiedDebate/Packages/com.unity.cloud.gltfast)
[Subsystems] No new subsystems found in resolved package list.
Package Manager log level set to [2]
[Package Manager] Done registering packages in 0.62 seconds
Refreshing native plugins compatible for Editor in 13.35 ms, found 0 plugins.
Preloading 0 native plugins for Editor in 0.00 ms.
Initialize engine version: 2022.3.0f1 (fb119bb0b476)
[Subsystems] Discovering subsystems at path /Applications/Unity/Hub/Editor/2022.3.0f1/Unity.app/Contents/Resources/UnitySubsystems
[Subsystems] Discovering subsystems at path /Users/guribbong/code/Argus/unity/EmbodiedDebate/Assets
GfxDevice: creating device client; threaded=1; jobified=0
 preferred device: Apple M2 (high power)
Metal devices available: 1
0: Apple M2 (high power)
Using device Apple M2 (high power)
Initializing Metal device caps: Apple M2
[Licensing::Client] Successfully resolved entitlements
Initialize mono
Mono path[0] = '/Applications/Unity/Hub/Editor/2022.3.0f1/Unity.app/Contents/Managed'
Mono path[1] = '/Applications/Unity/Hub/Editor/2022.3.0f1/Unity.app/Contents/MonoBleedingEdge/lib/mono/unityjit-macos'
Mono config path = '/Applications/Unity/Hub/Editor/2022.3.0f1/Unity.app/Contents/MonoBleedingEdge/etc'
Using monoOptions --debugger-agent=transport=dt_socket,embedding=1,server=y,suspend=n,address=127.0.0.1:56690
Using cacheserver namespaces - metadata:defaultmetadata, artifacts:defaultartifacts
Using cacheserver namespaces - metadata:defaultmetadata, artifacts:defaultartifacts
ImportWorker Server TCP listen port: 0
Begin MonoManager ReloadAssembly
Registering precompiled unity dll's ...
Register platform support module: /Applications/Unity/Hub/Editor/2022.3.0f1/Unity.app/Contents/PlaybackEngines/MacStandaloneSupport/UnityEditor.OSXStandalone.Extensions.dll
Registered in 0.003871 seconds.
- Loaded All Assemblies, in  0.656 seconds
Native extension for OSXStandalone target not found
Mono: successfully reloaded assembly
- Finished resetting the current domain, in  0.388 seconds
Domain Reload Profiling: 1044ms
	BeginReloadAssembly (204ms)
		ExecutionOrderSort (0ms)
		DisableScriptedObjects (0ms)
		BackupInstance (0ms)
		ReleaseScriptingObjects (0ms)
		CreateAndSetChildDomain (3ms)
	RebuildCommonClasses (74ms)
	RebuildNativeTypeToScriptingClass (22ms)
	initialDomainReloadingComplete (99ms)
	LoadAllAssembliesAndSetupDomain (256ms)
		LoadAssemblies (200ms)
		RebuildTransferFunctionScriptingTraits (0ms)
		AnalyzeDomain (249ms)
			TypeCache.Refresh (248ms)
				TypeCache.ScanAssembly (219ms)
			ScanForSourceGeneratedMonoScriptInfo (0ms)
			ResolveRequiredComponents (1ms)
	FinalizeReload (389ms)
		ReleaseScriptCaches (0ms)
		RebuildScriptCaches (0ms)
		SetupLoadedEditorAssemblies (302ms)
			LogAssemblyErrors (0ms)
			InitializePlatformSupportModulesInManaged (9ms)
			SetLoadedEditorAssemblies (11ms)
			RefreshPlugins (0ms)
			BeforeProcessingInitializeOnLoad (5ms)
			ProcessInitializeOnLoadAttributes (192ms)
			ProcessInitializeOnLoadMethodAttributes (84ms)
			AfterProcessingInitializeOnLoad (0ms)
			EditorAssembliesLoaded (0ms)
		ExecutionOrderSort2 (0ms)
		AwakeInstancesAfterBackupRestoration (0ms)
[Licensing::Client] Successfully resolved entitlements
Application.AssetDatabase Initial Refresh Start
[40m[32minfo[39m[22m[49m: Microsoft.Hosting.Lifetime[14]
      Now listening on: http://unix:/tmp/ilpp.sock-8e16111b622e4d5ea6b5ecc926298bfd
[40m[32minfo[39m[22m[49m: Microsoft.Hosting.Lifetime[0]
      Application started. Press Ctrl+C to shut down.
[40m[32minfo[39m[22m[49m: Microsoft.Hosting.Lifetime[0]
      Hosting environment: Production
[40m[32minfo[39m[22m[49m: Microsoft.Hosting.Lifetime[0]
      Content root path: /Users/guribbong/code/Argus/unity/EmbodiedDebate/
[40m[32minfo[39m[22m[49m: Microsoft.AspNetCore.Hosting.Diagnostics[1]
      Request starting HTTP/2 POST http://ilpp/UnityILPP.PostProcessing/Ping application/grpc -
[40m[32minfo[39m[22m[49m: Microsoft.AspNetCore.Routing.EndpointMiddleware[0]
      Executing endpoint 'gRPC - /UnityILPP.PostProcessing/Ping'
[40m[32minfo[39m[22m[49m: Microsoft.AspNetCore.Routing.EndpointMiddleware[1]
      Executed endpoint 'gRPC - /UnityILPP.PostProcessing/Ping'
[40m[32minfo[39m[22m[49m: Microsoft.AspNetCore.Hosting.Diagnostics[2]
      Request finished HTTP/2 POST http://ilpp/UnityILPP.PostProcessing/Ping application/grpc - - 200 - application/grpc 147.2382ms
Starting: /Applications/Unity/Hub/Editor/2022.3.0f1/Unity.app/Contents/bee_backend --dont-print-to-structured-log --ipc --defer-dag-verification --dagfile="Library/Bee/200b0aE.dag" --continue-on-failure --profile="Library/Bee/backend1.traceevents" ScriptAssemblies
WorkingDir: /Users/guribbong/code/Argus/unity/EmbodiedDebate
ExitCode: 4 Duration: 0s243ms
Rebuilding DAG because FileSignature timestamp changed: Library/Bee/200b0aE-inputdata.json
*** Tundra requires additional run (0.19 seconds), 0 items updated, 0 evaluatedStarting: /Applications/Unity/Hub/Editor/2022.3.0f1/Unity.app/Contents/Tools/netcorerun/netcorerun "/Applications/Unity/Hub/Editor/2022.3.0f1/Unity.app/Contents/Tools/BuildPipeline/ScriptCompilationBuildProgram.exe" "Library/Bee/200b0aE.dag.json" "Library/Bee/200b0aE-inputdata.json" "Library/Bee/buildprogram0.traceevents"

WorkingDir: /Users/guribbong/code/Argus/unity/EmbodiedDebate
ExitCode: 0 Duration: 3s974ms
Starting: /Applications/Unity/Hub/Editor/2022.3.0f1/Unity.app/Contents/bee_backend --dont-print-to-structured-log --ipc --defer-dag-verification --dagfile="Library/Bee/200b0aE.dag" --continue-on-failure --dagfilejson="Library/Bee/200b0aE.dag.json" --profile="Library/Bee/backend2.traceevents" ScriptAssemblies
WorkingDir: /Users/guribbong/code/Argus/unity/EmbodiedDebate
[40m[32minfo[39m[22m[49m: Microsoft.AspNetCore.Hosting.Diagnostics[1]
      Request starting HTTP/2 POST http://ilpp/UnityILPP.PostProcessing/ConfigurePostProcessors application/grpc -
[40m[32minfo[39m[22m[49m: Microsoft.AspNetCore.Routing.EndpointMiddleware[0]
      Executing endpoint 'gRPC - /UnityILPP.PostProcessing/ConfigurePostProcessors'
[40m[1m[33mwarn[39m[22m[49m: Unity.ILPP.Runner.PostProcessingAssemblyLoadContext[0]
      Assembly system.runtime.interopservices.windowsruntime has duplicate hint path. Ignoring "/Applications/Unity/Hub/Editor/2022.3.0f1/Unity.app/Contents/UnityReferenceAssemblies/unity-4.8-api/Facades/System.Runtime.InteropServices.WindowsRuntime.dll" in favor of "/Applications/Unity/Hub/Editor/2022.3.0f1/Unity.app/Contents/NetStandard/Extensions/2.0.0/System.Runtime.InteropServices.WindowsRuntime.dll"
[40m[1m[33mwarn[39m[22m[49m: Unity.ILPP.Runner.PostProcessingAssemblyLoadContext[0]
      Assembly system.componentmodel.composition has duplicate hint path. Ignoring "/Applications/Unity/Hub/Editor/2022.3.0f1/Unity.app/Contents/UnityReferenceAssemblies/unity-4.8-api/System.ComponentModel.Composition.dll" in favor of "/Applications/Unity/Hub/Editor/2022.3.0f1/Unity.app/Contents/NetStandard/compat/2.1.0/shims/netfx/System.ComponentModel.Composition.dll"
[40m[32minfo[39m[22m[49m: Unity.ILPP.Runner.PostProcessingAssemblyLoadContext[0]
      Resolved Unity.Burst.Cecil, Version=0.11.4.0, Culture=neutral, PublicKeyToken=50cebf1cceb9d05e with Library/PackageCache/com.unity.burst@1.8.4/Unity.Burst.CodeGen/Unity.Burst.Cecil.dll
[40m[32minfo[39m[22m[49m: Microsoft.AspNetCore.Routing.EndpointMiddleware[1]
      Executed endpoint 'gRPC - /UnityILPP.PostProcessing/ConfigurePostProcessors'
[40m[32minfo[39m[22m[49m: Microsoft.AspNetCore.Hosting.Diagnostics[2]
      Request finished HTTP/2 POST http://ilpp/UnityILPP.PostProcessing/ConfigurePostProcessors application/grpc - - 200 - application/grpc 75.3375ms
ExitCode: 0 Duration: 1s85ms
Finished compiling graph: 380 nodes, 4331 flattened edges (3539 ToBuild, 60 ToUse), maximum node priority 376
[295/377    0s] ILPP-Configuration Library/ilpp-configuration.nevergeneratedoutput
*** Tundra build success (1.04 seconds), 1 items updated, 377 evaluated
AssetDatabase: script compilation time: 6.836219s
Total cache size 25932744
Total cache size after purge 25932744
Begin MonoManager ReloadAssembly
Symbol file LoadedFromMemory is not a mono symbol file
- Loaded All Assemblies, in  1.110 seconds
Refreshing native plugins compatible for Editor in 1.33 ms, found 0 plugins.
Preloading 0 native plugins for Editor in 0.00 ms.
Refreshing native plugins compatible for Editor in 1.22 ms, found 0 plugins.
Native extension for OSXStandalone target not found
Mono: successfully reloaded assembly
- Finished resetting the current domain, in  4.215 seconds
Domain Reload Profiling: 5329ms
	BeginReloadAssembly (329ms)
		ExecutionOrderSort (0ms)
		DisableScriptedObjects (14ms)
		BackupInstance (0ms)
		ReleaseScriptingObjects (0ms)
		CreateAndSetChildDomain (80ms)
	RebuildCommonClasses (53ms)
	RebuildNativeTypeToScriptingClass (19ms)
	initialDomainReloadingComplete (50ms)
	LoadAllAssembliesAndSetupDomain (658ms)
		LoadAssemblies (393ms)
		RebuildTransferFunctionScriptingTraits (0ms)
		AnalyzeDomain (410ms)
			TypeCache.Refresh (370ms)
				TypeCache.ScanAssembly (352ms)
			ScanForSourceGeneratedMonoScriptInfo (23ms)
			ResolveRequiredComponents (17ms)
	FinalizeReload (4219ms)
		ReleaseScriptCaches (0ms)
		RebuildScriptCaches (0ms)
		SetupLoadedEditorAssemblies (3874ms)
			LogAssemblyErrors (0ms)
			InitializePlatformSupportModulesInManaged (8ms)
			SetLoadedEditorAssemblies (6ms)
			RefreshPlugins (0ms)
			BeforeProcessingInitializeOnLoad (80ms)
			ProcessInitializeOnLoadAttributes (3433ms)
			ProcessInitializeOnLoadMethodAttributes (344ms)
			AfterProcessingInitializeOnLoad (2ms)
			EditorAssembliesLoaded (1ms)
		ExecutionOrderSort2 (0ms)
		AwakeInstancesAfterBackupRestoration (8ms)
Asset Pipeline Refresh (id=171ea39d954b44a51b254c1570028a88): Total: 14.979 seconds - Initiated by InitialRefreshV2(ForceSynchronousImport)
	Summary:
		Imports: total=560 (actual=0, local cache=560, cache server=0)
		Asset DB Process Time: managed=0 ms, native=2640 ms
		Asset DB Callback time: managed=40 ms, native=1 ms
		Scripting: domain reloads=1, domain reload time=5420 ms, compile time=6837 ms, other=37 ms
		Project Asset Count: scripts=3121, non-scripts=1540
		Asset File Changes: new=0, changed=0, moved=0, deleted=0
		Scan Filter Count: 1
	InvokeBeforeRefreshCallbacks: 0.955ms
	ApplyChangesToAssetFolders: 0.047ms
	Scan: 1109.702ms
	OnSourceAssetsModified: 0.045ms
	GetAllGuidsForCategorization: 0.676ms
	CategorizeAssets: 308.875ms
	ImportOutOfDateAssets: 4280.769ms (-2577.497ms without children)
		CompileScripts: 6837.482ms
		ReloadNativeAssets: 0.261ms
		UnloadImportedAssets: 14.903ms
		EnsureUptoDateAssetsAreRegisteredWithGuidPM: 2.804ms
		InitializingProgressBar: 0.000ms
		PostProcessAllAssetNotificationsAddChangedAssets: 0.000ms
		OnDemandSchedulerStart: 2.816ms
	PostProcessAllAssets: 40.606ms
	GatherAllCurrentPrimaryArtifactRevisions: 0.001ms
	UnloadStreamsBegin: 10.597ms
	PersistCurrentRevisions: 0.224ms
	UnloadStreamsEnd: 0.016ms
	GenerateScriptTypeHashes: 11.492ms
	Untracked: 9226.139ms
Application.AssetDatabase Initial Refresh End
Launching external process: /Applications/Unity/Hub/Editor/2022.3.0f1/Unity.app/Contents/Tools/UnityShaderCompiler
Launched and connected shader compiler UnityShaderCompiler after 0.64 seconds
Scanning for USB devices : 0.338ms
Initializing Unity extensions:
[Licensing::Client] Successfully resolved entitlements
[MODES] ModeService[none].Initialize
[MODES] ModeService[none].LoadModes
[MODES] Loading mode Default (0) for mode-current-id-EmbodiedDebate
ProgressiveSceneManager::Cancel()
Unloading 6 Unused Serialized files (Serialized files now loaded: 0)
Unloading 59 unused Assets / (0.6 MB). Loaded Objects now: 3143.
Memory consumption went from 139.2 MB to 138.6 MB.
Total: 22.153167 ms (FindLiveObjects: 2.609625 ms CreateObjectMapping: 0.286708 ms MarkObjects: 13.515625 ms  DeleteObjects: 5.740000 ms)

[LAYOUT] About to load UserSettings/Layouts/default-2022.dwlt, keepMainWindow=False
[MODES] ModeService[default].InitializeCurrentMode
[MODES] ModeService[default].RaiseModeChanged(default, default)
Asset Pipeline Refresh (id=6063f115c5425491d914bfaad3d90798): Total: 1.424 seconds - Initiated by RefreshV2(NoUpdateAssetOptions)
	Summary:
		Imports: total=0 (actual=0, local cache=0, cache server=0)
		Asset DB Process Time: managed=0 ms, native=1423 ms
		Asset DB Callback time: managed=0 ms, native=0 ms
		Scripting: domain reloads=0, domain reload time=0 ms, compile time=0 ms, other=0 ms
		Project Asset Count: scripts=3121, non-scripts=1540
		Asset File Changes: new=0, changed=0, moved=0, deleted=0
		Scan Filter Count: 1
	InvokeBeforeRefreshCallbacks: 0.001ms
	ApplyChangesToAssetFolders: 0.784ms
	Scan: 1331.273ms
	OnSourceAssetsModified: 0.001ms
	GetAllGuidsForCategorization: 0.488ms
	CategorizeAssets: 7.012ms
	ImportOutOfDateAssets: 6.947ms (1.555ms without children)
		ReloadNativeAssets: 0.254ms
		UnloadImportedAssets: 0.174ms
		EnsureUptoDateAssetsAreRegisteredWithGuidPM: 1.187ms
		InitializingProgressBar: 0.000ms
		PostProcessAllAssetNotificationsAddChangedAssets: 0.000ms
		OnDemandSchedulerStart: 3.777ms
	GatherAllCurrentPrimaryArtifactRevisions: 2.308ms
	UnloadStreamsBegin: 7.018ms
	PersistCurrentRevisions: 0.325ms
	UnloadStreamsEnd: 0.017ms
	Untracked: 67.513ms
Start importing Assets/ThirdParty/StylooClassroomAssetPack/StylooClassroomAssetPack GLTF & FBX/classroom/GLTF/wallsfloor.glb using Guid(95d4331adf82140bbb5c243cad6bfa64) Importer(-1,00000000000000000000000000000000)  -> (artifact id: 'f3d2890c29c26a32b800ce5d03471518') in 0.286802 seconds
Refreshing native plugins compatible for Editor in 4.46 ms, found 0 plugins.
Preloading 0 native plugins for Editor in 0.00 ms.
Asset Pipeline Refresh (id=85d3f0da406f145d3bd2923e1c2e6246): Total: 0.430 seconds - Initiated by StopAssetImportingV2(NoUpdateAssetOptions)
	Summary:
		Imports: total=1 (actual=1, local cache=0, cache server=0)
		Asset DB Process Time: managed=10 ms, native=351 ms
		Asset DB Callback time: managed=47 ms, native=20 ms
		Scripting: domain reloads=0, domain reload time=0 ms, compile time=0 ms, other=0 ms
		Project Asset Count: scripts=3121, non-scripts=1540
		Asset File Changes: new=0, changed=0, moved=0, deleted=0
		Scan Filter Count: 7
	InvokeBeforeRefreshCallbacks: 0.001ms
	ApplyChangesToAssetFolders: 0.044ms
	Scan: 4.366ms
	OnSourceAssetsModified: 0.000ms
	GetAllGuidsForCategorization: 0.206ms
	CategorizeAssets: 2.337ms
	ImportOutOfDateAssets: 314.074ms (0.536ms without children)
		ImportManagerImport: 306.088ms (15.587ms without children)
			ImportInProcess: 290.452ms
			UpdateCategorizedAssets: 0.049ms
		ReloadNativeAssets: 0.026ms
		UnloadImportedAssets: 0.032ms
		ReloadImportedAssets: 0.000ms
		EnsureUptoDateAssetsAreRegisteredWithGuidPM: 1.167ms
		InitializingProgressBar: 0.013ms
		PostProcessAllAssetNotificationsAddChangedAssets: 0.000ms
		OnDemandSchedulerStart: 6.213ms
	PostProcessAllAssets: 58.947ms
	Hotreload: 8.823ms
	GatherAllCurrentPrimaryArtifactRevisions: 0.339ms
	UnloadStreamsBegin: 0.017ms
	PersistCurrentRevisions: 0.342ms
	UnloadStreamsEnd: 0.017ms
	Untracked: 40.030ms
HideAndSeekDesignBuilder: GLTF asset wallsfloor.glb, importer=GLTFast.Editor.GltfImporter, gameObjectLoaded=True
UnityEngine.StackTraceUtility:ExtractStackTrace () (at /Users/bokken/build/output/unity/unity/Runtime/Export/Scripting/StackTrace.cs:37)
UnityEngine.DebugLogHandler:LogFormat (UnityEngine.LogType,UnityEngine.Object,string,object[])
UnityEngine.Logger:Log (UnityEngine.LogType,object)
UnityEngine.Debug:Log (object)
ArgusUnity.Editor.HideAndSeekDesignBuilder:EnsureGltfClassroomImports () (at Assets/Editor/HideAndSeekDesignBuilder.cs:211)
ArgusUnity.Editor.HideAndSeekDesignBuilder:BuildScene () (at Assets/Editor/HideAndSeekDesignBuilder.cs:148)
ArgusUnity.Editor.HideAndSeekDesignBuilder:OpenSceneInPlayMode () (at Assets/Editor/HideAndSeekDesignBuilder.cs:189)

(Filename: Assets/Editor/HideAndSeekDesignBuilder.cs Line: 211)

Start importing Assets/ThirdParty/StylooClassroomAssetPack/StylooClassroomAssetPack GLTF & FBX/classroom/GLTF/table.glb using Guid(0fac535ef0639442ea3d608d5efbaf9b) Importer(-1,00000000000000000000000000000000)  -> (artifact id: '5c883593d2a997f766a51e3bfbb6f666') in 0.750339 seconds
Refreshing native plugins compatible for Editor in 2.06 ms, found 0 plugins.
Preloading 0 native plugins for Editor in 0.00 ms.
Asset Pipeline Refresh (id=0593d8221fef94a17a95642bb0544536): Total: 0.911 seconds - Initiated by StopAssetImportingV2(NoUpdateAssetOptions)
	Summary:
		Imports: total=1 (actual=1, local cache=0, cache server=0)
		Asset DB Process Time: managed=0 ms, native=827 ms
		Asset DB Callback time: managed=76 ms, native=6 ms
		Scripting: domain reloads=0, domain reload time=0 ms, compile time=0 ms, other=0 ms
		Project Asset Count: scripts=3121, non-scripts=1540
		Asset File Changes: new=0, changed=0, moved=0, deleted=0
		Scan Filter Count: 7
	InvokeBeforeRefreshCallbacks: 0.000ms
	ApplyChangesToAssetFolders: 0.048ms
	Scan: 3.275ms
	OnSourceAssetsModified: 0.000ms
	GetAllGuidsForCategorization: 0.302ms
	CategorizeAssets: 4.403ms
	ImportOutOfDateAssets: 770.832ms (0.763ms without children)
		ImportManagerImport: 755.007ms (1.847ms without children)
			ImportInProcess: 753.061ms
			UpdateCategorizedAssets: 0.099ms
		ReloadNativeAssets: 0.032ms
		UnloadImportedAssets: 0.036ms
		ReloadImportedAssets: 0.000ms
		EnsureUptoDateAssetsAreRegisteredWithGuidPM: 1.307ms
		InitializingProgressBar: 3.548ms
		PostProcessAllAssetNotificationsAddChangedAssets: 0.000ms
		OnDemandSchedulerStart: 10.138ms
	PostProcessAllAssets: 77.401ms
	Hotreload: 5.828ms
	GatherAllCurrentPrimaryArtifactRevisions: 0.457ms
	UnloadStreamsBegin: 0.156ms
	PersistCurrentRevisions: 0.271ms
	UnloadStreamsEnd: 0.014ms
	Untracked: 47.578ms
HideAndSeekDesignBuilder: GLTF asset table.glb, importer=GLTFast.Editor.GltfImporter, gameObjectLoaded=True
UnityEngine.StackTraceUtility:ExtractStackTrace () (at /Users/bokken/build/output/unity/unity/Runtime/Export/Scripting/StackTrace.cs:37)
UnityEngine.DebugLogHandler:LogFormat (UnityEngine.LogType,UnityEngine.Object,string,object[])
UnityEngine.Logger:Log (UnityEngine.LogType,object)
UnityEngine.Debug:Log (object)
ArgusUnity.Editor.HideAndSeekDesignBuilder:EnsureGltfClassroomImports () (at Assets/Editor/HideAndSeekDesignBuilder.cs:211)
ArgusUnity.Editor.HideAndSeekDesignBuilder:BuildScene () (at Assets/Editor/HideAndSeekDesignBuilder.cs:148)
ArgusUnity.Editor.HideAndSeekDesignBuilder:OpenSceneInPlayMode () (at Assets/Editor/HideAndSeekDesignBuilder.cs:189)

(Filename: Assets/Editor/HideAndSeekDesignBuilder.cs Line: 211)

Start importing Assets/ThirdParty/StylooClassroomAssetPack/StylooClassroomAssetPack GLTF & FBX/classroom/GLTF/desk.glb using Guid(0efed4ee7808840d3b57c7df53106661) Importer(-1,00000000000000000000000000000000)  -> (artifact id: '6796f501a18b78f3f8cc5956ac718ae5') in 0.092349 seconds
Refreshing native plugins compatible for Editor in 1.37 ms, found 0 plugins.
Preloading 0 native plugins for Editor in 0.00 ms.
Asset Pipeline Refresh (id=edd613670cdf843e289b02fb4a0b6ffd): Total: 0.160 seconds - Initiated by StopAssetImportingV2(NoUpdateAssetOptions)
HideAndSeekDesignBuilder: GLTF asset desk.glb, importer=GLTFast.Editor.GltfImporter, gameObjectLoaded=True
UnityEngine.StackTraceUtility:ExtractStackTrace () (at /Users/bokken/build/output/unity/unity/Runtime/Export/Scripting/StackTrace.cs:37)
UnityEngine.DebugLogHandler:LogFormat (UnityEngine.LogType,UnityEngine.Object,string,object[])
UnityEngine.Logger:Log (UnityEngine.LogType,object)
UnityEngine.Debug:Log (object)
ArgusUnity.Editor.HideAndSeekDesignBuilder:EnsureGltfClassroomImports () (at Assets/Editor/HideAndSeekDesignBuilder.cs:211)
ArgusUnity.Editor.HideAndSeekDesignBuilder:BuildScene () (at Assets/Editor/HideAndSeekDesignBuilder.cs:148)
ArgusUnity.Editor.HideAndSeekDesignBuilder:OpenSceneInPlayMode () (at Assets/Editor/HideAndSeekDesignBuilder.cs:189)

(Filename: Assets/Editor/HideAndSeekDesignBuilder.cs Line: 211)

Start importing Assets/Project/Resources/UserModels/Idle.fbx using Guid(3cef4c5e4db924e9cb5ca8890eae77de) Importer(-1,00000000000000000000000000000000)  -> (artifact id: '9f27ba06fdf37ef31f3487c718d975db') in 1.182890 seconds
Refreshing native plugins compatible for Editor in 0.91 ms, found 0 plugins.
Preloading 0 native plugins for Editor in 0.00 ms.
Asset Pipeline Refresh (id=bd3b865618cc24fbaaaef75be3bd52f0): Total: 1.357 seconds - Initiated by StopAssetImportingV2(NoUpdateAssetOptions)
	Summary:
		Imports: total=1 (actual=1, local cache=0, cache server=0)
		Asset DB Process Time: managed=214 ms, native=1116 ms
		Asset DB Callback time: managed=17 ms, native=9 ms
		Scripting: domain reloads=0, domain reload time=0 ms, compile time=0 ms, other=0 ms
		Project Asset Count: scripts=3121, non-scripts=1540
		Asset File Changes: new=0, changed=0, moved=0, deleted=0
		Scan Filter Count: 5
	InvokeBeforeRefreshCallbacks: 0.001ms
	ApplyChangesToAssetFolders: 0.031ms
	Scan: 2.614ms
	OnSourceAssetsModified: 0.001ms
	GetAllGuidsForCategorization: 0.284ms
	CategorizeAssets: 3.882ms
	ImportOutOfDateAssets: 1291.535ms (3.032ms without children)
		ImportManagerImport: 1285.406ms (100.469ms without children)
			ImportInProcess: 1184.876ms
			UpdateCategorizedAssets: 0.061ms
		ReloadNativeAssets: 0.029ms
		UnloadImportedAssets: 0.035ms
		ReloadImportedAssets: 0.000ms
		EnsureUptoDateAssetsAreRegisteredWithGuidPM: 1.253ms
		InitializingProgressBar: 0.007ms
		PostProcessAllAssetNotificationsAddChangedAssets: 0.000ms
		OnDemandSchedulerStart: 1.773ms
	PostProcessAllAssets: 24.175ms
	Hotreload: 1.997ms
	GatherAllCurrentPrimaryArtifactRevisions: 0.380ms
	UnloadStreamsBegin: 0.069ms
	PersistCurrentRevisions: 0.227ms
	UnloadStreamsEnd: 0.021ms
	Untracked: 32.201ms
Start importing Assets/Project/Resources/UserModels/Idle.fbx using Guid(3cef4c5e4db924e9cb5ca8890eae77de) Importer(-1,00000000000000000000000000000000)  -> (artifact id: '9f27ba06fdf37ef31f3487c718d975db') in 0.387439 seconds
Refreshing native plugins compatible for Editor in 1.04 ms, found 0 plugins.
Preloading 0 native plugins for Editor in 0.00 ms.
Asset Pipeline Refresh (id=ac26631e2f52d452489eadf5936bef7f): Total: 0.433 seconds - Initiated by StopAssetImportingV2(NoUpdateAssetOptions)
	Summary:
		Imports: total=1 (actual=1, local cache=0, cache server=0)
		Asset DB Process Time: managed=1 ms, native=419 ms
		Asset DB Callback time: managed=10 ms, native=1 ms
		Scripting: domain reloads=0, domain reload time=0 ms, compile time=0 ms, other=0 ms
		Project Asset Count: scripts=3121, non-scripts=1540
		Asset File Changes: new=0, changed=0, moved=0, deleted=0
		Scan Filter Count: 5
	InvokeBeforeRefreshCallbacks: 0.000ms
	ApplyChangesToAssetFolders: 0.043ms
	Scan: 1.179ms
	OnSourceAssetsModified: 0.000ms
	GetAllGuidsForCategorization: 0.179ms
	CategorizeAssets: 4.754ms
	ImportOutOfDateAssets: 392.168ms (-0.639ms without children)
		ImportManagerImport: 389.308ms (1.434ms without children)
			ImportInProcess: 387.846ms
			UpdateCategorizedAssets: 0.028ms
		ReloadNativeAssets: 0.027ms
		UnloadImportedAssets: 0.168ms
		ReloadImportedAssets: 1.056ms
		EnsureUptoDateAssetsAreRegisteredWithGuidPM: 1.328ms
		InitializingProgressBar: 0.005ms
		PostProcessAllAssetNotificationsAddChangedAssets: 0.000ms
		OnDemandSchedulerStart: 0.916ms
	PostProcessAllAssets: 10.269ms
	Hotreload: 1.574ms
	GatherAllCurrentPrimaryArtifactRevisions: 0.375ms
	UnloadStreamsBegin: 0.051ms
	PersistCurrentRevisions: 0.269ms
	UnloadStreamsEnd: 0.013ms
	Untracked: 22.216ms
HideAndSeekDesignBuilder: humanoid animation import asset=Idle.fbx, clip=Idle, loop=True, mirror=False, rootLocks=rotation:true,heightY:true,positionXZ:true, avatarSetup=CreateFromThisModel, sharedAvatar=False, sharedAvatarValid=False, sharedAvatarHuman=False, assetAvatarValid=True, assetAvatarHuman=True, importedClips=Idle.
UnityEngine.StackTraceUtility:ExtractStackTrace () (at /Users/bokken/build/output/unity/unity/Runtime/Export/Scripting/StackTrace.cs:37)
UnityEngine.DebugLogHandler:LogFormat (UnityEngine.LogType,UnityEngine.Object,string,object[])
UnityEngine.Logger:Log (UnityEngine.LogType,object)
UnityEngine.Debug:Log (object)
ArgusUnity.Editor.HideAndSeekDesignBuilder:ConfigureHumanoidAnimation (string,string,bool,UnityEngine.Avatar,bool) (at Assets/Editor/HideAndSeekDesignBuilder.cs:428)
ArgusUnity.Editor.HideAndSeekDesignBuilder:EnsureLocomotionAnimationImports () (at Assets/Editor/HideAndSeekDesignBuilder.cs:341)
ArgusUnity.Editor.HideAndSeekDesignBuilder:BuildScene () (at Assets/Editor/HideAndSeekDesignBuilder.cs:149)
ArgusUnity.Editor.HideAndSeekDesignBuilder:OpenSceneInPlayMode () (at Assets/Editor/HideAndSeekDesignBuilder.cs:189)

(Filename: Assets/Editor/HideAndSeekDesignBuilder.cs Line: 428)

Start importing Assets/Project/Resources/Animations/Locomotion/Walking-2.fbx using Guid(f2ed7a64c18074ecfa681f4713b3f10d) Importer(-1,00000000000000000000000000000000)  -> (artifact id: 'a34faa1e46e4cb632eadaf084b989433') in 0.428776 seconds
Refreshing native plugins compatible for Editor in 1.39 ms, found 0 plugins.
Preloading 0 native plugins for Editor in 0.00 ms.
Asset Pipeline Refresh (id=0750e1b2066c447629c61be4f0d044e0): Total: 0.494 seconds - Initiated by StopAssetImportingV2(NoUpdateAssetOptions)
	Summary:
		Imports: total=1 (actual=1, local cache=0, cache server=0)
		Asset DB Process Time: managed=1 ms, native=472 ms
		Asset DB Callback time: managed=6 ms, native=13 ms
		Scripting: domain reloads=0, domain reload time=0 ms, compile time=0 ms, other=0 ms
		Project Asset Count: scripts=3121, non-scripts=1540
		Asset File Changes: new=0, changed=0, moved=0, deleted=0
		Scan Filter Count: 6
	InvokeBeforeRefreshCallbacks: 0.000ms
	ApplyChangesToAssetFolders: 0.028ms
	Scan: 1.548ms
	OnSourceAssetsModified: 0.000ms
	GetAllGuidsForCategorization: 0.167ms
	CategorizeAssets: 1.704ms
	ImportOutOfDateAssets: 441.893ms (0.858ms without children)
		ImportManagerImport: 432.369ms (2.131ms without children)
			ImportInProcess: 430.159ms
			UpdateCategorizedAssets: 0.079ms
		ReloadNativeAssets: 0.022ms
		UnloadImportedAssets: 0.028ms
		ReloadImportedAssets: 0.000ms
		EnsureUptoDateAssetsAreRegisteredWithGuidPM: 1.080ms
		InitializingProgressBar: 0.006ms
		PostProcessAllAssetNotificationsAddChangedAssets: 0.000ms
		OnDemandSchedulerStart: 7.530ms
	PostProcessAllAssets: 8.415ms
	Hotreload: 11.276ms
	GatherAllCurrentPrimaryArtifactRevisions: 0.194ms
	UnloadStreamsBegin: 0.071ms
	PersistCurrentRevisions: 0.274ms
	UnloadStreamsEnd: 0.013ms
	Untracked: 28.119ms
Start importing Assets/Project/Resources/Animations/Locomotion/Walking-2.fbx using Guid(f2ed7a64c18074ecfa681f4713b3f10d) Importer(-1,00000000000000000000000000000000)  -> (artifact id: 'a34faa1e46e4cb632eadaf084b989433') in 0.499266 seconds
Refreshing native plugins compatible for Editor in 1.38 ms, found 0 plugins.
Preloading 0 native plugins for Editor in 0.00 ms.
Asset Pipeline Refresh (id=76747b08c4d1e4493a9a7ef15c8b97ce): Total: 0.562 seconds - Initiated by StopAssetImportingV2(NoUpdateAssetOptions)
	Summary:
		Imports: total=1 (actual=1, local cache=0, cache server=0)
		Asset DB Process Time: managed=41 ms, native=508 ms
		Asset DB Callback time: managed=8 ms, native=3 ms
		Scripting: domain reloads=0, domain reload time=0 ms, compile time=0 ms, other=0 ms
		Project Asset Count: scripts=3121, non-scripts=1540
		Asset File Changes: new=0, changed=0, moved=0, deleted=0
		Scan Filter Count: 6
	InvokeBeforeRefreshCallbacks: 0.000ms
	ApplyChangesToAssetFolders: 0.053ms
	Scan: 2.184ms
	OnSourceAssetsModified: 0.000ms
	GetAllGuidsForCategorization: 0.180ms
	CategorizeAssets: 3.100ms
	ImportOutOfDateAssets: 511.606ms (3.466ms without children)
		ImportManagerImport: 503.199ms (2.727ms without children)
			ImportInProcess: 500.394ms
			UpdateCategorizedAssets: 0.078ms
		ReloadNativeAssets: 0.043ms
		UnloadImportedAssets: 0.263ms
		ReloadImportedAssets: 2.021ms
		EnsureUptoDateAssetsAreRegisteredWithGuidPM: 1.197ms
		InitializingProgressBar: 0.008ms
		PostProcessAllAssetNotificationsAddChangedAssets: 0.000ms
		OnDemandSchedulerStart: 1.409ms
	PostProcessAllAssets: 8.803ms
	Hotreload: 3.207ms
	GatherAllCurrentPrimaryArtifactRevisions: 0.367ms
	UnloadStreamsBegin: 0.064ms
	PersistCurrentRevisions: 0.267ms
	UnloadStreamsEnd: 0.014ms
	Untracked: 32.098ms
HideAndSeekDesignBuilder: humanoid animation import asset=Walking-2.fbx, clip=Walk_InPlace, loop=True, mirror=False, rootLocks=rotation:true,heightY:true,positionXZ:true, avatarSetup=CopyFromOther, sharedAvatar=True, sharedAvatarValid=True, sharedAvatarHuman=True, assetAvatarValid=False, assetAvatarHuman=False, importedClips=Walk_InPlace.
UnityEngine.StackTraceUtility:ExtractStackTrace () (at /Users/bokken/build/output/unity/unity/Runtime/Export/Scripting/StackTrace.cs:37)
UnityEngine.DebugLogHandler:LogFormat (UnityEngine.LogType,UnityEngine.Object,string,object[])
UnityEngine.Logger:Log (UnityEngine.LogType,object)
UnityEngine.Debug:Log (object)
ArgusUnity.Editor.HideAndSeekDesignBuilder:ConfigureHumanoidAnimation (string,string,bool,UnityEngine.Avatar,bool) (at Assets/Editor/HideAndSeekDesignBuilder.cs:428)
ArgusUnity.Editor.HideAndSeekDesignBuilder:EnsureLocomotionAnimationImports () (at Assets/Editor/HideAndSeekDesignBuilder.cs:357)
ArgusUnity.Editor.HideAndSeekDesignBuilder:BuildScene () (at Assets/Editor/HideAndSeekDesignBuilder.cs:149)
ArgusUnity.Editor.HideAndSeekDesignBuilder:OpenSceneInPlayMode () (at Assets/Editor/HideAndSeekDesignBuilder.cs:189)

(Filename: Assets/Editor/HideAndSeekDesignBuilder.cs Line: 428)

Start importing Assets/Project/Resources/Animations/FBXTurns/Right Turn 90.fbx using Guid(82cc6131a0e2f4d71a2a3455b84d0688) Importer(-1,00000000000000000000000000000000)  -> (artifact id: '988cb3fb0cb2c9e371fb0c806d47c8d5') in 0.333294 seconds
Refreshing native plugins compatible for Editor in 1.06 ms, found 0 plugins.
Preloading 0 native plugins for Editor in 0.00 ms.
Asset Pipeline Refresh (id=9fb1cf9e7a58643c6ae655724e87da95): Total: 0.377 seconds - Initiated by StopAssetImportingV2(NoUpdateAssetOptions)
	Summary:
		Imports: total=1 (actual=1, local cache=0, cache server=0)
		Asset DB Process Time: managed=1 ms, native=368 ms
		Asset DB Callback time: managed=4 ms, native=3 ms
		Scripting: domain reloads=0, domain reload time=0 ms, compile time=0 ms, other=0 ms
		Project Asset Count: scripts=3121, non-scripts=1540
		Asset File Changes: new=0, changed=0, moved=0, deleted=0
		Scan Filter Count: 6
	InvokeBeforeRefreshCallbacks: 0.000ms
	ApplyChangesToAssetFolders: 0.040ms
	Scan: 1.883ms
	OnSourceAssetsModified: 0.000ms
	GetAllGuidsForCategorization: 0.202ms
	CategorizeAssets: 2.220ms
	ImportOutOfDateAssets: 339.434ms (0.400ms without children)
		ImportManagerImport: 336.945ms (0.354ms without children)
			ImportInProcess: 336.563ms
			UpdateCategorizedAssets: 0.029ms
		ReloadNativeAssets: 0.026ms
		UnloadImportedAssets: 0.026ms
		ReloadImportedAssets: 0.000ms
		EnsureUptoDateAssetsAreRegisteredWithGuidPM: 0.965ms
		InitializingProgressBar: 0.006ms
		PostProcessAllAssetNotificationsAddChangedAssets: 0.000ms
		OnDemandSchedulerStart: 1.066ms
	PostProcessAllAssets: 5.354ms
	Hotreload: 2.381ms
	GatherAllCurrentPrimaryArtifactRevisions: 0.427ms
	UnloadStreamsBegin: 0.072ms
	PersistCurrentRevisions: 0.266ms
	UnloadStreamsEnd: 0.013ms
	Untracked: 24.989ms
HideAndSeekDesignBuilder: FBX turn animation role=right-90, asset=Right Turn 90.fbx, importedClips=1, clip=generic, minus2MeansLeft=False
UnityEngine.StackTraceUtility:ExtractStackTrace () (at /Users/bokken/build/output/unity/unity/Runtime/Export/Scripting/StackTrace.cs:37)
UnityEngine.DebugLogHandler:LogFormat (UnityEngine.LogType,UnityEngine.Object,string,object[])
UnityEngine.Logger:Log (UnityEngine.LogType,object)
UnityEngine.Debug:Log (object)
ArgusUnity.Editor.HideAndSeekDesignBuilder:EnsureTurnAnimationImports () (at Assets/Editor/HideAndSeekDesignBuilder.cs:282)
ArgusUnity.Editor.HideAndSeekDesignBuilder:BuildScene () (at Assets/Editor/HideAndSeekDesignBuilder.cs:150)
ArgusUnity.Editor.HideAndSeekDesignBuilder:OpenSceneInPlayMode () (at Assets/Editor/HideAndSeekDesignBuilder.cs:189)

(Filename: Assets/Editor/HideAndSeekDesignBuilder.cs Line: 282)

Start importing Assets/Project/Resources/Animations/FBXTurns/Right Turn 90-2.fbx using Guid(1170e0a4254694dcc89393ce7f5d98cf) Importer(-1,00000000000000000000000000000000)  -> (artifact id: '312f182203c92c59974005b01b517093') in 0.383475 seconds
Refreshing native plugins compatible for Editor in 1.36 ms, found 0 plugins.
Preloading 0 native plugins for Editor in 0.00 ms.
Asset Pipeline Refresh (id=7c047a6bed60e427e873849d1c097c62): Total: 0.437 seconds - Initiated by StopAssetImportingV2(NoUpdateAssetOptions)
	Summary:
		Imports: total=1 (actual=1, local cache=0, cache server=0)
		Asset DB Process Time: managed=3 ms, native=424 ms
		Asset DB Callback time: managed=4 ms, native=5 ms
		Scripting: domain reloads=0, domain reload time=0 ms, compile time=0 ms, other=0 ms
		Project Asset Count: scripts=3121, non-scripts=1540
		Asset File Changes: new=0, changed=0, moved=0, deleted=0
		Scan Filter Count: 6
	InvokeBeforeRefreshCallbacks: 0.000ms
	ApplyChangesToAssetFolders: 0.027ms
	Scan: 3.236ms
	OnSourceAssetsModified: 0.000ms
	GetAllGuidsForCategorization: 0.173ms
	CategorizeAssets: 2.206ms
	ImportOutOfDateAssets: 398.215ms (0.415ms without children)
		ImportManagerImport: 393.584ms (0.523ms without children)
			ImportInProcess: 393.009ms
			UpdateCategorizedAssets: 0.052ms
		ReloadNativeAssets: 0.023ms
		UnloadImportedAssets: 0.025ms
		ReloadImportedAssets: 0.000ms
		EnsureUptoDateAssetsAreRegisteredWithGuidPM: 0.971ms
		InitializingProgressBar: 0.004ms
		PostProcessAllAssetNotificationsAddChangedAssets: 0.000ms
		OnDemandSchedulerStart: 3.193ms
	PostProcessAllAssets: 5.796ms
	Hotreload: 3.908ms
	GatherAllCurrentPrimaryArtifactRevisions: 0.379ms
	UnloadStreamsBegin: 0.059ms
	PersistCurrentRevisions: 0.331ms
	UnloadStreamsEnd: 0.015ms
	Untracked: 22.738ms
HideAndSeekDesignBuilder: FBX turn animation role=left-90-from-minus-2, asset=Right Turn 90-2.fbx, importedClips=1, clip=generic, minus2MeansLeft=True
UnityEngine.StackTraceUtility:ExtractStackTrace () (at /Users/bokken/build/output/unity/unity/Runtime/Export/Scripting/StackTrace.cs:37)
UnityEngine.DebugLogHandler:LogFormat (UnityEngine.LogType,UnityEngine.Object,string,object[])
UnityEngine.Logger:Log (UnityEngine.LogType,object)
UnityEngine.Debug:Log (object)
ArgusUnity.Editor.HideAndSeekDesignBuilder:EnsureTurnAnimationImports () (at Assets/Editor/HideAndSeekDesignBuilder.cs:282)
ArgusUnity.Editor.HideAndSeekDesignBuilder:BuildScene () (at Assets/Editor/HideAndSeekDesignBuilder.cs:150)
ArgusUnity.Editor.HideAndSeekDesignBuilder:OpenSceneInPlayMode () (at Assets/Editor/HideAndSeekDesignBuilder.cs:189)

(Filename: Assets/Editor/HideAndSeekDesignBuilder.cs Line: 282)

Start importing Assets/Project/Resources/Animations/FBXTurns/Happy Right Turn.fbx using Guid(1be269054e1384c259b5d79fb375c6f8) Importer(-1,00000000000000000000000000000000)  -> (artifact id: '3e7d18dddea28843d5f43f6eec14061d') in 0.414746 seconds
Refreshing native plugins compatible for Editor in 1.41 ms, found 0 plugins.
Preloading 0 native plugins for Editor in 0.00 ms.
Asset Pipeline Refresh (id=c3adc843c3d324727bac3fc20657d417): Total: 0.464 seconds - Initiated by StopAssetImportingV2(NoUpdateAssetOptions)
	Summary:
		Imports: total=1 (actual=1, local cache=0, cache server=0)
		Asset DB Process Time: managed=3 ms, native=450 ms
		Asset DB Callback time: managed=5 ms, native=4 ms
		Scripting: domain reloads=0, domain reload time=0 ms, compile time=0 ms, other=0 ms
		Project Asset Count: scripts=3121, non-scripts=1540
		Asset File Changes: new=0, changed=0, moved=0, deleted=0
		Scan Filter Count: 6
	InvokeBeforeRefreshCallbacks: 0.001ms
	ApplyChangesToAssetFolders: 0.030ms
	Scan: 1.658ms
	OnSourceAssetsModified: 0.001ms
	GetAllGuidsForCategorization: 0.219ms
	CategorizeAssets: 2.365ms
	ImportOutOfDateAssets: 424.562ms (0.896ms without children)
		ImportManagerImport: 421.088ms (0.676ms without children)
			ImportInProcess: 420.354ms
			UpdateCategorizedAssets: 0.058ms
		ReloadNativeAssets: 0.029ms
		UnloadImportedAssets: 0.031ms
		ReloadImportedAssets: 0.000ms
		EnsureUptoDateAssetsAreRegisteredWithGuidPM: 1.122ms
		InitializingProgressBar: 0.008ms
		PostProcessAllAssetNotificationsAddChangedAssets: 0.000ms
		OnDemandSchedulerStart: 1.387ms
	PostProcessAllAssets: 6.724ms
	Hotreload: 3.491ms
	GatherAllCurrentPrimaryArtifactRevisions: 0.228ms
	UnloadStreamsBegin: 0.064ms
	PersistCurrentRevisions: 0.269ms
	UnloadStreamsEnd: 0.014ms
	Untracked: 24.268ms
Start importing Assets/Project/Resources/Animations/FBXTurns/Happy Right Turn.fbx using Guid(1be269054e1384c259b5d79fb375c6f8) Importer(-1,00000000000000000000000000000000)  -> (artifact id: '3e7d18dddea28843d5f43f6eec14061d') in 0.375591 seconds
Refreshing native plugins compatible for Editor in 1.06 ms, found 0 plugins.
Preloading 0 native plugins for Editor in 0.00 ms.
Asset Pipeline Refresh (id=8dc78a644c1f8484d91fc9e3f84d5f77): Total: 0.420 seconds - Initiated by StopAssetImportingV2(NoUpdateAssetOptions)
	Summary:
		Imports: total=1 (actual=1, local cache=0, cache server=0)
		Asset DB Process Time: managed=1 ms, native=414 ms
		Asset DB Callback time: managed=2 ms, native=2 ms
		Scripting: domain reloads=0, domain reload time=0 ms, compile time=0 ms, other=0 ms
		Project Asset Count: scripts=3121, non-scripts=1540
		Asset File Changes: new=0, changed=0, moved=0, deleted=0
		Scan Filter Count: 6
	InvokeBeforeRefreshCallbacks: 0.000ms
	ApplyChangesToAssetFolders: 0.040ms
	Scan: 1.946ms
	OnSourceAssetsModified: 0.000ms
	GetAllGuidsForCategorization: 0.185ms
	CategorizeAssets: 2.099ms
	ImportOutOfDateAssets: 379.658ms (-0.599ms without children)
		ImportManagerImport: 377.276ms (1.310ms without children)
			ImportInProcess: 375.939ms
			UpdateCategorizedAssets: 0.027ms
		ReloadNativeAssets: 0.023ms
		UnloadImportedAssets: 0.171ms
		ReloadImportedAssets: 0.981ms
		EnsureUptoDateAssetsAreRegisteredWithGuidPM: 0.945ms
		InitializingProgressBar: 0.005ms
		PostProcessAllAssetNotificationsAddChangedAssets: 0.000ms
		OnDemandSchedulerStart: 0.856ms
	PostProcessAllAssets: 2.781ms
	Hotreload: 1.626ms
	GatherAllCurrentPrimaryArtifactRevisions: 0.420ms
	UnloadStreamsBegin: 0.073ms
	PersistCurrentRevisions: 0.278ms
	UnloadStreamsEnd: 0.071ms
	Untracked: 30.820ms
HideAndSeekDesignBuilder: humanoid animation import asset=Happy Right Turn.fbx, clip=TurnRight_Happy, loop=True, mirror=False, rootLocks=rotation:true,heightY:true,positionXZ:true, avatarSetup=CopyFromOther, sharedAvatar=True, sharedAvatarValid=True, sharedAvatarHuman=True, assetAvatarValid=False, assetAvatarHuman=False, importedClips=TurnRight_Happy.
UnityEngine.StackTraceUtility:ExtractStackTrace () (at /Users/bokken/build/output/unity/unity/Runtime/Export/Scripting/StackTrace.cs:37)
UnityEngine.DebugLogHandler:LogFormat (UnityEngine.LogType,UnityEngine.Object,string,object[])
UnityEngine.Logger:Log (UnityEngine.LogType,object)
UnityEngine.Debug:Log (object)
ArgusUnity.Editor.HideAndSeekDesignBuilder:ConfigureHumanoidAnimation (string,string,bool,UnityEngine.Avatar,bool) (at Assets/Editor/HideAndSeekDesignBuilder.cs:428)
ArgusUnity.Editor.HideAndSeekDesignBuilder:EnsureTurnAnimationImports () (at Assets/Editor/HideAndSeekDesignBuilder.cs:239)
ArgusUnity.Editor.HideAndSeekDesignBuilder:BuildScene () (at Assets/Editor/HideAndSeekDesignBuilder.cs:150)
ArgusUnity.Editor.HideAndSeekDesignBuilder:OpenSceneInPlayMode () (at Assets/Editor/HideAndSeekDesignBuilder.cs:189)

(Filename: Assets/Editor/HideAndSeekDesignBuilder.cs Line: 428)

HideAndSeekDesignBuilder: FBX turn animation role=quarantined-happy-right, asset=Happy Right Turn.fbx, importedClips=1, clip=TurnRight_Happy, minus2MeansLeft=False
UnityEngine.StackTraceUtility:ExtractStackTrace () (at /Users/bokken/build/output/unity/unity/Runtime/Export/Scripting/StackTrace.cs:37)
UnityEngine.DebugLogHandler:LogFormat (UnityEngine.LogType,UnityEngine.Object,string,object[])
UnityEngine.Logger:Log (UnityEngine.LogType,object)
UnityEngine.Debug:Log (object)
ArgusUnity.Editor.HideAndSeekDesignBuilder:EnsureTurnAnimationImports () (at Assets/Editor/HideAndSeekDesignBuilder.cs:282)
ArgusUnity.Editor.HideAndSeekDesignBuilder:BuildScene () (at Assets/Editor/HideAndSeekDesignBuilder.cs:150)
ArgusUnity.Editor.HideAndSeekDesignBuilder:OpenSceneInPlayMode () (at Assets/Editor/HideAndSeekDesignBuilder.cs:189)

(Filename: Assets/Editor/HideAndSeekDesignBuilder.cs Line: 282)

Start importing Assets/Project/Resources/Animations/FBXTurns/Happy Right Turn-2.fbx using Guid(61038be6e25984c94a7ef50954a36c5b) Importer(-1,00000000000000000000000000000000)  -> (artifact id: 'db836ff54bbd137c91606cfd90d1e63a') in 0.292977 seconds
Refreshing native plugins compatible for Editor in 1.07 ms, found 0 plugins.
Preloading 0 native plugins for Editor in 0.00 ms.
Asset Pipeline Refresh (id=f97e181df060f47ba830276dcd48f4f8): Total: 0.340 seconds - Initiated by StopAssetImportingV2(NoUpdateAssetOptions)
	Summary:
		Imports: total=1 (actual=1, local cache=0, cache server=0)
		Asset DB Process Time: managed=1 ms, native=328 ms
		Asset DB Callback time: managed=6 ms, native=3 ms
		Scripting: domain reloads=0, domain reload time=0 ms, compile time=0 ms, other=0 ms
		Project Asset Count: scripts=3121, non-scripts=1540
		Asset File Changes: new=0, changed=0, moved=0, deleted=0
		Scan Filter Count: 6
	InvokeBeforeRefreshCallbacks: 0.000ms
	ApplyChangesToAssetFolders: 0.030ms
	Scan: 1.464ms
	OnSourceAssetsModified: 0.000ms
	GetAllGuidsForCategorization: 0.208ms
	CategorizeAssets: 1.868ms
	ImportOutOfDateAssets: 302.562ms (0.386ms without children)
		ImportManagerImport: 300.045ms (0.346ms without children)
			ImportInProcess: 299.670ms
			UpdateCategorizedAssets: 0.028ms
		ReloadNativeAssets: 0.019ms
		UnloadImportedAssets: 0.025ms
		ReloadImportedAssets: 0.000ms
		EnsureUptoDateAssetsAreRegisteredWithGuidPM: 0.932ms
		InitializingProgressBar: 0.005ms
		PostProcessAllAssetNotificationsAddChangedAssets: 0.000ms
		OnDemandSchedulerStart: 1.150ms
	PostProcessAllAssets: 7.655ms
	Hotreload: 2.124ms
	GatherAllCurrentPrimaryArtifactRevisions: 0.195ms
	UnloadStreamsBegin: 0.065ms
	PersistCurrentRevisions: 0.268ms
	UnloadStreamsEnd: 0.017ms
	Untracked: 23.463ms
Start importing Assets/Project/Resources/Animations/FBXTurns/Happy Right Turn-2.fbx using Guid(61038be6e25984c94a7ef50954a36c5b) Importer(-1,00000000000000000000000000000000)  -> (artifact id: 'db836ff54bbd137c91606cfd90d1e63a') in 0.304552 seconds
Refreshing native plugins compatible for Editor in 1.03 ms, found 0 plugins.
Preloading 0 native plugins for Editor in 0.00 ms.
Asset Pipeline Refresh (id=e51267d63ebed4ad3a5b23c6ebdbe304): Total: 0.347 seconds - Initiated by StopAssetImportingV2(NoUpdateAssetOptions)
	Summary:
		Imports: total=1 (actual=1, local cache=0, cache server=0)
		Asset DB Process Time: managed=1 ms, native=341 ms
		Asset DB Callback time: managed=2 ms, native=1 ms
		Scripting: domain reloads=0, domain reload time=0 ms, compile time=0 ms, other=0 ms
		Project Asset Count: scripts=3121, non-scripts=1540
		Asset File Changes: new=0, changed=0, moved=0, deleted=0
		Scan Filter Count: 6
	InvokeBeforeRefreshCallbacks: 0.000ms
	ApplyChangesToAssetFolders: 0.028ms
	Scan: 1.462ms
	OnSourceAssetsModified: 0.000ms
	GetAllGuidsForCategorization: 0.198ms
	CategorizeAssets: 1.888ms
	ImportOutOfDateAssets: 309.513ms (-0.619ms without children)
		ImportManagerImport: 306.727ms (1.681ms without children)
			ImportInProcess: 305.011ms
			UpdateCategorizedAssets: 0.034ms
		ReloadNativeAssets: 0.023ms
		UnloadImportedAssets: 0.157ms
		ReloadImportedAssets: 1.049ms
		EnsureUptoDateAssetsAreRegisteredWithGuidPM: 0.963ms
		InitializingProgressBar: 0.005ms
		PostProcessAllAssetNotificationsAddChangedAssets: 0.000ms
		OnDemandSchedulerStart: 1.208ms
	PostProcessAllAssets: 2.576ms
	Hotreload: 1.649ms
	GatherAllCurrentPrimaryArtifactRevisions: 0.209ms
	UnloadStreamsBegin: 0.069ms
	PersistCurrentRevisions: 0.265ms
	UnloadStreamsEnd: 0.015ms
	Untracked: 29.156ms
HideAndSeekDesignBuilder: humanoid animation import asset=Happy Right Turn-2.fbx, clip=TurnLeft_Happy, loop=True, mirror=False, rootLocks=rotation:true,heightY:true,positionXZ:true, avatarSetup=CopyFromOther, sharedAvatar=True, sharedAvatarValid=True, sharedAvatarHuman=True, assetAvatarValid=False, assetAvatarHuman=False, importedClips=TurnLeft_Happy.
UnityEngine.StackTraceUtility:ExtractStackTrace () (at /Users/bokken/build/output/unity/unity/Runtime/Export/Scripting/StackTrace.cs:37)
UnityEngine.DebugLogHandler:LogFormat (UnityEngine.LogType,UnityEngine.Object,string,object[])
UnityEngine.Logger:Log (UnityEngine.LogType,object)
UnityEngine.Debug:Log (object)
ArgusUnity.Editor.HideAndSeekDesignBuilder:ConfigureHumanoidAnimation (string,string,bool,UnityEngine.Avatar,bool) (at Assets/Editor/HideAndSeekDesignBuilder.cs:428)
ArgusUnity.Editor.HideAndSeekDesignBuilder:EnsureTurnAnimationImports () (at Assets/Editor/HideAndSeekDesignBuilder.cs:239)
ArgusUnity.Editor.HideAndSeekDesignBuilder:BuildScene () (at Assets/Editor/HideAndSeekDesignBuilder.cs:150)
ArgusUnity.Editor.HideAndSeekDesignBuilder:OpenSceneInPlayMode () (at Assets/Editor/HideAndSeekDesignBuilder.cs:189)

(Filename: Assets/Editor/HideAndSeekDesignBuilder.cs Line: 428)

HideAndSeekDesignBuilder: FBX turn animation role=quarantined-happy-left-from-minus-2, asset=Happy Right Turn-2.fbx, importedClips=1, clip=TurnLeft_Happy, minus2MeansLeft=True
UnityEngine.StackTraceUtility:ExtractStackTrace () (at /Users/bokken/build/output/unity/unity/Runtime/Export/Scripting/StackTrace.cs:37)
UnityEngine.DebugLogHandler:LogFormat (UnityEngine.LogType,UnityEngine.Object,string,object[])
UnityEngine.Logger:Log (UnityEngine.LogType,object)
UnityEngine.Debug:Log (object)
ArgusUnity.Editor.HideAndSeekDesignBuilder:EnsureTurnAnimationImports () (at Assets/Editor/HideAndSeekDesignBuilder.cs:282)
ArgusUnity.Editor.HideAndSeekDesignBuilder:BuildScene () (at Assets/Editor/HideAndSeekDesignBuilder.cs:150)
ArgusUnity.Editor.HideAndSeekDesignBuilder:OpenSceneInPlayMode () (at Assets/Editor/HideAndSeekDesignBuilder.cs:189)

(Filename: Assets/Editor/HideAndSeekDesignBuilder.cs Line: 282)

Start importing Assets/Project/Resources/Animations/Locomotion/Running.fbx using Guid(d43575bd13fae4161bd6a39cd2fbf7a7) Importer(-1,00000000000000000000000000000000)  -> (artifact id: '9ceefb425cd569dd44cac2701f2b0063') in 0.272891 seconds
Refreshing native plugins compatible for Editor in 0.86 ms, found 0 plugins.
Preloading 0 native plugins for Editor in 0.00 ms.
Asset Pipeline Refresh (id=d32a49b7f218d4e749cd168e39eb1739): Total: 0.314 seconds - Initiated by StopAssetImportingV2(NoUpdateAssetOptions)
	Summary:
		Imports: total=1 (actual=1, local cache=0, cache server=0)
		Asset DB Process Time: managed=1 ms, native=305 ms
		Asset DB Callback time: managed=4 ms, native=3 ms
		Scripting: domain reloads=0, domain reload time=0 ms, compile time=0 ms, other=0 ms
		Project Asset Count: scripts=3121, non-scripts=1540
		Asset File Changes: new=0, changed=0, moved=0, deleted=0
		Scan Filter Count: 6
	InvokeBeforeRefreshCallbacks: 0.001ms
	ApplyChangesToAssetFolders: 0.029ms
	Scan: 1.510ms
	OnSourceAssetsModified: 0.000ms
	GetAllGuidsForCategorization: 0.170ms
	CategorizeAssets: 4.556ms
	ImportOutOfDateAssets: 279.289ms (0.524ms without children)
		ImportManagerImport: 276.868ms (0.302ms without children)
			ImportInProcess: 276.544ms
			UpdateCategorizedAssets: 0.022ms
		ReloadNativeAssets: 0.027ms
		UnloadImportedAssets: 0.026ms
		ReloadImportedAssets: 0.000ms
		EnsureUptoDateAssetsAreRegisteredWithGuidPM: 1.114ms
		InitializingProgressBar: 0.006ms
		PostProcessAllAssetNotificationsAddChangedAssets: 0.000ms
		OnDemandSchedulerStart: 0.723ms
	PostProcessAllAssets: 5.959ms
	Hotreload: 2.009ms
	GatherAllCurrentPrimaryArtifactRevisions: 0.196ms
	UnloadStreamsBegin: 0.077ms
	PersistCurrentRevisions: 0.228ms
	UnloadStreamsEnd: 0.018ms
	Untracked: 20.145ms
Start importing Assets/Project/Resources/Animations/Locomotion/Running.fbx using Guid(d43575bd13fae4161bd6a39cd2fbf7a7) Importer(-1,00000000000000000000000000000000)  -> (artifact id: '9ceefb425cd569dd44cac2701f2b0063') in 0.259163 seconds
Refreshing native plugins compatible for Editor in 0.84 ms, found 0 plugins.
Preloading 0 native plugins for Editor in 0.00 ms.
Asset Pipeline Refresh (id=9ccf7af563d384f709494f4caa73366c): Total: 0.288 seconds - Initiated by StopAssetImportingV2(NoUpdateAssetOptions)
HideAndSeekDesignBuilder: humanoid animation import asset=Running.fbx, clip=Run, loop=True, mirror=False, rootLocks=rotation:true,heightY:true,positionXZ:true, avatarSetup=CopyFromOther, sharedAvatar=True, sharedAvatarValid=True, sharedAvatarHuman=True, assetAvatarValid=False, assetAvatarHuman=False, importedClips=Run.
UnityEngine.StackTraceUtility:ExtractStackTrace () (at /Users/bokken/build/output/unity/unity/Runtime/Export/Scripting/StackTrace.cs:37)
UnityEngine.DebugLogHandler:LogFormat (UnityEngine.LogType,UnityEngine.Object,string,object[])
UnityEngine.Logger:Log (UnityEngine.LogType,object)
UnityEngine.Debug:Log (object)
ArgusUnity.Editor.HideAndSeekDesignBuilder:ConfigureHumanoidAnimation (string,string,bool,UnityEngine.Avatar,bool) (at Assets/Editor/HideAndSeekDesignBuilder.cs:428)
ArgusUnity.Editor.HideAndSeekDesignBuilder:EnsureExpandedAnimationImports () (at Assets/Editor/HideAndSeekDesignBuilder.cs:310)
ArgusUnity.Editor.HideAndSeekDesignBuilder:BuildScene () (at Assets/Editor/HideAndSeekDesignBuilder.cs:151)
ArgusUnity.Editor.HideAndSeekDesignBuilder:OpenSceneInPlayMode () (at Assets/Editor/HideAndSeekDesignBuilder.cs:189)

(Filename: Assets/Editor/HideAndSeekDesignBuilder.cs Line: 428)

HideAndSeekDesignBuilder: expanded animation import role=quarantined-run-locomotion, activeLocomotion=False, asset=Running.fbx, clip=Run, loop=True, mirror=False, target=Assets/Project/Resources/Animations/Locomotion/Running.fbx.
UnityEngine.StackTraceUtility:ExtractStackTrace () (at /Users/bokken/build/output/unity/unity/Runtime/Export/Scripting/StackTrace.cs:37)
UnityEngine.DebugLogHandler:LogFormat (UnityEngine.LogType,UnityEngine.Object,string,object[])
UnityEngine.Logger:Log (UnityEngine.LogType,object)
UnityEngine.Debug:Log (object)
ArgusUnity.Editor.HideAndSeekDesignBuilder:EnsureExpandedAnimationImports () (at Assets/Editor/HideAndSeekDesignBuilder.cs:316)
ArgusUnity.Editor.HideAndSeekDesignBuilder:BuildScene () (at Assets/Editor/HideAndSeekDesignBuilder.cs:151)
ArgusUnity.Editor.HideAndSeekDesignBuilder:OpenSceneInPlayMode () (at Assets/Editor/HideAndSeekDesignBuilder.cs:189)

(Filename: Assets/Editor/HideAndSeekDesignBuilder.cs Line: 316)

Start importing Assets/Project/Resources/Animations/Locomotion/Slow Run.fbx using Guid(07b1cd1c4ea6a401b86df6eaebc56999) Importer(-1,00000000000000000000000000000000)  -> (artifact id: '9bbe3bc33bce55e0322445193c00e0a3') in 0.237030 seconds
Refreshing native plugins compatible for Editor in 1.02 ms, found 0 plugins.
Preloading 0 native plugins for Editor in 0.00 ms.
Asset Pipeline Refresh (id=8e0a14a169db94c8387e6884e5dfbf90): Total: 0.271 seconds - Initiated by StopAssetImportingV2(NoUpdateAssetOptions)
Start importing Assets/Project/Resources/Animations/Locomotion/Slow Run.fbx using Guid(07b1cd1c4ea6a401b86df6eaebc56999) Importer(-1,00000000000000000000000000000000)  -> (artifact id: '9bbe3bc33bce55e0322445193c00e0a3') in 0.246859 seconds
Refreshing native plugins compatible for Editor in 0.89 ms, found 0 plugins.
Preloading 0 native plugins for Editor in 0.00 ms.
Asset Pipeline Refresh (id=2eebc463dfbbf446b959b83e722e87f9): Total: 0.277 seconds - Initiated by StopAssetImportingV2(NoUpdateAssetOptions)
HideAndSeekDesignBuilder: humanoid animation import asset=Slow Run.fbx, clip=SlowRun, loop=True, mirror=False, rootLocks=rotation:true,heightY:true,positionXZ:true, avatarSetup=CopyFromOther, sharedAvatar=True, sharedAvatarValid=True, sharedAvatarHuman=True, assetAvatarValid=False, assetAvatarHuman=False, importedClips=SlowRun.
UnityEngine.StackTraceUtility:ExtractStackTrace () (at /Users/bokken/build/output/unity/unity/Runtime/Export/Scripting/StackTrace.cs:37)
UnityEngine.DebugLogHandler:LogFormat (UnityEngine.LogType,UnityEngine.Object,string,object[])
UnityEngine.Logger:Log (UnityEngine.LogType,object)
UnityEngine.Debug:Log (object)
ArgusUnity.Editor.HideAndSeekDesignBuilder:ConfigureHumanoidAnimation (string,string,bool,UnityEngine.Avatar,bool) (at Assets/Editor/HideAndSeekDesignBuilder.cs:428)
ArgusUnity.Editor.HideAndSeekDesignBuilder:EnsureExpandedAnimationImports () (at Assets/Editor/HideAndSeekDesignBuilder.cs:310)
ArgusUnity.Editor.HideAndSeekDesignBuilder:BuildScene () (at Assets/Editor/HideAndSeekDesignBuilder.cs:151)
ArgusUnity.Editor.HideAndSeekDesignBuilder:OpenSceneInPlayMode () (at Assets/Editor/HideAndSeekDesignBuilder.cs:189)

(Filename: Assets/Editor/HideAndSeekDesignBuilder.cs Line: 428)

HideAndSeekDesignBuilder: expanded animation import role=quarantined-slow-run-locomotion, activeLocomotion=False, asset=Slow Run.fbx, clip=SlowRun, loop=True, mirror=False, target=Assets/Project/Resources/Animations/Locomotion/Slow Run.fbx.
UnityEngine.StackTraceUtility:ExtractStackTrace () (at /Users/bokken/build/output/unity/unity/Runtime/Export/Scripting/StackTrace.cs:37)
UnityEngine.DebugLogHandler:LogFormat (UnityEngine.LogType,UnityEngine.Object,string,object[])
UnityEngine.Logger:Log (UnityEngine.LogType,object)
UnityEngine.Debug:Log (object)
ArgusUnity.Editor.HideAndSeekDesignBuilder:EnsureExpandedAnimationImports () (at Assets/Editor/HideAndSeekDesignBuilder.cs:316)
ArgusUnity.Editor.HideAndSeekDesignBuilder:BuildScene () (at Assets/Editor/HideAndSeekDesignBuilder.cs:151)
ArgusUnity.Editor.HideAndSeekDesignBuilder:OpenSceneInPlayMode () (at Assets/Editor/HideAndSeekDesignBuilder.cs:189)

(Filename: Assets/Editor/HideAndSeekDesignBuilder.cs Line: 316)

Start importing Assets/Project/Resources/Animations/Locomotion/Running To Turn.fbx using Guid(06f4a46c02b354b268b2658de1f2164f) Importer(-1,00000000000000000000000000000000)  -> (artifact id: 'bea833bfd4f8165b854d2f1581bd56a1') in 0.337412 seconds
Refreshing native plugins compatible for Editor in 0.86 ms, found 0 plugins.
Preloading 0 native plugins for Editor in 0.00 ms.
Asset Pipeline Refresh (id=646efb045c75545e6bceb3212b915ed4): Total: 0.383 seconds - Initiated by StopAssetImportingV2(NoUpdateAssetOptions)
	Summary:
		Imports: total=1 (actual=1, local cache=0, cache server=0)
		Asset DB Process Time: managed=1 ms, native=372 ms
		Asset DB Callback time: managed=5 ms, native=2 ms
		Scripting: domain reloads=0, domain reload time=0 ms, compile time=0 ms, other=0 ms
		Project Asset Count: scripts=3121, non-scripts=1540
		Asset File Changes: new=0, changed=0, moved=0, deleted=0
		Scan Filter Count: 6
	InvokeBeforeRefreshCallbacks: 0.000ms
	ApplyChangesToAssetFolders: 0.026ms
	Scan: 1.329ms
	OnSourceAssetsModified: 0.000ms
	GetAllGuidsForCategorization: 0.159ms
	CategorizeAssets: 1.978ms
	ImportOutOfDateAssets: 344.432ms (0.427ms without children)
		ImportManagerImport: 342.064ms (0.456ms without children)
			ImportInProcess: 341.580ms
			UpdateCategorizedAssets: 0.028ms
		ReloadNativeAssets: 0.021ms
		UnloadImportedAssets: 0.025ms
		ReloadImportedAssets: 0.000ms
		EnsureUptoDateAssetsAreRegisteredWithGuidPM: 0.835ms
		InitializingProgressBar: 0.007ms
		PostProcessAllAssetNotificationsAddChangedAssets: 0.000ms
		OnDemandSchedulerStart: 1.052ms
	PostProcessAllAssets: 6.677ms
	Hotreload: 1.912ms
	GatherAllCurrentPrimaryArtifactRevisions: 0.175ms
	UnloadStreamsBegin: 0.059ms
	PersistCurrentRevisions: 0.228ms
	UnloadStreamsEnd: 0.011ms
	Untracked: 25.779ms
Start importing Assets/Project/Resources/Animations/Locomotion/Running To Turn.fbx using Guid(06f4a46c02b354b268b2658de1f2164f) Importer(-1,00000000000000000000000000000000)  -> (artifact id: 'bea833bfd4f8165b854d2f1581bd56a1') in 0.260769 seconds
Refreshing native plugins compatible for Editor in 0.97 ms, found 0 plugins.
Preloading 0 native plugins for Editor in 0.00 ms.
Asset Pipeline Refresh (id=0e7110e4117c242409fde251a3d2204a): Total: 0.289 seconds - Initiated by StopAssetImportingV2(NoUpdateAssetOptions)
HideAndSeekDesignBuilder: humanoid animation import asset=Running To Turn.fbx, clip=RunToTurn, loop=False, mirror=False, rootLocks=rotation:true,heightY:true,positionXZ:true, avatarSetup=CopyFromOther, sharedAvatar=True, sharedAvatarValid=True, sharedAvatarHuman=True, assetAvatarValid=False, assetAvatarHuman=False, importedClips=RunToTurn.
UnityEngine.StackTraceUtility:ExtractStackTrace () (at /Users/bokken/build/output/unity/unity/Runtime/Export/Scripting/StackTrace.cs:37)
UnityEngine.DebugLogHandler:LogFormat (UnityEngine.LogType,UnityEngine.Object,string,object[])
UnityEngine.Logger:Log (UnityEngine.LogType,object)
UnityEngine.Debug:Log (object)
ArgusUnity.Editor.HideAndSeekDesignBuilder:ConfigureHumanoidAnimation (string,string,bool,UnityEngine.Avatar,bool) (at Assets/Editor/HideAndSeekDesignBuilder.cs:428)
ArgusUnity.Editor.HideAndSeekDesignBuilder:EnsureExpandedAnimationImports () (at Assets/Editor/HideAndSeekDesignBuilder.cs:310)
ArgusUnity.Editor.HideAndSeekDesignBuilder:BuildScene () (at Assets/Editor/HideAndSeekDesignBuilder.cs:151)
ArgusUnity.Editor.HideAndSeekDesignBuilder:OpenSceneInPlayMode () (at Assets/Editor/HideAndSeekDesignBuilder.cs:189)

(Filename: Assets/Editor/HideAndSeekDesignBuilder.cs Line: 428)

HideAndSeekDesignBuilder: expanded animation import role=quarantined-run-turn-candidate, activeLocomotion=False, asset=Running To Turn.fbx, clip=RunToTurn, loop=False, mirror=False, target=Assets/Project/Resources/Animations/Locomotion/Running To Turn.fbx.
UnityEngine.StackTraceUtility:ExtractStackTrace () (at /Users/bokken/build/output/unity/unity/Runtime/Export/Scripting/StackTrace.cs:37)
UnityEngine.DebugLogHandler:LogFormat (UnityEngine.LogType,UnityEngine.Object,string,object[])
UnityEngine.Logger:Log (UnityEngine.LogType,object)
UnityEngine.Debug:Log (object)
ArgusUnity.Editor.HideAndSeekDesignBuilder:EnsureExpandedAnimationImports () (at Assets/Editor/HideAndSeekDesignBuilder.cs:316)
ArgusUnity.Editor.HideAndSeekDesignBuilder:BuildScene () (at Assets/Editor/HideAndSeekDesignBuilder.cs:151)
ArgusUnity.Editor.HideAndSeekDesignBuilder:OpenSceneInPlayMode () (at Assets/Editor/HideAndSeekDesignBuilder.cs:189)

(Filename: Assets/Editor/HideAndSeekDesignBuilder.cs Line: 316)

Start importing Assets/Project/Resources/Animations/FBXTurns/Left Turn W_Briefcase.fbx using Guid(aee9a1da03a1a47c6a8edda6be8f8eae) Importer(-1,00000000000000000000000000000000)  -> (artifact id: '0261bf6e215febaa3de699757626c6e4') in 0.265814 seconds
Refreshing native plugins compatible for Editor in 0.85 ms, found 0 plugins.
Preloading 0 native plugins for Editor in 0.00 ms.
Asset Pipeline Refresh (id=89e92e550e3ae445083c1f1586ad674a): Total: 0.304 seconds - Initiated by StopAssetImportingV2(NoUpdateAssetOptions)
	Summary:
		Imports: total=1 (actual=1, local cache=0, cache server=0)
		Asset DB Process Time: managed=0 ms, native=294 ms
		Asset DB Callback time: managed=4 ms, native=2 ms
		Scripting: domain reloads=0, domain reload time=0 ms, compile time=0 ms, other=0 ms
		Project Asset Count: scripts=3121, non-scripts=1540
		Asset File Changes: new=0, changed=0, moved=0, deleted=0
		Scan Filter Count: 6
	InvokeBeforeRefreshCallbacks: 0.000ms
	ApplyChangesToAssetFolders: 0.029ms
	Scan: 1.357ms
	OnSourceAssetsModified: 0.000ms
	GetAllGuidsForCategorization: 0.154ms
	CategorizeAssets: 1.722ms
	ImportOutOfDateAssets: 273.457ms (0.312ms without children)
		ImportManagerImport: 271.601ms (0.270ms without children)
			ImportInProcess: 271.306ms
			UpdateCategorizedAssets: 0.025ms
		ReloadNativeAssets: 0.018ms
		UnloadImportedAssets: 0.022ms
		ReloadImportedAssets: 0.000ms
		EnsureUptoDateAssetsAreRegisteredWithGuidPM: 0.784ms
		InitializingProgressBar: 0.005ms
		PostProcessAllAssetNotificationsAddChangedAssets: 0.000ms
		OnDemandSchedulerStart: 0.714ms
	PostProcessAllAssets: 6.043ms
	Hotreload: 1.737ms
	GatherAllCurrentPrimaryArtifactRevisions: 0.222ms
	UnloadStreamsBegin: 0.069ms
	PersistCurrentRevisions: 0.228ms
	UnloadStreamsEnd: 0.011ms
	Untracked: 18.634ms
Start importing Assets/Project/Resources/Animations/FBXTurns/Left Turn W_Briefcase.fbx using Guid(aee9a1da03a1a47c6a8edda6be8f8eae) Importer(-1,00000000000000000000000000000000)  -> (artifact id: '0261bf6e215febaa3de699757626c6e4') in 0.296216 seconds
Refreshing native plugins compatible for Editor in 0.98 ms, found 0 plugins.
Preloading 0 native plugins for Editor in 0.00 ms.
Asset Pipeline Refresh (id=c1cde91fae0f04fdab0261dce7bc8c9e): Total: 0.330 seconds - Initiated by StopAssetImportingV2(NoUpdateAssetOptions)
	Summary:
		Imports: total=1 (actual=1, local cache=0, cache server=0)
		Asset DB Process Time: managed=1 ms, native=320 ms
		Asset DB Callback time: managed=5 ms, native=1 ms
		Scripting: domain reloads=0, domain reload time=0 ms, compile time=0 ms, other=0 ms
		Project Asset Count: scripts=3121, non-scripts=1540
		Asset File Changes: new=0, changed=0, moved=0, deleted=0
		Scan Filter Count: 6
	InvokeBeforeRefreshCallbacks: 0.002ms
	ApplyChangesToAssetFolders: 0.023ms
	Scan: 1.284ms
	OnSourceAssetsModified: 0.000ms
	GetAllGuidsForCategorization: 0.151ms
	CategorizeAssets: 1.707ms
	ImportOutOfDateAssets: 300.258ms (-0.085ms without children)
		ImportManagerImport: 297.783ms (1.189ms without children)
			ImportInProcess: 296.569ms
			UpdateCategorizedAssets: 0.026ms
		ReloadNativeAssets: 0.018ms
		UnloadImportedAssets: 0.157ms
		ReloadImportedAssets: 0.855ms
		EnsureUptoDateAssetsAreRegisteredWithGuidPM: 0.796ms
		InitializingProgressBar: 0.005ms
		PostProcessAllAssetNotificationsAddChangedAssets: 0.000ms
		OnDemandSchedulerStart: 0.729ms
	PostProcessAllAssets: 6.150ms
	Hotreload: 1.761ms
	GatherAllCurrentPrimaryArtifactRevisions: 0.201ms
	UnloadStreamsBegin: 0.050ms
	PersistCurrentRevisions: 0.228ms
	UnloadStreamsEnd: 0.012ms
	Untracked: 18.061ms
HideAndSeekDesignBuilder: humanoid animation import asset=Left Turn W_Briefcase.fbx, clip=TurnLeft_Briefcase, loop=True, mirror=False, rootLocks=rotation:true,heightY:true,positionXZ:true, avatarSetup=CopyFromOther, sharedAvatar=True, sharedAvatarValid=True, sharedAvatarHuman=True, assetAvatarValid=False, assetAvatarHuman=False, importedClips=TurnLeft_Briefcase.
UnityEngine.StackTraceUtility:ExtractStackTrace () (at /Users/bokken/build/output/unity/unity/Runtime/Export/Scripting/StackTrace.cs:37)
UnityEngine.DebugLogHandler:LogFormat (UnityEngine.LogType,UnityEngine.Object,string,object[])
UnityEngine.Logger:Log (UnityEngine.LogType,object)
UnityEngine.Debug:Log (object)
ArgusUnity.Editor.HideAndSeekDesignBuilder:ConfigureHumanoidAnimation (string,string,bool,UnityEngine.Avatar,bool) (at Assets/Editor/HideAndSeekDesignBuilder.cs:428)
ArgusUnity.Editor.HideAndSeekDesignBuilder:EnsureExpandedAnimationImports () (at Assets/Editor/HideAndSeekDesignBuilder.cs:310)
ArgusUnity.Editor.HideAndSeekDesignBuilder:BuildScene () (at Assets/Editor/HideAndSeekDesignBuilder.cs:151)
ArgusUnity.Editor.HideAndSeekDesignBuilder:OpenSceneInPlayMode () (at Assets/Editor/HideAndSeekDesignBuilder.cs:189)

(Filename: Assets/Editor/HideAndSeekDesignBuilder.cs Line: 428)

HideAndSeekDesignBuilder: expanded animation import role=production-left-briefcase-turn, activeLocomotion=True, asset=Left Turn W_Briefcase.fbx, clip=TurnLeft_Briefcase, loop=True, mirror=False, target=Assets/Project/Resources/Animations/FBXTurns/Left Turn W_Briefcase.fbx.
UnityEngine.StackTraceUtility:ExtractStackTrace () (at /Users/bokken/build/output/unity/unity/Runtime/Export/Scripting/StackTrace.cs:37)
UnityEngine.DebugLogHandler:LogFormat (UnityEngine.LogType,UnityEngine.Object,string,object[])
UnityEngine.Logger:Log (UnityEngine.LogType,object)
UnityEngine.Debug:Log (object)
ArgusUnity.Editor.HideAndSeekDesignBuilder:EnsureExpandedAnimationImports () (at Assets/Editor/HideAndSeekDesignBuilder.cs:316)
ArgusUnity.Editor.HideAndSeekDesignBuilder:BuildScene () (at Assets/Editor/HideAndSeekDesignBuilder.cs:151)
ArgusUnity.Editor.HideAndSeekDesignBuilder:OpenSceneInPlayMode () (at Assets/Editor/HideAndSeekDesignBuilder.cs:189)

(Filename: Assets/Editor/HideAndSeekDesignBuilder.cs Line: 316)

Start importing Assets/Project/Resources/Animations/FBXTurns/Left Turn W_Briefcase-2.fbx using Guid(f205dce3d15704ca6a8b9b0f86401123) Importer(-1,00000000000000000000000000000000)  -> (artifact id: '9b7cc026d1c5e804a6f7ac31763cc466') in 0.270199 seconds
Refreshing native plugins compatible for Editor in 0.90 ms, found 0 plugins.
Preloading 0 native plugins for Editor in 0.00 ms.
Asset Pipeline Refresh (id=352ae2aa8327648b8b4d4dd66c5a3f78): Total: 0.311 seconds - Initiated by StopAssetImportingV2(NoUpdateAssetOptions)
	Summary:
		Imports: total=1 (actual=1, local cache=0, cache server=0)
		Asset DB Process Time: managed=1 ms, native=294 ms
		Asset DB Callback time: managed=12 ms, native=3 ms
		Scripting: domain reloads=0, domain reload time=0 ms, compile time=0 ms, other=0 ms
		Project Asset Count: scripts=3121, non-scripts=1540
		Asset File Changes: new=0, changed=0, moved=0, deleted=0
		Scan Filter Count: 6
	InvokeBeforeRefreshCallbacks: 0.001ms
	ApplyChangesToAssetFolders: 0.023ms
	Scan: 1.253ms
	OnSourceAssetsModified: 0.000ms
	GetAllGuidsForCategorization: 0.164ms
	CategorizeAssets: 1.703ms
	ImportOutOfDateAssets: 274.228ms (0.322ms without children)
		ImportManagerImport: 272.295ms (0.268ms without children)
			ImportInProcess: 272.002ms
			UpdateCategorizedAssets: 0.026ms
		ReloadNativeAssets: 0.018ms
		UnloadImportedAssets: 0.021ms
		ReloadImportedAssets: 0.000ms
		EnsureUptoDateAssetsAreRegisteredWithGuidPM: 0.802ms
		InitializingProgressBar: 0.004ms
		PostProcessAllAssetNotificationsAddChangedAssets: 0.000ms
		OnDemandSchedulerStart: 0.765ms
	PostProcessAllAssets: 13.325ms
	Hotreload: 1.937ms
	GatherAllCurrentPrimaryArtifactRevisions: 0.173ms
	UnloadStreamsBegin: 0.051ms
	PersistCurrentRevisions: 0.229ms
	UnloadStreamsEnd: 0.011ms
	Untracked: 17.522ms
Start importing Assets/Project/Resources/Animations/FBXTurns/Left Turn W_Briefcase-2.fbx using Guid(f205dce3d15704ca6a8b9b0f86401123) Importer(-1,00000000000000000000000000000000)  -> (artifact id: '9b7cc026d1c5e804a6f7ac31763cc466') in 0.275125 seconds
Refreshing native plugins compatible for Editor in 0.88 ms, found 0 plugins.
Preloading 0 native plugins for Editor in 0.00 ms.
Asset Pipeline Refresh (id=81255e0287c1e463783eaea57e36abb3): Total: 0.315 seconds - Initiated by StopAssetImportingV2(NoUpdateAssetOptions)
	Summary:
		Imports: total=1 (actual=1, local cache=0, cache server=0)
		Asset DB Process Time: managed=2 ms, native=308 ms
		Asset DB Callback time: managed=2 ms, native=1 ms
		Scripting: domain reloads=0, domain reload time=0 ms, compile time=0 ms, other=0 ms
		Project Asset Count: scripts=3121, non-scripts=1540
		Asset File Changes: new=0, changed=0, moved=0, deleted=0
		Scan Filter Count: 6
	InvokeBeforeRefreshCallbacks: 0.000ms
	ApplyChangesToAssetFolders: 0.029ms
	Scan: 1.487ms
	OnSourceAssetsModified: 0.000ms
	GetAllGuidsForCategorization: 0.170ms
	CategorizeAssets: 2.162ms
	ImportOutOfDateAssets: 283.675ms (-1.844ms without children)
		ImportManagerImport: 279.527ms (3.302ms without children)
			ImportInProcess: 276.139ms
			UpdateCategorizedAssets: 0.085ms
		ReloadNativeAssets: 0.023ms
		UnloadImportedAssets: 0.210ms
		ReloadImportedAssets: 2.250ms
		EnsureUptoDateAssetsAreRegisteredWithGuidPM: 0.933ms
		InitializingProgressBar: 0.006ms
		PostProcessAllAssetNotificationsAddChangedAssets: 0.000ms
		OnDemandSchedulerStart: 2.571ms
	PostProcessAllAssets: 3.131ms
	Hotreload: 1.451ms
	GatherAllCurrentPrimaryArtifactRevisions: 0.188ms
	UnloadStreamsBegin: 0.086ms
	PersistCurrentRevisions: 0.400ms
	UnloadStreamsEnd: 0.014ms
	Untracked: 22.263ms
HideAndSeekDesignBuilder: humanoid animation import asset=Left Turn W_Briefcase-2.fbx, clip=TurnLeft_Briefcase_Alt, loop=False, mirror=False, rootLocks=rotation:true,heightY:true,positionXZ:true, avatarSetup=CopyFromOther, sharedAvatar=True, sharedAvatarValid=True, sharedAvatarHuman=True, assetAvatarValid=False, assetAvatarHuman=False, importedClips=TurnLeft_Briefcase_Alt.
UnityEngine.StackTraceUtility:ExtractStackTrace () (at /Users/bokken/build/output/unity/unity/Runtime/Export/Scripting/StackTrace.cs:37)
UnityEngine.DebugLogHandler:LogFormat (UnityEngine.LogType,UnityEngine.Object,string,object[])
UnityEngine.Logger:Log (UnityEngine.LogType,object)
UnityEngine.Debug:Log (object)
ArgusUnity.Editor.HideAndSeekDesignBuilder:ConfigureHumanoidAnimation (string,string,bool,UnityEngine.Avatar,bool) (at Assets/Editor/HideAndSeekDesignBuilder.cs:428)
ArgusUnity.Editor.HideAndSeekDesignBuilder:EnsureExpandedAnimationImports () (at Assets/Editor/HideAndSeekDesignBuilder.cs:310)
ArgusUnity.Editor.HideAndSeekDesignBuilder:BuildScene () (at Assets/Editor/HideAndSeekDesignBuilder.cs:151)
ArgusUnity.Editor.HideAndSeekDesignBuilder:OpenSceneInPlayMode () (at Assets/Editor/HideAndSeekDesignBuilder.cs:189)

(Filename: Assets/Editor/HideAndSeekDesignBuilder.cs Line: 428)

HideAndSeekDesignBuilder: expanded animation import role=briefcase-turn-alt-preview, activeLocomotion=False, asset=Left Turn W_Briefcase-2.fbx, clip=TurnLeft_Briefcase_Alt, loop=False, mirror=False, target=Assets/Project/Resources/Animations/FBXTurns/Left Turn W_Briefcase-2.fbx.
UnityEngine.StackTraceUtility:ExtractStackTrace () (at /Users/bokken/build/output/unity/unity/Runtime/Export/Scripting/StackTrace.cs:37)
UnityEngine.DebugLogHandler:LogFormat (UnityEngine.LogType,UnityEngine.Object,string,object[])
UnityEngine.Logger:Log (UnityEngine.LogType,object)
UnityEngine.Debug:Log (object)
ArgusUnity.Editor.HideAndSeekDesignBuilder:EnsureExpandedAnimationImports () (at Assets/Editor/HideAndSeekDesignBuilder.cs:316)
ArgusUnity.Editor.HideAndSeekDesignBuilder:BuildScene () (at Assets/Editor/HideAndSeekDesignBuilder.cs:151)
ArgusUnity.Editor.HideAndSeekDesignBuilder:OpenSceneInPlayMode () (at Assets/Editor/HideAndSeekDesignBuilder.cs:189)

(Filename: Assets/Editor/HideAndSeekDesignBuilder.cs Line: 316)

Start importing Assets/Project/Resources/Animations/FBXTurns/Right Turn W_Briefcase_Mirrored.fbx using Guid(88c9c815a6a8c492cb9e49b0c842be3e) Importer(-1,00000000000000000000000000000000)  -> (artifact id: '6973b3cb5972e91b7d2dccaf72732990') in 0.307388 seconds
Refreshing native plugins compatible for Editor in 0.88 ms, found 0 plugins.
Preloading 0 native plugins for Editor in 0.00 ms.
Asset Pipeline Refresh (id=136ddbe967c2c40239fa5190206fc9e1): Total: 0.351 seconds - Initiated by StopAssetImportingV2(NoUpdateAssetOptions)
	Summary:
		Imports: total=1 (actual=1, local cache=0, cache server=0)
		Asset DB Process Time: managed=1 ms, native=340 ms
		Asset DB Callback time: managed=5 ms, native=3 ms
		Scripting: domain reloads=0, domain reload time=0 ms, compile time=0 ms, other=0 ms
		Project Asset Count: scripts=3121, non-scripts=1540
		Asset File Changes: new=0, changed=0, moved=0, deleted=0
		Scan Filter Count: 6
	InvokeBeforeRefreshCallbacks: 0.000ms
	ApplyChangesToAssetFolders: 0.032ms
	Scan: 1.624ms
	OnSourceAssetsModified: 0.000ms
	GetAllGuidsForCategorization: 0.156ms
	CategorizeAssets: 2.173ms
	ImportOutOfDateAssets: 316.196ms (0.327ms without children)
		ImportManagerImport: 314.277ms (0.280ms without children)
			ImportInProcess: 313.967ms
			UpdateCategorizedAssets: 0.031ms
		ReloadNativeAssets: 0.023ms
		UnloadImportedAssets: 0.023ms
		ReloadImportedAssets: 0.000ms
		EnsureUptoDateAssetsAreRegisteredWithGuidPM: 0.821ms
		InitializingProgressBar: 0.006ms
		PostProcessAllAssetNotificationsAddChangedAssets: 0.000ms
		OnDemandSchedulerStart: 0.718ms
	PostProcessAllAssets: 6.705ms
	Hotreload: 2.285ms
	GatherAllCurrentPrimaryArtifactRevisions: 0.331ms
	UnloadStreamsBegin: 0.065ms
	PersistCurrentRevisions: 0.231ms
	UnloadStreamsEnd: 0.013ms
	Untracked: 21.172ms
Start importing Assets/Project/Resources/Animations/FBXTurns/Right Turn W_Briefcase_Mirrored.fbx using Guid(88c9c815a6a8c492cb9e49b0c842be3e) Importer(-1,00000000000000000000000000000000)  -> (artifact id: '6973b3cb5972e91b7d2dccaf72732990') in 0.282668 seconds
Refreshing native plugins compatible for Editor in 1.14 ms, found 0 plugins.
Preloading 0 native plugins for Editor in 0.00 ms.
Asset Pipeline Refresh (id=f433197475128442695c7425e9340c5b): Total: 0.313 seconds - Initiated by StopAssetImportingV2(NoUpdateAssetOptions)
	Summary:
		Imports: total=1 (actual=1, local cache=0, cache server=0)
		Asset DB Process Time: managed=1 ms, native=307 ms
		Asset DB Callback time: managed=2 ms, native=1 ms
		Scripting: domain reloads=0, domain reload time=0 ms, compile time=0 ms, other=0 ms
		Project Asset Count: scripts=3121, non-scripts=1540
		Asset File Changes: new=0, changed=0, moved=0, deleted=0
		Scan Filter Count: 6
	InvokeBeforeRefreshCallbacks: 0.000ms
	ApplyChangesToAssetFolders: 0.023ms
	Scan: 1.408ms
	OnSourceAssetsModified: 0.001ms
	GetAllGuidsForCategorization: 0.159ms
	CategorizeAssets: 2.363ms
	ImportOutOfDateAssets: 286.734ms (-0.748ms without children)
		ImportManagerImport: 284.672ms (1.405ms without children)
			ImportInProcess: 283.241ms
			UpdateCategorizedAssets: 0.025ms
		ReloadNativeAssets: 0.019ms
		UnloadImportedAssets: 0.126ms
		ReloadImportedAssets: 1.067ms
		EnsureUptoDateAssetsAreRegisteredWithGuidPM: 0.812ms
		InitializingProgressBar: 0.004ms
		PostProcessAllAssetNotificationsAddChangedAssets: 0.000ms
		OnDemandSchedulerStart: 0.782ms
	PostProcessAllAssets: 2.527ms
	Hotreload: 1.525ms
	GatherAllCurrentPrimaryArtifactRevisions: 0.216ms
	UnloadStreamsBegin: 0.051ms
	PersistCurrentRevisions: 0.233ms
	UnloadStreamsEnd: 0.011ms
	Untracked: 17.411ms
HideAndSeekDesignBuilder: humanoid animation import asset=Right Turn W_Briefcase_Mirrored.fbx, clip=TurnRight_Briefcase, loop=True, mirror=True, rootLocks=rotation:true,heightY:true,positionXZ:true, avatarSetup=CopyFromOther, sharedAvatar=True, sharedAvatarValid=True, sharedAvatarHuman=True, assetAvatarValid=False, assetAvatarHuman=False, importedClips=TurnRight_Briefcase.
UnityEngine.StackTraceUtility:ExtractStackTrace () (at /Users/bokken/build/output/unity/unity/Runtime/Export/Scripting/StackTrace.cs:37)
UnityEngine.DebugLogHandler:LogFormat (UnityEngine.LogType,UnityEngine.Object,string,object[])
UnityEngine.Logger:Log (UnityEngine.LogType,object)
UnityEngine.Debug:Log (object)
ArgusUnity.Editor.HideAndSeekDesignBuilder:ConfigureHumanoidAnimation (string,string,bool,UnityEngine.Avatar,bool) (at Assets/Editor/HideAndSeekDesignBuilder.cs:428)
ArgusUnity.Editor.HideAndSeekDesignBuilder:EnsureExpandedAnimationImports () (at Assets/Editor/HideAndSeekDesignBuilder.cs:310)
ArgusUnity.Editor.HideAndSeekDesignBuilder:BuildScene () (at Assets/Editor/HideAndSeekDesignBuilder.cs:151)
ArgusUnity.Editor.HideAndSeekDesignBuilder:OpenSceneInPlayMode () (at Assets/Editor/HideAndSeekDesignBuilder.cs:189)

(Filename: Assets/Editor/HideAndSeekDesignBuilder.cs Line: 428)

HideAndSeekDesignBuilder: expanded animation import role=production-right-briefcase-turn-mirrored, activeLocomotion=True, asset=Right Turn W_Briefcase_Mirrored.fbx, clip=TurnRight_Briefcase, loop=True, mirror=True, target=Assets/Project/Resources/Animations/FBXTurns/Right Turn W_Briefcase_Mirrored.fbx.
UnityEngine.StackTraceUtility:ExtractStackTrace () (at /Users/bokken/build/output/unity/unity/Runtime/Export/Scripting/StackTrace.cs:37)
UnityEngine.DebugLogHandler:LogFormat (UnityEngine.LogType,UnityEngine.Object,string,object[])
UnityEngine.Logger:Log (UnityEngine.LogType,object)
UnityEngine.Debug:Log (object)
ArgusUnity.Editor.HideAndSeekDesignBuilder:EnsureExpandedAnimationImports () (at Assets/Editor/HideAndSeekDesignBuilder.cs:316)
ArgusUnity.Editor.HideAndSeekDesignBuilder:BuildScene () (at Assets/Editor/HideAndSeekDesignBuilder.cs:151)
ArgusUnity.Editor.HideAndSeekDesignBuilder:OpenSceneInPlayMode () (at Assets/Editor/HideAndSeekDesignBuilder.cs:189)

(Filename: Assets/Editor/HideAndSeekDesignBuilder.cs Line: 316)

Start importing Assets/Project/Resources/Animations/Actions/Thinking.fbx using Guid(36a75f6830f56473790d1fae92b02700) Importer(-1,00000000000000000000000000000000)  -> (artifact id: 'fd0afac4c3936fda1f44c380eda18785') in 0.328338 seconds
Refreshing native plugins compatible for Editor in 1.44 ms, found 0 plugins.
Preloading 0 native plugins for Editor in 0.00 ms.
Asset Pipeline Refresh (id=1df8372676967462cbb1637f150bc1a7): Total: 0.379 seconds - Initiated by StopAssetImportingV2(NoUpdateAssetOptions)
	Summary:
		Imports: total=1 (actual=1, local cache=0, cache server=0)
		Asset DB Process Time: managed=2 ms, native=355 ms
		Asset DB Callback time: managed=15 ms, native=4 ms
		Scripting: domain reloads=0, domain reload time=0 ms, compile time=0 ms, other=0 ms
		Project Asset Count: scripts=3121, non-scripts=1540
		Asset File Changes: new=0, changed=0, moved=0, deleted=0
		Scan Filter Count: 6
	InvokeBeforeRefreshCallbacks: 0.000ms
	ApplyChangesToAssetFolders: 0.024ms
	Scan: 1.347ms
	OnSourceAssetsModified: 0.000ms
	GetAllGuidsForCategorization: 0.245ms
	CategorizeAssets: 1.992ms
	ImportOutOfDateAssets: 334.938ms (0.365ms without children)
		ImportManagerImport: 332.693ms (0.331ms without children)
			ImportInProcess: 332.329ms
			UpdateCategorizedAssets: 0.033ms
		ReloadNativeAssets: 0.020ms
		UnloadImportedAssets: 0.023ms
		ReloadImportedAssets: 0.000ms
		EnsureUptoDateAssetsAreRegisteredWithGuidPM: 0.940ms
		InitializingProgressBar: 0.004ms
		PostProcessAllAssetNotificationsAddChangedAssets: 0.000ms
		OnDemandSchedulerStart: 0.893ms
	PostProcessAllAssets: 17.046ms
	Hotreload: 3.516ms
	GatherAllCurrentPrimaryArtifactRevisions: 0.159ms
	UnloadStreamsBegin: 0.048ms
	PersistCurrentRevisions: 0.268ms
	UnloadStreamsEnd: 0.013ms
	Untracked: 19.158ms
Start importing Assets/Project/Resources/Animations/Actions/Thinking.fbx using Guid(36a75f6830f56473790d1fae92b02700) Importer(-1,00000000000000000000000000000000)  -> (artifact id: 'fd0afac4c3936fda1f44c380eda18785') in 0.336686 seconds
Refreshing native plugins compatible for Editor in 1.06 ms, found 0 plugins.
Preloading 0 native plugins for Editor in 0.00 ms.
Asset Pipeline Refresh (id=2d14eee78c0814a598d8eac58f24a466): Total: 0.378 seconds - Initiated by StopAssetImportingV2(NoUpdateAssetOptions)
	Summary:
		Imports: total=1 (actual=1, local cache=0, cache server=0)
		Asset DB Process Time: managed=2 ms, native=368 ms
		Asset DB Callback time: managed=4 ms, native=2 ms
		Scripting: domain reloads=0, domain reload time=0 ms, compile time=0 ms, other=0 ms
		Project Asset Count: scripts=3121, non-scripts=1540
		Asset File Changes: new=0, changed=0, moved=0, deleted=0
		Scan Filter Count: 6
	InvokeBeforeRefreshCallbacks: 0.000ms
	ApplyChangesToAssetFolders: 0.026ms
	Scan: 1.601ms
	OnSourceAssetsModified: 0.000ms
	GetAllGuidsForCategorization: 0.236ms
	CategorizeAssets: 2.408ms
	ImportOutOfDateAssets: 342.384ms (-1.006ms without children)
		ImportManagerImport: 339.443ms (2.161ms without children)
			ImportInProcess: 337.239ms
			UpdateCategorizedAssets: 0.043ms
		ReloadNativeAssets: 0.023ms
		UnloadImportedAssets: 0.177ms
		ReloadImportedAssets: 1.544ms
		EnsureUptoDateAssetsAreRegisteredWithGuidPM: 0.998ms
		InitializingProgressBar: 0.005ms
		PostProcessAllAssetNotificationsAddChangedAssets: 0.000ms
		OnDemandSchedulerStart: 1.199ms
	PostProcessAllAssets: 5.046ms
	Hotreload: 1.891ms
	GatherAllCurrentPrimaryArtifactRevisions: 0.226ms
	UnloadStreamsBegin: 0.095ms
	PersistCurrentRevisions: 0.268ms
	UnloadStreamsEnd: 0.017ms
	Untracked: 23.432ms
HideAndSeekDesignBuilder: humanoid animation import asset=Thinking.fbx, clip=Thinking, loop=False, mirror=False, rootLocks=rotation:true,heightY:true,positionXZ:true, avatarSetup=CopyFromOther, sharedAvatar=True, sharedAvatarValid=True, sharedAvatarHuman=True, assetAvatarValid=False, assetAvatarHuman=False, importedClips=Thinking.
UnityEngine.StackTraceUtility:ExtractStackTrace () (at /Users/bokken/build/output/unity/unity/Runtime/Export/Scripting/StackTrace.cs:37)
UnityEngine.DebugLogHandler:LogFormat (UnityEngine.LogType,UnityEngine.Object,string,object[])
UnityEngine.Logger:Log (UnityEngine.LogType,object)
UnityEngine.Debug:Log (object)
ArgusUnity.Editor.HideAndSeekDesignBuilder:ConfigureHumanoidAnimation (string,string,bool,UnityEngine.Avatar,bool) (at Assets/Editor/HideAndSeekDesignBuilder.cs:428)
ArgusUnity.Editor.HideAndSeekDesignBuilder:EnsureExpandedAnimationImports () (at Assets/Editor/HideAndSeekDesignBuilder.cs:310)
ArgusUnity.Editor.HideAndSeekDesignBuilder:BuildScene () (at Assets/Editor/HideAndSeekDesignBuilder.cs:151)
ArgusUnity.Editor.HideAndSeekDesignBuilder:OpenSceneInPlayMode () (at Assets/Editor/HideAndSeekDesignBuilder.cs:189)

(Filename: Assets/Editor/HideAndSeekDesignBuilder.cs Line: 428)

HideAndSeekDesignBuilder: expanded animation import role=thinking-action-not-wired, activeLocomotion=False, asset=Thinking.fbx, clip=Thinking, loop=False, mirror=False, target=Assets/Project/Resources/Animations/Actions/Thinking.fbx.
UnityEngine.StackTraceUtility:ExtractStackTrace () (at /Users/bokken/build/output/unity/unity/Runtime/Export/Scripting/StackTrace.cs:37)
UnityEngine.DebugLogHandler:LogFormat (UnityEngine.LogType,UnityEngine.Object,string,object[])
UnityEngine.Logger:Log (UnityEngine.LogType,object)
UnityEngine.Debug:Log (object)
ArgusUnity.Editor.HideAndSeekDesignBuilder:EnsureExpandedAnimationImports () (at Assets/Editor/HideAndSeekDesignBuilder.cs:316)
ArgusUnity.Editor.HideAndSeekDesignBuilder:BuildScene () (at Assets/Editor/HideAndSeekDesignBuilder.cs:151)
ArgusUnity.Editor.HideAndSeekDesignBuilder:OpenSceneInPlayMode () (at Assets/Editor/HideAndSeekDesignBuilder.cs:189)

(Filename: Assets/Editor/HideAndSeekDesignBuilder.cs Line: 316)

Start importing Assets/Project/Resources/Animations/Actions/Angry.fbx using Guid(bf6f5bc26201348749cec0762d90324c) Importer(-1,00000000000000000000000000000000)  -> (artifact id: 'fa14516dafcd04b369ba93df3c24b969') in 0.549165 seconds
Refreshing native plugins compatible for Editor in 0.84 ms, found 0 plugins.
Preloading 0 native plugins for Editor in 0.00 ms.
Asset Pipeline Refresh (id=f312a242c804a49609e7938265635bd7): Total: 0.603 seconds - Initiated by StopAssetImportingV2(NoUpdateAssetOptions)
	Summary:
		Imports: total=1 (actual=1, local cache=0, cache server=0)
		Asset DB Process Time: managed=1 ms, native=582 ms
		Asset DB Callback time: managed=14 ms, native=4 ms
		Scripting: domain reloads=0, domain reload time=0 ms, compile time=0 ms, other=0 ms
		Project Asset Count: scripts=3121, non-scripts=1540
		Asset File Changes: new=0, changed=0, moved=0, deleted=0
		Scan Filter Count: 6
	InvokeBeforeRefreshCallbacks: 0.000ms
	ApplyChangesToAssetFolders: 0.034ms
	Scan: 1.607ms
	OnSourceAssetsModified: 0.000ms
	GetAllGuidsForCategorization: 0.165ms
	CategorizeAssets: 2.354ms
	ImportOutOfDateAssets: 556.361ms (0.421ms without children)
		ImportManagerImport: 554.196ms (0.268ms without children)
			ImportInProcess: 553.901ms
			UpdateCategorizedAssets: 0.026ms
		ReloadNativeAssets: 0.029ms
		UnloadImportedAssets: 0.030ms
		ReloadImportedAssets: 0.000ms
		EnsureUptoDateAssetsAreRegisteredWithGuidPM: 0.961ms
		InitializingProgressBar: 0.007ms
		PostProcessAllAssetNotificationsAddChangedAssets: 0.001ms
		OnDemandSchedulerStart: 0.717ms
	PostProcessAllAssets: 17.378ms
	Hotreload: 1.955ms
	GatherAllCurrentPrimaryArtifactRevisions: 0.212ms
	UnloadStreamsBegin: 0.058ms
	PersistCurrentRevisions: 0.227ms
	UnloadStreamsEnd: 0.011ms
	Untracked: 22.775ms
Start importing Assets/Project/Resources/Animations/Actions/Angry.fbx using Guid(bf6f5bc26201348749cec0762d90324c) Importer(-1,00000000000000000000000000000000)  -> (artifact id: 'fa14516dafcd04b369ba93df3c24b969') in 0.551499 seconds
Refreshing native plugins compatible for Editor in 0.83 ms, found 0 plugins.
Preloading 0 native plugins for Editor in 0.00 ms.
Asset Pipeline Refresh (id=3b2e5d1c11f654dad995504d0971baab): Total: 0.585 seconds - Initiated by StopAssetImportingV2(NoUpdateAssetOptions)
	Summary:
		Imports: total=1 (actual=1, local cache=0, cache server=0)
		Asset DB Process Time: managed=1 ms, native=573 ms
		Asset DB Callback time: managed=9 ms, native=1 ms
		Scripting: domain reloads=0, domain reload time=0 ms, compile time=0 ms, other=0 ms
		Project Asset Count: scripts=3121, non-scripts=1540
		Asset File Changes: new=0, changed=0, moved=0, deleted=0
		Scan Filter Count: 6
	InvokeBeforeRefreshCallbacks: 0.000ms
	ApplyChangesToAssetFolders: 0.023ms
	Scan: 1.154ms
	OnSourceAssetsModified: 0.000ms
	GetAllGuidsForCategorization: 0.146ms
	CategorizeAssets: 1.320ms
	ImportOutOfDateAssets: 554.925ms (-0.590ms without children)
		ImportManagerImport: 552.981ms (1.169ms without children)
			ImportInProcess: 551.790ms
			UpdateCategorizedAssets: 0.022ms
		ReloadNativeAssets: 0.015ms
		UnloadImportedAssets: 0.120ms
		ReloadImportedAssets: 0.894ms
		EnsureUptoDateAssetsAreRegisteredWithGuidPM: 0.781ms
		InitializingProgressBar: 0.005ms
		PostProcessAllAssetNotificationsAddChangedAssets: 0.000ms
		OnDemandSchedulerStart: 0.720ms
	PostProcessAllAssets: 9.867ms
	Hotreload: 1.244ms
	GatherAllCurrentPrimaryArtifactRevisions: 0.158ms
	UnloadStreamsBegin: 0.035ms
	PersistCurrentRevisions: 0.231ms
	UnloadStreamsEnd: 0.013ms
	Untracked: 16.335ms
HideAndSeekDesignBuilder: humanoid animation import asset=Angry.fbx, clip=Angry, loop=False, mirror=False, rootLocks=rotation:true,heightY:true,positionXZ:true, avatarSetup=CopyFromOther, sharedAvatar=True, sharedAvatarValid=True, sharedAvatarHuman=True, assetAvatarValid=False, assetAvatarHuman=False, importedClips=Angry.
UnityEngine.StackTraceUtility:ExtractStackTrace () (at /Users/bokken/build/output/unity/unity/Runtime/Export/Scripting/StackTrace.cs:37)
UnityEngine.DebugLogHandler:LogFormat (UnityEngine.LogType,UnityEngine.Object,string,object[])
UnityEngine.Logger:Log (UnityEngine.LogType,object)
UnityEngine.Debug:Log (object)
ArgusUnity.Editor.HideAndSeekDesignBuilder:ConfigureHumanoidAnimation (string,string,bool,UnityEngine.Avatar,bool) (at Assets/Editor/HideAndSeekDesignBuilder.cs:428)
ArgusUnity.Editor.HideAndSeekDesignBuilder:EnsureExpandedAnimationImports () (at Assets/Editor/HideAndSeekDesignBuilder.cs:310)
ArgusUnity.Editor.HideAndSeekDesignBuilder:BuildScene () (at Assets/Editor/HideAndSeekDesignBuilder.cs:151)
ArgusUnity.Editor.HideAndSeekDesignBuilder:OpenSceneInPlayMode () (at Assets/Editor/HideAndSeekDesignBuilder.cs:189)

(Filename: Assets/Editor/HideAndSeekDesignBuilder.cs Line: 428)

HideAndSeekDesignBuilder: expanded animation import role=angry-action-not-wired, activeLocomotion=False, asset=Angry.fbx, clip=Angry, loop=False, mirror=False, target=Assets/Project/Resources/Animations/Actions/Angry.fbx.
UnityEngine.StackTraceUtility:ExtractStackTrace () (at /Users/bokken/build/output/unity/unity/Runtime/Export/Scripting/StackTrace.cs:37)
UnityEngine.DebugLogHandler:LogFormat (UnityEngine.LogType,UnityEngine.Object,string,object[])
UnityEngine.Logger:Log (UnityEngine.LogType,object)
UnityEngine.Debug:Log (object)
ArgusUnity.Editor.HideAndSeekDesignBuilder:EnsureExpandedAnimationImports () (at Assets/Editor/HideAndSeekDesignBuilder.cs:316)
ArgusUnity.Editor.HideAndSeekDesignBuilder:BuildScene () (at Assets/Editor/HideAndSeekDesignBuilder.cs:151)
ArgusUnity.Editor.HideAndSeekDesignBuilder:OpenSceneInPlayMode () (at Assets/Editor/HideAndSeekDesignBuilder.cs:189)

(Filename: Assets/Editor/HideAndSeekDesignBuilder.cs Line: 316)

Start importing Assets/Project/Resources/Animations/Actions/Male Laying Pose.fbx using Guid(6f5314b5ac7be4cd4b67afc80b5c49f2) Importer(-1,00000000000000000000000000000000)  -> (artifact id: '4de69289a8dc82693b729138e293b433') in 0.243959 seconds
Refreshing native plugins compatible for Editor in 0.85 ms, found 0 plugins.
Preloading 0 native plugins for Editor in 0.00 ms.
Asset Pipeline Refresh (id=dcd55bfcfbfd44877ad907282166992f): Total: 0.276 seconds - Initiated by StopAssetImportingV2(NoUpdateAssetOptions)
Start importing Assets/Project/Resources/Animations/Actions/Male Laying Pose.fbx using Guid(6f5314b5ac7be4cd4b67afc80b5c49f2) Importer(-1,00000000000000000000000000000000)  -> (artifact id: '4de69289a8dc82693b729138e293b433') in 0.223110 seconds
Refreshing native plugins compatible for Editor in 0.87 ms, found 0 plugins.
Preloading 0 native plugins for Editor in 0.00 ms.
Asset Pipeline Refresh (id=83abf8c9fc60543d19ff3c6bd92aa8be): Total: 0.250 seconds - Initiated by StopAssetImportingV2(NoUpdateAssetOptions)
HideAndSeekDesignBuilder: humanoid animation import asset=Male Laying Pose.fbx, clip=LayingPose, loop=False, mirror=False, rootLocks=rotation:true,heightY:true,positionXZ:true, avatarSetup=CopyFromOther, sharedAvatar=True, sharedAvatarValid=True, sharedAvatarHuman=True, assetAvatarValid=False, assetAvatarHuman=False, importedClips=LayingPose.
UnityEngine.StackTraceUtility:ExtractStackTrace () (at /Users/bokken/build/output/unity/unity/Runtime/Export/Scripting/StackTrace.cs:37)
UnityEngine.DebugLogHandler:LogFormat (UnityEngine.LogType,UnityEngine.Object,string,object[])
UnityEngine.Logger:Log (UnityEngine.LogType,object)
UnityEngine.Debug:Log (object)
ArgusUnity.Editor.HideAndSeekDesignBuilder:ConfigureHumanoidAnimation (string,string,bool,UnityEngine.Avatar,bool) (at Assets/Editor/HideAndSeekDesignBuilder.cs:428)
ArgusUnity.Editor.HideAndSeekDesignBuilder:EnsureExpandedAnimationImports () (at Assets/Editor/HideAndSeekDesignBuilder.cs:310)
ArgusUnity.Editor.HideAndSeekDesignBuilder:BuildScene () (at Assets/Editor/HideAndSeekDesignBuilder.cs:151)
ArgusUnity.Editor.HideAndSeekDesignBuilder:OpenSceneInPlayMode () (at Assets/Editor/HideAndSeekDesignBuilder.cs:189)

(Filename: Assets/Editor/HideAndSeekDesignBuilder.cs Line: 428)

HideAndSeekDesignBuilder: expanded animation import role=laying-pose-action-not-wired, activeLocomotion=False, asset=Male Laying Pose.fbx, clip=LayingPose, loop=False, mirror=False, target=Assets/Project/Resources/Animations/Actions/Male Laying Pose.fbx.
UnityEngine.StackTraceUtility:ExtractStackTrace () (at /Users/bokken/build/output/unity/unity/Runtime/Export/Scripting/StackTrace.cs:37)
UnityEngine.DebugLogHandler:LogFormat (UnityEngine.LogType,UnityEngine.Object,string,object[])
UnityEngine.Logger:Log (UnityEngine.LogType,object)
UnityEngine.Debug:Log (object)
ArgusUnity.Editor.HideAndSeekDesignBuilder:EnsureExpandedAnimationImports () (at Assets/Editor/HideAndSeekDesignBuilder.cs:316)
ArgusUnity.Editor.HideAndSeekDesignBuilder:BuildScene () (at Assets/Editor/HideAndSeekDesignBuilder.cs:151)
ArgusUnity.Editor.HideAndSeekDesignBuilder:OpenSceneInPlayMode () (at Assets/Editor/HideAndSeekDesignBuilder.cs:189)

(Filename: Assets/Editor/HideAndSeekDesignBuilder.cs Line: 316)

Start importing Assets/Project/Resources/Animations/Actions/Standing Torch Light Torch.fbx using Guid(20e51dd31e1d44271a121772694dcf0f) Importer(-1,00000000000000000000000000000000)  -> (artifact id: '1afe57928a3c90c7991c40eeda059b5a') in 0.282811 seconds
Refreshing native plugins compatible for Editor in 1.95 ms, found 0 plugins.
Preloading 0 native plugins for Editor in 0.00 ms.
Asset Pipeline Refresh (id=8c4cf07c7edd6452bb3f885834886489): Total: 0.319 seconds - Initiated by StopAssetImportingV2(NoUpdateAssetOptions)
	Summary:
		Imports: total=1 (actual=1, local cache=0, cache server=0)
		Asset DB Process Time: managed=0 ms, native=307 ms
		Asset DB Callback time: managed=6 ms, native=4 ms
		Scripting: domain reloads=0, domain reload time=0 ms, compile time=0 ms, other=0 ms
		Project Asset Count: scripts=3121, non-scripts=1540
		Asset File Changes: new=0, changed=0, moved=0, deleted=0
		Scan Filter Count: 6
	InvokeBeforeRefreshCallbacks: 0.001ms
	ApplyChangesToAssetFolders: 0.023ms
	Scan: 1.201ms
	OnSourceAssetsModified: 0.000ms
	GetAllGuidsForCategorization: 0.147ms
	CategorizeAssets: 1.299ms
	ImportOutOfDateAssets: 289.744ms (0.310ms without children)
		ImportManagerImport: 287.907ms (0.247ms without children)
			ImportInProcess: 287.638ms
			UpdateCategorizedAssets: 0.022ms
		ReloadNativeAssets: 0.018ms
		UnloadImportedAssets: 0.022ms
		ReloadImportedAssets: 0.000ms
		EnsureUptoDateAssetsAreRegisteredWithGuidPM: 0.768ms
		InitializingProgressBar: 0.004ms
		PostProcessAllAssetNotificationsAddChangedAssets: 0.000ms
		OnDemandSchedulerStart: 0.715ms
	PostProcessAllAssets: 7.558ms
	Hotreload: 3.223ms
	GatherAllCurrentPrimaryArtifactRevisions: 0.237ms
	UnloadStreamsBegin: 0.032ms
	PersistCurrentRevisions: 0.224ms
	UnloadStreamsEnd: 0.011ms
	Untracked: 15.741ms
Start importing Assets/Project/Resources/Animations/Actions/Standing Torch Light Torch.fbx using Guid(20e51dd31e1d44271a121772694dcf0f) Importer(-1,00000000000000000000000000000000)  -> (artifact id: '1afe57928a3c90c7991c40eeda059b5a') in 0.295917 seconds
Refreshing native plugins compatible for Editor in 0.85 ms, found 0 plugins.
Preloading 0 native plugins for Editor in 0.00 ms.
Asset Pipeline Refresh (id=6c6c79a674f1d4488a0f0f7d2bee92b0): Total: 0.328 seconds - Initiated by StopAssetImportingV2(NoUpdateAssetOptions)
	Summary:
		Imports: total=1 (actual=1, local cache=0, cache server=0)
		Asset DB Process Time: managed=0 ms, native=321 ms
		Asset DB Callback time: managed=3 ms, native=1 ms
		Scripting: domain reloads=0, domain reload time=0 ms, compile time=0 ms, other=0 ms
		Project Asset Count: scripts=3121, non-scripts=1540
		Asset File Changes: new=0, changed=0, moved=0, deleted=0
		Scan Filter Count: 6
	InvokeBeforeRefreshCallbacks: 0.000ms
	ApplyChangesToAssetFolders: 0.027ms
	Scan: 1.226ms
	OnSourceAssetsModified: 0.000ms
	GetAllGuidsForCategorization: 0.170ms
	CategorizeAssets: 1.619ms
	ImportOutOfDateAssets: 299.358ms (-0.538ms without children)
		ImportManagerImport: 297.370ms (1.164ms without children)
			ImportInProcess: 296.185ms
			UpdateCategorizedAssets: 0.021ms
		ReloadNativeAssets: 0.019ms
		UnloadImportedAssets: 0.137ms
		ReloadImportedAssets: 0.872ms
		EnsureUptoDateAssetsAreRegisteredWithGuidPM: 0.784ms
		InitializingProgressBar: 0.004ms
		PostProcessAllAssetNotificationsAddChangedAssets: 0.000ms
		OnDemandSchedulerStart: 0.710ms
	PostProcessAllAssets: 3.429ms
	Hotreload: 1.518ms
	GatherAllCurrentPrimaryArtifactRevisions: 0.160ms
	UnloadStreamsBegin: 0.046ms
	PersistCurrentRevisions: 0.226ms
	UnloadStreamsEnd: 0.011ms
	Untracked: 19.802ms
HideAndSeekDesignBuilder: humanoid animation import asset=Standing Torch Light Torch.fbx, clip=StandingTorch, loop=False, mirror=False, rootLocks=rotation:true,heightY:true,positionXZ:true, avatarSetup=CopyFromOther, sharedAvatar=True, sharedAvatarValid=True, sharedAvatarHuman=True, assetAvatarValid=False, assetAvatarHuman=False, importedClips=StandingTorch.
UnityEngine.StackTraceUtility:ExtractStackTrace () (at /Users/bokken/build/output/unity/unity/Runtime/Export/Scripting/StackTrace.cs:37)
UnityEngine.DebugLogHandler:LogFormat (UnityEngine.LogType,UnityEngine.Object,string,object[])
UnityEngine.Logger:Log (UnityEngine.LogType,object)
UnityEngine.Debug:Log (object)
ArgusUnity.Editor.HideAndSeekDesignBuilder:ConfigureHumanoidAnimation (string,string,bool,UnityEngine.Avatar,bool) (at Assets/Editor/HideAndSeekDesignBuilder.cs:428)
ArgusUnity.Editor.HideAndSeekDesignBuilder:EnsureExpandedAnimationImports () (at Assets/Editor/HideAndSeekDesignBuilder.cs:310)
ArgusUnity.Editor.HideAndSeekDesignBuilder:BuildScene () (at Assets/Editor/HideAndSeekDesignBuilder.cs:151)
ArgusUnity.Editor.HideAndSeekDesignBuilder:OpenSceneInPlayMode () (at Assets/Editor/HideAndSeekDesignBuilder.cs:189)

(Filename: Assets/Editor/HideAndSeekDesignBuilder.cs Line: 428)

HideAndSeekDesignBuilder: expanded animation import role=standing-torch-action-not-wired, activeLocomotion=False, asset=Standing Torch Light Torch.fbx, clip=StandingTorch, loop=False, mirror=False, target=Assets/Project/Resources/Animations/Actions/Standing Torch Light Torch.fbx.
UnityEngine.StackTraceUtility:ExtractStackTrace () (at /Users/bokken/build/output/unity/unity/Runtime/Export/Scripting/StackTrace.cs:37)
UnityEngine.DebugLogHandler:LogFormat (UnityEngine.LogType,UnityEngine.Object,string,object[])
UnityEngine.Logger:Log (UnityEngine.LogType,object)
UnityEngine.Debug:Log (object)
ArgusUnity.Editor.HideAndSeekDesignBuilder:EnsureExpandedAnimationImports () (at Assets/Editor/HideAndSeekDesignBuilder.cs:316)
ArgusUnity.Editor.HideAndSeekDesignBuilder:BuildScene () (at Assets/Editor/HideAndSeekDesignBuilder.cs:151)
ArgusUnity.Editor.HideAndSeekDesignBuilder:OpenSceneInPlayMode () (at Assets/Editor/HideAndSeekDesignBuilder.cs:189)

(Filename: Assets/Editor/HideAndSeekDesignBuilder.cs Line: 316)

Refreshing native plugins compatible for Editor in 1.18 ms, found 0 plugins.
Preloading 0 native plugins for Editor in 0.00 ms.
Asset Pipeline Refresh (id=533d0ce18351b4e89a3d2cd46576d0fd): Total: 0.168 seconds - Initiated by StopAssetImportingV2(NoUpdateAssetOptions)
Start importing Assets/Project/Resources/Animations/Controllers/MiniBotLocomotion.controller using Guid(ebda5135bdb3d4046b43dbf48b9b966f) Importer(-1,00000000000000000000000000000000)  -> (artifact id: '453c605dc07cd93abac116ec88f7d157') in 0.002124 seconds
Refreshing native plugins compatible for Editor in 0.84 ms, found 0 plugins.
Preloading 0 native plugins for Editor in 0.00 ms.
Asset Pipeline Refresh (id=13d6d7ec4183342e6b1697e3dc7ff2d5): Total: 0.060 seconds - Initiated by StopAssetImportingV2(NoUpdateAssetOptions)
Start importing Assets/Project/Resources/Animations/Controllers/MiniBotLocomotion.controller using Guid(ebda5135bdb3d4046b43dbf48b9b966f) Importer(-1,00000000000000000000000000000000)  -> (artifact id: '79a2bad2097e4811f11720d255c51baf') in 0.002224 seconds
Refreshing native plugins compatible for Editor in 0.82 ms, found 0 plugins.
Preloading 0 native plugins for Editor in 0.00 ms.
Asset Pipeline Refresh (id=83e734a60cad14888a60f042345ee979): Total: 0.047 seconds - Initiated by StopAssetImportingV2(NoUpdateAssetOptions)
HideAndSeekDesignBuilder: locomotion AnimatorController ready path=Assets/Project/Resources/Animations/Controllers/MiniBotLocomotion.controller, idle=Idle, blendTree=LocomotionBlendTree, runStyle=Walk_InPlace@turn0-speed1.00x1.38, leftTurn=TurnLeft_Briefcase@turn-1-speed1.00, rightTurn=TurnRight_Briefcase@turn1-speed1.00, quarantined=SlowRun,Run,TurnLeft_Happy,TurnRight_Happy.
UnityEngine.StackTraceUtility:ExtractStackTrace () (at /Users/bokken/build/output/unity/unity/Runtime/Export/Scripting/StackTrace.cs:37)
UnityEngine.DebugLogHandler:LogFormat (UnityEngine.LogType,UnityEngine.Object,string,object[])
UnityEngine.Logger:Log (UnityEngine.LogType,object)
UnityEngine.Debug:Log (object)
ArgusUnity.Editor.HideAndSeekDesignBuilder:EnsureLocomotionAnimatorController () (at Assets/Editor/HideAndSeekDesignBuilder.cs:502)
ArgusUnity.Editor.HideAndSeekDesignBuilder:BuildScene () (at Assets/Editor/HideAndSeekDesignBuilder.cs:152)
ArgusUnity.Editor.HideAndSeekDesignBuilder:OpenSceneInPlayMode () (at Assets/Editor/HideAndSeekDesignBuilder.cs:189)

(Filename: Assets/Editor/HideAndSeekDesignBuilder.cs Line: 502)

HideAndSeekDesignBuilder: mini-bot import animationType=Human, importAnimation=True, avatarValid=True, avatarHuman=True, walkingBones leftFoot=True, rightFoot=True, leftLeg=True, rightLeg=True.
UnityEngine.StackTraceUtility:ExtractStackTrace () (at /Users/bokken/build/output/unity/unity/Runtime/Export/Scripting/StackTrace.cs:37)
UnityEngine.DebugLogHandler:LogFormat (UnityEngine.LogType,UnityEngine.Object,string,object[])
UnityEngine.Logger:Log (UnityEngine.LogType,object)
UnityEngine.Debug:Log (object)
ArgusUnity.Editor.HideAndSeekDesignBuilder:LogMiniBotRigInfo () (at Assets/Editor/HideAndSeekDesignBuilder.cs:1265)
ArgusUnity.Editor.HideAndSeekDesignBuilder:BuildScene () (at Assets/Editor/HideAndSeekDesignBuilder.cs:153)
ArgusUnity.Editor.HideAndSeekDesignBuilder:OpenSceneInPlayMode () (at Assets/Editor/HideAndSeekDesignBuilder.cs:189)

(Filename: Assets/Editor/HideAndSeekDesignBuilder.cs Line: 1265)

Unloading 8 Unused Serialized files (Serialized files now loaded: 0)
Unloading 1102 unused Assets / (14.8 MB). Loaded Objects now: 4016.
Memory consumption went from 213.9 MB to 199.1 MB.
Total: 44.509500 ms (FindLiveObjects: 0.635042 ms CreateObjectMapping: 0.165916 ms MarkObjects: 30.546250 ms  DeleteObjects: 13.159709 ms)

Start importing Assets/Project/Materials/FurnitureCollision.physicMaterial using Guid(4055c0a04dcaa4517a2fc6c986d95402) Importer(-1,00000000000000000000000000000000)  -> (artifact id: '93557a2231481f13710b813665cbb595') in 0.008722 seconds
Start importing Assets/Project/Materials/WallsFloorColliderDisplay.mat using Guid(115fdba3630c24a26bea67f91878d92e) Importer(-1,00000000000000000000000000000000)  -> (artifact id: '63e6ef5f919128e9728f46e2024804c9') in 0.001261 seconds
Start importing Assets/Project/Materials/HideSeekDefenseBlue.mat using Guid(1ab91de9bb9934e9f880738d62def819) Importer(-1,00000000000000000000000000000000)  -> (artifact id: '6192f3395ab21bcaa9fabb8e6ebbcfb2') in 0.001052 seconds
Start importing Assets/Project/Materials/HideSeekAttackRed.mat using Guid(4aa4d8a01259243b6b5dba6db789b200) Importer(-1,00000000000000000000000000000000)  -> (artifact id: '1e003da785150d9cba7a94d730ca518a') in 0.000882 seconds
Start importing Assets/Project/Materials/MiniBotLowFrictionContact.physicMaterial using Guid(dc9fa6446005d48759c4f50c470f1c28) Importer(-1,00000000000000000000000000000000)  -> (artifact id: '1c786f7e033238ce791a8fafaf87549e') in 0.001007 seconds
Refreshing native plugins compatible for Editor in 2.64 ms, found 0 plugins.
Preloading 0 native plugins for Editor in 0.00 ms.
Asset Pipeline Refresh (id=699d84a5bcc0c449583c620cecc0d54c): Total: 0.091 seconds - Initiated by StopAssetImportingV2(NoUpdateAssetOptions)
Start importing Assets/Project/Scenes/MiniBotHideAndSeekDesign.unity using Guid(9a4a9106e8b4148eea11b87fdf0edb7b) Importer(-1,00000000000000000000000000000000)  -> (artifact id: '671e0dc5b3821d3f2199ccb8db1ec67d') in 0.001008 seconds
Refreshing native plugins compatible for Editor in 0.78 ms, found 0 plugins.
Preloading 0 native plugins for Editor in 0.00 ms.
Asset Pipeline Refresh (id=0450e3f626d0944f1b12e05264dbc68c): Total: 0.109 seconds - Initiated by StopAssetImportingV2(NoUpdateAssetOptions)
HideAndSeekDesignBuilder: physics setup furnitureColliders=11, staticSchoolroomColliders=5.
UnityEngine.StackTraceUtility:ExtractStackTrace () (at /Users/bokken/build/output/unity/unity/Runtime/Export/Scripting/StackTrace.cs:37)
UnityEngine.DebugLogHandler:LogFormat (UnityEngine.LogType,UnityEngine.Object,string,object[])
UnityEngine.Logger:Log (UnityEngine.LogType,object)
UnityEngine.Debug:Log (object)
ArgusUnity.Editor.HideAndSeekDesignBuilder:BuildScene () (at Assets/Editor/HideAndSeekDesignBuilder.cs:172)
ArgusUnity.Editor.HideAndSeekDesignBuilder:OpenSceneInPlayMode () (at Assets/Editor/HideAndSeekDesignBuilder.cs:189)

(Filename: Assets/Editor/HideAndSeekDesignBuilder.cs Line: 172)

HideAndSeekDesignBuilder: saved Assets/Project/Scenes/MiniBotHideAndSeekDesign.unity
UnityEngine.StackTraceUtility:ExtractStackTrace () (at /Users/bokken/build/output/unity/unity/Runtime/Export/Scripting/StackTrace.cs:37)
UnityEngine.DebugLogHandler:LogFormat (UnityEngine.LogType,UnityEngine.Object,string,object[])
UnityEngine.Logger:Log (UnityEngine.LogType,object)
UnityEngine.Debug:Log (object)
ArgusUnity.Editor.HideAndSeekDesignBuilder:BuildScene () (at Assets/Editor/HideAndSeekDesignBuilder.cs:175)
ArgusUnity.Editor.HideAndSeekDesignBuilder:OpenSceneInPlayMode () (at Assets/Editor/HideAndSeekDesignBuilder.cs:189)

(Filename: Assets/Editor/HideAndSeekDesignBuilder.cs Line: 175)

Opening scene 'Assets/Project/Scenes/MiniBotHideAndSeekDesign.unity'
Unloading 5 Unused Serialized files (Serialized files now loaded: 0)
Loaded scene 'Assets/Project/Scenes/MiniBotHideAndSeekDesign.unity'
	Deserialize:            5.934 ms
	Integration:            350.992 ms
	Integration of assets:  0.006 ms
	Thread Wait Time:       0.015 ms
	Total Operation Time:   356.948 ms
Unloading 30 unused Assets / (163.5 KB). Loaded Objects now: 4614.
Memory consumption went from 175.1 MB to 175.0 MB.
Total: 27.038958 ms (FindLiveObjects: 6.586375 ms CreateObjectMapping: 0.270875 ms MarkObjects: 19.374041 ms  DeleteObjects: 0.792333 ms)

HideAndSeekDesignBuilder: opened scene and entered Play Mode.
UnityEngine.StackTraceUtility:ExtractStackTrace () (at /Users/bokken/build/output/unity/unity/Runtime/Export/Scripting/StackTrace.cs:37)
UnityEngine.DebugLogHandler:LogFormat (UnityEngine.LogType,UnityEngine.Object,string,object[])
UnityEngine.Logger:Log (UnityEngine.LogType,object)
UnityEngine.Debug:Log (object)
ArgusUnity.Editor.HideAndSeekDesignBuilder:OpenSceneInPlayMode () (at Assets/Editor/HideAndSeekDesignBuilder.cs:193)

(Filename: Assets/Editor/HideAndSeekDesignBuilder.cs Line: 193)

IsTimeToCheckForNewEditor: Update time 1778241091 current 1778241287
[Project] Loading completed in 57.767 seconds
	Project init time: 				24.331 seconds
		Template init time: 		0.000 seconds
		Package Manager init time: 		3.767 seconds
		Asset Database init time: 		1.087 seconds
		Global illumination init time: 	0.008 seconds
		Assemblies load time: 			1.052 seconds
		Unity extensions init time: 	0.023 seconds
		Asset Database refresh time: 	1.450 seconds
	Scene opening time: 			23.176 seconds
##utp:{"type":"ProjectInfo","version":2,"phase":"Immediate","time":1778241287214,"processId":59690,"projectLoad":57.76670279100001,"projectInit":24.33086025,"templateInit":0.0,"packageManagerInit":3.766682167,"assetDatabaseInit":1.086632625,"globalIlluminationInit":0.007900917,"assembliesLoad":1.051678791,"unityExtensionsInit":0.023459958,"assetDatabaseRefresh":1.44993025,"sceneOpening":23.175868334}
##utp:{"type":"EditorInfo","version":2,"phase":"Immediate","time":1778241287214,"processId":59690,"editorVersion":"2022.3.0f1 (fb119bb0b476)","branch":"2022.3/release","buildType":"Release","platform":"OSX"}
Subscribe to USB device events
Scanning for USB devices : 0.211ms
Thread 0x3506c7000 may have been prematurely finalized
Reloading assemblies for play mode.
Reloading assemblies after forced synchronous recompile.
Begin MonoManager ReloadAssembly
Symbol file LoadedFromMemory is not a mono symbol file
- Loaded All Assemblies, in  1.088 seconds
Refreshing native plugins compatible for Editor in 0.84 ms, found 0 plugins.
Native extension for OSXStandalone target not found
[MODES] ModeService[none].Initialize
[MODES] ModeService[none].LoadModes
[MODES] Loading mode Default (0) for mode-current-id-EmbodiedDebate
Mono: successfully reloaded assembly
- Finished resetting the current domain, in  1.229 seconds
Domain Reload Profiling: 2342ms
	BeginReloadAssembly (929ms)
		ExecutionOrderSort (0ms)
		DisableScriptedObjects (63ms)
		BackupInstance (0ms)
		ReleaseScriptingObjects (1ms)
		CreateAndSetChildDomain (669ms)
	RebuildCommonClasses (56ms)
	RebuildNativeTypeToScriptingClass (15ms)
	initialDomainReloadingComplete (33ms)
	LoadAllAssembliesAndSetupDomain (77ms)
		LoadAssemblies (172ms)
		RebuildTransferFunctionScriptingTraits (0ms)
		AnalyzeDomain (15ms)
			TypeCache.Refresh (1ms)
				TypeCache.ScanAssembly (0ms)
			ScanForSourceGeneratedMonoScriptInfo (0ms)
			ResolveRequiredComponents (13ms)
	FinalizeReload (1230ms)
		ReleaseScriptCaches (0ms)
		RebuildScriptCaches (0ms)
		SetupLoadedEditorAssemblies (407ms)
			LogAssemblyErrors (0ms)
			InitializePlatformSupportModulesInManaged (5ms)
			SetLoadedEditorAssemblies (6ms)
			RefreshPlugins (0ms)
			BeforeProcessingInitializeOnLoad (60ms)
			ProcessInitializeOnLoadAttributes (216ms)
			ProcessInitializeOnLoadMethodAttributes (117ms)
			AfterProcessingInitializeOnLoad (2ms)
			EditorAssembliesLoaded (0ms)
		ExecutionOrderSort2 (0ms)
		AwakeInstancesAfterBackupRestoration (456ms)
Asset Pipeline Refresh (id=d578a1201e0c444cf91ea01b056d71b8): Total: 2.704 seconds - Initiated by StopAssetImportingV2(ForceSynchronousImport | ForceDomainReload)
	Summary:
		Imports: total=0 (actual=0, local cache=0, cache server=0)
		Asset DB Process Time: managed=0 ms, native=301 ms
		Asset DB Callback time: managed=15 ms, native=2 ms
		Scripting: domain reloads=1, domain reload time=2384 ms, compile time=0 ms, other=0 ms
		Project Asset Count: scripts=3121, non-scripts=1540
		Asset File Changes: new=0, changed=0, moved=0, deleted=0
		Scan Filter Count: 0
	InvokeBeforeRefreshCallbacks: 2.068ms
	ApplyChangesToAssetFolders: 0.040ms
	Scan: 0.000ms
	OnSourceAssetsModified: 0.001ms
	GetAllGuidsForCategorization: 0.740ms
	CategorizeAssets: 66.474ms
	ImportOutOfDateAssets: 1268.222ms (1263.363ms without children)
		CompileScripts: 0.011ms
		CollectScriptTypesHashes: 0.889ms
		ReloadNativeAssets: 0.419ms
		UnloadImportedAssets: 0.668ms
		EnsureUptoDateAssetsAreRegisteredWithGuidPM: 1.642ms
		InitializingProgressBar: 0.000ms
		PostProcessAllAssetNotificationsAddChangedAssets: 0.000ms
		OnDemandSchedulerStart: 1.230ms
	PostProcessAllAssets: 15.604ms
	GatherAllCurrentPrimaryArtifactRevisions: 3.255ms
	UnloadStreamsBegin: 0.212ms
	PersistCurrentRevisions: 0.236ms
	UnloadStreamsEnd: 0.013ms
	GenerateScriptTypeHashes: 3.321ms
	Untracked: 1347.171ms
The referenced script (Unknown) on this Behaviour is missing!
The referenced script (Unknown) on this Behaviour is missing!
The referenced script (Unknown) on this Behaviour is missing!
The referenced script (Unknown) on this Behaviour is missing!
AgentLocomotionDriver: Animator locomotion ready controller=MiniBotLocomotion, rootMotion=False, hasSpeed=True, hasTurn=True.
UnityEngine.StackTraceUtility:ExtractStackTrace () (at /Users/bokken/build/output/unity/unity/Runtime/Export/Scripting/StackTrace.cs:37)
UnityEngine.DebugLogHandler:LogFormat (UnityEngine.LogType,UnityEngine.Object,string,object[])
UnityEngine.Logger:Log (UnityEngine.LogType,object)
UnityEngine.Debug:Log (object)
ArgusUnity.Runtime.AgentLocomotionDriver:ConfigureAnimator () (at Assets/Project/Scripts/Runtime/AgentLocomotionDriver.cs:176)
ArgusUnity.Runtime.AgentLocomotionDriver:Awake () (at Assets/Project/Scripts/Runtime/AgentLocomotionDriver.cs:67)

(Filename: Assets/Project/Scripts/Runtime/AgentLocomotionDriver.cs Line: 176)

AgentLocomotionDriver: Animator locomotion ready controller=MiniBotLocomotion, rootMotion=False, hasSpeed=True, hasTurn=True.
UnityEngine.StackTraceUtility:ExtractStackTrace () (at /Users/bokken/build/output/unity/unity/Runtime/Export/Scripting/StackTrace.cs:37)
UnityEngine.DebugLogHandler:LogFormat (UnityEngine.LogType,UnityEngine.Object,string,object[])
UnityEngine.Logger:Log (UnityEngine.LogType,object)
UnityEngine.Debug:Log (object)
ArgusUnity.Runtime.AgentLocomotionDriver:ConfigureAnimator () (at Assets/Project/Scripts/Runtime/AgentLocomotionDriver.cs:176)
ArgusUnity.Runtime.AgentLocomotionDriver:Awake () (at Assets/Project/Scripts/Runtime/AgentLocomotionDriver.cs:67)

(Filename: Assets/Project/Scripts/Runtime/AgentLocomotionDriver.cs Line: 176)

AgentLocomotionDriver: Animator locomotion ready controller=MiniBotLocomotion, rootMotion=False, hasSpeed=True, hasTurn=True.
UnityEngine.StackTraceUtility:ExtractStackTrace () (at /Users/bokken/build/output/unity/unity/Runtime/Export/Scripting/StackTrace.cs:37)
UnityEngine.DebugLogHandler:LogFormat (UnityEngine.LogType,UnityEngine.Object,string,object[])
UnityEngine.Logger:Log (UnityEngine.LogType,object)
UnityEngine.Debug:Log (object)
ArgusUnity.Runtime.AgentLocomotionDriver:ConfigureAnimator () (at Assets/Project/Scripts/Runtime/AgentLocomotionDriver.cs:176)
ArgusUnity.Runtime.AgentLocomotionDriver:Awake () (at Assets/Project/Scripts/Runtime/AgentLocomotionDriver.cs:67)

(Filename: Assets/Project/Scripts/Runtime/AgentLocomotionDriver.cs Line: 176)

AgentLocomotionDriver: Animator locomotion ready controller=MiniBotLocomotion, rootMotion=False, hasSpeed=True, hasTurn=True.
UnityEngine.StackTraceUtility:ExtractStackTrace () (at /Users/bokken/build/output/unity/unity/Runtime/Export/Scripting/StackTrace.cs:37)
UnityEngine.DebugLogHandler:LogFormat (UnityEngine.LogType,UnityEngine.Object,string,object[])
UnityEngine.Logger:Log (UnityEngine.LogType,object)
UnityEngine.Debug:Log (object)
ArgusUnity.Runtime.AgentLocomotionDriver:ConfigureAnimator () (at Assets/Project/Scripts/Runtime/AgentLocomotionDriver.cs:176)
ArgusUnity.Runtime.AgentLocomotionDriver:Awake () (at Assets/Project/Scripts/Runtime/AgentLocomotionDriver.cs:67)

(Filename: Assets/Project/Scripts/Runtime/AgentLocomotionDriver.cs Line: 176)

AgentLocomotionDriver: Animator locomotion ready controller=MiniBotLocomotion, rootMotion=False, hasSpeed=True, hasTurn=True.
UnityEngine.StackTraceUtility:ExtractStackTrace () (at /Users/bokken/build/output/unity/unity/Runtime/Export/Scripting/StackTrace.cs:37)
UnityEngine.DebugLogHandler:LogFormat (UnityEngine.LogType,UnityEngine.Object,string,object[])
UnityEngine.Logger:Log (UnityEngine.LogType,object)
UnityEngine.Debug:Log (object)
ArgusUnity.Runtime.AgentLocomotionDriver:ConfigureAnimator () (at Assets/Project/Scripts/Runtime/AgentLocomotionDriver.cs:176)
ArgusUnity.Runtime.AgentLocomotionDriver:Awake () (at Assets/Project/Scripts/Runtime/AgentLocomotionDriver.cs:67)

(Filename: Assets/Project/Scripts/Runtime/AgentLocomotionDriver.cs Line: 176)

Loaded scene 'Temp/__Backupscenes/0.backup'
	Deserialize:            6.595 ms
	Integration:            553.783 ms
	Integration of assets:  0.088 ms
	Thread Wait Time:       0.003 ms
	Total Operation Time:   560.469 ms
MiniBotHideAndSeekScenario: registered free-roam agents=4, bounds=(-3.85,-1.85)-(3.85,1.85).
UnityEngine.StackTraceUtility:ExtractStackTrace () (at /Users/bokken/build/output/unity/unity/Runtime/Export/Scripting/StackTrace.cs:37)
UnityEngine.DebugLogHandler:LogFormat (UnityEngine.LogType,UnityEngine.Object,string,object[])
UnityEngine.Logger:Log (UnityEngine.LogType,object)
UnityEngine.Debug:Log (object)
ArgusUnity.Runtime.MiniBotHideAndSeekScenario:Start () (at Assets/Project/Scripts/Runtime/MiniBotHideAndSeekScenario.cs:102)

(Filename: Assets/Project/Scripts/Runtime/MiniBotHideAndSeekScenario.cs Line: 102)

MiniBotHideAndSeekScenario: boundary steering active for Hider 01.
UnityEngine.StackTraceUtility:ExtractStackTrace () (at /Users/bokken/build/output/unity/unity/Runtime/Export/Scripting/StackTrace.cs:37)
UnityEngine.DebugLogHandler:LogFormat (UnityEngine.LogType,UnityEngine.Object,string,object[])
UnityEngine.Logger:Log (UnityEngine.LogType,object)
UnityEngine.Debug:Log (object)
ArgusUnity.Runtime.MiniBotHideAndSeekScenario:SteerInsideRoom (ArgusUnity.Runtime.MiniBotHideAndSeekScenario/WanderAgent,UnityEngine.Vector3,UnityEngine.Vector3) (at Assets/Project/Scripts/Runtime/MiniBotHideAndSeekScenario.cs:607)
ArgusUnity.Runtime.MiniBotHideAndSeekScenario:ResolveDesiredDirection (ArgusUnity.Runtime.MiniBotHideAndSeekScenario/WanderAgent,UnityEngine.Vector3) (at Assets/Project/Scripts/Runtime/MiniBotHideAndSeekScenario.cs:292)
ArgusUnity.Runtime.MiniBotHideAndSeekScenario:FixedUpdate () (at Assets/Project/Scripts/Runtime/MiniBotHideAndSeekScenario.cs:130)

(Filename: Assets/Project/Scripts/Runtime/MiniBotHideAndSeekScenario.cs Line: 607)

MiniBotHideAndSeekScenario: initial obstacle-avoidance probe Hider 02 -> Classroom desk at 0.00,1.30.
UnityEngine.StackTraceUtility:ExtractStackTrace () (at /Users/bokken/build/output/unity/unity/Runtime/Export/Scripting/StackTrace.cs:37)
UnityEngine.DebugLogHandler:LogFormat (UnityEngine.LogType,UnityEngine.Object,string,object[])
UnityEngine.Logger:Log (UnityEngine.LogType,object)
UnityEngine.Debug:Log (object)
ArgusUnity.Runtime.MiniBotHideAndSeekScenario:PickInitialTarget (ArgusUnity.Runtime.MiniBotHideAndSeekScenario/WanderAgent) (at Assets/Project/Scripts/Runtime/MiniBotHideAndSeekScenario.cs:230)
ArgusUnity.Runtime.MiniBotHideAndSeekScenario:EnsureAgentPhysics (ArgusUnity.Runtime.MiniBotHideAndSeekScenario/WanderAgent) (at Assets/Project/Scripts/Runtime/MiniBotHideAndSeekScenario.cs:214)
ArgusUnity.Runtime.MiniBotHideAndSeekScenario:FixedUpdate () (at Assets/Project/Scripts/Runtime/MiniBotHideAndSeekScenario.cs:112)

(Filename: Assets/Project/Scripts/Runtime/MiniBotHideAndSeekScenario.cs Line: 230)

MiniBotHideAndSeekScenario: obstacle avoidance retarget Hider 02, collider=Classroom desk.
UnityEngine.StackTraceUtility:ExtractStackTrace () (at /Users/bokken/build/output/unity/unity/Runtime/Export/Scripting/StackTrace.cs:37)
UnityEngine.DebugLogHandler:LogFormat (UnityEngine.LogType,UnityEngine.Object,string,object[])
UnityEngine.Logger:Log (UnityEngine.LogType,object)
UnityEngine.Debug:Log (object)
ArgusUnity.Runtime.MiniBotHideAndSeekScenario:SteerAroundObstacle (ArgusUnity.Runtime.MiniBotHideAndSeekScenario/WanderAgent,UnityEngine.Vector3,UnityEngine.Vector3) (at Assets/Project/Scripts/Runtime/MiniBotHideAndSeekScenario.cs:648)
ArgusUnity.Runtime.MiniBotHideAndSeekScenario:ResolveDesiredDirection (ArgusUnity.Runtime.MiniBotHideAndSeekScenario/WanderAgent,UnityEngine.Vector3) (at Assets/Project/Scripts/Runtime/MiniBotHideAndSeekScenario.cs:293)
ArgusUnity.Runtime.MiniBotHideAndSeekScenario:FixedUpdate () (at Assets/Project/Scripts/Runtime/MiniBotHideAndSeekScenario.cs:130)

(Filename: Assets/Project/Scripts/Runtime/MiniBotHideAndSeekScenario.cs Line: 648)

MiniBotHideAndSeekScenario: wall slide adjusted drive Hider 02, normal=-0.34,-0.94, speed=0.19.
UnityEngine.StackTraceUtility:ExtractStackTrace () (at /Users/bokken/build/output/unity/unity/Runtime/Export/Scripting/StackTrace.cs:37)
UnityEngine.DebugLogHandler:LogFormat (UnityEngine.LogType,UnityEngine.Object,string,object[])
UnityEngine.Logger:Log (UnityEngine.LogType,object)
UnityEngine.Debug:Log (object)
ArgusUnity.Runtime.MiniBotHideAndSeekScenario:ResolveWallContactVelocity (ArgusUnity.Runtime.MiniBotHideAndSeekScenario/WanderAgent,UnityEngine.Vector3,UnityEngine.Vector3,UnityEngine.Vector3&,bool&) (at Assets/Project/Scripts/Runtime/MiniBotHideAndSeekScenario.cs:416)
ArgusUnity.Runtime.MiniBotHideAndSeekScenario:DriveAgent (ArgusUnity.Runtime.MiniBotHideAndSeekScenario/WanderAgent,UnityEngine.Vector3,UnityEngine.Quaternion,bool) (at Assets/Project/Scripts/Runtime/MiniBotHideAndSeekScenario.cs:325)
ArgusUnity.Runtime.MiniBotHideAndSeekScenario:FixedUpdate () (at Assets/Project/Scripts/Runtime/MiniBotHideAndSeekScenario.cs:135)

(Filename: Assets/Project/Scripts/Runtime/MiniBotHideAndSeekScenario.cs Line: 416)

MiniBotHideAndSeekScenario: boundary steering active for Seeker 01.
UnityEngine.StackTraceUtility:ExtractStackTrace () (at /Users/bokken/build/output/unity/unity/Runtime/Export/Scripting/StackTrace.cs:37)
UnityEngine.DebugLogHandler:LogFormat (UnityEngine.LogType,UnityEngine.Object,string,object[])
UnityEngine.Logger:Log (UnityEngine.LogType,object)
UnityEngine.Debug:Log (object)
ArgusUnity.Runtime.MiniBotHideAndSeekScenario:SteerInsideRoom (ArgusUnity.Runtime.MiniBotHideAndSeekScenario/WanderAgent,UnityEngine.Vector3,UnityEngine.Vector3) (at Assets/Project/Scripts/Runtime/MiniBotHideAndSeekScenario.cs:607)
ArgusUnity.Runtime.MiniBotHideAndSeekScenario:ResolveDesiredDirection (ArgusUnity.Runtime.MiniBotHideAndSeekScenario/WanderAgent,UnityEngine.Vector3) (at Assets/Project/Scripts/Runtime/MiniBotHideAndSeekScenario.cs:292)
ArgusUnity.Runtime.MiniBotHideAndSeekScenario:FixedUpdate () (at Assets/Project/Scripts/Runtime/MiniBotHideAndSeekScenario.cs:130)

(Filename: Assets/Project/Scripts/Runtime/MiniBotHideAndSeekScenario.cs Line: 607)

AgentLocomotionDriver: idle animation active state=Idle, source=Idle.fbx, controller=MiniBotLocomotion.
UnityEngine.StackTraceUtility:ExtractStackTrace () (at /Users/bokken/build/output/unity/unity/Runtime/Export/Scripting/StackTrace.cs:37)
UnityEngine.DebugLogHandler:LogFormat (UnityEngine.LogType,UnityEngine.Object,string,object[])
UnityEngine.Logger:Log (UnityEngine.LogType,object)
UnityEngine.Debug:Log (object)
ArgusUnity.Runtime.AgentLocomotionDriver:LogLocomotionSource () (at Assets/Project/Scripts/Runtime/AgentLocomotionDriver.cs:216)
ArgusUnity.Runtime.AgentLocomotionDriver:LateUpdate () (at Assets/Project/Scripts/Runtime/AgentLocomotionDriver.cs:127)

(Filename: Assets/Project/Scripts/Runtime/AgentLocomotionDriver.cs Line: 216)

AgentLocomotionDriver: idle animation active state=Idle, source=Idle.fbx, controller=MiniBotLocomotion.
UnityEngine.StackTraceUtility:ExtractStackTrace () (at /Users/bokken/build/output/unity/unity/Runtime/Export/Scripting/StackTrace.cs:37)
UnityEngine.DebugLogHandler:LogFormat (UnityEngine.LogType,UnityEngine.Object,string,object[])
UnityEngine.Logger:Log (UnityEngine.LogType,object)
UnityEngine.Debug:Log (object)
ArgusUnity.Runtime.AgentLocomotionDriver:LogLocomotionSource () (at Assets/Project/Scripts/Runtime/AgentLocomotionDriver.cs:216)
ArgusUnity.Runtime.AgentLocomotionDriver:LateUpdate () (at Assets/Project/Scripts/Runtime/AgentLocomotionDriver.cs:127)

(Filename: Assets/Project/Scripts/Runtime/AgentLocomotionDriver.cs Line: 216)

AgentLocomotionDriver: idle animation active state=Idle, source=Idle.fbx, controller=MiniBotLocomotion.
UnityEngine.StackTraceUtility:ExtractStackTrace () (at /Users/bokken/build/output/unity/unity/Runtime/Export/Scripting/StackTrace.cs:37)
UnityEngine.DebugLogHandler:LogFormat (UnityEngine.LogType,UnityEngine.Object,string,object[])
UnityEngine.Logger:Log (UnityEngine.LogType,object)
UnityEngine.Debug:Log (object)
ArgusUnity.Runtime.AgentLocomotionDriver:LogLocomotionSource () (at Assets/Project/Scripts/Runtime/AgentLocomotionDriver.cs:216)
ArgusUnity.Runtime.AgentLocomotionDriver:LateUpdate () (at Assets/Project/Scripts/Runtime/AgentLocomotionDriver.cs:127)

(Filename: Assets/Project/Scripts/Runtime/AgentLocomotionDriver.cs Line: 216)

AgentLocomotionDriver: idle animation active state=Idle, source=Idle.fbx, controller=MiniBotLocomotion.
UnityEngine.StackTraceUtility:ExtractStackTrace () (at /Users/bokken/build/output/unity/unity/Runtime/Export/Scripting/StackTrace.cs:37)
UnityEngine.DebugLogHandler:LogFormat (UnityEngine.LogType,UnityEngine.Object,string,object[])
UnityEngine.Logger:Log (UnityEngine.LogType,object)
UnityEngine.Debug:Log (object)
ArgusUnity.Runtime.AgentLocomotionDriver:LogLocomotionSource () (at Assets/Project/Scripts/Runtime/AgentLocomotionDriver.cs:216)
ArgusUnity.Runtime.AgentLocomotionDriver:LateUpdate () (at Assets/Project/Scripts/Runtime/AgentLocomotionDriver.cs:127)

(Filename: Assets/Project/Scripts/Runtime/AgentLocomotionDriver.cs Line: 216)

AgentLocomotionDriver: idle animation active state=Idle, source=Idle.fbx, controller=MiniBotLocomotion.
UnityEngine.StackTraceUtility:ExtractStackTrace () (at /Users/bokken/build/output/unity/unity/Runtime/Export/Scripting/StackTrace.cs:37)
UnityEngine.DebugLogHandler:LogFormat (UnityEngine.LogType,UnityEngine.Object,string,object[])
UnityEngine.Logger:Log (UnityEngine.LogType,object)
UnityEngine.Debug:Log (object)
ArgusUnity.Runtime.AgentLocomotionDriver:LogLocomotionSource () (at Assets/Project/Scripts/Runtime/AgentLocomotionDriver.cs:216)
ArgusUnity.Runtime.AgentLocomotionDriver:LateUpdate () (at Assets/Project/Scripts/Runtime/AgentLocomotionDriver.cs:127)

(Filename: Assets/Project/Scripts/Runtime/AgentLocomotionDriver.cs Line: 216)

Asset Pipeline Refresh (id=a51a1d54b546648f094b30bbc038866d): Total: 0.144 seconds - Initiated by RefreshV2(NoUpdateAssetOptions)
EditorUpdateCheck: Failed The requested URL returned error: 404
Created GICache directory at /Users/guribbong/Library/Caches/com.unity3d.UnityEditor/GiCache. Took: 0.006s, timestamps: [62.303 - 62.309]
Setting up 4 worker threads for Enlighten.
MiniBotHideAndSeekScenario: free-roam speed check Hider 01 movementSpeed=0.08, walkDistanceDelta=0.002.
UnityEngine.StackTraceUtility:ExtractStackTrace () (at /Users/bokken/build/output/unity/unity/Runtime/Export/Scripting/StackTrace.cs:37)
UnityEngine.DebugLogHandler:LogFormat (UnityEngine.LogType,UnityEngine.Object,string,object[])
UnityEngine.Logger:Log (UnityEngine.LogType,object)
UnityEngine.Debug:Log (object)
ArgusUnity.Runtime.MiniBotHideAndSeekScenario:FixedUpdate () (at Assets/Project/Scripts/Runtime/MiniBotHideAndSeekScenario.cs:152)

(Filename: Assets/Project/Scripts/Runtime/MiniBotHideAndSeekScenario.cs Line: 152)

MiniBotHideAndSeekScenario: free-roam speed check Hider 02 movementSpeed=0.08, walkDistanceDelta=0.002.
UnityEngine.StackTraceUtility:ExtractStackTrace () (at /Users/bokken/build/output/unity/unity/Runtime/Export/Scripting/StackTrace.cs:37)
UnityEngine.DebugLogHandler:LogFormat (UnityEngine.LogType,UnityEngine.Object,string,object[])
UnityEngine.Logger:Log (UnityEngine.LogType,object)
UnityEngine.Debug:Log (object)
ArgusUnity.Runtime.MiniBotHideAndSeekScenario:FixedUpdate () (at Assets/Project/Scripts/Runtime/MiniBotHideAndSeekScenario.cs:152)

(Filename: Assets/Project/Scripts/Runtime/MiniBotHideAndSeekScenario.cs Line: 152)

MiniBotHideAndSeekScenario: free-roam speed check Seeker 01 movementSpeed=0.08, walkDistanceDelta=0.002.
UnityEngine.StackTraceUtility:ExtractStackTrace () (at /Users/bokken/build/output/unity/unity/Runtime/Export/Scripting/StackTrace.cs:37)
UnityEngine.DebugLogHandler:LogFormat (UnityEngine.LogType,UnityEngine.Object,string,object[])
UnityEngine.Logger:Log (UnityEngine.LogType,object)
UnityEngine.Debug:Log (object)
ArgusUnity.Runtime.MiniBotHideAndSeekScenario:FixedUpdate () (at Assets/Project/Scripts/Runtime/MiniBotHideAndSeekScenario.cs:152)

(Filename: Assets/Project/Scripts/Runtime/MiniBotHideAndSeekScenario.cs Line: 152)

MiniBotHideAndSeekScenario: free-roam speed check Seeker 02 movementSpeed=0.08, walkDistanceDelta=0.002.
UnityEngine.StackTraceUtility:ExtractStackTrace () (at /Users/bokken/build/output/unity/unity/Runtime/Export/Scripting/StackTrace.cs:37)
UnityEngine.DebugLogHandler:LogFormat (UnityEngine.LogType,UnityEngine.Object,string,object[])
UnityEngine.Logger:Log (UnityEngine.LogType,object)
UnityEngine.Debug:Log (object)
ArgusUnity.Runtime.MiniBotHideAndSeekScenario:FixedUpdate () (at Assets/Project/Scripts/Runtime/MiniBotHideAndSeekScenario.cs:152)

(Filename: Assets/Project/Scripts/Runtime/MiniBotHideAndSeekScenario.cs Line: 152)

AgentLocomotionDriver: run-style animation active state=LocomotionBlendTree, source=Walking-2.fbx, clip=Walk_InPlace, speed=0.05, quarantined=Running.fbx, controller=MiniBotLocomotion.
UnityEngine.StackTraceUtility:ExtractStackTrace () (at /Users/bokken/build/output/unity/unity/Runtime/Export/Scripting/StackTrace.cs:37)
UnityEngine.DebugLogHandler:LogFormat (UnityEngine.LogType,UnityEngine.Object,string,object[])
UnityEngine.Logger:Log (UnityEngine.LogType,object)
UnityEngine.Debug:Log (object)
ArgusUnity.Runtime.AgentLocomotionDriver:LogLocomotionSource () (at Assets/Project/Scripts/Runtime/AgentLocomotionDriver.cs:260)
ArgusUnity.Runtime.AgentLocomotionDriver:LateUpdate () (at Assets/Project/Scripts/Runtime/AgentLocomotionDriver.cs:127)

(Filename: Assets/Project/Scripts/Runtime/AgentLocomotionDriver.cs Line: 260)

AgentLocomotionDriver: run-style animation active state=LocomotionBlendTree, source=Walking-2.fbx, clip=Walk_InPlace, speed=0.05, quarantined=Running.fbx, controller=MiniBotLocomotion.
UnityEngine.StackTraceUtility:ExtractStackTrace () (at /Users/bokken/build/output/unity/unity/Runtime/Export/Scripting/StackTrace.cs:37)
UnityEngine.DebugLogHandler:LogFormat (UnityEngine.LogType,UnityEngine.Object,string,object[])
UnityEngine.Logger:Log (UnityEngine.LogType,object)
UnityEngine.Debug:Log (object)
ArgusUnity.Runtime.AgentLocomotionDriver:LogLocomotionSource () (at Assets/Project/Scripts/Runtime/AgentLocomotionDriver.cs:260)
ArgusUnity.Runtime.AgentLocomotionDriver:LateUpdate () (at Assets/Project/Scripts/Runtime/AgentLocomotionDriver.cs:127)

(Filename: Assets/Project/Scripts/Runtime/AgentLocomotionDriver.cs Line: 260)

AgentLocomotionDriver: briefcase-left turn animation active state=LocomotionBlendTree, source=Left Turn W_Briefcase.fbx, clip=TurnLeft_Briefcase, turn=-0.78, speed=0.05, turnRate=-8.1, headingDelta=-70.0.
UnityEngine.StackTraceUtility:ExtractStackTrace () (at /Users/bokken/build/output/unity/unity/Runtime/Export/Scripting/StackTrace.cs:37)
UnityEngine.DebugLogHandler:LogFormat (UnityEngine.LogType,UnityEngine.Object,string,object[])
UnityEngine.Logger:Log (UnityEngine.LogType,object)
UnityEngine.Debug:Log (object)
ArgusUnity.Runtime.AgentLocomotionDriver:LogLocomotionSource () (at Assets/Project/Scripts/Runtime/AgentLocomotionDriver.cs:229)
ArgusUnity.Runtime.AgentLocomotionDriver:LateUpdate () (at Assets/Project/Scripts/Runtime/AgentLocomotionDriver.cs:127)

(Filename: Assets/Project/Scripts/Runtime/AgentLocomotionDriver.cs Line: 229)

AgentLocomotionDriver: run-style animation active state=LocomotionBlendTree, source=Walking-2.fbx, clip=Walk_InPlace, speed=0.05, quarantined=Running.fbx, controller=MiniBotLocomotion.
UnityEngine.StackTraceUtility:ExtractStackTrace () (at /Users/bokken/build/output/unity/unity/Runtime/Export/Scripting/StackTrace.cs:37)
UnityEngine.DebugLogHandler:LogFormat (UnityEngine.LogType,UnityEngine.Object,string,object[])
UnityEngine.Logger:Log (UnityEngine.LogType,object)
UnityEngine.Debug:Log (object)
ArgusUnity.Runtime.AgentLocomotionDriver:LogLocomotionSource () (at Assets/Project/Scripts/Runtime/AgentLocomotionDriver.cs:260)
ArgusUnity.Runtime.AgentLocomotionDriver:LateUpdate () (at Assets/Project/Scripts/Runtime/AgentLocomotionDriver.cs:127)

(Filename: Assets/Project/Scripts/Runtime/AgentLocomotionDriver.cs Line: 260)

MiniBotHideAndSeekScenario: movement confirmed for Hider 01.
UnityEngine.StackTraceUtility:ExtractStackTrace () (at /Users/bokken/build/output/unity/unity/Runtime/Export/Scripting/StackTrace.cs:37)
UnityEngine.DebugLogHandler:LogFormat (UnityEngine.LogType,UnityEngine.Object,string,object[])
UnityEngine.Logger:Log (UnityEngine.LogType,object)
UnityEngine.Debug:Log (object)
ArgusUnity.Runtime.MiniBotHideAndSeekScenario:FixedUpdate () (at Assets/Project/Scripts/Runtime/MiniBotHideAndSeekScenario.cs:140)

(Filename: Assets/Project/Scripts/Runtime/MiniBotHideAndSeekScenario.cs Line: 140)

MiniBotHideAndSeekScenario: movement confirmed for Hider 02.
UnityEngine.StackTraceUtility:ExtractStackTrace () (at /Users/bokken/build/output/unity/unity/Runtime/Export/Scripting/StackTrace.cs:37)
UnityEngine.DebugLogHandler:LogFormat (UnityEngine.LogType,UnityEngine.Object,string,object[])
UnityEngine.Logger:Log (UnityEngine.LogType,object)
UnityEngine.Debug:Log (object)
ArgusUnity.Runtime.MiniBotHideAndSeekScenario:FixedUpdate () (at Assets/Project/Scripts/Runtime/MiniBotHideAndSeekScenario.cs:140)

(Filename: Assets/Project/Scripts/Runtime/MiniBotHideAndSeekScenario.cs Line: 140)

MiniBotHideAndSeekScenario: movement confirmed for Seeker 01.
UnityEngine.StackTraceUtility:ExtractStackTrace () (at /Users/bokken/build/output/unity/unity/Runtime/Export/Scripting/StackTrace.cs:37)
UnityEngine.DebugLogHandler:LogFormat (UnityEngine.LogType,UnityEngine.Object,string,object[])
UnityEngine.Logger:Log (UnityEngine.LogType,object)
UnityEngine.Debug:Log (object)
ArgusUnity.Runtime.MiniBotHideAndSeekScenario:FixedUpdate () (at Assets/Project/Scripts/Runtime/MiniBotHideAndSeekScenario.cs:140)

(Filename: Assets/Project/Scripts/Runtime/MiniBotHideAndSeekScenario.cs Line: 140)

MiniBotHideAndSeekScenario: movement confirmed for Seeker 02.
UnityEngine.StackTraceUtility:ExtractStackTrace () (at /Users/bokken/build/output/unity/unity/Runtime/Export/Scripting/StackTrace.cs:37)
UnityEngine.DebugLogHandler:LogFormat (UnityEngine.LogType,UnityEngine.Object,string,object[])
UnityEngine.Logger:Log (UnityEngine.LogType,object)
UnityEngine.Debug:Log (object)
ArgusUnity.Runtime.MiniBotHideAndSeekScenario:FixedUpdate () (at Assets/Project/Scripts/Runtime/MiniBotHideAndSeekScenario.cs:140)

(Filename: Assets/Project/Scripts/Runtime/MiniBotHideAndSeekScenario.cs Line: 140)

AgentLocomotionDriver: run-style animation active state=LocomotionBlendTree, source=Walking-2.fbx, clip=Walk_InPlace, speed=0.15, quarantined=Running.fbx, controller=MiniBotLocomotion.
UnityEngine.StackTraceUtility:ExtractStackTrace () (at /Users/bokken/build/output/unity/unity/Runtime/Export/Scripting/StackTrace.cs:37)
UnityEngine.DebugLogHandler:LogFormat (UnityEngine.LogType,UnityEngine.Object,string,object[])
UnityEngine.Logger:Log (UnityEngine.LogType,object)
UnityEngine.Debug:Log (object)
ArgusUnity.Runtime.AgentLocomotionDriver:LogLocomotionSource () (at Assets/Project/Scripts/Runtime/AgentLocomotionDriver.cs:260)
ArgusUnity.Runtime.AgentLocomotionDriver:LateUpdate () (at Assets/Project/Scripts/Runtime/AgentLocomotionDriver.cs:127)

(Filename: Assets/Project/Scripts/Runtime/AgentLocomotionDriver.cs Line: 260)

MiniBotHideAndSeekScenario: boundary steering active for Seeker 02.
UnityEngine.StackTraceUtility:ExtractStackTrace () (at /Users/bokken/build/output/unity/unity/Runtime/Export/Scripting/StackTrace.cs:37)
UnityEngine.DebugLogHandler:LogFormat (UnityEngine.LogType,UnityEngine.Object,string,object[])
UnityEngine.Logger:Log (UnityEngine.LogType,object)
UnityEngine.Debug:Log (object)
ArgusUnity.Runtime.MiniBotHideAndSeekScenario:SteerInsideRoom (ArgusUnity.Runtime.MiniBotHideAndSeekScenario/WanderAgent,UnityEngine.Vector3,UnityEngine.Vector3) (at Assets/Project/Scripts/Runtime/MiniBotHideAndSeekScenario.cs:607)
ArgusUnity.Runtime.MiniBotHideAndSeekScenario:ResolveDesiredDirection (ArgusUnity.Runtime.MiniBotHideAndSeekScenario/WanderAgent,UnityEngine.Vector3) (at Assets/Project/Scripts/Runtime/MiniBotHideAndSeekScenario.cs:292)
ArgusUnity.Runtime.MiniBotHideAndSeekScenario:FixedUpdate () (at Assets/Project/Scripts/Runtime/MiniBotHideAndSeekScenario.cs:130)

(Filename: Assets/Project/Scripts/Runtime/MiniBotHideAndSeekScenario.cs Line: 607)

MiniBotHideAndSeekScenario: wall slide adjusted drive Seeker 01, normal=-0.64,-0.77, speed=0.39.
UnityEngine.StackTraceUtility:ExtractStackTrace () (at /Users/bokken/build/output/unity/unity/Runtime/Export/Scripting/StackTrace.cs:37)
UnityEngine.DebugLogHandler:LogFormat (UnityEngine.LogType,UnityEngine.Object,string,object[])
UnityEngine.Logger:Log (UnityEngine.LogType,object)
UnityEngine.Debug:Log (object)
ArgusUnity.Runtime.MiniBotHideAndSeekScenario:ResolveWallContactVelocity (ArgusUnity.Runtime.MiniBotHideAndSeekScenario/WanderAgent,UnityEngine.Vector3,UnityEngine.Vector3,UnityEngine.Vector3&,bool&) (at Assets/Project/Scripts/Runtime/MiniBotHideAndSeekScenario.cs:416)
ArgusUnity.Runtime.MiniBotHideAndSeekScenario:DriveAgent (ArgusUnity.Runtime.MiniBotHideAndSeekScenario/WanderAgent,UnityEngine.Vector3,UnityEngine.Quaternion,bool) (at Assets/Project/Scripts/Runtime/MiniBotHideAndSeekScenario.cs:325)
ArgusUnity.Runtime.MiniBotHideAndSeekScenario:FixedUpdate () (at Assets/Project/Scripts/Runtime/MiniBotHideAndSeekScenario.cs:135)

(Filename: Assets/Project/Scripts/Runtime/MiniBotHideAndSeekScenario.cs Line: 416)

MiniBotHideAndSeekScenario: wall slide adjusted drive Hider 01, normal=0.65,-0.76, speed=0.35.
UnityEngine.StackTraceUtility:ExtractStackTrace () (at /Users/bokken/build/output/unity/unity/Runtime/Export/Scripting/StackTrace.cs:37)
UnityEngine.DebugLogHandler:LogFormat (UnityEngine.LogType,UnityEngine.Object,string,object[])
UnityEngine.Logger:Log (UnityEngine.LogType,object)
UnityEngine.Debug:Log (object)
ArgusUnity.Runtime.MiniBotHideAndSeekScenario:ResolveWallContactVelocity (ArgusUnity.Runtime.MiniBotHideAndSeekScenario/WanderAgent,UnityEngine.Vector3,UnityEngine.Vector3,UnityEngine.Vector3&,bool&) (at Assets/Project/Scripts/Runtime/MiniBotHideAndSeekScenario.cs:416)
ArgusUnity.Runtime.MiniBotHideAndSeekScenario:DriveAgent (ArgusUnity.Runtime.MiniBotHideAndSeekScenario/WanderAgent,UnityEngine.Vector3,UnityEngine.Quaternion,bool) (at Assets/Project/Scripts/Runtime/MiniBotHideAndSeekScenario.cs:325)
ArgusUnity.Runtime.MiniBotHideAndSeekScenario:FixedUpdate () (at Assets/Project/Scripts/Runtime/MiniBotHideAndSeekScenario.cs:135)

(Filename: Assets/Project/Scripts/Runtime/MiniBotHideAndSeekScenario.cs Line: 416)

AgentLocomotionDriver: briefcase-left turn animation active state=LocomotionBlendTree, source=Left Turn W_Briefcase.fbx, clip=TurnLeft_Briefcase, turn=-0.25, speed=0.29, turnRate=0.0, headingDelta=-22.8.
UnityEngine.StackTraceUtility:ExtractStackTrace () (at /Users/bokken/build/output/unity/unity/Runtime/Export/Scripting/StackTrace.cs:37)
UnityEngine.DebugLogHandler:LogFormat (UnityEngine.LogType,UnityEngine.Object,string,object[])
UnityEngine.Logger:Log (UnityEngine.LogType,object)
UnityEngine.Debug:Log (object)
ArgusUnity.Runtime.AgentLocomotionDriver:LogLocomotionSource () (at Assets/Project/Scripts/Runtime/AgentLocomotionDriver.cs:229)
ArgusUnity.Runtime.AgentLocomotionDriver:LateUpdate () (at Assets/Project/Scripts/Runtime/AgentLocomotionDriver.cs:127)

(Filename: Assets/Project/Scripts/Runtime/AgentLocomotionDriver.cs Line: 229)

AgentLocomotionDriver: briefcase-right turn animation active state=LocomotionBlendTree, source=Right Turn W_Briefcase_Mirrored.fbx, clip=TurnRight_Briefcase, turn=0.30, speed=0.25, turnRate=0.0, headingDelta=27.2.
UnityEngine.StackTraceUtility:ExtractStackTrace () (at /Users/bokken/build/output/unity/unity/Runtime/Export/Scripting/StackTrace.cs:37)
UnityEngine.DebugLogHandler:LogFormat (UnityEngine.LogType,UnityEngine.Object,string,object[])
UnityEngine.Logger:Log (UnityEngine.LogType,object)
UnityEngine.Debug:Log (object)
ArgusUnity.Runtime.AgentLocomotionDriver:LogLocomotionSource () (at Assets/Project/Scripts/Runtime/AgentLocomotionDriver.cs:245)
ArgusUnity.Runtime.AgentLocomotionDriver:LateUpdate () (at Assets/Project/Scripts/Runtime/AgentLocomotionDriver.cs:127)

(Filename: Assets/Project/Scripts/Runtime/AgentLocomotionDriver.cs Line: 245)

MiniBotHideAndSeekScenario: boundary steering active for Hider 02.
UnityEngine.StackTraceUtility:ExtractStackTrace () (at /Users/bokken/build/output/unity/unity/Runtime/Export/Scripting/StackTrace.cs:37)
UnityEngine.DebugLogHandler:LogFormat (UnityEngine.LogType,UnityEngine.Object,string,object[])
UnityEngine.Logger:Log (UnityEngine.LogType,object)
UnityEngine.Debug:Log (object)
ArgusUnity.Runtime.MiniBotHideAndSeekScenario:SteerInsideRoom (ArgusUnity.Runtime.MiniBotHideAndSeekScenario/WanderAgent,UnityEngine.Vector3,UnityEngine.Vector3) (at Assets/Project/Scripts/Runtime/MiniBotHideAndSeekScenario.cs:607)
ArgusUnity.Runtime.MiniBotHideAndSeekScenario:ResolveDesiredDirection (ArgusUnity.Runtime.MiniBotHideAndSeekScenario/WanderAgent,UnityEngine.Vector3) (at Assets/Project/Scripts/Runtime/MiniBotHideAndSeekScenario.cs:292)
ArgusUnity.Runtime.MiniBotHideAndSeekScenario:FixedUpdate () (at Assets/Project/Scripts/Runtime/MiniBotHideAndSeekScenario.cs:130)

(Filename: Assets/Project/Scripts/Runtime/MiniBotHideAndSeekScenario.cs Line: 607)

MiniBotHideAndSeekScenario: wall pressure turnaround Seeker 02 -> 0.34,-0.94.
UnityEngine.StackTraceUtility:ExtractStackTrace () (at /Users/bokken/build/output/unity/unity/Runtime/Export/Scripting/StackTrace.cs:37)
UnityEngine.DebugLogHandler:LogFormat (UnityEngine.LogType,UnityEngine.Object,string,object[])
UnityEngine.Logger:Log (UnityEngine.LogType,object)
UnityEngine.Debug:Log (object)
ArgusUnity.Runtime.MiniBotHideAndSeekScenario:StartBoundaryRecovery (ArgusUnity.Runtime.MiniBotHideAndSeekScenario/WanderAgent,UnityEngine.Vector3) (at Assets/Project/Scripts/Runtime/MiniBotHideAndSeekScenario.cs:754)
ArgusUnity.Runtime.MiniBotHideAndSeekScenario:KeepInsideRoom (ArgusUnity.Runtime.MiniBotHideAndSeekScenario/WanderAgent) (at Assets/Project/Scripts/Runtime/MiniBotHideAndSeekScenario.cs:705)
ArgusUnity.Runtime.MiniBotHideAndSeekScenario:FixedUpdate () (at Assets/Project/Scripts/Runtime/MiniBotHideAndSeekScenario.cs:136)

(Filename: Assets/Project/Scripts/Runtime/MiniBotHideAndSeekScenario.cs Line: 754)

MiniBotHideAndSeekScenario: wall clamp kept Seeker 02 inside walkable room.
UnityEngine.StackTraceUtility:ExtractStackTrace () (at /Users/bokken/build/output/unity/unity/Runtime/Export/Scripting/StackTrace.cs:37)
UnityEngine.DebugLogHandler:LogFormat (UnityEngine.LogType,UnityEngine.Object,string,object[])
UnityEngine.Logger:Log (UnityEngine.LogType,object)
UnityEngine.Debug:Log (object)
ArgusUnity.Runtime.MiniBotHideAndSeekScenario:KeepInsideRoom (ArgusUnity.Runtime.MiniBotHideAndSeekScenario/WanderAgent) (at Assets/Project/Scripts/Runtime/MiniBotHideAndSeekScenario.cs:708)
ArgusUnity.Runtime.MiniBotHideAndSeekScenario:FixedUpdate () (at Assets/Project/Scripts/Runtime/MiniBotHideAndSeekScenario.cs:136)

(Filename: Assets/Project/Scripts/Runtime/MiniBotHideAndSeekScenario.cs Line: 708)

AgentLocomotionDriver: briefcase-left turn animation active state=LocomotionBlendTree, source=Left Turn W_Briefcase.fbx, clip=TurnLeft_Briefcase, turn=-1.00, speed=1.00, turnRate=-21.3, headingDelta=-173.5.
UnityEngine.StackTraceUtility:ExtractStackTrace () (at /Users/bokken/build/output/unity/unity/Runtime/Export/Scripting/StackTrace.cs:37)
UnityEngine.DebugLogHandler:LogFormat (UnityEngine.LogType,UnityEngine.Object,string,object[])
UnityEngine.Logger:Log (UnityEngine.LogType,object)
UnityEngine.Debug:Log (object)
ArgusUnity.Runtime.AgentLocomotionDriver:LogLocomotionSource () (at Assets/Project/Scripts/Runtime/AgentLocomotionDriver.cs:229)
ArgusUnity.Runtime.AgentLocomotionDriver:LateUpdate () (at Assets/Project/Scripts/Runtime/AgentLocomotionDriver.cs:127)

(Filename: Assets/Project/Scripts/Runtime/AgentLocomotionDriver.cs Line: 229)

MiniBotHideAndSeekScenario: rotation confirmed for Seeker 02.
UnityEngine.StackTraceUtility:ExtractStackTrace () (at /Users/bokken/build/output/unity/unity/Runtime/Export/Scripting/StackTrace.cs:37)
UnityEngine.DebugLogHandler:LogFormat (UnityEngine.LogType,UnityEngine.Object,string,object[])
UnityEngine.Logger:Log (UnityEngine.LogType,object)
UnityEngine.Debug:Log (object)
ArgusUnity.Runtime.MiniBotHideAndSeekScenario:FixedUpdate () (at Assets/Project/Scripts/Runtime/MiniBotHideAndSeekScenario.cs:146)

(Filename: Assets/Project/Scripts/Runtime/MiniBotHideAndSeekScenario.cs Line: 146)

AgentLocomotionDriver: briefcase-right turn animation active state=LocomotionBlendTree, source=Right Turn W_Briefcase_Mirrored.fbx, clip=TurnRight_Briefcase, turn=1.00, speed=1.00, turnRate=401.4, headingDelta=178.8.
UnityEngine.StackTraceUtility:ExtractStackTrace () (at /Users/bokken/build/output/unity/unity/Runtime/Export/Scripting/StackTrace.cs:37)
UnityEngine.DebugLogHandler:LogFormat (UnityEngine.LogType,UnityEngine.Object,string,object[])
UnityEngine.Logger:Log (UnityEngine.LogType,object)
UnityEngine.Debug:Log (object)
ArgusUnity.Runtime.AgentLocomotionDriver:LogLocomotionSource () (at Assets/Project/Scripts/Runtime/AgentLocomotionDriver.cs:245)
ArgusUnity.Runtime.AgentLocomotionDriver:LateUpdate () (at Assets/Project/Scripts/Runtime/AgentLocomotionDriver.cs:127)

(Filename: Assets/Project/Scripts/Runtime/AgentLocomotionDriver.cs Line: 245)

MiniBotHideAndSeekScenario: wall pressure turnaround Hider 02 -> 0.31,-0.95.
UnityEngine.StackTraceUtility:ExtractStackTrace () (at /Users/bokken/build/output/unity/unity/Runtime/Export/Scripting/StackTrace.cs:37)
UnityEngine.DebugLogHandler:LogFormat (UnityEngine.LogType,UnityEngine.Object,string,object[])
UnityEngine.Logger:Log (UnityEngine.LogType,object)
UnityEngine.Debug:Log (object)
ArgusUnity.Runtime.MiniBotHideAndSeekScenario:StartBoundaryRecovery (ArgusUnity.Runtime.MiniBotHideAndSeekScenario/WanderAgent,UnityEngine.Vector3) (at Assets/Project/Scripts/Runtime/MiniBotHideAndSeekScenario.cs:754)
ArgusUnity.Runtime.MiniBotHideAndSeekScenario:KeepInsideRoom (ArgusUnity.Runtime.MiniBotHideAndSeekScenario/WanderAgent) (at Assets/Project/Scripts/Runtime/MiniBotHideAndSeekScenario.cs:705)
ArgusUnity.Runtime.MiniBotHideAndSeekScenario:FixedUpdate () (at Assets/Project/Scripts/Runtime/MiniBotHideAndSeekScenario.cs:136)

(Filename: Assets/Project/Scripts/Runtime/MiniBotHideAndSeekScenario.cs Line: 754)

MiniBotHideAndSeekScenario: wall clamp kept Hider 02 inside walkable room.
UnityEngine.StackTraceUtility:ExtractStackTrace () (at /Users/bokken/build/output/unity/unity/Runtime/Export/Scripting/StackTrace.cs:37)
UnityEngine.DebugLogHandler:LogFormat (UnityEngine.LogType,UnityEngine.Object,string,object[])
UnityEngine.Logger:Log (UnityEngine.LogType,object)
UnityEngine.Debug:Log (object)
ArgusUnity.Runtime.MiniBotHideAndSeekScenario:KeepInsideRoom (ArgusUnity.Runtime.MiniBotHideAndSeekScenario/WanderAgent) (at Assets/Project/Scripts/Runtime/MiniBotHideAndSeekScenario.cs:708)
ArgusUnity.Runtime.MiniBotHideAndSeekScenario:FixedUpdate () (at Assets/Project/Scripts/Runtime/MiniBotHideAndSeekScenario.cs:136)

(Filename: Assets/Project/Scripts/Runtime/MiniBotHideAndSeekScenario.cs Line: 708)

MiniBotHideAndSeekScenario: rotation confirmed for Hider 02.
UnityEngine.StackTraceUtility:ExtractStackTrace () (at /Users/bokken/build/output/unity/unity/Runtime/Export/Scripting/StackTrace.cs:37)
UnityEngine.DebugLogHandler:LogFormat (UnityEngine.LogType,UnityEngine.Object,string,object[])
UnityEngine.Logger:Log (UnityEngine.LogType,object)
UnityEngine.Debug:Log (object)
ArgusUnity.Runtime.MiniBotHideAndSeekScenario:FixedUpdate () (at Assets/Project/Scripts/Runtime/MiniBotHideAndSeekScenario.cs:146)

(Filename: Assets/Project/Scripts/Runtime/MiniBotHideAndSeekScenario.cs Line: 146)

MiniBotHideAndSeekScenario: free-roam retarget Hider 01 -> -0.23,-0.33.
UnityEngine.StackTraceUtility:ExtractStackTrace () (at /Users/bokken/build/output/unity/unity/Runtime/Export/Scripting/StackTrace.cs:37)
UnityEngine.DebugLogHandler:LogFormat (UnityEngine.LogType,UnityEngine.Object,string,object[])
UnityEngine.Logger:Log (UnityEngine.LogType,object)
UnityEngine.Debug:Log (object)
ArgusUnity.Runtime.MiniBotHideAndSeekScenario:ResolveDesiredDirection (ArgusUnity.Runtime.MiniBotHideAndSeekScenario/WanderAgent,UnityEngine.Vector3) (at Assets/Project/Scripts/Runtime/MiniBotHideAndSeekScenario.cs:285)
ArgusUnity.Runtime.MiniBotHideAndSeekScenario:FixedUpdate () (at Assets/Project/Scripts/Runtime/MiniBotHideAndSeekScenario.cs:130)

(Filename: Assets/Project/Scripts/Runtime/MiniBotHideAndSeekScenario.cs Line: 285)

MiniBotHideAndSeekScenario: free-roam retarget Seeker 01 -> -0.29,0.18.
UnityEngine.StackTraceUtility:ExtractStackTrace () (at /Users/bokken/build/output/unity/unity/Runtime/Export/Scripting/StackTrace.cs:37)
UnityEngine.DebugLogHandler:LogFormat (UnityEngine.LogType,UnityEngine.Object,string,object[])
UnityEngine.Logger:Log (UnityEngine.LogType,object)
UnityEngine.Debug:Log (object)
ArgusUnity.Runtime.MiniBotHideAndSeekScenario:ResolveDesiredDirection (ArgusUnity.Runtime.MiniBotHideAndSeekScenario/WanderAgent,UnityEngine.Vector3) (at Assets/Project/Scripts/Runtime/MiniBotHideAndSeekScenario.cs:285)
ArgusUnity.Runtime.MiniBotHideAndSeekScenario:FixedUpdate () (at Assets/Project/Scripts/Runtime/MiniBotHideAndSeekScenario.cs:130)

(Filename: Assets/Project/Scripts/Runtime/MiniBotHideAndSeekScenario.cs Line: 285)

MiniBotHideAndSeekScenario: obstacle avoidance retarget Seeker 01, collider=Seeker 02.
UnityEngine.StackTraceUtility:ExtractStackTrace () (at /Users/bokken/build/output/unity/unity/Runtime/Export/Scripting/StackTrace.cs:37)
UnityEngine.DebugLogHandler:LogFormat (UnityEngine.LogType,UnityEngine.Object,string,object[])
UnityEngine.Logger:Log (UnityEngine.LogType,object)
UnityEngine.Debug:Log (object)
ArgusUnity.Runtime.MiniBotHideAndSeekScenario:SteerAroundObstacle (ArgusUnity.Runtime.MiniBotHideAndSeekScenario/WanderAgent,UnityEngine.Vector3,UnityEngine.Vector3) (at Assets/Project/Scripts/Runtime/MiniBotHideAndSeekScenario.cs:648)
ArgusUnity.Runtime.MiniBotHideAndSeekScenario:ResolveDesiredDirection (ArgusUnity.Runtime.MiniBotHideAndSeekScenario/WanderAgent,UnityEngine.Vector3) (at Assets/Project/Scripts/Runtime/MiniBotHideAndSeekScenario.cs:293)
ArgusUnity.Runtime.MiniBotHideAndSeekScenario:FixedUpdate () (at Assets/Project/Scripts/Runtime/MiniBotHideAndSeekScenario.cs:130)

(Filename: Assets/Project/Scripts/Runtime/MiniBotHideAndSeekScenario.cs Line: 648)

MiniBotHideAndSeekScenario: obstacle avoidance retarget Seeker 02, collider=Classroom table.
UnityEngine.StackTraceUtility:ExtractStackTrace () (at /Users/bokken/build/output/unity/unity/Runtime/Export/Scripting/StackTrace.cs:37)
UnityEngine.DebugLogHandler:LogFormat (UnityEngine.LogType,UnityEngine.Object,string,object[])
UnityEngine.Logger:Log (UnityEngine.LogType,object)
UnityEngine.Debug:Log (object)
ArgusUnity.Runtime.MiniBotHideAndSeekScenario:SteerAroundObstacle (ArgusUnity.Runtime.MiniBotHideAndSeekScenario/WanderAgent,UnityEngine.Vector3,UnityEngine.Vector3) (at Assets/Project/Scripts/Runtime/MiniBotHideAndSeekScenario.cs:648)
ArgusUnity.Runtime.MiniBotHideAndSeekScenario:ResolveDesiredDirection (ArgusUnity.Runtime.MiniBotHideAndSeekScenario/WanderAgent,UnityEngine.Vector3) (at Assets/Project/Scripts/Runtime/MiniBotHideAndSeekScenario.cs:273)
ArgusUnity.Runtime.MiniBotHideAndSeekScenario:FixedUpdate () (at Assets/Project/Scripts/Runtime/MiniBotHideAndSeekScenario.cs:130)

(Filename: Assets/Project/Scripts/Runtime/MiniBotHideAndSeekScenario.cs Line: 648)

MiniBotHideAndSeekScenario: wall pressure turnaround Seeker 01 -> -0.97,-0.26.
UnityEngine.StackTraceUtility:ExtractStackTrace () (at /Users/bokken/build/output/unity/unity/Runtime/Export/Scripting/StackTrace.cs:37)
UnityEngine.DebugLogHandler:LogFormat (UnityEngine.LogType,UnityEngine.Object,string,object[])
UnityEngine.Logger:Log (UnityEngine.LogType,object)
UnityEngine.Debug:Log (object)
ArgusUnity.Runtime.MiniBotHideAndSeekScenario:StartBoundaryRecovery (ArgusUnity.Runtime.MiniBotHideAndSeekScenario/WanderAgent,UnityEngine.Vector3) (at Assets/Project/Scripts/Runtime/MiniBotHideAndSeekScenario.cs:754)
ArgusUnity.Runtime.MiniBotHideAndSeekScenario:KeepInsideRoom (ArgusUnity.Runtime.MiniBotHideAndSeekScenario/WanderAgent) (at Assets/Project/Scripts/Runtime/MiniBotHideAndSeekScenario.cs:705)
ArgusUnity.Runtime.MiniBotHideAndSeekScenario:FixedUpdate () (at Assets/Project/Scripts/Runtime/MiniBotHideAndSeekScenario.cs:136)

(Filename: Assets/Project/Scripts/Runtime/MiniBotHideAndSeekScenario.cs Line: 754)

MiniBotHideAndSeekScenario: wall clamp kept Seeker 01 inside walkable room.
UnityEngine.StackTraceUtility:ExtractStackTrace () (at /Users/bokken/build/output/unity/unity/Runtime/Export/Scripting/StackTrace.cs:37)
UnityEngine.DebugLogHandler:LogFormat (UnityEngine.LogType,UnityEngine.Object,string,object[])
UnityEngine.Logger:Log (UnityEngine.LogType,object)
UnityEngine.Debug:Log (object)
ArgusUnity.Runtime.MiniBotHideAndSeekScenario:KeepInsideRoom (ArgusUnity.Runtime.MiniBotHideAndSeekScenario/WanderAgent) (at Assets/Project/Scripts/Runtime/MiniBotHideAndSeekScenario.cs:708)
ArgusUnity.Runtime.MiniBotHideAndSeekScenario:FixedUpdate () (at Assets/Project/Scripts/Runtime/MiniBotHideAndSeekScenario.cs:136)

(Filename: Assets/Project/Scripts/Runtime/MiniBotHideAndSeekScenario.cs Line: 708)

MiniBotHideAndSeekScenario: rotation confirmed for Seeker 01.
UnityEngine.StackTraceUtility:ExtractStackTrace () (at /Users/bokken/build/output/unity/unity/Runtime/Export/Scripting/StackTrace.cs:37)
UnityEngine.DebugLogHandler:LogFormat (UnityEngine.LogType,UnityEngine.Object,string,object[])
UnityEngine.Logger:Log (UnityEngine.LogType,object)
UnityEngine.Debug:Log (object)
ArgusUnity.Runtime.MiniBotHideAndSeekScenario:FixedUpdate () (at Assets/Project/Scripts/Runtime/MiniBotHideAndSeekScenario.cs:146)

(Filename: Assets/Project/Scripts/Runtime/MiniBotHideAndSeekScenario.cs Line: 146)

MiniBotHideAndSeekScenario: wall pressure turnaround Hider 01 -> -0.37,-0.93.
UnityEngine.StackTraceUtility:ExtractStackTrace () (at /Users/bokken/build/output/unity/unity/Runtime/Export/Scripting/StackTrace.cs:37)
UnityEngine.DebugLogHandler:LogFormat (UnityEngine.LogType,UnityEngine.Object,string,object[])
UnityEngine.Logger:Log (UnityEngine.LogType,object)
UnityEngine.Debug:Log (object)
ArgusUnity.Runtime.MiniBotHideAndSeekScenario:StartBoundaryRecovery (ArgusUnity.Runtime.MiniBotHideAndSeekScenario/WanderAgent,UnityEngine.Vector3) (at Assets/Project/Scripts/Runtime/MiniBotHideAndSeekScenario.cs:754)
ArgusUnity.Runtime.MiniBotHideAndSeekScenario:KeepInsideRoom (ArgusUnity.Runtime.MiniBotHideAndSeekScenario/WanderAgent) (at Assets/Project/Scripts/Runtime/MiniBotHideAndSeekScenario.cs:705)
ArgusUnity.Runtime.MiniBotHideAndSeekScenario:FixedUpdate () (at Assets/Project/Scripts/Runtime/MiniBotHideAndSeekScenario.cs:136)

(Filename: Assets/Project/Scripts/Runtime/MiniBotHideAndSeekScenario.cs Line: 754)

MiniBotHideAndSeekScenario: wall clamp kept Hider 01 inside walkable room.
UnityEngine.StackTraceUtility:ExtractStackTrace () (at /Users/bokken/build/output/unity/unity/Runtime/Export/Scripting/StackTrace.cs:37)
UnityEngine.DebugLogHandler:LogFormat (UnityEngine.LogType,UnityEngine.Object,string,object[])
UnityEngine.Logger:Log (UnityEngine.LogType,object)
UnityEngine.Debug:Log (object)
ArgusUnity.Runtime.MiniBotHideAndSeekScenario:KeepInsideRoom (ArgusUnity.Runtime.MiniBotHideAndSeekScenario/WanderAgent) (at Assets/Project/Scripts/Runtime/MiniBotHideAndSeekScenario.cs:708)
ArgusUnity.Runtime.MiniBotHideAndSeekScenario:FixedUpdate () (at Assets/Project/Scripts/Runtime/MiniBotHideAndSeekScenario.cs:136)

(Filename: Assets/Project/Scripts/Runtime/MiniBotHideAndSeekScenario.cs Line: 708)

MiniBotHideAndSeekScenario: rotation confirmed for Hider 01.
UnityEngine.StackTraceUtility:ExtractStackTrace () (at /Users/bokken/build/output/unity/unity/Runtime/Export/Scripting/StackTrace.cs:37)
UnityEngine.DebugLogHandler:LogFormat (UnityEngine.LogType,UnityEngine.Object,string,object[])
UnityEngine.Logger:Log (UnityEngine.LogType,object)
UnityEngine.Debug:Log (object)
ArgusUnity.Runtime.MiniBotHideAndSeekScenario:FixedUpdate () (at Assets/Project/Scripts/Runtime/MiniBotHideAndSeekScenario.cs:146)

(Filename: Assets/Project/Scripts/Runtime/MiniBotHideAndSeekScenario.cs Line: 146)

MiniBotHideAndSeekScenario: wall slide adjusted drive Seeker 02, normal=0.00,1.00, speed=0.08.
UnityEngine.StackTraceUtility:ExtractStackTrace () (at /Users/bokken/build/output/unity/unity/Runtime/Export/Scripting/StackTrace.cs:37)
UnityEngine.DebugLogHandler:LogFormat (UnityEngine.LogType,UnityEngine.Object,string,object[])
UnityEngine.Logger:Log (UnityEngine.LogType,object)
UnityEngine.Debug:Log (object)
ArgusUnity.Runtime.MiniBotHideAndSeekScenario:ResolveWallContactVelocity (ArgusUnity.Runtime.MiniBotHideAndSeekScenario/WanderAgent,UnityEngine.Vector3,UnityEngine.Vector3,UnityEngine.Vector3&,bool&) (at Assets/Project/Scripts/Runtime/MiniBotHideAndSeekScenario.cs:416)
ArgusUnity.Runtime.MiniBotHideAndSeekScenario:DriveAgent (ArgusUnity.Runtime.MiniBotHideAndSeekScenario/WanderAgent,UnityEngine.Vector3,UnityEngine.Quaternion,bool) (at Assets/Project/Scripts/Runtime/MiniBotHideAndSeekScenario.cs:325)
ArgusUnity.Runtime.MiniBotHideAndSeekScenario:FixedUpdate () (at Assets/Project/Scripts/Runtime/MiniBotHideAndSeekScenario.cs:135)

(Filename: Assets/Project/Scripts/Runtime/MiniBotHideAndSeekScenario.cs Line: 416)

AgentLocomotionDriver: briefcase-right turn animation active state=LocomotionBlendTree, source=Right Turn W_Briefcase_Mirrored.fbx, clip=TurnRight_Briefcase, turn=1.00, speed=1.00, turnRate=530.2, headingDelta=176.6.
UnityEngine.StackTraceUtility:ExtractStackTrace () (at /Users/bokken/build/output/unity/unity/Runtime/Export/Scripting/StackTrace.cs:37)
UnityEngine.DebugLogHandler:LogFormat (UnityEngine.LogType,UnityEngine.Object,string,object[])
UnityEngine.Logger:Log (UnityEngine.LogType,object)
UnityEngine.Debug:Log (object)
ArgusUnity.Runtime.AgentLocomotionDriver:LogLocomotionSource () (at Assets/Project/Scripts/Runtime/AgentLocomotionDriver.cs:245)
ArgusUnity.Runtime.AgentLocomotionDriver:LateUpdate () (at Assets/Project/Scripts/Runtime/AgentLocomotionDriver.cs:127)

(Filename: Assets/Project/Scripts/Runtime/AgentLocomotionDriver.cs Line: 245)

MiniBotHideAndSeekScenario: free-roam retarget Seeker 01 -> 1.98,0.08.
UnityEngine.StackTraceUtility:ExtractStackTrace () (at /Users/bokken/build/output/unity/unity/Runtime/Export/Scripting/StackTrace.cs:37)
UnityEngine.DebugLogHandler:LogFormat (UnityEngine.LogType,UnityEngine.Object,string,object[])
UnityEngine.Logger:Log (UnityEngine.LogType,object)
UnityEngine.Debug:Log (object)
ArgusUnity.Runtime.MiniBotHideAndSeekScenario:ResolveDesiredDirection (ArgusUnity.Runtime.MiniBotHideAndSeekScenario/WanderAgent,UnityEngine.Vector3) (at Assets/Project/Scripts/Runtime/MiniBotHideAndSeekScenario.cs:285)
ArgusUnity.Runtime.MiniBotHideAndSeekScenario:FixedUpdate () (at Assets/Project/Scripts/Runtime/MiniBotHideAndSeekScenario.cs:130)

(Filename: Assets/Project/Scripts/Runtime/MiniBotHideAndSeekScenario.cs Line: 285)

MiniBotHideAndSeekScenario: free-roam retarget Hider 01 -> -1.67,0.16.
UnityEngine.StackTraceUtility:ExtractStackTrace () (at /Users/bokken/build/output/unity/unity/Runtime/Export/Scripting/StackTrace.cs:37)
UnityEngine.DebugLogHandler:LogFormat (UnityEngine.LogType,UnityEngine.Object,string,object[])
UnityEngine.Logger:Log (UnityEngine.LogType,object)
UnityEngine.Debug:Log (object)
ArgusUnity.Runtime.MiniBotHideAndSeekScenario:ResolveDesiredDirection (ArgusUnity.Runtime.MiniBotHideAndSeekScenario/WanderAgent,UnityEngine.Vector3) (at Assets/Project/Scripts/Runtime/MiniBotHideAndSeekScenario.cs:285)
ArgusUnity.Runtime.MiniBotHideAndSeekScenario:FixedUpdate () (at Assets/Project/Scripts/Runtime/MiniBotHideAndSeekScenario.cs:130)

(Filename: Assets/Project/Scripts/Runtime/MiniBotHideAndSeekScenario.cs Line: 285)

MiniBotHideAndSeekScenario: obstacle avoidance retarget Hider 01, collider=Classroom table.
UnityEngine.StackTraceUtility:ExtractStackTrace () (at /Users/bokken/build/output/unity/unity/Runtime/Export/Scripting/StackTrace.cs:37)
UnityEngine.DebugLogHandler:LogFormat (UnityEngine.LogType,UnityEngine.Object,string,object[])
UnityEngine.Logger:Log (UnityEngine.LogType,object)
UnityEngine.Debug:Log (object)
ArgusUnity.Runtime.MiniBotHideAndSeekScenario:SteerAroundObstacle (ArgusUnity.Runtime.MiniBotHideAndSeekScenario/WanderAgent,UnityEngine.Vector3,UnityEngine.Vector3) (at Assets/Project/Scripts/Runtime/MiniBotHideAndSeekScenario.cs:648)
ArgusUnity.Runtime.MiniBotHideAndSeekScenario:ResolveDesiredDirection (ArgusUnity.Runtime.MiniBotHideAndSeekScenario/WanderAgent,UnityEngine.Vector3) (at Assets/Project/Scripts/Runtime/MiniBotHideAndSeekScenario.cs:293)
ArgusUnity.Runtime.MiniBotHideAndSeekScenario:FixedUpdate () (at Assets/Project/Scripts/Runtime/MiniBotHideAndSeekScenario.cs:130)

(Filename: Assets/Project/Scripts/Runtime/MiniBotHideAndSeekScenario.cs Line: 648)

AgentLocomotionDriver: briefcase-left turn animation active state=LocomotionBlendTree, source=Left Turn W_Briefcase.fbx, clip=TurnLeft_Briefcase, turn=-0.87, speed=0.04, turnRate=-14.8, headingDelta=-78.7.
UnityEngine.StackTraceUtility:ExtractStackTrace () (at /Users/bokken/build/output/unity/unity/Runtime/Export/Scripting/StackTrace.cs:37)
UnityEngine.DebugLogHandler:LogFormat (UnityEngine.LogType,UnityEngine.Object,string,object[])
UnityEngine.Logger:Log (UnityEngine.LogType,object)
UnityEngine.Debug:Log (object)
ArgusUnity.Runtime.AgentLocomotionDriver:LogLocomotionSource () (at Assets/Project/Scripts/Runtime/AgentLocomotionDriver.cs:229)
ArgusUnity.Runtime.AgentLocomotionDriver:LateUpdate () (at Assets/Project/Scripts/Runtime/AgentLocomotionDriver.cs:127)

(Filename: Assets/Project/Scripts/Runtime/AgentLocomotionDriver.cs Line: 229)

MiniBotHideAndSeekScenario: free-roam retarget Seeker 01 -> 2.16,0.24.
UnityEngine.StackTraceUtility:ExtractStackTrace () (at /Users/bokken/build/output/unity/unity/Runtime/Export/Scripting/StackTrace.cs:37)
UnityEngine.DebugLogHandler:LogFormat (UnityEngine.LogType,UnityEngine.Object,string,object[])
UnityEngine.Logger:Log (UnityEngine.LogType,object)
UnityEngine.Debug:Log (object)
ArgusUnity.Runtime.MiniBotHideAndSeekScenario:ResolveDesiredDirection (ArgusUnity.Runtime.MiniBotHideAndSeekScenario/WanderAgent,UnityEngine.Vector3) (at Assets/Project/Scripts/Runtime/MiniBotHideAndSeekScenario.cs:285)
ArgusUnity.Runtime.MiniBotHideAndSeekScenario:FixedUpdate () (at Assets/Project/Scripts/Runtime/MiniBotHideAndSeekScenario.cs:130)

(Filename: Assets/Project/Scripts/Runtime/MiniBotHideAndSeekScenario.cs Line: 285)

MiniBotHideAndSeekScenario: free-roam retarget Hider 01 -> 2.09,0.37.
UnityEngine.StackTraceUtility:ExtractStackTrace () (at /Users/bokken/build/output/unity/unity/Runtime/Export/Scripting/StackTrace.cs:37)
UnityEngine.DebugLogHandler:LogFormat (UnityEngine.LogType,UnityEngine.Object,string,object[])
UnityEngine.Logger:Log (UnityEngine.LogType,object)
UnityEngine.Debug:Log (object)
ArgusUnity.Runtime.MiniBotHideAndSeekScenario:ResolveDesiredDirection (ArgusUnity.Runtime.MiniBotHideAndSeekScenario/WanderAgent,UnityEngine.Vector3) (at Assets/Project/Scripts/Runtime/MiniBotHideAndSeekScenario.cs:285)
ArgusUnity.Runtime.MiniBotHideAndSeekScenario:FixedUpdate () (at Assets/Project/Scripts/Runtime/MiniBotHideAndSeekScenario.cs:130)

(Filename: Assets/Project/Scripts/Runtime/MiniBotHideAndSeekScenario.cs Line: 285)

MiniBotHideAndSeekScenario: free-roam retarget Hider 01 -> 1.17,0.35.
UnityEngine.StackTraceUtility:ExtractStackTrace () (at /Users/bokken/build/output/unity/unity/Runtime/Export/Scripting/StackTrace.cs:37)
UnityEngine.DebugLogHandler:LogFormat (UnityEngine.LogType,UnityEngine.Object,string,object[])
UnityEngine.Logger:Log (UnityEngine.LogType,object)
UnityEngine.Debug:Log (object)
ArgusUnity.Runtime.MiniBotHideAndSeekScenario:ResolveDesiredDirection (ArgusUnity.Runtime.MiniBotHideAndSeekScenario/WanderAgent,UnityEngine.Vector3) (at Assets/Project/Scripts/Runtime/MiniBotHideAndSeekScenario.cs:285)
ArgusUnity.Runtime.MiniBotHideAndSeekScenario:FixedUpdate () (at Assets/Project/Scripts/Runtime/MiniBotHideAndSeekScenario.cs:130)

(Filename: Assets/Project/Scripts/Runtime/MiniBotHideAndSeekScenario.cs Line: 285)

MiniBotHideAndSeekScenario: free-roam retarget Seeker 01 -> 0.34,-0.16.
UnityEngine.StackTraceUtility:ExtractStackTrace () (at /Users/bokken/build/output/unity/unity/Runtime/Export/Scripting/StackTrace.cs:37)
UnityEngine.DebugLogHandler:LogFormat (UnityEngine.LogType,UnityEngine.Object,string,object[])
UnityEngine.Logger:Log (UnityEngine.LogType,object)
UnityEngine.Debug:Log (object)
ArgusUnity.Runtime.MiniBotHideAndSeekScenario:ResolveDesiredDirection (ArgusUnity.Runtime.MiniBotHideAndSeekScenario/WanderAgent,UnityEngine.Vector3) (at Assets/Project/Scripts/Runtime/MiniBotHideAndSeekScenario.cs:285)
ArgusUnity.Runtime.MiniBotHideAndSeekScenario:FixedUpdate () (at Assets/Project/Scripts/Runtime/MiniBotHideAndSeekScenario.cs:130)

(Filename: Assets/Project/Scripts/Runtime/MiniBotHideAndSeekScenario.cs Line: 285)

MiniBotHideAndSeekScenario: free-roam retarget Seeker 01 -> -0.48,0.10.
UnityEngine.StackTraceUtility:ExtractStackTrace () (at /Users/bokken/build/output/unity/unity/Runtime/Export/Scripting/StackTrace.cs:37)
UnityEngine.DebugLogHandler:LogFormat (UnityEngine.LogType,UnityEngine.Object,string,object[])
UnityEngine.Logger:Log (UnityEngine.LogType,object)
UnityEngine.Debug:Log (object)
ArgusUnity.Runtime.MiniBotHideAndSeekScenario:ResolveDesiredDirection (ArgusUnity.Runtime.MiniBotHideAndSeekScenario/WanderAgent,UnityEngine.Vector3) (at Assets/Project/Scripts/Runtime/MiniBotHideAndSeekScenario.cs:285)
ArgusUnity.Runtime.MiniBotHideAndSeekScenario:FixedUpdate () (at Assets/Project/Scripts/Runtime/MiniBotHideAndSeekScenario.cs:130)

(Filename: Assets/Project/Scripts/Runtime/MiniBotHideAndSeekScenario.cs Line: 285)

MiniBotHideAndSeekScenario: free-roam retarget Hider 01 -> -1.93,0.37.
UnityEngine.StackTraceUtility:ExtractStackTrace () (at /Users/bokken/build/output/unity/unity/Runtime/Export/Scripting/StackTrace.cs:37)
UnityEngine.DebugLogHandler:LogFormat (UnityEngine.LogType,UnityEngine.Object,string,object[])
UnityEngine.Logger:Log (UnityEngine.LogType,object)
UnityEngine.Debug:Log (object)
ArgusUnity.Runtime.MiniBotHideAndSeekScenario:ResolveDesiredDirection (ArgusUnity.Runtime.MiniBotHideAndSeekScenario/WanderAgent,UnityEngine.Vector3) (at Assets/Project/Scripts/Runtime/MiniBotHideAndSeekScenario.cs:285)
ArgusUnity.Runtime.MiniBotHideAndSeekScenario:FixedUpdate () (at Assets/Project/Scripts/Runtime/MiniBotHideAndSeekScenario.cs:130)

(Filename: Assets/Project/Scripts/Runtime/MiniBotHideAndSeekScenario.cs Line: 285)

MiniBotHideAndSeekScenario: free-roam retarget Seeker 01 -> 2.14,-0.21.
UnityEngine.StackTraceUtility:ExtractStackTrace () (at /Users/bokken/build/output/unity/unity/Runtime/Export/Scripting/StackTrace.cs:37)
UnityEngine.DebugLogHandler:LogFormat (UnityEngine.LogType,UnityEngine.Object,string,object[])
UnityEngine.Logger:Log (UnityEngine.LogType,object)
UnityEngine.Debug:Log (object)
ArgusUnity.Runtime.MiniBotHideAndSeekScenario:ResolveDesiredDirection (ArgusUnity.Runtime.MiniBotHideAndSeekScenario/WanderAgent,UnityEngine.Vector3) (at Assets/Project/Scripts/Runtime/MiniBotHideAndSeekScenario.cs:285)
ArgusUnity.Runtime.MiniBotHideAndSeekScenario:FixedUpdate () (at Assets/Project/Scripts/Runtime/MiniBotHideAndSeekScenario.cs:130)

(Filename: Assets/Project/Scripts/Runtime/MiniBotHideAndSeekScenario.cs Line: 285)

MiniBotHideAndSeekScenario: free-roam retarget Seeker 01 -> -1.51,0.40.
UnityEngine.StackTraceUtility:ExtractStackTrace () (at /Users/bokken/build/output/unity/unity/Runtime/Export/Scripting/StackTrace.cs:37)
UnityEngine.DebugLogHandler:LogFormat (UnityEngine.LogType,UnityEngine.Object,string,object[])
UnityEngine.Logger:Log (UnityEngine.LogType,object)
UnityEngine.Debug:Log (object)
ArgusUnity.Runtime.MiniBotHideAndSeekScenario:ResolveDesiredDirection (ArgusUnity.Runtime.MiniBotHideAndSeekScenario/WanderAgent,UnityEngine.Vector3) (at Assets/Project/Scripts/Runtime/MiniBotHideAndSeekScenario.cs:285)
ArgusUnity.Runtime.MiniBotHideAndSeekScenario:FixedUpdate () (at Assets/Project/Scripts/Runtime/MiniBotHideAndSeekScenario.cs:130)

(Filename: Assets/Project/Scripts/Runtime/MiniBotHideAndSeekScenario.cs Line: 285)

Asset Pipeline Refresh (id=0d6ab973f1f154ccea15c2ada70f4b3c): Total: 0.417 seconds - Initiated by RefreshV2(NoUpdateAssetOptions)
	Summary:
		Imports: total=0 (actual=0, local cache=0, cache server=0)
		Asset DB Process Time: managed=0 ms, native=417 ms
		Asset DB Callback time: managed=0 ms, native=0 ms
		Scripting: domain reloads=0, domain reload time=0 ms, compile time=0 ms, other=0 ms
		Project Asset Count: scripts=3121, non-scripts=1540
		Asset File Changes: new=0, changed=0, moved=0, deleted=0
		Scan Filter Count: 1
	InvokeBeforeRefreshCallbacks: 0.001ms
	ApplyChangesToAssetFolders: 0.277ms
	Scan: 372.311ms
	GatherAllCurrentPrimaryArtifactRevisions: 1.389ms
	UnloadStreamsBegin: 3.536ms
	UnloadStreamsEnd: 0.021ms
	Untracked: 39.620ms
MiniBotHideAndSeekScenario: free-roam retarget Seeker 01 -> -0.30,-0.57.
UnityEngine.StackTraceUtility:ExtractStackTrace () (at /Users/bokken/build/output/unity/unity/Runtime/Export/Scripting/StackTrace.cs:37)
UnityEngine.DebugLogHandler:LogFormat (UnityEngine.LogType,UnityEngine.Object,string,object[])
UnityEngine.Logger:Log (UnityEngine.LogType,object)
UnityEngine.Debug:Log (object)
ArgusUnity.Runtime.MiniBotHideAndSeekScenario:ResolveDesiredDirection (ArgusUnity.Runtime.MiniBotHideAndSeekScenario/WanderAgent,UnityEngine.Vector3) (at Assets/Project/Scripts/Runtime/MiniBotHideAndSeekScenario.cs:285)
ArgusUnity.Runtime.MiniBotHideAndSeekScenario:FixedUpdate () (at Assets/Project/Scripts/Runtime/MiniBotHideAndSeekScenario.cs:130)

(Filename: Assets/Project/Scripts/Runtime/MiniBotHideAndSeekScenario.cs Line: 285)

MiniBotHideAndSeekScenario: free-roam retarget Seeker 02 -> 0.45,-0.51.
UnityEngine.StackTraceUtility:ExtractStackTrace () (at /Users/bokken/build/output/unity/unity/Runtime/Export/Scripting/StackTrace.cs:37)
UnityEngine.DebugLogHandler:LogFormat (UnityEngine.LogType,UnityEngine.Object,string,object[])
UnityEngine.Logger:Log (UnityEngine.LogType,object)
UnityEngine.Debug:Log (object)
ArgusUnity.Runtime.MiniBotHideAndSeekScenario:ResolveDesiredDirection (ArgusUnity.Runtime.MiniBotHideAndSeekScenario/WanderAgent,UnityEngine.Vector3) (at Assets/Project/Scripts/Runtime/MiniBotHideAndSeekScenario.cs:285)
ArgusUnity.Runtime.MiniBotHideAndSeekScenario:FixedUpdate () (at Assets/Project/Scripts/Runtime/MiniBotHideAndSeekScenario.cs:130)

(Filename: Assets/Project/Scripts/Runtime/MiniBotHideAndSeekScenario.cs Line: 285)

MiniBotHideAndSeekScenario: free-roam retarget Seeker 01 -> -0.46,0.52.
UnityEngine.StackTraceUtility:ExtractStackTrace () (at /Users/bokken/build/output/unity/unity/Runtime/Export/Scripting/StackTrace.cs:37)
UnityEngine.DebugLogHandler:LogFormat (UnityEngine.LogType,UnityEngine.Object,string,object[])
UnityEngine.Logger:Log (UnityEngine.LogType,object)
UnityEngine.Debug:Log (object)
ArgusUnity.Runtime.MiniBotHideAndSeekScenario:ResolveDesiredDirection (ArgusUnity.Runtime.MiniBotHideAndSeekScenario/WanderAgent,UnityEngine.Vector3) (at Assets/Project/Scripts/Runtime/MiniBotHideAndSeekScenario.cs:285)
ArgusUnity.Runtime.MiniBotHideAndSeekScenario:FixedUpdate () (at Assets/Project/Scripts/Runtime/MiniBotHideAndSeekScenario.cs:130)

(Filename: Assets/Project/Scripts/Runtime/MiniBotHideAndSeekScenario.cs Line: 285)

TrimDiskCacheJob: Current cache size 0mb
MiniBotHideAndSeekScenario: free-roam retarget Seeker 02 -> -1.09,0.05.
UnityEngine.StackTraceUtility:ExtractStackTrace () (at /Users/bokken/build/output/unity/unity/Runtime/Export/Scripting/StackTrace.cs:37)
UnityEngine.DebugLogHandler:LogFormat (UnityEngine.LogType,UnityEngine.Object,string,object[])
UnityEngine.Logger:Log (UnityEngine.LogType,object)
UnityEngine.Debug:Log (object)
ArgusUnity.Runtime.MiniBotHideAndSeekScenario:ResolveDesiredDirection (ArgusUnity.Runtime.MiniBotHideAndSeekScenario/WanderAgent,UnityEngine.Vector3) (at Assets/Project/Scripts/Runtime/MiniBotHideAndSeekScenario.cs:285)
ArgusUnity.Runtime.MiniBotHideAndSeekScenario:FixedUpdate () (at Assets/Project/Scripts/Runtime/MiniBotHideAndSeekScenario.cs:130)

(Filename: Assets/Project/Scripts/Runtime/MiniBotHideAndSeekScenario.cs Line: 285)

MiniBotHideAndSeekScenario: free-roam retarget Seeker 02 -> 0.69,0.33.
UnityEngine.StackTraceUtility:ExtractStackTrace () (at /Users/bokken/build/output/unity/unity/Runtime/Export/Scripting/StackTrace.cs:37)
UnityEngine.DebugLogHandler:LogFormat (UnityEngine.LogType,UnityEngine.Object,string,object[])
UnityEngine.Logger:Log (UnityEngine.LogType,object)
UnityEngine.Debug:Log (object)
ArgusUnity.Runtime.MiniBotHideAndSeekScenario:ResolveDesiredDirection (ArgusUnity.Runtime.MiniBotHideAndSeekScenario/WanderAgent,UnityEngine.Vector3) (at Assets/Project/Scripts/Runtime/MiniBotHideAndSeekScenario.cs:285)
ArgusUnity.Runtime.MiniBotHideAndSeekScenario:FixedUpdate () (at Assets/Project/Scripts/Runtime/MiniBotHideAndSeekScenario.cs:130)

(Filename: Assets/Project/Scripts/Runtime/MiniBotHideAndSeekScenario.cs Line: 285)

MiniBotHideAndSeekScenario: free-roam retarget Seeker 01 -> -1.10,0.24.
UnityEngine.StackTraceUtility:ExtractStackTrace () (at /Users/bokken/build/output/unity/unity/Runtime/Export/Scripting/StackTrace.cs:37)
UnityEngine.DebugLogHandler:LogFormat (UnityEngine.LogType,UnityEngine.Object,string,object[])
UnityEngine.Logger:Log (UnityEngine.LogType,object)
UnityEngine.Debug:Log (object)
ArgusUnity.Runtime.MiniBotHideAndSeekScenario:ResolveDesiredDirection (ArgusUnity.Runtime.MiniBotHideAndSeekScenario/WanderAgent,UnityEngine.Vector3) (at Assets/Project/Scripts/Runtime/MiniBotHideAndSeekScenario.cs:285)
ArgusUnity.Runtime.MiniBotHideAndSeekScenario:FixedUpdate () (at Assets/Project/Scripts/Runtime/MiniBotHideAndSeekScenario.cs:130)

(Filename: Assets/Project/Scripts/Runtime/MiniBotHideAndSeekScenario.cs Line: 285)

MiniBotHideAndSeekScenario: free-roam retarget Seeker 02 -> 2.10,-0.46.
UnityEngine.StackTraceUtility:ExtractStackTrace () (at /Users/bokken/build/output/unity/unity/Runtime/Export/Scripting/StackTrace.cs:37)
UnityEngine.DebugLogHandler:LogFormat (UnityEngine.LogType,UnityEngine.Object,string,object[])
UnityEngine.Logger:Log (UnityEngine.LogType,object)
UnityEngine.Debug:Log (object)
ArgusUnity.Runtime.MiniBotHideAndSeekScenario:ResolveDesiredDirection (ArgusUnity.Runtime.MiniBotHideAndSeekScenario/WanderAgent,UnityEngine.Vector3) (at Assets/Project/Scripts/Runtime/MiniBotHideAndSeekScenario.cs:285)
ArgusUnity.Runtime.MiniBotHideAndSeekScenario:FixedUpdate () (at Assets/Project/Scripts/Runtime/MiniBotHideAndSeekScenario.cs:130)

(Filename: Assets/Project/Scripts/Runtime/MiniBotHideAndSeekScenario.cs Line: 285)

MiniBotHideAndSeekScenario: free-roam retarget Seeker 02 -> 0.73,0.56.
UnityEngine.StackTraceUtility:ExtractStackTrace () (at /Users/bokken/build/output/unity/unity/Runtime/Export/Scripting/StackTrace.cs:37)
UnityEngine.DebugLogHandler:LogFormat (UnityEngine.LogType,UnityEngine.Object,string,object[])
UnityEngine.Logger:Log (UnityEngine.LogType,object)
UnityEngine.Debug:Log (object)
ArgusUnity.Runtime.MiniBotHideAndSeekScenario:ResolveDesiredDirection (ArgusUnity.Runtime.MiniBotHideAndSeekScenario/WanderAgent,UnityEngine.Vector3) (at Assets/Project/Scripts/Runtime/MiniBotHideAndSeekScenario.cs:285)
ArgusUnity.Runtime.MiniBotHideAndSeekScenario:FixedUpdate () (at Assets/Project/Scripts/Runtime/MiniBotHideAndSeekScenario.cs:130)

(Filename: Assets/Project/Scripts/Runtime/MiniBotHideAndSeekScenario.cs Line: 285)

MiniBotHideAndSeekScenario: free-roam retarget Seeker 01 -> 2.19,0.08.
UnityEngine.StackTraceUtility:ExtractStackTrace () (at /Users/bokken/build/output/unity/unity/Runtime/Export/Scripting/StackTrace.cs:37)
UnityEngine.DebugLogHandler:LogFormat (UnityEngine.LogType,UnityEngine.Object,string,object[])
UnityEngine.Logger:Log (UnityEngine.LogType,object)
UnityEngine.Debug:Log (object)
ArgusUnity.Runtime.MiniBotHideAndSeekScenario:ResolveDesiredDirection (ArgusUnity.Runtime.MiniBotHideAndSeekScenario/WanderAgent,UnityEngine.Vector3) (at Assets/Project/Scripts/Runtime/MiniBotHideAndSeekScenario.cs:285)
ArgusUnity.Runtime.MiniBotHideAndSeekScenario:FixedUpdate () (at Assets/Project/Scripts/Runtime/MiniBotHideAndSeekScenario.cs:130)

(Filename: Assets/Project/Scripts/Runtime/MiniBotHideAndSeekScenario.cs Line: 285)

MiniBotHideAndSeekScenario: free-roam retarget Hider 01 -> -0.92,0.44.
UnityEngine.StackTraceUtility:ExtractStackTrace () (at /Users/bokken/build/output/unity/unity/Runtime/Export/Scripting/StackTrace.cs:37)
UnityEngine.DebugLogHandler:LogFormat (UnityEngine.LogType,UnityEngine.Object,string,object[])
UnityEngine.Logger:Log (UnityEngine.LogType,object)
UnityEngine.Debug:Log (object)
ArgusUnity.Runtime.MiniBotHideAndSeekScenario:ResolveDesiredDirection (ArgusUnity.Runtime.MiniBotHideAndSeekScenario/WanderAgent,UnityEngine.Vector3) (at Assets/Project/Scripts/Runtime/MiniBotHideAndSeekScenario.cs:285)
ArgusUnity.Runtime.MiniBotHideAndSeekScenario:FixedUpdate () (at Assets/Project/Scripts/Runtime/MiniBotHideAndSeekScenario.cs:130)

(Filename: Assets/Project/Scripts/Runtime/MiniBotHideAndSeekScenario.cs Line: 285)

MiniBotHideAndSeekScenario: free-roam retarget Hider 01 -> 0.46,-0.27.
UnityEngine.StackTraceUtility:ExtractStackTrace () (at /Users/bokken/build/output/unity/unity/Runtime/Export/Scripting/StackTrace.cs:37)
UnityEngine.DebugLogHandler:LogFormat (UnityEngine.LogType,UnityEngine.Object,string,object[])
UnityEngine.Logger:Log (UnityEngine.LogType,object)
UnityEngine.Debug:Log (object)
ArgusUnity.Runtime.MiniBotHideAndSeekScenario:ResolveDesiredDirection (ArgusUnity.Runtime.MiniBotHideAndSeekScenario/WanderAgent,UnityEngine.Vector3) (at Assets/Project/Scripts/Runtime/MiniBotHideAndSeekScenario.cs:285)
ArgusUnity.Runtime.MiniBotHideAndSeekScenario:FixedUpdate () (at Assets/Project/Scripts/Runtime/MiniBotHideAndSeekScenario.cs:130)

(Filename: Assets/Project/Scripts/Runtime/MiniBotHideAndSeekScenario.cs Line: 285)

MiniBotHideAndSeekScenario: free-roam retarget Seeker 01 -> 0.52,-0.33.
UnityEngine.StackTraceUtility:ExtractStackTrace () (at /Users/bokken/build/output/unity/unity/Runtime/Export/Scripting/StackTrace.cs:37)
UnityEngine.DebugLogHandler:LogFormat (UnityEngine.LogType,UnityEngine.Object,string,object[])
UnityEngine.Logger:Log (UnityEngine.LogType,object)
UnityEngine.Debug:Log (object)
ArgusUnity.Runtime.MiniBotHideAndSeekScenario:ResolveDesiredDirection (ArgusUnity.Runtime.MiniBotHideAndSeekScenario/WanderAgent,UnityEngine.Vector3) (at Assets/Project/Scripts/Runtime/MiniBotHideAndSeekScenario.cs:285)
ArgusUnity.Runtime.MiniBotHideAndSeekScenario:FixedUpdate () (at Assets/Project/Scripts/Runtime/MiniBotHideAndSeekScenario.cs:130)

(Filename: Assets/Project/Scripts/Runtime/MiniBotHideAndSeekScenario.cs Line: 285)

MiniBotHideAndSeekScenario: free-roam retarget Seeker 01 -> 0.50,0.34.
UnityEngine.StackTraceUtility:ExtractStackTrace () (at /Users/bokken/build/output/unity/unity/Runtime/Export/Scripting/StackTrace.cs:37)
UnityEngine.DebugLogHandler:LogFormat (UnityEngine.LogType,UnityEngine.Object,string,object[])
UnityEngine.Logger:Log (UnityEngine.LogType,object)
UnityEngine.Debug:Log (object)
ArgusUnity.Runtime.MiniBotHideAndSeekScenario:ResolveDesiredDirection (ArgusUnity.Runtime.MiniBotHideAndSeekScenario/WanderAgent,UnityEngine.Vector3) (at Assets/Project/Scripts/Runtime/MiniBotHideAndSeekScenario.cs:285)
ArgusUnity.Runtime.MiniBotHideAndSeekScenario:FixedUpdate () (at Assets/Project/Scripts/Runtime/MiniBotHideAndSeekScenario.cs:130)

(Filename: Assets/Project/Scripts/Runtime/MiniBotHideAndSeekScenario.cs Line: 285)

MiniBotHideAndSeekScenario: free-roam retarget Hider 01 -> -0.79,-0.54.
UnityEngine.StackTraceUtility:ExtractStackTrace () (at /Users/bokken/build/output/unity/unity/Runtime/Export/Scripting/StackTrace.cs:37)
UnityEngine.DebugLogHandler:LogFormat (UnityEngine.LogType,UnityEngine.Object,string,object[])
UnityEngine.Logger:Log (UnityEngine.LogType,object)
UnityEngine.Debug:Log (object)
ArgusUnity.Runtime.MiniBotHideAndSeekScenario:ResolveDesiredDirection (ArgusUnity.Runtime.MiniBotHideAndSeekScenario/WanderAgent,UnityEngine.Vector3) (at Assets/Project/Scripts/Runtime/MiniBotHideAndSeekScenario.cs:285)
ArgusUnity.Runtime.MiniBotHideAndSeekScenario:FixedUpdate () (at Assets/Project/Scripts/Runtime/MiniBotHideAndSeekScenario.cs:130)

(Filename: Assets/Project/Scripts/Runtime/MiniBotHideAndSeekScenario.cs Line: 285)

MiniBotHideAndSeekScenario: free-roam retarget Seeker 01 -> -2.05,-0.03.
UnityEngine.StackTraceUtility:ExtractStackTrace () (at /Users/bokken/build/output/unity/unity/Runtime/Export/Scripting/StackTrace.cs:37)
UnityEngine.DebugLogHandler:LogFormat (UnityEngine.LogType,UnityEngine.Object,string,object[])
UnityEngine.Logger:Log (UnityEngine.LogType,object)
UnityEngine.Debug:Log (object)
ArgusUnity.Runtime.MiniBotHideAndSeekScenario:ResolveDesiredDirection (ArgusUnity.Runtime.MiniBotHideAndSeekScenario/WanderAgent,UnityEngine.Vector3) (at Assets/Project/Scripts/Runtime/MiniBotHideAndSeekScenario.cs:285)
ArgusUnity.Runtime.MiniBotHideAndSeekScenario:FixedUpdate () (at Assets/Project/Scripts/Runtime/MiniBotHideAndSeekScenario.cs:130)

(Filename: Assets/Project/Scripts/Runtime/MiniBotHideAndSeekScenario.cs Line: 285)

MiniBotHideAndSeekScenario: free-roam retarget Seeker 01 -> -1.11,0.14.
UnityEngine.StackTraceUtility:ExtractStackTrace () (at /Users/bokken/build/output/unity/unity/Runtime/Export/Scripting/StackTrace.cs:37)
UnityEngine.DebugLogHandler:LogFormat (UnityEngine.LogType,UnityEngine.Object,string,object[])
UnityEngine.Logger:Log (UnityEngine.LogType,object)
UnityEngine.Debug:Log (object)
ArgusUnity.Runtime.MiniBotHideAndSeekScenario:ResolveDesiredDirection (ArgusUnity.Runtime.MiniBotHideAndSeekScenario/WanderAgent,UnityEngine.Vector3) (at Assets/Project/Scripts/Runtime/MiniBotHideAndSeekScenario.cs:285)
ArgusUnity.Runtime.MiniBotHideAndSeekScenario:FixedUpdate () (at Assets/Project/Scripts/Runtime/MiniBotHideAndSeekScenario.cs:130)

(Filename: Assets/Project/Scripts/Runtime/MiniBotHideAndSeekScenario.cs Line: 285)

Asset Pipeline Refresh (id=4cc76bf02305a49d0a3264b465be556a): Total: 0.788 seconds - Initiated by RefreshV2(NoUpdateAssetOptions)
	Summary:
		Imports: total=0 (actual=0, local cache=0, cache server=0)
		Asset DB Process Time: managed=0 ms, native=787 ms
		Asset DB Callback time: managed=0 ms, native=0 ms
		Scripting: domain reloads=0, domain reload time=0 ms, compile time=0 ms, other=0 ms
		Project Asset Count: scripts=3121, non-scripts=1540
		Asset File Changes: new=0, changed=0, moved=0, deleted=0
		Scan Filter Count: 1
	InvokeBeforeRefreshCallbacks: 0.001ms
	ApplyChangesToAssetFolders: 0.863ms
	Scan: 725.454ms
	GatherAllCurrentPrimaryArtifactRevisions: 9.994ms
	UnloadStreamsBegin: 4.829ms
	UnloadStreamsEnd: 0.066ms
	Untracked: 46.388ms
MiniBotKeyboardController: keyboard control active for red test mini-bot.
UnityEngine.StackTraceUtility:ExtractStackTrace () (at /Users/bokken/build/output/unity/unity/Runtime/Export/Scripting/StackTrace.cs:37)
UnityEngine.DebugLogHandler:LogFormat (UnityEngine.LogType,UnityEngine.Object,string,object[])
UnityEngine.Logger:Log (UnityEngine.LogType,object)
UnityEngine.Debug:Log (object)
ArgusUnity.Runtime.MiniBotKeyboardController:FixedUpdate () (at Assets/Project/Scripts/Runtime/MiniBotKeyboardController.cs:61)

(Filename: Assets/Project/Scripts/Runtime/MiniBotKeyboardController.cs Line: 61)

AgentLocomotionDriver: run-style animation active state=LocomotionBlendTree, source=Walking-2.fbx, clip=Walk_InPlace, speed=0.36, quarantined=Running.fbx, controller=MiniBotLocomotion.
UnityEngine.StackTraceUtility:ExtractStackTrace () (at /Users/bokken/build/output/unity/unity/Runtime/Export/Scripting/StackTrace.cs:37)
UnityEngine.DebugLogHandler:LogFormat (UnityEngine.LogType,UnityEngine.Object,string,object[])
UnityEngine.Logger:Log (UnityEngine.LogType,object)
UnityEngine.Debug:Log (object)
ArgusUnity.Runtime.AgentLocomotionDriver:LogLocomotionSource () (at Assets/Project/Scripts/Runtime/AgentLocomotionDriver.cs:260)
ArgusUnity.Runtime.AgentLocomotionDriver:LateUpdate () (at Assets/Project/Scripts/Runtime/AgentLocomotionDriver.cs:127)

(Filename: Assets/Project/Scripts/Runtime/AgentLocomotionDriver.cs Line: 260)

AgentLocomotionDriver: briefcase-left turn animation active state=LocomotionBlendTree, source=Left Turn W_Briefcase.fbx, clip=TurnLeft_Briefcase, turn=-0.31, speed=0.12, turnRate=0.0, headingDelta=-27.5.
UnityEngine.StackTraceUtility:ExtractStackTrace () (at /Users/bokken/build/output/unity/unity/Runtime/Export/Scripting/StackTrace.cs:37)
UnityEngine.DebugLogHandler:LogFormat (UnityEngine.LogType,UnityEngine.Object,string,object[])
UnityEngine.Logger:Log (UnityEngine.LogType,object)
UnityEngine.Debug:Log (object)
ArgusUnity.Runtime.AgentLocomotionDriver:LogLocomotionSource () (at Assets/Project/Scripts/Runtime/AgentLocomotionDriver.cs:229)
ArgusUnity.Runtime.AgentLocomotionDriver:LateUpdate () (at Assets/Project/Scripts/Runtime/AgentLocomotionDriver.cs:127)

(Filename: Assets/Project/Scripts/Runtime/AgentLocomotionDriver.cs Line: 229)

MiniBotHideAndSeekScenario: free-roam retarget Seeker 02 -> -0.48,-0.09.
UnityEngine.StackTraceUtility:ExtractStackTrace () (at /Users/bokken/build/output/unity/unity/Runtime/Export/Scripting/StackTrace.cs:37)
UnityEngine.DebugLogHandler:LogFormat (UnityEngine.LogType,UnityEngine.Object,string,object[])
UnityEngine.Logger:Log (UnityEngine.LogType,object)
UnityEngine.Debug:Log (object)
ArgusUnity.Runtime.MiniBotHideAndSeekScenario:ResolveDesiredDirection (ArgusUnity.Runtime.MiniBotHideAndSeekScenario/WanderAgent,UnityEngine.Vector3) (at Assets/Project/Scripts/Runtime/MiniBotHideAndSeekScenario.cs:285)
ArgusUnity.Runtime.MiniBotHideAndSeekScenario:FixedUpdate () (at Assets/Project/Scripts/Runtime/MiniBotHideAndSeekScenario.cs:130)

(Filename: Assets/Project/Scripts/Runtime/MiniBotHideAndSeekScenario.cs Line: 285)

MiniBotHideAndSeekScenario: free-roam retarget Seeker 01 -> 1.83,-0.43.
UnityEngine.StackTraceUtility:ExtractStackTrace () (at /Users/bokken/build/output/unity/unity/Runtime/Export/Scripting/StackTrace.cs:37)
UnityEngine.DebugLogHandler:LogFormat (UnityEngine.LogType,UnityEngine.Object,string,object[])
UnityEngine.Logger:Log (UnityEngine.LogType,object)
UnityEngine.Debug:Log (object)
ArgusUnity.Runtime.MiniBotHideAndSeekScenario:ResolveDesiredDirection (ArgusUnity.Runtime.MiniBotHideAndSeekScenario/WanderAgent,UnityEngine.Vector3) (at Assets/Project/Scripts/Runtime/MiniBotHideAndSeekScenario.cs:285)
ArgusUnity.Runtime.MiniBotHideAndSeekScenario:FixedUpdate () (at Assets/Project/Scripts/Runtime/MiniBotHideAndSeekScenario.cs:130)

(Filename: Assets/Project/Scripts/Runtime/MiniBotHideAndSeekScenario.cs Line: 285)

MiniBotHideAndSeekScenario: free-roam retarget Seeker 01 -> 1.65,-0.27.
UnityEngine.StackTraceUtility:ExtractStackTrace () (at /Users/bokken/build/output/unity/unity/Runtime/Export/Scripting/StackTrace.cs:37)
UnityEngine.DebugLogHandler:LogFormat (UnityEngine.LogType,UnityEngine.Object,string,object[])
UnityEngine.Logger:Log (UnityEngine.LogType,object)
UnityEngine.Debug:Log (object)
ArgusUnity.Runtime.MiniBotHideAndSeekScenario:ResolveDesiredDirection (ArgusUnity.Runtime.MiniBotHideAndSeekScenario/WanderAgent,UnityEngine.Vector3) (at Assets/Project/Scripts/Runtime/MiniBotHideAndSeekScenario.cs:285)
ArgusUnity.Runtime.MiniBotHideAndSeekScenario:FixedUpdate () (at Assets/Project/Scripts/Runtime/MiniBotHideAndSeekScenario.cs:130)

(Filename: Assets/Project/Scripts/Runtime/MiniBotHideAndSeekScenario.cs Line: 285)

MiniBotHideAndSeekScenario: free-roam retarget Seeker 02 -> 1.73,-0.55.
UnityEngine.StackTraceUtility:ExtractStackTrace () (at /Users/bokken/build/output/unity/unity/Runtime/Export/Scripting/StackTrace.cs:37)
UnityEngine.DebugLogHandler:LogFormat (UnityEngine.LogType,UnityEngine.Object,string,object[])
UnityEngine.Logger:Log (UnityEngine.LogType,object)
UnityEngine.Debug:Log (object)
ArgusUnity.Runtime.MiniBotHideAndSeekScenario:ResolveDesiredDirection (ArgusUnity.Runtime.MiniBotHideAndSeekScenario/WanderAgent,UnityEngine.Vector3) (at Assets/Project/Scripts/Runtime/MiniBotHideAndSeekScenario.cs:285)
ArgusUnity.Runtime.MiniBotHideAndSeekScenario:FixedUpdate () (at Assets/Project/Scripts/Runtime/MiniBotHideAndSeekScenario.cs:130)

(Filename: Assets/Project/Scripts/Runtime/MiniBotHideAndSeekScenario.cs Line: 285)

MiniBotHideAndSeekScenario: free-roam retarget Seeker 01 -> 0.82,0.49.
UnityEngine.StackTraceUtility:ExtractStackTrace () (at /Users/bokken/build/output/unity/unity/Runtime/Export/Scripting/StackTrace.cs:37)
UnityEngine.DebugLogHandler:LogFormat (UnityEngine.LogType,UnityEngine.Object,string,object[])
UnityEngine.Logger:Log (UnityEngine.LogType,object)
UnityEngine.Debug:Log (object)
ArgusUnity.Runtime.MiniBotHideAndSeekScenario:ResolveDesiredDirection (ArgusUnity.Runtime.MiniBotHideAndSeekScenario/WanderAgent,UnityEngine.Vector3) (at Assets/Project/Scripts/Runtime/MiniBotHideAndSeekScenario.cs:285)
ArgusUnity.Runtime.MiniBotHideAndSeekScenario:FixedUpdate () (at Assets/Project/Scripts/Runtime/MiniBotHideAndSeekScenario.cs:130)

(Filename: Assets/Project/Scripts/Runtime/MiniBotHideAndSeekScenario.cs Line: 285)

MiniBotHideAndSeekScenario: free-roam retarget Hider 01 -> -1.04,0.10.
UnityEngine.StackTraceUtility:ExtractStackTrace () (at /Users/bokken/build/output/unity/unity/Runtime/Export/Scripting/StackTrace.cs:37)
UnityEngine.DebugLogHandler:LogFormat (UnityEngine.LogType,UnityEngine.Object,string,object[])
UnityEngine.Logger:Log (UnityEngine.LogType,object)
UnityEngine.Debug:Log (object)
ArgusUnity.Runtime.MiniBotHideAndSeekScenario:ResolveDesiredDirection (ArgusUnity.Runtime.MiniBotHideAndSeekScenario/WanderAgent,UnityEngine.Vector3) (at Assets/Project/Scripts/Runtime/MiniBotHideAndSeekScenario.cs:285)
ArgusUnity.Runtime.MiniBotHideAndSeekScenario:FixedUpdate () (at Assets/Project/Scripts/Runtime/MiniBotHideAndSeekScenario.cs:130)

(Filename: Assets/Project/Scripts/Runtime/MiniBotHideAndSeekScenario.cs Line: 285)

MiniBotHideAndSeekScenario: free-roam retarget Seeker 02 -> 0.40,-0.07.
UnityEngine.StackTraceUtility:ExtractStackTrace () (at /Users/bokken/build/output/unity/unity/Runtime/Export/Scripting/StackTrace.cs:37)
UnityEngine.DebugLogHandler:LogFormat (UnityEngine.LogType,UnityEngine.Object,string,object[])
UnityEngine.Logger:Log (UnityEngine.LogType,object)
UnityEngine.Debug:Log (object)
ArgusUnity.Runtime.MiniBotHideAndSeekScenario:ResolveDesiredDirection (ArgusUnity.Runtime.MiniBotHideAndSeekScenario/WanderAgent,UnityEngine.Vector3) (at Assets/Project/Scripts/Runtime/MiniBotHideAndSeekScenario.cs:285)
ArgusUnity.Runtime.MiniBotHideAndSeekScenario:FixedUpdate () (at Assets/Project/Scripts/Runtime/MiniBotHideAndSeekScenario.cs:130)

(Filename: Assets/Project/Scripts/Runtime/MiniBotHideAndSeekScenario.cs Line: 285)

MiniBotHideAndSeekScenario: free-roam retarget Hider 01 -> -0.40,-0.29.
UnityEngine.StackTraceUtility:ExtractStackTrace () (at /Users/bokken/build/output/unity/unity/Runtime/Export/Scripting/StackTrace.cs:37)
UnityEngine.DebugLogHandler:LogFormat (UnityEngine.LogType,UnityEngine.Object,string,object[])
UnityEngine.Logger:Log (UnityEngine.LogType,object)
UnityEngine.Debug:Log (object)
ArgusUnity.Runtime.MiniBotHideAndSeekScenario:ResolveDesiredDirection (ArgusUnity.Runtime.MiniBotHideAndSeekScenario/WanderAgent,UnityEngine.Vector3) (at Assets/Project/Scripts/Runtime/MiniBotHideAndSeekScenario.cs:285)
ArgusUnity.Runtime.MiniBotHideAndSeekScenario:FixedUpdate () (at Assets/Project/Scripts/Runtime/MiniBotHideAndSeekScenario.cs:130)

(Filename: Assets/Project/Scripts/Runtime/MiniBotHideAndSeekScenario.cs Line: 285)

MiniBotHideAndSeekScenario: free-roam retarget Seeker 01 -> 0.27,-0.05.
UnityEngine.StackTraceUtility:ExtractStackTrace () (at /Users/bokken/build/output/unity/unity/Runtime/Export/Scripting/StackTrace.cs:37)
UnityEngine.DebugLogHandler:LogFormat (UnityEngine.LogType,UnityEngine.Object,string,object[])
UnityEngine.Logger:Log (UnityEngine.LogType,object)
UnityEngine.Debug:Log (object)
ArgusUnity.Runtime.MiniBotHideAndSeekScenario:ResolveDesiredDirection (ArgusUnity.Runtime.MiniBotHideAndSeekScenario/WanderAgent,UnityEngine.Vector3) (at Assets/Project/Scripts/Runtime/MiniBotHideAndSeekScenario.cs:285)
ArgusUnity.Runtime.MiniBotHideAndSeekScenario:FixedUpdate () (at Assets/Project/Scripts/Runtime/MiniBotHideAndSeekScenario.cs:130)

(Filename: Assets/Project/Scripts/Runtime/MiniBotHideAndSeekScenario.cs Line: 285)

MiniBotHideAndSeekScenario: free-roam retarget Seeker 01 -> 0.54,-0.03.
UnityEngine.StackTraceUtility:ExtractStackTrace () (at /Users/bokken/build/output/unity/unity/Runtime/Export/Scripting/StackTrace.cs:37)
UnityEngine.DebugLogHandler:LogFormat (UnityEngine.LogType,UnityEngine.Object,string,object[])
UnityEngine.Logger:Log (UnityEngine.LogType,object)
UnityEngine.Debug:Log (object)
ArgusUnity.Runtime.MiniBotHideAndSeekScenario:ResolveDesiredDirection (ArgusUnity.Runtime.MiniBotHideAndSeekScenario/WanderAgent,UnityEngine.Vector3) (at Assets/Project/Scripts/Runtime/MiniBotHideAndSeekScenario.cs:285)
ArgusUnity.Runtime.MiniBotHideAndSeekScenario:FixedUpdate () (at Assets/Project/Scripts/Runtime/MiniBotHideAndSeekScenario.cs:130)

(Filename: Assets/Project/Scripts/Runtime/MiniBotHideAndSeekScenario.cs Line: 285)

MiniBotHideAndSeekScenario: free-roam retarget Seeker 02 -> -1.18,-0.54.
UnityEngine.StackTraceUtility:ExtractStackTrace () (at /Users/bokken/build/output/unity/unity/Runtime/Export/Scripting/StackTrace.cs:37)
UnityEngine.DebugLogHandler:LogFormat (UnityEngine.LogType,UnityEngine.Object,string,object[])
UnityEngine.Logger:Log (UnityEngine.LogType,object)
UnityEngine.Debug:Log (object)
ArgusUnity.Runtime.MiniBotHideAndSeekScenario:ResolveDesiredDirection (ArgusUnity.Runtime.MiniBotHideAndSeekScenario/WanderAgent,UnityEngine.Vector3) (at Assets/Project/Scripts/Runtime/MiniBotHideAndSeekScenario.cs:285)
ArgusUnity.Runtime.MiniBotHideAndSeekScenario:FixedUpdate () (at Assets/Project/Scripts/Runtime/MiniBotHideAndSeekScenario.cs:130)

(Filename: Assets/Project/Scripts/Runtime/MiniBotHideAndSeekScenario.cs Line: 285)

MiniBotHideAndSeekScenario: free-roam retarget Seeker 01 -> -2.20,-0.19.
UnityEngine.StackTraceUtility:ExtractStackTrace () (at /Users/bokken/build/output/unity/unity/Runtime/Export/Scripting/StackTrace.cs:37)
UnityEngine.DebugLogHandler:LogFormat (UnityEngine.LogType,UnityEngine.Object,string,object[])
UnityEngine.Logger:Log (UnityEngine.LogType,object)
UnityEngine.Debug:Log (object)
ArgusUnity.Runtime.MiniBotHideAndSeekScenario:ResolveDesiredDirection (ArgusUnity.Runtime.MiniBotHideAndSeekScenario/WanderAgent,UnityEngine.Vector3) (at Assets/Project/Scripts/Runtime/MiniBotHideAndSeekScenario.cs:285)
ArgusUnity.Runtime.MiniBotHideAndSeekScenario:FixedUpdate () (at Assets/Project/Scripts/Runtime/MiniBotHideAndSeekScenario.cs:130)

(Filename: Assets/Project/Scripts/Runtime/MiniBotHideAndSeekScenario.cs Line: 285)

MiniBotHideAndSeekScenario: free-roam retarget Seeker 01 -> -0.63,-0.22.
UnityEngine.StackTraceUtility:ExtractStackTrace () (at /Users/bokken/build/output/unity/unity/Runtime/Export/Scripting/StackTrace.cs:37)
UnityEngine.DebugLogHandler:LogFormat (UnityEngine.LogType,UnityEngine.Object,string,object[])
UnityEngine.Logger:Log (UnityEngine.LogType,object)
UnityEngine.Debug:Log (object)
ArgusUnity.Runtime.MiniBotHideAndSeekScenario:ResolveDesiredDirection (ArgusUnity.Runtime.MiniBotHideAndSeekScenario/WanderAgent,UnityEngine.Vector3) (at Assets/Project/Scripts/Runtime/MiniBotHideAndSeekScenario.cs:285)
ArgusUnity.Runtime.MiniBotHideAndSeekScenario:FixedUpdate () (at Assets/Project/Scripts/Runtime/MiniBotHideAndSeekScenario.cs:130)

(Filename: Assets/Project/Scripts/Runtime/MiniBotHideAndSeekScenario.cs Line: 285)

MiniBotHideAndSeekScenario: free-roam retarget Seeker 01 -> -0.59,-0.37.
UnityEngine.StackTraceUtility:ExtractStackTrace () (at /Users/bokken/build/output/unity/unity/Runtime/Export/Scripting/StackTrace.cs:37)
UnityEngine.DebugLogHandler:LogFormat (UnityEngine.LogType,UnityEngine.Object,string,object[])
UnityEngine.Logger:Log (UnityEngine.LogType,object)
UnityEngine.Debug:Log (object)
ArgusUnity.Runtime.MiniBotHideAndSeekScenario:ResolveDesiredDirection (ArgusUnity.Runtime.MiniBotHideAndSeekScenario/WanderAgent,UnityEngine.Vector3) (at Assets/Project/Scripts/Runtime/MiniBotHideAndSeekScenario.cs:285)
ArgusUnity.Runtime.MiniBotHideAndSeekScenario:FixedUpdate () (at Assets/Project/Scripts/Runtime/MiniBotHideAndSeekScenario.cs:130)

(Filename: Assets/Project/Scripts/Runtime/MiniBotHideAndSeekScenario.cs Line: 285)

MiniBotHideAndSeekScenario: free-roam retarget Seeker 01 -> -1.27,0.17.
UnityEngine.StackTraceUtility:ExtractStackTrace () (at /Users/bokken/build/output/unity/unity/Runtime/Export/Scripting/StackTrace.cs:37)
UnityEngine.DebugLogHandler:LogFormat (UnityEngine.LogType,UnityEngine.Object,string,object[])
UnityEngine.Logger:Log (UnityEngine.LogType,object)
UnityEngine.Debug:Log (object)
ArgusUnity.Runtime.MiniBotHideAndSeekScenario:ResolveDesiredDirection (ArgusUnity.Runtime.MiniBotHideAndSeekScenario/WanderAgent,UnityEngine.Vector3) (at Assets/Project/Scripts/Runtime/MiniBotHideAndSeekScenario.cs:285)
ArgusUnity.Runtime.MiniBotHideAndSeekScenario:FixedUpdate () (at Assets/Project/Scripts/Runtime/MiniBotHideAndSeekScenario.cs:130)

(Filename: Assets/Project/Scripts/Runtime/MiniBotHideAndSeekScenario.cs Line: 285)

MiniBotHideAndSeekScenario: free-roam retarget Hider 01 -> 1.25,0.16.
UnityEngine.StackTraceUtility:ExtractStackTrace () (at /Users/bokken/build/output/unity/unity/Runtime/Export/Scripting/StackTrace.cs:37)
UnityEngine.DebugLogHandler:LogFormat (UnityEngine.LogType,UnityEngine.Object,string,object[])
UnityEngine.Logger:Log (UnityEngine.LogType,object)
UnityEngine.Debug:Log (object)
ArgusUnity.Runtime.MiniBotHideAndSeekScenario:ResolveDesiredDirection (ArgusUnity.Runtime.MiniBotHideAndSeekScenario/WanderAgent,UnityEngine.Vector3) (at Assets/Project/Scripts/Runtime/MiniBotHideAndSeekScenario.cs:285)
ArgusUnity.Runtime.MiniBotHideAndSeekScenario:FixedUpdate () (at Assets/Project/Scripts/Runtime/MiniBotHideAndSeekScenario.cs:130)

(Filename: Assets/Project/Scripts/Runtime/MiniBotHideAndSeekScenario.cs Line: 285)

MiniBotHideAndSeekScenario: free-roam retarget Hider 01 -> -2.13,-0.19.
UnityEngine.StackTraceUtility:ExtractStackTrace () (at /Users/bokken/build/output/unity/unity/Runtime/Export/Scripting/StackTrace.cs:37)
UnityEngine.DebugLogHandler:LogFormat (UnityEngine.LogType,UnityEngine.Object,string,object[])
UnityEngine.Logger:Log (UnityEngine.LogType,object)
UnityEngine.Debug:Log (object)
ArgusUnity.Runtime.MiniBotHideAndSeekScenario:ResolveDesiredDirection (ArgusUnity.Runtime.MiniBotHideAndSeekScenario/WanderAgent,UnityEngine.Vector3) (at Assets/Project/Scripts/Runtime/MiniBotHideAndSeekScenario.cs:285)
ArgusUnity.Runtime.MiniBotHideAndSeekScenario:FixedUpdate () (at Assets/Project/Scripts/Runtime/MiniBotHideAndSeekScenario.cs:130)

(Filename: Assets/Project/Scripts/Runtime/MiniBotHideAndSeekScenario.cs Line: 285)

MiniBotHideAndSeekScenario: free-roam retarget Seeker 01 -> 0.32,0.04.
UnityEngine.StackTraceUtility:ExtractStackTrace () (at /Users/bokken/build/output/unity/unity/Runtime/Export/Scripting/StackTrace.cs:37)
UnityEngine.DebugLogHandler:LogFormat (UnityEngine.LogType,UnityEngine.Object,string,object[])
UnityEngine.Logger:Log (UnityEngine.LogType,object)
UnityEngine.Debug:Log (object)
ArgusUnity.Runtime.MiniBotHideAndSeekScenario:ResolveDesiredDirection (ArgusUnity.Runtime.MiniBotHideAndSeekScenario/WanderAgent,UnityEngine.Vector3) (at Assets/Project/Scripts/Runtime/MiniBotHideAndSeekScenario.cs:285)
ArgusUnity.Runtime.MiniBotHideAndSeekScenario:FixedUpdate () (at Assets/Project/Scripts/Runtime/MiniBotHideAndSeekScenario.cs:130)

(Filename: Assets/Project/Scripts/Runtime/MiniBotHideAndSeekScenario.cs Line: 285)

MiniBotHideAndSeekScenario: free-roam retarget Seeker 02 -> -0.44,-0.12.
UnityEngine.StackTraceUtility:ExtractStackTrace () (at /Users/bokken/build/output/unity/unity/Runtime/Export/Scripting/StackTrace.cs:37)
UnityEngine.DebugLogHandler:LogFormat (UnityEngine.LogType,UnityEngine.Object,string,object[])
UnityEngine.Logger:Log (UnityEngine.LogType,object)
UnityEngine.Debug:Log (object)
ArgusUnity.Runtime.MiniBotHideAndSeekScenario:ResolveDesiredDirection (ArgusUnity.Runtime.MiniBotHideAndSeekScenario/WanderAgent,UnityEngine.Vector3) (at Assets/Project/Scripts/Runtime/MiniBotHideAndSeekScenario.cs:285)
ArgusUnity.Runtime.MiniBotHideAndSeekScenario:FixedUpdate () (at Assets/Project/Scripts/Runtime/MiniBotHideAndSeekScenario.cs:130)

(Filename: Assets/Project/Scripts/Runtime/MiniBotHideAndSeekScenario.cs Line: 285)

MiniBotHideAndSeekScenario: free-roam retarget Seeker 01 -> 0.14,-0.14.
UnityEngine.StackTraceUtility:ExtractStackTrace () (at /Users/bokken/build/output/unity/unity/Runtime/Export/Scripting/StackTrace.cs:37)
UnityEngine.DebugLogHandler:LogFormat (UnityEngine.LogType,UnityEngine.Object,string,object[])
UnityEngine.Logger:Log (UnityEngine.LogType,object)
UnityEngine.Debug:Log (object)
ArgusUnity.Runtime.MiniBotHideAndSeekScenario:ResolveDesiredDirection (ArgusUnity.Runtime.MiniBotHideAndSeekScenario/WanderAgent,UnityEngine.Vector3) (at Assets/Project/Scripts/Runtime/MiniBotHideAndSeekScenario.cs:285)
ArgusUnity.Runtime.MiniBotHideAndSeekScenario:FixedUpdate () (at Assets/Project/Scripts/Runtime/MiniBotHideAndSeekScenario.cs:130)

(Filename: Assets/Project/Scripts/Runtime/MiniBotHideAndSeekScenario.cs Line: 285)

MiniBotHideAndSeekScenario: free-roam retarget Seeker 01 -> 1.98,-0.06.
UnityEngine.StackTraceUtility:ExtractStackTrace () (at /Users/bokken/build/output/unity/unity/Runtime/Export/Scripting/StackTrace.cs:37)
UnityEngine.DebugLogHandler:LogFormat (UnityEngine.LogType,UnityEngine.Object,string,object[])
UnityEngine.Logger:Log (UnityEngine.LogType,object)
UnityEngine.Debug:Log (object)
ArgusUnity.Runtime.MiniBotHideAndSeekScenario:ResolveDesiredDirection (ArgusUnity.Runtime.MiniBotHideAndSeekScenario/WanderAgent,UnityEngine.Vector3) (at Assets/Project/Scripts/Runtime/MiniBotHideAndSeekScenario.cs:285)
ArgusUnity.Runtime.MiniBotHideAndSeekScenario:FixedUpdate () (at Assets/Project/Scripts/Runtime/MiniBotHideAndSeekScenario.cs:130)

(Filename: Assets/Project/Scripts/Runtime/MiniBotHideAndSeekScenario.cs Line: 285)

MiniBotHideAndSeekScenario: free-roam retarget Seeker 02 -> 0.65,0.31.
UnityEngine.StackTraceUtility:ExtractStackTrace () (at /Users/bokken/build/output/unity/unity/Runtime/Export/Scripting/StackTrace.cs:37)
UnityEngine.DebugLogHandler:LogFormat (UnityEngine.LogType,UnityEngine.Object,string,object[])
UnityEngine.Logger:Log (UnityEngine.LogType,object)
UnityEngine.Debug:Log (object)
ArgusUnity.Runtime.MiniBotHideAndSeekScenario:ResolveDesiredDirection (ArgusUnity.Runtime.MiniBotHideAndSeekScenario/WanderAgent,UnityEngine.Vector3) (at Assets/Project/Scripts/Runtime/MiniBotHideAndSeekScenario.cs:285)
ArgusUnity.Runtime.MiniBotHideAndSeekScenario:FixedUpdate () (at Assets/Project/Scripts/Runtime/MiniBotHideAndSeekScenario.cs:130)

(Filename: Assets/Project/Scripts/Runtime/MiniBotHideAndSeekScenario.cs Line: 285)

MiniBotHideAndSeekScenario: free-roam retarget Seeker 02 -> 1.76,0.52.
UnityEngine.StackTraceUtility:ExtractStackTrace () (at /Users/bokken/build/output/unity/unity/Runtime/Export/Scripting/StackTrace.cs:37)
UnityEngine.DebugLogHandler:LogFormat (UnityEngine.LogType,UnityEngine.Object,string,object[])
UnityEngine.Logger:Log (UnityEngine.LogType,object)
UnityEngine.Debug:Log (object)
ArgusUnity.Runtime.MiniBotHideAndSeekScenario:ResolveDesiredDirection (ArgusUnity.Runtime.MiniBotHideAndSeekScenario/WanderAgent,UnityEngine.Vector3) (at Assets/Project/Scripts/Runtime/MiniBotHideAndSeekScenario.cs:285)
ArgusUnity.Runtime.MiniBotHideAndSeekScenario:FixedUpdate () (at Assets/Project/Scripts/Runtime/MiniBotHideAndSeekScenario.cs:130)

(Filename: Assets/Project/Scripts/Runtime/MiniBotHideAndSeekScenario.cs Line: 285)

MiniBotHideAndSeekScenario: free-roam retarget Seeker 02 -> -1.59,0.14.
UnityEngine.StackTraceUtility:ExtractStackTrace () (at /Users/bokken/build/output/unity/unity/Runtime/Export/Scripting/StackTrace.cs:37)
UnityEngine.DebugLogHandler:LogFormat (UnityEngine.LogType,UnityEngine.Object,string,object[])
UnityEngine.Logger:Log (UnityEngine.LogType,object)
UnityEngine.Debug:Log (object)
ArgusUnity.Runtime.MiniBotHideAndSeekScenario:ResolveDesiredDirection (ArgusUnity.Runtime.MiniBotHideAndSeekScenario/WanderAgent,UnityEngine.Vector3) (at Assets/Project/Scripts/Runtime/MiniBotHideAndSeekScenario.cs:285)
ArgusUnity.Runtime.MiniBotHideAndSeekScenario:FixedUpdate () (at Assets/Project/Scripts/Runtime/MiniBotHideAndSeekScenario.cs:130)

(Filename: Assets/Project/Scripts/Runtime/MiniBotHideAndSeekScenario.cs Line: 285)

MiniBotHideAndSeekScenario: free-roam retarget Seeker 02 -> 2.17,0.36.
UnityEngine.StackTraceUtility:ExtractStackTrace () (at /Users/bokken/build/output/unity/unity/Runtime/Export/Scripting/StackTrace.cs:37)
UnityEngine.DebugLogHandler:LogFormat (UnityEngine.LogType,UnityEngine.Object,string,object[])
UnityEngine.Logger:Log (UnityEngine.LogType,object)
UnityEngine.Debug:Log (object)
ArgusUnity.Runtime.MiniBotHideAndSeekScenario:ResolveDesiredDirection (ArgusUnity.Runtime.MiniBotHideAndSeekScenario/WanderAgent,UnityEngine.Vector3) (at Assets/Project/Scripts/Runtime/MiniBotHideAndSeekScenario.cs:285)
ArgusUnity.Runtime.MiniBotHideAndSeekScenario:FixedUpdate () (at Assets/Project/Scripts/Runtime/MiniBotHideAndSeekScenario.cs:130)

(Filename: Assets/Project/Scripts/Runtime/MiniBotHideAndSeekScenario.cs Line: 285)

MiniBotHideAndSeekScenario: free-roam retarget Seeker 01 -> 0.98,0.54.
UnityEngine.StackTraceUtility:ExtractStackTrace () (at /Users/bokken/build/output/unity/unity/Runtime/Export/Scripting/StackTrace.cs:37)
UnityEngine.DebugLogHandler:LogFormat (UnityEngine.LogType,UnityEngine.Object,string,object[])
UnityEngine.Logger:Log (UnityEngine.LogType,object)
UnityEngine.Debug:Log (object)
ArgusUnity.Runtime.MiniBotHideAndSeekScenario:ResolveDesiredDirection (ArgusUnity.Runtime.MiniBotHideAndSeekScenario/WanderAgent,UnityEngine.Vector3) (at Assets/Project/Scripts/Runtime/MiniBotHideAndSeekScenario.cs:285)
ArgusUnity.Runtime.MiniBotHideAndSeekScenario:FixedUpdate () (at Assets/Project/Scripts/Runtime/MiniBotHideAndSeekScenario.cs:130)

(Filename: Assets/Project/Scripts/Runtime/MiniBotHideAndSeekScenario.cs Line: 285)

MiniBotHideAndSeekScenario: free-roam retarget Hider 01 -> -0.38,0.28.
UnityEngine.StackTraceUtility:ExtractStackTrace () (at /Users/bokken/build/output/unity/unity/Runtime/Export/Scripting/StackTrace.cs:37)
UnityEngine.DebugLogHandler:LogFormat (UnityEngine.LogType,UnityEngine.Object,string,object[])
UnityEngine.Logger:Log (UnityEngine.LogType,object)
UnityEngine.Debug:Log (object)
ArgusUnity.Runtime.MiniBotHideAndSeekScenario:ResolveDesiredDirection (ArgusUnity.Runtime.MiniBotHideAndSeekScenario/WanderAgent,UnityEngine.Vector3) (at Assets/Project/Scripts/Runtime/MiniBotHideAndSeekScenario.cs:285)
ArgusUnity.Runtime.MiniBotHideAndSeekScenario:FixedUpdate () (at Assets/Project/Scripts/Runtime/MiniBotHideAndSeekScenario.cs:130)

(Filename: Assets/Project/Scripts/Runtime/MiniBotHideAndSeekScenario.cs Line: 285)

[LAYOUT] About to save layout /Users/guribbong/code/Argus/unity/EmbodiedDebate/UserSettings/Layouts/default-2022.dwlt
[LAYOUT] About to save layout /Users/guribbong/Library/Preferences/Unity/Editor-5.x/Layouts/current/default-2022.dwlt
Thread 0x333d8f000 may have been prematurely finalized
[Licensing::IpcConnector] License Notification channel disconnected successfully.
[Licensing::IpcConnector] License Client channel disconnected successfully.
Thread 0x17fe87000 may have been prematurely finalized
Thread 0x17ff9f000 may have been prematurely finalized
Thread 0x320087000 may have been prematurely finalized
Thread 0x17ff13000 may have been prematurely finalized
Thread 0x32019f000 may have been prematurely finalized
Thread 0x320113000 may have been prematurely finalized
Thread 0x32022b000 may have been prematurely finalized
Cleanup mono
[40m[32minfo[39m[22m[49m: Microsoft.Hosting.Lifetime[0]
      Application is shutting down...
[40m[32minfo[39m[22m[49m: Unity.ILPP.Runner.PostProcessingAssemblyLoadContext[0]
      ALC ILPP context 1 is unloading
debugger-agent: Unable to listen on 48
[Performance] Application.InitializeProject                                                                                                                                                                                                           :        1 samples, Peak.  24.3 s (1.0x), Avg.  24.3 s, Total. 24.33 s (12.7%)
[Performance] Application.PackageManager.StartServer                                                                                                                                                                                                  :        1 samples, Peak.  11.3 ms (1.0x), Avg.  11.3 ms, Total. 11.27 ms (0.0%)
[Performance] Application.AcquireProjectLock                                                                                                                                                                                                          :        1 samples, Peak.  6.11 ms (1.0x), Avg.  6.11 ms, Total. 6.113 ms (0.0%)
[Performance] Application.InitializeEngineNoGraphics                                                                                                                                                                                                  :        1 samples, Peak.   202 ms (1.0x), Avg.   202 ms, Total. 202.1 ms (0.1%)
[Performance] Application.PackageManager.Initialize                                                                                                                                                                                                   :        1 samples, Peak.  3.77 s (1.0x), Avg.  3.77 s, Total. 3.767 s (2.0%)
[Performance] Connecting to Package Manager                                                                                                                                                                                                           :      373 samples, Peak.   599 us (141.8x), Avg.  4.22 us, Total. 1.575 ms (0.0%)
[Performance] Application.EngineGraphics.Initialize                                                                                                                                                                                                   :        1 samples, Peak.   239 ms (1.0x), Avg.   239 ms, Total. 238.8 ms (0.1%)
[Performance] Application.GI.Initialize                                                                                                                                                                                                               :        1 samples, Peak.  8.19 ms (1.0x), Avg.  8.19 ms, Total. 8.189 ms (0.0%)
[Performance] Application.LoadAllDefaultResourcesFromEditor                                                                                                                                                                                           :        1 samples, Peak.  4.51 ms (1.0x), Avg.  4.51 ms, Total. 4.505 ms (0.0%)
[Performance] Application.LoadMonoAssemblies                                                                                                                                                                                                          :        1 samples, Peak.  1.05 s (1.0x), Avg.  1.05 s, Total. 1.052 s (0.5%)
[Performance] RestoreManagedReferences                                                                                                                                                                                                                :        3 samples, Peak.   190 ms (2.0x), Avg.  93.8 ms, Total. 281.5 ms (0.1%)
[Performance] InitializeOnLoad ProjectSearch                                                                                                                                                                                                          :        3 samples, Peak.   450 us (1.1x), Avg.   401 us, Total. 1.202 ms (0.0%)
[Performance] InitializeOnLoad AssetStoreContext                                                                                                                                                                                                      :        3 samples, Peak.  32.8 ms (1.4x), Avg.  23.9 ms, Total. 71.77 ms (0.0%)
[Performance] InitializeOnLoad SearchService                                                                                                                                                                                                          :        3 samples, Peak.   143 us (1.0x), Avg.   139 us, Total. 418.0 us (0.0%)
[Performance] InitializeOnLoad ObjectSelectorSearch                                                                                                                                                                                                   :        3 samples, Peak.   481 us (1.7x), Avg.   279 us, Total. 836.0 us (0.0%)
[Performance] InitializeOnLoad NativeFormatImporterUtility                                                                                                                                                                                            :        3 samples, Peak.  3.99 ms (1.3x), Avg.  2.97 ms, Total. 8.917 ms (0.0%)
[Performance] InitializeOnLoad ManagedDebuggerWindow                                                                                                                                                                                                  :        3 samples, Peak.   985 us (1.9x), Avg.   525 us, Total. 1.575 ms (0.0%)
[Performance] InitializeOnLoad PrefabInstanceChangedListener                                                                                                                                                                                          :        3 samples, Peak.  1.07 ms (1.3x), Avg.   822 us, Total. 2.465 ms (0.0%)
[Performance] InitializeOnLoad ManagedDebugger                                                                                                                                                                                                        :        3 samples, Peak.  1.00 us (1.5x), Avg.   667 ns, Total. 2.000 us (0.0%)
[Performance] InitializeOnLoad CloudBuild                                                                                                                                                                                                             :        3 samples, Peak.  9.71 us (1.6x), Avg.  6.22 us, Total. 18.67 us (0.0%)
[Performance] InitializeOnLoad Collab                                                                                                                                                                                                                 :        3 samples, Peak.  13.8 ms (1.3x), Avg.  10.2 ms, Total. 30.61 ms (0.0%)
[Performance] InitializeOnLoad ShortcutIntegration                                                                                                                                                                                                    :        3 samples, Peak.  87.1 us (1.1x), Avg.  82.6 us, Total. 247.9 us (0.0%)
[Performance] InitializeOnLoad MixerEffectDefinitionReloader                                                                                                                                                                                          :        3 samples, Peak.  4.08 ms (1.1x), Avg.  3.69 ms, Total. 11.08 ms (0.0%)
[Performance] InitializeOnLoad DrivenRectTransformUndo                                                                                                                                                                                                :        3 samples, Peak.   444 us (1.3x), Avg.   337 us, Total. 1.011 ms (0.0%)
[Performance] InitializeOnLoad WindowLayout                                                                                                                                                                                                           :        3 samples, Peak.  3.16 ms (2.5x), Avg.  1.28 ms, Total. 3.855 ms (0.0%)
[Performance] InitializeOnLoad SettingsService                                                                                                                                                                                                        :        3 samples, Peak.  13.2 us (1.2x), Avg.  10.9 us, Total. 32.79 us (0.0%)
[Performance] InitializeOnLoad CacheServerWindow                                                                                                                                                                                                      :        3 samples, Peak.  53.0 us (2.1x), Avg.  25.3 us, Total. 75.79 us (0.0%)
[Performance] InitializeOnLoad MenuItems                                                                                                                                                                                                              :        3 samples, Peak.   272 us (1.8x), Avg.   150 us, Total. 450.4 us (0.0%)
[Performance] InitializeOnLoad CheckNavigationPackage                                                                                                                                                                                                 :        3 samples, Peak.   552 us (1.2x), Avg.   445 us, Total. 1.334 ms (0.0%)
[Performance] InitializeOnLoad UISystemProfilerRenderService                                                                                                                                                                                          :        3 samples, Peak.  19.2 us (1.3x), Avg.  14.6 us, Total. 43.92 us (0.0%)
[Performance] InitializeOnLoad EditMode                                                                                                                                                                                                               :        3 samples, Peak.   662 us (1.3x), Avg.   523 us, Total. 1.570 ms (0.0%)
[Performance] InitializeOnLoad UnityConnect                                                                                                                                                                                                           :        3 samples, Peak.  62.0 us (1.1x), Avg.  55.6 us, Total. 166.8 us (0.0%)
[Performance] InitializeOnLoad AddComponentWindow                                                                                                                                                                                                     :        3 samples, Peak.   143 us (1.1x), Avg.   128 us, Total. 385.0 us (0.0%)
[Performance] InitializeOnLoad PlayModeDownload                                                                                                                                                                                                       :        3 samples, Peak.  5.46 ms (2.7x), Avg.  2.01 ms, Total. 6.042 ms (0.0%)
[Performance] InitializeOnLoad SceneSearch                                                                                                                                                                                                            :        3 samples, Peak.   103 us (1.6x), Avg.  64.4 us, Total. 193.3 us (0.0%)
[Performance] InitializeOnLoad EditorDelegateRegistration                                                                                                                                                                                             :        3 samples, Peak.  1.44 ms (1.3x), Avg.  1.08 ms, Total. 3.254 ms (0.0%)
[Performance] InitializeOnLoad UxmlObjectEditorFactories                                                                                                                                                                                              :        3 samples, Peak.   808 us (1.2x), Avg.   701 us, Total. 2.104 ms (0.0%)
[Performance] InitializeOnLoad RetainedMode                                                                                                                                                                                                           :        3 samples, Peak.  5.72 ms (1.5x), Avg.  3.88 ms, Total. 11.63 ms (0.0%)
[Performance] InitializeOnLoad EditorShaderLoader                                                                                                                                                                                                     :        3 samples, Peak.  1.75 ms (1.3x), Avg.  1.34 ms, Total. 4.021 ms (0.0%)
[Performance] InitializeOnLoad UIDocumentHierarchyWatcher                                                                                                                                                                                             :        3 samples, Peak.   107 us (1.2x), Avg.  91.7 us, Total. 275.0 us (0.0%)
[Performance] InitializeOnLoad EditorMonitor                                                                                                                                                                                                          :        3 samples, Peak.   198 us (1.1x), Avg.   178 us, Total. 534.5 us (0.0%)
[Performance] InitializeOnLoad LiveReloadTrackerCreator                                                                                                                                                                                               :        3 samples, Peak.   463 us (1.6x), Avg.   295 us, Total. 886.0 us (0.0%)
[Performance] InitializeOnLoad UXMLEditorFactories                                                                                                                                                                                                    :        3 samples, Peak.   114 ms (1.3x), Avg.  89.4 ms, Total. 268.3 ms (0.1%)
[Performance] InitializeOnLoad ServicesRepository                                                                                                                                                                                                     :        3 samples, Peak.  1.26 ms (1.2x), Avg.  1.03 ms, Total. 3.104 ms (0.0%)
[Performance] InitializeOnLoad UDPService                                                                                                                                                                                                             :        3 samples, Peak.  4.91 ms (1.1x), Avg.  4.28 ms, Total. 12.83 ms (0.0%)
[Performance] InitializeOnLoad EditorGameServicesAnalytics                                                                                                                                                                                            :        3 samples, Peak.  2.05 ms (1.4x), Avg.  1.48 ms, Total. 4.437 ms (0.0%)
[Performance] InitializeOnLoad CloudBuildPoller                                                                                                                                                                                                       :        3 samples, Peak.   165 us (1.1x), Avg.   143 us, Total. 430.3 us (0.0%)
[Performance] InitializeOnLoad BuildService                                                                                                                                                                                                           :        3 samples, Peak.  3.38 ms (1.3x), Avg.  2.68 ms, Total. 8.028 ms (0.0%)
[Performance] InitializeOnLoad CollabService                                                                                                                                                                                                          :        3 samples, Peak.  3.25 ms (1.2x), Avg.  2.79 ms, Total. 8.380 ms (0.0%)
[Performance] InitializeOnLoad PurchasingService                                                                                                                                                                                                      :        3 samples, Peak.  20.9 ms (1.5x), Avg.  13.5 ms, Total. 40.50 ms (0.0%)
[Performance] InitializeOnLoad CrashService                                                                                                                                                                                                           :        3 samples, Peak.  4.89 ms (1.4x), Avg.  3.61 ms, Total. 10.83 ms (0.0%)
[Performance] InitializeOnLoad AdsService                                                                                                                                                                                                             :        3 samples, Peak.  4.77 ms (1.4x), Avg.  3.43 ms, Total. 10.30 ms (0.0%)
[Performance] InitializeOnLoad AnalyticsService                                                                                                                                                                                                       :        3 samples, Peak.  3.52 ms (1.2x), Avg.  2.86 ms, Total. 8.578 ms (0.0%)
[Performance] InitializeOnLoad SearchWindow                                                                                                                                                                                                           :        3 samples, Peak.   360 us (1.6x), Avg.   223 us, Total. 667.9 us (0.0%)
[Performance] InitializeOnLoad SearchMonitor                                                                                                                                                                                                          :        3 samples, Peak.  28.3 ms (2.5x), Avg.  11.3 ms, Total. 33.90 ms (0.0%)
[Performance] InitializeOnLoad ParameterControllerEditor                                                                                                                                                                                              :        3 samples, Peak.   213 us (2.3x), Avg.  92.8 us, Total. 278.5 us (0.0%)
[Performance] InitializeOnLoad LayerSettingsWindow                                                                                                                                                                                                    :        3 samples, Peak.  35.5 us (2.1x), Avg.  16.9 us, Total. 50.79 us (0.0%)
[Performance] InitializeOnLoad PackageManagerHookGUIDConverter.RegisterPackagesEventHandler                                                                                                                                                           :        3 samples, Peak.  1.06 ms (2.2x), Avg.   494 us, Total. 1.481 ms (0.0%)
[Performance] InitializeOnLoad EditorDragAndDrop.RegisterEditorClient                                                                                                                                                                                 :        3 samples, Peak.   411 us (1.3x), Avg.   308 us, Total. 923.8 us (0.0%)
[Performance] InitializeOnLoad EditorEventCallbacks.InitializeFontAssetResourceChangeCallBacks                                                                                                                                                        :        3 samples, Peak.  1.72 ms (1.4x), Avg.  1.25 ms, Total. 3.744 ms (0.0%)
[Performance] InitializeOnLoad SceneTemplateService.Init                                                                                                                                                                                              :        3 samples, Peak.  1.93 ms (1.2x), Avg.  1.56 ms, Total. 4.675 ms (0.0%)
[Performance] InitializeOnLoad DiagnosticSwitchesConsoleMessage.Init                                                                                                                                                                                  :        3 samples, Peak.  4.25 ms (1.2x), Avg.  3.53 ms, Total. 10.60 ms (0.0%)
[Performance] InitializeOnLoad ScopedRegistryAddedPopup.SubscribeToRegistriesAdded                                                                                                                                                                    :        3 samples, Peak.   193 ms (2.0x), Avg.  95.9 ms, Total. 287.7 ms (0.1%)
[Performance] InitializeOnLoad PackageManagerWindow.EditorInitializedInSafeMode                                                                                                                                                                       :        3 samples, Peak.  1.92 ms (2.5x), Avg.   761 us, Total. 2.282 ms (0.0%)
[Performance] InitializeOnLoad MemoryProfilerCompilationGuard.InjectCompileGuard                                                                                                                                                                      :        3 samples, Peak.   177 us (1.4x), Avg.   131 us, Total. 393.7 us (0.0%)
[Performance] InitializeOnLoad SceneVisibilityManager.Initialize                                                                                                                                                                                      :        3 samples, Peak.  6.46 ms (2.2x), Avg.  2.98 ms, Total. 8.945 ms (0.0%)
[Performance] InitializeOnLoad AssetPostprocessingInternal.RefreshCustomDependencies                                                                                                                                                                  :        3 samples, Peak.  9.08 ms (1.5x), Avg.  6.16 ms, Total. 18.47 ms (0.0%)
[Performance] InitializeOnLoad ToolShortcutContext.Init                                                                                                                                                                                               :        3 samples, Peak.   255 us (1.2x), Avg.   219 us, Total. 658.0 us (0.0%)
[Performance] InitializeOnLoad SysrootManager.Initialize                                                                                                                                                                                              :        3 samples, Peak.   802 us (1.2x), Avg.   671 us, Total. 2.013 ms (0.0%)
[Performance] InitializeOnLoad EditorWindow.Initialize                                                                                                                                                                                                :        3 samples, Peak.  2.36 ms (2.3x), Avg.  1.04 ms, Total. 3.133 ms (0.0%)
[Performance] AssemblyReloadEvents.afterAssemblyReload: UnityEditor.SceneTemplate.SceneTemplateService.AfterAssemblyReload                                                                                                                            :        3 samples, Peak.  5.96 ms (1.6x), Avg.  3.72 ms, Total. 11.16 ms (0.0%)
[Performance] ProcessService.EditorAfterLoadAllAssemblies                                                                                                                                                                                             :        3 samples, Peak.  1.25 ms (1.3x), Avg.   934 us, Total. 2.803 ms (0.0%)
[Performance] Application.ReadLicenseInfo                                                                                                                                                                                                             :        1 samples, Peak.  46.1 ms (1.0x), Avg.  46.1 ms, Total. 46.09 ms (0.0%)
[Performance] Application.InitialRefresh                                                                                                                                                                                                              :        1 samples, Peak.  15.0 s (1.0x), Avg.  15.0 s, Total. 15.04 s (7.8%)
[Performance] Compiling Scripts                                                                                                                                                                                                                       :        1 samples, Peak.  6.84 s (1.0x), Avg.  6.84 s, Total. 6.837 s (3.6%)
[Performance] AssemblyReloadEvents.beforeAssemblyReload: UnityEditor.SceneTemplate.SceneTemplateService.BeforeAssemblyReload                                                                                                                          :        2 samples, Peak.  3.46 ms (1.6x), Avg.  2.22 ms, Total. 4.441 ms (0.0%)
[Performance] InitializeOnLoad BurstLoader                                                                                                                                                                                                            :        2 samples, Peak.  3.03 s (2.0x), Avg.  1.53 s, Total. 3.051 s (1.6%)
[Performance] InitializeOnLoad ShadowCasterGroup2DManager                                                                                                                                                                                             :        2 samples, Peak.  1.52 ms (1.9x), Avg.   801 us, Total. 1.601 ms (0.0%)
[Performance] InitializeOnLoad RealtimeProbeSubdivisionDebug                                                                                                                                                                                          :        2 samples, Peak.   707 us (1.6x), Avg.   454 us, Total. 907.7 us (0.0%)
[Performance] InitializeOnLoad ProbeGIBaking                                                                                                                                                                                                          :        2 samples, Peak.  10.0 ms (1.3x), Avg.  7.85 ms, Total. 15.70 ms (0.0%)
[Performance] InitializeOnLoad FilterWindow                                                                                                                                                                                                           :        2 samples, Peak.   126 us (1.2x), Avg.   101 us, Total. 202.3 us (0.0%)
[Performance] InitializeOnLoad NodeClassCache                                                                                                                                                                                                         :        2 samples, Peak.  45.3 us (1.8x), Avg.  25.4 us, Total. 50.71 us (0.0%)
[Performance] InitializeOnLoad ShaderGraphMaterialsUpdater                                                                                                                                                                                            :        4 samples, Peak.   791 us (1.6x), Avg.   486 us, Total. 1.943 ms (0.0%)
[Performance] InitializeOnLoad PrefabLayoutRebuilder                                                                                                                                                                                                  :        2 samples, Peak.   406 us (1.3x), Avg.   323 us, Total. 645.3 us (0.0%)
[Performance] InitializeOnLoad BackgroundWatcher                                                                                                                                                                                                      :        2 samples, Peak.   224 us (1.3x), Avg.   177 us, Total. 354.4 us (0.0%)
[Performance] InitializeOnLoad UnityTestProtocolStarter                                                                                                                                                                                               :        2 samples, Peak.   519 us (1.2x), Avg.   428 us, Total. 855.6 us (0.0%)
[Performance] InitializeOnLoad TestStarter                                                                                                                                                                                                            :        2 samples, Peak.   989 us (1.2x), Avg.   803 us, Total. 1.606 ms (0.0%)
[Performance] InitializeOnLoad RerunCallbackInitializer                                                                                                                                                                                               :        2 samples, Peak.  4.37 ms (1.2x), Avg.  3.66 ms, Total. 7.321 ms (0.0%)
[Performance] InitializeOnLoad EditorToolManager                                                                                                                                                                                                      :        2 samples, Peak.  3.83 ms (1.8x), Avg.  2.12 ms, Total. 4.232 ms (0.0%)
[Performance] InitializeOnLoad Renderer2DAnalytics                                                                                                                                                                                                    :        2 samples, Peak.  3.63 ms (1.9x), Avg.  1.86 ms, Total. 3.729 ms (0.0%)
[Performance] InitializeOnLoad RendererDataPatcher                                                                                                                                                                                                    :        2 samples, Peak.   105 ms (1.4x), Avg.  74.2 ms, Total. 148.3 ms (0.1%)
[Performance] InitializeOnLoad MaterialReimporter.RegisterUpgraderReimport                                                                                                                                                                            :        4 samples, Peak.  1.03 ms (2.1x), Avg.   480 us, Total. 1.918 ms (0.0%)
[Performance] InitializeOnLoad $BurstDirectCallInitializer.Initialize                                                                                                                                                                                 :        2 samples, Peak.  32.0 ms (1.4x), Avg.  22.6 ms, Total. 45.28 ms (0.0%)
[Performance] InitializeOnLoad TestJobDataHolder.ResumeRunningJobs                                                                                                                                                                                    :        2 samples, Peak.  1.35 ms (1.8x), Avg.   750 us, Total. 1.501 ms (0.0%)
[Performance] InitializeOnLoad AnalyticsReporter.RegisterCallbacks                                                                                                                                                                                    :        2 samples, Peak.   351 us (1.0x), Avg.   341 us, Total. 681.5 us (0.0%)
[Performance] InitializeOnLoad CoreRenderPipelinePreferences.InitPreferenceProviders                                                                                                                                                                  :        2 samples, Peak.  90.7 ms (1.3x), Avg.  70.3 ms, Total. 140.5 ms (0.1%)
[Performance] InitializeOnLoad VolumeGizmoDrawer.InitVolumeGizmoCallbacks                                                                                                                                                                             :        2 samples, Peak.   569 us (1.1x), Avg.   538 us, Total. 1.075 ms (0.0%)
[Performance] DidReloadScriptsTestRunnerWindow.CompilationCallback                                                                                                                                                                                    :        2 samples, Peak.  1.09 ms (1.3x), Avg.   813 us, Total. 1.626 ms (0.0%)
[Performance] DidReloadScriptsTestListCache.ScriptReloaded                                                                                                                                                                                            :        2 samples, Peak.  1.99 ms (1.9x), Avg.  1.06 ms, Total. 2.129 ms (0.0%)
[Performance] DidReloadScriptsDebugWindow.OnEditorReload                                                                                                                                                                                              :        2 samples, Peak.  24.7 ms (1.3x), Avg.  19.5 ms, Total. 38.98 ms (0.0%)
[Performance] DidReloadScriptsLookDev.OnEditorReload                                                                                                                                                                                                  :        2 samples, Peak.   349 us (1.1x), Avg.   332 us, Total. 663.6 us (0.0%)
[Performance] DidReloadScriptsVolumeComponentEditor.OnEditorReload                                                                                                                                                                                    :        2 samples, Peak.  37.3 ms (1.2x), Avg.  31.0 ms, Total. 61.97 ms (0.0%)
[Performance] DidReloadScriptsOnScriptsReloadHandler.OnScriptsReloaded                                                                                                                                                                                :        2 samples, Peak.   384 us (1.2x), Avg.   328 us, Total. 655.1 us (0.0%)
[Performance] DidReloadScriptsAdvancedDropdownWindow.OnScriptReload                                                                                                                                                                                   :        2 samples, Peak.   412 us (1.2x), Avg.   350 us, Total. 699.6 us (0.0%)
[Performance] SyncVS.PostprocessSyncProject                                                                                                                                                                                                           :       40 samples, Peak.  5.11 ms (27.7x), Avg.   185 us, Total. 7.384 ms (0.0%)
[Performance] Application.ImportPackagesAndSetTemplateWhenCreatingProject                                                                                                                                                                             :        1 samples, Peak.   125 ms (1.0x), Avg.   125 ms, Total. 124.5 ms (0.1%)
[Performance] Application.SyncCurrentColorSpace                                                                                                                                                                                                       :        1 samples, Peak.  1.07 s (1.0x), Avg.  1.07 s, Total. 1.070 s (0.6%)
[Performance] Application.OnUsbDevicesChanged                                                                                                                                                                                                         :        1 samples, Peak.   650 us (1.0x), Avg.   650 us, Total. 650.1 us (0.0%)
[Performance] Application.AssetInstanceCacheUpdate                                                                                                                                                                                                    :        1 samples, Peak.  2.21 us (1.0x), Avg.  2.21 us, Total. 2.208 us (0.0%)
[Performance] Application.UnityExtensions.Initialize                                                                                                                                                                                                  :        1 samples, Peak.  23.5 ms (1.0x), Avg.  23.5 ms, Total. 23.47 ms (0.0%)
[Performance] CodeEditorProjectSync.SyncEditorProject                                                                                                                                                                                                 :        1 samples, Peak.   481 us (1.0x), Avg.   481 us, Total. 481.4 us (0.0%)
[Performance] Application.ExecuteStartups                                                                                                                                                                                                             :        1 samples, Peak.   315 ms (1.0x), Avg.   315 ms, Total. 315.5 ms (0.2%)
[Performance] Menu.RegisterMenuInterface                                                                                                                                                                                                              :       26 samples, Peak.  98.0 us (22.8x), Avg.  4.30 us, Total. 111.8 us (0.0%)
[Performance] Gizmo.RebuildRenderers                                                                                                                                                                                                                  :        3 samples, Peak.   307 ms (3.0x), Avg.   104 ms, Total. 312.2 ms (0.2%)
[Performance] Gizmo.AddGizmoRenderers                                                                                                                                                                                                                 :      165 samples, Peak.   183 ms (133.4x), Avg.  1.37 ms, Total. 226.7 ms (0.1%)
[Performance] Application.editorInitializingProject                                                                                                                                                                                                   :        1 samples, Peak.   196 ms (1.0x), Avg.   196 ms, Total. 196.4 ms (0.1%)
[Performance] Application.FinishLoadingProject                                                                                                                                                                                                        :        1 samples, Peak.  23.2 s (1.0x), Avg.  23.2 s, Total. 23.18 s (12.1%)
[Performance] Application.InitializeMenu                                                                                                                                                                                                              :        1 samples, Peak.   259 ms (1.0x), Avg.   259 ms, Total. 258.6 ms (0.1%)
[Performance] Menu.RebuildAll                                                                                                                                                                                                                         :        1 samples, Peak.   258 ms (1.0x), Avg.   258 ms, Total. 258.5 ms (0.1%)
[Performance] Menu.BuildRegisteredMenuInterfaces                                                                                                                                                                                                      :        1 samples, Peak.   239 ms (1.0x), Avg.   239 ms, Total. 239.1 ms (0.1%)
[Performance] Menu.FilterMenuItem                                                                                                                                                                                                                     :     1061 samples, Peak.   117 ms (929.4x), Avg.   126 us, Total. 133.2 ms (0.1%)
[Performance] UpdateAllMenus                                                                                                                                                                                                                          :        3 samples, Peak.  95.1 ms (2.5x), Avg.  38.6 ms, Total. 115.9 ms (0.1%)
[Performance] Application.RestoreLastOpenedScenes                                                                                                                                                                                                     :        1 samples, Peak.   155 ms (1.0x), Avg.   155 ms, Total. 155.0 ms (0.1%)
[Performance] Selection.selectionChanged: UnityEditor.PackageManager.UI.Internal.SelectionProxy.OnSelectionChanged                                                                                                                                    :        1 samples, Peak.  1.53 ms (1.0x), Avg.  1.53 ms, Total. 1.526 ms (0.0%)
[Performance] Selection.selectionChanged: UnityEditorInternal.EditMode.OnSelectionChange                                                                                                                                                              :        1 samples, Peak.   599 us (1.0x), Avg.   599 us, Total. 599.1 us (0.0%)
[Performance] EditorSceneManager.sceneClosing: UnityEditor.SceneVisibilityManager.EditorSceneManagerOnSceneClosing                                                                                                                                    :        4 samples, Peak.   582 us (1.8x), Avg.   332 us, Total. 1.327 ms (0.0%)
[Performance] EditorSceneManager.sceneClosed: callback in UnityEditor.Search.SearchMonitor                                                                                                                                                            :        3 samples, Peak.   138 us (3.0x), Avg.  46.7 us, Total. 140.2 us (0.0%)
[Performance] EditorSceneManager.activeSceneChangedInEditMode: callback in UnityEditor.Search.SearchMonitor                                                                                                                                           :        3 samples, Peak.  32.0 us (2.8x), Avg.  11.4 us, Total. 34.33 us (0.0%)
[Performance] GUIView.RepaintAll.PlayerLoopController                                                                                                                                                                                                 :    23017 samples, Peak.  4.01 s (1385.7x), Avg.  2.90 ms, Total. 66.66 s (34.7%)
[Performance] EditorSceneManager.newSceneCreated: UnityEditor.SceneTemplate.SceneTemplateService.OnNewSceneCreated                                                                                                                                    :        2 samples, Peak.   423 us (2.0x), Avg.   213 us, Total. 426.0 us (0.0%)
[Performance] EditorSceneManager.newSceneCreated: UnityEditor.SceneVisibilityManager.EditorSceneManagerOnNewSceneCreated                                                                                                                              :        2 samples, Peak.   693 us (2.0x), Avg.   352 us, Total. 704.4 us (0.0%)
[Performance] EditorSceneManager.newSceneCreated: UnityEditor.SceneManagement.StageNavigationManager.OnNewSceneCreated                                                                                                                                :        2 samples, Peak.   211 us (2.0x), Avg.   106 us, Total. 212.4 us (0.0%)
[Performance] EditorResources.Load                                                                                                                                                                                                                    :     1002 samples, Peak.  1.47 s (839.9x), Avg.  1.75 ms, Total. 1.752 s (0.9%)
[Performance] BuildCatalog                                                                                                                                                                                                                            :        2 samples, Peak.  27.3 ms (1.3x), Avg.  21.4 ms, Total. 42.75 ms (0.0%)
[Performance] Application.InvokeFinishedLoadingProject                                                                                                                                                                                                :        1 samples, Peak.  68.3 ms (1.0x), Avg.  68.3 ms, Total. 68.31 ms (0.0%)
[Performance] ProcessService.OnProjectLoaded                                                                                                                                                                                                          :        1 samples, Peak.  6.51 ms (1.0x), Avg.  6.51 ms, Total. 6.510 ms (0.0%)
[Performance] VersionControl.Task.Wait                                                                                                                                                                                                                :        1 samples, Peak.   793 us (1.0x), Avg.   793 us, Total. 792.5 us (0.0%)
[Performance] AssetDatabase.Refresh                                                                                                                                                                                                                   :        4 samples, Peak.  1.45 s (2.1x), Avg.   703 ms, Total. 2.812 s (1.5%)
[Performance] AssetDatabase.ImportAsset                                                                                                                                                                                                               :       34 samples, Peak.  1.36 s (3.4x), Avg.   404 ms, Total. 13.72 s (7.1%)
[Performance] PresetManagerPostProcessor.OnPreprocessAsset                                                                                                                                                                                            :       41 samples, Peak.   848 us (20.3x), Avg.  41.8 us, Total. 1.714 ms (0.0%)
[Performance] CancelSplashScreenOnAssetChange.OnPreprocessAsset                                                                                                                                                                                       :       41 samples, Peak.   874 us (32.4x), Avg.  27.0 us, Total. 1.107 ms (0.0%)
[Performance] ShaderGraphAssetPostProcessor.OnPreprocessAsset                                                                                                                                                                                         :       41 samples, Peak.  1.09 ms (28.7x), Avg.  38.1 us, Total. 1.561 ms (0.0%)
[Performance] SceneDataContainer.TransformHierarchyChangedSetParentCallback                                                                                                                                                                           :     2568 samples, Peak.   143 us (121.4x), Avg.  1.18 us, Total. 3.020 ms (0.0%)
[Performance] SceneVisibilityState.IsFlagSetInParents                                                                                                                                                                                                 :     9121 samples, Peak.   135 us (306.8x), Avg.   441 ns, Total. 4.022 ms (0.0%)
[Performance] AssetDatabase.ImportAssets                                                                                                                                                                                                              :       42 samples, Peak.   153 ms (32.2x), Avg.  4.76 ms, Total. 200.1 ms (0.1%)
[Performance] BuilderAssetPostprocessor.OnPostprocessAllAssets                                                                                                                                                                                        :       76 samples, Peak.  12.3 ms (31.5x), Avg.   391 us, Total. 29.71 ms (0.0%)
[Performance] ArtifactBrowserPostProcessor.OnPostprocessAllAssets                                                                                                                                                                                     :       76 samples, Peak.  1.26 ms (31.0x), Avg.  40.6 us, Total. 3.083 ms (0.0%)
[Performance] AssetEvents.OnPostprocessAllAssets                                                                                                                                                                                                      :      152 samples, Peak.   266 us (18.0x), Avg.  14.7 us, Total. 2.239 ms (0.0%)
[Performance] AudioMixerPostprocessor.OnPostprocessAllAssets                                                                                                                                                                                          :       76 samples, Peak.   714 us (29.7x), Avg.  24.1 us, Total. 1.829 ms (0.0%)
[Performance] StyleCatalogPostProcessor.OnPostprocessAllAssets                                                                                                                                                                                        :       76 samples, Peak.   455 us (12.2x), Avg.  37.3 us, Total. 2.832 ms (0.0%)
[Performance] ModelImporterPostProcessor.OnPostprocessAllAssets                                                                                                                                                                                       :       76 samples, Peak.  16.0 ms (3.8x), Avg.  4.22 ms, Total. 321.0 ms (0.2%)
[Performance] MaterialPostprocessor.OnPostprocessAllAssets                                                                                                                                                                                            :      152 samples, Peak.  2.86 ms (24.2x), Avg.   118 us, Total. 17.96 ms (0.0%)
[Performance] RetainedModeAssetPostprocessor.OnPostprocessAllAssets                                                                                                                                                                                   :       76 samples, Peak.  4.03 ms (22.7x), Avg.   177 us, Total. 13.48 ms (0.0%)
[Performance] AssetChangedListener.OnPostprocessAllAssets                                                                                                                                                                                             :       76 samples, Peak.  12.9 ms (24.9x), Avg.   519 us, Total. 39.47 ms (0.0%)
[Performance] PostProcessor.OnPostprocessAllAssets                                                                                                                                                                                                    :       76 samples, Peak.   639 us (12.3x), Avg.  51.9 us, Total. 3.945 ms (0.0%)
[Performance] ShaderGraphAssetPostProcessor.OnPostprocessAllAssets                                                                                                                                                                                    :       76 samples, Peak.  5.98 ms (11.0x), Avg.   545 us, Total. 41.43 ms (0.0%)
[Performance] SpeedTreePostProcessor.OnPostprocessAllAssets                                                                                                                                                                                           :       76 samples, Peak.   377 us (14.4x), Avg.  26.2 us, Total. 1.992 ms (0.0%)
[Performance] TextAssetPostProcessor.OnPostprocessAllAssets                                                                                                                                                                                           :       76 samples, Peak.   746 us (19.9x), Avg.  37.5 us, Total. 2.853 ms (0.0%)
[Performance] ModelImporter.Import                                                                                                                                                                                                                    :       30 samples, Peak.  1.05 s (3.0x), Avg.   347 ms, Total. 10.41 s (5.4%)
[Performance] FBXMaterialDescriptionPreprocessor.OnPreprocessMaterialDescription                                                                                                                                                                      :       60 samples, Peak.  24.3 ms (27.7x), Avg.   878 us, Total. 52.69 ms (0.0%)
[Performance] SketchupMaterialDescriptionPreprocessor.OnPreprocessMaterialDescription                                                                                                                                                                 :       60 samples, Peak.  2.28 ms (40.9x), Avg.  55.7 us, Total. 3.342 ms (0.0%)
[Performance] ThreeDSMaterialDescriptionPreprocessor.OnPreprocessMaterialDescription                                                                                                                                                                  :       60 samples, Peak.  1.26 ms (38.3x), Avg.  32.9 us, Total. 1.972 ms (0.0%)
[Performance] AutodeskInteractiveMaterialImport.OnPreprocessMaterialDescription                                                                                                                                                                       :       30 samples, Peak.  11.6 ms (29.4x), Avg.   395 us, Total. 11.86 ms (0.0%)
[Performance] FBXArnoldSurfaceMaterialDescriptionPreprocessor.OnPreprocessMaterialDescription                                                                                                                                                         :       30 samples, Peak.   284 us (13.0x), Avg.  21.8 us, Total. 654.7 us (0.0%)
[Performance] PhysicalMaterial3DsMaxPreprocessor.OnPreprocessMaterialDescription                                                                                                                                                                      :       30 samples, Peak.   209 us (10.5x), Avg.  19.9 us, Total. 595.9 us (0.0%)
[Performance] ModelPostprocessor.OnPostprocessModel                                                                                                                                                                                                   :       30 samples, Peak.  14.3 ms (28.5x), Avg.   504 us, Total. 15.12 ms (0.0%)
[Performance] TreeAOImporter.OnPostprocessModel                                                                                                                                                                                                       :       30 samples, Peak.  1.22 ms (20.0x), Avg.  61.2 us, Total. 1.837 ms (0.0%)
[Performance] AssetDatabase.DeleteAssets                                                                                                                                                                                                              :        1 samples, Peak.   181 ms (1.0x), Avg.   181 ms, Total. 180.9 ms (0.1%)
[Performance] BuilderAssetModificationProcessor.OnWillDeleteAsset                                                                                                                                                                                     :        1 samples, Peak.   902 us (1.0x), Avg.   902 us, Total. 902.4 us (0.0%)
[Performance] TMP_FontAssetPostProcessor.OnWillDeleteAsset                                                                                                                                                                                            :        1 samples, Peak.   678 us (1.0x), Avg.   678 us, Total. 678.3 us (0.0%)
[Performance] CancelSplashScreenOnAssetDelete.OnWillDeleteAsset                                                                                                                                                                                       :        1 samples, Peak.   226 us (1.0x), Avg.   226 us, Total. 226.2 us (0.0%)
[Performance] ShaderImporter.SourceAssetModified                                                                                                                                                                                                      :        4 samples, Peak.  1.42 us (2.1x), Avg.   677 ns, Total. 2.709 us (0.0%)
[Performance] ShaderIncludeImporter.SourceAssetModified                                                                                                                                                                                               :        4 samples, Peak.   708 ns (1.4x), Avg.   510 ns, Total. 2.041 us (0.0%)
[Performance] EditorApplication.projectChanged: UnityEditor.Audio.MixerEffectDefinitionReloader.OnProjectChanged                                                                                                                                      :        3 samples, Peak.  2.74 ms (2.3x), Avg.  1.19 ms, Total. 3.569 ms (0.0%)
[Performance] EditorApplication.projectChanged: UnityEditor.SceneHierarchy.ReloadData                                                                                                                                                                 :        3 samples, Peak.  4.38 ms (2.9x), Avg.  1.49 ms, Total. 4.484 ms (0.0%)
[Performance] EditorApplication.projectChanged: UnityEditor.ProjectBrowser.OnProjectChanged                                                                                                                                                           :        3 samples, Peak.  1.33 ms (2.9x), Avg.   451 us, Total. 1.354 ms (0.0%)
[Performance] EditorApplication.projectChanged: UnityEditor.LabelGUI.InvalidateLabels                                                                                                                                                                 :        3 samples, Peak.  86.7 us (3.0x), Avg.  29.1 us, Total. 87.33 us (0.0%)
[Performance] MaterialModificationProcessor.OnWillCreateAsset                                                                                                                                                                                         :        6 samples, Peak.   320 us (3.3x), Avg.  97.0 us, Total. 582.2 us (0.0%)
[Performance] BuilderAssetModificationProcessor.OnWillCreateAsset                                                                                                                                                                                     :        3 samples, Peak.   282 us (2.7x), Avg.   106 us, Total. 317.5 us (0.0%)
[Performance] Undo.willFlushUndoRecord: UnityEditor.DrivenRectTransformUndo.ForceUpdateCanvases                                                                                                                                                       :        1 samples, Peak.   196 us (1.0x), Avg.   196 us, Total. 195.9 us (0.0%)
[Performance] BuilderAssetModificationProcessor.OnWillSaveAssets                                                                                                                                                                                      :        3 samples, Peak.  2.81 ms (2.8x), Avg.  1.02 ms, Total. 3.049 ms (0.0%)
[Performance] TerrainModificationProcessor.OnWillSaveAssets                                                                                                                                                                                           :        3 samples, Peak.  4.37 ms (2.6x), Avg.  1.71 ms, Total. 5.124 ms (0.0%)
[Performance] Toolbar.Repaint                                                                                                                                                                                                                         :        5 samples, Peak.  1.98 s (4.3x), Avg.   457 ms, Total. 2.285 s (1.2%)
[Performance] RefreshSkin                                                                                                                                                                                                                             :        2 samples, Peak.   101 ms (1.6x), Avg.  63.5 ms, Total. 126.9 ms (0.1%)
[Performance] SceneHierarchyWindow.Repaint                                                                                                                                                                                                            :        5 samples, Peak.   102 ms (2.9x), Avg.  35.6 ms, Total. 177.9 ms (0.1%)
[Performance] SceneVisibilityState.HasData                                                                                                                                                                                                            :       18 samples, Peak.  13.0 us (9.9x), Avg.  1.31 us, Total. 23.59 us (0.0%)
[Performance] GameView.Repaint                                                                                                                                                                                                                        :    23016 samples, Peak.  1.38 s (513.0x), Avg.  2.69 ms, Total. 62.02 s (32.3%)
[Performance] ProjectBrowser.Repaint                                                                                                                                                                                                                  :        3 samples, Peak.   188 ms (1.8x), Avg.   104 ms, Total. 311.9 ms (0.2%)
[Performance] InspectorWindow.Repaint                                                                                                                                                                                                                 :        6 samples, Peak.  31.1 ms (3.5x), Avg.  9.00 ms, Total. 54.00 ms (0.0%)
[Performance] AppStatusBar.Repaint                                                                                                                                                                                                                    :       70 samples, Peak.  49.7 ms (24.6x), Avg.  2.02 ms, Total. 141.4 ms (0.1%)
[Performance] EditorSceneManager.newSceneCreated: UnityEditor.SceneHierarchy.OnSceneCreated                                                                                                                                                           :        1 samples, Peak.   473 us (1.0x), Avg.   473 us, Total. 472.7 us (0.0%)
[Performance] EditorSceneManager.sceneSaving: UnityEditor.SceneTemplate.SceneTemplateService.OnSceneSaving                                                                                                                                            :        1 samples, Peak.   211 us (1.0x), Avg.   211 us, Total. 211.0 us (0.0%)
[Performance] EditorSceneManager.sceneSaving: UnityEditor.SceneVisibilityManager.EditorSceneManagerOnSceneSaving                                                                                                                                      :        1 samples, Peak.   132 us (1.0x), Avg.   132 us, Total. 131.7 us (0.0%)
[Performance] EditorSceneManager.sceneSaved: UnityEditor.SceneTemplate.SceneTemplateService.OnSceneSaved                                                                                                                                              :        1 samples, Peak.   228 ms (1.0x), Avg.   228 ms, Total. 227.6 ms (0.1%)
[Performance] EditorSceneManager.sceneSaved: UnityEditor.SceneVisibilityManager.EditorSceneManagerOnSceneSaved                                                                                                                                        :        1 samples, Peak.   132 us (1.0x), Avg.   132 us, Total. 131.9 us (0.0%)
[Performance] EditorSceneManager.sceneOpening: UnityEditor.SceneVisibilityManager.EditorSceneManagerOnSceneOpening                                                                                                                                    :        1 samples, Peak.   585 us (1.0x), Avg.   585 us, Total. 585.3 us (0.0%)
[Performance] Inspector.InitOrRebuild                                                                                                                                                                                                                 :        2 samples, Peak.  18.7 ms (1.6x), Avg.  11.7 ms, Total. 23.38 ms (0.0%)
[Performance] EditorSceneManager.sceneOpened: callback in UnityEditor.Search.SearchMonitor                                                                                                                                                            :        1 samples, Peak.  57.7 us (1.0x), Avg.  57.7 us, Total. 57.71 us (0.0%)
[Performance] EditorSceneManager.sceneOpened: UnityEditor.SceneTemplate.SceneTemplateService.OnSceneOpened                                                                                                                                            :        1 samples, Peak.   253 us (1.0x), Avg.   253 us, Total. 252.5 us (0.0%)
[Performance] EditorSceneManager.sceneOpened: UnityEditor.SceneVisibilityManager.EditorSceneManagerOnSceneOpened                                                                                                                                      :        1 samples, Peak.   177 us (1.0x), Avg.   177 us, Total. 177.0 us (0.0%)
[Performance] EditorSceneManager.sceneOpened: UnityEditor.SceneManagement.StageNavigationManager.OnSceneOpened                                                                                                                                        :        1 samples, Peak.  59.9 us (1.0x), Avg.  59.9 us, Total. 59.92 us (0.0%)
[Performance] EditorSceneManager.sceneOpened: UnityEditor.SceneHierarchy.OnSceneOpened                                                                                                                                                                :        1 samples, Peak.   115 us (1.0x), Avg.   115 us, Total. 115.0 us (0.0%)
[Performance] Menu.Game                                                                                                                                                                                                                               :        1 samples, Peak.  11.3 ms (1.0x), Avg.  11.3 ms, Total. 11.27 ms (0.0%)
[Performance] MenuItem.Game                                                                                                                                                                                                                           :        1 samples, Peak.  9.78 ms (1.0x), Avg.  9.78 ms, Total. 9.784 ms (0.0%)
[Performance] EditorApplication.playModeStateChanged                                                                                                                                                                                                  :        1 samples, Peak.  5.06 ms (1.0x), Avg.  5.06 ms, Total. 5.059 ms (0.0%)
[Performance] EditorApplication.playModeStateChanged: UnityEditor.PackageManager.UI.Internal.PlayModeDownload.PlayModeStateChanged                                                                                                                    :        2 samples, Peak.  1.10 ms (1.7x), Avg.   657 us, Total. 1.314 ms (0.0%)
[Performance] EditorApplication.playModeStateChanged: UnityEditor.SceneManagement.EditorSceneManager.PlayModeStateChangedCallback                                                                                                                     :        2 samples, Peak.  48.9 us (1.1x), Avg.  43.7 us, Total. 87.37 us (0.0%)
[Performance] EditorApplication.playModeStateChanged: UnityEditor.Search.SearchMonitor.OnPlayModeChanged                                                                                                                                              :        1 samples, Peak.   182 us (1.0x), Avg.   182 us, Total. 182.1 us (0.0%)
[Performance] EditorApplication.playModeStateChanged: Unity.Burst.Editor.BurstLoader.EditorApplicationOnPlayModeStateChanged                                                                                                                          :        2 samples, Peak.   172 us (1.2x), Avg.   142 us, Total. 284.2 us (0.0%)
[Performance] EditorApplication.playModeStateChanged: UnityEngine.Rendering.Universal.ShadowCasterGroup2DManager.OnPlayModeStateChanged                                                                                                               :        2 samples, Peak.   208 us (1.0x), Avg.   206 us, Total. 412.5 us (0.0%)
[Performance] EditorApplication.playModeStateChanged: UnityEditor.TestTools.TestRunner.PlaymodeLauncher+BackgroundWatcher.OnPlayModeStateChanged                                                                                                      :        2 samples, Peak.   887 us (1.0x), Avg.   847 us, Total. 1.695 ms (0.0%)
[Performance] EditorApplication.playModeStateChanged: UnityEditor.PackageManager.UI.Internal.ApplicationProxy.PlayModeStateChanged                                                                                                                    :        2 samples, Peak.   217 us (1.1x), Avg.   190 us, Total. 379.6 us (0.0%)
[Performance] EditorApplication.playModeStateChanged: UnityEditor.SceneVisibilityManager.EditorApplicationPlayModeStateChanged                                                                                                                        :        2 samples, Peak.  35.5 us (1.1x), Avg.  33.8 us, Total. 67.67 us (0.0%)
[Performance] EditorApplication.playModeStateChanged: UnityEditor.TestTools.TestRunner.TestRunnerWindow.OnPlayModeStateChanged                                                                                                                        :        2 samples, Peak.   138 us (1.1x), Avg.   123 us, Total. 245.5 us (0.0%)
[Performance] EditorApplication.playModeStateChanged: UnityEditor.Toolbars.PlayModeButtons.OnPlayModeStateChanged                                                                                                                                     :        2 samples, Peak.   554 us (1.6x), Avg.   338 us, Total. 676.4 us (0.0%)
[Performance] EditorApplication.playModeStateChanged: UnityEditor.UIElements.DefaultEditorWindowBackend.PlayModeStateChangedCallback                                                                                                                  :        8 samples, Peak.   424 us (4.9x), Avg.  87.1 us, Total. 697.0 us (0.0%)
[Performance] EditorApplication.playModeStateChanged: UnityEditor.SceneHierarchy.PlayModeStateChanged                                                                                                                                                 :        2 samples, Peak.  34.1 us (1.1x), Avg.  30.9 us, Total. 61.88 us (0.0%)
[Performance] EditorApplication.playModeStateChanged: UnityEditor.SceneView.OnPlayModeStateChanged                                                                                                                                                    :        2 samples, Peak.  35.7 us (1.0x), Avg.  35.6 us, Total. 71.21 us (0.0%)
[Performance] EditorApplication.playModeStateChanged: UnityEditor.ProjectBrowser.OnPlayModeStateChanged                                                                                                                                               :        2 samples, Peak.   211 us (1.0x), Avg.   202 us, Total. 403.5 us (0.0%)
[Performance] EditorApplication.playModeStateChanged: UnityEditor.PropertyEditor.OnPlayModeStateChanged                                                                                                                                               :        2 samples, Peak.  5.54 ms (2.0x), Avg.  2.79 ms, Total. 5.576 ms (0.0%)
[Performance] EditorApplication.playModeStateChanged: UnityEditor.GameView.OnPlayModeStateChanged                                                                                                                                                     :        2 samples, Peak.   119 us (1.3x), Avg.  90.4 us, Total. 180.9 us (0.0%)
[Performance] Application.InvokeProjectWasLoaded                                                                                                                                                                                                      :        1 samples, Peak.   719 us (1.0x), Avg.   719 us, Total. 719.3 us (0.0%)
[Performance] Application.Tick                                                                                                                                                                                                                        :    23015 samples, Peak.  4.71 s (873.1x), Avg.  5.39 ms, Total. 124.0 s (64.5%)
[Performance] CheckLicensingClient                                                                                                                                                                                                                    :       27 samples, Peak.  1.14 ms (5.3x), Avg.   216 us, Total. 5.835 ms (0.0%)
[Performance] CheckLicensingClientNotification                                                                                                                                                                                                        :       27 samples, Peak.  1.10 ms (6.8x), Avg.   163 us, Total. 4.388 ms (0.0%)
[Performance] Application.TickVersionControl                                                                                                                                                                                                          :    23015 samples, Peak.   245 us (242.7x), Avg.  1.01 us, Total. 23.20 ms (0.0%)
[Performance] MonoCompiler.Tick                                                                                                                                                                                                                       :      593 samples, Peak.  4.37 s (590.7x), Avg.  7.40 ms, Total. 4.389 s (2.3%)
[Performance] Application.EnterPlayMode                                                                                                                                                                                                               :        1 samples, Peak.  4.35 s (1.0x), Avg.  4.35 s, Total. 4.353 s (2.3%)
[Performance] Application.Reload                                                                                                                                                                                                                      :        1 samples, Peak.  2.71 s (1.0x), Avg.  2.71 s, Total. 2.707 s (1.4%)
[Performance] AssemblyReloadEvents.beforeAssemblyReload: UnityEditor.Search.SearchMonitor.OnBeforeAssemblyReload                                                                                                                                      :        1 samples, Peak.  3.63 ms (1.0x), Avg.  3.63 ms, Total. 3.634 ms (0.0%)
[Performance] AssemblyReloadEvents.beforeAssemblyReload: UnityEditor.Overlays.OverlayCanvas.OnBeforeAssemblyReload                                                                                                                                    :        1 samples, Peak.  2.08 ms (1.0x), Avg.  2.08 ms, Total. 2.085 ms (0.0%)
[Performance] AssemblyReloadEvents.beforeAssemblyReload: UnityEditor.EditorTools.EditorToolManager.BeforeAssemblyReload                                                                                                                               :        1 samples, Peak.   188 us (1.0x), Avg.   188 us, Total. 188.4 us (0.0%)
[Performance] AssemblyReloadEvents.afterAssemblyReload: UnityEditor.InspectorWindow.OnAfterAssemblyReload                                                                                                                                             :        1 samples, Peak.   217 us (1.0x), Avg.   217 us, Total. 217.3 us (0.0%)
[Performance] AssemblyReloadEvents.afterAssemblyReload: UnityEditor.ProjectBrowser.OnAfterAssemblyReload                                                                                                                                              :        1 samples, Peak.  25.7 us (1.0x), Avg.  25.7 us, Total. 25.67 us (0.0%)
[Performance] GameView.Used                                                                                                                                                                                                                           :        1 samples, Peak.   136 ms (1.0x), Avg.   136 ms, Total. 135.8 ms (0.1%)
[Performance] UnityBuildPostprocessor.OnProcessScene                                                                                                                                                                                                  :        1 samples, Peak.  2.18 ms (1.0x), Avg.  2.18 ms, Total. 2.182 ms (0.0%)
[Performance] UnityConnect.Tick                                                                                                                                                                                                                       :        1 samples, Peak.   674 us (1.0x), Avg.   674 us, Total. 673.7 us (0.0%)
[Performance] UnityConnect.PollInfo                                                                                                                                                                                                                   :        1 samples, Peak.  1.83 us (1.0x), Avg.  1.83 us, Total. 1.833 us (0.0%)
[Performance] Collab.Tick                                                                                                                                                                                                                             :        1 samples, Peak.   357 us (1.0x), Avg.   357 us, Total. 357.1 us (0.0%)
[Performance] CurlRequest.Tick                                                                                                                                                                                                                        :     1146 samples, Peak.   396 us (279.5x), Avg.  1.42 us, Total. 1.623 ms (0.0%)
[Performance] WebSocketClient.Tick                                                                                                                                                                                                                    :     1146 samples, Peak.   188 us (113.8x), Avg.  1.65 us, Total. 1.892 ms (0.0%)
[Performance] AssetDatabase.Tick                                                                                                                                                                                                                      :     1146 samples, Peak.   488 us (613.6x), Avg.   795 ns, Total. 910.9 us (0.0%)
[Performance] SceneBackgroundTask.Tick                                                                                                                                                                                                                :      779 samples, Peak.  1.08 us (4.9x), Avg.   223 ns, Total. 173.7 us (0.0%)
[Performance] Scheduler.Tick                                                                                                                                                                                                                          :     8180 samples, Peak.  6.55 ms (157.4x), Avg.  41.6 us, Total. 340.1 ms (0.2%)
[Performance] PlayerUpdates.Tick                                                                                                                                                                                                                      :     2176 samples, Peak.   380 us (26.5x), Avg.  14.3 us, Total. 31.17 ms (0.0%)
[Performance] Application.TickGlobalCallbacks                                                                                                                                                                                                         :    23015 samples, Peak.   124 ms (2309.6x), Avg.  53.5 us, Total. 1.231 s (0.6%)
[Performance] EditorAnalytics.Tick                                                                                                                                                                                                                    :      480 samples, Peak.  1.68 ms (114.8x), Avg.  14.6 us, Total. 7.017 ms (0.0%)
[Performance] Video.Update                                                                                                                                                                                                                            :    23015 samples, Peak.  1.14 ms (2247.4x), Avg.   507 ns, Total. 11.68 ms (0.0%)
[Performance] Application.TickProgress                                                                                                                                                                                                                :    23015 samples, Peak.  5.45 ms (6903.9x), Avg.   789 ns, Total. 18.16 ms (0.0%)
[Performance] Application.TickSceneTracker                                                                                                                                                                                                            :    23015 samples, Peak.  56.5 ms (1558.3x), Avg.  36.2 us, Total. 833.8 ms (0.4%)
[Performance] ObjectChangeEvents.changesPublished: UnityEditor.PrefabInstanceChangedListener.OnObjectChanged                                                                                                                                          :        1 samples, Peak.  1.46 ms (1.0x), Avg.  1.46 ms, Total. 1.458 ms (0.0%)
[Performance] ObjectChangeEvents.changesPublished: UnityEditor.PropertyEditor.OnObjectChanged                                                                                                                                                         :        1 samples, Peak.   482 us (1.0x), Avg.   482 us, Total. 481.6 us (0.0%)
[Performance] ObjectChangeEvents.changesPublished: UnityEditor.Search.SearchMonitor.OnObjectChanged                                                                                                                                                   :        1 samples, Peak.   569 us (1.0x), Avg.   569 us, Total. 569.3 us (0.0%)
[Performance] EditorApplication.update                                                                                                                                                                                                                :    23015 samples, Peak.  56.4 ms (1749.9x), Avg.  32.3 us, Total. 742.4 ms (0.4%)
[Performance] EditorApplication.update: UnityEditor.AnimatedValues.BaseAnimValue`1[[UnityEngine.Quaternion, UnityEngine.CoreModule, Version=0.0.0.0, Culture=neutral, PublicKeyToken=null]].Update                                                    :        1 samples, Peak.   275 us (1.0x), Avg.   275 us, Total. 274.7 us (0.0%)
[Performance] EditorApplication.update: UnityEngine.Rendering.ProbeSubdivisionContext+RealtimeProbeSubdivisionDebug.UpdateRealtimeSubdivisionDebug                                                                                                    :    23015 samples, Peak.  4.17 ms (2910.1x), Avg.  1.43 us, Total. 32.98 ms (0.0%)
[Performance] EditorApplication.update: callback in UnityEditor.Rendering.Universal.MaterialReimporter                                                                                                                                                :    23015 samples, Peak.  3.25 ms (1753.3x), Avg.  1.85 us, Total. 42.65 ms (0.0%)
[Performance] EditorApplication.update: UnityEditor.PackageManager.UI.Internal.ApplicationProxy.OnUpdate                                                                                                                                              :    23015 samples, Peak.  3.35 ms (737.8x), Avg.  4.55 us, Total. 104.6 ms (0.1%)
[Performance] EditorApplication.update: UnityEditor.PackageManager.UI.Internal.UpmBaseOperation`1[[UnityEditor.PackageManager.Requests.ListRequest, UnityEditor.CoreModule, Version=0.0.0.0, Culture=neutral, PublicKeyToken=null]].Progress          :       17 samples, Peak.  53.5 ms (14.5x), Avg.  3.70 ms, Total. 62.86 ms (0.0%)
[Performance] EditorApplication.update: UnityEditor.PackageManager.UI.Internal.UpmBaseOperation`1[[UnityEditor.PackageManager.Requests.GetRegistriesRequest, UnityEditor.CoreModule, Version=0.0.0.0, Culture=neutral, PublicKeyToken=null]].Progress :        7 samples, Peak.  3.98 ms (6.9x), Avg.   577 us, Total. 4.037 ms (0.0%)
[Performance] EditorApplication.update: UnityEditor.GameView.RepaintIfNeeded                                                                                                                                                                          :    23015 samples, Peak.  1.06 ms (724.8x), Avg.  1.47 us, Total. 33.75 ms (0.0%)
[Performance] EditorApplication.update: UnityEditor.HostView.SendUpdate                                                                                                                                                                               :    23015 samples, Peak.  1.28 ms (277.4x), Avg.  4.63 us, Total. 106.5 ms (0.1%)
[Performance] EditorApplication.update: UnityEditor.SceneManagement.StageNavigationManager.Update                                                                                                                                                     :    23015 samples, Peak.   511 us (688.9x), Avg.   742 ns, Total. 17.08 ms (0.0%)
[Performance] EditorApplication.update: UnityEditor.Toolbars.AccountDropdown.CheckAvailability                                                                                                                                                        :    23015 samples, Peak.  1.04 ms (486.7x), Avg.  2.14 us, Total. 49.14 ms (0.0%)
[Performance] EditorApplication.update: UnityEditor.Toolbars.CloudButton.CheckAvailability                                                                                                                                                            :    23015 samples, Peak.   196 us (251.9x), Avg.   779 ns, Total. 17.93 ms (0.0%)
[Performance] EditorApplication.update: UnityEditor.Toolbars.PreviewPackagesInUseDropdown.CheckAvailability                                                                                                                                           :    23015 samples, Peak.   240 us (268.3x), Avg.   895 ns, Total. 20.59 ms (0.0%)
[Performance] EditorApplication.update: GLTFast.OnScriptsReloadHandler.Progress                                                                                                                                                                       :        8 samples, Peak.  1.68 ms (6.6x), Avg.   253 us, Total. 2.024 ms (0.0%)
[Performance] EditorApplication.update: UnityEditor.Rendering.Universal.SceneViewDrawMode.UpdateSceneViewStates                                                                                                                                       :    23015 samples, Peak.  15.8 ms (2764.7x), Avg.  5.71 us, Total. 131.5 ms (0.1%)
[Performance] Package.AsyncRequest                                                                                                                                                                                                                    :        4 samples, Peak.  1.15 ms (1.8x), Avg.   641 us, Total. 2.564 ms (0.0%)
[Performance] RequestRepaintForPanels                                                                                                                                                                                                                 :        1 samples, Peak.   607 us (1.0x), Avg.   607 us, Total. 606.9 us (0.0%)
[Performance] PackageImporter.Tick                                                                                                                                                                                                                    :      591 samples, Peak.  5.08 us (10.2x), Avg.   500 ns, Total. 295.7 us (0.0%)
[Performance] InspectorBackground.Tick                                                                                                                                                                                                                :      778 samples, Peak.  12.5 us (35.7x), Avg.   349 ns, Total. 271.8 us (0.0%)
[Performance] BurstDebug.Tick                                                                                                                                                                                                                         :      243 samples, Peak.  3.50 us (3.5x), Avg.  1.01 us, Total. 245.6 us (0.0%)
[Performance] ConsoleLog.Tick                                                                                                                                                                                                                         :      591 samples, Peak.  1.01 ms (76.7x), Avg.  13.1 us, Total. 7.756 ms (0.0%)
[Performance] Application.ChangeLayoutIfNeeded                                                                                                                                                                                                        :    23015 samples, Peak.  31.1 us (231.5x), Avg.   134 ns, Total. 3.091 ms (0.0%)
[Performance] AsyncReadManager.ForceCloseFiles                                                                                                                                                                                                        :      123 samples, Peak.  1.71 ms (103.9x), Avg.  16.4 us, Total. 2.021 ms (0.0%)
[Performance] GUIView.RepaintAll.RequestRepaint                                                                                                                                                                                                       :        1 samples, Peak.  23.2 ms (1.0x), Avg.  23.2 ms, Total. 23.22 ms (0.0%)
[Performance] Application.Message                                                                                                                                                                                                                     :    23015 samples, Peak.  29.9 ms (9401.2x), Avg.  3.18 us, Total. 73.08 ms (0.0%)
[Performance] RepaintAllProfilerWindows                                                                                                                                                                                                               :      244 samples, Peak.  1.47 ms (46.7x), Avg.  31.4 us, Total. 7.664 ms (0.0%)
[Performance] HierarchyWindow.Tick                                                                                                                                                                                                                    :      778 samples, Peak.  2.06 ms (731.4x), Avg.  2.82 us, Total. 2.191 ms (0.0%)
[Performance] EditorApplication.hierarchyChanged: Unity.UIElements.Editor.UIDocumentHierarchyWatcher.OnHierarchyChanged                                                                                                                               :        1 samples, Peak.   224 us (1.0x), Avg.   224 us, Total. 224.2 us (0.0%)
[Performance] Inspector.Tick                                                                                                                                                                                                                          :      778 samples, Peak.   361 ms (608.4x), Avg.   594 us, Total. 462.0 ms (0.2%)
[Performance] EditorApplication.delayCall: UnityEditor.ShortcutManagement.ShortcutIntegration.EnsureShortcutsAreInitialized                                                                                                                           :        1 samples, Peak.  15.3 ms (1.0x), Avg.  15.3 ms, Total. 15.29 ms (0.0%)
[Performance] EditorApplication.delayCall: callback in UnityEditor.Rendering.Universal.RendererDataPatcher                                                                                                                                            :        1 samples, Peak.   299 ms (1.0x), Avg.   299 ms, Total. 298.9 ms (0.2%)
[Performance] EditorApplication.delayCall: callback in UnityEditor.SceneVisibilityManager                                                                                                                                                             :        1 samples, Peak.  7.40 ms (1.0x), Avg.  7.40 ms, Total. 7.401 ms (0.0%)
[Performance] EditorApplication.delayCall: callback in UnityEditor.EditorTools.ToolShortcutContext                                                                                                                                                    :        1 samples, Peak.   351 us (1.0x), Avg.   351 us, Total. 350.7 us (0.0%)
[Performance] EditorApplication.delayCall: callback in UnityEditor.EditorWindow                                                                                                                                                                       :        1 samples, Peak.  67.3 us (1.0x), Avg.  67.3 us, Total. 67.25 us (0.0%)
[Performance] EditorApplication.delayCall: UnityEditor.EditorTools.EditorTool.Activate                                                                                                                                                                :        1 samples, Peak.   232 us (1.0x), Avg.   232 us, Total. 232.0 us (0.0%)
[Performance] EditorApplication.delayCall: UnityEditor.EditorTools.EditorToolContext.Activate                                                                                                                                                         :        1 samples, Peak.  86.3 us (1.0x), Avg.  86.3 us, Total. 86.33 us (0.0%)
[Performance] EditorApplication.delayCall: UnityEditor.Toolbars.PlayModeButtons.<.ctor>b__7_1                                                                                                                                                         :        1 samples, Peak.  3.88 ms (1.0x), Avg.  3.88 ms, Total. 3.877 ms (0.0%)
[Performance] EditorApplication.delayCall: UnityEditor.Toolbars.LayoutDropdown.CheckAvailability                                                                                                                                                      :        1 samples, Peak.   328 us (1.0x), Avg.   328 us, Total. 327.7 us (0.0%)
[Performance] EditorApplication.delayCall: UnityEditor.Toolbars.LayersDropdown.CheckAvailability                                                                                                                                                      :        1 samples, Peak.   230 us (1.0x), Avg.   230 us, Total. 230.5 us (0.0%)
[Performance] EditorApplication.delayCall: UnityEditor.Toolbars.ModesDropdown.CheckAvailability                                                                                                                                                       :        1 samples, Peak.  13.8 ms (1.0x), Avg.  13.8 ms, Total. 13.76 ms (0.0%)
[Performance] EditorApplication.delayCall: UnityEditor.Search.SearchButton.DelayInitialization                                                                                                                                                        :        1 samples, Peak.  13.0 ms (1.0x), Avg.  13.0 ms, Total. 12.97 ms (0.0%)
[Performance] EditorApplication.delayCall: UnityEditor.Toolbars.UndoButton.DelayInitialization                                                                                                                                                        :        1 samples, Peak.   334 us (1.0x), Avg.   334 us, Total. 333.8 us (0.0%)
[Performance] EditorApplication.delayCall: UnityEditor.SearchService.OpenSearchHelper.UpdateBindingAndTooltip                                                                                                                                         :        1 samples, Peak.  1.17 ms (1.0x), Avg.  1.17 ms, Total. 1.166 ms (0.0%)
[Performance] Tooltip.Tick                                                                                                                                                                                                                            :     2173 samples, Peak.  44.0 us (89.0x), Avg.   494 ns, Total. 1.073 ms (0.0%)
[Performance] Application.RequestRepaintForPanels                                                                                                                                                                                                     :    23014 samples, Peak.  1.79 ms (505.7x), Avg.  3.54 us, Total. 81.54 ms (0.0%)
[Performance] Application.UpdateScene                                                                                                                                                                                                                 :    23014 samples, Peak.   921 ms (182.5x), Avg.  5.05 ms, Total. 116.2 s (60.4%)
[Performance] GameView.KeyDown                                                                                                                                                                                                                        :        8 samples, Peak.  35.5 ms (6.7x), Avg.  5.32 ms, Total. 42.54 ms (0.0%)
[Performance] GameView.KeyUp                                                                                                                                                                                                                          :        4 samples, Peak.  6.71 ms (3.4x), Avg.  1.98 ms, Total. 7.902 ms (0.0%)
[Performance] InspectorWindow.MouseMove                                                                                                                                                                                                               :        2 samples, Peak.  69.5 ms (2.0x), Avg.  34.9 ms, Total. 69.71 ms (0.0%)
[Performance] InspectorWindow.MouseEnterWindow                                                                                                                                                                                                        :        1 samples, Peak.  2.10 ms (1.0x), Avg.  2.10 ms, Total. 2.101 ms (0.0%)
[Performance] InspectorWindow.MouseLeaveWindow                                                                                                                                                                                                        :        1 samples, Peak.  47.0 ms (1.0x), Avg.  47.0 ms, Total. 46.99 ms (0.0%)
[Performance] GameView.MouseMove                                                                                                                                                                                                                      :        1 samples, Peak.  29.4 ms (1.0x), Avg.  29.4 ms, Total. 29.43 ms (0.0%)
[Performance] GameView.MouseEnterWindow                                                                                                                                                                                                               :        1 samples, Peak.  1.65 ms (1.0x), Avg.  1.65 ms, Total. 1.646 ms (0.0%)
[Performance] GameView.MouseLeaveWindow                                                                                                                                                                                                               :        1 samples, Peak.  62.9 us (1.0x), Avg.  62.9 us, Total. 62.88 us (0.0%)
[Performance] Application.Shutdown.CollabTerminate                                                                                                                                                                                                    :        1 samples, Peak.  33.5 us (1.0x), Avg.  33.5 us, Total. 33.54 us (0.0%)
[Performance] Application.Shutdown.CollabCleanup                                                                                                                                                                                                      :        1 samples, Peak.  2.38 ms (1.0x), Avg.  2.38 ms, Total. 2.381 ms (0.0%)
[Performance] Application.Shutdown.SaveDefaultWindowPreferences                                                                                                                                                                                       :        1 samples, Peak.  74.1 ms (1.0x), Avg.  74.1 ms, Total. 74.06 ms (0.0%)
[Performance] Application.Shutdown.SaveSceneManagerSetup                                                                                                                                                                                              :        1 samples, Peak.   799 us (1.0x), Avg.   799 us, Total. 799.5 us (0.0%)
[Performance] Application.Shutdown.CleanupAllContainerWindows                                                                                                                                                                                         :        1 samples, Peak.  2.37 us (1.0x), Avg.  2.37 us, Total. 2.375 us (0.0%)
[Performance] EditorApplication.quitting: Unity.Burst.Editor.BurstLoader.OnEditorApplicationQuitting                                                                                                                                                  :        1 samples, Peak.  82.8 us (1.0x), Avg.  82.8 us, Total. 82.79 us (0.0%)
[Performance] EditorApplication.quitting: callback in UnityEditor.TextCore.Text.EditorEventCallbacks                                                                                                                                                  :        1 samples, Peak.  59.6 ms (1.0x), Avg.  59.6 ms, Total. 59.60 ms (0.0%)
[Performance] EditorApplication.quitting: UnityEditor.Search.SearchMonitor.OnQuitting                                                                                                                                                                 :        1 samples, Peak.  5.19 ms (1.0x), Avg.  5.19 ms, Total. 5.194 ms (0.0%)
[Performance] Application.Shutdown.PauseProfilerSession                                                                                                                                                                                               :        1 samples, Peak.  79.6 us (1.0x), Avg.  79.6 us, Total. 79.63 us (0.0%)
[Performance] Application.Shutdown.PauseAssetImportWorkers                                                                                                                                                                                            :        1 samples, Peak.  2.31 ms (1.0x), Avg.  2.31 ms, Total. 2.306 ms (0.0%)
[Performance] Application.Shutdown.SaveAssets                                                                                                                                                                                                         :        1 samples, Peak.  62.3 ms (1.0x), Avg.  62.3 ms, Total. 62.34 ms (0.0%)
[Performance] Application.Shutdown.CleanupRenderPipeline                                                                                                                                                                                              :        1 samples, Peak.  25.3 ms (1.0x), Avg.  25.3 ms, Total. 25.27 ms (0.0%)
[Performance] Application.Shutdown.StopPreloadManager                                                                                                                                                                                                 :        1 samples, Peak.  11.1 ms (1.0x), Avg.  11.1 ms, Total. 11.07 ms (0.0%)
[Performance] Application.Shutdown.DestroyWorld                                                                                                                                                                                                       :        1 samples, Peak.  20.4 ms (1.0x), Avg.  20.4 ms, Total. 20.41 ms (0.0%)
[Performance] Application.Shutdown.CleanupAfterLoad                                                                                                                                                                                                   :        1 samples, Peak.   829 ms (1.0x), Avg.   829 ms, Total. 828.9 ms (0.4%)
[Performance] Application.Shutdown.Progress                                                                                                                                                                                                           :        1 samples, Peak.   247 us (1.0x), Avg.   247 us, Total. 247.0 us (0.0%)
[Performance] Application.Shutdown.GICleanupManagers                                                                                                                                                                                                  :        1 samples, Peak.  16.5 ms (1.0x), Avg.  16.5 ms, Total. 16.48 ms (0.0%)
[Performance] Application.Shutdown.MenuCleanupClass                                                                                                                                                                                                   :        1 samples, Peak.  1.60 ms (1.0x), Avg.  1.60 ms, Total. 1.598 ms (0.0%)
[Performance] Application.Shutdown.ADBSaveStateBeforeShutdown                                                                                                                                                                                         :        1 samples, Peak.  7.76 ms (1.0x), Avg.  7.76 ms, Total. 7.760 ms (0.0%)
[Performance] Application.Shutdown.RemoteShutdown                                                                                                                                                                                                     :        1 samples, Peak.  4.83 us (1.0x), Avg.  4.83 us, Total. 4.834 us (0.0%)
[Performance] Application.Shutdown.CleanupVCProvider                                                                                                                                                                                                  :        1 samples, Peak.   424 us (1.0x), Avg.   424 us, Total. 423.8 us (0.0%)
[Performance] Application.Shutdown.InputShutdown                                                                                                                                                                                                      :        1 samples, Peak.  1.11 ms (1.0x), Avg.  1.11 ms, Total. 1.108 ms (0.0%)
[Performance] Application.Shutdown.GizmoManagerDestroy                                                                                                                                                                                                :        1 samples, Peak.  1.48 ms (1.0x), Avg.  1.48 ms, Total. 1.479 ms (0.0%)
[Performance] Application.Shutdown.ProfilerSession                                                                                                                                                                                                    :        1 samples, Peak.  1.87 ms (1.0x), Avg.  1.87 ms, Total. 1.869 ms (0.0%)
[Performance] Application.Shutdown.ReleaseGfxWindowOnAllGUIViews                                                                                                                                                                                      :        1 samples, Peak.  31.4 ms (1.0x), Avg.  31.4 ms, Total. 31.42 ms (0.0%)
[Performance] Application.Shutdown.CleanupEngine                                                                                                                                                                                                      :        1 samples, Peak.   536 ms (1.0x), Avg.   536 ms, Total. 536.5 ms (0.3%)
[Performance] Application.Shutdown.CleanupAssetDatabase                                                                                                                                                                                               :        1 samples, Peak.  25.8 ms (1.0x), Avg.  25.8 ms, Total. 25.84 ms (0.0%)
[Performance] Application.Shutdown.ScriptCompilationCleanUp                                                                                                                                                                                           :        1 samples, Peak.   355 us (1.0x), Avg.   355 us, Total. 354.9 us (0.0%)
[Performance] Application.Shutdown.DestroyJobSystem                                                                                                                                                                                                   :        1 samples, Peak.   279 us (1.0x), Avg.   279 us, Total. 279.5 us (0.0%)
[Performance] Application.Shutdown.CleanupPersistentManager                                                                                                                                                                                           :        1 samples, Peak.  3.11 ms (1.0x), Avg.  3.11 ms, Total. 3.110 ms (0.0%)
[Performance] Application.Shutdown.CleanupAsyncReadManager                                                                                                                                                                                            :        1 samples, Peak.   153 us (1.0x), Avg.   153 us, Total. 153.1 us (0.0%)
[Performance] Application.Shutdown.CleanupMono                                                                                                                                                                                                        :        1 samples, Peak.   853 ms (1.0x), Avg.   853 ms, Total. 852.5 ms (0.4%)
[Performance] Application.Shutdown.CleanupStdConverters                                                                                                                                                                                               :        1 samples, Peak.  23.1 us (1.0x), Avg.  23.1 us, Total. 23.12 us (0.0%)
[Performance] Application.Shutdown.UnloadAllPlatformSupportModuleNativeDlls                                                                                                                                                                           :        1 samples, Peak.   236 us (1.0x), Avg.   236 us, Total. 236.1 us (0.0%)
[Performance] Application.Shutdown.UnloadAllPlatformSupportNativeLibraries                                                                                                                                                                            :        1 samples, Peak.  2.13 us (1.0x), Avg.  2.13 us, Total. 2.125 us (0.0%)
[Performance] Application.Shutdown.CleanupAutoDocumentation                                                                                                                                                                                           :        1 samples, Peak.   876 us (1.0x), Avg.   876 us, Total. 876.3 us (0.0%)
[Performance] Application.Shutdown.ShaderNameManagerDestroy                                                                                                                                                                                           :        1 samples, Peak.  1.72 ms (1.0x), Avg.  1.72 ms, Total. 1.722 ms (0.0%)
[Performance] Application.Shutdown.CleanupCacheServer                                                                                                                                                                                                 :        1 samples, Peak.  2.42 us (1.0x), Avg.  2.42 us, Total. 2.416 us (0.0%)
[Performance] Application.Shutdown.Virtualization_Shutdown                                                                                                                                                                                            :        1 samples, Peak.  30.4 us (1.0x), Avg.  30.4 us, Total. 30.37 us (0.0%)
[Performance] Application.Shutdown.DevConnections                                                                                                                                                                                                     :        1 samples, Peak.   291 us (1.0x), Avg.   291 us, Total. 290.9 us (0.0%)
[Package Manager] Server::Kill -- Server was shutdown
Checking for leaked weakptr:
  Found no leaked weakptrs.
Memory Statistics:
[ALLOC_TEMP_TLS] TLS Allocator
  StackAllocators : 
    [ALLOC_TEMP_CurlRequest]
      Initial Block Size 64.0 KB
      Current Block Size 64.0 KB
      Peak Allocated Bytes 0 B
      Overflow Count 0
    [ALLOC_TEMP_PreviewLoader]
      Initial Block Size 64.0 KB
      Current Block Size 64.0 KB
      Peak Allocated Bytes 59 B
      Overflow Count 0
    [ALLOC_TEMP_MAIN]
      Peak usage frame count: [4.0 KB-8.0 KB]: 22989 frames, [8.0 KB-16.0 KB]: 12 frames, [16.0 KB-32.0 KB]: 5 frames, [32.0 KB-64.0 KB]: 3 frames, [128.0 KB-256.0 KB]: 2 frames, [0.5 MB-1.0 MB]: 2 frames, [8.0 MB-16.0 MB]: 1 frames
      Initial Block Size 16.0 MB
      Current Block Size 26.5 MB
      Peak Allocated Bytes 11.6 MB
      Overflow Count 0
    [ALLOC_TEMP_Background Job.worker 6]
      Initial Block Size 32.0 KB
      Current Block Size 32.0 KB
      Peak Allocated Bytes 0 B
      Overflow Count 0
    [ALLOC_TEMP_Background Job.worker 15]
      Initial Block Size 32.0 KB
      Current Block Size 32.0 KB
      Peak Allocated Bytes 0 B
      Overflow Count 0
    [ALLOC_TEMP_BakingJobs.worker 0]
      Initial Block Size 256.0 KB
      Current Block Size 256.0 KB
      Peak Allocated Bytes 0 B
      Overflow Count 0
    [ALLOC_TEMP_AssetDatabase.FileHasherReader] x 4
      Initial Block Size 64.0 KB
      Current Block Size 64.0 KB
      Peak Allocated Bytes 31 B
      Overflow Count 0
    [ALLOC_TEMP_BakingJobs.worker 1]
      Initial Block Size 256.0 KB
      Current Block Size 256.0 KB
      Peak Allocated Bytes 10.0 KB
      Overflow Count 0
    [ALLOC_TEMP_BatchDeleteObjects]
      Initial Block Size 64.0 KB
      Current Block Size 64.0 KB
      Peak Allocated Bytes 0 B
      Overflow Count 0
    [ALLOC_TEMP_CoreBusinessMetricsCache]
      Initial Block Size 64.0 KB
      Current Block Size 64.0 KB
      Peak Allocated Bytes 7.9 KB
      Overflow Count 0
    [ALLOC_TEMP_REST Message Handler]
      Initial Block Size 64.0 KB
      Current Block Size 64.0 KB
      Peak Allocated Bytes 0 B
      Overflow Count 0
    [ALLOC_TEMP_Job.worker 4]
      Initial Block Size 256.0 KB
      Current Block Size 1.9 MB
      Peak Allocated Bytes 1.9 MB
      Overflow Count 0
    [ALLOC_TEMP_Background Job.worker 1]
      Initial Block Size 32.0 KB
      Current Block Size 208.0 KB
      Peak Allocated Bytes 121.6 KB
      Overflow Count 0
    [ALLOC_TEMP_AssetDatabase.IOService]
      Initial Block Size 64.0 KB
      Current Block Size 64.0 KB
      Peak Allocated Bytes 0 B
      Overflow Count 0
    [ALLOC_TEMP_Loading.PreloadManager] x 2
      Initial Block Size 32.0 MB
      Current Block Size 32.0 MB
      Peak Allocated Bytes 2.0 MB
      Overflow Count 0
    [ALLOC_TEMP_Background Job.worker 4]
      Initial Block Size 32.0 KB
      Current Block Size 32.0 KB
      Peak Allocated Bytes 0 B
      Overflow Count 0
    [ALLOC_TEMP_Background Job.worker 7]
      Initial Block Size 32.0 KB
      Current Block Size 32.0 KB
      Peak Allocated Bytes 0 B
      Overflow Count 0
    [ALLOC_TEMP_CloudJob.worker 0]
      Initial Block Size 32.0 KB
      Current Block Size 48.0 KB
      Peak Allocated Bytes 31.9 KB
      Overflow Count 0
    [ALLOC_TEMP_Background Job.worker 10]
      Initial Block Size 32.0 KB
      Current Block Size 32.0 KB
      Peak Allocated Bytes 0 B
      Overflow Count 0
    [ALLOC_TEMP_Background Job.worker 12]
      Initial Block Size 32.0 KB
      Current Block Size 32.0 KB
      Peak Allocated Bytes 0 B
      Overflow Count 0
    [ALLOC_TEMP_Background Job.worker 13]
      Initial Block Size 32.0 KB
      Current Block Size 32.0 KB
      Peak Allocated Bytes 0 B
      Overflow Count 0
    [ALLOC_TEMP_CurlRequest]
      Initial Block Size 64.0 KB
      Current Block Size 64.0 KB
      Peak Allocated Bytes 257 B
      Overflow Count 0
    [ALLOC_TEMP_BakingJobs.worker 4]
      Initial Block Size 256.0 KB
      Current Block Size 256.0 KB
      Peak Allocated Bytes 0 B
      Overflow Count 0
    [ALLOC_TEMP_Profiler.Dispatcher]
      Initial Block Size 64.0 KB
      Current Block Size 64.0 KB
      Peak Allocated Bytes 0 B
      Overflow Count 0
    [ALLOC_TEMP_Background Job.worker 14]
      Initial Block Size 32.0 KB
      Current Block Size 32.0 KB
      Peak Allocated Bytes 0 B
      Overflow Count 0
    [ALLOC_TEMP_ReadCacheIndex] x 2
      Initial Block Size 64.0 KB
      Current Block Size 64.0 KB
      Peak Allocated Bytes 1.0 KB
      Overflow Count 0
    [ALLOC_TEMP_Background Job.worker 9]
      Initial Block Size 32.0 KB
      Current Block Size 32.0 KB
      Peak Allocated Bytes 0 B
      Overflow Count 0
    [ALLOC_TEMP_EnlightenWorker] x 4
      Initial Block Size 64.0 KB
      Current Block Size 64.0 KB
      Peak Allocated Bytes 0 B
      Overflow Count 0
    [ALLOC_TEMP_Job.worker 3]
      Initial Block Size 256.0 KB
      Current Block Size 1.2 MB
      Peak Allocated Bytes 1.2 MB
      Overflow Count 1
    [ALLOC_TEMP_Job.worker 2]
      Initial Block Size 256.0 KB
      Current Block Size 1.9 MB
      Peak Allocated Bytes 1.9 MB
      Overflow Count 0
    [ALLOC_TEMP_Loading.AsyncRead]
      Initial Block Size 64.0 KB
      Current Block Size 64.0 KB
      Peak Allocated Bytes 128 B
      Overflow Count 0
    [ALLOC_TEMP_Background Job.worker 3]
      Initial Block Size 32.0 KB
      Current Block Size 32.0 KB
      Peak Allocated Bytes 0 B
      Overflow Count 0
    [ALLOC_TEMP_Background Job.worker 2]
      Initial Block Size 32.0 KB
      Current Block Size 32.0 KB
      Peak Allocated Bytes 103 B
      Overflow Count 0
    [ALLOC_TEMP_Background Job.worker 8]
      Initial Block Size 32.0 KB
      Current Block Size 32.0 KB
      Peak Allocated Bytes 0 B
      Overflow Count 0
    [ALLOC_TEMP_OSX HID Input]
      Initial Block Size 64.0 KB
      Current Block Size 64.0 KB
      Peak Allocated Bytes 0 B
      Overflow Count 0
    [ALLOC_TEMP_BakingJobs.worker 7]
      Initial Block Size 256.0 KB
      Current Block Size 256.0 KB
      Peak Allocated Bytes 0 B
      Overflow Count 0
    [ALLOC_TEMP_BakingJobs.worker 6]
      Initial Block Size 256.0 KB
      Current Block Size 256.0 KB
      Peak Allocated Bytes 0 B
      Overflow Count 0
    [ALLOC_TEMP_Job.worker 6]
      Initial Block Size 256.0 KB
      Current Block Size 1.9 MB
      Peak Allocated Bytes 1.9 MB
      Overflow Count 0
    [ALLOC_TEMP_Background Job.worker 0]
      Initial Block Size 32.0 KB
      Current Block Size 32.0 KB
      Peak Allocated Bytes 0 B
      Overflow Count 0
    [ALLOC_TEMP_AUDIO_FMOD stream thread]
      Initial Block Size 64.0 KB
      Current Block Size 64.0 KB
      Peak Allocated Bytes 0 B
      Overflow Count 0
    [ALLOC_TEMP_AssetDatabase.FileHasherHasher] x 4
      Initial Block Size 64.0 KB
      Current Block Size 64.0 KB
      Peak Allocated Bytes 130 B
      Overflow Count 0
    [ALLOC_TEMP_BakingJobs.worker 3]
      Initial Block Size 256.0 KB
      Current Block Size 256.0 KB
      Peak Allocated Bytes 0 B
      Overflow Count 0
    [ALLOC_TEMP_Job.worker 1]
      Initial Block Size 256.0 KB
      Current Block Size 1.3 MB
      Peak Allocated Bytes 1.3 MB
      Overflow Count 5
    [ALLOC_TEMP_Background Job.worker 5]
      Initial Block Size 32.0 KB
      Current Block Size 32.0 KB
      Peak Allocated Bytes 0 B
      Overflow Count 0
    [ALLOC_TEMP_BakingJobs.worker 2]
      Initial Block Size 256.0 KB
      Current Block Size 256.0 KB
      Peak Allocated Bytes 0 B
      Overflow Count 0
    [ALLOC_TEMP_Background Job.worker 11]
      Initial Block Size 32.0 KB
      Current Block Size 32.0 KB
      Peak Allocated Bytes 0 B
      Overflow Count 0
    [ALLOC_TEMP_EditorTaskManager]
      Initial Block Size 64.0 KB
      Current Block Size 80.0 KB
      Peak Allocated Bytes 64.0 KB
      Overflow Count 0
    [ALLOC_TEMP_Job.worker 5]
      Initial Block Size 256.0 KB
      Current Block Size 256.0 KB
      Peak Allocated Bytes 18.0 KB
      Overflow Count 0
    [ALLOC_TEMP_HTTP REST Server]
      Initial Block Size 64.0 KB
      Current Block Size 64.0 KB
      Peak Allocated Bytes 70 B
      Overflow Count 0
    [ALLOC_TEMP_AssetGarbageCollectorHelper] x 7
      Initial Block Size 64.0 KB
      Current Block Size 64.0 KB
      Peak Allocated Bytes 0 B
      Overflow Count 0
    [ALLOC_TEMP_AUDIO_Audio Mixer Thread]
      Initial Block Size 64.0 KB
      Current Block Size 64.0 KB
      Peak Allocated Bytes 0 B
      Overflow Count 0
    [ALLOC_TEMP_BakingJobs.worker 5]
      Initial Block Size 256.0 KB
      Current Block Size 256.0 KB
      Peak Allocated Bytes 0 B
      Overflow Count 0
    [ALLOC_TEMP_Job.worker 0]
      Initial Block Size 256.0 KB
      Current Block Size 256.0 KB
      Peak Allocated Bytes 18.4 KB
      Overflow Count 1
    [ALLOC_TEMP_UnityGfxDeviceWorker]
      Initial Block Size 256.0 KB
      Current Block Size 272.0 KB
      Peak Allocated Bytes 256.0 KB
      Overflow Count 0
[ALLOC_MEMORYPROFILER]
  Peak usage frame count: [128.0 KB-256.0 KB]: 23013 frames, [256.0 KB-0.5 MB]: 1 frames
  Requested Block Size 1.0 MB
  Peak Block count 1
  Peak Allocated memory 448.5 KB
  Peak Large allocation bytes 0 B
[ALLOC_DEFAULT] Dual Thread Allocator
  Peak main deferred allocation count 17420
    [ALLOC_BUCKET]
      Large Block size 32.0 MB
      Used Block count 1
      Peak Allocated bytes 8.2 MB
    [ALLOC_DEFAULT_MAIN]
      Peak usage frame count: [64.0 MB-128.0 MB]: 23014 frames
      Requested Block Size 16.0 MB
      Peak Block count 8
      Peak Allocated memory 109.1 MB
      Peak Large allocation bytes 0 B
    [ALLOC_DEFAULT_THREAD]
      Peak usage frame count: [8.0 MB-16.0 MB]: 23013 frames, [32.0 MB-64.0 MB]: 1 frames
      Requested Block Size 16.0 MB
      Peak Block count 1
      Peak Allocated memory 44.6 MB
      Peak Large allocation bytes 29.6 MB
[ALLOC_TEMP_JOB_1_FRAME]
  Initial Block Size 2.0 MB
  Used Block Count 0
  Overflow Count (too large) 0
  Overflow Count (full) 0
[ALLOC_TEMP_JOB_2_FRAMES]
  Initial Block Size 2.0 MB
  Used Block Count 0
  Overflow Count (too large) 0
  Overflow Count (full) 0
[ALLOC_TEMP_JOB_4_FRAMES (JobTemp)]
  Initial Block Size 2.0 MB
  Used Block Count 1
  Overflow Count (too large) 0
  Overflow Count (full) 0
[ALLOC_TEMP_JOB_ASYNC (Background)]
  Initial Block Size 1.0 MB
  Used Block Count 1
  Overflow Count (too large) 3
  Overflow Count (full) 0
[ALLOC_GFX] Dual Thread Allocator
  Peak main deferred allocation count 34
    [ALLOC_BUCKET]
      Large Block size 32.0 MB
      Used Block count 1
      Peak Allocated bytes 8.2 MB
    [ALLOC_GFX_MAIN]
      Peak usage frame count: [8.0 MB-16.0 MB]: 23013 frames, [32.0 MB-64.0 MB]: 1 frames
      Requested Block Size 16.0 MB
      Peak Block count 3
      Peak Allocated memory 33.0 MB
      Peak Large allocation bytes 0 B
    [ALLOC_GFX_THREAD]
      Peak usage frame count: [0.5 MB-1.0 MB]: 23014 frames
      Requested Block Size 16.0 MB
      Peak Block count 1
      Peak Allocated memory 0.8 MB
      Peak Large allocation bytes 0 B
[ALLOC_CACHEOBJECTS] Dual Thread Allocator
  Peak main deferred allocation count 1003
    [ALLOC_BUCKET]
      Large Block size 32.0 MB
      Used Block count 1
      Peak Allocated bytes 8.2 MB
    [ALLOC_CACHEOBJECTS_MAIN]
      Peak usage frame count: [16.0 MB-32.0 MB]: 23013 frames, [32.0 MB-64.0 MB]: 1 frames
      Requested Block Size 4.0 MB
      Peak Block count 14
      Peak Allocated memory 46.8 MB
      Peak Large allocation bytes 22.7 MB
    [ALLOC_CACHEOBJECTS_THREAD]
      Peak usage frame count: [128.0 KB-256.0 KB]: 23013 frames, [1.0 MB-2.0 MB]: 1 frames
      Requested Block Size 4.0 MB
      Peak Block count 1
      Peak Allocated memory 1.1 MB
      Peak Large allocation bytes 0 B
[ALLOC_TYPETREE] Dual Thread Allocator
  Peak main deferred allocation count 524
    [ALLOC_BUCKET]
      Large Block size 32.0 MB
      Used Block count 1
      Peak Allocated bytes 8.2 MB
    [ALLOC_TYPETREE_MAIN]
      Peak usage frame count: [256.0 KB-0.5 MB]: 23013 frames, [8.0 MB-16.0 MB]: 1 frames
      Requested Block Size 2.0 MB
      Peak Block count 7
      Peak Allocated memory 11.9 MB
      Peak Large allocation bytes 0 B
    [ALLOC_TYPETREE_THREAD]
      Peak usage frame count: [64.0 KB-128.0 KB]: 23013 frames, [128.0 KB-256.0 KB]: 1 frames
      Requested Block Size 2.0 MB
      Peak Block count 1
      Peak Allocated memory 184.1 KB
      Peak Large allocation bytes 0 B
[ALLOC_PROFILER]
  Peak usage frame count: [0.5 MB-1.0 MB]: 23014 frames
  Requested Block Size 16.0 MB
  Peak Block count 1
  Peak Allocated memory 0.6 MB
  Peak Large allocation bytes 0 B
    [ALLOC_PROFILER_BUCKET]
      Large Block size 32.0 MB
      Used Block count 1
      Peak Allocated bytes 11.6 KB
[ALLOC_PROFILER_EDITOR]
  Peak usage frame count: [0-1.0 KB]: 23014 frames
  Requested Block Size 1.0 MB
  Peak Block count 0
  Peak Allocated memory 0 B
  Peak Large allocation bytes 0 B
    [ALLOC_PROFILER_BUCKET]
      Large Block size 32.0 MB
      Used Block count 1
      Peak Allocated bytes 11.6 KB
##utp:{"type":"MemoryLeaks","version":2,"phase":"Immediate","time":1778241422093,"processId":59690,"allocatedMemory":17715982,"memoryLabels":[{"Default":11375},{"Permanent":15536},{"Thread":1083508},{"Manager":30495},{"VertexData":12},{"Geometry":280},{"Texture":168},{"Shader":67451},{"Material":24},{"GfxDevice":43664},{"GfxThread":2880},{"Animation":304},{"Audio":3904},{"FontEngine":288},{"Physics":561},{"Serialization":612},{"Input":9024},{"JobScheduler":232},{"Mono":40},{"ScriptingNativeRuntime":7924888},{"BaseObject":1618916},{"Resource":912},{"Renderer":2272},{"Transform":24},{"File":21143},{"WebCam":40},{"Culling":40},{"Terrain":1025},{"Wind":24},{"String":36937},{"DynamicArray":134704},{"HashMap":104319},{"Utility":289286},{"Curl":1056},{"PoolAlloc":1464},{"AI":40},{"TypeTree":4533},{"ScriptManager":528},{"RuntimeInitializeOnLoadManager":72},{"SpriteAtlas":112},{"GI":3416},{"Director":7880},{"CloudService":9776},{"WebRequest":816},{"VR":45641},{"SceneManager":616},{"Video":2120},{"LazyScriptCache":32},{"NativeArray":12},{"Camera":25},{"Secure":9817},{"SerializationCache":1576},{"APIUpdating":11856},{"Subsystems":384},{"VirtualTexturing":57512},{"StaticSafetyDebugInfo":327680},{"Baselib":16},{"EditorGui":232},{"EditorUtility":110088},{"VersionControl":4},{"Undo":720},{"AssetDatabase":5659687},{"RestService":376},{"EditorGi":376},{"License":3616},{"UnityConnect":26296},{"Collab":785},{"Upm":1600},{"DrivenProperties":80},{"HubClient":5923},{"LocalIPC":316},{"ProfilerEditor":10967},{"CoreBusinessMetrics":2984},{"AssetReference":32},{"IPCStream":32}]}
