Unity Editor version:    2022.3.0f1 (fb119bb0b476)
Branch:                  2022.3/release
Build type:              Release
Batch mode:              YES
macOS version:           Version 26.3.1 (a) (Build 25D771280a)
Darwin version:          25.3.0
Architecture:            arm64
Running under Rosetta:   NO
Available memory:        8192 MB
[Licensing::Module] Trying to connect to existing licensing client channel...
[Licensing::IpcConnector] Successfully connected to the License Client on channel: "LicenseClient-guribbong"
[Licensing::Client] Error: Code 10 while verifying Licensing Client signature (process Id: 70512, path: "/Applications/Unity Hub.app/Contents/Frameworks/UnityLicensingClient_V1.app/Contents/MacOS/Unity.Licensing.Client")
[Licensing::Module] Error: LicensingClient has failed validation; ignoring
[Licensing::Client] Handshaking with LicensingClient:
  Version:                 1.17.4+4293ba1
  Session Id:              0307b56934b6431d848994726ca6f06d
  Correlation Id:          ec1659fbc368e6230046737c7686d8d4
  External correlation Id: 5326987208667353691
  Machine Id:              kK/taOzULwH3CoqhnK6anvJ0b88=
[Licensing::Module] Successfully connected to LicensingClient on channel: "LicenseClient-guribbong" (connect: 0.00s, validation: 0.01s, handshake: 0.28s)
[Licensing::IpcConnector] Successfully connected to the License Notification on channel: "LicenseClient-guribbong-notifications"
[Licensing::Module] Error: Access token is unavailable; failed to update
[Licensing::Client] Successfully updated license
[Licensing::Client] Successfully resolved entitlements
[Licensing::Module] Serial number assigned to: "14568638156105-UnityPersXXXX"
Pro License: NO
Launching external process: /Applications/Unity/Hub/Editor/2022.3.0f1/Unity.app/Contents/Resources/PackageManager/Server/UnityPackageManager

COMMAND LINE ARGUMENTS:
/Applications/Unity/Hub/Editor/2022.3.0f1/Unity.app/Contents/MacOS/Unity
-batchmode
-projectPath
/Users/guribbong/code/Argus/unity/EmbodiedDebate
-executeMethod
ArgusUnity.Editor.BridgePlayModeSmoke.CaptureAndQuit
-logFile
/Users/guribbong/code/Argus/tmp/unity_smoke_final.log
Successfully changed project path to: /Users/guribbong/code/Argus/unity/EmbodiedDebate
/Users/guribbong/code/Argus/unity/EmbodiedDebate
[UnityMemory] Configuration Parameters - Can be set up in boot.config
    "memorysetup-bucket-allocator-granularity=16"
    "memorysetup-bucket-allocator-bucket-count=8"
    "memorysetup-bucket-allocator-block-size=33554432"
    "memorysetup-bucket-allocator-block-count=8"
    "memorysetup-main-allocator-block-size=16777216"
    "memorysetup-thread-allocator-block-size=16777216"
    "memorysetup-gfx-main-allocator-block-size=16777216"
    "memorysetup-gfx-thread-allocator-block-size=16777216"
    "memorysetup-cache-allocator-block-size=4194304"
    "memorysetup-typetree-allocator-block-size=2097152"
    "memorysetup-profiler-bucket-allocator-granularity=16"
    "memorysetup-profiler-bucket-allocator-bucket-count=8"
    "memorysetup-profiler-bucket-allocator-block-size=33554432"
    "memorysetup-profiler-bucket-allocator-block-count=8"
    "memorysetup-profiler-allocator-block-size=16777216"
    "memorysetup-profiler-editor-allocator-block-size=1048576"
    "memorysetup-temp-allocator-size-main=16777216"
    "memorysetup-job-temp-allocator-block-size=2097152"
    "memorysetup-job-temp-allocator-block-size-background=1048576"
    "memorysetup-job-temp-allocator-reduction-small-platforms=262144"
    "memorysetup-allocator-temp-initial-block-size-main=262144"
    "memorysetup-allocator-temp-initial-block-size-worker=262144"
    "memorysetup-temp-allocator-size-background-worker=32768"
    "memorysetup-temp-allocator-size-job-worker=262144"
    "memorysetup-temp-allocator-size-preload-manager=33554432"
    "memorysetup-temp-allocator-size-nav-mesh-worker=65536"
    "memorysetup-temp-allocator-size-audio-worker=65536"
    "memorysetup-temp-allocator-size-cloud-worker=32768"
    "memorysetup-temp-allocator-size-gi-baking-worker=262144"
    "memorysetup-temp-allocator-size-gfx=262144"
Player connection [8649715968] Host "[IP] 192.168.3.1 [Port] 55496 [Flags] 2 [Guid] 4213803732 [EditorId] 4213803732 [Version] 1048832 [Id] OSXEditor(0,topabaem.local) [Debug] 1 [PackageName] OSXEditor [ProjectName] Editor" joined multi-casting on [225.0.0.222:54997]...

Player connection [8649715968] Host "[IP] 192.168.3.1 [Port] 55496 [Flags] 2 [Guid] 4213803732 [EditorId] 4213803732 [Version] 1048832 [Id] OSXEditor(0,topabaem.local) [Debug] 1 [PackageName] OSXEditor [ProjectName] Editor" joined alternative multi-casting on [225.0.0.222:34997]...

[Package Manager] UpmClient::Connect -- Connected to IPC stream "Upm-87410" after 0.8 seconds.
[Licensing::Client] Successfully resolved entitlements
[Package Manager] Restoring resolved packages state from cache
[Licensing::Client] Successfully resolved entitlement details
[Package Manager] Registered 6 packages:
  Packages from [https://packages.unity.com]:
    com.unity.nuget.newtonsoft-json@3.2.1 (location: /Users/guribbong/code/Argus/unity/EmbodiedDebate/Library/PackageCache/com.unity.nuget.newtonsoft-json@3.2.1)
    com.unity.test-framework@1.1.33 (location: /Users/guribbong/code/Argus/unity/EmbodiedDebate/Library/PackageCache/com.unity.test-framework@1.1.33)
    com.unity.ext.nunit@1.0.6 (location: /Users/guribbong/code/Argus/unity/EmbodiedDebate/Library/PackageCache/com.unity.ext.nunit@1.0.6)
  Built-in packages:
    com.unity.modules.unitywebrequest@1.0.0 (location: /Users/guribbong/code/Argus/unity/EmbodiedDebate/Library/PackageCache/com.unity.modules.unitywebrequest@1.0.0)
    com.unity.modules.imgui@1.0.0 (location: /Users/guribbong/code/Argus/unity/EmbodiedDebate/Library/PackageCache/com.unity.modules.imgui@1.0.0)
    com.unity.modules.jsonserialize@1.0.0 (location: /Users/guribbong/code/Argus/unity/EmbodiedDebate/Library/PackageCache/com.unity.modules.jsonserialize@1.0.0)
[Subsystems] No new subsystems found in resolved package list.
Package Manager log level set to [2]
[Package Manager] Done registering packages in 0.18 seconds
[Package Manager] Done resolving packages in 0.33 seconds
[Licensing::Client] Successfully resolved entitlement details
[Package Manager] Lock file was modified
[Package Manager] Registered 8 packages:
  Packages from [https://packages.unity.com]:
    com.unity.nuget.newtonsoft-json@3.2.1 (location: /Users/guribbong/code/Argus/unity/EmbodiedDebate/Library/PackageCache/com.unity.nuget.newtonsoft-json@3.2.1)
    com.unity.test-framework@1.1.33 (location: /Users/guribbong/code/Argus/unity/EmbodiedDebate/Library/PackageCache/com.unity.test-framework@1.1.33)
    com.unity.ext.nunit@1.0.6 (location: /Users/guribbong/code/Argus/unity/EmbodiedDebate/Library/PackageCache/com.unity.ext.nunit@1.0.6)
  Built-in packages:
    com.unity.modules.screencapture@1.0.0 (location: /Users/guribbong/code/Argus/unity/EmbodiedDebate/Library/PackageCache/com.unity.modules.screencapture@1.0.0)
    com.unity.modules.unitywebrequest@1.0.0 (location: /Users/guribbong/code/Argus/unity/EmbodiedDebate/Library/PackageCache/com.unity.modules.unitywebrequest@1.0.0)
    com.unity.modules.imgui@1.0.0 (location: /Users/guribbong/code/Argus/unity/EmbodiedDebate/Library/PackageCache/com.unity.modules.imgui@1.0.0)
    com.unity.modules.jsonserialize@1.0.0 (location: /Users/guribbong/code/Argus/unity/EmbodiedDebate/Library/PackageCache/com.unity.modules.jsonserialize@1.0.0)
    com.unity.modules.imageconversion@1.0.0 (location: /Users/guribbong/code/Argus/unity/EmbodiedDebate/Library/PackageCache/com.unity.modules.imageconversion@1.0.0)
[Subsystems] No new subsystems found in resolved package list.
[Package Manager] Done registering packages in 0.00 seconds
Refreshing native plugins compatible for Editor in 2.96 ms, found 0 plugins.
Preloading 0 native plugins for Editor in 0.00 ms.
Initialize engine version: 2022.3.0f1 (fb119bb0b476)
[Subsystems] Discovering subsystems at path /Applications/Unity/Hub/Editor/2022.3.0f1/Unity.app/Contents/Resources/UnitySubsystems
[Subsystems] Discovering subsystems at path /Users/guribbong/code/Argus/unity/EmbodiedDebate/Assets
GfxDevice: creating device client; threaded=0; jobified=0
 preferred device: Apple M2 (high power)
Metal devices available: 1
0: Apple M2 (high power)
Using device Apple M2 (high power)
Initializing Metal device caps: Apple M2
[Licensing::Client] Successfully resolved entitlements
Initialize mono
Mono path[0] = '/Applications/Unity/Hub/Editor/2022.3.0f1/Unity.app/Contents/Managed'
Mono path[1] = '/Applications/Unity/Hub/Editor/2022.3.0f1/Unity.app/Contents/MonoBleedingEdge/lib/mono/unityjit-macos'
Mono config path = '/Applications/Unity/Hub/Editor/2022.3.0f1/Unity.app/Contents/MonoBleedingEdge/etc'
Using monoOptions --debugger-agent=transport=dt_socket,embedding=1,server=y,suspend=n,address=127.0.0.1:56410
Using cacheserver namespaces - metadata:defaultmetadata, artifacts:defaultartifacts
Using cacheserver namespaces - metadata:defaultmetadata, artifacts:defaultartifacts
ImportWorker Server TCP listen port: 0
Begin MonoManager ReloadAssembly
Registering precompiled unity dll's ...
Register platform support module: /Applications/Unity/Hub/Editor/2022.3.0f1/Unity.app/Contents/PlaybackEngines/MacStandaloneSupport/UnityEditor.OSXStandalone.Extensions.dll
Registered in 0.001399 seconds.
- Loaded All Assemblies, in  0.267 seconds
Native extension for OSXStandalone target not found
Mono: successfully reloaded assembly
- Finished resetting the current domain, in  0.147 seconds
Domain Reload Profiling: 414ms
	BeginReloadAssembly (90ms)
		ExecutionOrderSort (0ms)
		DisableScriptedObjects (0ms)
		BackupInstance (0ms)
		ReleaseScriptingObjects (0ms)
		CreateAndSetChildDomain (0ms)
	RebuildCommonClasses (32ms)
	RebuildNativeTypeToScriptingClass (7ms)
	initialDomainReloadingComplete (35ms)
	LoadAllAssembliesAndSetupDomain (102ms)
		LoadAssemblies (91ms)
		RebuildTransferFunctionScriptingTraits (0ms)
		AnalyzeDomain (100ms)
			TypeCache.Refresh (99ms)
				TypeCache.ScanAssembly (85ms)
			ScanForSourceGeneratedMonoScriptInfo (0ms)
			ResolveRequiredComponents (0ms)
	FinalizeReload (147ms)
		ReleaseScriptCaches (0ms)
		RebuildScriptCaches (0ms)
		SetupLoadedEditorAssemblies (111ms)
			LogAssemblyErrors (0ms)
			InitializePlatformSupportModulesInManaged (4ms)
			SetLoadedEditorAssemblies (4ms)
			RefreshPlugins (0ms)
			BeforeProcessingInitializeOnLoad (1ms)
			ProcessInitializeOnLoadAttributes (78ms)
			ProcessInitializeOnLoadMethodAttributes (24ms)
			AfterProcessingInitializeOnLoad (0ms)
			EditorAssembliesLoaded (0ms)
		ExecutionOrderSort2 (0ms)
		AwakeInstancesAfterBackupRestoration (0ms)
[Licensing::Client] Successfully resolved entitlements
Application.AssetDatabase Initial Refresh Start
[ScriptCompilation] Requested script compilation because: Assetdatabase observed changes in script compilation related files
[40m[32minfo[39m[22m[49m: Microsoft.Hosting.Lifetime[14]
      Now listening on: http://unix:/tmp/ilpp.sock-8e16111b622e4d5ea6b5ecc926298bfd
[40m[32minfo[39m[22m[49m: Microsoft.Hosting.Lifetime[0]
      Application started. Press Ctrl+C to shut down.
[40m[32minfo[39m[22m[49m: Microsoft.Hosting.Lifetime[0]
      Hosting environment: Production
[40m[32minfo[39m[22m[49m: Microsoft.Hosting.Lifetime[0]
      Content root path: /Users/guribbong/code/Argus/unity/EmbodiedDebate/
[40m[32minfo[39m[22m[49m: Microsoft.AspNetCore.Hosting.Diagnostics[1]
      Request starting HTTP/2 POST http://ilpp/UnityILPP.PostProcessing/Ping application/grpc -
[40m[32minfo[39m[22m[49m: Microsoft.AspNetCore.Routing.EndpointMiddleware[0]
      Executing endpoint 'gRPC - /UnityILPP.PostProcessing/Ping'
[40m[32minfo[39m[22m[49m: Microsoft.AspNetCore.Routing.EndpointMiddleware[1]
      Executed endpoint 'gRPC - /UnityILPP.PostProcessing/Ping'
[40m[32minfo[39m[22m[49m: Microsoft.AspNetCore.Hosting.Diagnostics[2]
      Request finished HTTP/2 POST http://ilpp/UnityILPP.PostProcessing/Ping application/grpc - - 200 - application/grpc 51.6306ms
Starting: /Applications/Unity/Hub/Editor/2022.3.0f1/Unity.app/Contents/bee_backend --dont-print-to-structured-log --ipc --defer-dag-verification --dagfile="Library/Bee/200b0aE.dag" --continue-on-failure --profile="Library/Bee/backend1.traceevents" ScriptAssemblies
WorkingDir: /Users/guribbong/code/Argus/unity/EmbodiedDebate
DisplayProgressbar: Compiling Scripts
ExitCode: 4 Duration: 0s559ms
Rebuilding DAG because FileSignature timestamp changed: Library/Bee/200b0aE-inputdata.json
[114/137    0s] Csc Library/Bee/artifacts/200b0aE.dag/ArgusUnity.dll (+2 others)
##### CommandLine
"/Applications/Unity/Hub/Editor/2022.3.0f1/Unity.app/Contents/NetCoreRuntime/dotnet" exec "/Applications/Unity/Hub/Editor/2022.3.0f1/Unity.app/Contents/DotNetSdkRoslyn/csc.dll" /nostdlib /noconfig /shared "@Library/Bee/artifacts/200b0aE.dag/ArgusUnity.rsp" "@Library/Bee/artifacts/200b0aE.dag/ArgusUnity.rsp2"
##### Contents of Library/Bee/artifacts/200b0aE.dag/ArgusUnity.rsp
-target:library
-out:"Library/Bee/artifacts/200b0aE.dag/ArgusUnity.dll"
-refout:"Library/Bee/artifacts/200b0aE.dag/ArgusUnity.ref.dll"
-define:UNITY_2022_3_0
-define:UNITY_2022_3
-define:UNITY_2022
-define:UNITY_5_3_OR_NEWER
-define:UNITY_5_4_OR_NEWER
-define:UNITY_5_5_OR_NEWER
-define:UNITY_5_6_OR_NEWER
-define:UNITY_2017_1_OR_NEWER
-define:UNITY_2017_2_OR_NEWER
-define:UNITY_2017_3_OR_NEWER
-define:UNITY_2017_4_OR_NEWER
-define:UNITY_2018_1_OR_NEWER
-define:UNITY_2018_2_OR_NEWER
-define:UNITY_2018_3_OR_NEWER
-define:UNITY_2018_4_OR_NEWER
-define:UNITY_2019_1_OR_NEWER
-define:UNITY_2019_2_OR_NEWER
-define:UNITY_2019_3_OR_NEWER
-define:UNITY_2019_4_OR_NEWER
-define:UNITY_2020_1_OR_NEWER
-define:UNITY_2020_2_OR_NEWER
-define:UNITY_2020_3_OR_NEWER
-define:UNITY_2021_1_OR_NEWER
-define:UNITY_2021_2_OR_NEWER
-define:UNITY_2021_3_OR_NEWER
-define:UNITY_2022_1_OR_NEWER
-define:UNITY_2022_2_OR_NEWER
-define:UNITY_2022_3_OR_NEWER
-define:PLATFORM_ARCH_64
-define:UNITY_64
-define:UNITY_INCLUDE_TESTS
-define:ENABLE_AR
-define:ENABLE_AUDIO
-define:ENABLE_CACHING
-define:ENABLE_CLOTH
-define:ENABLE_MICROPHONE
-define:ENABLE_MULTIPLE_DISPLAYS
-define:ENABLE_PHYSICS
-define:ENABLE_TEXTURE_STREAMING
-define:ENABLE_VIRTUALTEXTURING
-define:ENABLE_LZMA
-define:ENABLE_UNITYEVENTS
-define:ENABLE_VR
-define:ENABLE_WEBCAM
-define:ENABLE_UNITYWEBREQUEST
-define:ENABLE_WWW
-define:ENABLE_CLOUD_SERVICES
-define:ENABLE_CLOUD_SERVICES_COLLAB
-define:ENABLE_CLOUD_SERVICES_COLLAB_SOFTLOCKS
-define:ENABLE_CLOUD_SERVICES_ADS
-define:ENABLE_CLOUD_SERVICES_USE_WEBREQUEST
-define:ENABLE_CLOUD_SERVICES_CRASH_REPORTING
-define:ENABLE_CLOUD_SERVICES_NATIVE_CRASH_REPORTING
-define:ENABLE_CLOUD_SERVICES_PURCHASING
-define:ENABLE_CLOUD_SERVICES_ANALYTICS
-define:ENABLE_CLOUD_SERVICES_BUILD
-define:ENABLE_EDITOR_GAME_SERVICES
-define:ENABLE_UNITY_GAME_SERVICES_ANALYTICS_SUPPORT
-define:ENABLE_CLOUD_LICENSE
-define:ENABLE_EDITOR_HUB_LICENSE
-define:ENABLE_WEBSOCKET_CLIENT
-define:ENABLE_GENERATE_NATIVE_PLUGINS_FOR_ASSEMBLIES_API
-define:ENABLE_DIRECTOR_AUDIO
-define:ENABLE_DIRECTOR_TEXTURE
-define:ENABLE_MANAGED_JOBS
-define:ENABLE_MANAGED_TRANSFORM_JOBS
-define:ENABLE_MANAGED_ANIMATION_JOBS
-define:ENABLE_MANAGED_AUDIO_JOBS
-define:ENABLE_MANAGED_UNITYTLS
-define:INCLUDE_DYNAMIC_GI
-define:ENABLE_SCRIPTING_GC_WBARRIERS
-define:PLATFORM_SUPPORTS_MONO
-define:RENDER_SOFTWARE_CURSOR
-define:ENABLE_VIDEO
-define:ENABLE_ACCELERATOR_CLIENT_DEBUGGING
-define:ENABLE_NAVIGATION_PACKAGE_DEBUG_VISUALIZATION
-define:ENABLE_NAVIGATION_HEIGHTMESH_RUNTIME_SUPPORT
-define:ENABLE_NAVIGATION_UI_REQUIRES_PACKAGE
-define:PLATFORM_STANDALONE
-define:TEXTCORE_1_0_OR_NEWER
-define:PLATFORM_STANDALONE_OSX
-define:UNITY_STANDALONE_OSX
-define:UNITY_STANDALONE
-define:ENABLE_GAMECENTER
-define:ENABLE_RUNTIME_GI
-define:ENABLE_MOVIES
-define:ENABLE_NETWORK
-define:ENABLE_CRUNCH_TEXTURE_COMPRESSION
-define:ENABLE_CLUSTER_SYNC
-define:ENABLE_CLUSTERINPUT
-define:ENABLE_SPATIALTRACKING
-define:PLATFORM_UPDATES_TIME_OUTSIDE_OF_PLAYER_LOOP
-define:ENABLE_MONO
-define:NET_STANDARD_2_0
-define:NET_STANDARD
-define:NET_STANDARD_2_1
-define:NETSTANDARD
-define:NETSTANDARD2_1
-define:ENABLE_PROFILER
-define:DEBUG
-define:TRACE
-define:UNITY_ASSERTIONS
-define:UNITY_EDITOR
-define:UNITY_EDITOR_64
-define:UNITY_EDITOR_OSX
-define:ENABLE_UNITY_COLLECTIONS_CHECKS
-define:ENABLE_BURST_AOT
-define:UNITY_TEAM_LICENSE
-define:ENABLE_CUSTOM_RENDER_TEXTURE
-define:ENABLE_DIRECTOR
-define:ENABLE_LOCALIZATION
-define:ENABLE_SPRITES
-define:ENABLE_TERRAIN
-define:ENABLE_TILEMAP
-define:ENABLE_TIMELINE
-define:ENABLE_LEGACY_INPUT_MANAGER
-define:TEXTCORE_FONT_ENGINE_1_5_OR_NEWER
-define:CSHARP_7_OR_LATER
-define:CSHARP_7_3_OR_NEWER
-r:"/Applications/Unity/Hub/Editor/2022.3.0f1/Unity.app/Contents/Managed/UnityEditor.Graphs.dll"
-r:"/Applications/Unity/Hub/Editor/2022.3.0f1/Unity.app/Contents/Managed/UnityEngine/UnityEditor.CoreModule.dll"
-r:"/Applications/Unity/Hub/Editor/2022.3.0f1/Unity.app/Contents/Managed/UnityEngine/UnityEditor.DeviceSimulatorModule.dll"
-r:"/Applications/Unity/Hub/Editor/2022.3.0f1/Unity.app/Contents/Managed/UnityEngine/UnityEditor.DiagnosticsModule.dll"
-r:"/Applications/Unity/Hub/Editor/2022.3.0f1/Unity.app/Contents/Managed/UnityEngine/UnityEditor.dll"
-r:"/Applications/Unity/Hub/Editor/2022.3.0f1/Unity.app/Contents/Managed/UnityEngine/UnityEditor.EditorToolbarModule.dll"
-r:"/Applications/Unity/Hub/Editor/2022.3.0f1/Unity.app/Contents/Managed/UnityEngine/UnityEditor.GraphViewModule.dll"
-r:"/Applications/Unity/Hub/Editor/2022.3.0f1/Unity.app/Contents/Managed/UnityEngine/UnityEditor.PresetsUIModule.dll"
-r:"/Applications/Unity/Hub/Editor/2022.3.0f1/Unity.app/Contents/Managed/UnityEngine/UnityEditor.QuickSearchModule.dll"
-r:"/Applications/Unity/Hub/Editor/2022.3.0f1/Unity.app/Contents/Managed/UnityEngine/UnityEditor.SceneTemplateModule.dll"
-r:"/Applications/Unity/Hub/Editor/2022.3.0f1/Unity.app/Contents/Managed/UnityEngine/UnityEditor.SceneViewModule.dll"
-r:"/Applications/Unity/Hub/Editor/2022.3.0f1/Unity.app/Contents/Managed/UnityEngine/UnityEditor.TextCoreFontEngineModule.dll"
-r:"/Applications/Unity/Hub/Editor/2022.3.0f1/Unity.app/Contents/Managed/UnityEngine/UnityEditor.TextCoreTextEngineModule.dll"
-r:"/Applications/Unity/Hub/Editor/2022.3.0f1/Unity.app/Contents/Managed/UnityEngine/UnityEditor.UIBuilderModule.dll"
-r:"/Applications/Unity/Hub/Editor/2022.3.0f1/Unity.app/Contents/Managed/UnityEngine/UnityEditor.UIElementsModule.dll"
-r:"/Applications/Unity/Hub/Editor/2022.3.0f1/Unity.app/Contents/Managed/UnityEngine/UnityEditor.UIElementsSamplesModule.dll"
-r:"/Applications/Unity/Hub/Editor/2022.3.0f1/Unity.app/Contents/Managed/UnityEngine/UnityEditor.UnityConnectModule.dll"
-r:"/Applications/Unity/Hub/Editor/2022.3.0f1/Unity.app/Contents/Managed/UnityEngine/UnityEngine.AccessibilityModule.dll"
-r:"/Applications/Unity/Hub/Editor/2022.3.0f1/Unity.app/Contents/Managed/UnityEngine/UnityEngine.ARModule.dll"
-r:"/Applications/Unity/Hub/Editor/2022.3.0f1/Unity.app/Contents/Managed/UnityEngine/UnityEngine.ClusterInputModule.dll"
-r:"/Applications/Unity/Hub/Editor/2022.3.0f1/Unity.app/Contents/Managed/UnityEngine/UnityEngine.ClusterRendererModule.dll"
-r:"/Applications/Unity/Hub/Editor/2022.3.0f1/Unity.app/Contents/Managed/UnityEngine/UnityEngine.ContentLoadModule.dll"
-r:"/Applications/Unity/Hub/Editor/2022.3.0f1/Unity.app/Contents/Managed/UnityEngine/UnityEngine.CoreModule.dll"
-r:"/Applications/Unity/Hub/Editor/2022.3.0f1/Unity.app/Contents/Managed/UnityEngine/UnityEngine.CrashReportingModule.dll"
-r:"/Applications/Unity/Hub/Editor/2022.3.0f1/Unity.app/Contents/Managed/UnityEngine/UnityEngine.dll"
-r:"/Applications/Unity/Hub/Editor/2022.3.0f1/Unity.app/Contents/Managed/UnityEngine/UnityEngine.DSPGraphModule.dll"
-r:"/Applications/Unity/Hub/Editor/2022.3.0f1/Unity.app/Contents/Managed/UnityEngine/UnityEngine.GameCenterModule.dll"
-r:"/Applications/Unity/Hub/Editor/2022.3.0f1/Unity.app/Contents/Managed/UnityEngine/UnityEngine.GIModule.dll"
-r:"/Applications/Unity/Hub/Editor/2022.3.0f1/Unity.app/Contents/Managed/UnityEngine/UnityEngine.GridModule.dll"
-r:"/Applications/Unity/Hub/Editor/2022.3.0f1/Unity.app/Contents/Managed/UnityEngine/UnityEngine.HotReloadModule.dll"
-r:"/Applications/Unity/Hub/Editor/2022.3.0f1/Unity.app/Contents/Managed/UnityEngine/UnityEngine.IMGUIModule.dll"
-r:"/Applications/Unity/Hub/Editor/2022.3.0f1/Unity.app/Contents/Managed/UnityEngine/UnityEngine.InputLegacyModule.dll"
-r:"/Applications/Unity/Hub/Editor/2022.3.0f1/Unity.app/Contents/Managed/UnityEngine/UnityEngine.InputModule.dll"
-r:"/Applications/Unity/Hub/Editor/2022.3.0f1/Unity.app/Contents/Managed/UnityEngine/UnityEngine.JSONSerializeModule.dll"
-r:"/Applications/Unity/Hub/Editor/2022.3.0f1/Unity.app/Contents/Managed/UnityEngine/UnityEngine.LocalizationModule.dll"
-r:"/Applications/Unity/Hub/Editor/2022.3.0f1/Unity.app/Contents/Managed/UnityEngine/UnityEngine.PerformanceReportingModule.dll"
-r:"/Applications/Unity/Hub/Editor/2022.3.0f1/Unity.app/Contents/Managed/UnityEngine/UnityEngine.ProfilerModule.dll"
-r:"/Applications/Unity/Hub/Editor/2022.3.0f1/Unity.app/Contents/Managed/UnityEngine/UnityEngine.PropertiesModule.dll"
-r:"/Applications/Unity/Hub/Editor/2022.3.0f1/Unity.app/Contents/Managed/UnityEngine/UnityEngine.RuntimeInitializeOnLoadManagerInitializerModule.dll"
-r:"/Applications/Unity/Hub/Editor/2022.3.0f1/Unity.app/Contents/Managed/UnityEngine/UnityEngine.SharedInternalsModule.dll"
-r:"/Applications/Unity/Hub/Editor/2022.3.0f1/Unity.app/Contents/Managed/UnityEngine/UnityEngine.SpriteMaskModule.dll"
-r:"/Applications/Unity/Hub/Editor/2022.3.0f1/Unity.app/Contents/Managed/UnityEngine/UnityEngine.SpriteShapeModule.dll"
-r:"/Applications/Unity/Hub/Editor/2022.3.0f1/Unity.app/Contents/Managed/UnityEngine/UnityEngine.StreamingModule.dll"
-r:"/Applications/Unity/Hub/Editor/2022.3.0f1/Unity.app/Contents/Managed/UnityEngine/UnityEngine.SubstanceModule.dll"
-r:"/Applications/Unity/Hub/Editor/2022.3.0f1/Unity.app/Contents/Managed/UnityEngine/UnityEngine.TextCoreFontEngineModule.dll"
-r:"/Applications/Unity/Hub/Editor/2022.3.0f1/Unity.app/Contents/Managed/UnityEngine/UnityEngine.TextCoreTextEngineModule.dll"
-r:"/Applications/Unity/Hub/Editor/2022.3.0f1/Unity.app/Contents/Managed/UnityEngine/UnityEngine.TextRenderingModule.dll"
-r:"/Applications/Unity/Hub/Editor/2022.3.0f1/Unity.app/Contents/Managed/UnityEngine/UnityEngine.TLSModule.dll"
-r:"/Applications/Unity/Hub/Editor/2022.3.0f1/Unity.app/Contents/Managed/UnityEngine/UnityEngine.UnityAnalyticsCommonModule.dll"
-r:"/Applications/Unity/Hub/Editor/2022.3.0f1/Unity.app/Contents/Managed/UnityEngine/UnityEngine.UnityConnectModule.dll"
-r:"/Applications/Unity/Hub/Editor/2022.3.0f1/Unity.app/Contents/Managed/UnityEngine/UnityEngine.UnityCurlModule.dll"
-r:"/Applications/Unity/Hub/Editor/2022.3.0f1/Unity.app/Contents/Managed/UnityEngine/UnityEngine.UnityTestProtocolModule.dll"
-r:"/Applications/Unity/Hub/Editor/2022.3.0f1/Unity.app/Contents/Managed/UnityEngine/UnityEngine.UnityWebRequestModule.dll"
-r:"/Applications/Unity/Hub/Editor/2022.3.0f1/Unity.app/Contents/Managed/UnityEngine/UnityEngine.VFXModule.dll"
-r:"/Applications/Unity/Hub/Editor/2022.3.0f1/Unity.app/Contents/Managed/UnityEngine/UnityEngine.VirtualTexturingModule.dll"
-r:"/Applications/Unity/Hub/Editor/2022.3.0f1/Unity.app/Contents/NetStandard/compat/2.1.0/shims/netfx/mscorlib.dll"
-r:"/Applications/Unity/Hub/Editor/2022.3.0f1/Unity.app/Contents/NetStandard/compat/2.1.0/shims/netfx/System.ComponentModel.Composition.dll"
-r:"/Applications/Unity/Hub/Editor/2022.3.0f1/Unity.app/Contents/NetStandard/compat/2.1.0/shims/netfx/System.Core.dll"
-r:"/Applications/Unity/Hub/Editor/2022.3.0f1/Unity.app/Contents/NetStandard/compat/2.1.0/shims/netfx/System.Data.dll"
-r:"/Applications/Unity/Hub/Editor/2022.3.0f1/Unity.app/Contents/NetStandard/compat/2.1.0/shims/netfx/System.dll"
-r:"/Applications/Unity/Hub/Editor/2022.3.0f1/Unity.app/Contents/NetStandard/compat/2.1.0/shims/netfx/System.Drawing.dll"
-r:"/Applications/Unity/Hub/Editor/2022.3.0f1/Unity.app/Contents/NetStandard/compat/2.1.0/shims/netfx/System.IO.Compression.FileSystem.dll"
-r:"/Applications/Unity/Hub/Editor/2022.3.0f1/Unity.app/Contents/NetStandard/compat/2.1.0/shims/netfx/System.Net.dll"
-r:"/Applications/Unity/Hub/Editor/2022.3.0f1/Unity.app/Contents/NetStandard/compat/2.1.0/shims/netfx/System.Numerics.dll"
-r:"/Applications/Unity/Hub/Editor/2022.3.0f1/Unity.app/Contents/NetStandard/compat/2.1.0/shims/netfx/System.Runtime.Serialization.dll"
-r:"/Applications/Unity/Hub/Editor/2022.3.0f1/Unity.app/Contents/NetStandard/compat/2.1.0/shims/netfx/System.ServiceModel.Web.dll"
-r:"/Applications/Unity/Hub/Editor/2022.3.0f1/Unity.app/Contents/NetStandard/compat/2.1.0/shims/netfx/System.Transactions.dll"
-r:"/Applications/Unity/Hub/Editor/2022.3.0f1/Unity.app/Contents/NetStandard/compat/2.1.0/shims/netfx/System.Web.dll"
-r:"/Applications/Unity/Hub/Editor/2022.3.0f1/Unity.app/Contents/NetStandard/compat/2.1.0/shims/netfx/System.Windows.dll"
-r:"/Applications/Unity/Hub/Editor/2022.3.0f1/Unity.app/Contents/NetStandard/compat/2.1.0/shims/netfx/System.Xml.dll"
-r:"/Applications/Unity/Hub/Editor/2022.3.0f1/Unity.app/Contents/NetStandard/compat/2.1.0/shims/netfx/System.Xml.Linq.dll"
-r:"/Applications/Unity/Hub/Editor/2022.3.0f1/Unity.app/Contents/NetStandard/compat/2.1.0/shims/netfx/System.Xml.Serialization.dll"
-r:"/Applications/Unity/Hub/Editor/2022.3.0f1/Unity.app/Contents/NetStandard/compat/2.1.0/shims/netstandard/Microsoft.Win32.Primitives.dll"
-r:"/Applications/Unity/Hub/Editor/2022.3.0f1/Unity.app/Contents/NetStandard/compat/2.1.0/shims/netstandard/System.AppContext.dll"
-r:"/Applications/Unity/Hub/Editor/2022.3.0f1/Unity.app/Contents/NetStandard/compat/2.1.0/shims/netstandard/System.Buffers.dll"
-r:"/Applications/Unity/Hub/Editor/2022.3.0f1/Unity.app/Contents/NetStandard/compat/2.1.0/shims/netstandard/System.Collections.Concurrent.dll"
-r:"/Applications/Unity/Hub/Editor/2022.3.0f1/Unity.app/Contents/NetStandard/compat/2.1.0/shims/netstandard/System.Collections.dll"
-r:"/Applications/Unity/Hub/Editor/2022.3.0f1/Unity.app/Contents/NetStandard/compat/2.1.0/shims/netstandard/System.Collections.NonGeneric.dll"
-r:"/Applications/Unity/Hub/Editor/2022.3.0f1/Unity.app/Contents/NetStandard/compat/2.1.0/shims/netstandard/System.Collections.Specialized.dll"
-r:"/Applications/Unity/Hub/Editor/2022.3.0f1/Unity.app/Contents/NetStandard/compat/2.1.0/shims/netstandard/System.ComponentModel.dll"
-r:"/Applications/Unity/Hub/Editor/2022.3.0f1/Unity.app/Contents/NetStandard/compat/2.1.0/shims/netstandard/System.ComponentModel.EventBasedAsync.dll"
-r:"/Applications/Unity/Hub/Editor/2022.3.0f1/Unity.app/Contents/NetStandard/compat/2.1.0/shims/netstandard/System.ComponentModel.Primitives.dll"
-r:"/Applications/Unity/Hub/Editor/2022.3.0f1/Unity.app/Contents/NetStandard/compat/2.1.0/shims/netstandard/System.ComponentModel.TypeConverter.dll"
-r:"/Applications/Unity/Hub/Editor/2022.3.0f1/Unity.app/Contents/NetStandard/compat/2.1.0/shims/netstandard/System.Console.dll"
-r:"/Applications/Unity/Hub/Editor/2022.3.0f1/Unity.app/Contents/NetStandard/compat/2.1.0/shims/netstandard/System.Data.Common.dll"
-r:"/Applications/Unity/Hub/Editor/2022.3.0f1/Unity.app/Contents/NetStandard/compat/2.1.0/shims/netstandard/System.Diagnostics.Contracts.dll"
-r:"/Applications/Unity/Hub/Editor/2022.3.0f1/Unity.app/Contents/NetStandard/compat/2.1.0/shims/netstandard/System.Diagnostics.Debug.dll"
-r:"/Applications/Unity/Hub/Editor/2022.3.0f1/Unity.app/Contents/NetStandard/compat/2.1.0/shims/netstandard/System.Diagnostics.FileVersionInfo.dll"
-r:"/Applications/Unity/Hub/Editor/2022.3.0f1/Unity.app/Contents/NetStandard/compat/2.1.0/shims/netstandard/System.Diagnostics.Process.dll"
-r:"/Applications/Unity/Hub/Editor/2022.3.0f1/Unity.app/Contents/NetStandard/compat/2.1.0/shims/netstandard/System.Diagnostics.StackTrace.dll"
-r:"/Applications/Unity/Hub/Editor/2022.3.0f1/Unity.app/Contents/NetStandard/compat/2.1.0/shims/netstandard/System.Diagnostics.TextWriterTraceListener.dll"
-r:"/Applications/Unity/Hub/Editor/2022.3.0f1/Unity.app/Contents/NetStandard/compat/2.1.0/shims/netstandard/System.Diagnostics.Tools.dll"
-r:"/Applications/Unity/Hub/Editor/2022.3.0f1/Unity.app/Contents/NetStandard/compat/2.1.0/shims/netstandard/System.Diagnostics.TraceSource.dll"
-r:"/Applications/Unity/Hub/Editor/2022.3.0f1/Unity.app/Contents/NetStandard/compat/2.1.0/shims/netstandard/System.Diagnostics.Tracing.dll"
-r:"/Applications/Unity/Hub/Editor/2022.3.0f1/Unity.app/Contents/NetStandard/compat/2.1.0/shims/netstandard/System.Drawing.Primitives.dll"
-r:"/Applications/Unity/Hub/Editor/2022.3.0f1/Unity.app/Contents/NetStandard/compat/2.1.0/shims/netstandard/System.Dynamic.Runtime.dll"
-r:"/Applications/Unity/Hub/Editor/2022.3.0f1/Unity.app/Contents/NetStandard/compat/2.1.0/shims/netstandard/System.Globalization.Calendars.dll"
-r:"/Applications/Unity/Hub/Editor/2022.3.0f1/Unity.app/Contents/NetStandard/compat/2.1.0/shims/netstandard/System.Globalization.dll"
-r:"/Applications/Unity/Hub/Editor/2022.3.0f1/Unity.app/Contents/NetStandard/compat/2.1.0/shims/netstandard/System.Globalization.Extensions.dll"
-r:"/Applications/Unity/Hub/Editor/2022.3.0f1/Unity.app/Contents/NetStandard/compat/2.1.0/shims/netstandard/System.IO.Compression.dll"
-r:"/Applications/Unity/Hub/Editor/2022.3.0f1/Unity.app/Contents/NetStandard/compat/2.1.0/shims/netstandard/System.IO.Compression.ZipFile.dll"
-r:"/Applications/Unity/Hub/Editor/2022.3.0f1/Unity.app/Contents/NetStandard/compat/2.1.0/shims/netstandard/System.IO.dll"
-r:"/Applications/Unity/Hub/Editor/2022.3.0f1/Unity.app/Contents/NetStandard/compat/2.1.0/shims/netstandard/System.IO.FileSystem.dll"
-r:"/Applications/Unity/Hub/Editor/2022.3.0f1/Unity.app/Contents/NetStandard/compat/2.1.0/shims/netstandard/System.IO.FileSystem.DriveInfo.dll"
-r:"/Applications/Unity/Hub/Editor/2022.3.0f1/Unity.app/Contents/NetStandard/compat/2.1.0/shims/netstandard/System.IO.FileSystem.Primitives.dll"
-r:"/Applications/Unity/Hub/Editor/2022.3.0f1/Unity.app/Contents/NetStandard/compat/2.1.0/shims/netstandard/System.IO.FileSystem.Watcher.dll"
-r:"/Applications/Unity/Hub/Editor/2022.3.0f1/Unity.app/Contents/NetStandard/compat/2.1.0/shims/netstandard/System.IO.IsolatedStorage.dll"
-r:"/Applications/Unity/Hub/Editor/2022.3.0f1/Unity.app/Contents/NetStandard/compat/2.1.0/shims/netstandard/System.IO.MemoryMappedFiles.dll"
-r:"/Applications/Unity/Hub/Editor/2022.3.0f1/Unity.app/Contents/NetStandard/compat/2.1.0/shims/netstandard/System.IO.Pipes.dll"
-r:"/Applications/Unity/Hub/Editor/2022.3.0f1/Unity.app/Contents/NetStandard/compat/2.1.0/shims/netstandard/System.IO.UnmanagedMemoryStream.dll"
-r:"/Applications/Unity/Hub/Editor/2022.3.0f1/Unity.app/Contents/NetStandard/compat/2.1.0/shims/netstandard/System.Linq.dll"
-r:"/Applications/Unity/Hub/Editor/2022.3.0f1/Unity.app/Contents/NetStandard/compat/2.1.0/shims/netstandard/System.Linq.Expressions.dll"
-r:"/Applications/Unity/Hub/Editor/2022.3.0f1/Unity.app/Contents/NetStandard/compat/2.1.0/shims/netstandard/System.Linq.Parallel.dll"
-r:"/Applications/Unity/Hub/Editor/2022.3.0f1/Unity.app/Contents/NetStandard/compat/2.1.0/shims/netstandard/System.Linq.Queryable.dll"
-r:"/Applications/Unity/Hub/Editor/2022.3.0f1/Unity.app/Contents/NetStandard/compat/2.1.0/shims/netstandard/System.Memory.dll"
-r:"/Applications/Unity/Hub/Editor/2022.3.0f1/Unity.app/Contents/NetStandard/compat/2.1.0/shims/netstandard/System.Net.Http.dll"
-r:"/Applications/Unity/Hub/Editor/2022.3.0f1/Unity.app/Contents/NetStandard/compat/2.1.0/shims/netstandard/System.Net.NameResolution.dll"
-r:"/Applications/Unity/Hub/Editor/2022.3.0f1/Unity.app/Contents/NetStandard/compat/2.1.0/shims/netstandard/System.Net.NetworkInformation.dll"
-r:"/Applications/Unity/Hub/Editor/2022.3.0f1/Unity.app/Contents/NetStandard/compat/2.1.0/shims/netstandard/System.Net.Ping.dll"
-r:"/Applications/Unity/Hub/Editor/2022.3.0f1/Unity.app/Contents/NetStandard/compat/2.1.0/shims/netstandard/System.Net.Primitives.dll"
-r:"/Applications/Unity/Hub/Editor/2022.3.0f1/Unity.app/Contents/NetStandard/compat/2.1.0/shims/netstandard/System.Net.Requests.dll"
-r:"/Applications/Unity/Hub/Editor/2022.3.0f1/Unity.app/Contents/NetStandard/compat/2.1.0/shims/netstandard/System.Net.Security.dll"
-r:"/Applications/Unity/Hub/Editor/2022.3.0f1/Unity.app/Contents/NetStandard/compat/2.1.0/shims/netstandard/System.Net.Sockets.dll"
-r:"/Applications/Unity/Hub/Editor/2022.3.0f1/Unity.app/Contents/NetStandard/compat/2.1.0/shims/netstandard/System.Net.WebHeaderCollection.dll"
-r:"/Applications/Unity/Hub/Editor/2022.3.0f1/Unity.app/Contents/NetStandard/compat/2.1.0/shims/netstandard/System.Net.WebSockets.Client.dll"
-r:"/Applications/Unity/Hub/Editor/2022.3.0f1/Unity.app/Contents/NetStandard/compat/2.1.0/shims/netstandard/System.Net.WebSockets.dll"
-r:"/Applications/Unity/Hub/Editor/2022.3.0f1/Unity.app/Contents/NetStandard/compat/2.1.0/shims/netstandard/System.Numerics.Vectors.dll"
-r:"/Applications/Unity/Hub/Editor/2022.3.0f1/Unity.app/Contents/NetStandard/compat/2.1.0/shims/netstandard/System.ObjectModel.dll"
-r:"/Applications/Unity/Hub/Editor/2022.3.0f1/Unity.app/Contents/NetStandard/compat/2.1.0/shims/netstandard/System.Reflection.DispatchProxy.dll"
-r:"/Applications/Unity/Hub/Editor/2022.3.0f1/Unity.app/Contents/NetStandard/compat/2.1.0/shims/netstandard/System.Reflection.dll"
-r:"/Applications/Unity/Hub/Editor/2022.3.0f1/Unity.app/Contents/NetStandard/compat/2.1.0/shims/netstandard/System.Reflection.Emit.dll"
-r:"/Applications/Unity/Hub/Editor/2022.3.0f1/Unity.app/Contents/NetStandard/compat/2.1.0/shims/netstandard/System.Reflection.Emit.ILGeneration.dll"
-r:"/Applications/Unity/Hub/Editor/2022.3.0f1/Unity.app/Contents/NetStandard/compat/2.1.0/shims/netstandard/System.Reflection.Emit.Lightweight.dll"
-r:"/Applications/Unity/Hub/Editor/2022.3.0f1/Unity.app/Contents/NetStandard/compat/2.1.0/shims/netstandard/System.Reflection.Extensions.dll"
-r:"/Applications/Unity/Hub/Editor/2022.3.0f1/Unity.app/Contents/NetStandard/compat/2.1.0/shims/netstandard/System.Reflection.Primitives.dll"
-r:"/Applications/Unity/Hub/Editor/2022.3.0f1/Unity.app/Contents/NetStandard/compat/2.1.0/shims/netstandard/System.Resources.Reader.dll"
-r:"/Applications/Unity/Hub/Editor/2022.3.0f1/Unity.app/Contents/NetStandard/compat/2.1.0/shims/netstandard/System.Resources.ResourceManager.dll"
-r:"/Applications/Unity/Hub/Editor/2022.3.0f1/Unity.app/Contents/NetStandard/compat/2.1.0/shims/netstandard/System.Resources.Writer.dll"
-r:"/Applications/Unity/Hub/Editor/2022.3.0f1/Unity.app/Contents/NetStandard/compat/2.1.0/shims/netstandard/System.Runtime.CompilerServices.VisualC.dll"
-r:"/Applications/Unity/Hub/Editor/2022.3.0f1/Unity.app/Contents/NetStandard/compat/2.1.0/shims/netstandard/System.Runtime.dll"
-r:"/Applications/Unity/Hub/Editor/2022.3.0f1/Unity.app/Contents/NetStandard/compat/2.1.0/shims/netstandard/System.Runtime.Extensions.dll"
-r:"/Applications/Unity/Hub/Editor/2022.3.0f1/Unity.app/Contents/NetStandard/compat/2.1.0/shims/netstandard/System.Runtime.Handles.dll"
-r:"/Applications/Unity/Hub/Editor/2022.3.0f1/Unity.app/Contents/NetStandard/compat/2.1.0/shims/netstandard/System.Runtime.InteropServices.dll"
-r:"/Applications/Unity/Hub/Editor/2022.3.0f1/Unity.app/Contents/NetStandard/compat/2.1.0/shims/netstandard/System.Runtime.InteropServices.RuntimeInformation.dll"
-r:"/Applications/Unity/Hub/Editor/2022.3.0f1/Unity.app/Contents/NetStandard/compat/2.1.0/shims/netstandard/System.Runtime.Numerics.dll"
-r:"/Applications/Unity/Hub/Editor/2022.3.0f1/Unity.app/Contents/NetStandard/compat/2.1.0/shims/netstandard/System.Runtime.Serialization.Formatters.dll"
-r:"/Applications/Unity/Hub/Editor/2022.3.0f1/Unity.app/Contents/NetStandard/compat/2.1.0/shims/netstandard/System.Runtime.Serialization.Json.dll"
-r:"/Applications/Unity/Hub/Editor/2022.3.0f1/Unity.app/Contents/NetStandard/compat/2.1.0/shims/netstandard/System.Runtime.Serialization.Primitives.dll"
-r:"/Applications/Unity/Hub/Editor/2022.3.0f1/Unity.app/Contents/NetStandard/compat/2.1.0/shims/netstandard/System.Runtime.Serialization.Xml.dll"
-r:"/Applications/Unity/Hub/Editor/2022.3.0f1/Unity.app/Contents/NetStandard/compat/2.1.0/shims/netstandard/System.Security.Claims.dll"
-r:"/Applications/Unity/Hub/Editor/2022.3.0f1/Unity.app/Contents/NetStandard/compat/2.1.0/shims/netstandard/System.Security.Cryptography.Algorithms.dll"
-r:"/Applications/Unity/Hub/Editor/2022.3.0f1/Unity.app/Contents/NetStandard/compat/2.1.0/shims/netstandard/System.Security.Cryptography.Csp.dll"
-r:"/Applications/Unity/Hub/Editor/2022.3.0f1/Unity.app/Contents/NetStandard/compat/2.1.0/shims/netstandard/System.Security.Cryptography.Encoding.dll"
-r:"/Applications/Unity/Hub/Editor/2022.3.0f1/Unity.app/Contents/NetStandard/compat/2.1.0/shims/netstandard/System.Security.Cryptography.Primitives.dll"
-r:"/Applications/Unity/Hub/Editor/2022.3.0f1/Unity.app/Contents/NetStandard/compat/2.1.0/shims/netstandard/System.Security.Cryptography.X509Certificates.dll"
-r:"/Applications/Unity/Hub/Editor/2022.3.0f1/Unity.app/Contents/NetStandard/compat/2.1.0/shims/netstandard/System.Security.Principal.dll"
-r:"/Applications/Unity/Hub/Editor/2022.3.0f1/Unity.app/Contents/NetStandard/compat/2.1.0/shims/netstandard/System.Security.SecureString.dll"
-r:"/Applications/Unity/Hub/Editor/2022.3.0f1/Unity.app/Contents/NetStandard/compat/2.1.0/shims/netstandard/System.Text.Encoding.dll"
-r:"/Applications/Unity/Hub/Editor/2022.3.0f1/Unity.app/Contents/NetStandard/compat/2.1.0/shims/netstandard/System.Text.Encoding.Extensions.dll"
-r:"/Applications/Unity/Hub/Editor/2022.3.0f1/Unity.app/Contents/NetStandard/compat/2.1.0/shims/netstandard/System.Text.RegularExpressions.dll"
-r:"/Applications/Unity/Hub/Editor/2022.3.0f1/Unity.app/Contents/NetStandard/compat/2.1.0/shims/netstandard/System.Threading.dll"
-r:"/Applications/Unity/Hub/Editor/2022.3.0f1/Unity.app/Contents/NetStandard/compat/2.1.0/shims/netstandard/System.Threading.Overlapped.dll"
-r:"/Applications/Unity/Hub/Editor/2022.3.0f1/Unity.app/Contents/NetStandard/compat/2.1.0/shims/netstandard/System.Threading.Tasks.dll"
-r:"/Applications/Unity/Hub/Editor/2022.3.0f1/Unity.app/Contents/NetStandard/compat/2.1.0/shims/netstandard/System.Threading.Tasks.Extensions.dll"
-r:"/Applications/Unity/Hub/Editor/2022.3.0f1/Unity.app/Contents/NetStandard/compat/2.1.0/shims/netstandard/System.Threading.Tasks.Parallel.dll"
-r:"/Applications/Unity/Hub/Editor/2022.3.0f1/Unity.app/Contents/NetStandard/compat/2.1.0/shims/netstandard/System.Threading.Thread.dll"
-r:"/Applications/Unity/Hub/Editor/2022.3.0f1/Unity.app/Contents/NetStandard/compat/2.1.0/shims/netstandard/System.Threading.ThreadPool.dll"
-r:"/Applications/Unity/Hub/Editor/2022.3.0f1/Unity.app/Contents/NetStandard/compat/2.1.0/shims/netstandard/System.Threading.Timer.dll"
-r:"/Applications/Unity/Hub/Editor/2022.3.0f1/Unity.app/Contents/NetStandard/compat/2.1.0/shims/netstandard/System.ValueTuple.dll"
-r:"/Applications/Unity/Hub/Editor/2022.3.0f1/Unity.app/Contents/NetStandard/compat/2.1.0/shims/netstandard/System.Xml.ReaderWriter.dll"
-r:"/Applications/Unity/Hub/Editor/2022.3.0f1/Unity.app/Contents/NetStandard/compat/2.1.0/shims/netstandard/System.Xml.XDocument.dll"
-r:"/Applications/Unity/Hub/Editor/2022.3.0f1/Unity.app/Contents/NetStandard/compat/2.1.0/shims/netstandard/System.Xml.XmlDocument.dll"
-r:"/Applications/Unity/Hub/Editor/2022.3.0f1/Unity.app/Contents/NetStandard/compat/2.1.0/shims/netstandard/System.Xml.XmlSerializer.dll"
-r:"/Applications/Unity/Hub/Editor/2022.3.0f1/Unity.app/Contents/NetStandard/compat/2.1.0/shims/netstandard/System.Xml.XPath.dll"
-r:"/Applications/Unity/Hub/Editor/2022.3.0f1/Unity.app/Contents/NetStandard/compat/2.1.0/shims/netstandard/System.Xml.XPath.XDocument.dll"
-r:"/Applications/Unity/Hub/Editor/2022.3.0f1/Unity.app/Contents/NetStandard/Extensions/2.0.0/System.Runtime.InteropServices.WindowsRuntime.dll"
-r:"/Applications/Unity/Hub/Editor/2022.3.0f1/Unity.app/Contents/NetStandard/ref/2.1.0/netstandard.dll"
-r:"/Applications/Unity/Hub/Editor/2022.3.0f1/Unity.app/Contents/PlaybackEngines/MacStandaloneSupport/UnityEditor.OSXStandalone.Extensions.dll"
-r:"Library/PackageCache/com.unity.nuget.newtonsoft-json@3.2.1/Runtime/Newtonsoft.Json.dll"
-analyzer:"/Applications/Unity/Hub/Editor/2022.3.0f1/Unity.app/Contents/Tools/Unity.SourceGenerators/Unity.Properties.SourceGenerator.dll"
-analyzer:"/Applications/Unity/Hub/Editor/2022.3.0f1/Unity.app/Contents/Tools/Unity.SourceGenerators/Unity.SourceGenerators.dll"
"Assets/Project/Scripts/Bridge/BridgeEnvelope.cs"
"Assets/Project/Scripts/Bridge/UnityBridgeClient.cs"
"Assets/Project/Scripts/Robots/AnimationStateMapper.cs"
"Assets/Project/Scripts/Robots/RobotAvatar.cs"
"Assets/Project/Scripts/Robots/RobotAvatarManager.cs"
"Assets/Project/Scripts/Runtime/AgentMoveHandler.cs"
"Assets/Project/Scripts/Runtime/AgentSpawnHandler.cs"
"Assets/Project/Scripts/Runtime/BridgeReceiver.cs"
"Assets/Project/Scripts/Runtime/DemoSpawner.cs"
"Assets/Project/Scripts/Runtime/SimulationBootstrap.cs"
"Assets/Project/Scripts/Runtime/SmokeScreenshot.cs"
"Assets/Project/Scripts/Scene/SimulationSceneOrchestrator.cs"
-langversion:9.0

/deterministic
/optimize+
/debug:portable
/nologo
/RuntimeMetadataVersion:v4.0.30319

/nowarn:0169
/nowarn:0649
/nowarn:0282
/nowarn:1701
/nowarn:1702
/utf8output
/preferreduilang:en-US



/additionalfile:"Library/Bee/artifacts/200b0aE.dag/ArgusUnity.UnityAdditionalFile.txt"
##### Custom Environment Variables
DOTNET_MULTILEVEL_LOOKUP=0
##### ExitCode
1
##### Output
Assets/Project/Scripts/Runtime/SmokeScreenshot.cs(46,13): error CS0103: The name 'ScreenCapture' does not exist in the current context
*** Tundra requires additional run (0.54 seconds), 1 items updated, 112 evaluated
Starting: /Applications/Unity/Hub/Editor/2022.3.0f1/Unity.app/Contents/Tools/netcorerun/netcorerun "/Applications/Unity/Hub/Editor/2022.3.0f1/Unity.app/Contents/Tools/BuildPipeline/ScriptCompilationBuildProgram.exe" "Library/Bee/200b0aE.dag.json" "Library/Bee/200b0aE-inputdata.json" "Library/Bee/buildprogram0.traceevents"
WorkingDir: /Users/guribbong/code/Argus/unity/EmbodiedDebate
ExitCode: 0 Duration: 0s539ms
Starting: /Applications/Unity/Hub/Editor/2022.3.0f1/Unity.app/Contents/bee_backend --dont-print-to-structured-log --ipc --defer-dag-verification --dagfile="Library/Bee/200b0aE.dag" --continue-on-failure --dagfilejson="Library/Bee/200b0aE.dag.json" --profile="Library/Bee/backend2.traceevents" ScriptAssemblies
WorkingDir: /Users/guribbong/code/Argus/unity/EmbodiedDebate
ExitCode: 0 Duration: 2s169ms
Finished compiling graph: 140 nodes, 805 flattened edges (761 ToBuild, 12 ToUse), maximum node priority 46
[ 79/137    0s] WriteText Library/Bee/artifacts/200b0aE.dag/UnityEngine.TestRunner.dll.mvfrm.rsp
[ 80/137    0s] WriteText Library/Bee/artifacts/200b0aE.dag/UnityEngine.TestRunner.rsp
[109/137    0s] WriteText Library/Bee/artifacts/200b0aE.dag/ArgusUnity.dll.mvfrm.rsp
[110/137    0s] WriteText Library/Bee/artifacts/200b0aE.dag/ArgusUnity.rsp
[111/137    0s] MovedFromExtractorCombine Library/Bee/artifacts/200b0aE.dag/ArgusUnity.dll.mvfrm
[112/137    0s] MovedFromExtractorCombine Library/Bee/artifacts/200b0aE.dag/UnityEngine.TestRunner.dll.mvfrm
[113/137    1s] Csc Library/Bee/artifacts/200b0aE.dag/UnityEngine.TestRunner.dll (+2 others)
[114/137    1s] Csc Library/Bee/artifacts/200b0aE.dag/ArgusUnity.dll (+2 others)
[115/137    0s] CopyFiles Library/ScriptAssemblies/ArgusUnity.dll
[116/137    0s] CopyFiles Library/ScriptAssemblies/ArgusUnity.pdb
[           0s] Csc Library/Bee/artifacts/200b0aE.dag/UnityEngine.TestRunner.dll (+2 others) [CacheWrite ]
[120/137    0s] CopyFiles Library/ScriptAssemblies/UnityEngine.TestRunner.dll
[121/137    0s] CopyFiles Library/ScriptAssemblies/UnityEngine.TestRunner.pdb
[126/137    0s] CopyFiles Library/ScriptAssemblies/UnityEditor.TestRunner.dll
[127/137    0s] CopyFiles Library/ScriptAssemblies/UnityEditor.TestRunner.pdb
[129/137    0s] CopyFiles Library/ScriptAssemblies/ArgusUnity.Editor.pdb
[130/137    0s] CopyFiles Library/ScriptAssemblies/ArgusUnity.Editor.dll
[131/137    0s] Csc Library/Bee/artifacts/200b0aE.dag/ArgusUnity.Tests.PlayMode.dll (+2 others)
[132/137    0s] CopyFiles Library/ScriptAssemblies/ArgusUnity.Tests.PlayMode.pdb
[133/137    0s] CopyFiles Library/ScriptAssemblies/ArgusUnity.Tests.PlayMode.dll
[134/137    0s] Csc Library/Bee/artifacts/200b0aE.dag/ArgusUnity.Tests.EditMode.dll (+2 others)
[135/137    0s] CopyFiles Library/ScriptAssemblies/ArgusUnity.Tests.EditMode.dll
[136/137    0s] CopyFiles Library/ScriptAssemblies/ArgusUnity.Tests.EditMode.pdb
*** Tundra build success (2.15 seconds), 22 items updated, 137 evaluated
Total cache size 1241864
Total cache size after purge 1241864
AssetDatabase: script compilation time: 3.916182s
Begin MonoManager ReloadAssembly
Symbol file LoadedFromMemory is not a mono symbol file
- Loaded All Assemblies, in  0.296 seconds
Refreshing native plugins compatible for Editor in 0.27 ms, found 0 plugins.
Preloading 0 native plugins for Editor in 0.00 ms.
Start importing Packages/com.unity.modules.screencapture using Guid(5469ef0820152a4ae45d400fdc4626e4) Importer(-1,00000000000000000000000000000000)  -> (artifact id: '0d671ba702572809a8e7139fbb07a209') in 0.019047 seconds
Start importing Packages/com.unity.modules.imageconversion using Guid(850c54ee0b9e1aa740b1c67792eb1f26) Importer(-1,00000000000000000000000000000000)  -> (artifact id: '4b4518349c1690f615e4983fae26b92c') in 0.000269 seconds
Start importing Assets/Project/Scripts/Runtime/SmokeScreenshot.cs using Guid(c1029384756fbc0d1122334455667788) Importer(-1,00000000000000000000000000000000)  -> (artifact id: '7eda8ed75705cdfdbb3c043a72f81199') in 0.000944 seconds
Start importing Assets/Editor/BridgePlayModeSmoke.cs using Guid(a838e26c9df2a4ca09e37baa54ed3288) Importer(-1,00000000000000000000000000000000)  -> (artifact id: 'f628319ae54fe25653a97368cedd81d1') in 0.000703 seconds
Start importing Packages/com.unity.modules.imageconversion/package.ModuleCompilationTrigger using Guid(830a36a23cf3ab1e61fa47940a6dc35e) Importer(-1,00000000000000000000000000000000)  -> (artifact id: '45ef1d7240373ebfdfbde026e09b19ed') in 0.531218 seconds
Start importing Packages/com.unity.modules.screencapture/package.ModuleCompilationTrigger using Guid(cd561f5f687aed43bf280c27a84f79e3) Importer(-1,00000000000000000000000000000000)  -> (artifact id: 'f0d56b5144b4707feba9a1b583a5d9ab') in 0.001435 seconds
Refreshing native plugins compatible for Editor in 0.24 ms, found 0 plugins.
Native extension for OSXStandalone target not found
Mono: successfully reloaded assembly
- Finished resetting the current domain, in  0.147 seconds
Domain Reload Profiling: 443ms
	BeginReloadAssembly (109ms)
		ExecutionOrderSort (0ms)
		DisableScriptedObjects (3ms)
		BackupInstance (0ms)
		ReleaseScriptingObjects (0ms)
		CreateAndSetChildDomain (25ms)
	RebuildCommonClasses (22ms)
	RebuildNativeTypeToScriptingClass (8ms)
	initialDomainReloadingComplete (15ms)
	LoadAllAssembliesAndSetupDomain (142ms)
		LoadAssemblies (106ms)
		RebuildTransferFunctionScriptingTraits (0ms)
		AnalyzeDomain (89ms)
			TypeCache.Refresh (87ms)
				TypeCache.ScanAssembly (81ms)
			ScanForSourceGeneratedMonoScriptInfo (1ms)
			ResolveRequiredComponents (0ms)
	FinalizeReload (147ms)
		ReleaseScriptCaches (0ms)
		RebuildScriptCaches (0ms)
		SetupLoadedEditorAssemblies (87ms)
			LogAssemblyErrors (0ms)
			InitializePlatformSupportModulesInManaged (2ms)
			SetLoadedEditorAssemblies (2ms)
			RefreshPlugins (0ms)
			BeforeProcessingInitializeOnLoad (4ms)
			ProcessInitializeOnLoadAttributes (70ms)
			ProcessInitializeOnLoadMethodAttributes (9ms)
			AfterProcessingInitializeOnLoad (1ms)
			EditorAssembliesLoaded (0ms)
		ExecutionOrderSort2 (0ms)
		AwakeInstancesAfterBackupRestoration (2ms)
Start importing Assets/Project/Scenes/MainSimulation.unity using Guid(7c4d8e9f0a1b2c3d4e5f678901234abc) Importer(-1,00000000000000000000000000000000)  -> (artifact id: 'd031e146c53381fb99b1d611e202833e') in 0.000576 seconds
Start importing Packages/com.unity.modules.screencapture/package.json using Guid(80beef77cb19e713c7c2d481b65ed485) Importer(-1,00000000000000000000000000000000)  -> (artifact id: '915f33aea75ed0267003258428b87835') in 0.000956 seconds
Start importing Packages/com.unity.modules.imageconversion/package.json using Guid(953fab16d15d5885b3600fcd6388b2ad) Importer(-1,00000000000000000000000000000000)  -> (artifact id: '7514fcff0f4cc89d60d1e08fdccdccf3') in 0.000597 seconds
Refreshing native plugins compatible for Editor in 0.25 ms, found 0 plugins.
Preloading 0 native plugins for Editor in 0.00 ms.
Asset Pipeline Refresh (id=60a1a002d4677443fa6805b3b9715f5c): Total: 5.147 seconds - Initiated by InitialRefreshV2(ForceSynchronousImport)
	Summary:
		Imports: total=9 (actual=9, local cache=0, cache server=0)
		Asset DB Process Time: managed=2 ms, native=746 ms
		Asset DB Callback time: managed=25 ms, native=6 ms
		Scripting: domain reloads=1, domain reload time=447 ms, compile time=3916 ms, other=2 ms
		Project Asset Count: scripts=389, non-scripts=28
		Asset File Changes: new=6, changed=6, moved=0, deleted=0
		Scan Filter Count: 1
	InvokeBeforeRefreshCallbacks: 0.138ms
	ApplyChangesToAssetFolders: 0.008ms
	Scan: 50.027ms
	OnSourceAssetsModified: 1.709ms
	GetAllGuidsForCategorization: 0.022ms
	CategorizeAssets: 6.088ms
	ImportOutOfDateAssets: 714.135ms (-3767.421ms without children)
		ImportManagerImport: 564.279ms (3.832ms without children)
			ImportInProcess: 560.431ms
			UpdateCategorizedAssets: 0.016ms
		CompileScripts: 3916.258ms
		ReloadNativeAssets: 0.000ms
		UnloadImportedAssets: 0.697ms
		ReloadImportedAssets: 0.001ms
		EnsureUptoDateAssetsAreRegisteredWithGuidPM: 0.079ms
		InitializingProgressBar: 0.004ms
		PostProcessAllAssetNotificationsAddChangedAssets: 0.000ms
		OnDemandSchedulerStart: 0.238ms
	PostProcessAllAssets: 26.931ms
	Hotreload: 3.383ms
	GatherAllCurrentPrimaryArtifactRevisions: 0.000ms
	UnloadStreamsBegin: 0.146ms
	PersistCurrentRevisions: 0.044ms
	UnloadStreamsEnd: 0.001ms
	GenerateScriptTypeHashes: 0.000ms
	Untracked: 4344.278ms
Application.AssetDatabase Initial Refresh End
Launching external process: /Applications/Unity/Hub/Editor/2022.3.0f1/Unity.app/Contents/Tools/UnityShaderCompiler
Launched and connected shader compiler UnityShaderCompiler after 0.23 seconds
Scanning for USB devices : 0.028ms
Initializing Unity extensions:
[Licensing::Client] Successfully resolved entitlements
[MODES] ModeService[none].Initialize
[MODES] ModeService[none].LoadModes
[MODES] Loading mode Default (0) for mode-current-id-EmbodiedDebate
ProgressiveSceneManager::Cancel()
Unloading 3 Unused Serialized files (Serialized files now loaded: 0)
Unloading 22 unused Assets / (372.8 KB). Loaded Objects now: 819.
Memory consumption went from 85.6 MB to 85.2 MB.
Total: 2.306708 ms (FindLiveObjects: 0.029000 ms CreateObjectMapping: 0.007459 ms MarkObjects: 2.132208 ms  DeleteObjects: 0.137583 ms)

ArgusUnity.Editor.BridgePlayModeSmoke: capture path=/Users/guribbong/code/Argus/tmp/unity_main_simulation.png
UnityEngine.StackTraceUtility:ExtractStackTrace () (at /Users/bokken/build/output/unity/unity/Runtime/Export/Scripting/StackTrace.cs:37)
UnityEngine.DebugLogHandler:LogFormat (UnityEngine.LogType,UnityEngine.Object,string,object[])
UnityEngine.Logger:Log (UnityEngine.LogType,object)
UnityEngine.Debug:Log (object)
ArgusUnity.Editor.BridgePlayModeSmoke:CaptureAndQuit () (at Assets/Editor/BridgePlayModeSmoke.cs:28)

(Filename: Assets/Editor/BridgePlayModeSmoke.cs Line: 28)

Opening scene 'Assets/Project/Scenes/MainSimulation.unity'
Unloading 0 Unused Serialized files (Serialized files now loaded: 0)
Loaded scene 'Assets/Project/Scenes/MainSimulation.unity'
	Deserialize:            1.469 ms
	Integration:            6.227 ms
	Integration of assets:  0.001 ms
	Thread Wait Time:       0.003 ms
	Total Operation Time:   7.700 ms
Unloading 2 unused Assets / (1.3 KB). Loaded Objects now: 840.
Memory consumption went from 84.4 MB to 84.3 MB.
Total: 1.931750 ms (FindLiveObjects: 0.029958 ms CreateObjectMapping: 0.006792 ms MarkObjects: 1.861625 ms  DeleteObjects: 0.033000 ms)

[Project] Loading completed in 9.318 seconds
	Project init time: 				7.569 seconds
		Template init time: 		0.000 seconds
		Package Manager init time: 		0.760 seconds
		Asset Database init time: 		0.551 seconds
		Global illumination init time: 	0.001 seconds
		Assemblies load time: 			0.417 seconds
		Unity extensions init time: 	0.000 seconds
		Asset Database refresh time: 	0.000 seconds
	Scene opening time: 			0.090 seconds
##utp:{"type":"ProjectInfo","version":2,"phase":"Immediate","time":1777890003811,"processId":87410,"projectLoad":9.318000625,"projectInit":7.568853,"templateInit":0.0,"packageManagerInit":0.760125625,"assetDatabaseInit":0.550530375,"globalIlluminationInit":0.000662042,"assembliesLoad":0.416780833,"unityExtensionsInit":0.000353875,"assetDatabaseRefresh":0.0,"sceneOpening":0.089564}
##utp:{"type":"EditorInfo","version":2,"phase":"Immediate","time":1777890003811,"processId":87410,"editorVersion":"2022.3.0f1 (fb119bb0b476)","branch":"2022.3/release","buildType":"Release","platform":"OSX"}
Subscribe to USB device events
Thread 0x313a13000 may have been prematurely finalized
Reloading assemblies for play mode.
Reloading assemblies after forced synchronous recompile.
Begin MonoManager ReloadAssembly
Symbol file LoadedFromMemory is not a mono symbol file
- Loaded All Assemblies, in  0.133 seconds
Refreshing native plugins compatible for Editor in 0.17 ms, found 0 plugins.
Native extension for OSXStandalone target not found
Mono: successfully reloaded assembly
- Finished resetting the current domain, in  0.190 seconds
Domain Reload Profiling: 323ms
	BeginReloadAssembly (86ms)
		ExecutionOrderSort (0ms)
		DisableScriptedObjects (2ms)
		BackupInstance (0ms)
		ReleaseScriptingObjects (0ms)
		CreateAndSetChildDomain (26ms)
	RebuildCommonClasses (23ms)
	RebuildNativeTypeToScriptingClass (7ms)
	initialDomainReloadingComplete (12ms)
	LoadAllAssembliesAndSetupDomain (5ms)
		LoadAssemblies (52ms)
		RebuildTransferFunctionScriptingTraits (0ms)
		AnalyzeDomain (0ms)
			TypeCache.Refresh (0ms)
				TypeCache.ScanAssembly (0ms)
			ScanForSourceGeneratedMonoScriptInfo (0ms)
			ResolveRequiredComponents (0ms)
	FinalizeReload (190ms)
		ReleaseScriptCaches (0ms)
		RebuildScriptCaches (0ms)
		SetupLoadedEditorAssemblies (105ms)
			LogAssemblyErrors (0ms)
			InitializePlatformSupportModulesInManaged (2ms)
			SetLoadedEditorAssemblies (4ms)
			RefreshPlugins (0ms)
			BeforeProcessingInitializeOnLoad (15ms)
			ProcessInitializeOnLoadAttributes (71ms)
			ProcessInitializeOnLoadMethodAttributes (12ms)
			AfterProcessingInitializeOnLoad (1ms)
			EditorAssembliesLoaded (0ms)
		ExecutionOrderSort2 (0ms)
		AwakeInstancesAfterBackupRestoration (3ms)
Asset Pipeline Refresh (id=3149aed0fc6f54d748cd257c3afbe78e): Total: 0.351 seconds - Initiated by StopAssetImportingV2(ForceSynchronousImport | ForceDomainReload)
	Summary:
		Imports: total=0 (actual=0, local cache=0, cache server=0)
		Asset DB Process Time: managed=0 ms, native=18 ms
		Asset DB Callback time: managed=6 ms, native=0 ms
		Scripting: domain reloads=1, domain reload time=325 ms, compile time=0 ms, other=0 ms
		Project Asset Count: scripts=389, non-scripts=28
		Asset File Changes: new=0, changed=0, moved=0, deleted=0
		Scan Filter Count: 0
	InvokeBeforeRefreshCallbacks: 0.399ms
	ApplyChangesToAssetFolders: 0.014ms
	Scan: 0.000ms
	OnSourceAssetsModified: 0.001ms
	GetAllGuidsForCategorization: 0.027ms
	CategorizeAssets: 0.955ms
	ImportOutOfDateAssets: 191.807ms (191.596ms without children)
		CompileScripts: 0.008ms
		CollectScriptTypesHashes: 0.000ms
		ReloadNativeAssets: 0.000ms
		UnloadImportedAssets: 0.057ms
		EnsureUptoDateAssetsAreRegisteredWithGuidPM: 0.069ms
		InitializingProgressBar: 0.000ms
		PostProcessAllAssetNotificationsAddChangedAssets: 0.000ms
		OnDemandSchedulerStart: 0.076ms
	PostProcessAllAssets: 6.326ms
	GatherAllCurrentPrimaryArtifactRevisions: 0.013ms
	UnloadStreamsBegin: 0.041ms
	PersistCurrentRevisions: 0.011ms
	UnloadStreamsEnd: 0.001ms
	GenerateScriptTypeHashes: 0.000ms
	Untracked: 151.525ms
AudioListener component deleted: Component belongs to a disabled built-in package.
BoxCollider component deleted: Component belongs to a disabled built-in package.
Loaded scene 'Temp/__Backupscenes/0.backup'
	Deserialize:            0.523 ms
	Integration:            24.566 ms
	Integration of assets:  0.001 ms
	Thread Wait Time:       0.004 ms
	Total Operation Time:   25.094 ms
[MODES] ModeService[none].Initialize
[MODES] ModeService[none].LoadModes
[MODES] Loading mode Default (0) for mode-current-id-EmbodiedDebate
Created GICache directory at /Users/guribbong/Library/Caches/com.unity3d.UnityEditor/GiCache. Took: 0.005s, timestamps: [9.737 - 9.742]
Setting up 4 worker threads for Enlighten.
Bridge message not routed: Bridge message type is known but not routed by the scene orchestrator. (bridge.ready)
UnityEngine.StackTraceUtility:ExtractStackTrace () (at /Users/bokken/build/output/unity/unity/Runtime/Export/Scripting/StackTrace.cs:37)
UnityEngine.DebugLogHandler:LogFormat (UnityEngine.LogType,UnityEngine.Object,string,object[])
UnityEngine.Logger:Log (UnityEngine.LogType,object)
UnityEngine.Debug:LogWarning (object)
ArgusUnity.Runtime.BridgeReceiver:Update () (at Assets/Project/Scripts/Runtime/BridgeReceiver.cs:97)

(Filename: Assets/Project/Scripts/Runtime/BridgeReceiver.cs Line: 97)

Bridge message not routed: Bridge message type is known but not routed by the scene orchestrator. (simulation.event)
UnityEngine.StackTraceUtility:ExtractStackTrace () (at /Users/bokken/build/output/unity/unity/Runtime/Export/Scripting/StackTrace.cs:37)
UnityEngine.DebugLogHandler:LogFormat (UnityEngine.LogType,UnityEngine.Object,string,object[])
UnityEngine.Logger:Log (UnityEngine.LogType,object)
UnityEngine.Debug:LogWarning (object)
ArgusUnity.Runtime.BridgeReceiver:Update () (at Assets/Project/Scripts/Runtime/BridgeReceiver.cs:97)

(Filename: Assets/Project/Scripts/Runtime/BridgeReceiver.cs Line: 97)

Bridge message not routed: Bridge message type is known but not routed by the scene orchestrator. (simulation.event)
UnityEngine.StackTraceUtility:ExtractStackTrace () (at /Users/bokken/build/output/unity/unity/Runtime/Export/Scripting/StackTrace.cs:37)
UnityEngine.DebugLogHandler:LogFormat (UnityEngine.LogType,UnityEngine.Object,string,object[])
UnityEngine.Logger:Log (UnityEngine.LogType,object)
UnityEngine.Debug:LogWarning (object)
ArgusUnity.Runtime.BridgeReceiver:Update () (at Assets/Project/Scripts/Runtime/BridgeReceiver.cs:97)

(Filename: Assets/Project/Scripts/Runtime/BridgeReceiver.cs Line: 97)

Bridge message not routed: Bridge message type is known but not routed by the scene orchestrator. (simulation.event)
UnityEngine.StackTraceUtility:ExtractStackTrace () (at /Users/bokken/build/output/unity/unity/Runtime/Export/Scripting/StackTrace.cs:37)
UnityEngine.DebugLogHandler:LogFormat (UnityEngine.LogType,UnityEngine.Object,string,object[])
UnityEngine.Logger:Log (UnityEngine.LogType,object)
UnityEngine.Debug:LogWarning (object)
ArgusUnity.Runtime.BridgeReceiver:Update () (at Assets/Project/Scripts/Runtime/BridgeReceiver.cs:97)

(Filename: Assets/Project/Scripts/Runtime/BridgeReceiver.cs Line: 97)

Bridge message not routed: Bridge message type is known but not routed by the scene orchestrator. (simulation.event)
UnityEngine.StackTraceUtility:ExtractStackTrace () (at /Users/bokken/build/output/unity/unity/Runtime/Export/Scripting/StackTrace.cs:37)
UnityEngine.DebugLogHandler:LogFormat (UnityEngine.LogType,UnityEngine.Object,string,object[])
UnityEngine.Logger:Log (UnityEngine.LogType,object)
UnityEngine.Debug:LogWarning (object)
ArgusUnity.Runtime.BridgeReceiver:Update () (at Assets/Project/Scripts/Runtime/BridgeReceiver.cs:97)

(Filename: Assets/Project/Scripts/Runtime/BridgeReceiver.cs Line: 97)

Bridge message not routed: Bridge message type is known but not routed by the scene orchestrator. (simulation.event)
UnityEngine.StackTraceUtility:ExtractStackTrace () (at /Users/bokken/build/output/unity/unity/Runtime/Export/Scripting/StackTrace.cs:37)
UnityEngine.DebugLogHandler:LogFormat (UnityEngine.LogType,UnityEngine.Object,string,object[])
UnityEngine.Logger:Log (UnityEngine.LogType,object)
UnityEngine.Debug:LogWarning (object)
ArgusUnity.Runtime.BridgeReceiver:Update () (at Assets/Project/Scripts/Runtime/BridgeReceiver.cs:97)

(Filename: Assets/Project/Scripts/Runtime/BridgeReceiver.cs Line: 97)

Bridge message not routed: Bridge message type is known but not routed by the scene orchestrator. (simulation.event)
UnityEngine.StackTraceUtility:ExtractStackTrace () (at /Users/bokken/build/output/unity/unity/Runtime/Export/Scripting/StackTrace.cs:37)
UnityEngine.DebugLogHandler:LogFormat (UnityEngine.LogType,UnityEngine.Object,string,object[])
UnityEngine.Logger:Log (UnityEngine.LogType,object)
UnityEngine.Debug:LogWarning (object)
ArgusUnity.Runtime.BridgeReceiver:Update () (at Assets/Project/Scripts/Runtime/BridgeReceiver.cs:97)

(Filename: Assets/Project/Scripts/Runtime/BridgeReceiver.cs Line: 97)

Bridge message not routed: Bridge message type is known but not routed by the scene orchestrator. (simulation.event)
UnityEngine.StackTraceUtility:ExtractStackTrace () (at /Users/bokken/build/output/unity/unity/Runtime/Export/Scripting/StackTrace.cs:37)
UnityEngine.DebugLogHandler:LogFormat (UnityEngine.LogType,UnityEngine.Object,string,object[])
UnityEngine.Logger:Log (UnityEngine.LogType,object)
UnityEngine.Debug:LogWarning (object)
ArgusUnity.Runtime.BridgeReceiver:Update () (at Assets/Project/Scripts/Runtime/BridgeReceiver.cs:97)

(Filename: Assets/Project/Scripts/Runtime/BridgeReceiver.cs Line: 97)

Bridge message not routed: Bridge message type is known but not routed by the scene orchestrator. (simulation.event)
UnityEngine.StackTraceUtility:ExtractStackTrace () (at /Users/bokken/build/output/unity/unity/Runtime/Export/Scripting/StackTrace.cs:37)
UnityEngine.DebugLogHandler:LogFormat (UnityEngine.LogType,UnityEngine.Object,string,object[])
UnityEngine.Logger:Log (UnityEngine.LogType,object)
UnityEngine.Debug:LogWarning (object)
ArgusUnity.Runtime.BridgeReceiver:Update () (at Assets/Project/Scripts/Runtime/BridgeReceiver.cs:97)

(Filename: Assets/Project/Scripts/Runtime/BridgeReceiver.cs Line: 97)

Bridge message not routed: Bridge message type is known but not routed by the scene orchestrator. (simulation.event)
UnityEngine.StackTraceUtility:ExtractStackTrace () (at /Users/bokken/build/output/unity/unity/Runtime/Export/Scripting/StackTrace.cs:37)
UnityEngine.DebugLogHandler:LogFormat (UnityEngine.LogType,UnityEngine.Object,string,object[])
UnityEngine.Logger:Log (UnityEngine.LogType,object)
UnityEngine.Debug:LogWarning (object)
ArgusUnity.Runtime.BridgeReceiver:Update () (at Assets/Project/Scripts/Runtime/BridgeReceiver.cs:97)

(Filename: Assets/Project/Scripts/Runtime/BridgeReceiver.cs Line: 97)

Bridge message not routed: Bridge message type is known but not routed by the scene orchestrator. (simulation.event)
UnityEngine.StackTraceUtility:ExtractStackTrace () (at /Users/bokken/build/output/unity/unity/Runtime/Export/Scripting/StackTrace.cs:37)
UnityEngine.DebugLogHandler:LogFormat (UnityEngine.LogType,UnityEngine.Object,string,object[])
UnityEngine.Logger:Log (UnityEngine.LogType,object)
UnityEngine.Debug:LogWarning (object)
ArgusUnity.Runtime.BridgeReceiver:Update () (at Assets/Project/Scripts/Runtime/BridgeReceiver.cs:97)

(Filename: Assets/Project/Scripts/Runtime/BridgeReceiver.cs Line: 97)

Bridge message not routed: Bridge message type is known but not routed by the scene orchestrator. (replay.status)
UnityEngine.StackTraceUtility:ExtractStackTrace () (at /Users/bokken/build/output/unity/unity/Runtime/Export/Scripting/StackTrace.cs:37)
UnityEngine.DebugLogHandler:LogFormat (UnityEngine.LogType,UnityEngine.Object,string,object[])
UnityEngine.Logger:Log (UnityEngine.LogType,object)
UnityEngine.Debug:LogWarning (object)
ArgusUnity.Runtime.BridgeReceiver:Update () (at Assets/Project/Scripts/Runtime/BridgeReceiver.cs:97)

(Filename: Assets/Project/Scripts/Runtime/BridgeReceiver.cs Line: 97)

ArgusSmoke: capturing /Users/guribbong/code/Argus/tmp/unity_main_simulation.png after 1201 frames.
UnityEngine.StackTraceUtility:ExtractStackTrace () (at /Users/bokken/build/output/unity/unity/Runtime/Export/Scripting/StackTrace.cs:37)
UnityEngine.DebugLogHandler:LogFormat (UnityEngine.LogType,UnityEngine.Object,string,object[])
UnityEngine.Logger:Log (UnityEngine.LogType,object)
UnityEngine.Debug:Log (object)
ArgusUnity.Runtime.SmokeScreenshot:LateUpdate () (at Assets/Project/Scripts/Runtime/SmokeScreenshot.cs:44)

(Filename: Assets/Project/Scripts/Runtime/SmokeScreenshot.cs Line: 44)

Thread 0x313a13000 may have been prematurely finalized
Unloading 1 Unused Serialized files (Serialized files now loaded: 1)
Loaded scene 'Temp/__Backupscenes/0.backup'
	Deserialize:            0.556 ms
	Integration:            3.789 ms
	Integration of assets:  0.001 ms
	Thread Wait Time:       0.003 ms
	Total Operation Time:   4.349 ms
Unloading 10 unused Assets / (2.4 KB). Loaded Objects now: 850.
Memory consumption went from 86.6 MB to 86.6 MB.
Total: 5.694334 ms (FindLiveObjects: 0.034667 ms CreateObjectMapping: 0.007625 ms MarkObjects: 5.576208 ms  DeleteObjects: 0.075458 ms)

[UnityConnectServicesConfig] config is NOT valid, switching to default
gi::BakeBackendSwitch: switching bake backend from 3 to 2.
Request timed out while processing request "https://public-cdn.cloud.unity3d.com/config/production", HTTP error code 0
.[UnityConnect] Request timed out.
Component at index 3 could not be loaded when loading game object 'FallbackRobot'. Removing it.
UnityEngine.StackTraceUtility:ExtractStackTrace () (at /Users/bokken/build/output/unity/unity/Runtime/Export/Scripting/StackTrace.cs:37)
ArgusUnity.Runtime.SmokeScreenshot/<>c:<LateUpdate>b__5_0 () (at Assets/Project/Scripts/Runtime/SmokeScreenshot.cs:50)
UnityEditor.EditorApplication:Internal_CallDelayFunctions () (at /Users/bokken/build/output/unity/unity/Editor/Mono/EditorApplication.cs:377)

[Assets/Project/Scripts/Runtime/SmokeScreenshot.cs line 50]

Start importing Assets/Project/Resources/FallbackRobot.prefab using Guid(ee99aa11bb22cc33dd44ee55ff667788) Importer(-1,00000000000000000000000000000000)  -> (artifact id: '9f6103b28a4f9578a25d281029e2d1f2') in 0.003779 seconds
Refreshing native plugins compatible for Editor in 0.27 ms, found 0 plugins.
Preloading 0 native plugins for Editor in 0.00 ms.
Asset Pipeline Refresh (id=f53184b3b6719420d82a8da93bd6df81): Total: 0.031 seconds - Initiated by StopAssetImportingV2(NoUpdateAssetOptions)
Thread 0x327b07000 may have been prematurely finalized
[Licensing::IpcConnector] License Notification channel disconnected successfully.
[Licensing::IpcConnector] License Client channel disconnected successfully.
Curl error 42: Callback aborted
Thread 0x17e713000 may have been prematurely finalized
Cleanup mono
[40m[32minfo[39m[22m[49m: Microsoft.Hosting.Lifetime[0]
      Application is shutting down...
debugger-agent: Unable to listen on 50
[Performance] Application.InitializeProject                                                                                                      :        1 samples, Peak.  7.57 s (1.0x), Avg.  7.57 s, Total. 7.569 s (65.6%)
[Performance] Application.PackageManager.StartServer                                                                                             :        1 samples, Peak.  2.97 ms (1.0x), Avg.  2.97 ms, Total. 2.968 ms (0.0%)
[Performance] Application.AcquireProjectLock                                                                                                     :        1 samples, Peak.  1.69 ms (1.0x), Avg.  1.69 ms, Total. 1.692 ms (0.0%)
[Performance] Application.InitializeEngineNoGraphics                                                                                             :        1 samples, Peak.  62.0 ms (1.0x), Avg.  62.0 ms, Total. 62.01 ms (0.5%)
[Performance] Application.PackageManager.Initialize                                                                                              :        1 samples, Peak.   760 ms (1.0x), Avg.   760 ms, Total. 760.1 ms (6.6%)
[Performance] Connecting to Package Manager                                                                                                      :       77 samples, Peak.  39.1 us (45.7x), Avg.   856 ns, Total. 65.91 us (0.0%)
[Performance] PackageManager::Api::RunRequestSynchronously                                                                                       :        6 samples, Peak.  3.33 us (1.8x), Avg.  1.81 us, Total. 10.87 us (0.0%)
[Performance] Application.EngineGraphics.Initialize                                                                                              :        1 samples, Peak.  24.1 ms (1.0x), Avg.  24.1 ms, Total. 24.12 ms (0.2%)
[Performance] Application.GI.Initialize                                                                                                          :        1 samples, Peak.   664 us (1.0x), Avg.   664 us, Total. 663.7 us (0.0%)
[Performance] Application.LoadAllDefaultResourcesFromEditor                                                                                      :        1 samples, Peak.  1.02 ms (1.0x), Avg.  1.02 ms, Total. 1.024 ms (0.0%)
[Performance] Application.LoadMonoAssemblies                                                                                                     :        1 samples, Peak.   417 ms (1.0x), Avg.   417 ms, Total. 416.8 ms (3.6%)
[Performance] RestoreManagedReferences                                                                                                           :        3 samples, Peak.  37.8 ms (1.8x), Avg.  21.2 ms, Total. 63.67 ms (0.6%)
[Performance] InitializeOnLoad ProjectSearch                                                                                                     :        3 samples, Peak.   323 us (1.6x), Avg.   205 us, Total. 615.0 us (0.0%)
[Performance] InitializeOnLoad AssetStoreContext                                                                                                 :        3 samples, Peak.  15.9 ms (1.2x), Avg.  13.7 ms, Total. 41.23 ms (0.4%)
[Performance] InitializeOnLoad SearchService                                                                                                     :        3 samples, Peak.  82.3 us (1.2x), Avg.  67.4 us, Total. 202.2 us (0.0%)
[Performance] InitializeOnLoad ObjectSelectorSearch                                                                                              :        3 samples, Peak.   186 us (1.2x), Avg.   154 us, Total. 462.8 us (0.0%)
[Performance] InitializeOnLoad NativeFormatImporterUtility                                                                                       :        3 samples, Peak.  1.34 ms (1.2x), Avg.  1.09 ms, Total. 3.283 ms (0.0%)
[Performance] InitializeOnLoad ManagedDebuggerWindow                                                                                             :        3 samples, Peak.   392 us (1.0x), Avg.   376 us, Total. 1.127 ms (0.0%)
[Performance] InitializeOnLoad PrefabInstanceChangedListener                                                                                     :        3 samples, Peak.   403 us (1.1x), Avg.   356 us, Total. 1.067 ms (0.0%)
[Performance] InitializeOnLoad ManagedDebugger                                                                                                   :        3 samples, Peak.   291 ns (1.2x), Avg.   236 ns, Total. 707.0 ns (0.0%)
[Performance] InitializeOnLoad CloudBuild                                                                                                        :        3 samples, Peak.  3.04 us (1.5x), Avg.  1.99 us, Total. 5.958 us (0.0%)
[Performance] InitializeOnLoad Collab                                                                                                            :        3 samples, Peak.  3.46 ms (1.0x), Avg.  3.33 ms, Total. 9.985 ms (0.1%)
[Performance] InitializeOnLoad ShortcutIntegration                                                                                               :        3 samples, Peak.  37.7 us (1.1x), Avg.  35.6 us, Total. 106.7 us (0.0%)
[Performance] InitializeOnLoad MixerEffectDefinitionReloader                                                                                     :        3 samples, Peak.  1.30 ms (1.3x), Avg.  1.01 ms, Total. 3.029 ms (0.0%)
[Performance] InitializeOnLoad DrivenRectTransformUndo                                                                                           :        3 samples, Peak.   129 us (1.0x), Avg.   125 us, Total. 373.8 us (0.0%)
[Performance] InitializeOnLoad WindowLayout                                                                                                      :        3 samples, Peak.   284 us (1.1x), Avg.   260 us, Total. 778.5 us (0.0%)
[Performance] InitializeOnLoad SettingsService                                                                                                   :        3 samples, Peak.  6.75 us (1.4x), Avg.  4.72 us, Total. 14.17 us (0.0%)
[Performance] InitializeOnLoad CacheServerWindow                                                                                                 :        3 samples, Peak.  7.79 us (1.5x), Avg.  5.11 us, Total. 15.33 us (0.0%)
[Performance] InitializeOnLoad MenuItems                                                                                                         :        3 samples, Peak.  42.8 us (1.0x), Avg.  41.2 us, Total. 123.6 us (0.0%)
[Performance] InitializeOnLoad CheckNavigationPackage                                                                                            :        3 samples, Peak.   230 us (1.1x), Avg.   202 us, Total. 605.4 us (0.0%)
[Performance] InitializeOnLoad UISystemProfilerRenderService                                                                                     :        3 samples, Peak.  6.67 us (1.3x), Avg.  5.08 us, Total. 15.25 us (0.0%)
[Performance] InitializeOnLoad EditMode                                                                                                          :        3 samples, Peak.   204 us (1.1x), Avg.   193 us, Total. 579.8 us (0.0%)
[Performance] InitializeOnLoad UnityConnect                                                                                                      :        3 samples, Peak.  24.2 us (1.0x), Avg.  23.6 us, Total. 70.79 us (0.0%)
[Performance] InitializeOnLoad AddComponentWindow                                                                                                :        3 samples, Peak.  61.9 us (1.1x), Avg.  56.7 us, Total. 170.1 us (0.0%)
[Performance] InitializeOnLoad PlayModeDownload                                                                                                  :        3 samples, Peak.  2.17 ms (2.6x), Avg.   819 us, Total. 2.457 ms (0.0%)
[Performance] InitializeOnLoad SceneSearch                                                                                                       :        3 samples, Peak.  63.2 us (1.5x), Avg.  42.3 us, Total. 126.8 us (0.0%)
[Performance] InitializeOnLoad EditorDelegateRegistration                                                                                        :        3 samples, Peak.   532 us (1.3x), Avg.   424 us, Total. 1.273 ms (0.0%)
[Performance] InitializeOnLoad UxmlObjectEditorFactories                                                                                         :        3 samples, Peak.   336 us (1.2x), Avg.   289 us, Total. 866.2 us (0.0%)
[Performance] InitializeOnLoad RetainedMode                                                                                                      :        3 samples, Peak.  1.41 ms (1.1x), Avg.  1.26 ms, Total. 3.768 ms (0.0%)
[Performance] InitializeOnLoad EditorShaderLoader                                                                                                :        3 samples, Peak.   360 us (1.1x), Avg.   323 us, Total. 969.2 us (0.0%)
[Performance] InitializeOnLoad UIDocumentHierarchyWatcher                                                                                        :        3 samples, Peak.  37.0 us (1.0x), Avg.  35.7 us, Total. 107.1 us (0.0%)
[Performance] InitializeOnLoad EditorMonitor                                                                                                     :        3 samples, Peak.  79.9 us (1.1x), Avg.  74.0 us, Total. 222.0 us (0.0%)
[Performance] InitializeOnLoad LiveReloadTrackerCreator                                                                                          :        3 samples, Peak.   122 us (1.3x), Avg.  96.2 us, Total. 288.5 us (0.0%)
[Performance] InitializeOnLoad UXMLEditorFactories                                                                                               :        3 samples, Peak.  35.5 ms (1.1x), Avg.  32.3 ms, Total. 96.88 ms (0.8%)
[Performance] InitializeOnLoad ServicesRepository                                                                                                :        3 samples, Peak.   436 us (1.1x), Avg.   412 us, Total. 1.236 ms (0.0%)
[Performance] InitializeOnLoad UDPService                                                                                                        :        3 samples, Peak.  1.00 ms (1.0x), Avg.   966 us, Total. 2.897 ms (0.0%)
[Performance] InitializeOnLoad EditorGameServicesAnalytics                                                                                       :        3 samples, Peak.   783 us (1.3x), Avg.   622 us, Total. 1.866 ms (0.0%)
[Performance] InitializeOnLoad CloudBuildPoller                                                                                                  :        3 samples, Peak.  58.2 us (1.1x), Avg.  53.6 us, Total. 160.7 us (0.0%)
[Performance] InitializeOnLoad BuildService                                                                                                      :        3 samples, Peak.  1.46 ms (1.8x), Avg.   795 us, Total. 2.385 ms (0.0%)
[Performance] InitializeOnLoad CollabService                                                                                                     :        3 samples, Peak.   720 us (1.3x), Avg.   537 us, Total. 1.610 ms (0.0%)
[Performance] InitializeOnLoad PurchasingService                                                                                                 :        3 samples, Peak.  4.45 ms (1.2x), Avg.  3.72 ms, Total. 11.17 ms (0.1%)
[Performance] InitializeOnLoad CrashService                                                                                                      :        3 samples, Peak.   459 us (1.0x), Avg.   442 us, Total. 1.326 ms (0.0%)
[Performance] InitializeOnLoad AdsService                                                                                                        :        3 samples, Peak.   838 us (1.3x), Avg.   665 us, Total. 1.995 ms (0.0%)
[Performance] InitializeOnLoad AnalyticsService                                                                                                  :        3 samples, Peak.  1.24 ms (1.6x), Avg.   793 us, Total. 2.379 ms (0.0%)
[Performance] InitializeOnLoad SearchWindow                                                                                                      :        3 samples, Peak.  92.9 us (1.2x), Avg.  77.0 us, Total. 231.0 us (0.0%)
[Performance] InitializeOnLoad SearchMonitor                                                                                                     :        3 samples, Peak.  6.10 ms (2.1x), Avg.  2.97 ms, Total. 8.903 ms (0.1%)
[Performance] InitializeOnLoad ParameterControllerEditor                                                                                         :        3 samples, Peak.  16.3 us (1.3x), Avg.  12.2 us, Total. 36.46 us (0.0%)
[Performance] InitializeOnLoad LayerSettingsWindow                                                                                               :        3 samples, Peak.  17.0 us (2.3x), Avg.  7.28 us, Total. 21.83 us (0.0%)
[Performance] InitializeOnLoad PackageManagerHookGUIDConverter.RegisterPackagesEventHandler                                                      :        3 samples, Peak.   461 us (2.3x), Avg.   204 us, Total. 612.3 us (0.0%)
[Performance] InitializeOnLoad EditorDragAndDrop.RegisterEditorClient                                                                            :        3 samples, Peak.   132 us (1.1x), Avg.   117 us, Total. 350.4 us (0.0%)
[Performance] InitializeOnLoad EditorEventCallbacks.InitializeFontAssetResourceChangeCallBacks                                                   :        3 samples, Peak.   693 us (1.1x), Avg.   651 us, Total. 1.954 ms (0.0%)
[Performance] InitializeOnLoad SceneTemplateService.Init                                                                                         :        3 samples, Peak.   861 us (1.3x), Avg.   677 us, Total. 2.030 ms (0.0%)
[Performance] InitializeOnLoad DiagnosticSwitchesConsoleMessage.Init                                                                             :        3 samples, Peak.  1.97 ms (1.4x), Avg.  1.39 ms, Total. 4.179 ms (0.0%)
[Performance] InitializeOnLoad ScopedRegistryAddedPopup.SubscribeToRegistriesAdded                                                               :        3 samples, Peak.  14.4 ms (1.9x), Avg.  7.62 ms, Total. 22.85 ms (0.2%)
[Performance] InitializeOnLoad PackageManagerWindow.EditorInitializedInSafeMode                                                                  :        3 samples, Peak.   109 us (1.4x), Avg.  79.6 us, Total. 238.7 us (0.0%)
[Performance] InitializeOnLoad MemoryProfilerCompilationGuard.InjectCompileGuard                                                                 :        3 samples, Peak.  77.3 us (1.0x), Avg.  74.7 us, Total. 224.2 us (0.0%)
[Performance] InitializeOnLoad SceneVisibilityManager.Initialize                                                                                 :        3 samples, Peak.  2.80 ms (2.2x), Avg.  1.30 ms, Total. 3.889 ms (0.0%)
[Performance] InitializeOnLoad AssetPostprocessingInternal.RefreshCustomDependencies                                                             :        3 samples, Peak.  1.53 ms (1.3x), Avg.  1.21 ms, Total. 3.637 ms (0.0%)
[Performance] InitializeOnLoad ToolShortcutContext.Init                                                                                          :        3 samples, Peak.  69.1 us (1.1x), Avg.  65.1 us, Total. 195.4 us (0.0%)
[Performance] InitializeOnLoad SysrootManager.Initialize                                                                                         :        3 samples, Peak.   249 us (1.1x), Avg.   237 us, Total. 710.2 us (0.0%)
[Performance] InitializeOnLoad EditorWindow.Initialize                                                                                           :        3 samples, Peak.  92.7 us (1.1x), Avg.  84.7 us, Total. 254.0 us (0.0%)
[Performance] AssemblyReloadEvents.afterAssemblyReload: UnityEditor.SceneTemplate.SceneTemplateService.AfterAssemblyReload                       :        3 samples, Peak.  2.29 ms (1.5x), Avg.  1.51 ms, Total. 4.527 ms (0.0%)
[Performance] ProcessService.EditorAfterLoadAllAssemblies                                                                                        :        3 samples, Peak.   204 us (1.2x), Avg.   176 us, Total. 527.3 us (0.0%)
[Performance] Application.ReadLicenseInfo                                                                                                        :        1 samples, Peak.  13.7 ms (1.0x), Avg.  13.7 ms, Total. 13.65 ms (0.1%)
[Performance] Application.InitialRefresh                                                                                                         :        1 samples, Peak.  5.15 s (1.0x), Avg.  5.15 s, Total. 5.148 s (44.6%)
[Performance] ShaderImporter.SourceAssetModified                                                                                                 :        3 samples, Peak.  1.08 us (1.9x), Avg.   570 ns, Total. 1.709 us (0.0%)
[Performance] ShaderIncludeImporter.SourceAssetModified                                                                                          :        3 samples, Peak.   833 ns (1.2x), Avg.   667 ns, Total. 2.000 us (0.0%)
[Performance] Compiling Scripts                                                                                                                  :        1 samples, Peak.  3.92 s (1.0x), Avg.  3.92 s, Total. 3.916 s (33.9%)
[Performance] AssemblyReloadEvents.beforeAssemblyReload: UnityEditor.SceneTemplate.SceneTemplateService.BeforeAssemblyReload                     :        2 samples, Peak.   438 us (1.3x), Avg.   343 us, Total. 685.0 us (0.0%)
[Performance] PresetManagerPostProcessor.OnPreprocessAsset                                                                                       :       10 samples, Peak.   913 us (8.0x), Avg.   114 us, Total. 1.137 ms (0.0%)
[Performance] CancelSplashScreenOnAssetChange.OnPreprocessAsset                                                                                  :       10 samples, Peak.   260 us (6.8x), Avg.  38.1 us, Total. 380.6 us (0.0%)
[Performance] InitializeOnLoad BackgroundWatcher                                                                                                 :        2 samples, Peak.  87.2 us (1.2x), Avg.  75.6 us, Total. 151.2 us (0.0%)
[Performance] InitializeOnLoad UnityTestProtocolStarter                                                                                          :        2 samples, Peak.   316 us (1.0x), Avg.   316 us, Total. 631.5 us (0.0%)
[Performance] InitializeOnLoad TestStarter                                                                                                       :        2 samples, Peak.   362 us (1.1x), Avg.   342 us, Total. 683.9 us (0.0%)
[Performance] InitializeOnLoad RerunCallbackInitializer                                                                                          :        2 samples, Peak.  1.30 ms (1.2x), Avg.  1.07 ms, Total. 2.146 ms (0.0%)
[Performance] InitializeOnLoad TestJobDataHolder.ResumeRunningJobs                                                                               :        2 samples, Peak.   383 us (1.3x), Avg.   300 us, Total. 600.3 us (0.0%)
[Performance] InitializeOnLoad AnalyticsReporter.RegisterCallbacks                                                                               :        2 samples, Peak.  66.4 us (1.0x), Avg.  64.6 us, Total. 129.2 us (0.0%)
[Performance] DidReloadScriptsTestRunnerWindow.CompilationCallback                                                                               :        2 samples, Peak.   498 us (1.0x), Avg.   493 us, Total. 985.7 us (0.0%)
[Performance] DidReloadScriptsTestListCache.ScriptReloaded                                                                                       :        2 samples, Peak.   457 us (1.7x), Avg.   262 us, Total. 523.1 us (0.0%)
[Performance] DidReloadScriptsAdvancedDropdownWindow.OnScriptReload                                                                              :        2 samples, Peak.   110 us (1.0x), Avg.   109 us, Total. 217.8 us (0.0%)
[Performance] AssetDatabase.ImportAssets                                                                                                         :        4 samples, Peak.   334 ns (1.4x), Avg.   239 ns, Total. 958.0 ns (0.0%)
[Performance] VersionControl.Task.Wait                                                                                                           :        1 samples, Peak.  31.7 us (1.0x), Avg.  31.7 us, Total. 31.71 us (0.0%)
[Performance] BuilderAssetPostprocessor.OnPostprocessAllAssets                                                                                   :        4 samples, Peak.  2.09 ms (1.0x), Avg.  2.00 ms, Total. 7.991 ms (0.1%)
[Performance] ArtifactBrowserPostProcessor.OnPostprocessAllAssets                                                                                :        4 samples, Peak.   334 us (1.3x), Avg.   262 us, Total. 1.048 ms (0.0%)
[Performance] AssetEvents.OnPostprocessAllAssets                                                                                                 :        8 samples, Peak.   108 us (1.6x), Avg.  68.8 us, Total. 550.8 us (0.0%)
[Performance] AudioMixerPostprocessor.OnPostprocessAllAssets                                                                                     :        4 samples, Peak.   166 us (1.0x), Avg.   162 us, Total. 646.5 us (0.0%)
[Performance] StyleCatalogPostProcessor.OnPostprocessAllAssets                                                                                   :        4 samples, Peak.  8.56 ms (1.0x), Avg.  8.23 ms, Total. 32.93 ms (0.3%)
[Performance] BuildCatalog                                                                                                                       :        2 samples, Peak.  8.02 ms (1.0x), Avg.  7.66 ms, Total. 15.32 ms (0.1%)
[Performance] ModelImporterPostProcessor.OnPostprocessAllAssets                                                                                  :        4 samples, Peak.   592 us (1.0x), Avg.   578 us, Total. 2.314 ms (0.0%)
[Performance] RetainedModeAssetPostprocessor.OnPostprocessAllAssets                                                                              :        4 samples, Peak.  2.01 ms (1.3x), Avg.  1.55 ms, Total. 6.187 ms (0.1%)
[Performance] AssetChangedListener.OnPostprocessAllAssets                                                                                        :        4 samples, Peak.  4.16 ms (1.6x), Avg.  2.60 ms, Total. 10.39 ms (0.1%)
[Performance] SpeedTreePostProcessor.OnPostprocessAllAssets                                                                                      :        4 samples, Peak.   153 us (1.2x), Avg.   123 us, Total. 491.7 us (0.0%)
[Performance] TextAssetPostProcessor.OnPostprocessAllAssets                                                                                      :        4 samples, Peak.   305 us (1.2x), Avg.   262 us, Total. 1.049 ms (0.0%)
[Performance] SyncVS.PostprocessSyncProject                                                                                                      :        3 samples, Peak.   702 us (1.5x), Avg.   457 us, Total. 1.370 ms (0.0%)
[Performance] EditorApplication.projectChanged: UnityEditor.Audio.MixerEffectDefinitionReloader.OnProjectChanged                                 :        1 samples, Peak.   222 us (1.0x), Avg.   222 us, Total. 221.8 us (0.0%)
[Performance] Selection.selectionChanged: UnityEditor.PackageManager.UI.Internal.SelectionProxy.OnSelectionChanged                               :        2 samples, Peak.   357 us (2.0x), Avg.   181 us, Total. 362.0 us (0.0%)
[Performance] Selection.selectionChanged: UnityEditorInternal.EditMode.OnSelectionChange                                                         :        2 samples, Peak.   274 us (2.0x), Avg.   137 us, Total. 274.2 us (0.0%)
[Performance] Application.ImportPackagesAndSetTemplateWhenCreatingProject                                                                        :        1 samples, Peak.  49.0 ms (1.0x), Avg.  49.0 ms, Total. 49.04 ms (0.4%)
[Performance] Application.SyncCurrentColorSpace                                                                                                  :        1 samples, Peak.   280 ms (1.0x), Avg.   280 ms, Total. 280.1 ms (2.4%)
[Performance] Application.OnUsbDevicesChanged                                                                                                    :        1 samples, Peak.  47.3 us (1.0x), Avg.  47.3 us, Total. 47.29 us (0.0%)
[Performance] Application.AssetInstanceCacheUpdate                                                                                               :        1 samples, Peak.   250 ns (1.0x), Avg.   250 ns, Total. 250.0 ns (0.0%)
[Performance] Application.UnityExtensions.Initialize                                                                                             :        1 samples, Peak.   355 us (1.0x), Avg.   355 us, Total. 354.5 us (0.0%)
[Performance] CodeEditorProjectSync.SyncEditorProject                                                                                            :        1 samples, Peak.  38.5 us (1.0x), Avg.  38.5 us, Total. 38.46 us (0.0%)
[Performance] Application.ExecuteStartups                                                                                                        :        1 samples, Peak.  45.2 ms (1.0x), Avg.  45.2 ms, Total. 45.20 ms (0.4%)
[Performance] Menu.RegisterMenuInterface                                                                                                         :       26 samples, Peak.  1.25 us (9.1x), Avg.   138 ns, Total. 3.583 us (0.0%)
[Performance] Gizmo.RebuildRenderers                                                                                                             :        4 samples, Peak.  43.7 ms (3.8x), Avg.  11.4 ms, Total. 45.49 ms (0.4%)
[Performance] Gizmo.AddGizmoRenderers                                                                                                            :      104 samples, Peak.  1.28 ms (38.4x), Avg.  33.3 us, Total. 3.467 ms (0.0%)
[Performance] Application.editorInitializingProject                                                                                              :        1 samples, Peak.  16.5 ms (1.0x), Avg.  16.5 ms, Total. 16.54 ms (0.1%)
[Performance] Application.FinishLoadingProject                                                                                                   :        1 samples, Peak.  89.6 ms (1.0x), Avg.  89.6 ms, Total. 89.56 ms (0.8%)
[Performance] Application.InitializeMenu                                                                                                         :        1 samples, Peak.  34.5 ms (1.0x), Avg.  34.5 ms, Total. 34.54 ms (0.3%)
[Performance] Menu.RebuildAll                                                                                                                    :        1 samples, Peak.  34.4 ms (1.0x), Avg.  34.4 ms, Total. 34.40 ms (0.3%)
[Performance] Menu.BuildRegisteredMenuInterfaces                                                                                                 :        1 samples, Peak.  30.7 ms (1.0x), Avg.  30.7 ms, Total. 30.69 ms (0.3%)
[Performance] Menu.FilterMenuItem                                                                                                                :      629 samples, Peak.  10.6 ms (614.4x), Avg.  17.3 us, Total. 10.86 ms (0.1%)
[Performance] UpdateAllMenus                                                                                                                     :        2 samples, Peak.  17.9 ms (2.0x), Avg.  9.10 ms, Total. 18.20 ms (0.2%)
[Performance] EditorSceneManager.sceneClosing: UnityEditor.SceneVisibilityManager.EditorSceneManagerOnSceneClosing                               :        4 samples, Peak.   143 us (2.1x), Avg.  69.3 us, Total. 277.3 us (0.0%)
[Performance] EditorSceneManager.sceneClosed: callback in UnityEditor.Search.SearchMonitor                                                       :        3 samples, Peak.   108 us (2.3x), Avg.  47.4 us, Total. 142.1 us (0.0%)
[Performance] EditorSceneManager.activeSceneChangedInEditMode: callback in UnityEditor.Search.SearchMonitor                                      :        3 samples, Peak.  20.3 us (1.9x), Avg.  11.0 us, Total. 32.96 us (0.0%)
[Performance] GUIView.RepaintAll.PlayerLoopController                                                                                            :     1204 samples, Peak.   833 ns (9.1x), Avg.  91.6 ns, Total. 110.3 us (0.0%)
[Performance] EditorSceneManager.newSceneCreated: UnityEditor.SceneTemplate.SceneTemplateService.OnNewSceneCreated                               :        1 samples, Peak.   133 us (1.0x), Avg.   133 us, Total. 133.3 us (0.0%)
[Performance] EditorSceneManager.newSceneCreated: UnityEditor.SceneVisibilityManager.EditorSceneManagerOnNewSceneCreated                         :        1 samples, Peak.  87.5 us (1.0x), Avg.  87.5 us, Total. 87.54 us (0.0%)
[Performance] EditorSceneManager.newSceneCreated: UnityEditor.SceneManagement.StageNavigationManager.OnNewSceneCreated                           :        1 samples, Peak.  29.5 us (1.0x), Avg.  29.5 us, Total. 29.54 us (0.0%)
[Performance] Application.InvokeFinishedLoadingProject                                                                                           :        1 samples, Peak.   533 us (1.0x), Avg.   533 us, Total. 533.5 us (0.0%)
[Performance] ProcessService.OnProjectLoaded                                                                                                     :        1 samples, Peak.  38.8 us (1.0x), Avg.  38.8 us, Total. 38.83 us (0.0%)
[Performance] EditorSceneManager.sceneOpening: UnityEditor.SceneVisibilityManager.EditorSceneManagerOnSceneOpening                               :        1 samples, Peak.  75.1 us (1.0x), Avg.  75.1 us, Total. 75.13 us (0.0%)
[Performance] Inspector.InitOrRebuild                                                                                                            :        3 samples, Peak.   232 us (1.3x), Avg.   172 us, Total. 514.8 us (0.0%)
[Performance] EditorSceneManager.sceneOpened: callback in UnityEditor.Search.SearchMonitor                                                       :        1 samples, Peak.  14.8 us (1.0x), Avg.  14.8 us, Total. 14.79 us (0.0%)
[Performance] EditorSceneManager.sceneOpened: UnityEditor.SceneTemplate.SceneTemplateService.OnSceneOpened                                       :        1 samples, Peak.   112 us (1.0x), Avg.   112 us, Total. 111.7 us (0.0%)
[Performance] EditorSceneManager.sceneOpened: UnityEditor.SceneVisibilityManager.EditorSceneManagerOnSceneOpened                                 :        1 samples, Peak.  51.4 us (1.0x), Avg.  51.4 us, Total. 51.37 us (0.0%)
[Performance] EditorSceneManager.sceneOpened: UnityEditor.SceneManagement.StageNavigationManager.OnSceneOpened                                   :        1 samples, Peak.  26.2 us (1.0x), Avg.  26.2 us, Total. 26.21 us (0.0%)
[Performance] EditorApplication.playModeStateChanged                                                                                             :        2 samples, Peak.  3.01 ms (1.7x), Avg.  1.75 ms, Total. 3.491 ms (0.0%)
[Performance] EditorApplication.playModeStateChanged: UnityEditor.PackageManager.UI.Internal.PlayModeDownload.PlayModeStateChanged               :        4 samples, Peak.   189 us (2.9x), Avg.  65.3 us, Total. 261.2 us (0.0%)
[Performance] EditorApplication.playModeStateChanged: UnityEditor.SceneManagement.EditorSceneManager.PlayModeStateChangedCallback                :        4 samples, Peak.  18.8 us (2.0x), Avg.  9.21 us, Total. 36.83 us (0.0%)
[Performance] EditorApplication.playModeStateChanged: UnityEditor.Search.SearchMonitor.OnPlayModeChanged                                         :        3 samples, Peak.   320 us (2.5x), Avg.   127 us, Total. 380.0 us (0.0%)
[Performance] EditorApplication.playModeStateChanged: UnityEditor.TestTools.TestRunner.PlaymodeLauncher+BackgroundWatcher.OnPlayModeStateChanged :        4 samples, Peak.  2.31 ms (3.6x), Avg.   649 us, Total. 2.596 ms (0.0%)
[Performance] EditorApplication.playModeStateChanged: UnityEditor.PackageManager.UI.Internal.ApplicationProxy.PlayModeStateChanged               :        4 samples, Peak.  95.3 us (2.1x), Avg.  46.1 us, Total. 184.2 us (0.0%)
[Performance] EditorApplication.playModeStateChanged: UnityEditor.SceneVisibilityManager.EditorApplicationPlayModeStateChanged                   :        4 samples, Peak.  16.2 us (2.0x), Avg.  8.07 us, Total. 32.29 us (0.0%)
[Performance] EditorApplication.playModeStateChanged: UnityEditor.TestTools.TestRunner.TestRunnerWindow.OnPlayModeStateChanged                   :        4 samples, Peak.  51.6 us (2.0x), Avg.  25.9 us, Total. 103.6 us (0.0%)
[Performance] Application.InvokeProjectWasLoaded                                                                                                 :        1 samples, Peak.  18.7 us (1.0x), Avg.  18.7 us, Total. 18.71 us (0.0%)
[Performance] Application.Tick                                                                                                                   :     1230 samples, Peak.  1.06 s (794.7x), Avg.  1.34 ms, Total. 1.644 s (14.2%)
[Performance] CheckLicensingClient                                                                                                               :        1 samples, Peak.  2.00 us (1.0x), Avg.  2.00 us, Total. 2.000 us (0.0%)
[Performance] CheckLicensingClientNotification                                                                                                   :        1 samples, Peak.  2.42 us (1.0x), Avg.  2.42 us, Total. 2.417 us (0.0%)
[Performance] Application.TickVersionControl                                                                                                     :     1231 samples, Peak.  2.58 us (17.4x), Avg.   148 ns, Total. 182.5 us (0.0%)
[Performance] MonoCompiler.Tick                                                                                                                  :        3 samples, Peak.   411 ms (3.0x), Avg.   137 ms, Total. 412.3 ms (3.6%)
[Performance] Application.EnterPlayMode                                                                                                          :        1 samples, Peak.   409 ms (1.0x), Avg.   409 ms, Total. 409.1 ms (3.5%)
[Performance] Application.Reload                                                                                                                 :        1 samples, Peak.   351 ms (1.0x), Avg.   351 ms, Total. 351.2 ms (3.0%)
[Performance] AssemblyReloadEvents.beforeAssemblyReload: UnityEditor.Search.SearchMonitor.OnBeforeAssemblyReload                                 :        1 samples, Peak.  1.14 ms (1.0x), Avg.  1.14 ms, Total. 1.136 ms (0.0%)
[Performance] UnityBuildPostprocessor.OnProcessScene                                                                                             :        1 samples, Peak.   538 us (1.0x), Avg.   538 us, Total. 537.7 us (0.0%)
[Performance] UnityConnect.Tick                                                                                                                  :        4 samples, Peak.  4.24 ms (3.8x), Avg.  1.12 ms, Total. 4.462 ms (0.0%)
[Performance] Collab.Tick                                                                                                                        :        4 samples, Peak.  2.21 us (2.4x), Avg.   916 ns, Total. 3.666 us (0.0%)
[Performance] CurlRequest.Tick                                                                                                                   :        5 samples, Peak.  38.6 us (4.6x), Avg.  8.48 us, Total. 42.38 us (0.0%)
[Performance] WebSocketClient.Tick                                                                                                               :        5 samples, Peak.  1.17 us (2.2x), Avg.   542 ns, Total. 2.709 us (0.0%)
[Performance] AssetDatabase.Tick                                                                                                                 :        5 samples, Peak.  30.7 us (4.7x), Avg.  6.50 us, Total. 32.50 us (0.0%)
[Performance] SceneBackgroundTask.Tick                                                                                                           :        4 samples, Peak.   458 ns (1.8x), Avg.   260 ns, Total. 1.042 us (0.0%)
[Performance] Scheduler.Tick                                                                                                                     :       27 samples, Peak.  1.60 ms (25.3x), Avg.  63.0 us, Total. 1.701 ms (0.0%)
[Performance] RepaintAllProfilerWindows                                                                                                          :        2 samples, Peak.   169 us (2.0x), Avg.  86.0 us, Total. 172.1 us (0.0%)
[Performance] PlayerUpdates.Tick                                                                                                                 :        7 samples, Peak.  12.0 us (1.7x), Avg.  6.86 us, Total. 48.00 us (0.0%)
[Performance] Application.TickGlobalCallbacks                                                                                                    :     1231 samples, Peak.  45.1 ms (1017.4x), Avg.  44.4 us, Total. 54.63 ms (0.5%)
[Performance] EditorAnalytics.Tick                                                                                                               :        2 samples, Peak.  21.9 us (1.2x), Avg.  18.6 us, Total. 37.17 us (0.0%)
[Performance] Video.Update                                                                                                                       :     1231 samples, Peak.   958 ns (12.5x), Avg.  76.9 ns, Total. 94.65 us (0.0%)
[Performance] Application.TickProgress                                                                                                           :     1231 samples, Peak.  1.75 ms (1174.4x), Avg.  1.49 us, Total. 1.829 ms (0.0%)
[Performance] Application.TickSceneTracker                                                                                                       :     1231 samples, Peak.  1.31 ms (458.5x), Avg.  2.86 us, Total. 3.516 ms (0.0%)
[Performance] EditorApplication.update                                                                                                           :     1231 samples, Peak.  1.27 ms (612.9x), Avg.  2.07 us, Total. 2.542 ms (0.0%)
[Performance] EditorApplication.update: UnityEditor.PackageManager.UI.Internal.ApplicationProxy.OnUpdate                                         :     1231 samples, Peak.   427 us (673.1x), Avg.   634 ns, Total. 781.0 us (0.0%)
[Performance] EditorApplication.update: UnityEditor.SceneManagement.StageNavigationManager.Update                                                :     1231 samples, Peak.   227 us (705.2x), Avg.   322 ns, Total. 396.5 us (0.0%)
[Performance] ConsoleLog.Tick                                                                                                                    :        2 samples, Peak.   159 us (1.9x), Avg.  83.4 us, Total. 166.8 us (0.0%)
[Performance] HierarchyWindow.Tick                                                                                                               :        4 samples, Peak.   364 us (1.5x), Avg.   240 us, Total. 958.0 us (0.0%)
[Performance] EditorApplication.hierarchyChanged: Unity.UIElements.Editor.UIDocumentHierarchyWatcher.OnHierarchyChanged                          :        3 samples, Peak.   155 us (1.7x), Avg.  90.8 us, Total. 272.3 us (0.0%)
[Performance] Inspector.Tick                                                                                                                     :        3 samples, Peak.  22.1 ms (3.0x), Avg.  7.35 ms, Total. 22.06 ms (0.2%)
[Performance] EditorApplication.delayCall: UnityEditor.ShortcutManagement.ShortcutIntegration.EnsureShortcutsAreInitialized                      :        1 samples, Peak.  21.0 ms (1.0x), Avg.  21.0 ms, Total. 20.97 ms (0.2%)
[Performance] EditorApplication.delayCall: callback in UnityEditor.SceneVisibilityManager                                                        :        1 samples, Peak.   872 us (1.0x), Avg.   872 us, Total. 872.0 us (0.0%)
[Performance] EditorApplication.delayCall: callback in UnityEditor.EditorTools.ToolShortcutContext                                               :        1 samples, Peak.  62.4 us (1.0x), Avg.  62.4 us, Total. 62.37 us (0.0%)
[Performance] EditorApplication.delayCall: callback in UnityEditor.EditorWindow                                                                  :        1 samples, Peak.  22.8 us (1.0x), Avg.  22.8 us, Total. 22.79 us (0.0%)
[Performance] Tooltip.Tick                                                                                                                       :        6 samples, Peak.   490 us (5.9x), Avg.  83.6 us, Total. 501.4 us (0.0%)
[Performance] Application.RequestRepaintForPanels                                                                                                :     1230 samples, Peak.   268 us (404.2x), Avg.   663 ns, Total. 815.5 us (0.0%)
[Performance] Application.UpdateScene                                                                                                            :     1230 samples, Peak.  1.06 s (1181.4x), Avg.   899 us, Total. 1.106 s (9.6%)
[Performance] PackageImporter.Tick                                                                                                               :        2 samples, Peak.   208 ns (1.4x), Avg.   145 ns, Total. 291.0 ns (0.0%)
[Performance] InspectorBackground.Tick                                                                                                           :        2 samples, Peak.  1.58 us (1.8x), Avg.   874 ns, Total. 1.749 us (0.0%)
[Performance] BurstDebug.Tick                                                                                                                    :        2 samples, Peak.   542 ns (1.4x), Avg.   396 ns, Total. 792.0 ns (0.0%)
[Performance] Application.ChangeLayoutIfNeeded                                                                                                   :     1230 samples, Peak.   125 ns (4.5x), Avg.  27.6 ns, Total. 33.95 us (0.0%)
[Performance] AsyncReadManager.ForceCloseFiles                                                                                                   :        2 samples, Peak.  13.8 us (1.6x), Avg.  8.75 us, Total. 17.50 us (0.0%)
[Performance] Application.Message                                                                                                                :     1230 samples, Peak.   750 ns (9.5x), Avg.  78.8 ns, Total. 96.91 us (0.0%)
[Performance] SceneDataContainer.TransformHierarchyChangedSetParentCallback                                                                      :       30 samples, Peak.  12.7 us (12.6x), Avg.  1.01 us, Total. 30.21 us (0.0%)
[Performance] SceneVisibilityState.IsFlagSetInParents                                                                                            :       60 samples, Peak.  6.21 us (24.4x), Avg.   254 ns, Total. 15.25 us (0.0%)
[Performance] Application.ExitPlayMode                                                                                                           :        1 samples, Peak.  28.6 ms (1.0x), Avg.  28.6 ms, Total. 28.55 ms (0.2%)
[Performance] CoreBusinessMetrics.Tick                                                                                                           :        1 samples, Peak.  37.2 us (1.0x), Avg.  37.2 us, Total. 37.21 us (0.0%)
[Performance] GI.Tick                                                                                                                            :        3 samples, Peak.   706 us (2.8x), Avg.   256 us, Total. 767.5 us (0.0%)
[Performance] UnitySynchronization.ExecuteTasks                                                                                                  :        3 samples, Peak.  3.17 us (1.5x), Avg.  2.11 us, Total. 6.333 us (0.0%)
[Performance] Application.TickPreloadManager                                                                                                     :       31 samples, Peak.  1.71 us (3.0x), Avg.   574 ns, Total. 17.79 us (0.0%)
[Performance] Application.UpdateTextureStreaming                                                                                                 :       30 samples, Peak.   125 ns (2.6x), Avg.  48.5 ns, Total. 1.456 us (0.0%)
[Performance] Application.UpdateVideoTextures                                                                                                    :       30 samples, Peak.   125 ns (2.9x), Avg.  43.1 ns, Total. 1.294 us (0.0%)
[Performance] Application.Idle                                                                                                                   :       30 samples, Peak.  3.39 ms (1.0x), Avg.  3.34 ms, Total. 100.3 ms (0.9%)
[Performance] GUIView.RepaintAll.RepaintScene                                                                                                    :       29 samples, Peak.   250 ns (2.3x), Avg.   111 ns, Total. 3.208 us (0.0%)
[Performance] Application.Shutdown.CollabTerminate                                                                                               :        1 samples, Peak.   188 us (1.0x), Avg.   188 us, Total. 188.1 us (0.0%)
[Performance] Application.Shutdown.CollabCleanup                                                                                                 :        1 samples, Peak.   464 us (1.0x), Avg.   464 us, Total. 463.6 us (0.0%)
[Performance] Application.Shutdown.SaveDefaultWindowPreferences                                                                                  :        1 samples, Peak.   157 us (1.0x), Avg.   157 us, Total. 156.8 us (0.0%)
[Performance] Application.Shutdown.SaveSceneManagerSetup                                                                                         :        1 samples, Peak.   202 us (1.0x), Avg.   202 us, Total. 202.1 us (0.0%)
[Performance] Application.Shutdown.CleanupAllContainerWindows                                                                                    :        1 samples, Peak.   292 ns (1.0x), Avg.   292 ns, Total. 292.0 ns (0.0%)
[Performance] EditorApplication.quitting: callback in UnityEditor.TextCore.Text.EditorEventCallbacks                                             :        1 samples, Peak.  3.04 ms (1.0x), Avg.  3.04 ms, Total. 3.037 ms (0.0%)
[Performance] EditorApplication.quitting: UnityEditor.Search.SearchMonitor.OnQuitting                                                            :        1 samples, Peak.   633 us (1.0x), Avg.   633 us, Total. 632.6 us (0.0%)
[Performance] Application.Shutdown.PauseProfilerSession                                                                                          :        1 samples, Peak.  13.1 us (1.0x), Avg.  13.1 us, Total. 13.08 us (0.0%)
[Performance] Application.Shutdown.PauseAssetImportWorkers                                                                                       :        1 samples, Peak.  68.1 us (1.0x), Avg.  68.1 us, Total. 68.08 us (0.0%)
[Performance] Application.Shutdown.SaveAssets                                                                                                    :        1 samples, Peak.  38.1 ms (1.0x), Avg.  38.1 ms, Total. 38.07 ms (0.3%)
[Performance] BuilderAssetModificationProcessor.OnWillSaveAssets                                                                                 :        2 samples, Peak.   286 us (2.0x), Avg.   144 us, Total. 287.9 us (0.0%)
[Performance] TerrainModificationProcessor.OnWillSaveAssets                                                                                      :        2 samples, Peak.   384 us (2.0x), Avg.   193 us, Total. 385.3 us (0.0%)
[Performance] Application.Shutdown.CleanupRenderPipeline                                                                                         :        1 samples, Peak.  1.29 us (1.0x), Avg.  1.29 us, Total. 1.292 us (0.0%)
[Performance] Application.Shutdown.StopPreloadManager                                                                                            :        1 samples, Peak.  10.4 ms (1.0x), Avg.  10.4 ms, Total. 10.42 ms (0.1%)
[Performance] Application.Shutdown.DestroyWorld                                                                                                  :        1 samples, Peak.   177 us (1.0x), Avg.   177 us, Total. 177.5 us (0.0%)
[Performance] Application.Shutdown.CleanupAfterLoad                                                                                              :        1 samples, Peak.  2.12 ms (1.0x), Avg.  2.12 ms, Total. 2.119 ms (0.0%)
[Performance] Application.Shutdown.Progress                                                                                                      :        1 samples, Peak.  5.00 us (1.0x), Avg.  5.00 us, Total. 5.000 us (0.0%)
[Performance] Application.Shutdown.GICleanupManagers                                                                                             :        1 samples, Peak.  2.95 ms (1.0x), Avg.  2.95 ms, Total. 2.950 ms (0.0%)
[Performance] Application.Shutdown.MenuCleanupClass                                                                                              :        1 samples, Peak.  75.3 us (1.0x), Avg.  75.3 us, Total. 75.29 us (0.0%)
[Performance] Application.Shutdown.ADBSaveStateBeforeShutdown                                                                                    :        1 samples, Peak.  2.29 us (1.0x), Avg.  2.29 us, Total. 2.292 us (0.0%)
[Performance] Application.Shutdown.RemoteShutdown                                                                                                :        1 samples, Peak.   667 ns (1.0x), Avg.   667 ns, Total. 667.0 ns (0.0%)
[Performance] Application.Shutdown.CleanupVCProvider                                                                                             :        1 samples, Peak.  5.21 us (1.0x), Avg.  5.21 us, Total. 5.208 us (0.0%)
[Performance] Application.Shutdown.InputShutdown                                                                                                 :        1 samples, Peak.  87.5 us (1.0x), Avg.  87.5 us, Total. 87.54 us (0.0%)
[Performance] Application.Shutdown.GizmoManagerDestroy                                                                                           :        1 samples, Peak.   313 us (1.0x), Avg.   313 us, Total. 312.6 us (0.0%)
[Performance] Application.Shutdown.ProfilerSession                                                                                               :        1 samples, Peak.   701 us (1.0x), Avg.   701 us, Total. 701.3 us (0.0%)
[Performance] Application.Shutdown.ReleaseGfxWindowOnAllGUIViews                                                                                 :        1 samples, Peak.   333 ns (1.0x), Avg.   333 ns, Total. 333.0 ns (0.0%)
[Performance] Application.Shutdown.CleanupEngine                                                                                                 :        1 samples, Peak.   173 ms (1.0x), Avg.   173 ms, Total. 173.4 ms (1.5%)
[Performance] Application.Shutdown.CleanupAssetDatabase                                                                                          :        1 samples, Peak.  1.75 ms (1.0x), Avg.  1.75 ms, Total. 1.745 ms (0.0%)
[Performance] Application.Shutdown.ScriptCompilationCleanUp                                                                                      :        1 samples, Peak.  10.3 us (1.0x), Avg.  10.3 us, Total. 10.29 us (0.0%)
[Performance] Application.Shutdown.DestroyJobSystem                                                                                              :        1 samples, Peak.  45.1 us (1.0x), Avg.  45.1 us, Total. 45.13 us (0.0%)
[Performance] Application.Shutdown.CleanupPersistentManager                                                                                      :        1 samples, Peak.   624 us (1.0x), Avg.   624 us, Total. 624.5 us (0.0%)
[Performance] Application.Shutdown.CleanupAsyncReadManager                                                                                       :        1 samples, Peak.  37.4 us (1.0x), Avg.  37.4 us, Total. 37.37 us (0.0%)
[Performance] Application.Shutdown.CleanupMono                                                                                                   :        1 samples, Peak.  41.2 ms (1.0x), Avg.  41.2 ms, Total. 41.21 ms (0.4%)
[Performance] Application.Shutdown.CleanupStdConverters                                                                                          :        1 samples, Peak.  4.50 us (1.0x), Avg.  4.50 us, Total. 4.500 us (0.0%)
[Performance] Application.Shutdown.UnloadAllPlatformSupportModuleNativeDlls                                                                      :        1 samples, Peak.   417 ns (1.0x), Avg.   417 ns, Total. 417.0 ns (0.0%)
[Performance] Application.Shutdown.UnloadAllPlatformSupportNativeLibraries                                                                       :        1 samples, Peak.   167 ns (1.0x), Avg.   167 ns, Total. 167.0 ns (0.0%)
[Performance] Application.Shutdown.CleanupAutoDocumentation                                                                                      :        1 samples, Peak.   196 us (1.0x), Avg.   196 us, Total. 196.4 us (0.0%)
[Performance] Application.Shutdown.ShaderNameManagerDestroy                                                                                      :        1 samples, Peak.  29.7 us (1.0x), Avg.  29.7 us, Total. 29.75 us (0.0%)
[Performance] Application.Shutdown.CleanupCacheServer                                                                                            :        1 samples, Peak.   250 ns (1.0x), Avg.   250 ns, Total. 250.0 ns (0.0%)
[Performance] Application.Shutdown.Virtualization_Shutdown                                                                                       :        1 samples, Peak.  1.63 us (1.0x), Avg.  1.63 us, Total. 1.625 us (0.0%)
[Performance] Application.Shutdown.DevConnections                                                                                                :        1 samples, Peak.   155 us (1.0x), Avg.   155 us, Total. 155.2 us (0.0%)
[Package Manager] Server::Kill -- Server was shutdown
Checking for leaked weakptr:
  Found no leaked weakptrs.
Memory Statistics:
[ALLOC_TEMP_TLS] TLS Allocator
  StackAllocators : 
    [ALLOC_TEMP_CurlRequest]
      Initial Block Size 64.0 KB
      Current Block Size 64.0 KB
      Peak Allocated Bytes 0 B
      Overflow Count 0
    [ALLOC_TEMP_MAIN]
      Peak usage frame count: [4.0 KB-8.0 KB]: 1197 frames, [8.0 KB-16.0 KB]: 1 frames, [64.0 KB-128.0 KB]: 1 frames, [128.0 KB-256.0 KB]: 1 frames, [8.0 MB-16.0 MB]: 1 frames
      Initial Block Size 16.0 MB
      Current Block Size 16.0 MB
      Peak Allocated Bytes 9.3 MB
      Overflow Count 0
    [ALLOC_TEMP_Background Job.worker 6]
      Initial Block Size 32.0 KB
      Current Block Size 32.0 KB
      Peak Allocated Bytes 0 B
      Overflow Count 0
    [ALLOC_TEMP_Background Job.worker 15]
      Initial Block Size 32.0 KB
      Current Block Size 32.0 KB
      Peak Allocated Bytes 0 B
      Overflow Count 0
    [ALLOC_TEMP_BakingJobs.worker 0]
      Initial Block Size 256.0 KB
      Current Block Size 256.0 KB
      Peak Allocated Bytes 0 B
      Overflow Count 0
    [ALLOC_TEMP_AssetDatabase.FileHasherReader] x 4
      Initial Block Size 64.0 KB
      Current Block Size 64.0 KB
      Peak Allocated Bytes 219 B
      Overflow Count 0
    [ALLOC_TEMP_BakingJobs.worker 1]
      Initial Block Size 256.0 KB
      Current Block Size 256.0 KB
      Peak Allocated Bytes 301 B
      Overflow Count 0
    [ALLOC_TEMP_BatchDeleteObjects]
      Initial Block Size 64.0 KB
      Current Block Size 64.0 KB
      Peak Allocated Bytes 0 B
      Overflow Count 0
    [ALLOC_TEMP_CoreBusinessMetricsCache]
      Initial Block Size 64.0 KB
      Current Block Size 64.0 KB
      Peak Allocated Bytes 7.9 KB
      Overflow Count 0
    [ALLOC_TEMP_REST Message Handler]
      Initial Block Size 64.0 KB
      Current Block Size 64.0 KB
      Peak Allocated Bytes 0 B
      Overflow Count 0
    [ALLOC_TEMP_Job.worker 4]
      Initial Block Size 256.0 KB
      Current Block Size 320.0 KB
      Peak Allocated Bytes 314.7 KB
      Overflow Count 0
    [ALLOC_TEMP_Background Job.worker 1]
      Initial Block Size 32.0 KB
      Current Block Size 32.0 KB
      Peak Allocated Bytes 13.0 KB
      Overflow Count 0
    [ALLOC_TEMP_AssetDatabase.IOService]
      Initial Block Size 64.0 KB
      Current Block Size 64.0 KB
      Peak Allocated Bytes 0 B
      Overflow Count 0
    [ALLOC_TEMP_Loading.PreloadManager] x 3
      Initial Block Size 32.0 MB
      Current Block Size 32.0 MB
      Peak Allocated Bytes 2.0 MB
      Overflow Count 0
    [ALLOC_TEMP_Background Job.worker 7]
      Initial Block Size 32.0 KB
      Current Block Size 32.0 KB
      Peak Allocated Bytes 0 B
      Overflow Count 0
    [ALLOC_TEMP_CloudJob.worker 0]
      Initial Block Size 32.0 KB
      Current Block Size 32.0 KB
      Peak Allocated Bytes 5.0 KB
      Overflow Count 0
    [ALLOC_TEMP_Background Job.worker 12]
      Initial Block Size 32.0 KB
      Current Block Size 32.0 KB
      Peak Allocated Bytes 0 B
      Overflow Count 0
    [ALLOC_TEMP_Background Job.worker 10]
      Initial Block Size 32.0 KB
      Current Block Size 32.0 KB
      Peak Allocated Bytes 0 B
      Overflow Count 0
    [ALLOC_TEMP_Background Job.worker 4]
      Initial Block Size 32.0 KB
      Current Block Size 32.0 KB
      Peak Allocated Bytes 0 B
      Overflow Count 0
    [ALLOC_TEMP_Background Job.worker 13]
      Initial Block Size 32.0 KB
      Current Block Size 32.0 KB
      Peak Allocated Bytes 0 B
      Overflow Count 0
    [ALLOC_TEMP_CurlRequest]
      Initial Block Size 64.0 KB
      Current Block Size 64.0 KB
      Peak Allocated Bytes 0 B
      Overflow Count 0
    [ALLOC_TEMP_BakingJobs.worker 4]
      Initial Block Size 256.0 KB
      Current Block Size 256.0 KB
      Peak Allocated Bytes 0 B
      Overflow Count 0
    [ALLOC_TEMP_Profiler.Dispatcher]
      Initial Block Size 64.0 KB
      Current Block Size 64.0 KB
      Peak Allocated Bytes 0 B
      Overflow Count 0
    [ALLOC_TEMP_Background Job.worker 14]
      Initial Block Size 32.0 KB
      Current Block Size 32.0 KB
      Peak Allocated Bytes 0 B
      Overflow Count 0
    [ALLOC_TEMP_ReadCacheIndex] x 3
      Initial Block Size 64.0 KB
      Current Block Size 64.0 KB
      Peak Allocated Bytes 1.0 KB
      Overflow Count 0
    [ALLOC_TEMP_Background Job.worker 9]
      Initial Block Size 32.0 KB
      Current Block Size 32.0 KB
      Peak Allocated Bytes 0 B
      Overflow Count 0
    [ALLOC_TEMP_EnlightenWorker] x 4
      Initial Block Size 64.0 KB
      Current Block Size 64.0 KB
      Peak Allocated Bytes 0 B
      Overflow Count 0
    [ALLOC_TEMP_Job.worker 3]
      Initial Block Size 256.0 KB
      Current Block Size 320.0 KB
      Peak Allocated Bytes 314.7 KB
      Overflow Count 0
    [ALLOC_TEMP_Job.worker 2]
      Initial Block Size 256.0 KB
      Current Block Size 0.6 MB
      Peak Allocated Bytes 0.6 MB
      Overflow Count 0
    [ALLOC_TEMP_Loading.AsyncRead]
      Initial Block Size 64.0 KB
      Current Block Size 64.0 KB
      Peak Allocated Bytes 128 B
      Overflow Count 0
    [ALLOC_TEMP_Background Job.worker 3]
      Initial Block Size 32.0 KB
      Current Block Size 32.0 KB
      Peak Allocated Bytes 0 B
      Overflow Count 0
    [ALLOC_TEMP_Background Job.worker 2]
      Initial Block Size 32.0 KB
      Current Block Size 32.0 KB
      Peak Allocated Bytes 103 B
      Overflow Count 0
    [ALLOC_TEMP_Background Job.worker 8]
      Initial Block Size 32.0 KB
      Current Block Size 32.0 KB
      Peak Allocated Bytes 0 B
      Overflow Count 0
    [ALLOC_TEMP_OSX HID Input]
      Initial Block Size 64.0 KB
      Current Block Size 64.0 KB
      Peak Allocated Bytes 0 B
      Overflow Count 0
    [ALLOC_TEMP_BakingJobs.worker 7]
      Initial Block Size 256.0 KB
      Current Block Size 256.0 KB
      Peak Allocated Bytes 0 B
      Overflow Count 0
    [ALLOC_TEMP_BakingJobs.worker 6]
      Initial Block Size 256.0 KB
      Current Block Size 256.0 KB
      Peak Allocated Bytes 0 B
      Overflow Count 0
    [ALLOC_TEMP_Job.worker 6]
      Initial Block Size 256.0 KB
      Current Block Size 256.0 KB
      Peak Allocated Bytes 10.4 KB
      Overflow Count 0
    [ALLOC_TEMP_Background Job.worker 0]
      Initial Block Size 32.0 KB
      Current Block Size 32.0 KB
      Peak Allocated Bytes 0 B
      Overflow Count 0
    [ALLOC_TEMP_AUDIO_FMOD stream thread]
      Initial Block Size 64.0 KB
      Current Block Size 64.0 KB
      Peak Allocated Bytes 0 B
      Overflow Count 0
    [ALLOC_TEMP_AssetDatabase.FileHasherHasher] x 4
      Initial Block Size 64.0 KB
      Current Block Size 64.0 KB
      Peak Allocated Bytes 205 B
      Overflow Count 0
    [ALLOC_TEMP_BakingJobs.worker 3]
      Initial Block Size 256.0 KB
      Current Block Size 256.0 KB
      Peak Allocated Bytes 0 B
      Overflow Count 0
    [ALLOC_TEMP_Job.worker 1]
      Initial Block Size 256.0 KB
      Current Block Size 0.6 MB
      Peak Allocated Bytes 0.6 MB
      Overflow Count 0
    [ALLOC_TEMP_Background Job.worker 5]
      Initial Block Size 32.0 KB
      Current Block Size 32.0 KB
      Peak Allocated Bytes 0 B
      Overflow Count 0
    [ALLOC_TEMP_BakingJobs.worker 2]
      Initial Block Size 256.0 KB
      Current Block Size 256.0 KB
      Peak Allocated Bytes 0 B
      Overflow Count 0
    [ALLOC_TEMP_Background Job.worker 11]
      Initial Block Size 32.0 KB
      Current Block Size 32.0 KB
      Peak Allocated Bytes 0 B
      Overflow Count 0
    [ALLOC_TEMP_EditorTaskManager]
      Initial Block Size 64.0 KB
      Current Block Size 80.0 KB
      Peak Allocated Bytes 64.0 KB
      Overflow Count 0
    [ALLOC_TEMP_Job.worker 5]
      Initial Block Size 256.0 KB
      Current Block Size 0.6 MB
      Peak Allocated Bytes 0.6 MB
      Overflow Count 0
    [ALLOC_TEMP_HTTP REST Server]
      Initial Block Size 64.0 KB
      Current Block Size 64.0 KB
      Peak Allocated Bytes 70 B
      Overflow Count 0
    [ALLOC_TEMP_AssetGarbageCollectorHelper] x 7
      Initial Block Size 64.0 KB
      Current Block Size 64.0 KB
      Peak Allocated Bytes 0 B
      Overflow Count 0
    [ALLOC_TEMP_AUDIO_Audio Mixer Thread]
      Initial Block Size 64.0 KB
      Current Block Size 64.0 KB
      Peak Allocated Bytes 0 B
      Overflow Count 0
    [ALLOC_TEMP_BakingJobs.worker 5]
      Initial Block Size 256.0 KB
      Current Block Size 256.0 KB
      Peak Allocated Bytes 0 B
      Overflow Count 0
    [ALLOC_TEMP_Job.worker 0]
      Initial Block Size 256.0 KB
      Current Block Size 256.0 KB
      Peak Allocated Bytes 5.3 KB
      Overflow Count 0
[ALLOC_MEMORYPROFILER]
  Peak usage frame count: [32.0 KB-64.0 KB]: 1200 frames, [64.0 KB-128.0 KB]: 1 frames
  Requested Block Size 1.0 MB
  Peak Block count 1
  Peak Allocated memory 78.7 KB
  Peak Large allocation bytes 0 B
[ALLOC_DEFAULT] Dual Thread Allocator
  Peak main deferred allocation count 80
    [ALLOC_BUCKET]
      Large Block size 32.0 MB
      Used Block count 1
      Peak Allocated bytes 4.7 MB
    [ALLOC_DEFAULT_MAIN]
      Peak usage frame count: [32.0 MB-64.0 MB]: 1201 frames
      Requested Block Size 16.0 MB
      Peak Block count 4
      Peak Allocated memory 48.4 MB
      Peak Large allocation bytes 0 B
    [ALLOC_DEFAULT_THREAD]
      Peak usage frame count: [0.5 MB-1.0 MB]: 1201 frames
      Requested Block Size 16.0 MB
      Peak Block count 1
      Peak Allocated memory 0.8 MB
      Peak Large allocation bytes 0 B
[ALLOC_TEMP_JOB_1_FRAME]
  Initial Block Size 2.0 MB
  Used Block Count 0
  Overflow Count (too large) 0
  Overflow Count (full) 0
[ALLOC_TEMP_JOB_2_FRAMES]
  Initial Block Size 2.0 MB
  Used Block Count 0
  Overflow Count (too large) 0
  Overflow Count (full) 0
[ALLOC_TEMP_JOB_4_FRAMES (JobTemp)]
  Initial Block Size 2.0 MB
  Used Block Count 1
  Overflow Count (too large) 0
  Overflow Count (full) 0
[ALLOC_TEMP_JOB_ASYNC (Background)]
  Initial Block Size 1.0 MB
  Used Block Count 1
  Overflow Count (too large) 0
  Overflow Count (full) 0
[ALLOC_GFX] Dual Thread Allocator
  Peak main deferred allocation count 0
    [ALLOC_BUCKET]
      Large Block size 32.0 MB
      Used Block count 1
      Peak Allocated bytes 4.7 MB
    [ALLOC_GFX_MAIN]
      Peak usage frame count: [4.0 MB-8.0 MB]: 1201 frames
      Requested Block Size 16.0 MB
      Peak Block count 1
      Peak Allocated memory 6.0 MB
      Peak Large allocation bytes 0 B
    [ALLOC_GFX_THREAD]
      Peak usage frame count: [0-1.0 KB]: 1201 frames
      Requested Block Size 16.0 MB
      Peak Block count 1
      Peak Allocated memory 160 B
      Peak Large allocation bytes 0 B
[ALLOC_CACHEOBJECTS] Dual Thread Allocator
  Peak main deferred allocation count 71
    [ALLOC_BUCKET]
      Large Block size 32.0 MB
      Used Block count 1
      Peak Allocated bytes 4.7 MB
    [ALLOC_CACHEOBJECTS_MAIN]
      Peak usage frame count: [8.0 MB-16.0 MB]: 1201 frames
      Requested Block Size 4.0 MB
      Peak Block count 2
      Peak Allocated memory 14.0 MB
      Peak Large allocation bytes 10.7 MB
    [ALLOC_CACHEOBJECTS_THREAD]
      Peak usage frame count: [8.0 KB-16.0 KB]: 1199 frames, [32.0 KB-64.0 KB]: 1 frames, [64.0 KB-128.0 KB]: 1 frames
      Requested Block Size 4.0 MB
      Peak Block count 1
      Peak Allocated memory 78.8 KB
      Peak Large allocation bytes 0 B
[ALLOC_TYPETREE] Dual Thread Allocator
  Peak main deferred allocation count 497
    [ALLOC_BUCKET]
      Large Block size 32.0 MB
      Used Block count 1
      Peak Allocated bytes 4.7 MB
    [ALLOC_TYPETREE_MAIN]
      Peak usage frame count: [256.0 KB-0.5 MB]: 1104 frames, [0.5 MB-1.0 MB]: 96 frames, [2.0 MB-4.0 MB]: 1 frames
      Requested Block Size 2.0 MB
      Peak Block count 2
      Peak Allocated memory 2.4 MB
      Peak Large allocation bytes 0 B
    [ALLOC_TYPETREE_THREAD]
      Peak usage frame count: [32.0 KB-64.0 KB]: 1200 frames, [64.0 KB-128.0 KB]: 1 frames
      Requested Block Size 2.0 MB
      Peak Block count 1
      Peak Allocated memory 89.3 KB
      Peak Large allocation bytes 0 B
[ALLOC_PROFILER]
  Peak usage frame count: [256.0 KB-0.5 MB]: 50 frames, [0.5 MB-1.0 MB]: 1151 frames
  Requested Block Size 16.0 MB
  Peak Block count 1
  Peak Allocated memory 0.7 MB
  Peak Large allocation bytes 0 B
    [ALLOC_PROFILER_BUCKET]
      Large Block size 32.0 MB
      Used Block count 1
      Peak Allocated bytes 4.3 KB
[ALLOC_PROFILER_EDITOR]
  Peak usage frame count: [0-1.0 KB]: 1201 frames
  Requested Block Size 1.0 MB
  Peak Block count 0
  Peak Allocated memory 0 B
  Peak Large allocation bytes 0 B
    [ALLOC_PROFILER_BUCKET]
      Large Block size 32.0 MB
      Used Block count 1
      Peak Allocated bytes 4.3 KB
##utp:{"type":"MemoryLeaks","version":2,"phase":"Immediate","time":1777890006115,"processId":87410,"allocatedMemory":16741512,"memoryLabels":[{"Default":11375},{"Permanent":15536},{"Thread":1083508},{"Manager":29607},{"VertexData":12},{"Geometry":280},{"Texture":168},{"Shader":67451},{"Material":24},{"GfxDevice":38000},{"Animation":304},{"Audio":3904},{"FontEngine":288},{"Physics":561},{"Serialization":612},{"Input":9024},{"JobScheduler":232},{"Mono":40},{"ScriptingNativeRuntime":7924888},{"BaseObject":1618916},{"Resource":912},{"Renderer":2272},{"Transform":24},{"File":12444},{"WebCam":40},{"Culling":40},{"Terrain":1025},{"Wind":24},{"String":19588},{"DynamicArray":114797},{"HashMap":76896},{"Utility":289286},{"Curl":1056},{"PoolAlloc":1464},{"AI":40},{"TypeTree":4533},{"ScriptManager":528},{"RuntimeInitializeOnLoadManager":72},{"SpriteAtlas":112},{"GI":3416},{"Director":7880},{"CloudService":2704},{"WebRequest":2279},{"VR":45641},{"SceneManager":616},{"Video":2120},{"LazyScriptCache":32},{"NativeArray":12},{"Camera":25},{"Secure":10457},{"Image":4194304},{"SerializationCache":1576},{"APIUpdating":11856},{"Subsystems":384},{"VirtualTexturing":57512},{"StaticSafetyDebugInfo":327680},{"Baselib":16},{"EditorGui":80},{"EditorUtility":5751},{"VersionControl":4},{"Undo":720},{"AssetDatabase":677575},{"RestService":1310},{"EditorGi":376},{"License":3616},{"UnityConnect":25512},{"Collab":785},{"Upm":7102},{"DrivenProperties":80},{"LocalIPC":222},{"ProfilerEditor":10967},{"CoreBusinessMetrics":2984},{"TLS":5971},{"AssetReference":32},{"IPCStream":32}]}
