Unity Editor version:    2022.3.0f1 (fb119bb0b476)
Branch:                  2022.3/release
Build type:              Release
Batch mode:              YES
macOS version:           Version 26.3.1 (a) (Build 25D771280a)
Darwin version:          25.3.0
Architecture:            arm64
Running under Rosetta:   NO
Available memory:        8192 MB
[Licensing::Module] Trying to connect to existing licensing client channel...
[Licensing::IpcConnector] Connection attempt to the License Client on channel: "LicenseClient-guribbong" failed because channel doesn't exist; code: "0x80000002"
Launching external process: /Applications/Unity/Hub/Editor/2022.3.0f1/Unity.app/Contents/Frameworks/UnityLicensingClient.app/Contents/MacOS/Unity.Licensing.Client
[Licensing::Module] Successfully launched the LicensingClient (PId: 75197)
[Licensing::IpcConnector] Successfully connected to the License Client on channel: "LicenseClient-guribbong"
[Licensing::Client] Handshaking with LicensingClient:
  Version:                 1.12.1+9338cad
  Session Id:              056876397711437385b1db81de32f21c
  Correlation Id:          b4dcd99809d249ab9f71b176642a1931
  External correlation Id: 7507390171175957343
  Machine Id:              kK/taOzULwH3CoqhnK6anvJ0b88=
[Licensing::Module] Successfully connected to LicensingClient on channel: "LicenseClient-guribbong" (connect: 18.71s, validation: 2.17s, handshake: 0.77s)
[Licensing::IpcConnector] Successfully connected to the License Notification on channel: "LicenseClient-guribbong-notifications"
[Licensing::Module] Connected to LicensingClient (PId: 75197, launch time: 0.00, total connection time: 21.65s)
[Licensing::Module] Error: Access token is unavailable; failed to update
[Licensing::Client] Error: Code 500 while processing request (status: Unable to update licenses. Errors: No ULF license found.,Token not found in cache)
[Licensing::Client] Error: Code 500 while updating license in client (status: Unable to update licenses. Errors: No ULF license found.,Token not found in cache)
[Licensing::Client] Successfully resolved entitlements
[Licensing::Module] Serial number assigned to: "14568638156105-UnityPersXXXX"
Pro License: NO
Launching external process: /Applications/Unity/Hub/Editor/2022.3.0f1/Unity.app/Contents/Resources/PackageManager/Server/UnityPackageManager

COMMAND LINE ARGUMENTS:
/Applications/Unity/Hub/Editor/2022.3.0f1/Unity.app/Contents/MacOS/Unity
-batchmode
-projectPath
unity/EmbodiedDebate
-runTests
-testPlatform
EditMode
-testResults
tmp/urp-minibot-editmode-results-delegated.xml
-logFile
tmp/urp-minibot-editmode-delegated.log
Successfully changed project path to: /Users/guribbong/code/Argus/unity/EmbodiedDebate
/Users/guribbong/code/Argus/unity/EmbodiedDebate
[UnityMemory] Configuration Parameters - Can be set up in boot.config
    "memorysetup-bucket-allocator-granularity=16"
    "memorysetup-bucket-allocator-bucket-count=8"
    "memorysetup-bucket-allocator-block-size=33554432"
    "memorysetup-bucket-allocator-block-count=8"
    "memorysetup-main-allocator-block-size=16777216"
    "memorysetup-thread-allocator-block-size=16777216"
    "memorysetup-gfx-main-allocator-block-size=16777216"
    "memorysetup-gfx-thread-allocator-block-size=16777216"
    "memorysetup-cache-allocator-block-size=4194304"
    "memorysetup-typetree-allocator-block-size=2097152"
    "memorysetup-profiler-bucket-allocator-granularity=16"
    "memorysetup-profiler-bucket-allocator-bucket-count=8"
    "memorysetup-profiler-bucket-allocator-block-size=33554432"
    "memorysetup-profiler-bucket-allocator-block-count=8"
    "memorysetup-profiler-allocator-block-size=16777216"
    "memorysetup-profiler-editor-allocator-block-size=1048576"
    "memorysetup-temp-allocator-size-main=16777216"
    "memorysetup-job-temp-allocator-block-size=2097152"
    "memorysetup-job-temp-allocator-block-size-background=1048576"
    "memorysetup-job-temp-allocator-reduction-small-platforms=262144"
    "memorysetup-allocator-temp-initial-block-size-main=262144"
    "memorysetup-allocator-temp-initial-block-size-worker=262144"
    "memorysetup-temp-allocator-size-background-worker=32768"
    "memorysetup-temp-allocator-size-job-worker=262144"
    "memorysetup-temp-allocator-size-preload-manager=33554432"
    "memorysetup-temp-allocator-size-nav-mesh-worker=65536"
    "memorysetup-temp-allocator-size-audio-worker=65536"
    "memorysetup-temp-allocator-size-cloud-worker=32768"
    "memorysetup-temp-allocator-size-gi-baking-worker=262144"
    "memorysetup-temp-allocator-size-gfx=262144"
Player connection [8649715968] Host "[IP] 192.168.3.1 [Port] 55496 [Flags] 2 [Guid] 1861308942 [EditorId] 1861308942 [Version] 1048832 [Id] OSXEditor(0,topabaem.local) [Debug] 1 [PackageName] OSXEditor [ProjectName] Editor" joined multi-casting on [225.0.0.222:54997]...

Player connection [8649715968] Host "[IP] 192.168.3.1 [Port] 55496 [Flags] 2 [Guid] 1861308942 [EditorId] 1861308942 [Version] 1048832 [Id] OSXEditor(0,topabaem.local) [Debug] 1 [PackageName] OSXEditor [ProjectName] Editor" joined alternative multi-casting on [225.0.0.222:34997]...

[Package Manager] UpmClient::Connect -- Connected to IPC stream "Upm-75167" after 7.4 seconds.
[Licensing::Client] Successfully resolved entitlements
[Package Manager] Restoring resolved packages state from cache
[Licensing::Client] Successfully resolved entitlement details
[Package Manager] Registered 19 packages:
  Packages from [https://packages.unity.com]:
    com.unity.nuget.newtonsoft-json@3.2.1 (location: /Users/guribbong/code/Argus/unity/EmbodiedDebate/Library/PackageCache/com.unity.nuget.newtonsoft-json@3.2.1)
    com.unity.test-framework@1.1.33 (location: /Users/guribbong/code/Argus/unity/EmbodiedDebate/Library/PackageCache/com.unity.test-framework@1.1.33)
    com.unity.ext.nunit@1.0.6 (location: /Users/guribbong/code/Argus/unity/EmbodiedDebate/Library/PackageCache/com.unity.ext.nunit@1.0.6)
    com.unity.mathematics@1.2.6 (location: /Users/guribbong/code/Argus/unity/EmbodiedDebate/Library/PackageCache/com.unity.mathematics@1.2.6)
    com.unity.burst@1.8.4 (location: /Users/guribbong/code/Argus/unity/EmbodiedDebate/Library/PackageCache/com.unity.burst@1.8.4)
    com.unity.searcher@4.9.2 (location: /Users/guribbong/code/Argus/unity/EmbodiedDebate/Library/PackageCache/com.unity.searcher@4.9.2)
  Built-in packages:
    com.unity.modules.animation@1.0.0 (location: /Users/guribbong/code/Argus/unity/EmbodiedDebate/Library/PackageCache/com.unity.modules.animation@1.0.0)
    com.unity.modules.imageconversion@1.0.0 (location: /Users/guribbong/code/Argus/unity/EmbodiedDebate/Library/PackageCache/com.unity.modules.imageconversion@1.0.0)
    com.unity.modules.physics@1.0.0 (location: /Users/guribbong/code/Argus/unity/EmbodiedDebate/Library/PackageCache/com.unity.modules.physics@1.0.0)
    com.unity.modules.unitywebrequest@1.0.0 (location: /Users/guribbong/code/Argus/unity/EmbodiedDebate/Library/PackageCache/com.unity.modules.unitywebrequest@1.0.0)
    com.unity.render-pipelines.universal@14.0.7 (location: /Users/guribbong/code/Argus/unity/EmbodiedDebate/Library/PackageCache/com.unity.render-pipelines.universal@14.0.7)
    com.unity.modules.imgui@1.0.0 (location: /Users/guribbong/code/Argus/unity/EmbodiedDebate/Library/PackageCache/com.unity.modules.imgui@1.0.0)
    com.unity.modules.jsonserialize@1.0.0 (location: /Users/guribbong/code/Argus/unity/EmbodiedDebate/Library/PackageCache/com.unity.modules.jsonserialize@1.0.0)
    com.unity.render-pipelines.core@14.0.7 (location: /Users/guribbong/code/Argus/unity/EmbodiedDebate/Library/PackageCache/com.unity.render-pipelines.core@14.0.7)
    com.unity.shadergraph@14.0.7 (location: /Users/guribbong/code/Argus/unity/EmbodiedDebate/Library/PackageCache/com.unity.shadergraph@14.0.7)
    com.unity.ugui@1.0.0 (location: /Users/guribbong/code/Argus/unity/EmbodiedDebate/Library/PackageCache/com.unity.ugui@1.0.0)
    com.unity.modules.terrain@1.0.0 (location: /Users/guribbong/code/Argus/unity/EmbodiedDebate/Library/PackageCache/com.unity.modules.terrain@1.0.0)
    com.unity.modules.ui@1.0.0 (location: /Users/guribbong/code/Argus/unity/EmbodiedDebate/Library/PackageCache/com.unity.modules.ui@1.0.0)
  Embedded packages:
    com.unity.cloud.gltfast@file:/Users/guribbong/code/Argus/unity/EmbodiedDebate/Packages/com.unity.cloud.gltfast (location: /Users/guribbong/code/Argus/unity/EmbodiedDebate/Packages/com.unity.cloud.gltfast)
[Subsystems] No new subsystems found in resolved package list.
Package Manager log level set to [2]
[Package Manager] Done registering packages in 0.63 seconds
Refreshing native plugins compatible for Editor in 9.90 ms, found 0 plugins.
Preloading 0 native plugins for Editor in 0.00 ms.
Initialize engine version: 2022.3.0f1 (fb119bb0b476)
[Subsystems] Discovering subsystems at path /Applications/Unity/Hub/Editor/2022.3.0f1/Unity.app/Contents/Resources/UnitySubsystems
[Subsystems] Discovering subsystems at path /Users/guribbong/code/Argus/unity/EmbodiedDebate/Assets
GfxDevice: creating device client; threaded=0; jobified=0
 preferred device: Apple M2 (high power)
Metal devices available: 1
0: Apple M2 (high power)
Using device Apple M2 (high power)
Initializing Metal device caps: Apple M2
[Licensing::Client] Successfully resolved entitlements
Initialize mono
Mono path[0] = '/Applications/Unity/Hub/Editor/2022.3.0f1/Unity.app/Contents/Managed'
Mono path[1] = '/Applications/Unity/Hub/Editor/2022.3.0f1/Unity.app/Contents/MonoBleedingEdge/lib/mono/unityjit-macos'
Mono config path = '/Applications/Unity/Hub/Editor/2022.3.0f1/Unity.app/Contents/MonoBleedingEdge/etc'
Using monoOptions --debugger-agent=transport=dt_socket,embedding=1,server=y,suspend=n,address=127.0.0.1:56167
Using cacheserver namespaces - metadata:defaultmetadata, artifacts:defaultartifacts
Using cacheserver namespaces - metadata:defaultmetadata, artifacts:defaultartifacts
ImportWorker Server TCP listen port: 0
Begin MonoManager ReloadAssembly
Registering precompiled unity dll's ...
Register platform support module: /Applications/Unity/Hub/Editor/2022.3.0f1/Unity.app/Contents/PlaybackEngines/MacStandaloneSupport/UnityEditor.OSXStandalone.Extensions.dll
Registered in 0.001767 seconds.
- Loaded All Assemblies, in  0.392 seconds
Native extension for OSXStandalone target not found
Mono: successfully reloaded assembly
- Finished resetting the current domain, in  0.233 seconds
Domain Reload Profiling: 625ms
	BeginReloadAssembly (135ms)
		ExecutionOrderSort (0ms)
		DisableScriptedObjects (0ms)
		BackupInstance (0ms)
		ReleaseScriptingObjects (0ms)
		CreateAndSetChildDomain (2ms)
	RebuildCommonClasses (47ms)
	RebuildNativeTypeToScriptingClass (10ms)
	initialDomainReloadingComplete (57ms)
	LoadAllAssembliesAndSetupDomain (143ms)
		LoadAssemblies (133ms)
		RebuildTransferFunctionScriptingTraits (0ms)
		AnalyzeDomain (135ms)
			TypeCache.Refresh (134ms)
				TypeCache.ScanAssembly (115ms)
			ScanForSourceGeneratedMonoScriptInfo (0ms)
			ResolveRequiredComponents (1ms)
	FinalizeReload (234ms)
		ReleaseScriptCaches (0ms)
		RebuildScriptCaches (0ms)
		SetupLoadedEditorAssemblies (180ms)
			LogAssemblyErrors (0ms)
			InitializePlatformSupportModulesInManaged (6ms)
			SetLoadedEditorAssemblies (7ms)
			RefreshPlugins (0ms)
			BeforeProcessingInitializeOnLoad (3ms)
			ProcessInitializeOnLoadAttributes (125ms)
			ProcessInitializeOnLoadMethodAttributes (39ms)
			AfterProcessingInitializeOnLoad (0ms)
			EditorAssembliesLoaded (0ms)
		ExecutionOrderSort2 (0ms)
		AwakeInstancesAfterBackupRestoration (0ms)
[Licensing::Client] Successfully resolved entitlements
Application.AssetDatabase Initial Refresh Start
[ScriptCompilation] Requested script compilation because: Assetdatabase observed changes in script compilation related files
[40m[32minfo[39m[22m[49m: Microsoft.Hosting.Lifetime[14]
      Now listening on: http://unix:/tmp/ilpp.sock-8e16111b622e4d5ea6b5ecc926298bfd
[40m[32minfo[39m[22m[49m: Microsoft.Hosting.Lifetime[0]
      Application started. Press Ctrl+C to shut down.
[40m[32minfo[39m[22m[49m: Microsoft.Hosting.Lifetime[0]
      Hosting environment: Production
[40m[32minfo[39m[22m[49m: Microsoft.Hosting.Lifetime[0]
      Content root path: /Users/guribbong/code/Argus/unity/EmbodiedDebate/
[40m[32minfo[39m[22m[49m: Microsoft.AspNetCore.Hosting.Diagnostics[1]
      Request starting HTTP/2 POST http://ilpp/UnityILPP.PostProcessing/Ping application/grpc -
[40m[32minfo[39m[22m[49m: Microsoft.AspNetCore.Routing.EndpointMiddleware[0]
      Executing endpoint 'gRPC - /UnityILPP.PostProcessing/Ping'
[40m[32minfo[39m[22m[49m: Microsoft.AspNetCore.Routing.EndpointMiddleware[1]
      Executed endpoint 'gRPC - /UnityILPP.PostProcessing/Ping'
[40m[32minfo[39m[22m[49m: Microsoft.AspNetCore.Hosting.Diagnostics[2]
      Request finished HTTP/2 POST http://ilpp/UnityILPP.PostProcessing/Ping application/grpc - - 200 - application/grpc 65.3821ms
Starting: /Applications/Unity/Hub/Editor/2022.3.0f1/Unity.app/Contents/bee_backend --dont-print-to-structured-log --ipc --defer-dag-verification --dagfile="Library/Bee/200b0aE.dag" --continue-on-failure --profile="Library/Bee/backend1.traceevents" ScriptAssemblies
WorkingDir: /Users/guribbong/code/Argus/unity/EmbodiedDebate
DisplayProgressbar: Compiling Scripts
[40m[32minfo[39m[22m[49m: Microsoft.AspNetCore.Hosting.Diagnostics[1]
      Request starting HTTP/2 POST http://ilpp/UnityILPP.PostProcessing/ConfigurePostProcessors application/grpc -
[40m[32minfo[39m[22m[49m: Microsoft.AspNetCore.Routing.EndpointMiddleware[0]
      Executing endpoint 'gRPC - /UnityILPP.PostProcessing/ConfigurePostProcessors'
[40m[1m[33mwarn[39m[22m[49m: Unity.ILPP.Runner.PostProcessingAssemblyLoadContext[0]
      Assembly system.runtime.interopservices.windowsruntime has duplicate hint path. Ignoring "/Applications/Unity/Hub/Editor/2022.3.0f1/Unity.app/Contents/UnityReferenceAssemblies/unity-4.8-api/Facades/System.Runtime.InteropServices.WindowsRuntime.dll" in favor of "/Applications/Unity/Hub/Editor/2022.3.0f1/Unity.app/Contents/NetStandard/Extensions/2.0.0/System.Runtime.InteropServices.WindowsRuntime.dll"
[40m[1m[33mwarn[39m[22m[49m: Unity.ILPP.Runner.PostProcessingAssemblyLoadContext[0]
      Assembly system.componentmodel.composition has duplicate hint path. Ignoring "/Applications/Unity/Hub/Editor/2022.3.0f1/Unity.app/Contents/UnityReferenceAssemblies/unity-4.8-api/System.ComponentModel.Composition.dll" in favor of "/Applications/Unity/Hub/Editor/2022.3.0f1/Unity.app/Contents/NetStandard/compat/2.1.0/shims/netfx/System.ComponentModel.Composition.dll"
[40m[32minfo[39m[22m[49m: Unity.ILPP.Runner.PostProcessingAssemblyLoadContext[0]
      Resolved Unity.Burst.Cecil, Version=0.11.4.0, Culture=neutral, PublicKeyToken=50cebf1cceb9d05e with Library/PackageCache/com.unity.burst@1.8.4/Unity.Burst.CodeGen/Unity.Burst.Cecil.dll
[40m[32minfo[39m[22m[49m: Microsoft.AspNetCore.Routing.EndpointMiddleware[1]
      Executed endpoint 'gRPC - /UnityILPP.PostProcessing/ConfigurePostProcessors'
[40m[32minfo[39m[22m[49m: Microsoft.AspNetCore.Hosting.Diagnostics[2]
      Request finished HTTP/2 POST http://ilpp/UnityILPP.PostProcessing/ConfigurePostProcessors application/grpc - - 200 - application/grpc 31.4551ms
[40m[32minfo[39m[22m[49m: Microsoft.AspNetCore.Hosting.Diagnostics[1]
      Request starting HTTP/2 POST http://ilpp/UnityILPP.PostProcessing/PostProcessAssembly application/grpc -
[40m[32minfo[39m[22m[49m: Microsoft.AspNetCore.Routing.EndpointMiddleware[0]
      Executing endpoint 'gRPC - /UnityILPP.PostProcessing/PostProcessAssembly'
[40m[32minfo[39m[22m[49m: Unity.ILPP.Runner.PostProcessingPipeline[0]
      Processing assembly Library/Bee/artifacts/200b0aE.dag/ArgusUnity.Editor.dll, with 117 defines and 218 references
[40m[32minfo[39m[22m[49m: Unity.ILPP.Runner.PostProcessingPipeline[0]
      processors: zzzUnity.Burst.CodeGen.BurstILPostProcessor
[40m[32minfo[39m[22m[49m: Unity.ILPP.Runner.PostProcessingPipeline[0]
      running zzzUnity.Burst.CodeGen.BurstILPostProcessor
[40m[32minfo[39m[22m[49m: Microsoft.AspNetCore.Routing.EndpointMiddleware[1]
      Executed endpoint 'gRPC - /UnityILPP.PostProcessing/PostProcessAssembly'
[40m[32minfo[39m[22m[49m: Microsoft.AspNetCore.Hosting.Diagnostics[2]
      Request finished HTTP/2 POST http://ilpp/UnityILPP.PostProcessing/PostProcessAssembly application/grpc - - 200 - application/grpc 32.1231ms
ExitCode: 0 Duration: 3s869ms
[294/377    0s] ILPP-Configuration Library/ilpp-configuration.nevergeneratedoutput
[373/377    3s] Csc Library/Bee/artifacts/200b0aE.dag/ArgusUnity.Editor.dll (+2 others)
[374/377    0s] ILPostProcess Library/Bee/artifacts/200b0aE.dag/post-processed/ArgusUnity.Editor.dll (+pdb)
Processing assembly Library/Bee/artifacts/200b0aE.dag/ArgusUnity.Editor.dll, with 117 defines and 218 references
processors: zzzUnity.Burst.CodeGen.BurstILPostProcessor
running zzzUnity.Burst.CodeGen.BurstILPostProcessor
[375/377    0s] CopyFiles Library/ScriptAssemblies/ArgusUnity.Editor.pdb
[376/377    0s] CopyFiles Library/ScriptAssemblies/ArgusUnity.Editor.dll
*** Tundra build success (3.83 seconds), 5 items updated, 377 evaluated
AssetDatabase: script compilation time: 4.907582s
Total cache size 25932744
Total cache size after purge 25932744
Begin MonoManager ReloadAssembly
Symbol file LoadedFromMemory is not a mono symbol file
- Loaded All Assemblies, in  0.504 seconds
Refreshing native plugins compatible for Editor in 0.78 ms, found 0 plugins.
Preloading 0 native plugins for Editor in 0.00 ms.
Start importing Assets/Editor/HideAndSeekDesignBuilder.cs using Guid(3e5770619d66b4652a275f68b78cf71c) Importer(-1,00000000000000000000000000000000)  -> (artifact id: '023c0b69f24f157c15733816e2ec338c') in 0.045349 seconds
Refreshing native plugins compatible for Editor in 0.67 ms, found 0 plugins.
Native extension for OSXStandalone target not found
Mono: successfully reloaded assembly
- Finished resetting the current domain, in  2.292 seconds
Domain Reload Profiling: 2797ms
	BeginReloadAssembly (144ms)
		ExecutionOrderSort (0ms)
		DisableScriptedObjects (4ms)
		BackupInstance (0ms)
		ReleaseScriptingObjects (0ms)
		CreateAndSetChildDomain (34ms)
	RebuildCommonClasses (30ms)
	RebuildNativeTypeToScriptingClass (11ms)
	initialDomainReloadingComplete (22ms)
	LoadAllAssembliesAndSetupDomain (298ms)
		LoadAssemblies (188ms)
		RebuildTransferFunctionScriptingTraits (0ms)
		AnalyzeDomain (171ms)
			TypeCache.Refresh (156ms)
				TypeCache.ScanAssembly (147ms)
			ScanForSourceGeneratedMonoScriptInfo (8ms)
			ResolveRequiredComponents (6ms)
	FinalizeReload (2293ms)
		ReleaseScriptCaches (0ms)
		RebuildScriptCaches (0ms)
		SetupLoadedEditorAssemblies (2116ms)
			LogAssemblyErrors (0ms)
			InitializePlatformSupportModulesInManaged (3ms)
			SetLoadedEditorAssemblies (2ms)
			RefreshPlugins (0ms)
			BeforeProcessingInitializeOnLoad (37ms)
			ProcessInitializeOnLoadAttributes (1953ms)
			ProcessInitializeOnLoadMethodAttributes (120ms)
			AfterProcessingInitializeOnLoad (1ms)
			EditorAssembliesLoaded (0ms)
		ExecutionOrderSort2 (0ms)
		AwakeInstancesAfterBackupRestoration (8ms)
Refreshing native plugins compatible for Editor in 0.90 ms, found 0 plugins.
Preloading 0 native plugins for Editor in 0.00 ms.
Asset Pipeline Refresh (id=c4d7f47bf72504bf49fa9a6483585af9): Total: 9.575 seconds - Initiated by InitialRefreshV2(ForceSynchronousImport)
	Summary:
		Imports: total=563 (actual=1, local cache=562, cache server=0)
		Asset DB Process Time: managed=4 ms, native=1591 ms
		Asset DB Callback time: managed=188 ms, native=29 ms
		Scripting: domain reloads=1, domain reload time=2833 ms, compile time=4908 ms, other=19 ms
		Project Asset Count: scripts=3115, non-scripts=1522
		Asset File Changes: new=0, changed=1, moved=0, deleted=0
		Scan Filter Count: 1
	InvokeBeforeRefreshCallbacks: 0.637ms
	ApplyChangesToAssetFolders: 0.023ms
	Scan: 588.962ms
	OnSourceAssetsModified: 2.773ms
	GetAllGuidsForCategorization: 0.367ms
	CategorizeAssets: 226.663ms
	ImportOutOfDateAssets: 2383.997ms (-2592.442ms without children)
		ImportManagerImport: 53.062ms (5.994ms without children)
			ImportInProcess: 47.063ms
			UpdateCategorizedAssets: 0.006ms
		CompileScripts: 4907.714ms
		ReloadNativeAssets: 0.234ms
		UnloadImportedAssets: 11.025ms
		ReloadImportedAssets: 0.000ms
		EnsureUptoDateAssetsAreRegisteredWithGuidPM: 1.778ms
		InitializingProgressBar: 0.000ms
		PostProcessAllAssetNotificationsAddChangedAssets: 0.001ms
		OnDemandSchedulerStart: 2.625ms
	PostProcessAllAssets: 201.911ms
	Hotreload: 12.789ms
	GatherAllCurrentPrimaryArtifactRevisions: 0.001ms
	UnloadStreamsBegin: 3.155ms
	PersistCurrentRevisions: 0.283ms
	UnloadStreamsEnd: 0.011ms
	GenerateScriptTypeHashes: 84.674ms
	Untracked: 6153.187ms
Application.AssetDatabase Initial Refresh End
Launching external process: /Applications/Unity/Hub/Editor/2022.3.0f1/Unity.app/Contents/Tools/UnityShaderCompiler
Launched and connected shader compiler UnityShaderCompiler after 0.34 seconds
Scanning for USB devices : 0.298ms
Initializing Unity extensions:
[MODES] ModeService[none].Initialize
[MODES] ModeService[none].LoadModes
[MODES] Loading mode Default (0) for mode-current-id-EmbodiedDebate
ProgressiveSceneManager::Cancel()
Unloading 6 Unused Serialized files (Serialized files now loaded: 0)
Unloading 60 unused Assets / (0.7 MB). Loaded Objects now: 3132.
Memory consumption went from 132.0 MB to 131.3 MB.
Total: 10.724042 ms (FindLiveObjects: 0.301084 ms CreateObjectMapping: 0.063000 ms MarkObjects: 9.508167 ms  DeleteObjects: 0.850667 ms)

[Project] Loading completed in 43.425 seconds
	Project init time: 				20.405 seconds
		Template init time: 		0.000 seconds
		Package Manager init time: 		7.372 seconds
		Asset Database init time: 		1.034 seconds
		Global illumination init time: 	0.012 seconds
		Assemblies load time: 			0.635 seconds
		Unity extensions init time: 	0.022 seconds
		Asset Database refresh time: 	0.000 seconds
	Scene opening time: 			0.269 seconds
##utp:{"type":"ProjectInfo","version":2,"phase":"Immediate","time":1778064570369,"processId":75167,"projectLoad":43.425290041000007,"projectInit":20.405168417,"templateInit":0.0,"packageManagerInit":7.37178475,"assetDatabaseInit":1.033996458,"globalIlluminationInit":0.011848917,"assembliesLoad":0.634779708,"unityExtensionsInit":0.022324792,"assetDatabaseRefresh":0.0,"sceneOpening":0.268987667}
##utp:{"type":"EditorInfo","version":2,"phase":"Immediate","time":1778064570369,"processId":75167,"editorVersion":"2022.3.0f1 (fb119bb0b476)","branch":"2022.3/release","buildType":"Release","platform":"OSX"}
Subscribe to USB device events
Scanning for USB devices : 0.111ms
Running tests for EditMode
Executing tests with settings: test mode = EditMode
UnityEngine.StackTraceUtility:ExtractStackTrace () (at /Users/bokken/build/output/unity/unity/Runtime/Export/Scripting/StackTrace.cs:37)
UnityEngine.DebugLogHandler:LogFormat (UnityEngine.LogType,UnityEngine.Object,string,object[])
UnityEngine.Logger:Log (UnityEngine.LogType,object)
UnityEngine.Debug:Log (object)
UnityEditor.TestTools.TestRunner.CommandLineTest.Executer:InitializeAndExecuteRun (string[]) (at ./Library/PackageCache/com.unity.test-framework@1.1.33/UnityEditor.TestRunner/CommandLineTest/Executer.cs:47)
UnityEditor.TestTools.TestRunner.CommandLineTest.TestStarter:UpdateWatch () (at ./Library/PackageCache/com.unity.test-framework@1.1.33/UnityEditor.TestRunner/CommandLineTest/TestStarter.cs:50)
UnityEditor.EditorApplication:Internal_CallUpdateFunctions () (at /Users/bokken/build/output/unity/unity/Editor/Mono/EditorApplication.cs:362)

(Filename: ./Library/PackageCache/com.unity.test-framework@1.1.33/UnityEditor.TestRunner/CommandLineTest/Executer.cs Line: 47)

[UnityConnectServicesConfig] config is NOT valid, switching to default
Created GICache directory at /Users/guribbong/Library/Caches/com.unity3d.UnityEditor/GiCache. Took: 0.012s, timestamps: [43.530 - 43.542]
gi::BakeBackendSwitch: switching bake backend from 3 to 2.
[00:00:00] Builtin Sky manager started.
[00:00:00] Finished 1 Bake Ambient Probe job (0.00s execute, 0.00s integrate, 0.17s wallclock)
[00:00:01] Finished 1 Bake Ambient Probe job (0.00s execute, 0.00s integrate, 0.05s wallclock)
Unloading 3 Unused Serialized files (Serialized files now loaded: 0)
Unloading 0 unused Assets / (4.4 KB). Loaded Objects now: 3173.
Memory consumption went from 139.8 MB to 139.8 MB.
Total: 10.454750 ms (FindLiveObjects: 0.288958 ms CreateObjectMapping: 0.097875 ms MarkObjects: 10.055167 ms  DeleteObjects: 0.011292 ms)

[00:00:00] Finished 1 Bake Ambient Probe job (0.00s execute, 0.00s integrate, 0.06s wallclock)
DisplayProgressbar: Test Runner
Invalid Sparse Accessors will break glTFast
UnityEngine.StackTraceUtility:ExtractStackTrace () (at /Users/bokken/build/output/unity/unity/Runtime/Export/Scripting/StackTrace.cs:37)
UnityEngine.DebugLogHandler:LogFormat (UnityEngine.LogType,UnityEngine.Object,string,object[])
UnityEngine.Logger:Log (UnityEngine.LogType,object)
UnityEngine.Debug:LogWarning (object)
GLTFast.Tests.JsonParsingTests:SparseAccessors () (at ./Packages/com.unity.cloud.gltfast/Tests/Editor/JsonParsingTests.cs:229)
System.Reflection.RuntimeMethodInfo:Invoke (object,System.Reflection.BindingFlags,System.Reflection.Binder,object[],System.Globalization.CultureInfo)
System.Reflection.MethodBase:Invoke (object,object[])
NUnit.Framework.Internal.Reflect:InvokeMethod (System.Reflection.MethodInfo,object,object[])
NUnit.Framework.Internal.MethodWrapper:Invoke (object,object[])
NUnit.Framework.Internal.Commands.TestMethodCommand:RunNonAsyncTestMethod (NUnit.Framework.Internal.ITestExecutionContext)
NUnit.Framework.Internal.Commands.TestMethodCommand:RunTestMethod (NUnit.Framework.Internal.ITestExecutionContext)
NUnit.Framework.Internal.Commands.TestMethodCommand:Execute (NUnit.Framework.Internal.ITestExecutionContext)
UnityEngine.TestTools.UnityTestMethodCommand:Execute (NUnit.Framework.Internal.ITestExecutionContext) (at ./Library/PackageCache/com.unity.test-framework@1.1.33/UnityEngine.TestRunner/NUnitExtensions/Commands/UnityTestMethodCommand.cs:16)
UnityEngine.TestRunner.NUnitExtensions.Runner.UnityLogCheckDelegatingCommand/<>c__DisplayClass2_0:<Execute>b__0 () (at ./Library/PackageCache/com.unity.test-framework@1.1.33/UnityEngine.TestRunner/NUnitExtensions/Runner/UnityLogCheckDelegatingCommand.cs:25)
UnityEngine.TestRunner.NUnitExtensions.Runner.UnityLogCheckDelegatingCommand:CaptureException (NUnit.Framework.Internal.TestResult,System.Action) (at ./Library/PackageCache/com.unity.test-framework@1.1.33/UnityEngine.TestRunner/NUnitExtensions/Runner/UnityLogCheckDelegatingCommand.cs:69)
UnityEngine.TestRunner.NUnitExtensions.Runner.UnityLogCheckDelegatingCommand:ExecuteAndCheckLog (UnityEngine.TestTools.Logging.LogScope,NUnit.Framework.Internal.TestResult,System.Action) (at ./Library/PackageCache/com.unity.test-framework@1.1.33/UnityEngine.TestRunner/NUnitExtensions/Runner/UnityLogCheckDelegatingCommand.cs:80)
UnityEngine.TestRunner.NUnitExtensions.Runner.UnityLogCheckDelegatingCommand:Execute (NUnit.Framework.Internal.ITestExecutionContext) (at ./Library/PackageCache/com.unity.test-framework@1.1.33/UnityEngine.TestRunner/NUnitExtensions/Runner/UnityLogCheckDelegatingCommand.cs:25)
UnityEngine.TestRunner.NUnitExtensions.Runner.UnityLogCheckDelegatingCommand/<ExecuteEnumerable>d__3:MoveNext () (at ./Library/PackageCache/com.unity.test-framework@1.1.33/UnityEngine.TestRunner/NUnitExtensions/Runner/UnityLogCheckDelegatingCommand.cs:36)
UnityEngine.TestTools.BeforeAfterTestCommandBase`1/<ExecuteEnumerable>d__15<NUnit.Framework.ITestAction>:MoveNext () (at ./Library/PackageCache/com.unity.test-framework@1.1.33/UnityEngine.TestRunner/NUnitExtensions/Commands/BeforeAfterTestCommandBase.cs:177)
UnityEngine.TestTools.BeforeAfterTestCommandBase`1/<ExecuteEnumerable>d__15<System.Reflection.MethodInfo>:MoveNext () (at ./Library/PackageCache/com.unity.test-framework@1.1.33/UnityEngine.TestRunner/NUnitExtensions/Commands/BeforeAfterTestCommandBase.cs:177)
UnityEngine.TestTools.ImmediateEnumerableCommand:Execute (NUnit.Framework.Internal.ITestExecutionContext) (at ./Library/PackageCache/com.unity.test-framework@1.1.33/UnityEngine.TestRunner/NUnitExtensions/Commands/ImmediateEnumerableCommand.cs:19)
UnityEngine.TestTools.BeforeAfterTestCommandBase`1/<ExecuteEnumerable>d__15<System.Reflection.MethodInfo>:MoveNext () (at ./Library/PackageCache/com.unity.test-framework@1.1.33/UnityEngine.TestRunner/NUnitExtensions/Commands/BeforeAfterTestCommandBase.cs:185)
UnityEngine.TestTools.BeforeAfterTestCommandBase`1/<ExecuteEnumerable>d__15<UnityEngine.TestTools.IOuterUnityTestAction>:MoveNext () (at ./Library/PackageCache/com.unity.test-framework@1.1.33/UnityEngine.TestRunner/NUnitExtensions/Commands/BeforeAfterTestCommandBase.cs:177)
UnityEngine.TestRunner.NUnitExtensions.Runner.DefaultTestWorkItem/<PerformWork>d__2:MoveNext () (at ./Library/PackageCache/com.unity.test-framework@1.1.33/UnityEngine.TestRunner/NUnitExtensions/Runner/DefaultTestWorkItem.cs:54)
UnityEngine.TestRunner.NUnitExtensions.Runner.CompositeWorkItem/<RunChildren>d__16:MoveNext () (at ./Library/PackageCache/com.unity.test-framework@1.1.33/UnityEngine.TestRunner/NUnitExtensions/Runner/CompositeWorkItem.cs:198)
UnityEngine.TestRunner.NUnitExtensions.Runner.CompositeWorkItem/<PerformWork>d__12:MoveNext () (at ./Library/PackageCache/com.unity.test-framework@1.1.33/UnityEngine.TestRunner/NUnitExtensions/Runner/CompositeWorkItem.cs:77)
UnityEngine.TestRunner.NUnitExtensions.Runner.CompositeWorkItem/<RunChildren>d__16:MoveNext () (at ./Library/PackageCache/com.unity.test-framework@1.1.33/UnityEngine.TestRunner/NUnitExtensions/Runner/CompositeWorkItem.cs:198)
UnityEngine.TestRunner.NUnitExtensions.Runner.CompositeWorkItem/<PerformWork>d__12:MoveNext () (at ./Library/PackageCache/com.unity.test-framework@1.1.33/UnityEngine.TestRunner/NUnitExtensions/Runner/CompositeWorkItem.cs:77)
UnityEngine.TestRunner.NUnitExtensions.Runner.CompositeWorkItem/<RunChildren>d__16:MoveNext () (at ./Library/PackageCache/com.unity.test-framework@1.1.33/UnityEngine.TestRunner/NUnitExtensions/Runner/CompositeWorkItem.cs:198)
UnityEngine.TestRunner.NUnitExtensions.Runner.CompositeWorkItem/<PerformWork>d__12:MoveNext () (at ./Library/PackageCache/com.unity.test-framework@1.1.33/UnityEngine.TestRunner/NUnitExtensions/Runner/CompositeWorkItem.cs:77)
UnityEngine.TestRunner.NUnitExtensions.Runner.CompositeWorkItem/<RunChildren>d__16:MoveNext () (at ./Library/PackageCache/com.unity.test-framework@1.1.33/UnityEngine.TestRunner/NUnitExtensions/Runner/CompositeWorkItem.cs:198)
UnityEngine.TestRunner.NUnitExtensions.Runner.CompositeWorkItem/<PerformWork>d__12:MoveNext () (at ./Library/PackageCache/com.unity.test-framework@1.1.33/UnityEngine.TestRunner/NUnitExtensions/Runner/CompositeWorkItem.cs:77)
UnityEngine.TestRunner.NUnitExtensions.Runner.CompositeWorkItem/<RunChildren>d__16:MoveNext () (at ./Library/PackageCache/com.unity.test-framework@1.1.33/UnityEngine.TestRunner/NUnitExtensions/Runner/CompositeWorkItem.cs:198)
UnityEngine.TestRunner.NUnitExtensions.Runner.CompositeWorkItem/<PerformWork>d__12:MoveNext () (at ./Library/PackageCache/com.unity.test-framework@1.1.33/UnityEngine.TestRunner/NUnitExtensions/Runner/CompositeWorkItem.cs:77)
UnityEditor.TestTools.TestRunner.EditModeRunner:MoveNextAndUpdateYieldObject () (at ./Library/PackageCache/com.unity.test-framework@1.1.33/UnityEditor.TestRunner/TestRunner/EditModeRunner.cs:246)
UnityEditor.TestTools.TestRunner.EditModeRunner:TestConsumer () (at ./Library/PackageCache/com.unity.test-framework@1.1.33/UnityEditor.TestRunner/TestRunner/EditModeRunner.cs:279)
UnityEditor.EditorApplication:Internal_CallUpdateFunctions () (at /Users/bokken/build/output/unity/unity/Editor/Mono/EditorApplication.cs:362)

(Filename: ./Packages/com.unity.cloud.gltfast/Tests/Editor/JsonParsingTests.cs Line: 229)

Download URL https://something.com/nowherfound.glb failed: 404
UnityEngine.StackTraceUtility:ExtractStackTrace () (at /Users/bokken/build/output/unity/unity/Runtime/Export/Scripting/StackTrace.cs:37)
UnityEngine.DebugLogHandler:LogFormat (UnityEngine.LogType,UnityEngine.Object,string,object[])
UnityEngine.Logger:Log (UnityEngine.LogType,object)
UnityEngine.Debug:LogError (object)
GLTFast.Logging.ConsoleLogger:Error (GLTFast.Logging.LogCode,string[]) (at ./Packages/com.unity.cloud.gltfast/Runtime/Scripts/Logging/ConsoleLogger.cs:19)
GLTFast.Tests.LoggerTest:ConsoleLoggerTest () (at ./Packages/com.unity.cloud.gltfast/Tests/Editor/LoggerTest.cs:31)
System.Reflection.RuntimeMethodInfo:Invoke (object,System.Reflection.BindingFlags,System.Reflection.Binder,object[],System.Globalization.CultureInfo)
System.Reflection.MethodBase:Invoke (object,object[])
NUnit.Framework.Internal.Reflect:InvokeMethod (System.Reflection.MethodInfo,object,object[])
NUnit.Framework.Internal.MethodWrapper:Invoke (object,object[])
NUnit.Framework.Internal.Commands.TestMethodCommand:RunNonAsyncTestMethod (NUnit.Framework.Internal.ITestExecutionContext)
NUnit.Framework.Internal.Commands.TestMethodCommand:RunTestMethod (NUnit.Framework.Internal.ITestExecutionContext)
NUnit.Framework.Internal.Commands.TestMethodCommand:Execute (NUnit.Framework.Internal.ITestExecutionContext)
UnityEngine.TestTools.UnityTestMethodCommand:Execute (NUnit.Framework.Internal.ITestExecutionContext) (at ./Library/PackageCache/com.unity.test-framework@1.1.33/UnityEngine.TestRunner/NUnitExtensions/Commands/UnityTestMethodCommand.cs:16)
UnityEngine.TestRunner.NUnitExtensions.Runner.UnityLogCheckDelegatingCommand/<>c__DisplayClass2_0:<Execute>b__0 () (at ./Library/PackageCache/com.unity.test-framework@1.1.33/UnityEngine.TestRunner/NUnitExtensions/Runner/UnityLogCheckDelegatingCommand.cs:25)
UnityEngine.TestRunner.NUnitExtensions.Runner.UnityLogCheckDelegatingCommand:CaptureException (NUnit.Framework.Internal.TestResult,System.Action) (at ./Library/PackageCache/com.unity.test-framework@1.1.33/UnityEngine.TestRunner/NUnitExtensions/Runner/UnityLogCheckDelegatingCommand.cs:69)
UnityEngine.TestRunner.NUnitExtensions.Runner.UnityLogCheckDelegatingCommand:ExecuteAndCheckLog (UnityEngine.TestTools.Logging.LogScope,NUnit.Framework.Internal.TestResult,System.Action) (at ./Library/PackageCache/com.unity.test-framework@1.1.33/UnityEngine.TestRunner/NUnitExtensions/Runner/UnityLogCheckDelegatingCommand.cs:80)
UnityEngine.TestRunner.NUnitExtensions.Runner.UnityLogCheckDelegatingCommand:Execute (NUnit.Framework.Internal.ITestExecutionContext) (at ./Library/PackageCache/com.unity.test-framework@1.1.33/UnityEngine.TestRunner/NUnitExtensions/Runner/UnityLogCheckDelegatingCommand.cs:25)
UnityEngine.TestRunner.NUnitExtensions.Runner.UnityLogCheckDelegatingCommand/<ExecuteEnumerable>d__3:MoveNext () (at ./Library/PackageCache/com.unity.test-framework@1.1.33/UnityEngine.TestRunner/NUnitExtensions/Runner/UnityLogCheckDelegatingCommand.cs:36)
UnityEngine.TestTools.BeforeAfterTestCommandBase`1/<ExecuteEnumerable>d__15<NUnit.Framework.ITestAction>:MoveNext () (at ./Library/PackageCache/com.unity.test-framework@1.1.33/UnityEngine.TestRunner/NUnitExtensions/Commands/BeforeAfterTestCommandBase.cs:177)
UnityEngine.TestTools.BeforeAfterTestCommandBase`1/<ExecuteEnumerable>d__15<System.Reflection.MethodInfo>:MoveNext () (at ./Library/PackageCache/com.unity.test-framework@1.1.33/UnityEngine.TestRunner/NUnitExtensions/Commands/BeforeAfterTestCommandBase.cs:177)
UnityEngine.TestTools.ImmediateEnumerableCommand:Execute (NUnit.Framework.Internal.ITestExecutionContext) (at ./Library/PackageCache/com.unity.test-framework@1.1.33/UnityEngine.TestRunner/NUnitExtensions/Commands/ImmediateEnumerableCommand.cs:19)
UnityEngine.TestTools.BeforeAfterTestCommandBase`1/<ExecuteEnumerable>d__15<System.Reflection.MethodInfo>:MoveNext () (at ./Library/PackageCache/com.unity.test-framework@1.1.33/UnityEngine.TestRunner/NUnitExtensions/Commands/BeforeAfterTestCommandBase.cs:185)
UnityEngine.TestTools.BeforeAfterTestCommandBase`1/<ExecuteEnumerable>d__15<UnityEngine.TestTools.IOuterUnityTestAction>:MoveNext () (at ./Library/PackageCache/com.unity.test-framework@1.1.33/UnityEngine.TestRunner/NUnitExtensions/Commands/BeforeAfterTestCommandBase.cs:177)
UnityEngine.TestRunner.NUnitExtensions.Runner.DefaultTestWorkItem/<PerformWork>d__2:MoveNext () (at ./Library/PackageCache/com.unity.test-framework@1.1.33/UnityEngine.TestRunner/NUnitExtensions/Runner/DefaultTestWorkItem.cs:54)
UnityEngine.TestRunner.NUnitExtensions.Runner.CompositeWorkItem/<RunChildren>d__16:MoveNext () (at ./Library/PackageCache/com.unity.test-framework@1.1.33/UnityEngine.TestRunner/NUnitExtensions/Runner/CompositeWorkItem.cs:198)
UnityEngine.TestRunner.NUnitExtensions.Runner.CompositeWorkItem/<PerformWork>d__12:MoveNext () (at ./Library/PackageCache/com.unity.test-framework@1.1.33/UnityEngine.TestRunner/NUnitExtensions/Runner/CompositeWorkItem.cs:77)
UnityEngine.TestRunner.NUnitExtensions.Runner.CompositeWorkItem/<RunChildren>d__16:MoveNext () (at ./Library/PackageCache/com.unity.test-framework@1.1.33/UnityEngine.TestRunner/NUnitExtensions/Runner/CompositeWorkItem.cs:198)
UnityEngine.TestRunner.NUnitExtensions.Runner.CompositeWorkItem/<PerformWork>d__12:MoveNext () (at ./Library/PackageCache/com.unity.test-framework@1.1.33/UnityEngine.TestRunner/NUnitExtensions/Runner/CompositeWorkItem.cs:77)
UnityEngine.TestRunner.NUnitExtensions.Runner.CompositeWorkItem/<RunChildren>d__16:MoveNext () (at ./Library/PackageCache/com.unity.test-framework@1.1.33/UnityEngine.TestRunner/NUnitExtensions/Runner/CompositeWorkItem.cs:198)
UnityEngine.TestRunner.NUnitExtensions.Runner.CompositeWorkItem/<PerformWork>d__12:MoveNext () (at ./Library/PackageCache/com.unity.test-framework@1.1.33/UnityEngine.TestRunner/NUnitExtensions/Runner/CompositeWorkItem.cs:77)
UnityEngine.TestRunner.NUnitExtensions.Runner.CompositeWorkItem/<RunChildren>d__16:MoveNext () (at ./Library/PackageCache/com.unity.test-framework@1.1.33/UnityEngine.TestRunner/NUnitExtensions/Runner/CompositeWorkItem.cs:198)
UnityEngine.TestRunner.NUnitExtensions.Runner.CompositeWorkItem/<PerformWork>d__12:MoveNext () (at ./Library/PackageCache/com.unity.test-framework@1.1.33/UnityEngine.TestRunner/NUnitExtensions/Runner/CompositeWorkItem.cs:77)
UnityEngine.TestRunner.NUnitExtensions.Runner.CompositeWorkItem/<RunChildren>d__16:MoveNext () (at ./Library/PackageCache/com.unity.test-framework@1.1.33/UnityEngine.TestRunner/NUnitExtensions/Runner/CompositeWorkItem.cs:198)
UnityEngine.TestRunner.NUnitExtensions.Runner.CompositeWorkItem/<PerformWork>d__12:MoveNext () (at ./Library/PackageCache/com.unity.test-framework@1.1.33/UnityEngine.TestRunner/NUnitExtensions/Runner/CompositeWorkItem.cs:77)
UnityEditor.TestTools.TestRunner.EditModeRunner:MoveNextAndUpdateYieldObject () (at ./Library/PackageCache/com.unity.test-framework@1.1.33/UnityEditor.TestRunner/TestRunner/EditModeRunner.cs:246)
UnityEditor.TestTools.TestRunner.EditModeRunner:TestConsumer () (at ./Library/PackageCache/com.unity.test-framework@1.1.33/UnityEditor.TestRunner/TestRunner/EditModeRunner.cs:279)
UnityEditor.EditorApplication:Internal_CallUpdateFunctions () (at /Users/bokken/build/output/unity/unity/Editor/Mono/EditorApplication.cs:362)

(Filename: ./Packages/com.unity.cloud.gltfast/Runtime/Scripts/Logging/ConsoleLogger.cs Line: 19)

Unloading 1 Unused Serialized files (Serialized files now loaded: 0)
Unloading 0 unused Assets / (6.5 KB). Loaded Objects now: 3177.
Memory consumption went from 140.8 MB to 140.8 MB.
Total: 6.844709 ms (FindLiveObjects: 0.225500 ms CreateObjectMapping: 0.149208 ms MarkObjects: 6.463750 ms  DeleteObjects: 0.005834 ms)

Saving results to: tmp/urp-minibot-editmode-results-delegated.xml
Thread 0x346587000 may have been prematurely finalized
[Licensing::IpcConnector] License Notification channel disconnected successfully.
[Licensing::IpcConnector] License Client channel disconnected successfully.
Thread 0x178193000 may have been prematurely finalized
Cleanup mono
[40m[32minfo[39m[22m[49m: Microsoft.Hosting.Lifetime[0]
      Application is shutting down...
[40m[32minfo[39m[22m[49m: Unity.ILPP.Runner.PostProcessingAssemblyLoadContext[0]
      ALC ILPP context 1 is unloading
debugger-agent: Unable to listen on 48
[Performance] Application.InitializeProject                                                                                                        :        1 samples, Peak.  20.4 s (1.0x), Avg.  20.4 s, Total. 20.40 s (44.1%)
[Performance] Application.PackageManager.StartServer                                                                                               :        1 samples, Peak.  13.3 ms (1.0x), Avg.  13.3 ms, Total. 13.25 ms (0.0%)
[Performance] Application.AcquireProjectLock                                                                                                       :        1 samples, Peak.  4.23 ms (1.0x), Avg.  4.23 ms, Total. 4.227 ms (0.0%)
[Performance] Application.InitializeEngineNoGraphics                                                                                               :        1 samples, Peak.   186 ms (1.0x), Avg.   186 ms, Total. 185.7 ms (0.4%)
[Performance] Application.PackageManager.Initialize                                                                                                :        1 samples, Peak.  7.37 s (1.0x), Avg.  7.37 s, Total. 7.372 s (15.9%)
[Performance] Connecting to Package Manager                                                                                                        :      737 samples, Peak.  3.44 ms (517.8x), Avg.  6.64 us, Total. 4.896 ms (0.0%)
[Performance] Application.EngineGraphics.Initialize                                                                                                :        1 samples, Peak.   235 ms (1.0x), Avg.   235 ms, Total. 234.8 ms (0.5%)
[Performance] Application.GI.Initialize                                                                                                            :        1 samples, Peak.  12.0 ms (1.0x), Avg.  12.0 ms, Total. 12.04 ms (0.0%)
[Performance] Application.LoadAllDefaultResourcesFromEditor                                                                                        :        1 samples, Peak.  3.47 ms (1.0x), Avg.  3.47 ms, Total. 3.473 ms (0.0%)
[Performance] Application.LoadMonoAssemblies                                                                                                       :        1 samples, Peak.   635 ms (1.0x), Avg.   635 ms, Total. 634.8 ms (1.4%)
[Performance] RestoreManagedReferences                                                                                                             :        2 samples, Peak.  45.5 ms (2.0x), Avg.  22.8 ms, Total. 45.53 ms (0.1%)
[Performance] InitializeOnLoad ProjectSearch                                                                                                       :        2 samples, Peak.   227 us (1.1x), Avg.   202 us, Total. 404.7 us (0.0%)
[Performance] InitializeOnLoad AssetStoreContext                                                                                                   :        2 samples, Peak.  21.6 ms (1.1x), Avg.  18.9 ms, Total. 37.83 ms (0.1%)
[Performance] InitializeOnLoad SearchService                                                                                                       :        2 samples, Peak.  96.9 us (1.1x), Avg.  85.8 us, Total. 171.5 us (0.0%)
[Performance] InitializeOnLoad ObjectSelectorSearch                                                                                                :        2 samples, Peak.   268 us (1.3x), Avg.   213 us, Total. 425.0 us (0.0%)
[Performance] InitializeOnLoad NativeFormatImporterUtility                                                                                         :        2 samples, Peak.  2.28 ms (1.1x), Avg.  2.03 ms, Total. 4.065 ms (0.0%)
[Performance] InitializeOnLoad ManagedDebuggerWindow                                                                                               :        2 samples, Peak.   616 us (1.4x), Avg.   440 us, Total. 879.6 us (0.0%)
[Performance] InitializeOnLoad PrefabInstanceChangedListener                                                                                       :        2 samples, Peak.  1.06 ms (1.3x), Avg.   786 us, Total. 1.573 ms (0.0%)
[Performance] InitializeOnLoad ManagedDebugger                                                                                                     :        2 samples, Peak.  1.92 us (1.4x), Avg.  1.33 us, Total. 2.667 us (0.0%)
[Performance] InitializeOnLoad CloudBuild                                                                                                          :        2 samples, Peak.  5.13 us (1.3x), Avg.  3.96 us, Total. 7.917 us (0.0%)
[Performance] InitializeOnLoad Collab                                                                                                              :        2 samples, Peak.  8.53 ms (1.2x), Avg.  7.42 ms, Total. 14.83 ms (0.0%)
[Performance] InitializeOnLoad ShortcutIntegration                                                                                                 :        2 samples, Peak.  54.1 us (1.0x), Avg.  53.1 us, Total. 106.2 us (0.0%)
[Performance] InitializeOnLoad MixerEffectDefinitionReloader                                                                                       :        2 samples, Peak.  3.16 ms (1.2x), Avg.  2.68 ms, Total. 5.352 ms (0.0%)
[Performance] InitializeOnLoad DrivenRectTransformUndo                                                                                             :        2 samples, Peak.   193 us (1.0x), Avg.   190 us, Total. 380.1 us (0.0%)
[Performance] InitializeOnLoad WindowLayout                                                                                                        :        2 samples, Peak.   531 us (1.0x), Avg.   528 us, Total. 1.057 ms (0.0%)
[Performance] InitializeOnLoad SettingsService                                                                                                     :        2 samples, Peak.  8.33 us (1.2x), Avg.  6.67 us, Total. 13.33 us (0.0%)
[Performance] InitializeOnLoad CacheServerWindow                                                                                                   :        2 samples, Peak.  6.50 us (1.2x), Avg.  5.56 us, Total. 11.13 us (0.0%)
[Performance] InitializeOnLoad MenuItems                                                                                                           :        2 samples, Peak.  74.2 us (1.1x), Avg.  65.1 us, Total. 130.3 us (0.0%)
[Performance] InitializeOnLoad CheckNavigationPackage                                                                                              :        2 samples, Peak.   283 us (1.1x), Avg.   250 us, Total. 499.0 us (0.0%)
[Performance] InitializeOnLoad UISystemProfilerRenderService                                                                                       :        2 samples, Peak.  8.42 us (1.2x), Avg.  7.21 us, Total. 14.42 us (0.0%)
[Performance] InitializeOnLoad EditMode                                                                                                            :        2 samples, Peak.   524 us (1.4x), Avg.   377 us, Total. 754.0 us (0.0%)
[Performance] InitializeOnLoad UnityConnect                                                                                                        :        2 samples, Peak.  41.2 us (1.1x), Avg.  36.0 us, Total. 72.08 us (0.0%)
[Performance] InitializeOnLoad AddComponentWindow                                                                                                  :        2 samples, Peak.  84.3 us (1.0x), Avg.  80.7 us, Total. 161.3 us (0.0%)
[Performance] InitializeOnLoad PlayModeDownload                                                                                                    :        2 samples, Peak.  3.58 ms (1.9x), Avg.  1.86 ms, Total. 3.722 ms (0.0%)
[Performance] InitializeOnLoad SceneSearch                                                                                                         :        2 samples, Peak.  83.0 us (1.6x), Avg.  52.1 us, Total. 104.2 us (0.0%)
[Performance] InitializeOnLoad EditorDelegateRegistration                                                                                          :        2 samples, Peak.   552 us (1.0x), Avg.   548 us, Total. 1.096 ms (0.0%)
[Performance] InitializeOnLoad UxmlObjectEditorFactories                                                                                           :        2 samples, Peak.   347 us (1.0x), Avg.   345 us, Total. 690.1 us (0.0%)
[Performance] InitializeOnLoad RetainedMode                                                                                                        :        2 samples, Peak.  2.00 ms (1.1x), Avg.  1.75 ms, Total. 3.498 ms (0.0%)
[Performance] InitializeOnLoad EditorShaderLoader                                                                                                  :        2 samples, Peak.   805 us (1.0x), Avg.   769 us, Total. 1.538 ms (0.0%)
[Performance] InitializeOnLoad UIDocumentHierarchyWatcher                                                                                          :        2 samples, Peak.  61.0 us (1.0x), Avg.  58.3 us, Total. 116.6 us (0.0%)
[Performance] InitializeOnLoad EditorMonitor                                                                                                       :        2 samples, Peak.   130 us (1.1x), Avg.   119 us, Total. 237.6 us (0.0%)
[Performance] InitializeOnLoad LiveReloadTrackerCreator                                                                                            :        2 samples, Peak.   117 us (1.0x), Avg.   113 us, Total. 226.9 us (0.0%)
[Performance] InitializeOnLoad UXMLEditorFactories                                                                                                 :        2 samples, Peak.  49.9 ms (1.1x), Avg.  45.6 ms, Total. 91.16 ms (0.2%)
[Performance] InitializeOnLoad ServicesRepository                                                                                                  :        2 samples, Peak.   684 us (1.1x), Avg.   629 us, Total. 1.258 ms (0.0%)
[Performance] InitializeOnLoad UDPService                                                                                                          :        2 samples, Peak.  3.03 ms (1.2x), Avg.  2.60 ms, Total. 5.196 ms (0.0%)
[Performance] InitializeOnLoad EditorGameServicesAnalytics                                                                                         :        2 samples, Peak.  1.37 ms (1.5x), Avg.   932 us, Total. 1.865 ms (0.0%)
[Performance] InitializeOnLoad CloudBuildPoller                                                                                                    :        2 samples, Peak.   108 us (1.1x), Avg.   101 us, Total. 201.0 us (0.0%)
[Performance] InitializeOnLoad BuildService                                                                                                        :        2 samples, Peak.  1.50 ms (1.0x), Avg.  1.46 ms, Total. 2.926 ms (0.0%)
[Performance] InitializeOnLoad CollabService                                                                                                       :        2 samples, Peak.  1.86 ms (1.1x), Avg.  1.63 ms, Total. 3.254 ms (0.0%)
[Performance] InitializeOnLoad PurchasingService                                                                                                   :        2 samples, Peak.  7.28 ms (1.0x), Avg.  7.18 ms, Total. 14.35 ms (0.0%)
[Performance] InitializeOnLoad CrashService                                                                                                        :        2 samples, Peak.  1.90 ms (1.1x), Avg.  1.69 ms, Total. 3.382 ms (0.0%)
[Performance] InitializeOnLoad AdsService                                                                                                          :        2 samples, Peak.  2.31 ms (1.1x), Avg.  2.14 ms, Total. 4.277 ms (0.0%)
[Performance] InitializeOnLoad AnalyticsService                                                                                                    :        2 samples, Peak.  1.74 ms (1.1x), Avg.  1.58 ms, Total. 3.160 ms (0.0%)
[Performance] InitializeOnLoad SearchWindow                                                                                                        :        2 samples, Peak.   109 us (1.1x), Avg.  97.1 us, Total. 194.2 us (0.0%)
[Performance] InitializeOnLoad SearchMonitor                                                                                                       :        2 samples, Peak.  8.96 ms (1.6x), Avg.  5.64 ms, Total. 11.29 ms (0.0%)
[Performance] InitializeOnLoad ParameterControllerEditor                                                                                           :        2 samples, Peak.  45.5 us (1.5x), Avg.  30.0 us, Total. 60.08 us (0.0%)
[Performance] InitializeOnLoad LayerSettingsWindow                                                                                                 :        2 samples, Peak.  3.75 us (1.1x), Avg.  3.56 us, Total. 7.125 us (0.0%)
[Performance] InitializeOnLoad PackageManagerHookGUIDConverter.RegisterPackagesEventHandler                                                        :        2 samples, Peak.   636 us (1.0x), Avg.   608 us, Total. 1.215 ms (0.0%)
[Performance] InitializeOnLoad EditorDragAndDrop.RegisterEditorClient                                                                              :        2 samples, Peak.   479 us (1.5x), Avg.   312 us, Total. 623.5 us (0.0%)
[Performance] InitializeOnLoad EditorEventCallbacks.InitializeFontAssetResourceChangeCallBacks                                                     :        2 samples, Peak.  3.79 ms (1.6x), Avg.  2.33 ms, Total. 4.660 ms (0.0%)
[Performance] InitializeOnLoad SceneTemplateService.Init                                                                                           :        2 samples, Peak.  1.13 ms (1.2x), Avg.   943 us, Total. 1.886 ms (0.0%)
[Performance] InitializeOnLoad DiagnosticSwitchesConsoleMessage.Init                                                                               :        2 samples, Peak.  2.67 ms (1.4x), Avg.  1.91 ms, Total. 3.823 ms (0.0%)
[Performance] InitializeOnLoad ScopedRegistryAddedPopup.SubscribeToRegistriesAdded                                                                 :        2 samples, Peak.  24.1 ms (1.3x), Avg.  18.3 ms, Total. 36.61 ms (0.1%)
[Performance] InitializeOnLoad PackageManagerWindow.EditorInitializedInSafeMode                                                                    :        2 samples, Peak.   153 us (1.1x), Avg.   138 us, Total. 275.1 us (0.0%)
[Performance] InitializeOnLoad MemoryProfilerCompilationGuard.InjectCompileGuard                                                                   :        2 samples, Peak.   107 us (1.0x), Avg.   106 us, Total. 211.9 us (0.0%)
[Performance] InitializeOnLoad SceneVisibilityManager.Initialize                                                                                   :        2 samples, Peak.  4.34 ms (1.4x), Avg.  3.15 ms, Total. 6.308 ms (0.0%)
[Performance] InitializeOnLoad AssetPostprocessingInternal.RefreshCustomDependencies                                                               :        2 samples, Peak.  6.71 ms (1.4x), Avg.  4.65 ms, Total. 9.302 ms (0.0%)
[Performance] InitializeOnLoad ToolShortcutContext.Init                                                                                            :        2 samples, Peak.   258 us (1.0x), Avg.   255 us, Total. 510.7 us (0.0%)
[Performance] InitializeOnLoad SysrootManager.Initialize                                                                                           :        2 samples, Peak.   787 us (1.3x), Avg.   593 us, Total. 1.187 ms (0.0%)
[Performance] InitializeOnLoad EditorWindow.Initialize                                                                                             :        2 samples, Peak.   282 us (1.3x), Avg.   211 us, Total. 421.5 us (0.0%)
[Performance] AssemblyReloadEvents.afterAssemblyReload: UnityEditor.SceneTemplate.SceneTemplateService.AfterAssemblyReload                         :        2 samples, Peak.  4.73 ms (1.9x), Avg.  2.51 ms, Total. 5.020 ms (0.0%)
[Performance] ProcessService.EditorAfterLoadAllAssemblies                                                                                          :        2 samples, Peak.   503 us (1.0x), Avg.   492 us, Total. 983.4 us (0.0%)
[Performance] Application.ReadLicenseInfo                                                                                                          :        1 samples, Peak.  41.5 ms (1.0x), Avg.  41.5 ms, Total. 41.49 ms (0.1%)
[Performance] Application.InitialRefresh                                                                                                           :        1 samples, Peak.  9.58 s (1.0x), Avg.  9.58 s, Total. 9.577 s (20.7%)
[Performance] ShaderImporter.SourceAssetModified                                                                                                   :        2 samples, Peak.   791 ns (1.1x), Avg.   708 ns, Total. 1.416 us (0.0%)
[Performance] ShaderIncludeImporter.SourceAssetModified                                                                                            :        2 samples, Peak.   583 ns (1.1x), Avg.   542 ns, Total. 1.083 us (0.0%)
[Performance] Compiling Scripts                                                                                                                    :        1 samples, Peak.  4.91 s (1.0x), Avg.  4.91 s, Total. 4.908 s (10.6%)
[Performance] AssemblyReloadEvents.beforeAssemblyReload: UnityEditor.SceneTemplate.SceneTemplateService.BeforeAssemblyReload                       :        1 samples, Peak.   555 us (1.0x), Avg.   555 us, Total. 555.5 us (0.0%)
[Performance] PresetManagerPostProcessor.OnPreprocessAsset                                                                                         :        1 samples, Peak.  1.14 ms (1.0x), Avg.  1.14 ms, Total. 1.137 ms (0.0%)
[Performance] CancelSplashScreenOnAssetChange.OnPreprocessAsset                                                                                    :        1 samples, Peak.   638 us (1.0x), Avg.   638 us, Total. 638.3 us (0.0%)
[Performance] ShaderGraphAssetPostProcessor.OnPreprocessAsset                                                                                      :        1 samples, Peak.   393 us (1.0x), Avg.   393 us, Total. 393.0 us (0.0%)
[Performance] InitializeOnLoad BurstLoader                                                                                                         :        1 samples, Peak.  1.78 s (1.0x), Avg.  1.78 s, Total. 1.784 s (3.9%)
[Performance] InitializeOnLoad ShadowCasterGroup2DManager                                                                                          :        1 samples, Peak.   109 us (1.0x), Avg.   109 us, Total. 109.4 us (0.0%)
[Performance] InitializeOnLoad RealtimeProbeSubdivisionDebug                                                                                       :        1 samples, Peak.   209 us (1.0x), Avg.   209 us, Total. 209.3 us (0.0%)
[Performance] InitializeOnLoad ProbeGIBaking                                                                                                       :        1 samples, Peak.  2.08 ms (1.0x), Avg.  2.08 ms, Total. 2.082 ms (0.0%)
[Performance] InitializeOnLoad FilterWindow                                                                                                        :        1 samples, Peak.  35.7 us (1.0x), Avg.  35.7 us, Total. 35.71 us (0.0%)
[Performance] InitializeOnLoad NodeClassCache                                                                                                      :        1 samples, Peak.  25.7 us (1.0x), Avg.  25.7 us, Total. 25.75 us (0.0%)
[Performance] InitializeOnLoad ShaderGraphMaterialsUpdater                                                                                         :        2 samples, Peak.   400 us (1.6x), Avg.   246 us, Total. 491.2 us (0.0%)
[Performance] InitializeOnLoad PrefabLayoutRebuilder                                                                                               :        1 samples, Peak.   356 us (1.0x), Avg.   356 us, Total. 356.0 us (0.0%)
[Performance] InitializeOnLoad BackgroundWatcher                                                                                                   :        1 samples, Peak.   132 us (1.0x), Avg.   132 us, Total. 131.7 us (0.0%)
[Performance] InitializeOnLoad UnityTestProtocolStarter                                                                                            :        1 samples, Peak.   189 us (1.0x), Avg.   189 us, Total. 188.5 us (0.0%)
[Performance] InitializeOnLoad TestStarter                                                                                                         :        1 samples, Peak.  1.97 ms (1.0x), Avg.  1.97 ms, Total. 1.969 ms (0.0%)
[Performance] InitializeOnLoad RerunCallbackInitializer                                                                                            :        1 samples, Peak.  2.01 ms (1.0x), Avg.  2.01 ms, Total. 2.015 ms (0.0%)
[Performance] InitializeOnLoad EditorToolManager                                                                                                   :        1 samples, Peak.  1.83 ms (1.0x), Avg.  1.83 ms, Total. 1.832 ms (0.0%)
[Performance] InitializeOnLoad Renderer2DAnalytics                                                                                                 :        1 samples, Peak.   117 us (1.0x), Avg.   117 us, Total. 116.8 us (0.0%)
[Performance] InitializeOnLoad RendererDataPatcher                                                                                                 :        1 samples, Peak.  53.0 ms (1.0x), Avg.  53.0 ms, Total. 52.95 ms (0.1%)
[Performance] InitializeOnLoad MaterialReimporter.RegisterUpgraderReimport                                                                         :        2 samples, Peak.   137 us (1.7x), Avg.  79.8 us, Total. 159.6 us (0.0%)
[Performance] InitializeOnLoad $BurstDirectCallInitializer.Initialize                                                                              :        1 samples, Peak.  15.0 ms (1.0x), Avg.  15.0 ms, Total. 14.96 ms (0.0%)
[Performance] InitializeOnLoad TestJobDataHolder.ResumeRunningJobs                                                                                 :        1 samples, Peak.   975 us (1.0x), Avg.   975 us, Total. 975.1 us (0.0%)
[Performance] InitializeOnLoad AnalyticsReporter.RegisterCallbacks                                                                                 :        1 samples, Peak.   293 us (1.0x), Avg.   293 us, Total. 293.4 us (0.0%)
[Performance] InitializeOnLoad CoreRenderPipelinePreferences.InitPreferenceProviders                                                               :        1 samples, Peak.  71.5 ms (1.0x), Avg.  71.5 ms, Total. 71.49 ms (0.2%)
[Performance] InitializeOnLoad VolumeGizmoDrawer.InitVolumeGizmoCallbacks                                                                          :        1 samples, Peak.   293 us (1.0x), Avg.   293 us, Total. 293.1 us (0.0%)
[Performance] DidReloadScriptsTestRunnerWindow.CompilationCallback                                                                                 :        1 samples, Peak.   993 us (1.0x), Avg.   993 us, Total. 992.9 us (0.0%)
[Performance] DidReloadScriptsTestListCache.ScriptReloaded                                                                                         :        1 samples, Peak.  1.75 ms (1.0x), Avg.  1.75 ms, Total. 1.751 ms (0.0%)
[Performance] DidReloadScriptsDebugWindow.OnEditorReload                                                                                           :        1 samples, Peak.  21.3 ms (1.0x), Avg.  21.3 ms, Total. 21.34 ms (0.0%)
[Performance] DidReloadScriptsLookDev.OnEditorReload                                                                                               :        1 samples, Peak.   168 us (1.0x), Avg.   168 us, Total. 167.6 us (0.0%)
[Performance] DidReloadScriptsVolumeComponentEditor.OnEditorReload                                                                                 :        1 samples, Peak.  18.7 ms (1.0x), Avg.  18.7 ms, Total. 18.71 ms (0.0%)
[Performance] DidReloadScriptsOnScriptsReloadHandler.OnScriptsReloaded                                                                             :        1 samples, Peak.  2.95 ms (1.0x), Avg.  2.95 ms, Total. 2.949 ms (0.0%)
[Performance] DidReloadScriptsAdvancedDropdownWindow.OnScriptReload                                                                                :        1 samples, Peak.   742 us (1.0x), Avg.   742 us, Total. 741.7 us (0.0%)
[Performance] AssetDatabase.ImportAssets                                                                                                           :        3 samples, Peak.   375 ns (1.5x), Avg.   250 ns, Total. 750.0 ns (0.0%)
[Performance] VersionControl.Task.Wait                                                                                                             :        1 samples, Peak.  1.37 ms (1.0x), Avg.  1.37 ms, Total. 1.375 ms (0.0%)
[Performance] BuilderAssetPostprocessor.OnPostprocessAllAssets                                                                                     :        2 samples, Peak.  84.3 ms (1.0x), Avg.  83.9 ms, Total. 167.9 ms (0.4%)
[Performance] ArtifactBrowserPostProcessor.OnPostprocessAllAssets                                                                                  :        2 samples, Peak.   839 us (1.0x), Avg.   837 us, Total. 1.674 ms (0.0%)
[Performance] AssetEvents.OnPostprocessAllAssets                                                                                                   :        4 samples, Peak.  3.38 ms (2.0x), Avg.  1.72 ms, Total. 6.892 ms (0.0%)
[Performance] AudioMixerPostprocessor.OnPostprocessAllAssets                                                                                       :        2 samples, Peak.   319 us (1.0x), Avg.   318 us, Total. 636.7 us (0.0%)
[Performance] StyleCatalogPostProcessor.OnPostprocessAllAssets                                                                                     :        2 samples, Peak.  30.0 ms (1.0x), Avg.  30.0 ms, Total. 60.08 ms (0.1%)
[Performance] BuildCatalog                                                                                                                         :        1 samples, Peak.  28.5 ms (1.0x), Avg.  28.5 ms, Total. 28.50 ms (0.1%)
[Performance] ModelImporterPostProcessor.OnPostprocessAllAssets                                                                                    :        2 samples, Peak.  2.51 ms (1.0x), Avg.  2.51 ms, Total. 5.012 ms (0.0%)
[Performance] MaterialPostprocessor.OnPostprocessAllAssets                                                                                         :        4 samples, Peak.  1.63 ms (1.3x), Avg.  1.28 ms, Total. 5.111 ms (0.0%)
[Performance] RetainedModeAssetPostprocessor.OnPostprocessAllAssets                                                                                :        2 samples, Peak.  4.06 ms (1.0x), Avg.  4.05 ms, Total. 8.110 ms (0.0%)
[Performance] AssetChangedListener.OnPostprocessAllAssets                                                                                          :        2 samples, Peak.  7.26 ms (1.0x), Avg.  7.26 ms, Total. 14.52 ms (0.0%)
[Performance] PostProcessor.OnPostprocessAllAssets                                                                                                 :        2 samples, Peak.   445 us (1.0x), Avg.   443 us, Total. 885.3 us (0.0%)
[Performance] ShaderGraphAssetPostProcessor.OnPostprocessAllAssets                                                                                 :        2 samples, Peak.  1.88 ms (1.0x), Avg.  1.87 ms, Total. 3.747 ms (0.0%)
[Performance] SpeedTreePostProcessor.OnPostprocessAllAssets                                                                                        :        2 samples, Peak.   152 us (1.0x), Avg.   151 us, Total. 301.0 us (0.0%)
[Performance] TextAssetPostProcessor.OnPostprocessAllAssets                                                                                        :        2 samples, Peak.   435 us (1.0x), Avg.   434 us, Total. 868.5 us (0.0%)
[Performance] SyncVS.PostprocessSyncProject                                                                                                        :        1 samples, Peak.  1.70 ms (1.0x), Avg.  1.70 ms, Total. 1.701 ms (0.0%)
[Performance] Selection.selectionChanged: UnityEditor.PackageManager.UI.Internal.SelectionProxy.OnSelectionChanged                                 :        2 samples, Peak.   749 us (1.9x), Avg.   389 us, Total. 777.0 us (0.0%)
[Performance] Selection.selectionChanged: UnityEditorInternal.EditMode.OnSelectionChange                                                           :        2 samples, Peak.   308 us (2.0x), Avg.   157 us, Total. 314.2 us (0.0%)
[Performance] Application.ImportPackagesAndSetTemplateWhenCreatingProject                                                                          :        1 samples, Peak.  71.4 ms (1.0x), Avg.  71.4 ms, Total. 71.44 ms (0.2%)
[Performance] Application.SyncCurrentColorSpace                                                                                                    :        1 samples, Peak.   535 ms (1.0x), Avg.   535 ms, Total. 534.9 ms (1.2%)
[Performance] Application.OnUsbDevicesChanged                                                                                                      :        1 samples, Peak.  2.25 ms (1.0x), Avg.  2.25 ms, Total. 2.249 ms (0.0%)
[Performance] Application.AssetInstanceCacheUpdate                                                                                                 :        1 samples, Peak.  83.0 ns (1.0x), Avg.  83.0 ns, Total. 83.00 ns (0.0%)
[Performance] Application.UnityExtensions.Initialize                                                                                               :        1 samples, Peak.  22.3 ms (1.0x), Avg.  22.3 ms, Total. 22.35 ms (0.0%)
[Performance] CodeEditorProjectSync.SyncEditorProject                                                                                              :        1 samples, Peak.  1.51 ms (1.0x), Avg.  1.51 ms, Total. 1.510 ms (0.0%)
[Performance] Application.ExecuteStartups                                                                                                          :        1 samples, Peak.  76.3 ms (1.0x), Avg.  76.3 ms, Total. 76.28 ms (0.2%)
[Performance] Menu.RegisterMenuInterface                                                                                                           :       26 samples, Peak.   234 us (25.0x), Avg.  9.34 us, Total. 243.0 us (0.0%)
[Performance] Gizmo.RebuildRenderers                                                                                                               :        1 samples, Peak.  70.6 ms (1.0x), Avg.  70.6 ms, Total. 70.57 ms (0.2%)
[Performance] Gizmo.AddGizmoRenderers                                                                                                              :       55 samples, Peak.  10.9 ms (47.7x), Avg.   228 us, Total. 12.53 ms (0.0%)
[Performance] Application.editorInitializingProject                                                                                                :        1 samples, Peak.  3.93 ms (1.0x), Avg.  3.93 ms, Total. 3.929 ms (0.0%)
[Performance] Application.FinishLoadingProject                                                                                                     :        1 samples, Peak.   269 ms (1.0x), Avg.   269 ms, Total. 269.0 ms (0.6%)
[Performance] Application.InitializeMenu                                                                                                           :        1 samples, Peak.  83.3 ms (1.0x), Avg.  83.3 ms, Total. 83.31 ms (0.2%)
[Performance] Menu.RebuildAll                                                                                                                      :        1 samples, Peak.  83.1 ms (1.0x), Avg.  83.1 ms, Total. 83.13 ms (0.2%)
[Performance] Menu.BuildRegisteredMenuInterfaces                                                                                                   :        1 samples, Peak.  75.9 ms (1.0x), Avg.  75.9 ms, Total. 75.94 ms (0.2%)
[Performance] Menu.FilterMenuItem                                                                                                                  :      602 samples, Peak.  41.8 ms (593.7x), Avg.  70.3 us, Total. 42.34 ms (0.1%)
[Performance] UpdateAllMenus                                                                                                                       :        2 samples, Peak.  4.57 ms (1.8x), Avg.  2.56 ms, Total. 5.127 ms (0.0%)
[Performance] EditorSceneManager.sceneClosing: UnityEditor.SceneVisibilityManager.EditorSceneManagerOnSceneClosing                                 :        3 samples, Peak.   249 us (2.8x), Avg.  90.3 us, Total. 270.8 us (0.0%)
[Performance] EditorSceneManager.sceneClosed: callback in UnityEditor.Search.SearchMonitor                                                         :        3 samples, Peak.  88.1 us (2.8x), Avg.  31.0 us, Total. 93.12 us (0.0%)
[Performance] EditorSceneManager.activeSceneChangedInEditMode: callback in UnityEditor.Search.SearchMonitor                                        :        3 samples, Peak.  20.2 us (2.9x), Avg.  6.97 us, Total. 20.92 us (0.0%)
[Performance] GUIView.RepaintAll.PlayerLoopController                                                                                              :       18 samples, Peak.   709 ns (1.8x), Avg.   398 ns, Total. 7.166 us (0.0%)
[Performance] EditorSceneManager.newSceneCreated: UnityEditor.SceneTemplate.SceneTemplateService.OnNewSceneCreated                                 :        3 samples, Peak.   232 us (3.0x), Avg.  78.4 us, Total. 235.1 us (0.0%)
[Performance] EditorSceneManager.newSceneCreated: UnityEditor.SceneVisibilityManager.EditorSceneManagerOnNewSceneCreated                           :        3 samples, Peak.   191 us (2.8x), Avg.  69.1 us, Total. 207.2 us (0.0%)
[Performance] EditorSceneManager.newSceneCreated: UnityEditor.SceneManagement.StageNavigationManager.OnNewSceneCreated                             :        3 samples, Peak.  67.0 us (2.8x), Avg.  23.5 us, Total. 70.58 us (0.0%)
[Performance] Application.InvokeFinishedLoadingProject                                                                                             :        1 samples, Peak.  50.9 ms (1.0x), Avg.  50.9 ms, Total. 50.88 ms (0.1%)
[Performance] ProcessService.OnProjectLoaded                                                                                                       :        1 samples, Peak.   134 us (1.0x), Avg.   134 us, Total. 133.9 us (0.0%)
[Performance] Application.InvokeProjectWasLoaded                                                                                                   :        1 samples, Peak.  75.2 us (1.0x), Avg.  75.2 us, Total. 75.21 us (0.0%)
[Performance] Application.Tick                                                                                                                     :       44 samples, Peak.   490 ms (13.7x), Avg.  35.9 ms, Total. 1.579 s (3.4%)
[Performance] CheckLicensingClient                                                                                                                 :        1 samples, Peak.   158 us (1.0x), Avg.   158 us, Total. 158.3 us (0.0%)
[Performance] CheckLicensingClientNotification                                                                                                     :        1 samples, Peak.   203 us (1.0x), Avg.   203 us, Total. 203.5 us (0.0%)
[Performance] Application.TickVersionControl                                                                                                       :       45 samples, Peak.  3.42 us (3.5x), Avg.   975 ns, Total. 43.88 us (0.0%)
[Performance] MonoCompiler.Tick                                                                                                                    :        5 samples, Peak.  3.23 ms (4.9x), Avg.   656 us, Total. 3.279 ms (0.0%)
[Performance] UnityConnect.Tick                                                                                                                    :       10 samples, Peak.  83.7 ms (9.9x), Avg.  8.46 ms, Total. 84.56 ms (0.2%)
[Performance] Collab.Tick                                                                                                                          :       10 samples, Peak.  15.1 us (5.4x), Avg.  2.79 us, Total. 27.87 us (0.0%)
[Performance] CurlRequest.Tick                                                                                                                     :        7 samples, Peak.  2.31 ms (6.3x), Avg.   369 us, Total. 2.580 ms (0.0%)
[Performance] WebSocketClient.Tick                                                                                                                 :        7 samples, Peak.   213 us (6.9x), Avg.  31.1 us, Total. 217.6 us (0.0%)
[Performance] AssetDatabase.Tick                                                                                                                   :        7 samples, Peak.  82.2 us (6.8x), Avg.  12.2 us, Total. 85.29 us (0.0%)
[Performance] SceneBackgroundTask.Tick                                                                                                             :        6 samples, Peak.   625 ns (2.1x), Avg.   298 ns, Total. 1.790 us (0.0%)
[Performance] Scheduler.Tick                                                                                                                       :       22 samples, Peak.  9.53 ms (21.7x), Avg.   438 us, Total. 9.647 ms (0.0%)
[Performance] RepaintAllProfilerWindows                                                                                                            :        3 samples, Peak.  2.78 ms (3.0x), Avg.   938 us, Total. 2.813 ms (0.0%)
[Performance] PlayerUpdates.Tick                                                                                                                   :       10 samples, Peak.  17.6 us (1.7x), Avg.  10.2 us, Total. 102.5 us (0.0%)
[Performance] Application.TickGlobalCallbacks                                                                                                      :       45 samples, Peak.   457 ms (32.0x), Avg.  14.3 ms, Total. 643.7 ms (1.4%)
[Performance] CoreBusinessMetrics.Tick                                                                                                             :        1 samples, Peak.  47.5 us (1.0x), Avg.  47.5 us, Total. 47.54 us (0.0%)
[Performance] EditorAnalytics.Tick                                                                                                                 :        5 samples, Peak.   131 us (5.0x), Avg.  26.3 us, Total. 131.6 us (0.0%)
[Performance] GI.Tick                                                                                                                              :       10 samples, Peak.   457 ms (9.8x), Avg.  46.6 ms, Total. 465.8 ms (1.0%)
[Performance] Video.Update                                                                                                                         :       45 samples, Peak.  1.29 us (5.6x), Avg.   231 ns, Total. 10.37 us (0.0%)
[Performance] UnitySynchronization.ExecuteTasks                                                                                                    :        9 samples, Peak.  4.17 us (1.5x), Avg.  2.78 us, Total. 25.00 us (0.0%)
[Performance] Application.TickPreloadManager                                                                                                       :       45 samples, Peak.   256 us (32.3x), Avg.  7.93 us, Total. 356.7 us (0.0%)
[Performance] Application.TickProgress                                                                                                             :       45 samples, Peak.  2.95 ms (41.4x), Avg.  71.2 us, Total. 3.205 ms (0.0%)
[Performance] Application.TickSceneTracker                                                                                                         :       44 samples, Peak.   167 ms (11.0x), Avg.  15.1 ms, Total. 665.6 ms (1.4%)
[Performance] EditorApplication.update                                                                                                             :       44 samples, Peak.   167 ms (11.0x), Avg.  15.1 ms, Total. 665.3 ms (1.4%)
[Performance] EditorApplication.update: UnityEngine.Rendering.ProbeSubdivisionContext+RealtimeProbeSubdivisionDebug.UpdateRealtimeSubdivisionDebug :       45 samples, Peak.  2.81 ms (44.2x), Avg.  63.6 us, Total. 2.863 ms (0.0%)
[Performance] EditorApplication.update: UnityEditor.TestTools.TestRunner.CommandLineTest.TestStarter.UpdateWatch                                   :        1 samples, Peak.  43.3 ms (1.0x), Avg.  43.3 ms, Total. 43.27 ms (0.1%)
[Performance] EditorApplication.update: callback in UnityEditor.Rendering.Universal.MaterialReimporter                                             :       45 samples, Peak.  1.85 ms (43.2x), Avg.  42.9 us, Total. 1.929 ms (0.0%)
[Performance] EditorApplication.update: UnityEditor.PackageManager.UI.Internal.ApplicationProxy.OnUpdate                                           :       45 samples, Peak.   807 us (41.9x), Avg.  19.3 us, Total. 866.3 us (0.0%)
[Performance] EditorApplication.update: UnityEditor.SceneManagement.StageNavigationManager.Update                                                  :       45 samples, Peak.   357 us (42.1x), Avg.  8.48 us, Total. 381.8 us (0.0%)
[Performance] EditorApplication.update: GLTFast.OnScriptsReloadHandler.Progress                                                                    :        1 samples, Peak.  2.67 ms (1.0x), Avg.  2.67 ms, Total. 2.670 ms (0.0%)
[Performance] ConsoleLog.Tick                                                                                                                      :        5 samples, Peak.   644 us (3.0x), Avg.   216 us, Total. 1.078 ms (0.0%)
[Performance] HierarchyWindow.Tick                                                                                                                 :        6 samples, Peak.   838 us (4.1x), Avg.   204 us, Total. 1.226 ms (0.0%)
[Performance] EditorApplication.hierarchyChanged: Unity.UIElements.Editor.UIDocumentHierarchyWatcher.OnHierarchyChanged                            :        3 samples, Peak.   353 us (2.6x), Avg.   137 us, Total. 412.4 us (0.0%)
[Performance] Inspector.Tick                                                                                                                       :        6 samples, Peak.   153 ms (6.0x), Avg.  25.6 ms, Total. 153.3 ms (0.3%)
[Performance] EditorApplication.delayCall: UnityEditor.ShortcutManagement.ShortcutIntegration.EnsureShortcutsAreInitialized                        :        1 samples, Peak.  33.0 ms (1.0x), Avg.  33.0 ms, Total. 33.02 ms (0.1%)
[Performance] EditorApplication.delayCall: callback in UnityEditor.Rendering.Universal.RendererDataPatcher                                         :        1 samples, Peak.   118 ms (1.0x), Avg.   118 ms, Total. 118.4 ms (0.3%)
[Performance] EditorApplication.delayCall: callback in UnityEditor.SceneVisibilityManager                                                          :        1 samples, Peak.  1.50 ms (1.0x), Avg.  1.50 ms, Total. 1.499 ms (0.0%)
[Performance] EditorApplication.delayCall: callback in UnityEditor.EditorTools.ToolShortcutContext                                                 :        1 samples, Peak.   144 us (1.0x), Avg.   144 us, Total. 143.7 us (0.0%)
[Performance] EditorApplication.delayCall: callback in UnityEditor.EditorWindow                                                                    :        1 samples, Peak.  53.3 us (1.0x), Avg.  53.3 us, Total. 53.33 us (0.0%)
[Performance] Tooltip.Tick                                                                                                                         :        9 samples, Peak.   365 us (5.6x), Avg.  65.7 us, Total. 591.1 us (0.0%)
[Performance] Application.RequestRepaintForPanels                                                                                                  :       44 samples, Peak.   347 us (34.8x), Avg.  9.96 us, Total. 438.4 us (0.0%)
[Performance] Application.UpdateScene                                                                                                              :       44 samples, Peak.   298 us (4.7x), Avg.  63.8 us, Total. 2.808 ms (0.0%)
[Performance] Application.UpdateTextureStreaming                                                                                                   :       44 samples, Peak.   500 ns (3.4x), Avg.   146 ns, Total. 6.417 us (0.0%)
[Performance] Application.UpdateVideoTextures                                                                                                      :       44 samples, Peak.  4.21 us (21.2x), Avg.   199 ns, Total. 8.748 us (0.0%)
[Performance] PackageImporter.Tick                                                                                                                 :        4 samples, Peak.   708 ns (1.7x), Avg.   417 ns, Total. 1.666 us (0.0%)
[Performance] InspectorBackground.Tick                                                                                                             :        5 samples, Peak.  1.50 us (2.5x), Avg.   608 ns, Total. 3.042 us (0.0%)
[Performance] BurstDebug.Tick                                                                                                                      :        3 samples, Peak.  6.62 us (1.5x), Avg.  4.54 us, Total. 13.63 us (0.0%)
[Performance] Application.ChangeLayoutIfNeeded                                                                                                     :       44 samples, Peak.   292 ns (6.9x), Avg.  42.6 ns, Total. 1.874 us (0.0%)
[Performance] AsyncReadManager.ForceCloseFiles                                                                                                     :        2 samples, Peak.  8.87 us (1.8x), Avg.  4.83 us, Total. 9.666 us (0.0%)
[Performance] Application.Message                                                                                                                  :       44 samples, Peak.   541 ns (3.2x), Avg.   171 ns, Total. 7.541 us (0.0%)
[Performance] EditorApplication.update: UnityEditor.TestTools.TestRunner.TestRun.TestJobRunner.ExecuteStep                                         :       44 samples, Peak.   167 ms (18.2x), Avg.  9.17 ms, Total. 403.6 ms (0.9%)
[Performance] GUIView.RepaintAll.RepaintScene                                                                                                      :       29 samples, Peak.  2.17 us (4.5x), Avg.   486 ns, Total. 14.08 us (0.0%)
[Performance] Application.Idle                                                                                                                     :       21 samples, Peak.  3.39 ms (1.1x), Avg.  3.00 ms, Total. 63.08 ms (0.1%)
[Performance] EditorApplication.update: UnityEditor.Rendering.Universal.SceneViewDrawMode.UpdateSceneViewStates                                    :       39 samples, Peak.   723 us (36.1x), Avg.  20.0 us, Total. 781.2 us (0.0%)
[Performance] EditorApplication.update: UnityEditor.TestTools.TestRunner.EditModeRunnerCallback.DisplayProgressBar                                 :       26 samples, Peak.   522 us (18.3x), Avg.  28.5 us, Total. 740.7 us (0.0%)
[Performance] EditorApplication.update: UnityEditor.TestTools.TestRunner.EditModeRunner.TestConsumer                                               :       25 samples, Peak.  91.0 ms (11.1x), Avg.  8.19 ms, Total. 204.8 ms (0.4%)
[Performance] SceneDataContainer.TransformHierarchyChangedSetParentCallback                                                                        :        3 samples, Peak.  22.3 us (2.8x), Avg.  7.89 us, Total. 23.67 us (0.0%)
[Performance] SceneVisibilityState.IsFlagSetInParents                                                                                              :        3 samples, Peak.  1.12 us (1.5x), Avg.   736 ns, Total. 2.208 us (0.0%)
[Performance] Application.Shutdown.CollabTerminate                                                                                                 :        1 samples, Peak.   380 us (1.0x), Avg.   380 us, Total. 380.0 us (0.0%)
[Performance] Application.Shutdown.CollabCleanup                                                                                                   :        1 samples, Peak.   790 us (1.0x), Avg.   790 us, Total. 789.8 us (0.0%)
[Performance] Application.Shutdown.SaveDefaultWindowPreferences                                                                                    :        1 samples, Peak.   147 us (1.0x), Avg.   147 us, Total. 147.5 us (0.0%)
[Performance] Application.Shutdown.SaveSceneManagerSetup                                                                                           :        1 samples, Peak.   414 us (1.0x), Avg.   414 us, Total. 413.6 us (0.0%)
[Performance] Application.Shutdown.CleanupAllContainerWindows                                                                                      :        1 samples, Peak.  1.50 us (1.0x), Avg.  1.50 us, Total. 1.500 us (0.0%)
[Performance] EditorApplication.quitting: UnityEditor.Search.SearchMonitor.OnQuitting                                                              :        1 samples, Peak.   557 us (1.0x), Avg.   557 us, Total. 556.9 us (0.0%)
[Performance] EditorApplication.quitting: Unity.Burst.Editor.BurstLoader.OnEditorApplicationQuitting                                               :        1 samples, Peak.  13.0 us (1.0x), Avg.  13.0 us, Total. 12.96 us (0.0%)
[Performance] EditorApplication.quitting: callback in UnityEditor.TextCore.Text.EditorEventCallbacks                                               :        1 samples, Peak.  10.5 ms (1.0x), Avg.  10.5 ms, Total. 10.47 ms (0.0%)
[Performance] Application.Shutdown.PauseProfilerSession                                                                                            :        1 samples, Peak.  20.5 us (1.0x), Avg.  20.5 us, Total. 20.54 us (0.0%)
[Performance] Application.Shutdown.PauseAssetImportWorkers                                                                                         :        1 samples, Peak.  1.27 ms (1.0x), Avg.  1.27 ms, Total. 1.270 ms (0.0%)
[Performance] Application.Shutdown.SaveAssets                                                                                                      :        1 samples, Peak.  12.7 ms (1.0x), Avg.  12.7 ms, Total. 12.70 ms (0.0%)
[Performance] BuilderAssetModificationProcessor.OnWillSaveAssets                                                                                   :        1 samples, Peak.   315 us (1.0x), Avg.   315 us, Total. 315.3 us (0.0%)
[Performance] TerrainModificationProcessor.OnWillSaveAssets                                                                                        :        1 samples, Peak.   468 us (1.0x), Avg.   468 us, Total. 468.1 us (0.0%)
[Performance] Application.Shutdown.CleanupRenderPipeline                                                                                           :        1 samples, Peak.  4.44 ms (1.0x), Avg.  4.44 ms, Total. 4.441 ms (0.0%)
[Performance] Application.Shutdown.StopPreloadManager                                                                                              :        1 samples, Peak.  11.0 ms (1.0x), Avg.  11.0 ms, Total. 10.97 ms (0.0%)
[Performance] Application.Shutdown.DestroyWorld                                                                                                    :        1 samples, Peak.   327 us (1.0x), Avg.   327 us, Total. 326.8 us (0.0%)
[Performance] Application.Shutdown.CleanupAfterLoad                                                                                                :        1 samples, Peak.   325 ms (1.0x), Avg.   325 ms, Total. 325.0 ms (0.7%)
[Performance] Application.Shutdown.Progress                                                                                                        :        1 samples, Peak.  30.5 us (1.0x), Avg.  30.5 us, Total. 30.46 us (0.0%)
[Performance] Application.Shutdown.GICleanupManagers                                                                                               :        1 samples, Peak.  14.8 ms (1.0x), Avg.  14.8 ms, Total. 14.82 ms (0.0%)
[Performance] Application.Shutdown.MenuCleanupClass                                                                                                :        1 samples, Peak.   275 us (1.0x), Avg.   275 us, Total. 274.6 us (0.0%)
[Performance] Application.Shutdown.ADBSaveStateBeforeShutdown                                                                                      :        1 samples, Peak.  54.5 us (1.0x), Avg.  54.5 us, Total. 54.50 us (0.0%)
[Performance] Application.Shutdown.RemoteShutdown                                                                                                  :        1 samples, Peak.   667 ns (1.0x), Avg.   667 ns, Total. 667.0 ns (0.0%)
[Performance] Application.Shutdown.CleanupVCProvider                                                                                               :        1 samples, Peak.   187 us (1.0x), Avg.   187 us, Total. 187.4 us (0.0%)
[Performance] Application.Shutdown.InputShutdown                                                                                                   :        1 samples, Peak.   375 us (1.0x), Avg.   375 us, Total. 374.9 us (0.0%)
[Performance] Application.Shutdown.GizmoManagerDestroy                                                                                             :        1 samples, Peak.   814 us (1.0x), Avg.   814 us, Total. 814.1 us (0.0%)
[Performance] Application.Shutdown.ProfilerSession                                                                                                 :        1 samples, Peak.  1.56 ms (1.0x), Avg.  1.56 ms, Total. 1.561 ms (0.0%)
[Performance] Application.Shutdown.ReleaseGfxWindowOnAllGUIViews                                                                                   :        1 samples, Peak.   875 ns (1.0x), Avg.   875 ns, Total. 875.0 ns (0.0%)
[Performance] Application.Shutdown.CleanupEngine                                                                                                   :        1 samples, Peak.   308 ms (1.0x), Avg.   308 ms, Total. 308.1 ms (0.7%)
[Performance] Application.Shutdown.CleanupAssetDatabase                                                                                            :        1 samples, Peak.  13.6 ms (1.0x), Avg.  13.6 ms, Total. 13.56 ms (0.0%)
[Performance] Application.Shutdown.ScriptCompilationCleanUp                                                                                        :        1 samples, Peak.  19.2 us (1.0x), Avg.  19.2 us, Total. 19.21 us (0.0%)
[Performance] Application.Shutdown.DestroyJobSystem                                                                                                :        1 samples, Peak.  88.5 us (1.0x), Avg.  88.5 us, Total. 88.50 us (0.0%)
[Performance] Application.Shutdown.CleanupPersistentManager                                                                                        :        1 samples, Peak.  3.21 ms (1.0x), Avg.  3.21 ms, Total. 3.209 ms (0.0%)
[Performance] Application.Shutdown.CleanupAsyncReadManager                                                                                         :        1 samples, Peak.   558 us (1.0x), Avg.   558 us, Total. 558.1 us (0.0%)
[Performance] Application.Shutdown.CleanupMono                                                                                                     :        1 samples, Peak.   340 ms (1.0x), Avg.   340 ms, Total. 340.4 ms (0.7%)
[Performance] Application.Shutdown.CleanupStdConverters                                                                                            :        1 samples, Peak.  11.3 us (1.0x), Avg.  11.3 us, Total. 11.33 us (0.0%)
[Performance] Application.Shutdown.UnloadAllPlatformSupportModuleNativeDlls                                                                        :        1 samples, Peak.  1.63 us (1.0x), Avg.  1.63 us, Total. 1.625 us (0.0%)
[Performance] Application.Shutdown.UnloadAllPlatformSupportNativeLibraries                                                                         :        1 samples, Peak.   208 ns (1.0x), Avg.   208 ns, Total. 208.0 ns (0.0%)
[Performance] Application.Shutdown.CleanupAutoDocumentation                                                                                        :        1 samples, Peak.  1.61 ms (1.0x), Avg.  1.61 ms, Total. 1.613 ms (0.0%)
[Performance] Application.Shutdown.ShaderNameManagerDestroy                                                                                        :        1 samples, Peak.  82.0 us (1.0x), Avg.  82.0 us, Total. 82.04 us (0.0%)
[Performance] Application.Shutdown.CleanupCacheServer                                                                                              :        1 samples, Peak.   167 ns (1.0x), Avg.   167 ns, Total. 167.0 ns (0.0%)
[Performance] Application.Shutdown.Virtualization_Shutdown                                                                                         :        1 samples, Peak.   175 us (1.0x), Avg.   175 us, Total. 175.0 us (0.0%)
[Performance] Application.Shutdown.DevConnections                                                                                                  :        1 samples, Peak.   214 us (1.0x), Avg.   214 us, Total. 214.4 us (0.0%)
[Package Manager] Server::Kill -- Server was shutdown
Checking for leaked weakptr:
  Found no leaked weakptrs.
Memory Statistics:
[ALLOC_TEMP_TLS] TLS Allocator
  StackAllocators : 
    [ALLOC_TEMP_CurlRequest]
      Initial Block Size 64.0 KB
      Current Block Size 64.0 KB
      Peak Allocated Bytes 0 B
      Overflow Count 0
    [ALLOC_TEMP_MAIN]
      Peak usage frame count: [4.0 KB-8.0 KB]: 10 frames, [16.0 KB-32.0 KB]: 2 frames, [256.0 KB-0.5 MB]: 1 frames, [2.0 MB-4.0 MB]: 1 frames, [8.0 MB-16.0 MB]: 1 frames
      Initial Block Size 16.0 MB
      Current Block Size 16.0 MB
      Peak Allocated Bytes 10.6 MB
      Overflow Count 0
    [ALLOC_TEMP_Background Job.worker 6]
      Initial Block Size 32.0 KB
      Current Block Size 32.0 KB
      Peak Allocated Bytes 0 B
      Overflow Count 0
    [ALLOC_TEMP_Background Job.worker 15]
      Initial Block Size 32.0 KB
      Current Block Size 32.0 KB
      Peak Allocated Bytes 0 B
      Overflow Count 0
    [ALLOC_TEMP_BakingJobs.worker 0]
      Initial Block Size 256.0 KB
      Current Block Size 256.0 KB
      Peak Allocated Bytes 0 B
      Overflow Count 0
    [ALLOC_TEMP_AssetDatabase.FileHasherReader] x 4
      Initial Block Size 64.0 KB
      Current Block Size 64.0 KB
      Peak Allocated Bytes 31 B
      Overflow Count 0
    [ALLOC_TEMP_BakingJobs.worker 1]
      Initial Block Size 256.0 KB
      Current Block Size 1.0 MB
      Peak Allocated Bytes 1.0 MB
      Overflow Count 2
    [ALLOC_TEMP_BatchDeleteObjects]
      Initial Block Size 64.0 KB
      Current Block Size 64.0 KB
      Peak Allocated Bytes 0 B
      Overflow Count 0
    [ALLOC_TEMP_CoreBusinessMetricsCache]
      Initial Block Size 64.0 KB
      Current Block Size 64.0 KB
      Peak Allocated Bytes 7.9 KB
      Overflow Count 0
    [ALLOC_TEMP_REST Message Handler]
      Initial Block Size 64.0 KB
      Current Block Size 64.0 KB
      Peak Allocated Bytes 0 B
      Overflow Count 0
    [ALLOC_TEMP_Job.worker 4]
      Initial Block Size 256.0 KB
      Current Block Size 256.0 KB
      Peak Allocated Bytes 15.1 KB
      Overflow Count 0
    [ALLOC_TEMP_Background Job.worker 1]
      Initial Block Size 32.0 KB
      Current Block Size 208.0 KB
      Peak Allocated Bytes 121.6 KB
      Overflow Count 0
    [ALLOC_TEMP_AssetDatabase.IOService]
      Initial Block Size 64.0 KB
      Current Block Size 64.0 KB
      Peak Allocated Bytes 0 B
      Overflow Count 0
    [ALLOC_TEMP_Loading.PreloadManager]
      Initial Block Size 32.0 MB
      Current Block Size 32.0 MB
      Peak Allocated Bytes 0 B
      Overflow Count 0
    [ALLOC_TEMP_Background Job.worker 4]
      Initial Block Size 32.0 KB
      Current Block Size 32.0 KB
      Peak Allocated Bytes 0 B
      Overflow Count 0
    [ALLOC_TEMP_Background Job.worker 7]
      Initial Block Size 32.0 KB
      Current Block Size 32.0 KB
      Peak Allocated Bytes 0 B
      Overflow Count 0
    [ALLOC_TEMP_Background Job.worker 10]
      Initial Block Size 32.0 KB
      Current Block Size 32.0 KB
      Peak Allocated Bytes 0 B
      Overflow Count 0
    [ALLOC_TEMP_Background Job.worker 12]
      Initial Block Size 32.0 KB
      Current Block Size 32.0 KB
      Peak Allocated Bytes 0 B
      Overflow Count 0
    [ALLOC_TEMP_Background Job.worker 13]
      Initial Block Size 32.0 KB
      Current Block Size 32.0 KB
      Peak Allocated Bytes 0 B
      Overflow Count 0
    [ALLOC_TEMP_CurlRequest]
      Initial Block Size 64.0 KB
      Current Block Size 64.0 KB
      Peak Allocated Bytes 0 B
      Overflow Count 0
    [ALLOC_TEMP_BakingJobs.worker 4]
      Initial Block Size 256.0 KB
      Current Block Size 256.0 KB
      Peak Allocated Bytes 0 B
      Overflow Count 0
    [ALLOC_TEMP_Profiler.Dispatcher]
      Initial Block Size 64.0 KB
      Current Block Size 64.0 KB
      Peak Allocated Bytes 0 B
      Overflow Count 0
    [ALLOC_TEMP_Background Job.worker 14]
      Initial Block Size 32.0 KB
      Current Block Size 32.0 KB
      Peak Allocated Bytes 0 B
      Overflow Count 0
    [ALLOC_TEMP_Background Job.worker 9]
      Initial Block Size 32.0 KB
      Current Block Size 32.0 KB
      Peak Allocated Bytes 0 B
      Overflow Count 0
    [ALLOC_TEMP_Job.worker 3]
      Initial Block Size 256.0 KB
      Current Block Size 1.9 MB
      Peak Allocated Bytes 1.9 MB
      Overflow Count 0
    [ALLOC_TEMP_Job.worker 2]
      Initial Block Size 256.0 KB
      Current Block Size 256.0 KB
      Peak Allocated Bytes 23.7 KB
      Overflow Count 1
    [ALLOC_TEMP_Loading.AsyncRead]
      Initial Block Size 64.0 KB
      Current Block Size 64.0 KB
      Peak Allocated Bytes 128 B
      Overflow Count 0
    [ALLOC_TEMP_Background Job.worker 3]
      Initial Block Size 32.0 KB
      Current Block Size 32.0 KB
      Peak Allocated Bytes 0 B
      Overflow Count 0
    [ALLOC_TEMP_Background Job.worker 2]
      Initial Block Size 32.0 KB
      Current Block Size 32.0 KB
      Peak Allocated Bytes 65 B
      Overflow Count 0
    [ALLOC_TEMP_Background Job.worker 8]
      Initial Block Size 32.0 KB
      Current Block Size 32.0 KB
      Peak Allocated Bytes 0 B
      Overflow Count 0
    [ALLOC_TEMP_OSX HID Input]
      Initial Block Size 64.0 KB
      Current Block Size 64.0 KB
      Peak Allocated Bytes 0 B
      Overflow Count 0
    [ALLOC_TEMP_BakingJobs.worker 6]
      Initial Block Size 256.0 KB
      Current Block Size 256.0 KB
      Peak Allocated Bytes 0 B
      Overflow Count 0
    [ALLOC_TEMP_BakingJobs.worker 7]
      Initial Block Size 256.0 KB
      Current Block Size 256.0 KB
      Peak Allocated Bytes 0 B
      Overflow Count 0
    [ALLOC_TEMP_Job.worker 6]
      Initial Block Size 256.0 KB
      Current Block Size 256.0 KB
      Peak Allocated Bytes 15.8 KB
      Overflow Count 1
    [ALLOC_TEMP_Background Job.worker 0]
      Initial Block Size 32.0 KB
      Current Block Size 32.0 KB
      Peak Allocated Bytes 0 B
      Overflow Count 0
    [ALLOC_TEMP_AUDIO_FMOD stream thread]
      Initial Block Size 64.0 KB
      Current Block Size 64.0 KB
      Peak Allocated Bytes 0 B
      Overflow Count 0
    [ALLOC_TEMP_AssetDatabase.FileHasherHasher] x 4
      Initial Block Size 64.0 KB
      Current Block Size 64.0 KB
      Peak Allocated Bytes 31 B
      Overflow Count 0
    [ALLOC_TEMP_BakingJobs.worker 3]
      Initial Block Size 256.0 KB
      Current Block Size 256.0 KB
      Peak Allocated Bytes 0 B
      Overflow Count 0
    [ALLOC_TEMP_Job.worker 1]
      Initial Block Size 256.0 KB
      Current Block Size 1.9 MB
      Peak Allocated Bytes 1.9 MB
      Overflow Count 0
    [ALLOC_TEMP_Background Job.worker 5]
      Initial Block Size 32.0 KB
      Current Block Size 32.0 KB
      Peak Allocated Bytes 0 B
      Overflow Count 0
    [ALLOC_TEMP_BakingJobs.worker 2]
      Initial Block Size 256.0 KB
      Current Block Size 256.0 KB
      Peak Allocated Bytes 0 B
      Overflow Count 0
    [ALLOC_TEMP_Background Job.worker 11]
      Initial Block Size 32.0 KB
      Current Block Size 32.0 KB
      Peak Allocated Bytes 0 B
      Overflow Count 0
    [ALLOC_TEMP_EditorTaskManager]
      Initial Block Size 64.0 KB
      Current Block Size 80.0 KB
      Peak Allocated Bytes 64.0 KB
      Overflow Count 0
    [ALLOC_TEMP_Job.worker 5]
      Initial Block Size 256.0 KB
      Current Block Size 256.0 KB
      Peak Allocated Bytes 16.1 KB
      Overflow Count 1
    [ALLOC_TEMP_HTTP REST Server]
      Initial Block Size 64.0 KB
      Current Block Size 64.0 KB
      Peak Allocated Bytes 70 B
      Overflow Count 0
    [ALLOC_TEMP_AssetGarbageCollectorHelper] x 7
      Initial Block Size 64.0 KB
      Current Block Size 64.0 KB
      Peak Allocated Bytes 0 B
      Overflow Count 0
    [ALLOC_TEMP_AUDIO_Audio Mixer Thread]
      Initial Block Size 64.0 KB
      Current Block Size 64.0 KB
      Peak Allocated Bytes 0 B
      Overflow Count 0
    [ALLOC_TEMP_BakingJobs.worker 5]
      Initial Block Size 256.0 KB
      Current Block Size 256.0 KB
      Peak Allocated Bytes 0 B
      Overflow Count 0
    [ALLOC_TEMP_Job.worker 0]
      Initial Block Size 256.0 KB
      Current Block Size 1.9 MB
      Peak Allocated Bytes 1.9 MB
      Overflow Count 0
[ALLOC_MEMORYPROFILER]
  Peak usage frame count: [128.0 KB-256.0 KB]: 14 frames, [256.0 KB-0.5 MB]: 1 frames
  Requested Block Size 1.0 MB
  Peak Block count 1
  Peak Allocated memory 448.1 KB
  Peak Large allocation bytes 0 B
[ALLOC_DEFAULT] Dual Thread Allocator
  Peak main deferred allocation count 88
    [ALLOC_BUCKET]
      Large Block size 32.0 MB
      Used Block count 1
      Peak Allocated bytes 7.4 MB
    [ALLOC_DEFAULT_MAIN]
      Peak usage frame count: [64.0 MB-128.0 MB]: 15 frames
      Requested Block Size 16.0 MB
      Peak Block count 6
      Peak Allocated memory 88.1 MB
      Peak Large allocation bytes 0 B
    [ALLOC_DEFAULT_THREAD]
      Peak usage frame count: [1.0 MB-2.0 MB]: 14 frames, [32.0 MB-64.0 MB]: 1 frames
      Requested Block Size 16.0 MB
      Peak Block count 1
      Peak Allocated memory 42.4 MB
      Peak Large allocation bytes 28.1 MB
[ALLOC_TEMP_JOB_1_FRAME]
  Initial Block Size 2.0 MB
  Used Block Count 0
  Overflow Count (too large) 0
  Overflow Count (full) 0
[ALLOC_TEMP_JOB_2_FRAMES]
  Initial Block Size 2.0 MB
  Used Block Count 0
  Overflow Count (too large) 0
  Overflow Count (full) 0
[ALLOC_TEMP_JOB_4_FRAMES (JobTemp)]
  Initial Block Size 2.0 MB
  Used Block Count 1
  Overflow Count (too large) 0
  Overflow Count (full) 0
[ALLOC_TEMP_JOB_ASYNC (Background)]
  Initial Block Size 1.0 MB
  Used Block Count 1
  Overflow Count (too large) 3
  Overflow Count (full) 0
[ALLOC_GFX] Dual Thread Allocator
  Peak main deferred allocation count 0
    [ALLOC_BUCKET]
      Large Block size 32.0 MB
      Used Block count 1
      Peak Allocated bytes 7.4 MB
    [ALLOC_GFX_MAIN]
      Peak usage frame count: [4.0 MB-8.0 MB]: 15 frames
      Requested Block Size 16.0 MB
      Peak Block count 1
      Peak Allocated memory 5.9 MB
      Peak Large allocation bytes 0 B
    [ALLOC_GFX_THREAD]
      Peak usage frame count: [0-1.0 KB]: 1 frames, [1.0 KB-2.0 KB]: 1 frames, [128.0 KB-256.0 KB]: 8 frames, [256.0 KB-0.5 MB]: 5 frames
      Requested Block Size 16.0 MB
      Peak Block count 1
      Peak Allocated memory 265.1 KB
      Peak Large allocation bytes 0 B
[ALLOC_CACHEOBJECTS] Dual Thread Allocator
  Peak main deferred allocation count 170
    [ALLOC_BUCKET]
      Large Block size 32.0 MB
      Used Block count 1
      Peak Allocated bytes 7.4 MB
    [ALLOC_CACHEOBJECTS_MAIN]
      Peak usage frame count: [16.0 MB-32.0 MB]: 14 frames, [32.0 MB-64.0 MB]: 1 frames
      Requested Block Size 4.0 MB
      Peak Block count 10
      Peak Allocated memory 32.8 MB
      Peak Large allocation bytes 10.7 MB
    [ALLOC_CACHEOBJECTS_THREAD]
      Peak usage frame count: [0-1.0 KB]: 1 frames, [1.0 KB-2.0 KB]: 2 frames, [128.0 KB-256.0 KB]: 12 frames
      Requested Block Size 4.0 MB
      Peak Block count 1
      Peak Allocated memory 139.3 KB
      Peak Large allocation bytes 0 B
[ALLOC_TYPETREE] Dual Thread Allocator
  Peak main deferred allocation count 524
    [ALLOC_BUCKET]
      Large Block size 32.0 MB
      Used Block count 1
      Peak Allocated bytes 7.4 MB
    [ALLOC_TYPETREE_MAIN]
      Peak usage frame count: [1.0 MB-2.0 MB]: 14 frames, [8.0 MB-16.0 MB]: 1 frames
      Requested Block Size 2.0 MB
      Peak Block count 7
      Peak Allocated memory 12.2 MB
      Peak Large allocation bytes 0 B
    [ALLOC_TYPETREE_THREAD]
      Peak usage frame count: [0-1.0 KB]: 2 frames, [4.0 KB-8.0 KB]: 1 frames, [8.0 KB-16.0 KB]: 12 frames
      Requested Block Size 2.0 MB
      Peak Block count 1
      Peak Allocated memory 12.0 KB
      Peak Large allocation bytes 0 B
[ALLOC_PROFILER]
  Peak usage frame count: [256.0 KB-0.5 MB]: 1 frames, [0.5 MB-1.0 MB]: 14 frames
  Requested Block Size 16.0 MB
  Peak Block count 1
  Peak Allocated memory 0.5 MB
  Peak Large allocation bytes 0 B
    [ALLOC_PROFILER_BUCKET]
      Large Block size 32.0 MB
      Used Block count 1
      Peak Allocated bytes 11.2 KB
[ALLOC_PROFILER_EDITOR]
  Peak usage frame count: [0-1.0 KB]: 15 frames
  Requested Block Size 1.0 MB
  Peak Block count 0
  Peak Allocated memory 0 B
  Peak Large allocation bytes 0 B
    [ALLOC_PROFILER_BUCKET]
      Large Block size 32.0 MB
      Used Block count 1
      Peak Allocated bytes 11.2 KB
##utp:{"type":"MemoryLeaks","version":2,"phase":"Immediate","time":1778064573367,"processId":75167,"allocatedMemory":17484425,"memoryLabels":[{"Default":11375},{"Permanent":15536},{"Thread":1083508},{"Manager":29621},{"VertexData":12},{"Geometry":280},{"Texture":168},{"Shader":67451},{"Material":24},{"GfxDevice":38144},{"Animation":304},{"Audio":3904},{"FontEngine":288},{"Physics":561},{"Serialization":612},{"Input":9024},{"JobScheduler":232},{"Mono":40},{"ScriptingNativeRuntime":7924888},{"BaseObject":1618916},{"Resource":912},{"Renderer":2272},{"Transform":24},{"File":732},{"WebCam":40},{"Culling":40},{"Terrain":1025},{"Wind":24},{"String":13912},{"DynamicArray":132649},{"HashMap":80065},{"Utility":289286},{"Curl":1056},{"PoolAlloc":1464},{"AI":40},{"TypeTree":4533},{"ScriptManager":528},{"RuntimeInitializeOnLoadManager":72},{"SpriteAtlas":112},{"GI":3896},{"Director":7880},{"WebRequest":816},{"VR":45641},{"SceneManager":616},{"Video":2120},{"LazyScriptCache":32},{"NativeArray":12},{"Camera":25},{"Secure":9817},{"SerializationCache":1576},{"APIUpdating":11856},{"Subsystems":384},{"VirtualTexturing":57512},{"StaticSafetyDebugInfo":327680},{"Baselib":16},{"EditorGui":80},{"EditorUtility":6207},{"VersionControl":4},{"Undo":720},{"AssetDatabase":5626345},{"RestService":1310},{"EditorGi":376},{"License":3616},{"UnityConnect":25512},{"Collab":785},{"Upm":1600},{"DrivenProperties":80},{"LocalIPC":222},{"ProfilerEditor":10967},{"CoreBusinessMetrics":2984},{"AssetReference":32},{"IPCStream":32}]}
