HIERARCHY
ROOT Root
{
  OFFSET 0.0 0.0 0.0
  CHANNELS 6 Xposition Yposition Zposition Zrotation Yrotation Xrotation
  JOINT Hips
  {
    OFFSET 0.0 100.0 0.0
    CHANNELS 6 Xposition Yposition Zposition Zrotation Yrotation Xrotation
    JOINT Spine1
    {
      OFFSET 5.003913 -0.037094 -0.013727
      CHANNELS 3 Zrotation Yrotation Xrotation
      JOINT Spine2
      {
        OFFSET 7.125363 -1e-06 0.0
        CHANNELS 3 Zrotation Yrotation Xrotation
        JOINT Chest
        {
          OFFSET 7.594027 1e-06 0.0
          CHANNELS 3 Zrotation Yrotation Xrotation
          JOINT Neck1
          {
            OFFSET 26.313086 -0.460272 -0.181672
            CHANNELS 3 Zrotation Yrotation Xrotation
            JOINT Neck2
            {
              OFFSET 8.045911 0.0 0.0
              CHANNELS 3 Zrotation Yrotation Xrotation
              JOINT Head
              {
                OFFSET 6.432774 0.0 0.0
                CHANNELS 3 Zrotation Yrotation Xrotation
                JOINT HeadEnd
                {
                  OFFSET 16.169773 0.06451 0.00362
                  CHANNELS 3 Zrotation Yrotation Xrotation
                }
                JOINT Jaw
                {
                  OFFSET 0.108741 3.12938 0.002639
                  CHANNELS 3 Zrotation Yrotation Xrotation
                }
                JOINT LeftEye
                {
                  OFFSET 4.45173 8.166359 3.206392
                  CHANNELS 3 Zrotation Yrotation Xrotation
                }
                JOINT RightEye
                {
                  OFFSET 4.436895 8.135758 -3.222429
                  CHANNELS 3 Zrotation Yrotation Xrotation
                }
              }
            }
          }
          JOINT LeftShoulder
          {
            OFFSET 23.218927 5.195579 1.621656
            CHANNELS 3 Zrotation Yrotation Xrotation
            JOINT LeftArm
            {
              OFFSET 15.902118 2e-06 -2e-06
              CHANNELS 3 Zrotation Yrotation Xrotation
              JOINT LeftForeArm
              {
                OFFSET 28.739307 0.0 -1e-06
                CHANNELS 3 Zrotation Yrotation Xrotation
                JOINT LeftHand
                {
                  OFFSET 27.093981 -4e-06 0.0
                  CHANNELS 3 Zrotation Yrotation Xrotation
                  JOINT LeftHandThumb1
                  {
                    OFFSET 2.276781 3.380274 0.83384
                    CHANNELS 3 Zrotation Yrotation Xrotation
                    JOINT LeftHandThumb2
                    {
                      OFFSET 4.705309 -1e-06 -1e-06
                      CHANNELS 3 Zrotation Yrotation Xrotation
                      JOINT LeftHandThumb3
                      {
                        OFFSET 2.798515 0.0 3e-06
                        CHANNELS 3 Zrotation Yrotation Xrotation
                        JOINT LeftHandThumbEnd
                        {
                          OFFSET 3.180793 4e-06 -4e-06
                          CHANNELS 3 Zrotation Yrotation Xrotation
                        }
                      }
                    }
                  }
                  JOINT LeftHandIndex1
                  {
                    OFFSET 3.247786 2.352677 0.137192
                    CHANNELS 3 Zrotation Yrotation Xrotation
                    JOINT LeftHandIndex2
                    {
                      OFFSET 6.367095 1e-06 0.0
                      CHANNELS 3 Zrotation Yrotation Xrotation
                      JOINT LeftHandIndex3
                      {
                        OFFSET 3.662364 0.0 0.0
                        CHANNELS 3 Zrotation Yrotation Xrotation
                        JOINT LeftHandIndex4
                        {
                          OFFSET 2.329242 4e-06 -4e-06
                          CHANNELS 3 Zrotation Yrotation Xrotation
                          JOINT LeftHandIndexEnd
                          {
                            OFFSET 2.767823 1e-06 0.0
                            CHANNELS 3 Zrotation Yrotation Xrotation
                          }
                        }
                      }
                    }
                  }
                  JOINT LeftHandMiddle1
                  {
                    OFFSET 3.163612 0.945023 -0.406112
                    CHANNELS 3 Zrotation Yrotation Xrotation
                    JOINT LeftHandMiddle2
                    {
                      OFFSET 6.276789 3e-06 0.0
                      CHANNELS 3 Zrotation Yrotation Xrotation
                      JOINT LeftHandMiddle3
                      {
                        OFFSET 4.35652 -1e-06 4e-06
                        CHANNELS 3 Zrotation Yrotation Xrotation
                        JOINT LeftHandMiddle4
                        {
                          OFFSET 2.996877 0.0 8e-06
                          CHANNELS 3 Zrotation Yrotation Xrotation
                          JOINT LeftHandMiddleEnd
                          {
                            OFFSET 2.323256 3e-06 -4e-06
                            CHANNELS 3 Zrotation Yrotation Xrotation
                          }
                        }
                      }
                    }
                  }
                  JOINT LeftHandRing1
                  {
                    OFFSET 2.882606 -0.309162 0.107445
                    CHANNELS 3 Zrotation Yrotation Xrotation
                    JOINT LeftHandRing2
                    {
                      OFFSET 6.033198 0.0 4e-06
                      CHANNELS 3 Zrotation Yrotation Xrotation
                      JOINT LeftHandRing3
                      {
                        OFFSET 4.350578 3e-06 0.0
                        CHANNELS 3 Zrotation Yrotation Xrotation
                        JOINT LeftHandRing4
                        {
                          OFFSET 2.651321 2e-06 -7e-06
                          CHANNELS 3 Zrotation Yrotation Xrotation
                          JOINT LeftHandRingEnd
                          {
                            OFFSET 1.937663 1e-06 -4e-06
                            CHANNELS 3 Zrotation Yrotation Xrotation
                          }
                        }
                      }
                    }
                  }
                  JOINT LeftHandPinky1
                  {
                    OFFSET 2.865315 -1.525436 0.575687
                    CHANNELS 3 Zrotation Yrotation Xrotation
                    JOINT LeftHandPinky2
                    {
                      OFFSET 5.54936 1e-06 -8e-06
                      CHANNELS 3 Zrotation Yrotation Xrotation
                      JOINT LeftHandPinky3
                      {
                        OFFSET 3.070974 0.0 -4e-06
                        CHANNELS 3 Zrotation Yrotation Xrotation
                        JOINT LeftHandPinky4
                        {
                          OFFSET 1.549672 1e-06 0.0
                          CHANNELS 3 Zrotation Yrotation Xrotation
                          JOINT LeftHandPinkyEnd
                          {
                            OFFSET 1.952123 0.0 0.0
                            CHANNELS 3 Zrotation Yrotation Xrotation
                          }
                        }
                      }
                    }
                  }
                }
              }
            }
          }
          JOINT RightShoulder
          {
            OFFSET 23.161716 5.296122 -1.380114
            CHANNELS 3 Zrotation Yrotation Xrotation
            JOINT RightArm
            {
              OFFSET -16.027195 -2e-06 1.1e-05
              CHANNELS 3 Zrotation Yrotation Xrotation
              JOINT RightForeArm
              {
                OFFSET -28.736639 4e-06 2e-06
                CHANNELS 3 Zrotation Yrotation Xrotation
                JOINT RightHand
                {
                  OFFSET -27.133619 6e-06 0.0
                  CHANNELS 3 Zrotation Yrotation Xrotation
                  JOINT RightHandThumb1
                  {
                    OFFSET -2.274328 -3.351035 -0.83067
                    CHANNELS 3 Zrotation Yrotation Xrotation
                    JOINT RightHandThumb2
                    {
                      OFFSET -4.703594 -3e-06 2e-06
                      CHANNELS 3 Zrotation Yrotation Xrotation
                      JOINT RightHandThumb3
                      {
                        OFFSET -2.794935 -4e-06 -3e-06
                        CHANNELS 3 Zrotation Yrotation Xrotation
                        JOINT RightHandThumbEnd
                        {
                          OFFSET -3.183852 4e-06 1e-06
                          CHANNELS 3 Zrotation Yrotation Xrotation
                        }
                      }
                    }
                  }
                  JOINT RightHandIndex1
                  {
                    OFFSET -3.253496 -2.33755 -0.127667
                    CHANNELS 3 Zrotation Yrotation Xrotation
                    JOINT RightHandIndex2
                    {
                      OFFSET -6.344434 0.0 0.0
                      CHANNELS 3 Zrotation Yrotation Xrotation
                      JOINT RightHandIndex3
                      {
                        OFFSET -3.654871 0.0 -8e-06
                        CHANNELS 3 Zrotation Yrotation Xrotation
                        JOINT RightHandIndex4
                        {
                          OFFSET -2.327586 -1e-06 0.0
                          CHANNELS 3 Zrotation Yrotation Xrotation
                          JOINT RightHandIndexEnd
                          {
                            OFFSET -2.770001 3e-06 8e-06
                            CHANNELS 3 Zrotation Yrotation Xrotation
                          }
                        }
                      }
                    }
                  }
                  JOINT RightHandMiddle1
                  {
                    OFFSET -3.168223 -0.944764 0.411762
                    CHANNELS 3 Zrotation Yrotation Xrotation
                    JOINT RightHandMiddle2
                    {
                      OFFSET -6.266691 -1e-06 -4e-06
                      CHANNELS 3 Zrotation Yrotation Xrotation
                      JOINT RightHandMiddle3
                      {
                        OFFSET -4.348901 0.0 0.0
                        CHANNELS 3 Zrotation Yrotation Xrotation
                        JOINT RightHandMiddle4
                        {
                          OFFSET -3.00024 2e-06 -4e-06
                          CHANNELS 3 Zrotation Yrotation Xrotation
                          JOINT RightHandMiddleEnd
                          {
                            OFFSET -2.321477 -4e-06 -4e-06
                            CHANNELS 3 Zrotation Yrotation Xrotation
                          }
                        }
                      }
                    }
                  }
                  JOINT RightHandRing1
                  {
                    OFFSET -2.885654 0.293261 -0.119232
                    CHANNELS 3 Zrotation Yrotation Xrotation
                    JOINT RightHandRing2
                    {
                      OFFSET -6.032835 -1e-06 -4e-06
                      CHANNELS 3 Zrotation Yrotation Xrotation
                      JOINT RightHandRing3
                      {
                        OFFSET -4.33881 0.0 -4e-06
                        CHANNELS 3 Zrotation Yrotation Xrotation
                        JOINT RightHandRing4
                        {
                          OFFSET -2.654903 -4e-06 -4e-06
                          CHANNELS 3 Zrotation Yrotation Xrotation
                          JOINT RightHandRingEnd
                          {
                            OFFSET -1.935122 0.0 4e-06
                            CHANNELS 3 Zrotation Yrotation Xrotation
                          }
                        }
                      }
                    }
                  }
                  JOINT RightHandPinky1
                  {
                    OFFSET -2.866241 1.503904 -0.60527
                    CHANNELS 3 Zrotation Yrotation Xrotation
                    JOINT RightHandPinky2
                    {
                      OFFSET -5.553177 -2e-06 0.0
                      CHANNELS 3 Zrotation Yrotation Xrotation
                      JOINT RightHandPinky3
                      {
                        OFFSET -3.062664 -1e-06 -4e-06
                        CHANNELS 3 Zrotation Yrotation Xrotation
                        JOINT RightHandPinky4
                        {
                          OFFSET -1.546529 2e-06 4e-06
                          CHANNELS 3 Zrotation Yrotation Xrotation
                          JOINT RightHandPinkyEnd
                          {
                            OFFSET -1.952341 0.0 -4e-06
                            CHANNELS 3 Zrotation Yrotation Xrotation
                          }
                        }
                      }
                    }
                  }
                }
              }
            }
          }
        }
      }
    }
    JOINT LeftLeg
    {
      OFFSET -8.443107 2.567604 10.043214
      CHANNELS 3 Zrotation Yrotation Xrotation
      JOINT LeftShin
      {
        OFFSET 43.229198 1e-06 -1e-06
        CHANNELS 3 Zrotation Yrotation Xrotation
        JOINT LeftFoot
        {
          OFFSET 42.298611 1e-06 1e-06
          CHANNELS 3 Zrotation Yrotation Xrotation
          JOINT LeftToeBase
          {
            OFFSET 14.165858 1e-06 0.0
            CHANNELS 3 Zrotation Yrotation Xrotation
            JOINT LeftToeEnd
            {
              OFFSET 6.7141 -0.234461 0.0
              CHANNELS 3 Zrotation Yrotation Xrotation
            }
          }
        }
      }
    }
    JOINT RightLeg
    {
      OFFSET -8.303923 2.592729 -10.047278
      CHANNELS 3 Zrotation Yrotation Xrotation
      JOINT RightShin
      {
        OFFSET -43.369682 0.0 1e-06
        CHANNELS 3 Zrotation Yrotation Xrotation
        JOINT RightFoot
        {
          OFFSET -42.260784 4e-06 2e-06
          CHANNELS 3 Zrotation Yrotation Xrotation
          JOINT RightToeBase
          {
            OFFSET -14.222245 -2e-06 -1e-06
            CHANNELS 3 Zrotation Yrotation Xrotation
            JOINT RightToeEnd
            {
              OFFSET -6.660062 0.232574 -2e-06
              CHANNELS 3 Zrotation Yrotation Xrotation
            }
          }
        }
      }
    }
  }
}
MOTION
Frames: 180
Frame Time: 0.03333333333333333
0.0 0.0 0.0 0.0 -0.0 0.0 3.332068 99.25544 -5.11384 88.986389 3.569972 89.860489 -4.655602 1.493634 0.161571 -12.126287 0.112961 0.693547 22.824465 -0.705799 -1.186679 18.950851 -4.094813 2.457302 -2.675001 -0.391776 1.484886 -23.299999 1.681106 0.446652 0.000675 4e-05 -0.000358 -0.068905 -0.001615 0.044065 -0.005981 0.066085 0.054338 -0.007558 -0.073353 0.039173 -148.919907 -60.335426 167.789749 26.909012 -39.298885 23.156612 35.637833 0.37304 0.094192 -4.792801 -2.903762 -3.913363 17.606596 -26.330217 52.394669 -19.447504 -14.388981 29.407797 -0.009354 -8.763277 0.007995 15.851834 -18.484697 6.544091 -0.610266 -1.797634 -3.888648 -4.789607 -11.034167 -2.928112 0.021831 -20.954435 -0.009757 -5.002969 -24.998653 -3.993901 0.004388 0.013739 -0.000687 -10.614745 -5.674811 -3.561499 10.575137 -17.930979 -3.122565 0.009719 -13.817271 0.017793 -0.506724 -31.138378 -4.021946 -11.22995 -59.388763 6.998309 -13.94925 -7.131294 -2.871502 13.755179 -8.417557 -3.205391 0.369099 -34.197567 0.760303 -0.951553 -17.69821 2.633409 0.002657 0.000603 -0.001267 -17.299801 -20.069645 -4.202205 21.728949 -1.655375 3.862355 0.003329 -6.336164 0.004217 -1.681664 -22.565001 -6.154326 0.014121 0.001976 -0.016934 21.83778 -64.681664 177.362976 17.857452 -47.904564 14.233511 38.208107 -0.252819 0.044725 -2.276414 -2.741414 10.653808 22.178276 -20.431694 49.988613 -16.710829 -16.759064 28.506927 -0.01947 -12.692844 -0.012101 15.957461 -17.915485 2.867359 -0.092003 -1.506749 -4.27126 -5.040572 -5.614778 -2.960571 0.007406 -11.016583 0.000256 -6.104648 -15.920126 -3.822765 -0.003317 0.00265 0.013144 -10.26365 -5.660605 -4.347517 11.036502 -11.316887 -2.358704 -1.374442 -14.234125 -6.314636 -0.616796 -26.949518 -3.820086 -4.38373 -50.02906 -3.270809 -13.688763 -7.341211 -3.722464 18.150354 -14.069733 -3.247795 0.005715 -18.80345 0.017541 -0.425642 -8.45471 2.555886 -0.003003 0.006165 0.017823 -15.889331 -20.076239 -5.463531 30.414026 -7.199576 1.70451 0.012149 -8.183334 0.00785 -1.855421 -22.835615 -6.161777 0.002918 0.000304 0.008393 -179.739975 -7.637968 -12.782615 18.437399 -0.092017 0.304184 -82.3657 -3.873297 -11.010637 -5.761961 1.482767 2.089819 -0.996375 0.010276 0.001368 2.201678 -5.46838 -9.825756 14.141906 -0.042018 0.231531 -80.14563 -3.467204 -9.650248 -5.63975 0.660804 1.671152 -0.991654 0.001508 0.001287 
0.0 0.0 0.0 0.0 -0.0 0.0 3.320441 99.269821 -5.140761 88.987312 3.572074 89.775467 -4.694026 1.475177 0.147333 -12.156592 0.139104 0.704076 22.847788 -0.717872 -1.187258 18.980944 -4.097896 2.444358 -2.673065 -0.415896 1.513723 -23.198584 1.70823 0.45447 0.000685 0.000606 -0.000377 -0.07026 0.004766 0.073431 -0.013329 0.069091 0.084037 -0.01932 -0.067601 0.063512 -148.886658 -60.354092 167.712341 26.936495 -39.339085 23.086843 35.825043 0.27393 0.07566 -4.833755 -2.914383 -3.552908 17.69738 -26.337273 52.40419 -19.486473 -14.401877 29.395273 -0.004815 -8.785298 0.005644 15.924703 -18.508551 6.487751 -0.603242 -1.794772 -3.904824 -4.824222 -11.051179 -2.918335 0.017238 -20.994425 -0.000275 -5.009651 -25.034731 -4.033435 -0.013486 0.006625 -0.001672 -10.639018 -5.684072 -3.568174 10.587206 -17.937174 -3.116869 0.003817 -13.829365 0.003855 -0.506129 -31.214594 -4.027571 -11.292953 -59.654423 7.036362 -14.004048 -7.147772 -2.873695 13.800208 -8.406443 -3.223098 0.359642 -34.231388 0.774604 -0.947925 -17.726055 2.620449 -0.00557 0.006347 0.007445 -17.358482 -20.105404 -4.200267 21.779398 -1.648355 3.857908 -0.003569 -6.357392 0.013662 -1.703256 -22.619799 -6.205168 0.005349 -0.007541 0.009529 21.993496 -64.737038 177.275497 17.796976 -47.894855 14.198396 38.345226 -0.281912 0.037101 -2.240262 -2.719772 10.620869 22.203449 -20.436615 50.074158 -16.760561 -16.776102 28.5599 -0.002589 -12.718857 0.010361 16.036507 -17.974361 2.828311 -0.108521 -1.515025 -4.287628 -5.040359 -5.628363 -2.942271 0.001561 -11.043922 -0.001356 -6.107547 -15.924902 -3.871587 -0.008753 0.000449 0.017135 -10.292487 -5.693805 -4.342694 11.042099 -11.329927 -2.376612 -1.390836 -14.285199 -6.334221 -0.610047 -26.996994 -3.858982 -4.3066 -50.077328 -3.476423 -13.729124 -7.388268 -3.722273 18.166687 -14.08424 -3.247526 -0.014086 -18.839563 0.003777 -0.411794 -8.488682 2.554737 -0.009644 0.007361 0.00156 -15.941763 -20.147171 -5.475444 30.45636 -7.201138 1.713409 -0.009689 -8.170379 -0.004581 -1.869568 -22.902601 -6.164828 0.005676 0.002329 0.008398 -179.679199 -7.601371 -12.684643 18.306923 -0.094285 0.305139 -82.237335 -3.996168 -10.992699 -5.796701 1.482758 2.086789 -0.995225 0.0031 -0.001214 2.256311 -5.476227 -9.810799 14.046431 -0.049827 0.184237 -80.03875 -3.386811 -9.667533 -5.725635 0.659421 1.670055 -0.998082 -0.002142 0.000154 
0.0 0.0 0.0 0.0 -0.0 0.0 3.307993 99.279114 -5.176638 88.982697 3.580062 89.737694 -4.744413 1.477447 0.149502 -12.184396 0.149837 0.709178 22.86338 -0.727519 -1.202034 19.017216 -4.09806 2.467198 -2.680872 -0.428672 1.529072 -23.098074 1.758705 0.493641 -0.001032 -0.000436 0.001405 -0.069599 0.005718 0.080059 -0.026476 0.065862 0.092447 -0.030532 -0.060477 0.074597 -148.844589 -60.292767 167.635056 26.888172 -39.247955 23.111925 35.907345 0.228337 0.055925 -4.909063 -2.932044 -3.325545 17.6576 -26.344685 52.521309 -19.471071 -14.417355 29.441685 0.003011 -8.792818 -0.01986 15.925161 -18.502829 6.468575 -0.603353 -1.79324 -3.876467 -4.815625 -11.038868 -2.941878 0.007886 -20.964643 -0.003894 -5.027244 -24.997528 -4.0304 -0.004019 0.005843 0.002842 -10.640804 -5.688432 -3.549503 10.577235 -17.913279 -3.128383 -0.004332 -13.818821 0.001902 -0.528193 -31.188908 -4.024491 -11.30001 -59.565575 7.039908 -13.993544 -7.148842 -2.874641 13.775897 -8.392866 -3.22803 0.350358 -34.191139 0.760591 -0.978284 -17.712961 2.62599 -0.0025 -0.000548 0.001173 -17.373627 -20.109056 -4.197391 21.779968 -1.633479 3.872714 0.006445 -6.347248 -0.004503 -1.71841 -22.626301 -6.198712 0.002858 0.001883 0.0 21.962839 -64.745529 177.337219 17.769444 -47.890614 14.073434 38.404503 -0.306832 0.003869 -2.225837 -2.724059 10.604214 22.20442 -20.462585 50.053207 -16.716421 -16.762634 28.518711 -0.007226 -12.704619 0.01999 16.015987 -17.928223 2.810492 -0.101122 -1.516086 -4.261267 -5.05362 -5.622523 -2.97919 0.00021 -11.04272 0.003499 -6.138492 -15.941421 -3.813129 0.003394 0.012411 -0.009792 -10.2966 -5.68442 -4.329045 11.03901 -11.317897 -2.379534 -1.381788 -14.281722 -6.337294 -0.647554 -26.987522 -3.834942 -4.363066 -50.044872 -3.435481 -13.731129 -7.35863 -3.697834 18.182877 -14.058543 -3.263572 -0.007717 -18.80463 0.002232 -0.45239 -8.449168 2.571818 0.002427 0.017094 0.001892 -15.9404 -20.110016 -5.460423 30.451132 -7.19962 1.743228 0.003813 -8.174009 -0.004347 -1.867365 -22.913412 -6.162912 0.002512 -0.003773 -0.016391 -179.654922 -7.592095 -12.599024 18.242765 -0.093185 0.309794 -82.224289 -4.076886 -11.019998 -5.765873 1.492869 2.08744 -0.995503 -0.00079 -0.000236 2.192959 -5.495141 -9.765582 13.991285 -0.058248 0.159977 -79.99472 -3.392274 -9.679102 -5.764425 0.668416 1.664907 -0.99952 -0.005581 -0.000395 
0.0 0.0 0.0 0.0 -0.0 0.0 3.312856 99.257935 -5.147193 88.980988 3.602877 89.720795 -4.781206 1.481684 0.14621 -12.168211 0.155961 0.726267 22.813108 -0.739858 -1.216441 19.001833 -4.082119 2.516997 -2.676678 -0.439189 1.492988 -23.00923 1.789107 0.528298 9e-06 -0.000737 -0.001657 -0.068479 0.005398 0.075256 -0.034699 0.061229 0.089378 -0.033117 -0.056545 0.066073 -148.75444 -60.209927 167.491226 26.84543 -39.248951 23.21306 35.901806 0.199875 0.082567 -4.959584 -2.933953 -3.174935 17.681337 -26.341715 52.3941 -19.476526 -14.3948 29.377026 -0.005741 -8.77494 0.004091 15.942647 -18.431623 6.41276 -0.600214 -1.788799 -3.883344 -4.794111 -11.039186 -2.955405 -0.00079 -20.968441 0.016658 -5.022288 -25.042883 -4.011463 0.00962 -0.00432 -0.002466 -10.614395 -5.667565 -3.563311 10.582935 -17.92473 -3.113528 0.022338 -13.809413 0.013645 -0.48839 -31.161963 -3.979712 -11.321517 -59.536751 7.211802 -13.969932 -7.127964 -2.876683 13.791805 -8.416684 -3.219687 0.378331 -34.233765 0.782584 -0.961326 -17.737339 2.646198 0.000598 -0.006378 -0.005285 -17.327955 -20.088909 -4.202266 21.765463 -1.653886 3.87871 -0.002791 -6.329872 0.00094 -1.674382 -22.592276 -6.206141 0.003586 0.00808 0.003675 21.945749 -64.602493 177.306183 17.77029 -47.814869 14.04116 38.328636 -0.313268 -0.050569 -2.185022 -2.699498 10.649782 22.175049 -20.352606 49.848232 -16.729677 -16.753162 28.453907 -0.021837 -12.685212 2.6e-05 15.964211 -17.909306 2.807534 -0.104745 -1.513738 -4.275276 -5.026606 -5.608546 -2.942709 0.021064 -11.029225 -0.007547 -6.090678 -15.906083 -3.852224 -0.002833 0.006567 0.003265 -10.26343 -5.65281 -4.331407 11.036011 -11.326298 -2.38521 -1.367579 -14.235518 -6.304737 -0.581126 -26.954067 -3.800202 -4.320955 -49.934521 -3.356269 -13.69645 -7.341211 -3.730839 18.169844 -14.090402 -3.241667 0.022644 -18.78031 -0.009182 -0.408328 -8.458557 2.564918 -0.009815 -0.002378 0.005386 -15.885255 -20.064777 -5.477425 30.412104 -7.243395 1.716758 0.01403 -8.15651 -0.000624 -1.835344 -22.852217 -6.165988 -0.002739 0.000156 0.010956 -179.674774 -7.598142 -12.543134 18.381054 -0.094098 0.314546 -82.327812 -4.148592 -11.018159 -5.705342 1.499451 2.089109 -0.995977 -0.003616 -0.00152 2.142662 -5.507264 -9.733077 14.185441 -0.062181 0.136533 -80.074257 -3.369224 -9.693756 -5.784848 0.662633 1.659002 -0.994925 0.001244 0.000328 
0.0 0.0 0.0 0.0 -0.0 0.0 3.274122 99.243805 -5.048584 88.981407 3.619436 89.715065 -4.798784 1.491773 0.145823 -12.186247 0.15842 0.735063 22.809746 -0.760751 -1.217163 19.013885 -4.062703 2.550036 -2.698018 -0.446147 1.471359 -22.938738 1.791194 0.530605 -0.0 0.000435 -3.1e-05 -0.06841 0.007476 0.066413 -0.04594 0.059351 0.080513 -0.041948 -0.051895 0.058785 -148.825363 -60.227024 167.521851 26.807104 -39.215714 23.370157 35.917801 0.240073 0.084778 -5.011135 -2.915297 -3.095237 17.622971 -26.30747 52.439968 -19.474327 -14.398553 29.417107 -0.007612 -8.786406 0.005402 15.920368 -18.449211 6.408746 -0.600239 -1.796732 -3.883111 -4.801883 -11.051536 -2.922745 0.014889 -20.972198 -0.018475 -5.008336 -25.06559 -4.024337 0.007484 0.007382 -0.006496 -10.62255 -5.684328 -3.553238 10.569253 -17.919659 -3.135376 0.001959 -13.824965 0.009107 -0.49531 -31.160641 -4.017785 -11.082607 -59.488243 6.955685 -13.976606 -7.146554 -2.853085 13.783695 -8.403501 -3.238925 0.361535 -34.237495 0.756731 -0.945536 -17.750465 2.610532 -0.007786 0.005176 0.001914 -17.339594 -20.093018 -4.178742 21.770981 -1.64073 3.858407 0.014237 -6.347517 -0.009977 -1.708681 -22.590126 -6.192369 0.010198 0.004532 0.003508 21.905193 -64.577438 177.363968 17.78874 -47.766216 14.056687 38.378078 -0.288466 -0.07978 -2.15715 -2.683086 10.751485 22.192219 -20.371098 49.917118 -16.724352 -16.752129 28.451414 -0.012263 -12.699286 0.023276 15.972932 -17.9067 2.790961 -0.103584 -1.510795 -4.262111 -5.032372 -5.610146 -2.960151 0.011145 -11.020952 -0.009963 -6.080397 -15.896041 -3.852201 -0.003192 0.006929 0.002776 -10.288801 -5.670777 -4.350667 11.03776 -11.330171 -2.366857 -1.358906 -14.242966 -6.31274 -0.605341 -26.931019 -3.818615 -4.279818 -49.958782 -3.390381 -13.711673 -7.35215 -3.719445 18.15373 -14.069504 -3.24191 0.013026 -18.772932 0.005302 -0.407218 -8.460423 2.552062 -0.00963 0.007445 0.001686 -15.924195 -20.091875 -5.477056 30.450125 -7.226118 1.746964 0.012152 -8.162059 -0.026922 -1.856348 -22.894676 -6.160321 0.002737 -0.011454 -0.002816 -179.589233 -7.61556 -12.500387 18.382504 -0.098169 0.320318 -82.39669 -4.209494 -11.053522 -5.621127 1.504166 2.088186 -1.001953 0.015879 0.002565 2.186291 -5.49252 -9.738281 14.268328 -0.060967 0.11969 -80.274513 -3.324016 -9.702125 -5.824369 0.664504 1.658609 -0.997978 0.008205 -0.000565 
0.0 0.0 0.0 0.0 -0.0 0.0 3.29985 99.227005 -4.959959 88.985367 3.61926 89.733078 -4.812995 1.497978 0.146517 -12.188961 0.169872 0.750063 22.793036 -0.789161 -1.214431 19.0023 -4.060191 2.563965 -2.695455 -0.442657 1.465117 -22.88022 1.78417 0.503703 -8.8e-05 0.000871 -0.0 -0.068585 0.008341 0.068197 -0.05299 0.057562 0.085446 -0.038518 -0.050916 0.058882 -148.864548 -60.286488 167.514359 26.823196 -39.287682 23.533215 35.921558 0.286654 0.122036 -5.070904 -2.885494 -3.015366 17.661648 -26.373436 52.545143 -19.492071 -14.422913 29.487642 -0.003446 -8.790095 0.000184 15.883533 -18.443262 6.451694 -0.607262 -1.790765 -3.921461 -4.813734 -11.066496 -2.92595 0.001209 -21.005852 0.009702 -5.032191 -25.067047 -4.04883 0.00887 -0.002332 -0.002727 -10.636353 -5.688756 -3.585331 10.592425 -17.948011 -3.129683 0.002787 -13.842894 -0.00101 -0.476961 -31.241104 -4.038572 -11.149976 -59.76173 7.024047 -13.995235 -7.152173 -2.901034 13.790854 -8.419394 -3.216075 0.353881 -34.259014 0.791296 -0.963606 -17.755091 2.617614 0.002992 -0.005824 -0.006453 -17.356005 -20.118788 -4.22717 21.789921 -1.646358 3.87255 -0.001192 -6.347929 -0.002013 -1.681339 -22.6131 -6.215189 -0.000427 0.0028 -0.008688 21.941807 -64.629204 177.319901 17.849527 -47.884663 14.092418 38.39962 -0.249804 -0.058882 -2.150504 -2.676582 10.862302 22.15831 -20.359304 49.910652 -16.723209 -16.755276 28.49188 -0.0155 -12.688422 0.007394 15.954396 -17.902439 2.816803 -0.10694 -1.512737 -4.292646 -5.030958 -5.607396 -2.93468 0.014595 -11.023592 -0.018004 -6.100643 -15.905407 -3.830889 -0.003852 0.006849 0.007807 -10.283413 -5.671782 -4.340971 11.034599 -11.302274 -2.389074 -1.363711 -14.251866 -6.317077 -0.620566 -26.933573 -3.823866 -4.173837 -49.977383 -3.479096 -13.705947 -7.349003 -3.736897 18.150173 -14.053771 -3.230112 0.028861 -18.782417 0.006171 -0.402479 -8.463623 2.553564 -0.009574 -0.002656 0.005908 -15.90177 -20.075853 -5.494209 30.438803 -7.20942 1.717638 0.019232 -8.162465 0.005201 -1.857655 -22.833923 -6.185487 -0.001002 0.000104 0.001665 -179.572067 -7.599917 -12.469652 18.45941 -0.101344 0.313565 -82.325386 -4.249059 -11.017172 -5.563172 1.508641 2.089156 -0.994771 0.002314 0.002054 2.280103 -5.486354 -9.759553 14.326582 -0.057084 0.115586 -80.343445 -3.329421 -9.716354 -5.848407 0.681089 1.664528 -1.002571 0.002213 0.001859 
0.0 0.0 0.0 0.0 -0.0 0.0 3.269087 99.212273 -4.912328 88.982964 3.616339 89.751366 -4.81668 1.510132 0.150971 -12.181749 0.182595 0.76038 22.762516 -0.818705 -1.208138 18.972122 -4.051626 2.570134 -2.69815 -0.443002 1.453546 -22.857977 1.793002 0.459515 -0.0 -0.00028 0.00141 -0.068681 0.007592 0.080088 -0.058464 0.060983 0.094309 -0.040302 -0.054474 0.075741 -148.867355 -60.280571 167.45694 26.844366 -39.294289 23.592827 35.805038 0.268538 0.101167 -5.072727 -2.873595 -2.900426 17.644386 -26.392403 52.465973 -19.521698 -14.420404 29.458271 -0.009609 -8.767592 -0.002409 15.846099 -18.397675 6.504295 -0.601477 -1.79205 -3.890207 -4.779607 -11.04679 -2.965846 0.021885 -20.987284 0.018184 -5.008146 -25.041086 -3.99198 -0.00116 0.005326 -0.002893 -10.605247 -5.66883 -3.571932 10.586081 -17.94874 -3.140024 0.015994 -13.825039 0.004318 -0.462644 -31.211662 -3.986303 -11.383087 -59.629158 7.271258 -13.959338 -7.134024 -2.896498 13.77225 -8.428049 -3.237206 0.375725 -34.299717 0.79051 -0.970232 -17.784576 2.632147 0.011854 0.003598 0.01001 -17.282618 -20.069656 -4.230772 21.733032 -1.664239 3.854879 0.006263 -6.344754 0.022548 -1.647269 -22.603966 -6.208641 -0.007418 0.007377 -0.0 22.013361 -64.619644 177.213089 17.869938 -47.905361 14.119283 38.443451 -0.187232 -0.066579 -2.125888 -2.6589 10.962572 22.192648 -20.405165 49.999817 -16.712582 -16.76034 28.507378 0.003021 -12.69786 0.013915 15.987461 -17.920282 2.835717 -0.111837 -1.500048 -4.303455 -5.027447 -5.616302 -2.935959 0.012634 -11.030047 -0.011015 -6.11568 -15.89722 -3.821875 -0.00117 -0.001593 0.009701 -10.281926 -5.666588 -4.359513 11.035919 -11.319195 -2.363075 -1.370477 -14.246113 -6.34459 -0.634253 -26.940178 -3.809796 -4.223345 -50.029259 -3.406177 -13.715261 -7.359344 -3.743092 18.153082 -14.069736 -3.227134 -0.004742 -18.798016 -0.014378 -0.419128 -8.474688 2.573478 -0.017035 0.009884 -0.00647 -15.906031 -20.096376 -5.512729 30.426882 -7.215608 1.731464 -0.001882 -8.163554 -0.000178 -1.846982 -22.877235 -6.152156 -0.006212 0.005672 0.000338 -179.584702 -7.626975 -12.438341 18.527201 -0.107145 0.313448 -82.465271 -4.313376 -11.066407 -5.516084 1.53781 2.093131 -1.002111 -0.001886 -0.001054 2.219948 -5.49267 -9.787499 14.474554 -0.061313 0.112918 -80.456558 -3.311777 -9.73644 -5.867287 0.677078 1.666519 -0.995531 0.001367 -0.000128 
0.0 0.0 0.0 0.0 -0.0 0.0 3.262332 99.212822 -4.862562 88.981133 3.612847 89.745361 -4.802478 1.521851 0.16463 -12.174988 0.193155 0.773123 22.75498 -0.83343 -1.19496 18.919512 -4.043031 2.561642 -2.682245 -0.45828 1.466786 -22.800743 1.782019 0.394603 0.001655 0.000459 -0.000284 -0.067111 0.008824 0.090465 -0.06314 0.066427 0.107563 -0.050803 -0.05527 0.081114 -148.869186 -60.238712 167.444504 26.84893 -39.276657 23.613367 35.787697 0.318646 0.086041 -5.108945 -2.894786 -2.863508 17.588984 -26.329681 52.424023 -19.446548 -14.404 29.398531 -0.002691 -8.77367 0.007525 15.846289 -18.419008 6.503649 -0.60084 -1.795052 -3.868621 -4.816966 -11.042342 -2.956283 -0.001178 -20.96216 -0.009491 -5.042622 -25.006378 -4.017568 8.5e-05 0.000881 0.010013 -10.629896 -5.683238 -3.54194 10.576029 -17.908346 -3.137418 -0.00869 -13.820111 0.005995 -0.498896 -31.189264 -4.036729 -11.136697 -59.609398 6.932007 -13.980187 -7.149312 -2.864903 13.76763 -8.398628 -3.206843 0.314873 -34.212482 0.780061 -0.952445 -17.756098 2.619669 0.001728 -0.000473 -0.012113 -17.339663 -20.08066 -4.183227 21.749868 -1.646625 3.834502 0.000518 -6.343565 0.016769 -1.671347 -22.570635 -6.204331 -0.006934 0.004736 0.018523 21.919577 -64.60083 177.297806 17.916649 -47.917934 14.046161 38.489151 -0.168256 -0.062976 -2.157738 -2.600886 10.990852 22.160942 -20.382719 49.911728 -16.731802 -16.765844 28.471151 -0.013937 -12.701663 0.002159 15.934097 -17.885098 2.823032 -0.106623 -1.520633 -4.276144 -5.030715 -5.606924 -2.935616 0.007844 -11.015269 -0.015841 -6.09355 -15.900296 -3.834062 -0.001634 -0.012021 0.006614 -10.274395 -5.668939 -4.324496 11.043816 -11.314607 -2.364627 -1.367022 -14.229739 -6.331677 -0.601697 -26.907833 -3.822716 -4.190863 -49.944717 -3.392168 -13.705135 -7.343875 -3.706589 18.163609 -14.061127 -3.260776 0.013573 -18.803907 0.005046 -0.431955 -8.456194 2.57373 0.004217 -0.004273 0.011577 -15.902754 -20.065704 -5.474557 30.431273 -7.213826 1.702736 0.005987 -8.143246 0.010928 -1.849584 -22.789154 -6.140579 0.012622 -0.022401 -0.007342 -179.529816 -7.625235 -12.434266 18.477921 -0.106018 0.324178 -82.437599 -4.364788 -11.030341 -5.491691 1.542665 2.092977 -0.99829 0.000298 0.00063 2.250102 -5.485023 -9.803807 14.417285 -0.056204 0.10542 -80.461685 -3.336679 -9.70325 -5.875535 0.686325 1.667611 -0.999314 0.002218 0.001229 
0.0 0.0 0.0 0.0 -0.0 0.0 3.272682 99.213913 -4.795143 88.973976 3.604339 89.737144 -4.786459 1.53736 0.186407 -12.160841 0.198006 0.784376 22.742086 -0.840169 -1.176579 18.896269 -4.029922 2.571481 -2.680033 -0.465406 1.446218 -22.754248 1.771395 0.349175 3.5e-05 0.0 -0.001739 -0.060682 0.008242 0.087684 -0.06542 0.066069 0.099484 -0.05034 -0.056668 0.074829 -148.878677 -60.182999 167.420242 26.879723 -39.279148 23.603912 35.673676 0.298273 0.065906 -5.110947 -2.898156 -2.924366 17.624342 -26.327559 52.426243 -19.485954 -14.400851 29.405861 -0.008253 -8.767102 0.023222 15.845505 -18.38526 6.47661 -0.59951 -1.78736 -3.92646 -4.785764 -11.036827 -2.92249 0.032249 -20.956001 -0.00278 -4.984186 -25.027481 -3.998587 -0.000724 -0.006646 0.006646 -10.607845 -5.663959 -3.587352 10.593361 -17.939461 -3.120185 0.020153 -13.823434 0.011987 -0.462676 -31.159119 -3.985574 -11.399755 -59.567215 7.292304 -13.958461 -7.122198 -2.894178 13.772824 -8.422427 -3.228958 0.393559 -34.216091 0.765324 -0.939299 -17.739222 2.620379 -0.008401 -0.00626 -0.002199 -17.28616 -20.048492 -4.224293 21.73897 -1.672396 3.840685 0.004114 -6.330431 -0.006065 -1.66073 -22.568855 -6.181745 0.002067 0.010032 -0.00621 21.877029 -64.605553 177.325134 18.003555 -47.926701 13.930083 38.436733 -0.200051 -0.071113 -2.150582 -2.609517 11.114974 22.200218 -20.439665 49.960464 -16.72299 -16.774666 28.486826 -0.018081 -12.67762 0.004174 15.852931 -17.826321 2.819552 -0.098543 -1.511004 -4.259195 -5.031057 -5.602306 -2.957549 0.013535 -11.01717 0.007267 -6.092135 -15.873675 -3.832403 -8.1e-05 0.002213 0.002265 -10.284085 -5.660851 -4.309263 11.06434 -11.317811 -2.38081 -1.36061 -14.204878 -6.320065 -0.601692 -26.924719 -3.77367 -4.228046 -49.815674 -3.333108 -13.695218 -7.327894 -3.714512 18.166119 -14.079521 -3.236712 0.017232 -18.773338 0.002386 -0.412893 -8.489983 2.578957 -0.009846 -0.002663 -0.008244 -15.899736 -20.054794 -5.469318 30.441299 -7.214789 1.72708 0.014152 -8.173932 0.007357 -1.892859 -22.795527 -6.131734 0.005232 -0.007779 -0.007836 -179.446106 -7.532802 -12.439372 18.443199 -0.110618 0.315476 -82.637764 -4.423532 -10.963475 -5.50876 1.550259 2.098239 -0.995995 -0.006663 0.000477 2.285501 -5.468955 -9.811279 14.318232 -0.050849 0.09563 -80.371269 -3.347291 -9.664317 -5.88499 0.686618 1.67309 -0.999493 0.001934 0.002208 
0.0 0.0 0.0 0.0 -0.0 0.0 3.254627 99.20697 -4.767291 88.974571 3.584401 89.732201 -4.779111 1.556339 0.195916 -12.144966 0.20624 0.804841 22.743685 -0.842882 -1.151225 18.885431 -4.033842 2.571236 -2.66708 -0.447972 1.405544 -22.723114 1.758929 0.329156 -0.000775 9.7e-05 0.00135 -0.062389 0.007102 0.08213 -0.061191 0.066111 0.098881 -0.049439 -0.060149 0.072495 -148.949829 -60.171665 167.483856 26.889593 -39.280418 23.632959 35.698196 0.355937 0.088751 -5.122777 -2.940997 -3.059811 17.626083 -26.34623 52.498062 -19.459551 -14.415328 29.450148 0.000991 -8.784475 -0.002909 15.854627 -18.437149 6.518801 -0.607251 -1.794241 -3.887305 -4.810373 -11.03443 -2.956304 -0.013159 -20.94128 -0.002282 -5.020169 -25.005825 -4.031352 -0.002729 -0.003319 0.001796 -10.635205 -5.681824 -3.559387 10.573518 -17.902321 -3.123937 0.000974 -13.822697 0.007412 -0.534705 -31.18063 -4.016789 -11.24781 -59.556545 7.054933 -13.982335 -7.146022 -2.886437 13.766181 -8.390065 -3.2153 0.32197 -34.183945 0.805559 -0.952879 -17.713835 2.611703 0.003412 0.00099 -0.000369 -17.328972 -20.073145 -4.224535 21.740396 -1.63991 3.878973 -0.001679 -6.330435 -0.011985 -1.694158 -22.585808 -6.200465 -0.008346 0.000841 0.008577 21.895525 -64.624626 177.301834 18.065435 -47.962254 13.866249 38.390404 -0.186044 -0.082022 -2.156369 -2.629246 11.256369 22.14855 -20.367071 49.896599 -16.722784 -16.744942 28.471582 -0.014049 -12.668705 0.012405 15.896553 -17.773567 2.817546 -0.091452 -1.501056 -4.264361 -5.020103 -5.604881 -2.96782 0.008839 -11.007977 -0.004268 -6.085375 -15.865006 -3.831286 0.003114 -0.008835 -0.010385 -10.258543 -5.654248 -4.348928 11.042014 -11.309998 -2.375555 -1.363573 -14.226669 -6.309424 -0.568373 -26.904907 -3.82274 -4.132872 -49.871834 -3.372566 -13.673634 -7.333809 -3.724784 18.145079 -14.073253 -3.262114 0.017626 -18.788351 9.2e-05 -0.42586 -8.440247 2.569162 0.000888 -0.008367 -0.004078 -15.851426 -20.040701 -5.491797 30.368507 -7.234275 1.695269 0.019864 -8.154876 0.016418 -1.849065 -22.829548 -6.13029 0.0 -0.0 0.0 -179.483505 -7.543715 -12.398836 18.463846 -0.10784 0.313176 -82.607666 -4.43961 -10.952155 -5.534448 1.547465 2.093013 -0.992176 -0.008982 -0.000562 2.217261 -5.48548 -9.812564 14.405107 -0.041082 0.099838 -80.505661 -3.357846 -9.633903 -5.916309 0.651389 1.663553 -0.991791 0.001518 0.001929 
0.0 0.0 0.0 0.0 -0.0 0.0 3.230307 99.211761 -4.791476 88.974922 3.574692 89.724861 -4.774413 1.575933 0.206756 -12.151887 0.212249 0.814543 22.77359 -0.835845 -1.117228 18.890625 -4.032404 2.574964 -2.660642 -0.436068 1.385906 -22.711336 1.72538 0.287248 0.000943 0.000143 -0.00039 -0.057907 0.007064 0.078742 -0.061119 0.065988 0.090594 -0.047633 -0.060729 0.070773 -148.973526 -60.19236 167.484207 26.951525 -39.316319 23.586748 35.667194 0.323726 0.096009 -5.115472 -2.980566 -3.07462 17.589886 -26.415722 52.600327 -19.43206 -14.387457 29.432587 0.003561 -8.762474 0.008105 15.863702 -18.448103 6.554351 -0.601692 -1.785944 -3.908277 -4.808136 -11.039392 -2.925348 -0.009255 -20.959639 0.014002 -5.032953 -25.04431 -4.037769 0.003499 -0.004105 -0.005232 -10.623052 -5.683919 -3.555028 10.568524 -17.897671 -3.139237 -0.00686 -13.828049 0.018575 -0.490156 -31.189308 -4.02577 -11.350217 -59.633297 7.12035 -13.957851 -7.139049 -2.874695 13.75666 -8.385859 -3.241713 0.314415 -34.201984 0.816623 -0.980562 -17.731289 2.627298 -0.014922 -0.002264 0.001185 -17.322084 -20.07531 -4.200616 21.742186 -1.627431 3.830743 -0.001994 -6.336004 0.008638 -1.715754 -22.60083 -6.179823 0.01378 0.00015 -0.012679 21.948706 -64.645294 177.253891 18.142876 -47.988422 13.82772 38.441288 -0.154379 -0.098613 -2.172984 -2.681449 11.382155 22.157162 -20.413055 50.021534 -16.716972 -16.756325 28.520653 -0.00164 -12.701822 0.01401 15.993602 -17.80896 2.7889 -0.111073 -1.509113 -4.277171 -5.027952 -5.607451 -2.961302 0.006743 -11.012566 -0.00028 -6.085796 -15.896559 -3.849184 0.00136 0.005531 -0.003158 -10.286394 -5.675175 -4.336538 11.032462 -11.298609 -2.397909 -1.395333 -14.225839 -6.305438 -0.620576 -26.933739 -3.819245 -4.122683 -49.832733 -3.399962 -13.71016 -7.354685 -3.720837 18.14583 -14.050146 -3.265698 -0.010217 -18.777569 0.004776 -0.430309 -8.473336 2.558934 0.002708 0.002251 0.0 -15.911161 -20.094133 -5.495234 30.409637 -7.19604 1.725821 -0.011578 -8.148915 0.006605 -1.855371 -22.877213 -6.148346 -0.00037 0.00747 -0.013401 -179.499115 -7.62403 -12.331901 18.438101 -0.112258 0.317474 -82.553642 -4.476848 -11.074574 -5.539402 1.549396 2.096463 -0.994535 0.004079 -0.001398 2.197098 -5.486536 -9.83086 14.418345 -0.033834 0.089931 -80.512146 -3.378452 -9.603823 -5.914645 0.668055 1.672568 -0.995562 0.000847 -0.000547 
0.0 0.0 0.0 0.0 -0.0 0.0 3.237586 99.203667 -4.796759 88.975189 3.563922 89.723251 -4.76808 1.591457 0.219428 -12.140265 0.213071 0.816869 22.769096 -0.823388 -1.086344 18.902452 -4.021914 2.582833 -2.665809 -0.436022 1.365745 -22.697382 1.687662 0.272954 3.5e-05 -0.000719 -0.000313 -0.054407 0.005569 0.068084 -0.063547 0.062205 0.081681 -0.053826 -0.059147 0.054936 -149.015198 -60.134388 167.523102 26.941174 -39.291122 23.505142 35.638454 0.279806 0.071704 -5.101721 -2.991564 -3.066413 17.615952 -26.362854 52.485935 -19.474634 -14.385324 29.415255 -5e-06 -8.765066 -0.010062 15.840911 -18.409618 6.495324 -0.607031 -1.788739 -3.875567 -4.79551 -11.054971 -2.942801 0.011258 -20.982653 0.019906 -5.004965 -25.041357 -4.035362 0.009101 0.000968 -0.002312 -10.623002 -5.683211 -3.554502 10.575115 -17.942804 -3.110041 0.007011 -13.820191 0.009758 -0.47076 -31.17643 -4.027998 -11.176342 -59.458858 7.072492 -13.966681 -7.137239 -2.874825 13.762918 -8.407628 -3.212122 0.362842 -34.217915 0.786112 -0.977312 -17.739767 2.637449 0.003044 0.002592 -0.004286 -17.321375 -20.079124 -4.186584 21.72492 -1.643417 3.845451 0.002728 -6.33149 0.014514 -1.677638 -22.557259 -6.193482 0.004652 0.005429 -0.014746 21.886173 -64.612808 177.28891 18.158318 -47.970947 13.77511 38.373775 -0.141114 -0.069345 -2.146007 -2.713149 11.364242 22.174519 -20.467459 50.017433 -16.697145 -16.743431 28.505219 -0.012236 -12.680171 -0.00653 15.99596 -17.808205 2.809739 -0.096138 -1.517184 -4.259735 -5.037153 -5.612096 -2.960401 0.006175 -11.020064 0.008428 -6.097936 -15.894552 -3.819669 0.004583 0.006199 -0.009638 -10.276463 -5.676102 -4.320898 11.018765 -11.315534 -2.390305 -1.382248 -14.255142 -6.289765 -0.628148 -26.931019 -3.811774 -4.21765 -49.99374 -3.296445 -13.696738 -7.359627 -3.707787 18.11993 -14.062675 -3.236398 0.016815 -18.789818 0.009593 -0.433093 -8.459945 2.558439 -0.005573 -0.001701 -0.005573 -15.905264 -20.095678 -5.446819 30.380005 -7.197969 1.713923 -0.010921 -8.173719 0.007765 -1.870718 -22.868938 -6.12864 0.003605 -0.007797 -0.000383 -179.531647 -7.542089 -12.287541 18.526934 -0.103522 0.294292 -82.579521 -4.527653 -11.009747 -5.560602 1.549866 2.090578 -0.994481 0.006435 0.002211 2.139026 -5.507199 -9.833391 14.511101 -0.023759 0.096545 -80.45298 -3.398178 -9.578913 -5.906958 0.651663 1.667761 -0.99518 -0.002411 0.000121 
0.0 0.0 0.0 0.0 -0.0 0.0 3.235774 99.199409 -4.796497 88.968353 3.545543 89.716164 -4.758127 1.609284 0.227079 -12.146523 0.216685 0.820781 22.793282 -0.803253 -1.067643 18.946798 -4.013776 2.579247 -2.683642 -0.434867 1.399467 -22.698606 1.649897 0.277901 -4.8e-05 0.000547 0.00134 -0.052666 0.006407 0.066664 -0.056612 0.06388 0.078649 -0.04675 -0.056856 0.048277 -148.963928 -60.258499 167.42038 26.989035 -39.406334 23.477934 35.628357 0.270663 0.085015 -5.087684 -2.977434 -3.084879 17.623674 -26.319252 52.396664 -19.460455 -14.395941 29.386175 -0.003436 -8.774783 0.009669 15.869411 -18.443832 6.461361 -0.616874 -1.794541 -3.893032 -4.784284 -11.037442 -2.941632 0.015052 -20.983742 0.014326 -5.006541 -25.021765 -4.029822 0.002167 -0.0 0.002741 -10.612247 -5.671259 -3.572577 10.575085 -17.913927 -3.106315 0.016301 -13.823804 -0.009713 -0.496127 -31.163967 -4.005545 -11.150839 -59.383488 7.041639 -13.963354 -7.129258 -2.872505 13.769928 -8.409442 -3.231789 0.369131 -34.207253 0.772211 -0.976274 -17.718855 2.634855 0.002141 -0.005724 -0.0 -17.318768 -20.077581 -4.202367 21.757973 -1.652936 3.870915 0.001432 -6.35007 -0.01402 -1.699319 -22.587961 -6.182394 0.003449 0.000813 0.003449 22.02984 -64.7444 177.14595 18.186653 -48.019386 13.769378 38.369514 -0.141091 -0.061827 -2.123014 -2.714397 11.314975 22.192936 -20.317888 49.872166 -16.712044 -16.727913 28.486965 -0.003167 -12.686482 -0.014086 15.999149 -17.798191 2.786817 -0.108762 -1.514253 -4.265084 -5.019027 -5.60689 -2.945201 0.011398 -11.001219 -0.017228 -6.092152 -15.862935 -3.817001 0.00437 0.000721 -0.002468 -10.282005 -5.675136 -4.311092 11.043226 -11.294342 -2.40535 -1.372316 -14.248875 -6.323913 -0.616535 -26.943525 -3.824135 -4.115197 -49.89555 -3.334216 -13.707747 -7.346483 -3.707246 18.160601 -14.056547 -3.250878 0.011913 -18.771004 -0.00209 -0.432871 -8.445315 2.561901 -0.002442 -0.002421 0.0 -15.911146 -20.084923 -5.472137 30.406855 -7.187957 1.736589 0.013616 -8.162835 -0.006282 -1.840979 -22.841957 -6.18835 0.0 0.002372 0.010833 -179.602051 -7.628363 -12.235079 18.56732 -0.106858 0.308167 -82.515198 -4.540792 -11.119985 -5.586112 1.563359 2.089946 -1.001716 0.002302 -0.000113 2.095572 -5.499578 -9.833033 14.563191 -0.030386 0.104989 -80.491043 -3.450368 -9.565865 -5.904323 0.658513 1.672877 -0.998985 -0.002596 -0.000127 
0.0 0.0 0.0 0.0 -0.0 0.0 3.256876 99.201141 -4.771853 88.963608 3.516042 89.727814 -4.758049 1.621505 0.228328 -12.163836 0.224682 0.839701 22.830454 -0.767459 -1.06233 19.004581 -4.012541 2.565065 -2.686282 -0.424015 1.423473 -22.723623 1.61112 0.327014 -5.5e-05 0.00087 -0.00174 -0.0535 0.007664 0.05831 -0.064378 0.064178 0.070264 -0.056249 -0.057365 0.048297 -149.000473 -60.259426 167.435257 27.048586 -39.43755 23.496622 35.6409 0.265498 0.081684 -5.094353 -2.980311 -3.126449 17.630327 -26.338814 52.443867 -19.48476 -14.404591 29.425337 -0.0086 -8.779429 0.009031 15.884285 -18.440634 6.486203 -0.614669 -1.803692 -3.895679 -4.806262 -11.061268 -2.943341 -0.012663 -21.015762 0.006732 -5.016324 -25.1096 -4.067645 -0.011781 0.001064 0.005307 -10.630723 -5.685018 -3.562736 10.571772 -17.93058 -3.125538 -0.003164 -13.825938 -0.001262 -0.489906 -31.225945 -4.056845 -11.145902 -59.574585 6.967771 -13.984447 -7.152043 -2.881549 13.782198 -8.418771 -3.21221 0.373394 -34.289883 0.768637 -0.962869 -17.756117 2.631885 0.005803 -0.004114 -0.013707 -17.346392 -20.120663 -4.190522 21.763618 -1.638231 3.859874 0.004562 -6.350252 -0.012712 -1.706529 -22.623587 -6.198686 -0.000993 -0.009212 0.007295 22.006268 -64.861229 177.160355 18.230936 -48.086163 13.748268 38.397503 -0.123135 -0.063916 -2.104982 -2.722029 11.387104 22.230623 -20.353127 49.932629 -16.713745 -16.764135 28.491837 0.004872 -12.701876 -0.006181 16.002323 -17.820934 2.779521 -0.087979 -1.50748 -4.278472 -5.04503 -5.615206 -2.965264 0.007286 -11.026511 -0.008564 -6.098036 -15.901195 -3.836699 0.002946 -2.4e-05 -0.011174 -10.285552 -5.675768 -4.352539 11.043914 -11.324387 -2.390408 -1.364637 -14.267745 -6.326081 -0.624519 -26.986092 -3.809131 -4.134279 -50.034176 -3.343499 -13.715791 -7.356093 -3.729165 18.1751 -14.080037 -3.258665 0.013534 -18.80043 -0.014712 -0.446756 -8.455647 2.577627 -0.002206 -0.007332 0.004515 -15.914051 -20.100513 -5.499391 30.438766 -7.222297 1.737889 0.01168 -8.172783 -0.005894 -1.836575 -22.880625 -6.181757 -0.014399 0.010107 0.013365 -179.582657 -7.537453 -12.234306 18.568291 -0.119793 0.30355 -82.62101 -4.556564 -11.059706 -5.610036 1.562515 2.095464 -0.998462 0.006347 0.001315 2.105343 -5.49362 -9.833162 14.518003 -0.025095 0.109005 -80.486786 -3.493711 -9.555985 -5.886154 0.645209 1.670068 -0.999289 0.0041 0.001013 
0.0 0.0 0.0 0.0 -0.0 0.0 3.25964 99.192741 -4.737817 88.954994 3.502653 89.700623 -4.74355 1.633456 0.225715 -12.159991 0.237754 0.862158 22.852917 -0.730883 -1.063692 19.046858 -4.011396 2.568397 -2.678837 -0.424888 1.454203 -22.779053 1.583287 0.378451 0.000816 -9.4e-05 0.000341 -0.045591 0.004984 0.062012 -0.062757 0.064361 0.072023 -0.050899 -0.060592 0.053572 -149.024368 -60.198086 167.442566 27.110716 -39.442982 23.500954 35.620975 0.2433 0.132161 -5.089241 -2.967914 -3.148344 17.622927 -26.424006 52.615944 -19.477087 -14.405649 29.466846 -0.003186 -8.779667 -0.007358 15.889377 -18.469168 6.532608 -0.594725 -1.793004 -3.892537 -4.821312 -11.059678 -2.93853 0.00206 -21.005976 -0.007931 -5.029519 -25.056496 -4.033417 0.0006 -0.007354 0.007155 -10.629881 -5.68534 -3.559869 10.569666 -17.926516 -3.119427 0.001515 -13.822202 -0.004207 -0.483086 -31.184465 -4.047992 -11.191971 -59.386322 7.051953 -13.985589 -7.149558 -2.858327 13.785673 -8.396106 -3.246799 0.33958 -34.272182 0.785529 -0.983748 -17.763363 2.626957 0.003371 -0.003299 -0.00405 -17.353594 -20.107943 -4.184646 21.770636 -1.636247 3.83671 0.001383 -6.343732 0.006381 -1.668395 -22.623283 -6.209362 -0.009807 -0.001919 0.005022 21.94417 -64.852463 177.189285 18.225096 -48.124779 13.725985 38.346855 -0.087785 -0.021217 -2.078443 -2.761673 11.369598 22.186647 -20.404457 50.031975 -16.721203 -16.766962 28.537836 0.004874 -12.695451 0.01432 16.007351 -17.793818 2.787723 -0.094767 -1.507104 -4.281274 -5.040751 -5.619308 -2.968681 -0.001898 -11.033502 0.010098 -6.102456 -15.934029 -3.840086 -0.002798 0.005572 -0.007311 -10.280544 -5.682246 -4.34095 11.044393 -11.322521 -2.389666 -1.390536 -14.272833 -6.315784 -0.628835 -26.971899 -3.832953 -4.177232 -49.994843 -3.366556 -13.710599 -7.361182 -3.728436 18.163683 -14.071547 -3.265139 9.2e-05 -18.817886 0.011068 -0.445532 -8.454791 2.573413 -0.00556 0.005756 -0.009706 -15.925321 -20.121908 -5.488708 30.463457 -7.194607 1.720351 -0.005172 -8.185494 0.021926 -1.844824 -22.905756 -6.189699 -0.005159 0.003215 -0.014446 -179.629883 -7.55093 -12.197515 18.620693 -0.118222 0.300408 -82.639908 -4.531411 -11.067457 -5.621188 1.569211 2.095711 -0.997854 -0.000211 -0.001405 2.131975 -5.521042 -9.80403 14.576658 -0.0199 0.113535 -80.541985 -3.519969 -9.609993 -5.852304 0.65709 1.675726 -0.996409 -0.005562 -0.001636 
0.0 0.0 0.0 0.0 -0.0 0.0 3.25204 99.193764 -4.733431 88.94928 3.497756 89.649841 -4.719137 1.641393 0.227217 -12.144124 0.245766 0.876466 22.861271 -0.691658 -1.053756 19.07943 -4.016806 2.559189 -2.680128 -0.4251 1.512598 -22.833035 1.554892 0.438569 -0.000105 0.00015 0.001186 -0.04474 0.005413 0.066642 -0.062066 0.067641 0.076616 -0.048101 -0.062676 0.058305 -149.048035 -60.159992 167.433472 27.114494 -39.463531 23.412991 35.648315 0.246761 0.141272 -5.080661 -2.967491 -3.09703 17.644623 -26.397861 52.502823 -19.479574 -14.400421 29.452654 0.003278 -8.778605 0.02015 15.909438 -18.431694 6.472893 -0.610131 -1.801338 -3.896873 -4.809824 -11.052393 -2.918714 -0.000554 -20.979923 -0.002787 -5.01544 -25.040936 -4.025556 0.009132 0.001488 -0.004222 -10.629076 -5.689228 -3.563095 10.567468 -17.942501 -3.11711 0.012151 -13.847157 0.007037 -0.498786 -31.246349 -4.006642 -11.246037 -59.582287 7.116342 -13.985131 -7.151705 -2.87181 13.770833 -8.41286 -3.216011 0.37187 -34.268871 0.779521 -0.978703 -17.758276 2.643241 -0.014173 0.004111 0.003939 -17.354723 -20.107563 -4.185275 21.776443 -1.63949 3.868727 -0.004165 -6.33532 0.003742 -1.682345 -22.595959 -6.209174 0.006127 -0.000801 0.00628 21.861032 -64.84552 177.184921 18.227152 -48.096619 13.617949 38.319931 -0.121602 -0.054303 -1.999553 -2.744309 11.31112 22.178047 -20.400934 49.967751 -16.6996 -16.751959 28.491341 -0.00701 -12.700971 -0.004088 15.992163 -17.772196 2.760496 -0.106871 -1.515216 -4.271459 -5.030897 -5.604601 -2.95965 -0.002174 -11.018719 0.015988 -6.102785 -15.894665 -3.851079 0.0002 0.007829 -0.000287 -10.284725 -5.674048 -4.349164 11.034944 -11.307665 -2.34686 -1.385389 -14.226771 -6.331541 -0.629398 -26.901747 -3.796738 -4.242402 -49.691769 -3.262772 -13.707977 -7.357612 -3.719032 18.134563 -14.057384 -3.242167 0.003951 -18.799061 0.006285 -0.421175 -8.451069 2.564297 -0.000199 -0.009701 -0.005625 -15.920504 -20.091284 -5.489218 30.428654 -7.208299 1.749088 5.9e-05 -8.149321 0.003943 -1.842131 -22.875717 -6.16283 0.007272 -0.007862 0.004856 -179.619415 -7.538127 -12.170547 18.603287 -0.126521 0.311629 -82.6651 -4.558786 -11.064151 -5.621138 1.574612 2.099641 -0.998382 0.00816 0.001768 2.117184 -5.51045 -9.738535 14.580851 -0.017944 0.109384 -80.635277 -3.539842 -9.630296 -5.818622 0.663231 1.672043 -0.993323 -0.002632 0.000484 
0.0 0.0 0.0 0.0 -0.0 0.0 3.266256 99.19931 -4.72446 88.939835 3.479841 89.579727 -4.695187 1.64953 0.235013 -12.118534 0.247806 0.872208 22.891174 -0.650539 -1.031011 19.112671 -4.022318 2.554385 -2.675162 -0.424964 1.578189 -22.953278 1.527039 0.495502 -0.000921 0.000104 0.001495 -0.042833 0.003534 0.061591 -0.060251 0.067074 0.071526 -0.050507 -0.065019 0.052055 -149.054611 -60.197498 167.395126 27.133722 -39.516815 23.263212 35.688698 0.212276 0.1429 -5.067591 -2.918016 -3.099714 17.703991 -26.359602 52.45594 -19.51391 -14.405787 29.418919 -0.001958 -8.786631 0.011338 15.914836 -18.423162 6.448493 -0.597069 -1.800305 -3.892317 -4.80743 -11.063603 -2.953735 0.01438 -21.006891 -0.002343 -5.010921 -25.097832 -4.032999 -0.010686 -0.000261 0.00525 -10.633241 -5.688801 -3.554289 10.603747 -17.946156 -3.142081 0.011274 -13.837274 0.002226 -0.456468 -31.239906 -4.059892 -11.195167 -59.533024 7.119246 -13.98717 -7.145706 -2.861984 13.794996 -8.419972 -3.228609 0.391217 -34.267143 0.741571 -0.94429 -17.761189 2.63017 -0.001479 -0.005259 0.004691 -17.34623 -20.111015 -4.215412 21.801264 -1.660678 3.870953 0.010979 -6.352359 -0.014705 -1.70447 -22.624104 -6.192337 -0.001971 0.000157 -0.002083 21.874828 -64.887779 177.140335 18.226097 -48.114998 13.582633 38.3694 -0.090437 -0.057471 -1.920344 -2.732391 11.180578 22.196648 -20.421114 50.051311 -16.70285 -16.760775 28.513973 -0.000744 -12.710692 -0.013172 16.015095 -17.799753 2.774952 -0.108651 -1.512468 -4.296009 -5.039849 -5.616043 -2.960029 -0.010713 -11.03376 0.010611 -6.117442 -15.919651 -3.857026 -0.003621 0.001602 0.004129 -10.286966 -5.680448 -4.359122 11.032636 -11.294152 -2.3721 -1.403312 -14.234652 -6.314513 -0.622197 -26.929226 -3.83871 -4.26486 -49.715408 -3.312067 -13.71629 -7.373694 -3.739355 18.15654 -14.064751 -3.237432 -0.002673 -18.835588 0.003228 -0.438465 -8.464194 2.550863 -0.012858 0.008201 -0.003891 -15.931436 -20.105194 -5.479685 30.443689 -7.195273 1.744242 -0.006663 -8.156768 -0.001224 -1.871893 -22.875072 -6.167633 4.7e-05 0.006304 0.009166 -179.618683 -7.52899 -12.158546 18.559731 -0.124842 0.323104 -82.717239 -4.563277 -11.066899 -5.620497 1.567817 2.093368 -0.994675 -0.004757 1e-06 2.116282 -5.508223 -9.691398 14.508975 -0.01709 0.117402 -80.463463 -3.528311 -9.606131 -5.765814 0.667409 1.675628 -0.9963 -0.00547 -0.00106 
0.0 0.0 0.0 0.0 -0.0 0.0 3.265782 99.21302 -4.710211 88.924538 3.445167 89.482254 -4.671525 1.66492 0.264987 -12.147735 0.242204 0.843097 22.957439 -0.607048 -1.001108 19.105507 -4.047667 2.555517 -2.676528 -0.403205 1.645324 -22.976353 1.485729 0.575605 -0.000861 -0.000185 0.000258 -0.046925 0.001844 0.055357 -0.065339 0.066077 0.068521 -0.052944 -0.066732 0.057209 -149.057236 -60.1297 167.377319 27.117828 -39.469788 23.080862 35.691326 0.210429 0.113307 -5.008592 -2.863111 -3.118536 17.642645 -26.404329 52.512527 -19.479731 -14.425044 29.460028 -0.004176 -8.787871 0.012954 15.954104 -18.464714 6.473755 -0.599689 -1.785743 -3.919463 -4.810156 -11.066799 -2.918942 0.010896 -21.014091 0.011325 -5.02546 -25.06625 -4.034029 -0.001695 -0.008821 0.006425 -10.627862 -5.682481 -3.573025 10.590595 -17.946001 -3.116227 0.00843 -13.832002 -0.005288 -0.502794 -31.206871 -3.984166 -11.239849 -59.546497 7.123046 -13.983846 -7.146766 -2.887717 13.796213 -8.429139 -3.219938 0.351634 -34.267891 0.804925 -0.952987 -17.774473 2.627978 -0.011304 0.00192 0.009847 -17.335304 -20.108168 -4.233333 21.774916 -1.657765 3.871064 0.005056 -6.363981 0.004841 -1.695406 -22.662497 -6.206153 -0.011215 0.007466 0.002226 21.79439 -64.935158 177.120682 18.288191 -48.214291 13.443131 38.399364 -0.145661 -0.0804 -1.856194 -2.730913 11.052049 22.1716 -20.401516 50.009613 -16.727863 -16.74264 28.518446 -0.006759 -12.675783 -0.006555 15.993416 -17.727106 2.769591 -0.105257 -1.510081 -4.298868 -5.027375 -5.612453 -2.960521 0.000672 -11.016766 0.008834 -6.092898 -15.885842 -3.858168 0.006879 -0.017579 -0.003963 -10.268605 -5.671187 -4.353037 11.0314 -11.321319 -2.402931 -1.376541 -14.258969 -6.310001 -0.625825 -26.955225 -3.844191 -4.269569 -49.802937 -3.300866 -13.68535 -7.35394 -3.739386 18.129219 -14.060496 -3.252207 0.019083 -18.780262 -0.009886 -0.435967 -8.439624 2.56676 0.008162 -0.001099 -0.004081 -15.894313 -20.100636 -5.499145 30.424774 -7.201986 1.714999 0.010599 -8.175448 -0.006136 -1.836599 -22.854364 -6.162493 -0.005437 0.001465 -0.003157 -179.529083 -7.584913 -12.194737 18.453169 -0.125556 0.326233 -82.639519 -4.511806 -11.142296 -5.606257 1.550038 2.092204 -1.001224 -0.008696 -0.001722 2.130792 -5.484194 -9.649975 14.376181 -0.014852 0.116161 -80.418564 -3.494092 -9.581443 -5.764631 0.652397 1.677998 -0.999251 -0.002943 -0.000216 
0.0 0.0 0.0 0.0 -0.0 0.0 3.264721 99.225998 -4.696922 88.897835 3.400302 89.385872 -4.646127 1.682508 0.273571 -12.127955 0.242946 0.827444 22.991991 -0.540272 -0.977604 19.12425 -4.110517 2.565395 -2.683751 -0.38793 1.701916 -23.096079 1.43472 0.678092 -0.000896 0.000235 -1.9e-05 -0.049652 0.001465 0.061873 -0.066474 0.068144 0.073522 -0.056215 -0.069974 0.057087 -149.093445 -60.162685 167.376038 27.154802 -39.479855 22.811771 35.761307 0.16958 0.114032 -4.975616 -2.783748 -3.191688 17.636234 -26.395723 52.546108 -19.490202 -14.392388 29.430038 -0.001054 -8.776485 -0.000127 15.937012 -18.44799 6.465678 -0.6098 -1.793595 -3.881142 -4.805435 -11.052574 -2.948238 0.004897 -20.998255 0.015598 -5.018916 -25.020634 -4.040312 0.006966 -0.012708 0.00478 -10.643943 -5.688494 -3.555826 10.589115 -17.946566 -3.135597 0.005797 -13.85645 0.000593 -0.516159 -31.276209 -4.010365 -11.239739 -59.722675 7.14007 -13.999637 -7.15153 -2.85847 13.786152 -8.408802 -3.242267 0.363041 -34.301956 0.779644 -0.970464 -17.772562 2.622149 -0.005218 0.005864 0.002243 -17.361765 -20.107929 -4.187385 21.770418 -1.631637 3.830464 0.003548 -6.361115 0.011861 -1.699096 -22.644287 -6.189843 0.003849 -0.007255 -0.002283 21.761843 -65.018967 177.098236 18.34564 -48.288166 13.270592 38.464855 -0.174037 -0.091148 -1.806809 -2.746597 10.971007 22.152693 -20.445906 50.04464 -16.721369 -16.747652 28.548925 -0.006713 -12.681544 0.000906 15.994939 -17.761782 2.745681 -0.103501 -1.508575 -4.294832 -5.037707 -5.619667 -2.962615 0.009823 -11.029998 0.010582 -6.10247 -15.88345 -3.823073 0.004115 -0.012455 -0.008651 -10.272955 -5.678337 -4.353207 11.021993 -11.318692 -2.375797 -1.382735 -14.247581 -6.334592 -0.602957 -26.97205 -3.838465 -4.285081 -49.810818 -3.340814 -13.695421 -7.356669 -3.732142 18.130795 -14.058677 -3.243428 -0.008274 -18.784567 0.006132 -0.427305 -8.445375 2.543298 0.004773 0.004679 4.8e-05 -15.891366 -20.091339 -5.507563 30.406038 -7.201457 1.729929 -0.007751 -8.170915 -0.00327 -1.844433 -22.881403 -6.174377 -0.009486 0.009953 -0.005716 -179.510574 -7.601977 -12.269233 18.357018 -0.129534 0.337617 -82.593582 -4.484497 -11.148481 -5.601873 1.544151 2.087232 -0.994694 -0.004833 0.001205 2.136309 -5.448211 -9.599146 14.232702 -0.017547 0.126784 -80.320053 -3.461546 -9.548257 -5.778299 0.659318 1.670294 -0.995403 -0.002943 0.000646 
0.0 0.0 0.0 0.0 -0.0 0.0 3.254892 99.231682 -4.727409 88.826225 3.32824 89.256516 -4.617165 1.708605 0.25491 -12.080391 0.258516 0.84301 22.976643 -0.456621 -0.962756 19.114832 -4.192486 2.591515 -2.688236 -0.383498 1.736206 -23.234734 1.376911 0.780063 4.2e-05 -9e-05 -0.00152 -0.047865 0.001432 0.060533 -0.063133 0.069819 0.070332 -0.055213 -0.071228 0.053759 -149.072449 -60.028503 167.385086 27.15497 -39.456394 22.55447 35.790905 0.169995 0.113644 -4.984167 -2.704217 -3.185312 17.641848 -26.38006 52.55278 -19.449085 -14.412241 29.442684 -0.001599 -8.784322 0.015074 15.90679 -18.445845 6.424456 -0.598549 -1.797624 -3.892278 -4.827677 -11.062801 -2.942513 -0.013331 -21.009413 0.000425 -5.064546 -25.070375 -4.051325 0.008734 -0.00571 0.002778 -10.646006 -5.693079 -3.56494 10.573886 -17.924864 -3.108308 -0.004707 -13.822917 0.01441 -0.488672 -31.177528 -4.072735 -11.252139 -59.446934 7.115501 -14.005813 -7.162093 -2.86362 13.783981 -8.393768 -3.210288 0.353481 -34.245026 0.76193 -0.979603 -17.728289 2.63587 -0.00043 -0.003176 0.003063 -17.37505 -20.119036 -4.206376 21.784594 -1.635907 3.868795 -0.002802 -6.337848 0.009314 -1.724036 -22.580019 -6.171454 0.00757 0.010885 -0.017476 21.674225 -64.902618 177.090363 18.380651 -48.255108 13.044755 38.525677 -0.167663 -0.091942 -1.692188 -2.719912 10.927321 22.218517 -20.425388 49.984692 -16.689228 -16.735731 28.500977 -0.001016 -12.691684 -0.007188 16.021719 -17.767735 2.663528 -0.100659 -1.509627 -4.296355 -5.043131 -5.61106 -2.949127 0.002293 -11.026011 0.005954 -6.107813 -15.909442 -3.822556 0.005523 0.006039 -0.014257 -10.280279 -5.679904 -4.341175 11.028664 -11.30952 -2.367883 -1.376001 -14.237841 -6.337918 -0.643273 -26.947023 -3.812687 -4.272128 -49.696796 -3.356146 -13.70491 -7.365374 -3.732604 18.136192 -14.052617 -3.239968 -0.012043 -18.796757 0.028578 -0.423344 -8.454724 2.578421 0.005644 -0.00356 -0.004098 -15.898418 -20.094997 -5.491246 30.377909 -7.186181 1.747684 -0.000467 -8.15959 -0.013367 -1.863666 -22.860664 -6.165586 -0.005313 0.007242 0.007498 -179.592087 -7.652397 -12.306845 18.393522 -0.130586 0.337295 -82.57663 -4.456636 -11.108936 -5.563527 1.539284 2.084801 -1.000404 -0.00752 -0.002986 2.037806 -5.390019 -9.526079 14.214161 -0.022132 0.129964 -80.266479 -3.45534 -9.515756 -5.778784 0.659739 1.671117 -0.992233 0.003333 0.001903 
0.0 0.0 0.0 0.0 -0.0 0.0 3.26498 99.249847 -4.747372 88.793076 3.2453 89.123604 -4.580836 1.754744 0.253054 -12.093751 0.267429 0.834481 23.041943 -0.346923 -0.949931 19.170368 -4.331601 2.615162 -2.696006 -0.370107 1.824532 -23.419502 1.294724 0.924795 -1.9e-05 0.000758 -0.003499 -0.047838 0.001438 0.049844 -0.067653 0.071377 0.059561 -0.051378 -0.074429 0.045227 -149.156509 -60.13517 167.447083 27.178371 -39.517384 22.349936 35.857666 0.175668 0.098655 -4.971779 -2.626224 -3.252777 17.679981 -26.32354 52.43087 -19.450403 -14.400313 29.384409 0.001936 -8.788645 0.011822 15.908291 -18.457714 6.459999 -0.599847 -1.795782 -3.880584 -4.820904 -11.062792 -2.949403 -0.016813 -20.998835 0.023997 -5.038238 -25.038282 -4.052967 0.009146 -0.00041 0.002086 -10.64287 -5.694864 -3.567141 10.57918 -17.951475 -3.1143 -0.004911 -13.856124 0.013363 -0.499498 -31.233206 -4.061573 -11.247873 -59.539715 7.130909 -13.98909 -7.164794 -2.873901 13.782691 -8.403547 -3.223255 0.317112 -34.293018 0.793069 -0.975244 -17.7654 2.620584 0.00691 -0.002225 -0.0014 -17.377199 -20.140331 -4.195042 21.791845 -1.632979 3.871537 -0.011429 -6.345006 0.012078 -1.719266 -22.626587 -6.207704 0.002599 -0.010976 -0.005232 21.705236 -65.13279 177.120285 18.501169 -48.448093 12.807021 38.652794 -0.186278 -0.094722 -1.624694 -2.694719 10.894029 22.219187 -20.375994 49.959518 -16.706915 -16.743387 28.441196 0.003134 -12.699399 -0.002137 16.034632 -17.801168 2.677744 -0.085246 -1.506404 -4.265707 -5.046083 -5.613874 -2.971489 0.002301 -11.021812 0.017038 -6.097145 -15.881351 -3.876457 -0.005838 -0.008024 0.019297 -10.271614 -5.669298 -4.333451 11.033919 -11.320105 -2.384805 -1.373046 -14.248861 -6.322987 -0.626077 -26.95311 -3.825553 -4.156436 -49.724991 -3.439219 -13.706113 -7.36521 -3.717024 18.145374 -14.057642 -3.240105 0.004902 -18.802788 -0.016523 -0.438784 -8.448462 2.55538 0.013513 0.003061 -0.0074 -15.907791 -20.099276 -5.486423 30.408266 -7.205108 1.724372 0.007498 -8.165795 -0.004441 -1.827903 -22.897335 -6.171274 -0.00575 0.013442 0.005742 -179.632507 -7.707647 -12.357915 18.364983 -0.12011 0.324943 -82.704727 -4.478727 -11.078232 -5.524469 1.551975 2.086804 -1.001429 -0.001537 0.001441 2.019458 -5.323307 -9.434332 14.009379 -0.015045 0.143879 -80.282578 -3.42557 -9.474768 -5.768144 0.667063 1.673935 -0.992667 0.003656 4.6e-05 
0.0 0.0 0.0 0.0 -0.0 0.0 3.214952 99.269485 -4.743937 88.715416 3.174412 88.968918 -4.524411 1.820551 0.239342 -12.066003 0.284307 0.828021 23.025652 -0.222327 -0.920837 19.081203 -4.503082 2.630265 -2.67139 -0.345862 1.929983 -23.547503 1.178435 1.111865 0.001688 0.000345 0.001532 -0.046977 0.001598 0.045993 -0.072172 0.071838 0.055695 -0.056518 -0.074155 0.043157 -149.130768 -60.017677 167.40239 27.127565 -39.45858 21.979063 35.87722 0.115611 0.114705 -4.92744 -2.538359 -3.299517 17.64052 -26.295151 52.35688 -19.442822 -14.369581 29.337542 -0.010109 -8.767276 0.014681 15.862 -18.402279 6.447937 -0.592892 -1.791809 -3.877239 -4.796732 -11.035689 -2.944867 0.031834 -20.980717 0.009822 -4.98245 -25.009665 -4.01726 0.003482 -0.002138 0.004151 -10.605612 -5.671896 -3.566844 10.564816 -17.924986 -3.107211 0.017414 -13.824236 -0.005751 -0.526137 -31.200752 -3.987894 -11.201081 -59.428944 7.154132 -13.949778 -7.130054 -2.870179 13.757808 -8.40461 -3.209527 0.394152 -34.155155 0.761851 -0.933331 -17.706432 2.638693 0.006038 -0.003348 -0.010478 -17.295252 -20.062325 -4.208344 21.722351 -1.651276 3.861853 0.00701 -6.338948 0.010432 -1.672905 -22.590647 -6.201067 -0.005748 -0.013069 0.007145 21.539452 -65.093971 177.148819 18.560472 -48.450893 12.532398 38.700649 -0.213402 -0.087885 -1.522204 -2.654227 10.81628 22.178215 -20.344732 49.843983 -16.70565 -16.731487 28.430046 -0.005439 -12.689197 0.009433 16.039175 -17.753027 2.675599 -0.110851 -1.512251 -4.285651 -5.033166 -5.609801 -2.932636 0.006819 -11.014526 -0.008262 -6.114618 -15.889964 -3.826952 0.000801 -0.0041 -0.01843 -10.284022 -5.669203 -4.329963 11.031133 -11.304314 -2.378582 -1.380724 -14.237441 -6.305368 -0.610584 -26.908487 -3.814037 -4.188883 -49.615265 -3.38159 -13.712147 -7.359328 -3.709123 18.145988 -14.049868 -3.23509 0.009051 -18.781 -0.009526 -0.414333 -8.461209 2.529774 -0.000379 0.007295 -0.003716 -15.921722 -20.078285 -5.456128 30.416595 -7.202883 1.728903 -0.005569 -8.155621 0.001345 -1.849106 -22.838205 -6.191881 -0.0 -0.003816 0.013952 -179.631317 -7.809836 -12.411813 18.269447 -0.113299 0.329571 -82.629066 -4.465862 -11.099486 -5.489111 1.532531 2.08684 -1.000193 0.002514 3.5e-05 2.02013 -5.186356 -9.33576 13.77362 -0.018765 0.142842 -80.038971 -3.408363 -9.355126 -5.758527 0.677266 1.676728 -1.000022 0.000129 0.00149 
0.0 0.0 0.0 0.0 -0.0 0.0 3.143185 99.29364 -4.788529 88.628143 3.094125 88.792938 -4.46037 1.911555 0.232364 -12.042611 0.305707 0.819889 23.083944 -0.072593 -0.898478 19.068403 -4.734836 2.649484 -2.668267 -0.310816 2.074461 -23.838869 1.04212 1.345884 0.0 -0.0 0.0 -0.05128 0.000512 0.044503 -0.080907 0.067953 0.048797 -0.06599 -0.073118 0.039663 -149.271469 -60.170803 167.501846 27.141813 -39.57827 21.79775 36.100124 0.157321 0.08853 -4.918454 -2.432676 -3.299379 17.665468 -26.375496 52.54565 -19.494375 -14.409881 29.481245 -0.001267 -8.783722 -0.002716 15.869841 -18.448212 6.488213 -0.603907 -1.801852 -3.912131 -4.812597 -11.059234 -2.96748 -0.008697 -20.991121 -0.012483 -5.026255 -25.055613 -4.057963 -0.013428 0.006497 0.015053 -10.641397 -5.700107 -3.59227 10.58501 -17.930904 -3.133602 -0.006329 -13.824244 0.000467 -0.47424 -31.208223 -4.04303 -11.180069 -59.385082 7.081888 -13.988611 -7.167923 -2.918294 13.771846 -8.405293 -3.231336 0.325391 -34.243244 0.79549 -0.967876 -17.772465 2.609155 -0.010004 0.005683 0.007219 -17.356812 -20.137571 -4.256134 21.792681 -1.643278 3.868924 -0.004841 -6.347825 0.002157 -1.718731 -22.636173 -6.21628 -0.0081 0.009327 0.010328 21.508471 -65.342957 177.24527 18.680426 -48.611729 12.368438 38.908417 -0.21353 -0.09666 -1.427661 -2.63147 10.820662 22.223215 -20.421137 50.008236 -16.728186 -16.744316 28.502779 -0.009449 -12.701275 -0.008374 16.049015 -17.761648 2.687448 -0.093934 -1.513582 -4.259748 -5.049434 -5.6247 -2.95337 0.013897 -11.040868 -0.007234 -6.109065 -15.910583 -3.844998 0.0 -0.008497 -0.003606 -10.282007 -5.675011 -4.318065 11.048991 -11.335013 -2.390735 -1.387473 -14.253395 -6.329073 -0.585496 -27.016811 -3.841308 -4.158937 -49.837769 -3.392372 -13.712784 -7.362554 -3.70078 18.159523 -14.08802 -3.24322 0.02242 -18.821127 -0.012576 -0.414467 -8.461901 2.580179 0.013322 -0.016644 -0.009605 -15.925921 -20.109516 -5.458963 30.465048 -7.232145 1.725941 -0.002866 -8.174006 -0.005432 -1.861684 -22.876318 -6.16408 0.008484 -0.0092 -0.007922 -179.661469 -7.940328 -12.4707 18.176613 -0.105932 0.318254 -82.592087 -4.453482 -11.101302 -5.459563 1.532473 2.085197 -0.99631 0.007074 0.000966 1.973188 -5.025393 -9.243089 13.549983 -0.015814 0.149498 -79.966682 -3.392113 -9.250399 -5.762688 0.687772 1.681328 -0.998833 0.009246 -0.000422 
0.0 0.0 0.0 0.0 -0.0 0.0 3.013706 99.321815 -4.840244 88.530205 3.01677 88.640526 -4.374518 2.017617 0.204679 -12.006274 0.342568 0.826839 23.109976 0.107972 -0.886772 18.934675 -5.012565 2.680706 -2.645646 -0.281262 2.210758 -24.054636 0.90904 1.576448 -0.000901 9.4e-05 -0.00178 -0.051263 -0.001569 0.044564 -0.081132 0.065307 0.055721 -0.059853 -0.072227 0.043198 -149.357346 -60.223576 167.518387 27.059793 -39.594807 21.490993 36.265491 0.115324 0.104882 -4.881557 -2.278717 -3.408224 17.658464 -26.400728 52.566494 -19.478285 -14.42604 29.45693 -0.008789 -8.785066 -0.005535 15.799232 -18.438068 6.50175 -0.602127 -1.795981 -3.88918 -4.806409 -11.057742 -2.930324 0.020829 -20.999262 -0.021838 -5.017829 -25.036764 -4.019165 0.002189 0.00223 -0.00249 -10.63783 -5.689331 -3.565833 10.592496 -17.951281 -3.118121 0.012539 -13.857229 0.000645 -0.510767 -31.239971 -4.005941 -11.28448 -59.528275 7.250834 -13.997357 -7.150626 -2.882785 13.793987 -8.416506 -3.210478 0.37132 -34.23727 0.776352 -0.960856 -17.73547 2.643835 -0.0 -0.005403 0.004081 -17.340494 -20.108414 -4.221249 21.761887 -1.648411 3.863701 0.009065 -6.350848 -0.000902 -1.697398 -22.62006 -6.171316 -0.003628 0.006967 0.002517 21.375212 -65.527679 177.296005 18.766651 -48.679085 12.074631 39.012531 -0.237383 -0.081054 -1.326262 -2.587245 10.83114 22.188726 -20.436079 50.020283 -16.702694 -16.735601 28.495255 0.004176 -12.692165 -0.002291 16.078608 -17.771305 2.644781 -0.110567 -1.516809 -4.285847 -5.043184 -5.616655 -2.939687 0.000622 -11.017809 -0.005354 -6.120514 -15.894019 -3.845355 -0.010103 0.001703 0.007663 -10.291237 -5.68222 -4.322871 11.041561 -11.304114 -2.382912 -1.384438 -14.248465 -6.315753 -0.637856 -26.915075 -3.819004 -4.233341 -49.639057 -3.386067 -13.705928 -7.358311 -3.713403 18.145912 -14.058367 -3.243103 -0.003544 -18.75819 0.005153 -0.425448 -8.455834 2.560842 8.7e-05 -0.003415 0.006226 -15.918506 -20.096937 -5.465797 30.4098 -7.197075 1.735338 -0.015181 -8.151324 -0.003095 -1.858087 -22.883068 -6.131124 0.003241 0.003147 -0.002935 -179.678574 -8.119202 -12.540359 18.037941 -0.098715 0.326625 -82.427422 -4.403234 -11.147727 -5.427036 1.500278 2.079622 -0.99947 0.004021 0.000295 1.940526 -4.819931 -9.194489 13.301807 -0.004662 0.15433 -79.834503 -3.367834 -9.085923 -5.757813 0.703347 1.684887 -0.995836 -0.010731 -0.002699 
0.0 0.0 0.0 0.0 -0.0 0.0 2.78293 99.346115 -4.928386 88.417976 2.928077 88.507149 -4.259262 2.161356 0.189763 -11.954692 0.371098 0.796041 23.129436 0.303927 -0.854168 18.801611 -5.32177 2.700131 -2.636903 -0.256532 2.384394 -24.313759 0.790118 1.804899 5.5e-05 -0.000223 0.001815 -0.051176 -0.00246 0.058564 -0.07429 0.063332 0.067962 -0.047394 -0.073981 0.055739 -149.393158 -60.227058 167.55397 26.917496 -39.593956 21.057295 36.413837 0.108105 0.088203 -4.877856 -2.055431 -3.597598 17.677246 -26.320744 52.364605 -19.463202 -14.406481 29.39039 -0.010829 -8.773191 -0.003083 15.755683 -18.410812 6.4793 -0.593066 -1.787529 -3.905904 -4.796654 -11.030404 -2.918779 0.021555 -20.944504 -0.009706 -5.002986 -24.997232 -4.004437 0.009995 0.001132 -0.016129 -10.607293 -5.666835 -3.569779 10.574925 -17.908543 -3.124131 0.014658 -13.803226 0.015893 -0.493639 -31.156803 -3.99849 -11.222226 -59.237617 7.151929 -13.971358 -7.13865 -2.886066 13.786304 -8.394029 -3.207423 0.335367 -34.165173 0.777052 -0.956953 -17.728331 2.61668 0.010806 0.005395 0.006896 -17.314724 -20.061781 -4.208444 21.749365 -1.662403 3.859311 0.008505 -6.324835 0.003361 -1.702185 -22.526537 -6.180583 0.003141 -0.010423 0.006611 21.261446 -65.709862 177.34903 18.913961 -48.742069 11.754203 39.096947 -0.31895 -0.140062 -1.199864 -2.521378 10.836217 22.174566 -20.361465 49.86504 -16.710278 -16.750689 28.45648 -0.001576 -12.677225 -0.005857 16.041912 -17.720631 2.620073 -0.110307 -1.517763 -4.280303 -5.017172 -5.607115 -2.951182 0.017179 -11.023171 -0.004869 -6.102341 -15.871033 -3.844716 0.001967 -0.006431 -0.0 -10.27652 -5.66783 -4.335619 11.040409 -11.300923 -2.382837 -1.367302 -14.222943 -6.307933 -0.596858 -26.878416 -3.826253 -4.253891 -49.563164 -3.255753 -13.698218 -7.348291 -3.711832 18.167732 -14.064046 -3.268896 0.029468 -18.781149 0.000582 -0.431879 -8.453842 2.57101 -0.004636 -0.003598 0.001872 -15.906146 -20.076254 -5.475064 30.427307 -7.21179 1.731996 0.016536 -8.16489 -0.019397 -1.852018 -22.845619 -6.149733 -0.003439 0.00265 0.000499 -179.741669 -8.388986 -12.581721 17.89167 -0.092942 0.33157 -82.228737 -4.335856 -11.23566 -5.404572 1.49149 2.077078 -0.99895 0.003617 -0.000972 1.800301 -4.5356 -9.14492 13.221818 -0.001886 0.159902 -79.690933 -3.372786 -8.912671 -5.782969 0.710006 1.685049 -0.999446 0.002795 -0.000427 
0.0 0.0 0.0 0.0 -0.0 0.0 2.505984 99.388367 -5.092962 88.267654 2.82709 88.394104 -4.095475 2.332935 0.166639 -11.905873 0.401732 0.759982 23.155319 0.504173 -0.804551 18.655619 -5.622977 2.719695 -2.634854 -0.257779 2.541542 -24.667213 0.655251 2.010347 0.001147 -0.000609 0.001484 -0.053255 -0.00339 0.065658 -0.062233 0.060794 0.076594 -0.032412 -0.075229 0.065091 -149.49379 -60.21249 167.682327 26.766846 -39.665371 20.572021 36.63063 0.121832 0.070376 -4.861092 -1.739405 -3.885101 17.614611 -26.306423 52.422302 -19.443722 -14.381464 29.430435 0.002063 -8.761798 -0.01601 15.796307 -18.431587 6.468274 -0.603242 -1.79205 -3.890983 -4.799818 -11.0338 -2.933461 0.016467 -20.942429 -0.001845 -4.985317 -24.956758 -4.022662 -0.009364 -0.002717 0.001684 -10.612952 -5.673079 -3.575757 10.550068 -17.892572 -3.111962 0.004057 -13.807309 -0.003861 -0.516759 -31.119619 -3.990275 -11.086108 -59.236572 6.959998 -13.965282 -7.134635 -2.869838 13.762202 -8.397508 -3.233303 0.352672 -34.182301 0.784354 -0.96389 -17.694101 2.619072 -0.001376 -0.001178 0.008114 -17.321207 -20.073721 -4.218333 21.741255 -1.643583 3.881559 0.007311 -6.338664 -0.011761 -1.682226 -22.573601 -6.186496 0.003278 0.003661 -0.002225 20.990622 -65.682281 177.550415 19.025454 -48.704548 11.390347 39.180737 -0.325302 -0.140617 -1.072601 -2.434638 10.825801 22.132666 -20.373732 49.903393 -16.661928 -16.720396 28.436913 0.002224 -12.674591 -0.00074 16.054922 -17.695084 2.576599 -0.112293 -1.521259 -4.257528 -5.015744 -5.599608 -2.942225 -0.000808 -10.996666 -0.010062 -6.085836 -15.865473 -3.8359 -0.004855 -0.001592 -0.001617 -10.267705 -5.671834 -4.314261 11.009419 -11.27323 -2.382806 -1.382036 -14.206189 -6.301537 -0.634427 -26.845329 -3.807364 -4.248322 -49.495869 -3.313331 -13.684607 -7.348195 -3.709805 18.106432 -14.040879 -3.225286 0.001371 -18.756718 0.003204 -0.431358 -8.450649 2.568417 0.002896 0.001617 -0.008008 -15.89836 -20.07201 -5.463987 30.378315 -7.164655 1.746759 -0.014052 -8.157305 -0.010496 -1.870429 -22.843313 -6.155274 0.0 -0.0 0.0 -179.814316 -8.688197 -12.590787 17.660118 -0.08787 0.325614 -81.962189 -4.206499 -11.313407 -5.363907 1.479293 2.07302 -0.995001 0.006598 0.000335 1.698372 -4.175675 -9.076875 12.983134 -0.004928 0.170487 -79.623764 -3.407798 -8.739817 -5.824247 0.722039 1.681975 -0.999101 5.3e-05 -0.000653 
0.0 0.0 0.0 0.0 -0.0 0.0 2.134686 99.429459 -5.297616 88.117104 2.724954 88.351357 -3.869858 2.549999 0.142497 -11.835163 0.440359 0.7273 23.155319 0.703014 -0.767606 18.508907 -5.936693 2.766873 -2.63728 -0.281811 2.669172 -25.065102 0.530219 2.243371 -0.000791 0.000326 2.6e-05 -0.054937 -0.001607 0.063677 -0.069078 0.063378 0.080443 -0.036526 -0.072978 0.057507 -149.623627 -60.486252 167.794739 26.641996 -39.864983 19.984453 36.911804 0.130045 0.06313 -4.860783 -1.412766 -4.179239 17.591419 -26.299147 52.47171 -19.452419 -14.384867 29.416679 0.004752 -8.774097 0.014378 15.834042 -18.465042 6.434763 -0.607349 -1.797093 -3.896475 -4.807615 -11.039192 -2.930817 0.00332 -20.962992 -0.025246 -5.022042 -25.032091 -4.04258 0.017649 -0.010901 -0.00271 -10.63959 -5.693623 -3.56819 10.565812 -17.89325 -3.100075 0.002892 -13.809249 -0.01495 -0.504431 -31.133911 -4.035946 -11.038197 -59.226326 6.938959 -13.975249 -7.146112 -2.880758 13.757894 -8.39095 -3.221697 0.331311 -34.167313 0.768461 -0.96652 -17.705658 2.618956 0.0099 0.000366 -0.009962 -17.339123 -20.08651 -4.218877 21.735617 -1.627925 3.854424 -0.012965 -6.339112 0.027005 -1.695867 -22.570015 -6.195656 -0.002628 0.009035 -0.001081 20.812122 -66.066452 177.802551 19.432028 -48.984463 10.942336 39.449364 -0.37236 -0.125046 -0.978246 -2.367022 10.871425 22.183317 -20.31846 49.895607 -16.680302 -16.732042 28.433819 -0.002588 -12.673516 0.005902 16.102877 -17.724377 2.557325 -0.097989 -1.518596 -4.290084 -5.036416 -5.611284 -2.938666 0.003105 -11.017764 -0.007315 -6.112736 -15.903309 -3.849854 0.00133 0.00485 -0.006016 -10.267889 -5.678958 -4.336677 11.008873 -11.290841 -2.382004 -1.375692 -14.239485 -6.309663 -0.615391 -26.894951 -3.833888 -4.20857 -49.617889 -3.339599 -13.691608 -7.365401 -3.733009 18.120663 -14.042368 -3.240618 -0.007225 -18.781487 -0.002222 -0.433633 -8.440125 2.564232 -0.000393 -0.0032 0.001684 -15.914557 -20.086695 -5.473931 30.398321 -7.194904 1.737091 0.014044 -8.159831 -0.011046 -1.851336 -22.857431 -6.161891 0.002741 -0.005482 -0.008116 -179.943344 -9.099102 -12.581208 17.444933 -0.081204 0.346274 -81.685867 -4.059373 -11.411799 -5.325412 1.47826 2.075574 -1.002052 -0.006205 -0.001539 1.531641 -3.732785 -9.019409 12.807289 0.001788 0.154266 -79.392082 -3.441939 -8.506836 -5.839522 0.747169 1.682993 -0.998816 -0.0068 -0.003659 
0.0 0.0 0.0 0.0 -0.0 0.0 1.660243 99.448761 -5.566013 87.915565 2.592079 88.395058 -3.583157 2.84223 0.096188 -11.726719 0.489645 0.722683 23.160038 0.901193 -0.744895 18.315947 -6.244574 2.79108 -2.632588 -0.298513 2.767341 -25.60589 0.388652 2.555621 -0.000886 0.001887 0.001162 -0.060077 -0.00207 0.05445 -0.078266 0.064535 0.067618 -0.048242 -0.074762 0.047024 -149.648895 -60.806271 167.828186 26.601665 -40.127029 19.242319 37.221813 0.164133 0.042116 -4.85375 -1.074443 -4.409686 17.639984 -26.271111 52.370319 -19.477303 -14.390876 29.37686 -0.002153 -8.771634 0.003469 15.8065 -18.443701 6.407804 -0.60679 -1.794419 -3.900592 -4.802584 -11.040359 -2.935557 0.014937 -20.965984 -0.011726 -5.009892 -25.02319 -4.033374 0.003634 0.009661 -0.00151 -10.628528 -5.685519 -3.544314 10.569483 -17.91363 -3.122631 0.006652 -13.797015 -0.02785 -0.480369 -31.131336 -4.029502 -11.060281 -59.319839 7.040351 -13.98911 -7.141732 -2.857256 13.778288 -8.399713 -3.235329 0.368341 -34.191341 0.743805 -0.949276 -17.714943 2.613408 -0.013295 0.002103 -0.001739 -17.355667 -20.09631 -4.190976 21.773409 -1.641665 3.857448 -0.006406 -6.335351 0.01021 -1.685499 -22.577759 -6.220944 0.000845 -0.000541 -0.010618 20.680285 -66.511177 177.977386 19.972107 -49.249966 10.365545 39.725735 -0.351479 -0.091519 -0.864349 -2.319914 10.883383 22.224554 -20.35807 49.973129 -16.687672 -16.740711 28.468349 0.00944 -12.708825 -0.014267 16.1395 -17.775249 2.520977 -0.118746 -1.523846 -4.256918 -5.039422 -5.623007 -2.947298 -0.004276 -11.032001 -0.001152 -6.126915 -15.924554 -3.871647 -5.3e-05 -0.001728 -0.007513 -10.310531 -5.69147 -4.329848 11.036347 -11.307263 -2.360388 -1.392682 -14.271148 -6.323436 -0.636255 -26.955133 -3.842664 -4.281384 -49.7784 -3.348566 -13.734736 -7.38247 -3.697684 18.146101 -14.047352 -3.220379 -0.011944 -18.798941 -0.010739 -0.433052 -8.467319 2.543587 0.002186 -0.004313 -0.005813 -15.97083 -20.136513 -5.462299 30.450773 -7.186742 1.784998 -0.009537 -8.158788 -0.019634 -1.877176 -22.873434 -6.183714 -0.010246 0.009972 -0.004987 179.707672 -9.654032 -12.491624 17.45026 -0.0858 0.350175 -81.358833 -3.747214 -11.505567 -5.292261 1.451143 2.072253 -0.995533 -0.009989 -3.6e-05 1.142899 -3.183671 -8.987681 12.964375 0.008693 0.146983 -79.351395 -3.537067 -8.222376 -5.836749 0.758687 1.690098 -0.996249 -0.002448 0.001213 
0.0 0.0 0.0 0.0 -0.0 0.0 1.078895 99.470345 -5.872361 87.642387 2.390888 88.579887 -3.22483 3.25254 0.071137 -11.610131 0.541984 0.705554 23.137434 1.094556 -0.738954 18.067291 -6.593557 2.821302 -2.634534 -0.30347 2.842924 -26.161932 0.208476 2.923413 -0.001598 -0.00012 -0.004567 -0.066628 -0.002228 0.025504 -0.0865 0.068574 0.036193 -0.05299 -0.079309 0.023001 -149.549606 -61.276524 167.720001 26.779453 -40.525967 18.345957 37.537792 0.160375 0.027605 -4.869841 -0.719738 -4.569601 17.66618 -26.290434 52.316879 -19.473122 -14.394105 29.374237 -0.004129 -8.779151 -0.001723 15.801106 -18.47953 6.416681 -0.614622 -1.795496 -3.894656 -4.79016 -11.052771 -2.933496 0.022171 -20.995466 -0.004166 -5.010437 -25.02087 -4.018344 0.00214 -0.011818 -0.001648 -10.637739 -5.68605 -3.571127 10.59958 -17.942781 -3.121495 0.014678 -13.832331 -0.001079 -0.478339 -31.19455 -4.01783 -11.122531 -59.460724 7.118363 -13.984447 -7.141442 -2.879832 13.785358 -8.419987 -3.217345 0.386053 -34.24567 0.773644 -0.924336 -17.761728 2.628287 0.006854 -0.001575 0.012004 -17.337368 -20.0991 -4.208008 21.765625 -1.648701 3.854952 0.003589 -6.352637 0.019077 -1.66831 -22.621815 -6.217066 0.0 -0.0 0.0 20.574411 -67.082146 178.101822 20.610044 -49.560917 9.789063 39.972858 -0.330936 -0.145843 -0.752239 -2.299922 11.093904 22.191673 -20.32605 49.919891 -16.70956 -16.742025 28.465645 -0.005082 -12.69783 0.009851 16.103655 -17.661825 2.534948 -0.100103 -1.513691 -4.263727 -5.053655 -5.619305 -2.948224 0.004438 -11.023475 -0.014982 -6.121152 -15.90783 -3.844069 0.003661 0.0 -0.011182 -10.28557 -5.684053 -4.325661 11.016175 -11.29577 -2.370955 -1.390361 -14.246363 -6.33782 -0.614779 -26.942886 -3.833175 -4.18258 -49.644779 -3.390573 -13.715608 -7.373667 -3.710066 18.12859 -14.041673 -3.233786 -0.000197 -18.786732 -0.023843 -0.437137 -8.449872 2.561124 -0.006535 -2.8e-05 0.009453 -15.950247 -20.119438 -5.455019 30.451265 -7.184171 1.748423 0.005613 -8.176202 -0.004338 -1.852463 -22.881342 -6.207313 -0.001079 0.004621 0.004016 179.21962 -10.384259 -12.359572 17.519737 -0.10132 0.374503 -81.214592 -3.329016 -11.642242 -5.300346 1.437233 2.068098 -1.001546 0.005509 0.001044 0.711438 -2.404554 -9.034231 13.00344 0.005797 0.141778 -79.335587 -3.729724 -7.855908 -5.858948 0.770626 1.693005 -0.992392 -0.001823 0.002276 
0.0 0.0 0.0 0.0 -0.0 0.0 0.416016 99.467285 -6.325355 87.267593 2.108052 88.875061 -2.808301 3.77176 0.049368 -11.463877 0.600155 0.697927 23.094414 1.284259 -0.761581 17.758556 -6.924386 2.811396 -2.605476 -0.313433 2.892547 -26.86842 -0.036253 3.304099 -0.000457 -0.000924 -0.000766 -0.070046 -0.003888 0.00842 -0.094058 0.068881 0.015294 -0.056603 -0.084062 0.005931 -149.527847 -61.499695 167.835602 26.872353 -40.679775 17.331242 37.736591 0.233606 -0.052989 -4.848048 -0.341498 -4.606662 17.612093 -26.233789 52.265713 -19.44412 -14.380371 29.35383 -0.001334 -8.76122 -0.001238 15.775314 -18.52953 6.446894 -0.6011 -1.792224 -3.88218 -4.803758 -11.038839 -2.933158 -0.000224 -20.96991 -0.006373 -5.004301 -25.0401 -4.025912 -0.0038 0.00778 0.000608 -10.612279 -5.68248 -3.545682 10.561089 -17.90415 -3.109609 0.012666 -13.804096 -0.00537 -0.499991 -31.114897 -4.02519 -11.101067 -59.262512 7.105218 -13.962636 -7.138878 -2.865741 13.760462 -8.390851 -3.218377 0.366866 -34.160603 0.752496 -0.9458 -17.73559 2.609549 -0.002039 -0.004399 -0.000925 -17.317474 -20.065699 -4.188618 21.738119 -1.641238 3.856947 0.00777 -6.323429 -0.008255 -1.690504 -22.581692 -6.182054 0.001721 0.00043 -0.001936 20.241941 -67.489349 178.407913 21.357782 -49.753365 9.16743 40.269958 -0.300142 -0.187688 -0.567811 -2.303304 11.381628 22.151049 -20.311649 49.858963 -16.688112 -16.725554 28.445724 0.009325 -12.677832 0.002866 16.089388 -17.622631 2.52687 -0.103471 -1.517998 -4.269391 -5.040568 -5.605473 -2.963752 0.006446 -11.026879 -0.002863 -6.104129 -15.90305 -3.85066 0.001621 0.008097 0.001169 -10.27035 -5.683238 -4.326288 11.015721 -11.288706 -2.394314 -1.393088 -14.231297 -6.30898 -0.607995 -26.930576 -3.846993 -4.212477 -49.509354 -3.351181 -13.685497 -7.365672 -3.721287 18.095549 -14.040649 -3.248367 -0.007334 -18.767361 -0.003867 -0.4284 -8.449656 2.547198 -0.004464 0.000813 -0.00013 -15.91549 -20.099579 -5.472555 30.388803 -7.177189 1.717588 0.008282 -8.188758 -0.000799 -1.864225 -22.862743 -6.167767 -0.005392 -0.004341 0.0 178.302444 -11.288878 -12.039927 17.931286 -0.109437 0.40227 -80.966812 -2.789167 -11.723466 -5.326374 1.453007 2.066785 -0.993636 -0.006626 -0.00086 0.012683 -1.588791 -9.194241 13.353757 -0.011396 0.152269 -79.432953 -3.93961 -7.572864 -5.872289 0.761207 1.694015 -0.999219 -0.000929 0.001263 
0.0 0.0 0.0 0.0 -0.0 0.0 -0.324913 99.428787 -6.91502 86.819984 1.737518 89.47258 -2.326489 4.409953 0.021675 -11.294793 0.661597 0.721945 23.026155 1.52775 -0.787909 17.441582 -7.280897 2.791888 -2.594448 -0.326048 2.932909 -27.654081 -0.364786 3.701444 0.000577 -0.00081 0.002964 -0.059841 -0.005714 -0.015654 -0.089607 0.072006 -0.021861 -0.048174 -0.08677 -0.02466 -149.464523 -62.210335 167.753036 27.389648 -41.18787 16.24999 38.179913 0.177564 -0.074401 -4.835724 0.041654 -4.467319 17.708012 -26.395809 52.477707 -19.503189 -14.422633 29.436359 0.002436 -8.79946 -0.001162 15.789183 -18.642929 6.490684 -0.603304 -1.795848 -3.90183 -4.804281 -11.067685 -2.933864 0.013376 -21.027809 -0.007976 -5.025966 -25.088058 -4.026438 0.000307 0.011675 -0.004212 -10.643621 -5.688495 -3.586333 10.601746 -17.969332 -3.098694 0.006682 -13.850184 0.003541 -0.51334 -31.241695 -4.006136 -11.313636 -59.671749 7.286653 -13.997651 -7.151187 -2.885527 13.802488 -8.426869 -3.21272 0.359886 -34.285275 0.771698 -0.966482 -17.768547 2.626918 -0.009613 0.009669 0.007618 -17.364683 -20.12483 -4.205688 21.80168 -1.654029 3.865404 -0.001225 -6.35274 0.014155 -1.700316 -22.672417 -6.199567 0.003765 0.008045 -0.017225 20.243927 -68.364395 178.510284 22.37627 -50.102531 8.685534 40.799767 -0.232716 -0.232341 -0.309541 -2.278064 11.738501 22.21913 -20.397314 49.961319 -16.770517 -16.756239 28.53731 -0.020774 -12.701157 -0.004231 16.063307 -17.604467 2.527186 -0.100173 -1.521262 -4.285492 -5.046793 -5.621636 -2.964253 0.019701 -11.05404 -0.003739 -6.078233 -15.914438 -3.849757 -0.003323 -0.00286 -0.000482 -10.28116 -5.681597 -4.36924 11.046568 -11.348565 -2.377238 -1.38207 -14.255336 -6.321616 -0.594147 -27.006418 -3.825598 -4.215403 -49.648037 -3.316113 -13.714891 -7.367198 -3.737 18.184771 -14.097682 -3.257007 0.022232 -18.828783 -0.02405 -0.432704 -8.464069 2.556674 -0.011061 0.003227 -0.000263 -15.914322 -20.13059 -5.511066 30.482813 -7.260651 1.729169 0.024033 -8.180902 -0.009418 -1.840664 -22.911663 -6.166141 0.000215 -0.000883 0.005584 176.889526 -12.39488 -11.531464 18.761156 -0.095447 0.411105 -80.749977 -2.100692 -11.725572 -5.36698 1.440699 2.078028 -0.99958 0.005032 0.000797 -1.030624 -0.661061 -9.559396 14.010781 -0.018789 0.158243 -79.334923 -4.245994 -7.180595 -5.8262 0.742375 1.697639 -0.998717 0.006449 0.00149 
0.0 0.0 0.0 0.0 -0.0 0.0 -1.128628 99.382095 -7.597186 86.385986 1.254936 90.362221 -1.795776 5.119009 0.04649 -11.162794 0.708914 0.694294 23.04669 1.803854 -0.768547 17.071646 -7.660432 2.776065 -2.561368 -0.330828 2.980759 -28.520803 -0.833604 4.081119 0.000598 -0.000309 0.003014 -0.048673 -0.001658 -0.041871 -0.063797 0.08053 -0.03521 -0.018748 -0.092182 -0.051058 -149.596222 -62.687141 167.90831 27.754471 -41.402252 15.241287 38.738247 0.164983 -0.097754 -4.874866 0.49387 -4.145106 17.675276 -26.302145 52.398506 -19.492384 -14.419616 29.416178 0.001457 -8.793692 -0.003337 15.720401 -18.667093 6.550512 -0.602748 -1.795985 -3.890056 -4.820036 -11.055086 -2.950345 0.002938 -20.993313 0.005312 -5.025672 -25.080751 -4.028758 -0.008122 -0.003574 -0.000358 -10.644741 -5.686417 -3.56405 10.593494 -17.931217 -3.105694 0.001275 -13.829582 -0.011088 -0.498543 -31.210014 -4.032633 -11.250645 -59.676601 7.365945 -13.992679 -7.149022 -2.861972 13.787582 -8.404233 -3.224406 0.362918 -34.204742 0.754873 -0.955489 -17.717361 2.609555 -0.000935 0.011355 0.003374 -17.367212 -20.10261 -4.210866 21.786522 -1.64728 3.873618 0.000765 -6.342245 0.009943 -1.693154 -22.581888 -6.195042 -0.005794 -0.000677 0.008113 19.963905 -68.901253 178.848953 23.300201 -49.826527 8.293357 41.24218 -0.151897 -0.276312 0.087049 -2.076992 12.17693 22.202253 -20.312138 49.856777 -16.716774 -16.735714 28.453449 0.005185 -12.701841 0.009452 16.017302 -17.613565 2.561437 -0.094528 -1.507655 -4.281351 -5.048958 -5.618307 -2.948036 0.004075 -11.031702 -0.019501 -6.124358 -15.93526 -3.828859 0.002594 -0.00341 -0.009492 -10.278442 -5.671072 -4.353955 11.032186 -11.308215 -2.368705 -1.386336 -14.249144 -6.319426 -0.615746 -26.945498 -3.82284 -4.242266 -49.523788 -3.402234 -13.706288 -7.356009 -3.721918 18.157158 -14.051383 -3.233676 0.00549 -18.794985 -0.033665 -0.425346 -8.459778 2.538404 0.008244 0.008394 -0.000484 -15.910557 -20.0958 -5.488883 30.431549 -7.183724 1.742723 0.000419 -8.162985 -0.004808 -1.845089 -22.866547 -6.193107 0.000101 0.000446 0.00138 175.192383 -13.526057 -10.898214 19.581631 -0.086006 0.44806 -80.55114 -1.130404 -11.706245 -5.400981 1.444957 2.077306 -1.002717 -0.003015 -0.00078 -2.234763 0.259435 -10.172734 14.720391 -0.022446 0.135819 -79.63459 -4.604641 -6.860774 -5.657649 0.745702 1.707 -0.999691 -0.003324 -0.000235 
0.0 0.0 0.0 0.0 -0.0 0.0 -1.935656 99.404396 -8.385264 86.178711 0.667403 91.532898 -1.323563 5.70023 0.124362 -11.021908 0.766611 0.654139 23.151718 2.044628 -0.745613 16.681616 -8.124847 2.781832 -2.551401 -0.314511 2.922972 -29.324984 -1.380724 4.548604 -0.000617 2.4e-05 -0.003646 -0.039395 -0.00281 -0.035113 -0.021892 0.083867 -0.007488 0.018123 -0.097057 -0.054044 -150.024261 -62.881275 168.363754 28.219675 -41.341171 14.246103 39.331413 0.107719 -0.077176 -4.867571 1.133081 -3.62246 17.648325 -26.317722 52.404282 -19.440851 -14.397622 29.372692 -0.001491 -8.771454 0.007005 15.680574 -18.567223 6.642658 -0.608231 -1.793344 -3.885263 -4.796544 -11.034228 -2.934003 0.005936 -20.962036 0.0187 -5.015944 -25.005716 -4.035215 0.012649 -0.016818 0.003253 -10.624431 -5.673183 -3.563829 10.580375 -17.907104 -3.117066 0.008626 -13.818434 0.021076 -0.48635 -31.178703 -4.013944 -11.434974 -59.676888 7.697039 -13.975208 -7.131795 -2.854462 13.774306 -8.393076 -3.222038 0.358834 -34.198921 0.789094 -0.949674 -17.699955 2.617625 0.000103 -0.005396 -0.008818 -17.333775 -20.066376 -4.180511 21.762659 -1.638077 3.843006 0.007207 -6.336624 0.01207 -1.710688 -22.570816 -6.173086 0.004347 0.0 -0.004634 19.267807 -69.229164 179.635147 24.182659 -49.193516 7.950937 41.437042 -0.1172 -0.268586 0.488316 -1.691026 12.728417 22.191267 -20.40835 49.91132 -16.695997 -16.742317 28.461691 -0.003924 -12.687962 0.005393 15.89183 -17.572042 2.621125 -0.096866 -1.515458 -4.268831 -5.033765 -5.599165 -2.946916 0.014212 -11.014038 0.000917 -6.088594 -15.874969 -3.841799 -0.00155 0.001083 0.002996 -10.26805 -5.672791 -4.332692 11.032142 -11.293344 -2.370503 -1.378814 -14.21317 -6.33607 -0.596385 -26.934717 -3.819082 -4.219799 -49.451939 -3.489361 -13.699505 -7.353383 -3.709894 18.148592 -14.049226 -3.240234 -0.002042 -18.763693 -0.008781 -0.425588 -8.443692 2.583054 -0.005816 0.003821 -0.00792 -15.898663 -20.072702 -5.468121 30.41629 -7.212504 1.730315 -0.005985 -8.154636 -0.002402 -1.835383 -22.860895 -6.138986 -0.000184 -0.000461 3.9e-05 173.581802 -14.220016 -10.264813 19.485783 -0.06294 0.508787 -79.660278 0.11613 -11.528642 -5.485589 1.456526 2.087575 -0.994718 0.002164 0.000972 -3.487599 0.930156 -11.185615 15.10322 -0.011187 0.083746 -79.283501 -5.047998 -6.474202 -5.476514 0.771909 1.72297 -0.994308 -0.005546 -0.002315 
0.0 0.0 0.0 0.0 -0.0 0.0 -2.677383 99.566483 -9.311957 86.490173 -0.094422 93.06324 -0.996275 6.033918 0.178589 -10.950761 0.809961 0.633031 23.253054 2.055827 -0.77815 16.440434 -8.610933 2.73606 -2.58324 -0.273665 2.946559 -29.7637 -2.00212 5.056224 -0.000773 0.001507 0.002455 -0.044573 0.006512 -0.00799 -0.007831 0.091054 0.019268 0.024431 -0.086872 -0.05164 -150.779831 -62.971161 168.962204 28.448929 -41.264866 13.585832 39.907684 0.102394 -0.002381 -4.84791 1.805137 -3.305316 17.619946 -26.317123 52.437386 -19.459471 -14.40172 29.388863 -0.002863 -8.775801 0.011276 15.573736 -18.573456 6.578673 -0.604993 -1.802421 -3.870688 -4.799979 -11.034375 -2.944089 0.009027 -20.960087 9.6e-05 -5.003285 -24.997446 -4.034665 -0.011225 -0.001065 0.003738 -10.624692 -5.68623 -3.551775 10.57342 -17.910196 -3.114852 0.006125 -13.808905 -0.012958 -0.515684 -31.158962 -4.017866 -11.251708 -59.456291 7.26732 -13.968699 -7.138897 -2.853201 13.769627 -8.391506 -3.231768 0.358608 -34.17453 0.760923 -0.960653 -17.700611 2.62869 -0.002592 -0.003675 0.003432 -17.331242 -20.083324 -4.1978 21.754982 -1.63848 3.866587 -0.002792 -6.343664 0.010292 -1.67826 -22.586163 -6.203578 -0.007296 0.006546 0.006218 17.75473 -69.480759 -178.899384 24.477251 -48.553944 7.950671 41.594013 -0.035922 -0.283726 0.701866 -1.214945 13.019764 22.204544 -20.384026 49.921482 -16.690338 -16.773594 28.478029 6.8e-05 -12.71388 -0.006894 15.905176 -17.532333 2.64591 -0.09094 -1.505131 -4.289393 -5.052505 -5.604759 -2.95116 0.005647 -11.016595 -0.001026 -6.101835 -15.88526 -3.827879 0.005724 -0.006837 -0.009262 -10.2728 -5.666502 -4.372038 11.028733 -11.309321 -2.35322 -1.381824 -14.204669 -6.325667 -0.635928 -26.896927 -3.783031 -4.32478 -49.597126 -3.390978 -13.712437 -7.351853 -3.735357 18.153702 -14.034373 -3.215623 0.004725 -18.759853 -0.003766 -0.424383 -8.426941 2.567265 0.012749 -0.009029 -0.006326 -15.919249 -20.091007 -5.493515 30.452887 -7.195248 1.745057 -0.004748 -8.161903 -0.014768 -1.889486 -22.866976 -6.138578 0.000184 -0.005375 0.002952 172.399673 -14.066798 -9.867209 17.764311 -0.058606 0.567869 -77.816612 1.109082 -11.344368 -5.529185 1.440587 2.120286 -0.999072 0.005744 0.002268 -4.799625 0.924696 -12.449408 15.06334 -0.050223 0.089548 -78.862129 -5.566051 -6.312068 -5.446027 0.760516 1.716473 -0.998497 -0.003303 0.00012 
0.0 0.0 0.0 0.0 -0.0 0.0 -3.403927 99.758163 -10.20055 87.029205 -1.091288 94.93338 -0.832589 6.306132 0.225728 -10.828007 0.870017 0.644073 23.233221 1.971241 -0.9275 16.184278 -9.161645 2.754789 -2.536946 -0.34491 2.673109 -30.061497 -2.462381 5.513259 0.000468 -0.000825 -0.006598 -0.048269 -0.000756 -0.063351 0.013151 0.072419 -0.013027 0.041755 -0.082071 -0.109935 -151.313858 -62.956757 169.48645 28.982517 -41.110832 12.765419 40.430664 0.135185 0.008079 -4.79899 2.27636 -2.639207 17.662687 -26.370163 52.566788 -19.503775 -14.433808 29.492374 0.00349 -8.802067 0.005316 15.77173 -18.572758 6.620035 -0.616068 -1.79825 -3.90788 -4.819052 -11.063483 -2.931291 -0.008355 -21.001068 0.00132 -5.035501 -25.038994 -4.052465 -0.000619 -0.0 -0.000618 -10.662012 -5.6939 -3.571943 10.586706 -17.936893 -3.121141 -0.00326 -13.829424 -0.006757 -0.510628 -31.20624 -4.047714 -11.411037 -59.847294 7.478851 -14.028087 -7.167687 -2.883588 13.805354 -8.401411 -3.221603 0.328181 -34.262127 0.767349 -0.97761 -17.75144 2.631123 0.010286 -0.003149 0.00022 -17.411348 -20.140684 -4.219804 21.820282 -1.629148 3.88549 -0.00142 -6.34642 -0.007246 -1.724544 -22.626314 -6.20785 0.003926 -0.007422 0.0003 17.020929 -69.932358 -178.067291 25.250586 -47.925209 7.421931 41.378155 -0.085452 -0.151186 0.653323 -0.931347 13.179937 22.196602 -20.351637 49.941547 -16.729979 -16.742737 28.464525 -0.010369 -12.698057 0.015265 15.736431 -17.503284 2.715609 -0.090086 -1.522428 -4.26486 -5.040626 -5.616345 -2.956709 0.001646 -11.017822 -0.012026 -6.085796 -15.905334 -3.867396 0.000645 -0.002158 0.012504 -10.278654 -5.683931 -4.339128 11.048141 -11.317095 -2.382505 -1.379677 -14.253633 -6.320336 -0.591729 -26.968597 -3.842195 -4.279734 -49.591576 -3.329824 -13.701168 -7.365384 -3.712034 18.161413 -14.058219 -3.264062 -0.000361 -18.792006 -0.021136 -0.430872 -8.465982 2.558059 -0.008954 0.001646 0.004393 -15.91423 -20.109266 -5.477937 30.439135 -7.203363 1.721755 -0.001956 -8.16246 0.005868 -1.83842 -22.856871 -6.154427 -0.006859 -0.006436 -0.010144 171.13562 -13.557423 -9.666079 15.629838 -0.04295 0.640433 -75.429413 2.901928 -11.355935 -5.777222 1.439808 2.098283 -0.999241 -0.000774 0.002218 -6.32284 0.495993 -13.90093 15.137855 0.028983 0.025903 -78.557541 -6.419688 -6.10545 -5.362894 0.721121 1.72774 -1.003023 -0.009257 -0.003678 
0.0 0.0 0.0 0.0 -0.0 0.0 -3.963349 100.015877 -11.048508 87.955559 -2.08338 97.155685 -0.71993 6.447929 0.283307 -10.839269 0.888138 0.600688 23.135723 1.545413 -1.155623 16.253408 -9.753759 2.716373 -2.524128 -0.273047 2.680429 -29.921906 -3.177691 5.742379 -0.000936 -0.000482 -0.001328 -0.061214 0.011183 -0.090096 -0.050066 0.065023 -0.053181 -0.021469 -0.048937 -0.138699 -152.00769 -62.659439 169.962311 28.88386 -40.650139 13.524613 40.842285 0.38903 0.222093 -4.478364 2.195322 -2.464939 17.635288 -26.349085 52.451546 -19.481552 -14.390792 29.425169 -0.003672 -8.768629 -0.008355 15.766194 -18.475794 6.505847 -0.602991 -1.793965 -3.897166 -4.801987 -11.054764 -2.939637 0.008752 -21.007977 0.006776 -5.010509 -25.064398 -4.020548 -0.001477 0.009952 -0.001551 -10.626949 -5.681893 -3.560511 10.578787 -17.92996 -3.129238 -0.003464 -13.82068 0.009565 -0.494246 -31.188301 -4.038855 -11.030981 -59.461086 6.976834 -13.970881 -7.144007 -2.873975 13.771912 -8.410498 -3.229962 0.362394 -34.26685 0.758246 -0.955829 -17.756662 2.615904 -0.003496 0.007097 0.009161 -17.326864 -20.104525 -4.199853 21.745472 -1.64372 3.855974 -0.001056 -6.340692 0.004177 -1.685403 -22.621172 -6.19593 0.001068 0.016215 -0.009103 15.839651 -70.221519 -177.111633 25.008076 -47.578217 7.777825 41.322567 0.060683 -0.107595 0.61794 -0.852212 13.015985 22.176369 -20.324478 49.827469 -16.716782 -16.741133 28.451126 0.000498 -12.683674 -0.022598 15.822145 -17.486406 2.604515 -0.108146 -1.514582 -4.297388 -5.038498 -5.605015 -2.923165 0.014518 -11.019366 -0.01928 -6.117179 -15.899762 -3.82485 -0.004064 -0.003521 0.005276 -10.277087 -5.67362 -4.359036 11.028139 -11.304085 -2.353386 -1.370253 -14.219064 -6.311502 -0.595234 -26.896086 -3.815352 -4.38363 -49.517189 -3.309822 -13.702265 -7.354538 -3.705334 18.145872 -14.044067 -3.267978 0.0101 -18.772999 -0.000979 -0.428284 -8.459278 2.552502 0.010245 -0.005686 0.001905 -15.913995 -20.082384 -5.483263 30.440805 -7.219067 1.716408 0.008794 -8.166662 -0.005914 -1.854415 -22.852509 -6.145114 -0.003321 0.000423 -0.013305 170.769089 -12.282339 -10.02136 11.8961 -0.009959 0.671669 -72.471413 5.076924 -11.9555 -6.083643 1.461016 2.109429 -0.991447 -0.008127 -0.002721 -7.639971 -0.62104 -15.816505 15.211391 0.019204 0.055853 -78.220329 -7.235767 -6.101921 -5.454569 0.712164 1.698592 -0.997165 0.009006 -0.000387 
0.0 0.0 0.0 0.0 -0.0 0.0 -4.561378 100.186646 -11.747746 88.727386 -2.86552 99.54525 -0.733834 6.695188 0.263267 -10.858165 0.966621 0.730617 23.025364 1.189952 -1.473619 16.510241 -10.369688 2.7595 -2.516024 -0.390052 2.711253 -29.668669 -3.728301 5.912472 -4e-06 -0.000558 -0.005804 -0.062509 0.010633 -0.107742 -0.060769 0.03561 -0.057603 -0.036894 -0.025425 -0.169386 -152.396423 -62.167072 170.224854 28.80286 -40.246292 14.549314 41.27367 0.671804 0.419983 -4.128985 1.961982 -2.011979 17.630074 -26.293646 52.373943 -19.454765 -14.375923 29.419977 0.003253 -8.766097 -0.016025 15.838847 -18.538673 6.453614 -0.604895 -1.801249 -3.890586 -4.809061 -11.051157 -2.938499 -0.004497 -20.980453 -0.018987 -5.028172 -25.055025 -4.036467 0.003948 -0.010074 -0.007205 -10.618855 -5.692406 -3.570333 10.55352 -17.91466 -3.104471 0.000768 -13.813827 -0.007351 -0.515302 -31.146626 -4.02524 -10.88712 -59.471176 6.901514 -13.966884 -7.152549 -2.872542 13.758505 -8.397727 -3.229898 0.343344 -34.22538 0.765018 -0.96618 -17.724056 2.61306 -0.001924 -0.00666 -0.000557 -17.321453 -20.10148 -4.202101 21.732958 -1.634618 3.867797 -0.004531 -6.329649 -0.007969 -1.692779 -22.591808 -6.196328 0.002415 0.007875 -0.010716 15.082483 -70.585037 -176.447983 24.50375 -47.072704 8.659883 41.474434 0.24938 -0.048646 0.444753 -0.731759 12.929173 22.188631 -20.354836 49.912144 -16.716389 -16.740885 28.460608 -0.002541 -12.698114 -0.009673 15.713337 -17.614811 2.717305 -0.099807 -1.518482 -4.260283 -5.041189 -5.612636 -2.949588 0.016958 -11.022985 -0.012279 -6.11222 -15.888506 -3.843508 0.0 -0.007455 -0.003166 -10.283006 -5.679387 -4.306121 11.052372 -11.315279 -2.386301 -1.387495 -14.247651 -6.332065 -0.628706 -26.972267 -3.80933 -4.376339 -49.680969 -3.434497 -13.713449 -7.36914 -3.688676 18.16857 -14.0593 -3.26194 0.002341 -18.811209 -0.002258 -0.405533 -8.469181 2.562803 -0.003722 -0.000497 -0.003446 -15.930101 -20.100729 -5.43793 30.448662 -7.199364 1.712342 -0.014325 -8.15406 -0.002713 -1.861094 -22.85605 -6.165791 -0.008586 0.001808 0.001143 171.202591 -10.943576 -11.181158 8.18692 0.044994 0.627884 -71.884071 6.953799 -13.283668 -6.297299 1.514404 2.097682 -0.998224 0.006435 0.00033 -8.815286 -1.615088 -17.479248 15.654843 0.047743 -0.04124 -78.184341 -8.22094 -6.175699 -5.340751 0.652914 1.693557 -1.002597 -0.007488 -0.002154 
0.0 0.0 0.0 0.0 -0.0 0.0 -5.082019 100.310623 -12.315377 89.239845 -3.383875 101.895866 -0.81217 6.958468 0.28365 -10.894485 1.017926 0.790644 22.891396 0.909168 -1.671026 16.964413 -10.969176 2.756582 -2.512438 -0.477565 2.921808 -29.269068 -4.207227 6.161022 -0.000414 0.001261 -9.8e-05 -0.055164 0.010252 -0.089156 -0.046972 0.021768 -0.038794 -0.03455 -0.007079 -0.144975 -152.531921 -61.787498 170.192108 28.678633 -40.092468 15.446961 41.712139 0.726291 0.556748 -3.722132 1.779025 -1.821527 17.638273 -26.314453 52.402252 -19.508804 -14.409594 29.437992 -0.006103 -8.781976 -0.011874 15.921826 -18.616632 6.444836 -0.609571 -1.803016 -3.895125 -4.800048 -11.052529 -2.94101 0.01256 -20.997988 -0.001206 -5.002307 -25.053442 -4.042516 0.003107 -0.001342 -0.003597 -10.633242 -5.682721 -3.56302 10.587497 -17.931274 -3.130272 0.004932 -13.820585 0.001819 -0.485531 -31.186022 -4.022288 -10.999137 -59.705574 6.981317 -13.978242 -7.145488 -2.876047 13.777966 -8.417388 -3.224931 0.386399 -34.255058 0.746858 -0.9566 -17.730526 2.624071 0.00211 0.008065 -0.003575 -17.335596 -20.10714 -4.206318 21.762629 -1.648457 3.85766 0.00541 -6.345332 0.007623 -1.671413 -22.594835 -6.214635 0.000403 -0.001023 0.001965 14.833993 -71.088562 -176.315308 23.985634 -46.703846 9.631819 41.483284 0.363009 -0.005921 0.135803 -0.586585 12.79953 22.203899 -20.392296 49.973858 -16.721626 -16.751032 28.520882 -0.00037 -12.692972 0.004208 15.551452 -17.705057 2.83992 -0.085105 -1.512147 -4.303138 -5.038589 -5.613313 -2.953087 -0.002893 -11.022964 -0.011579 -6.116265 -15.891498 -3.82584 -0.001274 -0.004699 0.002186 -10.277028 -5.678365 -4.345304 11.042021 -11.313197 -2.403313 -1.377053 -14.254436 -6.313089 -0.618402 -26.944918 -3.838994 -4.504914 -49.65567 -3.368542 -13.699307 -7.364648 -3.729605 18.152458 -14.058163 -3.258028 -0.000383 -18.809898 0.023537 -0.417937 -8.473989 2.552876 -0.0 0.002271 -0.002625 -15.914719 -20.105715 -5.490086 30.446754 -7.193956 1.722919 0.003655 -8.182765 0.001688 -1.874934 -22.838909 -6.139769 0.003118 0.000551 0.010107 171.796768 -9.789486 -13.255725 6.604337 0.048418 0.57419 -72.672997 6.882099 -14.29436 -6.508284 1.518435 2.082408 -0.996605 0.003255 0.001094 -9.571586 -2.38926 -18.955021 15.977453 0.024383 -0.125242 -78.118683 -9.144179 -6.267572 -5.203126 0.602766 1.68605 -0.992636 0.000836 0.001361 
0.0 0.0 0.0 0.0 -0.0 0.0 -5.609356 100.394821 -12.797621 89.510025 -3.603411 104.257523 -0.964225 7.211211 0.313033 -10.939896 1.032583 0.773093 22.723808 0.701125 -1.785488 17.457548 -11.409281 2.659834 -2.510293 -0.55535 3.327134 -28.804043 -4.558732 6.527551 0.000908 -0.001743 -0.011939 -0.04445 0.008507 -0.06346 -0.036256 0.013629 -0.020112 -0.031759 0.00141 -0.12558 -152.273956 -61.283489 169.903702 28.531404 -39.946419 16.048065 41.821003 0.698758 0.58484 -3.458333 1.52492 -1.672269 17.643152 -26.258457 52.286419 -19.462807 -14.368953 29.353947 -0.003428 -8.768457 -0.001947 15.967089 -18.626678 6.416277 -0.60637 -1.799921 -3.881482 -4.80543 -11.041865 -2.94225 0.008868 -20.971312 -0.010866 -5.017289 -25.023539 -4.022625 0.001963 0.000704 -0.000183 -10.625792 -5.68682 -3.560279 10.567857 -17.916214 -3.109968 0.002358 -13.817382 -0.006369 -0.493436 -31.171545 -4.026659 -10.96669 -59.70808 6.9565 -13.974008 -7.138381 -2.877486 13.767581 -8.412807 -3.215193 0.366664 -34.221874 0.774863 -0.939465 -17.750755 2.622079 -0.002092 0.005423 -0.00556 -17.32613 -20.08062 -4.195108 21.740906 -1.646296 3.861416 0.008744 -6.33752 0.005367 -1.69249 -22.588722 -6.195533 0.003336 -0.000322 -0.00517 15.083343 -71.183701 -176.705551 23.508612 -46.359325 10.263704 41.041348 0.41864 0.050901 -0.228759 -0.33001 12.722584 22.152519 -20.332457 49.849075 -16.706884 -16.734598 28.424866 -0.011874 -12.680076 -3.2e-05 15.394982 -17.723688 2.933818 -0.103352 -1.516393 -4.264459 -5.033158 -5.605659 -2.939039 0.005044 -11.003178 -0.013572 -6.092342 -15.870636 -3.840247 0.009248 -0.000481 -0.005133 -10.272746 -5.66156 -4.313174 11.028685 -11.286831 -2.387388 -1.370605 -14.205271 -6.31768 -0.589123 -26.86931 -3.833009 -4.486716 -49.59074 -3.320664 -13.691687 -7.342522 -3.719732 18.125767 -14.018101 -3.231007 0.001284 -18.735426 0.002557 -0.42775 -8.436234 2.54109 -0.004522 -0.004996 -0.0014 -15.898314 -20.051743 -5.469012 30.413357 -7.196645 1.732768 0.009619 -8.143705 -0.009647 -1.85089 -22.821262 -6.147793 -0.000254 0.004137 -0.001311 172.662918 -9.130787 -16.139463 7.303181 0.031761 0.567887 -73.070297 4.927346 -13.916208 -6.499595 1.531567 2.112639 -0.999326 -0.00429 0.002546 -9.792248 -2.867731 -20.297689 16.011856 0.000455 -0.166727 -77.864769 -10.293261 -6.442204 -5.099328 0.568272 1.683735 -0.99543 -0.004683 -0.000102 
0.0 0.0 0.0 0.0 -0.0 0.0 -6.094715 100.447105 -13.216843 89.574722 -3.528344 106.741333 -1.207139 7.469029 0.311392 -11.05755 1.042066 0.706243 22.576187 0.502833 -1.836518 18.004293 -11.698536 2.639458 -2.521139 -0.64998 3.803633 -28.328014 -4.836718 7.106344 -0.001938 0.00102 -8.3e-05 -0.059365 0.019719 -0.012949 -0.031873 0.023108 0.026862 -0.028366 0.007496 -0.070617 -152.134781 -61.069386 169.750183 28.197338 -39.928356 16.689722 41.860352 0.689906 0.556287 -3.301454 1.150863 -1.619704 17.631475 -26.283813 52.427883 -19.465618 -14.388556 29.420815 0.008978 -8.780085 0.003286 16.041752 -18.728521 6.424317 -0.611806 -1.796269 -3.885124 -4.823148 -11.057965 -2.937532 -0.022174 -20.981022 -0.009798 -5.039551 -25.059109 -4.052183 0.003817 -0.019365 0.000781 -10.641831 -5.70153 -3.552466 10.557281 -17.923458 -3.118364 -0.009623 -13.823475 -0.00324 -0.507784 -31.182535 -4.055193 -11.028128 -59.692364 6.944525 -13.997415 -7.167857 -2.864701 13.766795 -8.382505 -3.221806 0.323658 -34.195866 0.760033 -0.969785 -17.709686 2.610609 0.01097 -0.013817 -0.007668 -17.377949 -20.131685 -4.19079 21.762098 -1.614061 3.872546 -0.010373 -6.339211 -0.001331 -1.719606 -22.58832 -6.203421 0.005563 9e-06 -0.004347 15.724332 -71.300629 -177.223648 23.04788 -46.246655 10.645012 40.441395 0.506546 0.104745 -0.644472 -0.030814 12.904692 22.207867 -20.390091 49.953606 -16.670616 -16.755615 28.467337 0.014267 -12.699894 -0.018801 15.334897 -17.772518 3.006724 -0.101211 -1.514258 -4.284935 -5.049698 -5.616116 -2.943637 -0.014851 -11.01819 0.00312 -6.136657 -15.90742 -3.841116 0.011345 -0.004995 -0.008232 -10.297386 -5.6927 -4.347446 11.027927 -11.299335 -2.352766 -1.40194 -14.258977 -6.33993 -0.672831 -26.922667 -3.815498 -4.374634 -49.82687 -3.399036 -13.722663 -7.373924 -3.729107 18.147465 -14.057805 -3.224541 -0.011414 -18.80739 0.015633 -0.438828 -8.459909 2.54978 -0.016528 0.014762 0.008384 -15.936894 -20.112288 -5.483806 30.420385 -7.179071 1.756986 -0.0212 -8.171854 0.00909 -1.879928 -22.874096 -6.154598 0.003863 0.007736 0.001874 173.859512 -9.072462 -19.352726 9.478418 -0.002208 0.558438 -73.824768 1.725889 -12.988769 -6.303188 1.49782 2.139715 -0.999424 0.009904 -0.000837 -9.626563 -2.975214 -21.676023 15.824312 0.00223 -0.219379 -77.97718 -11.640202 -6.69045 -5.093251 0.561013 1.681146 -0.994139 -0.001338 -0.000156 
0.0 0.0 0.0 0.0 -0.0 0.0 -6.566346 100.474152 -13.527675 89.456566 -3.310112 109.337326 -1.546937 7.686745 0.279809 -11.177769 1.009705 0.603338 22.305962 0.337668 -1.823238 18.416397 -11.877413 2.635046 -2.533695 -0.721767 4.448347 -27.60932 -4.980102 7.842078 -0.001682 -0.001481 -0.010919 -0.064173 0.017294 -0.03205 -0.038889 0.035863 0.008096 -0.030312 0.001686 -0.040238 -151.950531 -60.891186 169.452454 27.745886 -39.877876 17.291851 41.752312 0.571799 0.493137 -3.192034 0.7666 -1.607177 17.646784 -26.364845 52.507725 -19.450071 -14.412227 29.436609 -0.000622 -8.774401 0.003884 15.975994 -18.678045 6.438222 -0.613771 -1.794271 -3.895543 -4.813041 -11.043481 -2.938654 -0.013505 -20.959698 0.01738 -5.030757 -25.019468 -4.038756 0.00072 0.009025 -0.003713 -10.649788 -5.690806 -3.573745 10.579959 -17.901482 -3.104302 -0.011545 -13.815186 0.006485 -0.521117 -31.143509 -4.024868 -11.161157 -59.79908 7.063185 -13.999084 -7.153658 -2.872887 13.782867 -8.393919 -3.22466 0.335562 -34.213852 0.793819 -0.972362 -17.714281 2.624756 0.00688 -0.018259 0.000767 -17.354366 -20.09938 -4.203982 21.766741 -1.633387 3.867682 -0.003593 -6.33436 -0.004266 -1.723931 -22.585712 -6.183056 0.002463 -0.000492 0.002905 16.544769 -71.042511 -177.937042 22.371313 -46.113571 10.878235 39.709965 0.411518 0.179225 -1.034304 0.37159 12.933562 22.174402 -20.36315 49.930473 -16.702501 -16.737646 28.46888 -0.00528 -12.689751 -0.008759 15.227869 -17.665277 3.04349 -0.104124 -1.512552 -4.263153 -5.038616 -5.609146 -2.97428 0.000529 -11.02269 0.004758 -6.112581 -15.877652 -3.838859 -0.0 0.001561 -0.000182 -10.278467 -5.676973 -4.342535 11.014915 -11.302162 -2.368904 -1.369508 -14.25159 -6.323983 -0.629407 -26.952339 -3.823759 -4.295373 -49.895187 -3.252896 -13.702081 -7.36397 -3.730286 18.122864 -14.054116 -3.23431 0.017824 -18.796211 -0.013934 -0.417153 -8.453727 2.556839 -0.002075 -0.003139 0.003731 -15.928926 -20.099157 -5.475995 30.407843 -7.191518 1.739949 0.020915 -8.156999 -0.008935 -1.867485 -22.844427 -6.179066 0.0 -0.009692 -0.00336 175.375473 -9.441232 -22.560081 12.187181 -0.035341 0.533609 -74.240875 -2.64777 -11.733184 -5.976874 1.501549 2.178811 -0.995581 -0.010196 -0.000855 -9.128339 -2.842619 -23.204567 15.376477 0.040557 -0.268225 -77.604736 -13.048534 -6.926109 -5.145195 0.537146 1.671777 -0.997968 0.005494 0.001364 
0.0 0.0 0.0 0.0 -0.0 0.0 -7.031055 100.483391 -13.804253 89.319031 -2.982843 112.164749 -1.955788 7.787585 0.232462 -11.338991 0.970249 0.452928 22.078741 0.129797 -1.785447 18.713728 -11.96339 2.618152 -2.548563 -0.738624 5.149379 -26.913805 -5.008904 8.599566 0.001476 -9.6e-05 -0.010315 -0.068344 0.029146 -0.03168 -0.046371 0.047199 -0.000895 -0.030209 -0.000222 -0.070531 -151.907654 -60.743153 169.292191 27.078119 -39.789242 18.00934 41.621235 0.604116 0.470913 -3.076034 0.375742 -1.757542 17.616978 -26.266809 52.354778 -19.467527 -14.407634 29.381962 0.003774 -8.780186 0.010593 15.997324 -18.66884 6.402749 -0.602569 -1.794766 -3.893946 -4.812646 -11.046411 -2.929439 -0.003741 -20.958645 -0.007742 -5.020082 -25.020025 -4.025188 0.002646 0.000984 0.002462 -10.632093 -5.685056 -3.56084 10.580908 -17.917141 -3.124034 -0.00367 -13.830315 -0.000741 -0.498601 -31.178007 -4.048758 -11.072535 -59.929569 7.041639 -13.980058 -7.148814 -2.867743 13.77791 -8.398474 -3.221609 0.351036 -34.226864 0.747019 -0.950265 -17.758228 2.60188 -0.003986 0.000666 0.003658 -17.3494 -20.102783 -4.190444 21.76812 -1.632676 3.860918 -0.004548 -6.337226 -0.000507 -1.6836 -22.610533 -6.204798 -0.001614 -0.000245 -0.003914 17.937462 -70.483101 -179.209442 21.570761 -46.093235 11.115664 39.219955 0.306523 0.201499 -1.256742 0.778068 12.751945 22.194201 -20.323908 49.877514 -16.679955 -16.732821 28.434782 0.002509 -12.684719 -0.003699 15.213729 -17.611423 3.010963 -0.103281 -1.516238 -4.273845 -5.043869 -5.610868 -2.95081 -0.000899 -11.006283 0.003956 -6.103668 -15.885188 -3.841353 0.003431 -0.001083 -0.00054 -10.281226 -5.685292 -4.331331 11.025915 -11.282742 -2.371867 -1.381371 -14.225158 -6.312439 -0.610756 -26.904802 -3.828664 -4.303323 -49.777313 -3.22141 -13.703375 -7.368797 -3.719147 18.125875 -14.026877 -3.234036 -0.002229 -18.768147 0.003454 -0.444596 -8.442801 2.564875 0.017233 -0.007604 -0.002947 -15.930412 -20.084234 -5.475067 30.439009 -7.194416 1.754179 0.005105 -8.156437 -0.00231 -1.876056 -22.831743 -6.183332 -0.005809 0.006879 0.003988 176.969254 -9.996714 -25.261711 14.799533 -0.081806 0.51023 -74.311035 -7.028843 -10.930907 -5.654484 1.528732 2.202898 -0.994353 0.011228 0.003388 -8.548085 -2.643319 -24.794466 14.954264 0.073203 -0.314917 -77.464355 -14.566458 -7.24625 -5.290713 0.526283 1.670703 -0.99287 -0.00143 0.001263 
0.0 0.0 0.0 0.0 -0.0 0.0 -7.384507 100.466141 -14.017087 89.20266 -2.614756 115.164574 -2.392624 7.77041 0.128767 -11.475223 0.897323 0.370519 21.894243 -0.074799 -1.830977 18.852945 -11.98266 2.673069 -2.546186 -0.737044 5.860414 -26.210236 -4.932223 9.331496 -0.001448 0.00145 -0.000102 -0.075775 0.03654 -0.071469 -0.058807 0.05913 -0.070735 -0.033873 0.001177 -0.1109 -151.984634 -60.653549 169.192932 26.44825 -39.496235 18.635403 41.540844 0.576783 0.47082 -2.974298 0.13949 -2.035169 17.625931 -26.383415 52.505199 -19.484634 -14.41581 29.465668 -0.008295 -8.772712 0.005243 15.943874 -18.566164 6.454011 -0.610447 -1.794016 -3.896671 -4.797091 -11.052826 -2.936541 0.007692 -20.996553 0.006783 -5.024185 -25.038721 -4.02419 0.000312 0.010376 0.00403 -10.625506 -5.683441 -3.565618 10.580132 -17.942553 -3.114887 -0.002827 -13.831535 0.006997 -0.506609 -31.238182 -4.012117 -11.274313 -60.058796 7.23028 -13.97648 -7.146276 -2.875857 13.779353 -8.411492 -3.219064 0.354601 -34.248726 0.779103 -0.96133 -17.745472 2.63139 0.000309 -0.006175 0.000712 -17.323965 -20.099712 -4.20451 21.753469 -1.645055 3.854688 -0.006722 -6.345582 0.007007 -1.680322 -22.633156 -6.181818 -0.004792 0.011072 -0.001959 18.975166 -70.040329 179.865677 20.645741 -46.161842 11.414395 38.983143 0.160066 0.216791 -1.353664 1.014571 12.531591 22.22718 -20.447048 49.937256 -16.694353 -16.76614 28.474154 -0.003474 -12.687629 -0.005368 15.183701 -17.605284 3.015543 -0.10447 -1.505885 -4.287802 -5.033391 -5.596694 -2.932685 0.00695 -10.992084 0.015156 -6.090623 -15.842224 -3.836512 0.001909 -0.00153 0.010983 -10.280433 -5.663415 -4.341442 11.025578 -11.285817 -2.353189 -1.371723 -14.198989 -6.300845 -0.624331 -26.870996 -3.791295 -4.398457 -49.765423 -3.185043 -13.708599 -7.343649 -3.712933 18.147718 -14.050095 -3.22568 0.019586 -18.754391 0.017581 -0.426641 -8.453495 2.565467 0.012066 0.013558 -9.5e-05 -15.910857 -20.04759 -5.47069 30.424826 -7.204621 1.744084 -0.013382 -8.156958 0.006412 -1.849664 -22.827692 -6.129456 -0.008804 0.010374 0.002806 178.546463 -10.646398 -27.679718 17.235357 -0.091359 0.480147 -74.072914 -10.748626 -10.517788 -5.425342 1.578301 2.229237 -1.003109 -0.00613 -0.003871 -7.90952 -2.550485 -26.410791 14.733797 0.103768 -0.369753 -77.33226 -16.158274 -7.632399 -5.408377 0.523708 1.672897 -0.990921 0.002085 0.004126 
0.0 0.0 0.0 0.0 -0.0 0.0 -7.726939 100.426826 -14.280092 89.139977 -2.173353 118.408569 -2.823988 7.696884 0.042777 -11.628305 0.809403 0.261546 21.825384 -0.289708 -1.907234 18.954554 -11.946362 2.726472 -2.521441 -0.686307 6.512946 -25.679995 -4.797822 10.038198 0.000545 0.000178 -0.008722 -0.069364 0.034127 -0.150564 -0.060677 0.065798 -0.141281 -0.030798 -0.00455 -0.16067 -152.166946 -60.642834 169.312805 25.922392 -39.043262 18.943537 41.561024 0.59639 0.472451 -2.887047 0.111876 -2.582722 17.628166 -26.346554 52.490261 -19.48567 -14.395503 29.448204 -0.006433 -8.772956 -0.003746 15.850389 -18.473978 6.449929 -0.608703 -1.795387 -3.895149 -4.80293 -11.058271 -2.937091 0.007999 -20.996729 -0.002957 -5.010342 -25.069923 -4.026929 -0.001725 0.000405 0.005193 -10.629243 -5.688209 -3.564032 10.577818 -17.936687 -3.122934 0.003065 -13.833485 0.004929 -0.493224 -31.222584 -4.039361 -11.238343 -60.045715 7.275194 -13.979713 -7.14893 -2.883081 13.779474 -8.41871 -3.228287 0.363587 -34.271534 0.772163 -0.960532 -17.734524 2.629391 0.001866 -0.002697 0.000647 -17.334509 -20.099154 -4.209051 21.752407 -1.643198 3.864993 0.005144 -6.346993 -0.002017 -1.675493 -22.60392 -6.201129 0.001335 0.001232 -0.00056 20.045034 -69.530823 178.819962 19.740728 -46.403599 11.975191 38.896938 0.1243 0.21537 -1.374335 1.056352 12.255149 22.206955 -20.427326 49.982864 -16.682449 -16.755756 28.493011 0.000504 -12.685044 -0.00639 15.217403 -17.596012 2.965998 -0.111375 -1.513674 -4.27515 -5.029779 -5.605659 -2.946594 -0.003787 -11.005271 -0.00138 -6.109212 -15.88456 -3.825715 0.002804 0.0 -0.005772 -10.291701 -5.671511 -4.334797 11.035405 -11.293521 -2.371888 -1.376084 -14.238854 -6.304059 -0.655645 -26.91004 -3.807186 -4.391333 -49.978642 -3.326802 -13.717171 -7.353005 -3.718992 18.144073 -14.04165 -3.227638 0.006461 -18.780027 0.010675 -0.439671 -8.428002 2.559723 0.003302 -0.007512 0.00118 -15.921374 -20.069765 -5.474784 30.417978 -7.199001 1.75274 0.003877 -8.156369 0.01237 -1.876294 -22.813267 -6.118351 -0.011113 0.002751 -0.002375 179.946426 -11.466969 -29.955591 19.539751 -0.121284 0.526284 -73.478111 -13.556124 -10.602438 -5.271022 1.593916 2.256282 -0.988169 -0.000999 0.003395 -7.341124 -2.483531 -28.088722 14.719495 0.116675 -0.445317 -77.503227 -17.955294 -8.064876 -5.472006 0.529561 1.680418 -0.995073 -0.006342 -0.001532 
0.0 0.0 0.0 0.0 -0.0 0.0 -7.974462 100.393105 -14.60192 89.072769 -1.704472 121.755325 -3.202877 7.625317 -0.057941 -11.778711 0.710053 0.176113 21.828053 -0.469977 -1.960691 19.061554 -11.98239 2.791849 -2.521666 -0.602825 7.04699 -25.207914 -4.637229 10.54671 -0.000844 -0.000651 -0.004312 -0.075944 0.032884 -0.181015 -0.063299 0.067568 -0.168756 -0.031995 -0.011047 -0.199414 -152.37851 -60.5882 169.469345 25.455446 -38.556984 18.979647 41.624454 0.658857 0.47238 -2.822089 0.236289 -3.306162 17.629559 -26.330229 52.484383 -19.461878 -14.369869 29.445309 0.002064 -8.770433 -0.005627 15.724783 -18.355083 6.466702 -0.607108 -1.79946 -3.896483 -4.811313 -11.061558 -2.938719 -0.002843 -21.007935 -0.009696 -5.007606 -25.081503 -4.039349 -0.001798 0.000479 -0.000298 -10.633079 -5.689922 -3.566972 10.576243 -17.936785 -3.123085 -0.001467 -13.817594 -0.006208 -0.480168 -31.250702 -4.064972 -11.179394 -59.983444 7.26335 -13.974723 -7.156881 -2.879667 13.767822 -8.404486 -3.219402 0.329295 -34.25103 0.776377 -0.970339 -17.752012 2.620185 0.005334 -0.008968 -0.001124 -17.33699 -20.122356 -4.218955 21.749155 -1.632912 3.879205 -0.005464 -6.347462 -0.006232 -1.684679 -22.604864 -6.207546 -0.000407 -0.009898 -0.007793 21.204859 -69.091034 177.639664 19.008722 -46.688828 12.647216 38.811459 0.131994 0.216747 -1.374454 0.882668 11.98849 22.217424 -20.307858 49.871704 -16.705641 -16.750843 28.441717 0.002795 -12.718734 -0.008557 15.294592 -17.63217 2.910914 -0.102459 -1.517705 -4.267613 -5.057332 -5.619376 -2.945737 0.005204 -11.033046 -0.020999 -6.110339 -15.914369 -3.852313 -0.002872 0.005744 0.010894 -10.308777 -5.680459 -4.327665 11.049253 -11.29387 -2.381114 -1.397866 -14.224336 -6.312247 -0.623714 -26.873255 -3.827405 -4.443056 -49.87429 -3.359911 -13.736619 -7.371079 -3.704846 18.164524 -14.047455 -3.248891 0.006246 -18.79611 -0.017495 -0.416866 -8.435749 2.542114 0.006622 -0.001656 0.003234 -15.962719 -20.105679 -5.452849 30.464062 -7.189027 1.744254 0.016883 -8.164144 -0.006102 -1.88544 -22.866108 -6.176156 0.012318 -0.001019 -0.003175 -178.931152 -12.370085 -31.972481 21.554825 -0.11716 0.54735 -72.430267 -15.494661 -10.927487 -5.208263 1.577426 2.252006 -0.994479 0.004055 -0.002399 -6.711109 -2.402587 -29.804108 14.520698 0.128772 -0.523096 -77.128654 -19.717936 -8.524611 -5.448373 0.539054 1.688545 -0.997987 -3.7e-05 -0.000902 
0.0 0.0 0.0 0.0 -0.0 0.0 -8.063288 100.318268 -15.048856 88.9021 -1.251962 125.043388 -3.513178 7.563237 -0.11169 -11.886028 0.638003 0.156918 21.790083 -0.573905 -2.037576 19.089411 -12.09293 2.865819 -2.502999 -0.485442 7.520914 -24.674866 -4.397656 11.144651 0.001997 -0.000947 0.000118 -0.082351 0.033409 -0.197144 -0.0656 0.071863 -0.189121 -0.027 -0.010272 -0.231862 -152.68277 -60.360806 169.789917 24.961329 -37.987839 18.760218 41.679474 0.678224 0.484206 -2.749312 0.490364 -4.016991 17.60301 -26.263485 52.374641 -19.435083 -14.38216 29.366856 -0.000683 -8.757921 0.001266 15.612134 -18.201319 6.435332 -0.6151 -1.804293 -3.884142 -4.794748 -11.035715 -2.939524 -0.0063 -20.954773 -0.000305 -5.013187 -25.025164 -4.036626 0.000497 -0.009635 0.002458 -10.621999 -5.686475 -3.554595 10.557969 -17.903921 -3.11815 -0.005365 -13.806244 -0.003926 -0.487871 -31.167992 -4.036363 -11.211823 -59.775085 7.291457 -13.970689 -7.144373 -2.867279 13.751629 -8.396592 -3.219282 0.353594 -34.179596 0.756592 -0.960514 -17.70907 2.615671 -0.001946 0.018582 0.005993 -17.327154 -20.084278 -4.195766 21.73131 -1.633679 3.854856 -0.005028 -6.333666 -0.002653 -1.686634 -22.585644 -6.208502 0.007113 0.012332 0.000869 21.573114 -68.544617 177.058044 18.539257 -46.786144 13.247617 38.483604 0.116338 0.204467 -1.396004 0.633273 11.960276 22.194471 -20.417278 49.957909 -16.66604 -16.727503 28.45886 0.001701 -12.671439 0.003998 15.27829 -17.585808 2.945248 -0.101426 -1.51041 -4.291706 -5.031486 -5.606342 -2.941386 -0.00408 -11.003068 0.007608 -6.102914 -15.871996 -3.836025 0.002677 -0.000876 0.000883 -10.268216 -5.676516 -4.353934 11.014987 -11.299166 -2.35857 -1.377999 -14.21659 -6.31639 -0.634709 -26.933876 -3.808649 -4.594848 -49.976906 -3.258646 -13.691199 -7.357041 -3.732114 18.120792 -14.03902 -3.223511 -0.011868 -18.781427 0.010882 -0.430314 -8.43391 2.57053 0.006671 -0.01603 -0.00765 -15.902376 -20.0847 -5.484488 30.389229 -7.193742 1.738623 -0.008774 -8.164015 0.01241 -1.85851 -22.834236 -6.140657 -0.006127 -0.008988 -0.001729 -178.086761 -13.309903 -33.687859 23.134384 -0.149896 0.66127 -70.852951 -16.336861 -11.788301 -5.258119 1.54573 2.268541 -0.997812 -0.002467 0.001972 -6.290703 -2.453485 -31.468964 14.690089 0.141556 -0.589199 -76.967125 -21.417137 -9.002361 -5.408905 0.536995 1.692952 -0.992013 -0.001519 0.000631 
0.0 0.0 0.0 0.0 -0.0 0.0 -8.086027 100.239792 -15.577608 88.737038 -0.787604 128.20842 -3.788994 7.495158 -0.111847 -11.974601 0.587836 0.128215 21.805603 -0.655568 -2.038835 19.18644 -12.275516 2.923231 -2.508844 -0.384712 8.041029 -24.152288 -4.162384 11.770042 -0.004725 0.002058 0.005783 -0.085883 0.035962 -0.209906 -0.058069 0.072749 -0.208078 -0.017364 -0.010531 -0.245455 -152.998062 -60.110359 170.047195 24.387777 -37.479401 18.565901 41.774635 0.690248 0.481504 -2.666097 0.692881 -4.5998 17.607206 -26.319967 52.42086 -19.433994 -14.397132 29.391243 -0.004812 -8.759492 0.001903 15.539302 -18.068121 6.401907 -0.622115 -1.798233 -3.890002 -4.788633 -11.027099 -2.933217 0.008509 -20.942003 -0.000949 -5.005658 -25.006779 -4.029262 0.001429 0.01035 4e-06 -10.626279 -5.677383 -3.56112 10.5712 -17.897362 -3.109636 0.008775 -13.79648 0.002909 -0.489473 -31.110746 -4.014504 -11.149263 -59.403133 7.273305 -13.965932 -7.137534 -2.877393 13.75596 -8.394968 -3.211511 0.356647 -34.168591 0.787017 -0.963941 -17.720373 2.633449 0.003008 -0.008774 0.004726 -17.323589 -20.05979 -4.206384 21.73226 -1.652524 3.858783 0.008045 -6.321355 0.002575 -1.687884 -22.541191 -6.182149 0.002269 -0.006855 0.001298 21.825331 -68.33168 176.678818 18.418282 -47.036228 13.669469 38.071045 0.096008 0.215245 -1.431667 0.431017 12.085427 22.180267 -20.386557 49.969002 -16.692755 -16.737297 28.484453 0.004012 -12.681339 -0.009129 15.323689 -17.604307 2.9446 -0.10083 -1.51582 -4.276357 -5.039423 -5.614178 -2.946381 -0.006217 -11.019477 -6e-05 -6.102426 -15.903884 -3.852961 -0.004064 -0.006069 -0.000712 -10.279374 -5.674678 -4.344736 11.022597 -11.310257 -2.362902 -1.379685 -14.240014 -6.325841 -0.635034 -26.9282 -3.826555 -4.579816 -49.917023 -3.229302 -13.69852 -7.361958 -3.723238 18.115341 -14.053425 -3.241539 0.008491 -18.785025 0.001557 -0.433628 -8.438306 2.556971 0.00572 -0.00964 0.0019 -15.908029 -20.100739 -5.484042 30.385452 -7.18261 1.747935 0.00147 -8.172248 -0.012363 -1.846207 -22.882959 -6.184592 -0.007172 -0.000896 0.000324 -177.563843 -14.117385 -35.034538 24.285221 -0.190389 0.747937 -69.165398 -16.098854 -13.127002 -5.409102 1.531283 2.263114 -0.999235 0.001301 0.001492 -5.947524 -2.537746 -33.12492 14.859903 0.143052 -0.643356 -76.578163 -22.914248 -9.529827 -5.316687 0.550398 1.705685 -0.997939 0.006516 0.001071 
0.0 0.0 0.0 0.0 -0.0 0.0 -7.991244 100.126198 -16.209381 88.544456 -0.351528 131.185715 -4.02066 7.427652 -0.10831 -12.039797 0.553015 0.136336 21.858877 -0.638202 -1.995318 19.330782 -12.535078 2.973498 -2.521049 -0.320055 8.516171 -23.687172 -3.876905 12.280372 -0.002525 0.000568 0.005349 -0.080908 0.030377 -0.205272 -0.045406 0.072351 -0.185309 -0.000999 -0.01976 -0.234496 -153.013794 -59.8983 169.980469 23.932451 -37.170975 18.43712 41.844193 0.792098 0.495317 -2.576226 0.728473 -5.036568 17.640581 -26.271984 52.332855 -19.49498 -14.384588 29.386456 -0.006551 -8.772707 -0.000362 15.664132 -17.958773 6.321234 -0.5976 -1.788681 -3.88641 -4.802465 -11.053434 -2.936965 0.024417 -20.985144 -0.009602 -4.996134 -25.037689 -4.027393 -0.000582 -0.019086 -0.000281 -10.617346 -5.670787 -3.554283 10.583876 -17.929678 -3.126848 0.011673 -13.806639 -0.005641 -0.471019 -31.18301 -4.030833 -10.966348 -59.525387 7.183129 -13.972616 -7.131077 -2.86786 13.78525 -8.417915 -3.225581 0.376682 -34.215416 0.758008 -0.936891 -17.724546 2.621015 -0.001297 -0.01986 -0.001421 -17.328173 -20.080782 -4.196095 21.75902 -1.657846 3.859884 0.011692 -6.344637 -0.002246 -1.686565 -22.584553 -6.188795 -0.002698 -0.000166 -0.000872 21.998592 -68.417374 176.436752 18.779587 -47.250721 13.592957 37.489445 0.098535 0.204559 -1.403933 0.239626 12.285821 22.16114 -20.365356 49.882236 -16.708853 -16.746952 28.472994 -0.012006 -12.705818 0.005936 15.316672 -17.555328 2.946656 -0.101844 -1.51347 -4.26497 -5.04061 -5.617022 -2.955489 0.00555 -11.038524 0.002411 -6.117492 -15.930578 -3.841156 -0.004181 0.005857 0.00181 -10.269228 -5.670118 -4.325387 11.023565 -11.305796 -2.380332 -1.380171 -14.239012 -6.299293 -0.621934 -26.920048 -3.820989 -4.572753 -49.893257 -3.179588 -13.697334 -7.352081 -3.704944 18.137299 -14.06005 -3.244282 0.004608 -18.782049 0.00745 -0.412909 -8.477035 2.547551 -0.007037 -0.00978 -7.8e-05 -15.907636 -20.088615 -5.457512 30.429298 -7.206682 1.724151 -0.00024 -8.163328 -0.001874 -1.848274 -22.88299 -6.171476 -0.010027 0.00163 -0.008406 -177.392715 -14.677388 -35.730633 24.755331 -0.204037 0.816083 -67.785248 -14.739634 -14.813975 -5.746563 1.541851 2.255948 -1.00181 -0.005592 0.000937 -5.802422 -2.770131 -34.73608 15.334941 0.151128 -0.664478 -76.245277 -24.191488 -10.089862 -5.215063 0.530781 1.718063 -0.99784 -0.006039 -0.001202 
0.0 0.0 0.0 0.0 -0.0 0.0 -7.843517 100.006439 -17.005953 88.347137 0.103578 133.752441 -4.178933 7.387868 -0.1222 -12.075854 0.579675 0.19767 21.907333 -0.572247 -1.908165 19.543337 -12.776081 2.988474 -2.518819 -0.288729 8.974537 -23.309256 -3.630032 12.6539 0.0 -0.000545 -0.002357 -0.078696 0.031301 -0.217191 -0.029613 0.078223 -0.190247 0.014444 -0.026327 -0.224009 -153.1091 -59.563976 170.028534 23.441303 -36.88512 18.341465 41.77338 0.837363 0.527608 -2.539944 0.718354 -5.321648 17.689251 -26.33955 52.406708 -19.47699 -14.390701 29.406666 -0.004315 -8.773967 -0.00568 15.62919 -17.83716 6.240739 -0.600389 -1.799885 -3.892183 -4.80004 -11.051025 -2.941281 0.008588 -20.994482 -0.000559 -5.011009 -25.031015 -4.030092 0.001245 -0.00987 0.001809 -10.635555 -5.69138 -3.556122 10.600896 -17.942587 -3.123316 -0.00614 -13.830771 0.002864 -0.479946 -31.185596 -4.027127 -10.897805 -59.415993 7.118928 -13.981721 -7.158138 -2.869944 13.776085 -8.408412 -3.22031 0.379559 -34.27607 0.747499 -0.953241 -17.734324 2.620642 -0.0014 -0.011147 0.000589 -17.333719 -20.107801 -4.208035 21.75613 -1.65004 3.867997 -0.000529 -6.340675 -0.000816 -1.66848 -22.58341 -6.190579 -0.007188 -0.00462 -0.00058 21.832066 -68.408501 176.500931 19.332869 -47.331303 13.11821 36.975819 0.036711 0.185872 -1.269518 0.158899 12.555253 22.174337 -20.409359 49.942142 -16.698328 -16.750969 28.487394 -0.004094 -12.692637 0.001355 15.411024 -17.529806 2.935349 -0.102851 -1.511046 -4.273891 -5.031825 -5.600993 -2.949747 -0.001705 -11.000226 0.001341 -6.097398 -15.864127 -3.838405 -0.001883 6.1e-05 0.002341 -10.275665 -5.666604 -4.336382 11.010275 -11.290893 -2.36482 -1.370094 -14.219433 -6.309569 -0.626054 -26.860029 -3.804842 -4.548979 -49.672855 -3.183324 -13.701031 -7.34665 -3.717768 18.131073 -14.038228 -3.232475 -0.002717 -18.781988 0.009559 -0.437699 -8.450829 2.555572 0.001549 0.00035 0.004641 -15.89711 -20.060261 -5.473273 30.365891 -7.190856 1.733096 0.005268 -8.15638 0.003453 -1.865506 -22.825865 -6.131568 0.002226 0.010548 -0.00243 -177.559738 -14.964719 -35.81284 24.79376 -0.247385 0.87005 -67.712875 -12.867798 -16.744289 -6.415067 1.569043 2.225812 -0.991148 -0.004927 0.002427 -5.762103 -3.039751 -36.221142 15.791708 0.147886 -0.689231 -75.743347 -25.198648 -10.627069 -5.129062 0.507437 1.726929 -0.995244 0.006903 0.002393 
0.0 0.0 0.0 0.0 -0.0 0.0 -7.624267 99.930122 -17.941496 88.071564 0.611508 136.13736 -4.300592 7.381185 -0.16984 -12.093956 0.617022 0.352877 22.005733 -0.382644 -1.842599 19.836094 -12.947121 3.003235 -2.528179 -0.345876 9.375402 -23.114733 -3.299219 13.077866 0.006208 -0.001716 -0.003273 -0.065331 0.016675 -0.162055 -0.000943 0.066876 -0.124522 0.047787 -0.035137 -0.183033 -153.070435 -59.284603 170.001068 23.079025 -36.630146 18.045385 41.416279 0.724273 0.464949 -2.480676 0.695881 -5.390583 17.672779 -26.33165 52.403111 -19.515514 -14.435081 29.429226 -0.004796 -8.783528 -0.004152 15.607485 -17.822256 6.230014 -0.618104 -1.797188 -3.897875 -4.810566 -11.057134 -2.934762 0.002329 -20.985559 0.011162 -5.012286 -25.041553 -4.036785 0.000444 0.010933 0.001644 -10.660513 -5.689671 -3.554671 10.613059 -17.960653 -3.133179 0.014291 -13.8578 0.001228 -0.486358 -31.263815 -4.027924 -10.877637 -59.584435 7.111537 -14.008803 -7.148409 -2.860169 13.809456 -8.416545 -3.239292 0.366305 -34.272785 0.770438 -0.951088 -17.744682 2.633894 -0.003052 -0.008794 -0.008659 -17.382553 -20.113892 -4.192012 21.80517 -1.651222 3.860261 0.011458 -6.350142 0.002355 -1.698967 -22.635201 -6.206571 -0.001192 0.002196 0.003799 21.694607 -68.577278 176.587692 20.099237 -47.537403 12.434299 36.85881 0.079166 0.177647 -1.220675 0.224654 12.524672 22.234207 -20.353168 49.906933 -16.729351 -16.738306 28.453594 -0.002912 -12.692399 -0.006474 15.439833 -17.441936 2.973998 -0.103374 -1.513901 -4.271024 -5.045242 -5.626068 -2.953918 0.00424 -11.042347 -0.00357 -6.110195 -15.935279 -3.846931 -0.002102 0.00031 0.000752 -10.28011 -5.682317 -4.33365 11.020255 -11.321365 -2.37167 -1.387383 -14.255408 -6.316308 -0.616386 -26.983637 -3.83516 -4.515538 -49.745365 -3.189593 -13.708935 -7.367861 -3.713305 18.141493 -14.069759 -3.240899 -0.000897 -18.798182 -0.011933 -0.428919 -8.473514 2.550522 0.010803 0.002691 0.002292 -15.943523 -20.131567 -5.464447 30.451904 -7.212755 1.746152 -0.019116 -8.17201 -0.005335 -1.839713 -22.909643 -6.174523 0.008225 0.00991 0.002803 -177.987076 -15.145986 -35.498821 24.509104 -0.263908 0.850351 -69.120049 -11.288563 -18.676634 -7.207381 1.563692 2.185276 -0.996997 -0.000429 -0.001676 -5.518793 -3.167725 -37.673042 15.653275 0.157209 -0.758195 -75.039185 -25.991621 -11.125418 -5.147623 0.454887 1.724892 -0.997631 0.000995 0.000443 
0.0 0.0 0.0 0.0 -0.0 0.0 -7.285057 99.746277 -19.023531 87.817154 1.161399 138.341797 -4.423876 7.350028 -0.200669 -12.148849 0.659996 0.410556 22.182596 -0.102683 -1.759415 20.08143 -13.144586 3.021853 -2.553796 -0.271359 9.69518 -22.957617 -3.078347 13.341399 0.000255 -0.001289 -0.002307 -0.081369 0.015057 -0.127583 -0.017778 0.06231 -0.107097 0.022916 -0.038719 -0.15984 -153.030762 -58.77293 170.13356 22.886911 -36.290886 17.736986 40.72094 0.676629 0.484795 -2.607237 0.490948 -5.318661 17.605867 -26.291462 52.426323 -19.470535 -14.371688 29.421238 0.002439 -8.774452 0.007829 15.609049 -17.746975 6.231516 -0.618038 -1.790333 -3.893937 -4.806775 -11.058663 -2.932172 -0.006735 -20.980064 -0.013279 -5.025144 -25.057346 -4.040129 -0.000156 0.001853 -0.006675 -10.644047 -5.691308 -3.562999 10.563481 -17.930269 -3.121454 -0.003076 -13.835734 -0.001999 -0.505225 -31.210655 -4.03319 -10.811637 -59.455917 6.989102 -13.991652 -7.158543 -2.867882 13.775555 -8.404702 -3.229397 0.338004 -34.268696 0.761669 -0.952232 -17.776228 2.606327 0.000847 0.010116 0.00135 -17.362848 -20.116026 -4.202299 21.775883 -1.638 3.864162 -0.004365 -6.344274 0.000831 -1.697589 -22.582678 -6.203123 0.005389 -0.005052 -0.003064 21.611433 -68.678764 176.660156 20.812634 -47.450729 11.426483 37.199829 0.100785 0.119921 -0.997904 0.165086 12.129667 22.181046 -20.341011 49.906017 -16.707962 -16.741028 28.459185 -4.2e-05 -12.690205 0.000134 15.412761 -17.472561 2.969856 -0.098561 -1.5165 -4.274187 -5.043427 -5.612862 -2.948758 -0.001107 -11.02343 0.000497 -6.115432 -15.897026 -3.834314 -0.000744 -0.005897 7.2e-05 -10.28143 -5.685309 -4.334929 11.03189 -11.300686 -2.374633 -1.395428 -14.237824 -6.315258 -0.613143 -26.92193 -3.829506 -4.624768 -49.484547 -3.260525 -13.713486 -7.370058 -3.712723 18.144684 -14.0444 -3.239884 0.011514 -18.785528 -0.010272 -0.436264 -8.433625 2.558516 0.011258 -0.011104 0.002746 -15.935048 -20.103907 -5.465499 30.443151 -7.185843 1.737937 0.001225 -8.171906 -0.009222 -1.871766 -22.87656 -6.185665 -0.0 -0.001392 0.003113 -178.593826 -15.131036 -34.724884 23.92243 -0.249798 0.795438 -72.243492 -11.325527 -18.915323 -6.870227 1.560186 2.190376 -0.991773 0.001406 0.001496 -5.625315 -3.631608 -38.920315 16.386896 0.121524 -0.749691 -74.555611 -26.474989 -11.772876 -5.043972 0.444352 1.728006 -0.999689 -0.006471 -0.001688 
0.0 0.0 0.0 0.0 -0.0 0.0 -6.88738 99.590706 -20.201626 87.664047 1.652387 140.432953 -4.582341 7.217204 -0.150001 -12.198116 0.689043 0.379902 22.458757 0.231087 -1.701144 20.24939 -13.242539 3.041727 -2.611865 -0.172035 10.033285 -22.764233 -2.910088 13.517834 -0.002509 0.00113 0.00214 -0.104985 0.017609 -0.09975 -0.055144 0.061919 -0.079698 -0.020308 -0.03494 -0.122914 -152.995926 -58.317993 170.409134 23.029383 -35.873211 17.337612 40.019989 0.577505 0.415127 -2.931098 0.100677 -5.027241 17.651899 -26.348452 52.44109 -19.470573 -14.428503 29.447573 0.007621 -8.781647 -0.005069 15.641652 -17.714163 6.206534 -0.603748 -1.787507 -3.898658 -4.822061 -11.06216 -2.927774 -0.014917 -20.97654 0.012938 -5.027513 -25.038647 -4.041792 -0.005679 0.001101 0.001791 -10.657063 -5.704561 -3.5608 10.596385 -17.936937 -3.116238 -0.01312 -13.844471 0.001107 -0.506756 -31.252975 -4.040467 -10.814622 -59.487095 6.949247 -14.005027 -7.156917 -2.874523 13.780898 -8.398451 -3.21732 0.319031 -34.202633 0.792343 -0.963741 -17.739416 2.608212 -0.012301 -0.002275 0.003137 -17.387653 -20.118774 -4.182392 21.795971 -1.626065 3.849081 0.00166 -6.344708 0.008835 -1.729344 -22.589735 -6.201748 -0.002954 0.0 0.005727 21.428711 -68.762947 176.759171 21.138693 -47.343216 10.255197 37.986176 0.039679 0.057937 -0.443969 0.265769 11.347107 22.182281 -20.373405 49.987762 -16.716728 -16.748283 28.496471 -0.006556 -12.694149 0.004688 15.448668 -17.526394 2.954312 -0.099093 -1.507136 -4.280253 -5.028644 -5.613457 -2.9549 -0.008527 -11.021624 -0.001563 -6.105783 -15.890662 -3.841631 0.001999 -0.000121 0.000105 -10.276128 -5.677907 -4.34088 11.022968 -11.303367 -2.380776 -1.362945 -14.242139 -6.326682 -0.619562 -26.905302 -3.84003 -4.623314 -49.394516 -3.393305 -13.701758 -7.35792 -3.722512 18.140705 -14.056168 -3.250595 0.00356 -18.788912 -0.007703 -0.438799 -8.445826 2.566658 -0.001742 -0.019657 -0.006871 -15.9134 -20.096912 -5.481442 30.395786 -7.188073 1.726629 0.01465 -8.17058 -0.001592 -1.864346 -22.855984 -6.155818 -0.00352 -0.007666 -0.011572 -178.787201 -14.628814 -33.9916 22.503469 -0.214337 0.707226 -75.163696 -11.750406 -18.531582 -6.190461 1.524976 2.18625 -1.001375 0.001926 -0.000225 -5.594179 -4.199881 -40.077499 16.834415 0.06343 -0.743868 -73.723221 -26.772446 -12.565144 -4.934895 0.472212 1.7353 -0.994962 0.004715 0.000445 
0.0 0.0 0.0 0.0 -0.0 0.0 -6.391613 99.492218 -21.499044 87.617134 1.96084 142.540894 -4.801215 6.924547 -0.209169 -12.269248 0.757313 0.430539 22.712221 0.576035 -1.628735 20.357437 -13.19767 3.07011 -2.639146 -0.104672 10.339954 -22.585075 -2.682137 13.424467 -0.003485 -0.0 -0.000195 -0.114311 0.019178 -0.044401 -0.07455 0.063838 -0.028217 -0.057857 -0.031323 -0.070453 -152.79776 -57.832272 170.333557 23.37846 -35.775734 16.976307 39.157444 0.487419 0.467337 -3.305985 -0.507958 -4.714146 17.654003 -26.291658 52.372555 -19.497211 -14.383629 29.42909 0.000984 -8.768796 -0.002148 15.619459 -17.59964 6.198121 -0.616347 -1.79914 -3.890131 -4.803644 -11.055728 -2.939837 0.001579 -21.009188 -0.005666 -4.997349 -25.052094 -4.043668 -0.006453 -0.018626 0.003958 -10.642541 -5.683188 -3.562438 10.593968 -17.958317 -3.131139 0.002869 -13.84518 -0.006965 -0.468969 -31.226402 -4.054883 -10.719395 -59.562664 6.853191 -13.99667 -7.146016 -2.870731 13.785731 -8.415661 -3.211065 0.373443 -34.226414 0.745035 -0.941697 -17.723459 2.623142 -0.003931 0.008264 -0.000977 -17.353745 -20.106148 -4.198694 21.764509 -1.647517 3.872363 0.003899 -6.34795 -0.00449 -1.680037 -22.607023 -6.204009 0.003241 0.00126 0.006811 21.445206 -68.753723 176.696655 21.271748 -47.199039 8.616139 38.757103 -0.094303 -0.002649 0.355696 0.508623 10.369573 22.177736 -20.373108 49.885269 -16.685387 -16.736277 28.441715 -0.00179 -12.689532 0.000147 15.497571 -17.58889 2.898414 -0.101859 -1.51097 -4.275192 -5.0256 -5.605099 -2.945976 -0.003534 -11.006668 0.002055 -6.101019 -15.886452 -3.829852 0.002319 -0.005586 -0.000859 -10.278902 -5.668541 -4.333443 11.033919 -11.299746 -2.369121 -1.374601 -14.234936 -6.307109 -0.626317 -26.911043 -3.803621 -4.709733 -49.479191 -3.430452 -13.701536 -7.349084 -3.713717 18.145651 -14.04275 -3.236576 -6e-06 -18.785995 0.007799 -0.433631 -8.450975 2.560277 -0.003993 0.007547 -0.002823 -15.924731 -20.061375 -5.462737 30.441423 -7.198646 1.735597 0.004472 -8.162565 0.008168 -1.871924 -22.839233 -6.145669 0.006038 0.001897 0.0 -178.604721 -13.509015 -33.089363 20.077154 -0.165755 0.640451 -77.407242 -12.835961 -17.465158 -5.412815 1.463037 2.181668 -0.997922 -0.001811 0.000827 -5.400105 -4.960134 -41.307938 16.867773 0.028659 -0.699606 -72.717873 -27.031776 -13.539346 -4.911089 0.529269 1.747034 -0.990684 -0.002513 -0.000444 
0.0 0.0 0.0 0.0 -0.0 0.0 -5.895579 99.516296 -22.923492 87.784843 1.976337 144.624939 -4.959541 6.271629 -0.122072 -12.325233 0.842835 0.458943 22.941519 0.87163 -1.487067 20.25198 -12.672385 3.04921 -2.658231 -0.172112 10.337955 -22.402689 -2.370379 13.363196 1e-05 -0.000329 -0.002659 -0.099489 0.019814 -0.056311 -0.062041 0.052603 -0.030726 -0.047124 -0.017948 -0.082307 -152.580246 -57.336418 170.359406 23.802097 -35.778179 16.192747 38.795181 0.380109 0.530996 -3.79392 -1.037607 -4.585846 17.611948 -26.369421 52.520428 -19.468924 -14.426343 29.451748 -0.00161 -8.782661 0.004064 15.812735 -17.506849 6.164585 -0.606734 -1.788886 -3.887546 -4.806476 -11.045647 -2.935907 -0.00625 -20.963232 0.001824 -5.035316 -25.025692 -4.021442 -0.00217 0.014379 -0.001278 -10.634272 -5.679033 -3.550309 10.572211 -17.915012 -3.124594 0.004301 -13.834744 0.0148 -0.504913 -31.183376 -4.033084 -10.898749 -59.586147 6.977638 -13.986479 -7.137733 -2.866715 13.784541 -8.404178 -3.223156 0.33172 -34.200832 0.806586 -0.957823 -17.73761 2.612784 0.00459 0.009707 -0.000388 -17.34594 -20.084831 -4.198195 21.7658 -1.638254 3.869899 0.002951 -6.341124 -0.004466 -1.718361 -22.570293 -6.194623 0.003768 -0.003306 0.00767 20.360167 -68.422112 177.601669 20.742128 -47.026543 6.953039 39.165253 -0.240658 -0.022533 1.155721 0.670835 9.325236 22.170595 -20.424316 50.002441 -16.692867 -16.749664 28.49369 0.001099 -12.701356 0.004362 15.601642 -17.725861 2.840343 -0.105746 -1.510195 -4.281077 -5.028188 -5.61567 -2.951697 -0.010115 -11.022854 0.004288 -6.115882 -15.906766 -3.836698 0.000155 0.005386 0.001528 -10.281902 -5.682974 -4.343073 11.041419 -11.309907 -2.376875 -1.386652 -14.255642 -6.323502 -0.631513 -26.965803 -3.831012 -4.718683 -49.493324 -3.649183 -13.71183 -7.365704 -3.720381 18.156069 -14.053286 -3.249184 -0.003342 -18.792852 0.002933 -0.435318 -8.457195 2.557973 -0.004924 0.009849 0.002967 -15.916537 -20.106781 -5.474954 30.425564 -7.187413 1.733307 -0.01972 -8.172198 -0.003003 -1.859299 -22.858677 -6.171188 -0.002218 2e-05 -0.004549 -178.184998 -11.645192 -31.762514 17.063276 -0.193806 0.544373 -78.738235 -14.02073 -16.150572 -4.974347 1.460483 2.147733 -0.996213 -0.000192 0.001196 -4.87355 -5.975704 -42.656231 16.114466 0.055611 -0.805294 -71.196777 -27.087835 -14.560254 -4.941341 0.556219 1.766376 -1.000168 0.003515 0.001175 
0.0 0.0 0.0 0.0 -0.0 0.0 -5.410141 99.62912 -24.447472 88.254578 1.338204 146.417511 -5.05145 5.433192 -0.010432 -12.342208 0.845576 0.740217 23.001566 0.726562 -1.216279 19.953304 -12.013101 2.991698 -2.666257 -0.174335 10.197599 -22.469213 -1.853367 13.066549 -0.002319 0.001958 -0.000209 -0.090509 0.026651 -0.064218 -0.054504 0.052038 -0.049892 -0.040393 -0.003449 -0.087495 -151.787735 -57.207413 169.573471 24.521154 -36.285389 15.508937 38.482117 0.430846 0.595324 -4.223379 -1.255339 -4.94579 17.628155 -26.258188 52.262661 -19.423237 -14.364627 29.323359 -0.006435 -8.757566 -0.00365 15.869538 -17.302378 6.050738 -0.603236 -1.787904 -3.860226 -4.784708 -11.018685 -2.95372 0.012885 -20.924768 -0.00579 -5.003519 -24.951481 -4.013682 0.001056 0.009986 -0.008123 -10.604934 -5.661202 -3.561632 10.553057 -17.894825 -3.090226 -0.004762 -13.797618 0.006553 -0.495066 -31.136913 -4.026039 -10.576315 -59.372166 6.780257 -13.943268 -7.120008 -2.868006 13.731356 -8.379718 -3.202749 0.349369 -34.099537 0.777887 -0.951553 -17.684364 2.62111 0.011892 -0.008503 -0.007372 -17.290846 -20.044348 -4.182941 21.692915 -1.634262 3.851407 9.7e-05 -6.319113 -0.003595 -1.678867 -22.52791 -6.165851 -0.001628 0.009825 0.013899 19.110142 -68.37159 178.534439 19.905924 -47.163452 5.787669 38.946201 -0.345733 -0.03348 1.493315 0.604736 8.847068 22.141375 -20.34934 49.853924 -16.696423 -16.706352 28.437677 -0.006529 -12.658992 0.001094 15.610469 -17.60137 2.876517 -0.110536 -1.507664 -4.270615 -5.030697 -5.610085 -2.944299 0.012166 -11.001781 -0.001425 -6.087564 -15.857085 -3.830137 0.002785 -0.001197 0.002069 -10.265659 -5.669348 -4.332084 11.003831 -11.291741 -2.367622 -1.361281 -14.231863 -6.311369 -0.620133 -26.887007 -3.804369 -4.784023 -49.436604 -3.404341 -13.681318 -7.345936 -3.713351 18.130665 -14.052503 -3.244817 -0.000195 -18.777475 -0.002713 -0.41964 -8.468382 2.548738 -0.001654 0.002568 -0.00305 -15.885143 -20.06749 -5.466654 30.381374 -7.197884 1.733696 -0.007175 -8.163877 -0.005557 -1.81392 -22.885155 -6.185456 -0.004454 0.006733 0.001834 -178.05867 -9.179742 -30.305351 14.814177 -0.200259 0.498402 -78.997726 -14.849159 -14.798081 -4.778899 1.460749 2.134064 -0.992913 0.001363 0.000889 -4.429453 -7.7991 -44.538994 15.302885 0.043148 -0.773218 -69.448296 -26.834122 -15.194828 -5.161806 0.583241 1.76739 -1.001744 0.00304 -0.001279 
0.0 0.0 0.0 0.0 -0.0 0.0 -4.932641 99.695915 -25.999704 88.716515 0.469668 148.202118 -5.096725 4.563919 0.10233 -12.352268 0.843307 1.125932 22.964769 0.421477 -0.91837 19.513659 -11.463334 2.894712 -2.713151 -0.054543 9.961414 -22.855957 -1.408872 12.67543 1.4e-05 0.000411 -0.000793 -0.087891 0.024136 -0.094173 -0.067311 0.046034 -0.080101 -0.052069 -0.004114 -0.109789 -150.782852 -57.524502 168.583817 25.328764 -37.114601 14.799026 38.556236 0.513581 0.653287 -4.581394 -1.3853 -5.070375 17.622635 -26.342562 52.482792 -19.451889 -14.396557 29.412704 -0.003397 -8.769321 0.011627 15.954478 -17.368841 6.054322 -0.604771 -1.786115 -3.902967 -4.793948 -11.033728 -2.946457 0.009725 -20.956167 0.005696 -4.983835 -24.997746 -4.025506 -0.005928 0.000403 0.005058 -10.628229 -5.666228 -3.59192 10.57821 -17.923155 -3.108092 0.00971 -13.817389 -0.005368 -0.495766 -31.15559 -4.008628 -10.498245 -59.569473 6.702011 -13.968722 -7.121908 -2.901948 13.76549 -8.39842 -3.220916 0.348893 -34.147278 0.785576 -0.962384 -17.718952 2.619179 -0.014425 -0.007044 -0.001863 -17.316172 -20.059025 -4.215163 21.733356 -1.639226 3.835422 -0.004861 -6.327777 0.009461 -1.696798 -22.546064 -6.178195 0.007462 -0.008285 0.002264 17.983946 -68.901482 179.498718 19.053997 -47.654625 5.073291 38.682701 -0.416665 -0.024607 1.19424 0.149726 9.148762 22.190386 -20.378811 50.028168 -16.703396 -16.76281 28.508905 0.005853 -12.685082 0.003248 15.613212 -17.609039 2.859486 -0.095901 -1.517911 -4.284312 -5.038866 -5.609781 -2.957958 -0.000468 -11.02265 -0.005232 -6.108813 -15.909304 -3.85476 -0.003609 -0.007209 -0.000921 -10.278063 -5.678087 -4.341101 11.026505 -11.293555 -2.381046 -1.378262 -14.228224 -6.330612 -0.622095 -26.881514 -3.825915 -4.720131 -49.533344 -3.385142 -13.705116 -7.364087 -3.722426 18.137447 -14.022757 -3.247579 -0.013941 -18.767916 0.001595 -0.409679 -8.464421 2.551985 -0.007586 0.009721 -0.004812 -15.925018 -20.097492 -5.488363 30.431709 -7.184043 1.735691 0.001712 -8.152818 -0.002767 -1.859878 -22.824001 -6.156725 -0.007015 0.00198 -0.007333 -178.156906 -6.673233 -29.103624 13.139969 -0.202169 0.472622 -79.046585 -15.082444 -13.672422 -4.870073 1.518381 2.139378 -0.990562 -0.001995 1e-05 -4.206415 -10.032184 -46.425072 14.963061 0.064172 -0.775144 -68.148224 -26.342125 -15.49432 -5.492203 0.545027 1.742364 -0.998783 -0.005054 -0.003806 
0.0 0.0 0.0 0.0 -0.0 0.0 -4.486276 99.614944 -27.544577 89.163109 -0.44808 150.064224 -5.084543 3.679584 0.234817 -12.367782 0.846957 1.370708 22.928188 0.140994 -0.526466 18.90452 -11.045954 2.910747 -2.749295 0.062944 9.52187 -23.444202 -1.056557 12.28405 -0.0 -0.0 2.7e-05 -0.09571 0.017603 -0.09413 -0.050627 0.037714 -0.076467 -0.033663 -0.006851 -0.116637 -150.078949 -57.946964 167.815048 25.918076 -37.720818 14.594337 39.195759 0.43431 0.6028 -4.821736 -1.696215 -4.682355 17.690826 -26.39189 52.513622 -19.505358 -14.428017 29.459864 -0.008438 -8.794043 0.001469 16.050949 -17.480307 6.007869 -0.608564 -1.798803 -3.897372 -4.801532 -11.044606 -2.925411 0.024407 -20.985722 -0.002012 -5.005822 -25.032648 -4.021651 -0.013586 -0.016064 0.002632 -10.651759 -5.686557 -3.55431 10.610866 -17.947441 -3.103951 0.015683 -13.845894 -0.001334 -0.478769 -31.201021 -4.035721 -10.484213 -59.700657 6.673082 -14.014842 -7.149887 -2.857381 13.8272 -8.413806 -3.225878 0.39417 -34.282383 0.766445 -0.968895 -17.747402 2.645048 0.000634 0.012333 -0.007715 -17.373068 -20.101568 -4.190894 21.806877 -1.652908 3.854223 0.000383 -6.338948 0.009176 -1.679508 -22.577063 -6.180585 0.0 -0.0 0.0 17.550713 -69.612526 -179.992126 18.232117 -47.930447 4.880661 38.848652 -0.585668 0.037061 0.780008 -0.23187 9.543571 22.235636 -20.39818 50.011665 -16.73695 -16.762602 28.531073 0.003294 -12.719033 -0.007894 15.660944 -17.65143 2.887496 -0.110736 -1.520754 -4.284085 -5.03913 -5.629159 -2.958004 -0.005885 -11.047212 -0.001416 -6.126161 -15.925488 -3.843108 0.00071 -0.000356 0.003788 -10.305581 -5.696505 -4.346338 11.056463 -11.328698 -2.377676 -1.39015 -14.264023 -6.331367 -0.624441 -26.959293 -3.837703 -4.79265 -49.785866 -3.250353 -13.732485 -7.386515 -3.727746 18.175127 -14.089455 -3.246798 -0.007384 -18.834364 0.00414 -0.417863 -8.46983 2.54942 -0.00088 -0.022944 0.002638 -15.944008 -20.151594 -5.484395 30.459578 -7.198672 1.745046 0.003366 -8.177938 0.002771 -1.850603 -22.938457 -6.213693 -0.000854 0.009612 0.002763 -179.318756 -4.784181 -27.959946 14.029802 -0.221539 0.395139 -80.122322 -14.590977 -12.733239 -4.768744 1.522804 2.136119 -0.998282 -0.00361 -0.000468 -4.29107 -12.679752 -48.035702 15.729963 0.110826 -0.803924 -67.261429 -25.936371 -15.647244 -5.806751 0.521912 1.730192 -1.001341 -0.004117 0.000551 
0.0 0.0 0.0 0.0 -0.0 0.0 -4.035727 99.414787 -29.002077 89.746101 -1.440284 151.937576 -4.967327 2.616299 0.417974 -12.371171 0.801011 1.428374 22.876514 -0.132034 -0.191424 18.43037 -10.677744 2.834892 -2.752795 0.135821 9.07084 -24.135315 -0.79245 11.757816 0.000706 0.000526 -4.6e-05 -0.093708 0.020714 -0.106405 -0.040188 0.053883 -0.077197 -0.041418 -0.016622 -0.136809 -149.632111 -57.824677 167.4319 26.166006 -37.47298 14.864116 39.702396 0.214313 0.598413 -4.926937 -2.155463 -4.021041 17.682766 -26.429073 52.565449 -19.484182 -14.427356 29.416908 -0.003953 -8.791089 0.011739 16.07234 -17.676189 6.018511 -0.595972 -1.79026 -3.878653 -4.808007 -11.052022 -2.943306 0.009168 -20.998724 0.00841 -5.007442 -25.040295 -4.029548 -0.004621 -0.003289 0.005358 -10.63893 -5.677285 -3.557171 10.594028 -17.931072 -3.121283 -0.010389 -13.828333 0.018235 -0.527441 -31.190332 -4.018301 -10.934105 -59.587658 6.991988 -13.990959 -7.134317 -2.886302 13.8003 -8.420605 -3.205199 0.366914 -34.256691 0.803514 -0.971349 -17.749556 2.648753 -0.003781 0.008517 -0.001966 -17.358522 -20.091219 -4.196867 21.802011 -1.655628 3.855778 0.007638 -6.35533 0.009805 -1.708372 -22.612228 -6.205785 -0.000707 -0.004289 0.006622 17.4265 -69.667496 -179.821091 17.379915 -47.802078 4.941026 39.217972 -0.567366 0.003158 0.412903 -0.043474 9.590948 22.161903 -20.364172 49.961712 -16.688896 -16.735952 28.483866 0.000486 -12.679934 0.006029 15.565865 -17.647289 2.983776 -0.098638 -1.506857 -4.277231 -5.046894 -5.614728 -2.950866 -0.00295 -11.009364 -0.000575 -6.102851 -15.886804 -3.828815 0.000726 -4.8e-05 0.000266 -10.284145 -5.675446 -4.339638 11.019348 -11.290447 -2.371582 -1.382739 -14.226789 -6.317303 -0.625735 -26.902025 -3.824496 -4.75633 -49.59602 -3.32536 -13.698013 -7.356446 -3.721096 18.119041 -14.04185 -3.24605 -0.004787 -18.769464 0.008208 -0.431927 -8.468977 2.557507 0.002115 0.005211 -0.003548 -15.912632 -20.091696 -5.479321 30.37405 -7.180006 1.729096 0.00876 -8.161253 0.003373 -1.861144 -22.856874 -6.163803 0.002877 0.007288 0.008457 179.729813 -2.854273 -27.374847 15.197359 -0.240341 0.391037 -81.367523 -13.609528 -11.77842 -4.869989 1.535118 2.112519 -0.991302 -0.001222 0.001538 -4.417941 -15.699659 -48.973999 17.33975 0.096948 -0.803428 -67.299675 -25.415817 -15.318783 -6.216558 0.523777 1.745838 -0.997974 -0.007228 0.000691 
0.0 0.0 0.0 0.0 -0.0 0.0 -3.65849 99.207329 -30.351751 90.379456 -2.388678 153.801239 -4.847025 1.528388 0.513938 -12.357868 0.7604 1.556019 22.947447 -0.425867 -0.093759 18.112522 -10.219009 2.807903 -2.771111 0.111211 8.670983 -24.794556 -0.602713 11.173849 0.001175 -0.00048 0.001021 -0.110095 0.00838 -0.109226 -0.054078 0.036896 -0.076424 -0.05075 -0.022042 -0.145098 -149.255692 -57.962429 167.294235 26.713064 -37.17009 15.277663 39.814617 0.204417 0.616244 -4.904366 -2.404345 -3.957357 17.663494 -26.268902 52.420029 -19.459517 -14.386588 29.402712 0.003843 -8.78403 0.008828 16.16658 -17.669897 5.894777 -0.607909 -1.791081 -3.889907 -4.815445 -11.052762 -2.946838 -0.013636 -20.979849 0.012447 -5.002434 -25.040623 -4.062684 0.007541 0.011099 0.004049 -10.640527 -5.693586 -3.562647 10.570451 -17.914801 -3.108767 0.001556 -13.815881 -0.023631 -0.497339 -31.144201 -4.056664 -10.753769 -59.392246 6.829775 -13.986527 -7.155365 -2.874876 13.763728 -8.393523 -3.212859 0.363637 -34.207962 0.747128 -0.972188 -17.74011 2.618504 0.0 -0.0 0.0 -17.362114 -20.106474 -4.222136 21.763844 -1.632261 3.895277 0.002103 -6.335648 0.006065 -1.699841 -22.596775 -6.230112 -0.000847 0.007749 0.003753 17.93363 -69.713379 179.851654 16.771946 -47.918865 4.575397 39.9244 -0.525749 0.029956 0.44838 0.406293 10.16794 22.20256 -20.329203 49.87307 -16.687929 -16.740286 28.427015 0.007192 -12.696898 -0.00807 15.67995 -17.702969 2.965245 -0.104164 -1.513459 -4.275791 -5.042371 -5.614616 -2.946704 -0.008056 -11.015062 0.00028 -6.118674 -15.897687 -3.836657 0.001081 0.000184 -0.000942 -10.296133 -5.686178 -4.331214 11.037008 -11.295866 -2.371006 -1.390459 -14.227996 -6.315165 -0.636618 -26.954721 -3.838008 -4.739367 -49.818386 -3.353723 -13.722553 -7.372205 -3.715086 18.145399 -14.032498 -3.23077 -0.011846 -18.781527 -0.002467 -0.429149 -8.448529 2.543795 0.005181 -0.003377 0.001391 -15.94617 -20.104868 -5.460571 30.430649 -7.177562 1.755068 -0.010244 -8.14915 0.001614 -1.865029 -22.84383 -6.155677 -0.00567 0.000187 -0.009703 179.130325 -0.889001 -26.425686 15.899313 -0.207 0.288121 -82.126732 -12.716891 -10.620242 -4.913386 1.487343 2.088409 -0.994243 -0.00518 -0.001603 -4.41974 -18.364372 -48.492626 18.610949 0.11584 -0.666263 -67.880447 -24.82777 -14.384633 -6.332594 0.52367 1.735332 -0.999454 0.010549 -0.000582 
0.0 0.0 0.0 0.0 -0.0 0.0 -3.372496 99.103394 -31.475662 90.894348 -3.168777 155.952271 -4.697696 0.499348 0.590576 -12.318459 0.757416 1.680026 22.963591 -0.673213 -0.174012 18.106096 -9.700921 2.758632 -2.775413 -0.022545 8.287059 -25.47604 -0.445147 10.385289 0.000751 -0.001177 0.000873 -0.095398 0.001859 -0.092299 -0.039687 0.024164 -0.063428 -0.044112 -0.028016 -0.125338 -149.261566 -58.51585 167.592346 27.659704 -36.991695 15.530359 39.378479 0.290372 0.639087 -4.970896 -2.57793 -4.15379 17.682127 -26.341068 52.470798 -19.457827 -14.401765 29.418188 0.001321 -8.788781 -0.011365 16.299376 -17.839935 5.96839 -0.604577 -1.797438 -3.876836 -4.826594 -11.057274 -2.928421 -0.013399 -20.999941 -0.006166 -5.044006 -25.039036 -4.045738 -0.005242 -0.003524 0.002736 -10.659502 -5.690013 -3.544745 10.589796 -17.933834 -3.125335 0.001937 -13.833147 -0.002556 -0.519887 -31.217442 -4.034989 -10.972279 -59.78141 7.0424 -14.004954 -7.155172 -2.849738 13.785079 -8.402516 -3.214088 0.349042 -34.240742 0.770089 -0.965907 -17.742947 2.628552 0.003081 -0.015725 -0.007235 -17.393705 -20.125172 -4.167752 21.79104 -1.625408 3.865537 0.003889 -6.347572 -0.004146 -1.71243 -22.620789 -6.200501 0.003275 0.016051 0.002487 19.103409 -70.056778 179.02449 16.408094 -48.533913 3.982601 40.823292 -0.471385 0.152378 0.478798 1.067603 10.687778 22.275955 -20.361532 49.927616 -16.717176 -16.761841 28.451052 0.001071 -12.712864 -0.011684 15.831979 -17.848125 2.946641 -0.102733 -1.521732 -4.284718 -5.048499 -5.624891 -2.952043 -0.008588 -11.041761 -0.000415 -6.143288 -15.934944 -3.849528 -0.001296 -0.000335 0.00385 -10.308688 -5.69048 -4.336759 11.059372 -11.316857 -2.371987 -1.406822 -14.259309 -6.326565 -0.635838 -26.940447 -3.830121 -4.754939 -50.126419 -3.339558 -13.737087 -7.375674 -3.716268 18.179113 -14.068274 -3.238759 0.003298 -18.796406 0.002231 -0.431706 -8.463649 2.544988 0.003075 -0.008822 0.008872 -15.972778 -20.136726 -5.474011 30.510336 -7.209414 1.755741 -0.007056 -8.164634 -0.002681 -1.870839 -22.92972 -6.182961 0.00813 -0.001633 0.008208 179.047668 0.898961 -25.222502 15.701443 -0.151254 0.158822 -82.656021 -11.690558 -9.421509 -4.886259 1.424906 2.0663 -0.99465 -0.004123 -0.000965 -4.62318 -20.719646 -46.038868 20.612347 0.118746 -0.299521 -69.864609 -23.424446 -12.778698 -6.36181 0.566891 1.749863 -1.000546 -0.001003 0.001207 
0.0 0.0 0.0 0.0 -0.0 0.0 -3.109354 99.033096 -32.4077 91.241859 -3.500236 158.305161 -4.573252 -0.268856 0.624619 -12.243425 0.669185 1.579052 23.088821 -0.731279 -0.22725 18.08452 -9.24427 2.767812 -2.766195 -0.098524 7.720253 -25.889713 -0.377671 9.482449 -5.2e-05 -0.000683 -0.000846 -0.092272 0.002687 -0.116722 -0.042739 0.022927 -0.084797 -0.053106 -0.016192 -0.152005 -149.31311 -59.095119 167.952255 28.77125 -36.871986 15.218399 38.377834 0.316414 0.68084 -5.201749 -2.602806 -4.755717 17.699867 -26.380087 52.503895 -19.488253 -14.405247 29.403971 -0.002866 -8.78222 -0.008201 16.365023 -17.80517 5.970402 -0.614059 -1.801773 -3.90677 -4.81122 -11.050149 -2.952343 -0.001665 -21.006283 0.002334 -5.047708 -25.073845 -4.025599 -0.002072 0.006724 0.003975 -10.651527 -5.688103 -3.580039 10.592535 -17.938719 -3.124245 0.001931 -13.839372 0.004828 -0.508496 -31.230402 -4.01359 -11.058118 -59.917686 7.113685 -14.008547 -7.150369 -2.888428 13.81461 -8.419069 -3.223412 0.363532 -34.240292 0.771464 -0.975222 -17.796518 2.63628 0.008081 0.018369 0.005445 -17.362211 -20.112659 -4.215187 21.775787 -1.642108 3.868531 -0.002295 -6.33946 0.004189 -1.691746 -22.583729 -6.197849 0.002216 -0.012489 0.004214 20.213255 -70.004166 178.180984 16.033396 -49.054817 3.448169 41.647255 -0.341427 0.15113 0.515122 1.470699 11.211859 22.183119 -20.379747 50.001907 -16.720533 -16.756191 28.523504 0.003166 -12.713659 0.006966 15.938807 -17.904007 2.970135 -0.107556 -1.513542 -4.284451 -5.047455 -5.62396 -2.954073 0.001712 -11.027797 -0.006638 -6.119177 -15.905357 -3.838705 -0.003243 -0.0 -0.001195 -10.291632 -5.681735 -4.340358 11.036477 -11.307949 -2.382514 -1.381984 -14.262032 -6.329723 -0.631068 -26.944195 -3.831372 -4.714057 -50.172256 -3.277191 -13.722942 -7.371967 -3.716722 18.160545 -14.052193 -3.250725 0.003342 -18.781698 -0.012903 -0.426581 -8.460433 2.545305 0.000959 -0.009881 0.008671 -15.945297 -20.112009 -5.47391 30.471117 -7.182886 1.73436 -0.014804 -8.155128 -0.003129 -1.864159 -22.902138 -6.197035 0.002371 0.011413 0.005493 178.964066 2.033736 -23.636171 15.772016 -0.147269 0.117082 -82.849426 -10.928518 -8.26843 -4.906778 1.423895 2.060338 -0.994353 -0.005438 -0.001196 -4.918808 -22.09074 -41.713531 22.863762 0.121459 -0.03831 -72.778824 -20.647156 -10.575349 -6.293869 0.577595 1.740054 -0.997071 -0.000327 0.001986 
0.0 0.0 0.0 0.0 -0.0 0.0 -2.927444 99.062096 -33.117359 91.359665 -3.434648 160.729126 -4.470327 -0.786312 0.602432 -12.143785 0.541069 1.371865 23.164654 -0.661993 -0.308829 18.143051 -8.679523 2.797173 -2.751813 -0.164797 7.08836 -26.083595 -0.371125 8.613364 0.001806 -0.000813 4.3e-05 -0.089772 0.005271 -0.136066 -0.049992 0.016758 -0.097876 -0.053117 -0.012397 -0.18201 -149.462402 -59.650295 168.256638 29.692589 -36.858784 14.66471 37.320042 0.374204 0.667797 -5.446566 -2.49608 -5.611679 17.609867 -26.356752 52.506439 -19.470781 -14.407552 29.435736 -0.002558 -8.769325 0.004941 16.396416 -17.777893 5.970324 -0.611184 -1.79358 -3.903406 -4.811959 -11.046648 -2.950675 -0.004554 -20.978764 0.001448 -5.035586 -25.033882 -4.034573 0.001756 -0.005594 -0.003923 -10.64148 -5.689878 -3.585567 10.583899 -17.924828 -3.126866 -0.00626 -13.82452 0.015367 -0.519874 -31.209082 -4.033528 -11.0307 -60.03899 6.987298 -13.984296 -7.144548 -2.885554 13.773315 -8.403237 -3.244621 0.336787 -34.217159 0.804269 -0.951303 -17.72086 2.619268 -0.004073 -0.01251 -0.007537 -17.355114 -20.103094 -4.210236 21.766718 -1.635496 3.85014 0.001807 -6.345936 0.011386 -1.670548 -22.59569 -6.207935 -0.01712 -0.002083 -0.001444 21.142988 -69.731339 177.502365 15.85818 -49.476578 3.002869 42.27396 -0.31966 0.145304 0.626292 1.561293 11.77733 22.208242 -20.446842 50.073589 -16.718048 -16.781898 28.560057 -0.001203 -12.710873 -0.004126 15.996836 -17.943354 2.981034 -0.097224 -1.507773 -4.284465 -5.042158 -5.620724 -2.961932 -0.008038 -11.03914 0.012848 -6.107882 -15.925552 -3.847729 0.003522 -0.004696 0.002991 -10.286654 -5.678802 -4.349641 11.038028 -11.324205 -2.37683 -1.378018 -14.252908 -6.319783 -0.635826 -26.918556 -3.813171 -4.759094 -50.181492 -3.2042 -13.715286 -7.35753 -3.72925 18.157495 -14.083942 -3.248139 -0.001377 -18.798893 0.011405 -0.428221 -8.468566 2.56612 -0.006112 -0.010963 -0.009116 -15.937029 -20.127413 -5.48559 30.475359 -7.211842 1.729841 0.004915 -8.176564 0.000384 -1.873474 -22.894251 -6.169633 -0.009403 -0.000226 -0.004482 178.925369 2.553897 -21.895895 15.682981 -0.136225 0.101657 -82.721497 -10.249001 -7.301243 -4.917746 1.438233 2.070165 -0.995123 -0.002413 -0.001209 -5.34574 -22.331945 -36.489697 24.911638 0.119964 0.180761 -75.296898 -16.194521 -8.898718 -6.214066 0.568578 1.728461 -0.9933 0.005 0.001418 
0.0 0.0 0.0 0.0 -0.0 0.0 -2.786804 99.162354 -33.581127 91.286232 -3.115824 163.03421 -4.360827 -1.128034 0.595276 -12.041758 0.409698 1.135254 23.173666 -0.559848 -0.406287 18.211903 -7.94513 2.829935 -2.737076 -0.201335 6.391961 -26.14893 -0.416096 7.785082 0.00099 -0.000716 -0.000699 -0.088465 0.009018 -0.149308 -0.059353 0.02207 -0.105301 -0.056784 -0.007807 -0.200642 -149.47377 -60.118355 168.452118 30.272448 -36.832565 13.988029 36.673077 0.416449 0.593664 -5.578398 -2.410979 -6.452349 17.616411 -26.30061 52.414505 -19.45857 -14.388919 29.435507 -0.002155 -8.769508 0.015032 16.439028 -17.817965 5.967004 -0.604696 -1.784322 -3.925797 -4.807344 -11.040838 -2.921652 0.012508 -20.958179 0.007148 -4.988286 -24.988184 -4.028732 0.0 -0.0 0.0 -10.622187 -5.683108 -3.606202 10.561789 -17.923075 -3.102193 0.003432 -13.809362 0.001121 -0.518319 -31.170891 -4.008072 -11.044218 -59.977093 7.004351 -13.968228 -7.141993 -2.903644 13.764445 -8.401913 -3.215203 0.363887 -34.211716 0.782776 -0.976267 -17.73567 2.605745 0.009181 0.012958 0.007092 -17.307514 -20.078606 -4.239419 21.72032 -1.652504 3.865489 0.005578 -6.330112 0.00204 -1.69507 -22.564756 -6.181083 -0.001584 -0.008469 -0.004207 21.789358 -69.192055 176.980942 15.860744 -49.825935 2.721919 42.640553 -0.30937 0.13926 0.745892 1.296653 12.323877 22.177813 -20.404152 49.989838 -16.707483 -16.754189 28.498192 -0.004937 -12.676138 0.007263 16.002129 -17.892893 2.957478 -0.113853 -1.520766 -4.278141 -5.030915 -5.609453 -2.95453 0.003766 -11.023543 0.000828 -6.088656 -15.895705 -3.833655 -0.000716 -0.005556 -0.00413 -10.286026 -5.679844 -4.339151 11.03291 -11.309308 -2.383308 -1.380756 -14.253742 -6.319359 -0.617398 -26.956562 -3.825366 -4.672207 -50.244545 -3.224574 -13.707339 -7.359331 -3.728612 18.138729 -14.068933 -3.240859 -0.000911 -18.803402 0.002009 -0.435314 -8.462049 2.55387 0.004168 -0.002714 0.005911 -15.91864 -20.102007 -5.489455 30.432684 -7.204268 1.734942 0.007519 -8.177265 0.000362 -1.858119 -22.875011 -6.164526 -0.001194 0.000676 0.00654 178.922333 2.592292 -20.26634 15.445539 -0.105692 0.079743 -82.62661 -9.510786 -6.548343 -4.949853 1.499341 2.089226 -0.989257 -0.007336 -0.002014 -5.805587 -21.649977 -31.352512 26.367449 0.089653 0.398442 -76.853722 -10.701431 -7.899914 -6.289881 0.556027 1.715321 -0.991892 0.006923 0.001614 
0.0 0.0 0.0 0.0 -0.0 0.0 -2.743888 99.271744 -33.889694 91.132507 -2.707042 165.145294 -4.240187 -1.371385 0.576619 -11.962475 0.276134 0.933769 23.189989 -0.443355 -0.454867 18.261509 -7.176037 2.872547 -2.721292 -0.220532 5.70569 -26.239855 -0.447461 7.036182 -0.000108 0.001706 -0.000144 -0.080865 0.016014 -0.148744 -0.053082 0.034038 -0.104079 -0.052385 -0.00969 -0.200593 -149.556168 -60.631992 168.626129 30.584576 -36.695633 13.466857 36.552689 0.378819 0.561213 -5.581375 -2.423845 -7.190255 17.634809 -26.318617 52.446888 -19.406979 -14.414665 29.407736 0.004106 -8.772243 0.0163 16.473381 -17.892159 5.981203 -0.596073 -1.786194 -3.895397 -4.808404 -11.030127 -2.951211 -0.013674 -20.954643 0.02985 -5.013767 -24.989643 -4.034276 0.003637 0.006523 -0.00125 -10.607952 -5.666686 -3.573236 10.550606 -17.884117 -3.103092 -0.006146 -13.788304 0.018277 -0.510994 -31.112814 -4.029757 -11.133801 -59.922604 7.022954 -13.959408 -7.131931 -2.888354 13.758701 -8.392762 -3.209198 0.344211 -34.194656 0.792815 -0.951816 -17.714622 2.611342 -0.00935 0.005439 0.009053 -17.329683 -20.05501 -4.200865 21.750856 -1.633441 3.856287 0.003727 -6.339311 0.008715 -1.71777 -22.539114 -6.178581 0.006147 -0.006792 0.025391 22.044504 -68.672905 176.838211 16.050171 -49.891197 2.44597 42.74799 -0.289391 0.129155 0.890649 0.848777 12.785361 22.150208 -20.415279 49.956535 -16.633358 -16.741228 28.45789 0.006003 -12.685906 0.00153 15.977298 -17.908478 2.916041 -0.111938 -1.51506 -4.279394 -5.025251 -5.598686 -2.944913 -0.008258 -10.998768 0.004966 -6.099651 -15.860492 -3.824869 0.001532 -0.011014 0.002682 -10.271981 -5.675829 -4.336689 10.998448 -11.27994 -2.364115 -1.386272 -14.214172 -6.299926 -0.651517 -26.855434 -3.79022 -4.704149 -49.975605 -3.263123 -13.694252 -7.352582 -3.709744 18.102438 -14.014591 -3.235229 -0.029977 -18.75807 0.035737 -0.441434 -8.432017 2.571097 -0.004083 0.006693 -0.012124 -15.920295 -20.068052 -5.471456 30.394087 -7.177902 1.752499 -0.005844 -8.157886 0.009223 -1.893826 -22.803457 -6.140775 0.004729 -0.011923 0.003988 178.735077 2.312726 -18.896029 15.435237 -0.069031 0.034143 -82.419533 -8.724714 -6.044101 -4.952521 1.52753 2.10097 -0.994867 0.002241 0.000982 -6.258045 -20.520201 -27.005278 27.185776 0.028649 0.564671 -77.932907 -5.123946 -7.623951 -6.488817 0.555168 1.699504 -0.995486 -0.004879 0.007484 
0.0 0.0 0.0 0.0 -0.0 0.0 -2.656973 99.349747 -34.130329 90.989204 -2.332345 167.135742 -4.109392 -1.586518 0.575331 -11.910047 0.149648 0.783383 23.241207 -0.377992 -0.509387 18.344231 -6.435276 2.898245 -2.717215 -0.222428 5.072003 -26.378103 -0.451436 6.278399 -0.00229 0.000245 0.001552 -0.084932 0.013784 -0.142607 -0.067643 0.034788 -0.101839 -0.065935 -0.010517 -0.19139 -149.587875 -61.408989 168.666138 30.875799 -36.751122 13.134576 36.661144 0.289589 0.419674 -5.452796 -2.594553 -7.608231 17.638338 -26.270168 52.37965 -19.49194 -14.394628 29.397974 -0.001455 -8.777683 0.01327 16.568184 -17.945858 5.969682 -0.610238 -1.790446 -3.911898 -4.802804 -11.050716 -2.940172 0.009741 -20.982872 -0.00753 -5.008753 -25.039068 -4.026148 0.006618 -0.011437 -0.008036 -10.63055 -5.690104 -3.581468 10.576231 -17.935221 -3.136263 -0.006404 -13.817422 -0.002114 -0.476921 -31.177433 -4.070467 -11.074203 -60.079876 6.993034 -13.97567 -7.150401 -2.900492 13.765185 -8.407351 -3.213627 0.379286 -34.210903 0.741797 -0.959415 -17.726002 2.61792 0.000331 -0.006525 0.002249 -17.339239 -20.10853 -4.227913 21.756304 -1.628949 3.843011 -0.000393 -6.337099 0.011737 -1.683348 -22.611488 -6.210783 0.000381 -0.002066 -0.008265 22.400261 -68.593033 176.694351 16.444166 -50.095531 2.259927 42.806965 -0.262257 0.087478 1.040954 0.479115 13.10834 22.14263 -20.338722 49.918255 -16.715103 -16.732691 28.469093 -0.002095 -12.685893 0.009795 16.006298 -17.89949 2.855684 -0.10876 -1.518594 -4.268759 -5.023038 -5.611264 -2.950452 6e-06 -11.023405 -0.014 -6.098718 -15.905197 -3.834513 0.000115 0.000812 -0.007982 -10.284473 -5.683076 -4.330743 11.033856 -11.304153 -2.385641 -1.380491 -14.246723 -6.317559 -0.619027 -26.968111 -3.84214 -4.524753 -50.033924 -3.408425 -13.716579 -7.371569 -3.713435 18.16466 -14.05233 -3.25449 0.002754 -18.795216 -0.015764 -0.424913 -8.461286 2.542606 0.004904 -0.008748 0.001321 -15.921137 -20.103189 -5.466717 30.419853 -7.191313 1.725618 -0.014361 -8.155955 -0.000877 -1.843821 -22.878538 -6.187773 -0.006779 0.008586 -1e-06 178.492691 2.0104 -17.751005 15.634605 -0.036442 -0.003317 -82.542969 -7.976864 -5.629813 -4.989391 1.528671 2.108666 -1.005614 0.00609 -0.00021 -6.562782 -19.347116 -23.585701 27.291803 -0.001842 0.664177 -78.811028 -0.480684 -7.801843 -6.707832 0.566777 1.695493 -1.001872 -0.005736 0.000786 
0.0 0.0 0.0 0.0 -0.0 0.0 -2.489933 99.420769 -34.082695 90.843933 -2.010664 168.948456 -4.005958 -1.778563 0.593164 -11.865033 0.053278 0.693091 23.285183 -0.368395 -0.572499 18.391998 -5.721801 2.915522 -2.694679 -0.23469 4.508167 -26.477867 -0.486663 5.531247 0.001743 0.000872 5.9e-05 -0.076034 0.012712 -0.153165 -0.063803 0.029429 -0.108523 -0.056111 -0.012842 -0.192745 -149.766464 -61.891273 168.835266 30.923159 -36.550438 13.164907 36.682838 0.18388 0.372239 -5.325845 -2.874935 -7.780214 17.633724 -26.327465 52.380238 -19.504189 -14.418982 29.424786 -0.003352 -8.784289 -0.0031 16.634693 -18.017012 5.994497 -0.606875 -1.793731 -3.912605 -4.807892 -11.06852 -2.919187 0.003262 -21.022764 -0.007131 -5.024865 -25.056103 -4.020167 -0.002368 0.002384 0.004907 -10.64421 -5.689042 -3.576648 10.589001 -17.954372 -3.105529 0.008839 -13.843374 -0.009339 -0.488342 -31.254929 -4.023039 -11.222056 -60.247677 7.215936 -13.984354 -7.154183 -2.881835 13.781284 -8.420509 -3.215652 0.346236 -34.282028 0.76927 -0.94196 -17.770597 2.598457 -0.003592 -0.009798 -0.007871 -17.344265 -20.124836 -4.219181 21.752254 -1.647918 3.860715 0.004265 -6.349387 -0.000553 -1.710122 -22.601559 -6.170782 0.01109 -0.021401 0.004854 22.334215 -68.273476 176.764618 16.817595 -50.118614 2.087664 42.685692 -0.31377 0.096155 1.187884 0.242187 13.382542 22.227558 -20.410164 50.049294 -16.699036 -16.749506 28.4904 0.002953 -12.710621 0.000897 15.983002 -17.887646 2.844786 -0.10111 -1.508009 -4.281738 -5.046123 -5.616507 -2.936566 -0.002063 -11.022391 -0.0097 -6.117772 -15.906027 -3.850595 0.000439 -0.001725 -0.007221 -10.287786 -5.680864 -4.343671 11.043194 -11.290357 -2.367094 -1.405423 -14.224527 -6.316817 -0.632371 -26.877996 -3.844884 -4.430114 -49.797409 -3.48211 -13.705683 -7.361121 -3.723037 18.134027 -14.049609 -3.240246 0.000918 -18.792721 0.006795 -0.416903 -8.472886 2.562188 -0.006555 0.015776 0.006406 -15.932482 -20.101175 -5.493405 30.447081 -7.193333 1.760408 0.012696 -8.157111 0.000351 -1.882309 -22.844257 -6.174967 0.002794 -0.010233 -0.002116 178.364548 1.604628 -16.713758 15.719545 -0.010859 -0.019096 -82.654312 -7.221355 -5.376927 -4.994713 1.501365 2.108283 -1.006801 0.00667 0.001413 -6.699152 -18.177954 -20.897095 26.613913 -0.024581 0.71541 -79.509911 3.012784 -8.144151 -6.881865 0.597473 1.701201 -0.999639 0.001692 -0.000799 
0.0 0.0 0.0 0.0 -0.0 0.0 -2.344013 99.485756 -34.088921 90.725876 -1.740434 170.550522 -3.925409 -1.928825 0.654536 -11.835238 -0.025163 0.617512 23.350239 -0.436896 -0.580057 18.452021 -5.042997 2.868562 -2.677882 -0.278835 4.012218 -26.554554 -0.511665 4.822963 -0.000744 9.3e-05 0.002838 -0.07205 0.010583 -0.1508 -0.061459 0.025994 -0.115353 -0.053304 -0.008971 -0.192722 -149.924072 -62.232845 169.021713 30.956593 -36.35416 13.346371 36.485126 0.217091 0.352272 -5.240503 -3.244757 -7.679954 17.682652 -26.285854 52.41917 -19.502979 -14.396408 29.42852 0.000374 -8.788445 -0.020735 16.718666 -18.05122 5.95799 -0.598799 -1.786458 -3.906951 -4.816208 -11.066706 -2.921741 0.009738 -20.995646 -0.020284 -5.019715 -25.060392 -4.037854 0.000534 0.007436 0.003075 -10.639174 -5.690343 -3.572809 10.581172 -17.939199 -3.109773 0.004361 -13.833471 -0.016397 -0.518013 -31.180706 -4.023677 -11.219369 -60.032051 7.128646 -13.983435 -7.15578 -2.870146 13.771344 -8.393985 -3.224246 0.330431 -34.202431 0.759827 -0.950257 -17.723499 2.589576 0.004672 0.007076 0.008859 -17.356421 -20.112513 -4.218021 21.777523 -1.643239 3.876966 -0.003723 -6.337823 -0.008485 -1.727921 -22.573635 -6.203634 0.004956 -0.011101 -0.00248 22.362782 -67.908913 176.684311 17.17417 -50.015942 2.050161 42.509544 -0.35689 0.022042 1.307297 0.135246 13.630809 22.187893 -20.279514 49.841946 -16.683371 -16.736055 28.431004 0.002122 -12.692166 -0.003458 15.941245 -17.814005 2.82031 -0.096592 -1.507986 -4.270161 -5.041101 -5.608438 -2.942192 -0.00189 -10.997679 -0.01344 -6.110743 -15.870225 -3.847408 -0.000725 0.003192 0.002553 -10.266352 -5.665403 -4.331725 11.008522 -11.281981 -2.372599 -1.369067 -14.208259 -6.313981 -0.612831 -26.855944 -3.854355 -4.26114 -49.659332 -3.553347 -13.697402 -7.350107 -3.703218 18.126883 -14.024729 -3.243945 0.012344 -18.753071 -0.016326 -0.413715 -8.423348 2.538004 -0.0 0.001317 -0.011324 -15.910913 -20.05739 -5.474309 30.401558 -7.189538 1.74748 0.002073 -8.150666 -0.004682 -1.868398 -22.783119 -6.139042 -0.0 0.010723 -0.003524 178.27359 1.310604 -15.829965 15.710742 0.00506 -0.029723 -82.588081 -6.563251 -5.133143 -4.983784 1.503903 2.11207 -0.996594 0.000333 0.001062 -6.701019 -17.097958 -18.80024 25.431559 -0.008129 0.689655 -79.893219 5.244315 -8.368755 -6.996864 0.622247 1.690808 -0.995682 -0.001359 0.000915 
0.0 0.0 0.0 0.0 -0.0 0.0 -2.20825 99.531723 -34.056194 90.632095 -1.517157 172.052979 -3.863884 -2.046901 0.695409 -11.837415 -0.084175 0.578051 23.393671 -0.530105 -0.592764 18.456373 -4.450657 2.829261 -2.665604 -0.351265 3.567776 -26.607029 -0.511331 4.152498 4.1e-05 -0.001738 0.001738 -0.059774 0.009456 -0.144132 -0.048155 0.018788 -0.108468 -0.040855 -0.012731 -0.187717 -150.075424 -62.657104 169.123444 31.056139 -36.27269 13.687012 36.060013 0.24146 0.330408 -5.130925 -3.546699 -7.42851 17.608866 -26.294245 52.34914 -19.441105 -14.373822 29.369577 -0.00446 -8.763075 -0.007513 16.696228 -17.999836 5.943345 -0.620329 -1.792236 -3.893709 -4.795922 -11.037653 -2.909708 0.004697 -20.959467 -0.00721 -5.014529 -25.027298 -4.032465 0.00761 0.006339 -0.003209 -10.621234 -5.678897 -3.558034 10.571422 -17.927866 -3.106979 -0.004072 -13.812907 0.01249 -0.458891 -31.175541 -4.036502 -11.224454 -59.915764 7.186197 -13.955955 -7.132874 -2.863328 13.747935 -8.398705 -3.203897 0.347722 -34.179707 0.777903 -0.952547 -17.719591 2.622946 -0.002138 -0.00215 -0.00257 -17.316721 -20.073151 -4.178248 21.720896 -1.64105 3.857082 0.000921 -6.331624 -0.003085 -1.69298 -22.578596 -6.177107 0.001223 0.0 -0.004194 22.285368 -67.824036 176.625732 17.408089 -49.983608 2.399358 42.357018 -0.347235 0.050891 1.414294 -0.002275 13.899768 22.177132 -20.350893 49.875137 -16.713667 -16.727333 28.454834 -0.007115 -12.683121 -0.018729 15.873161 -17.787979 2.853678 -0.090526 -1.509958 -4.268261 -5.041735 -5.607884 -2.956222 -0.005298 -11.007691 0.00027 -6.098311 -15.890577 -3.831649 -0.000233 0.00074 -0.006552 -10.266538 -5.668485 -4.326928 11.026649 -11.300005 -2.378657 -1.378116 -14.231182 -6.311192 -0.618793 -26.915857 -3.831754 -4.250254 -49.662212 -3.57921 -13.690594 -7.35078 -3.71867 18.133478 -14.051756 -3.238255 0.006037 -18.767088 -0.017868 -0.426044 -8.457665 2.572167 -0.004605 -0.001185 0.005994 -15.901713 -20.077114 -5.481684 30.398188 -7.211549 1.740222 0.005197 -8.164549 0.008394 -1.853182 -22.836893 -6.150508 -0.003092 -0.000663 -1e-05 178.117218 1.032451 -15.012187 15.80615 0.006067 -0.017374 -82.335938 -6.004356 -4.882719 -4.973926 1.493358 2.122259 -1.006465 -0.00368 -0.000969 -6.536569 -16.112406 -17.113367 23.833017 0.010372 0.663674 -80.162453 6.553929 -8.491058 -7.058253 0.650202 1.699563 -0.9994 0.001444 0.000894 
0.0 0.0 0.0 0.0 -0.0 0.0 -2.020201 99.570915 -33.936455 90.541656 -1.378377 173.440872 -3.84241 -2.139887 0.741012 -11.866295 -0.121806 0.581773 23.457823 -0.667681 -0.61974 18.440306 -3.974523 2.781092 -2.665136 -0.4312 3.178528 -26.640491 -0.500773 3.552026 -0.000862 0.001047 0.00157 -0.055466 0.012171 -0.144743 -0.038637 0.023555 -0.11087 -0.032029 -0.003685 -0.193107 -150.297714 -62.928459 169.351013 31.074482 -36.213066 13.977481 35.529476 0.25316 0.326362 -5.054682 -3.844005 -6.976244 17.622738 -26.284651 52.422234 -19.470352 -14.385214 29.392992 -0.004016 -8.77902 -0.005352 16.690771 -18.0116 5.939021 -0.597613 -1.793436 -3.86676 -4.812297 -11.047813 -2.94779 -0.002244 -20.975901 -0.013534 -5.012652 -25.04492 -4.012757 0.004369 0.005029 -0.002191 -10.627527 -5.681263 -3.53146 10.582921 -17.92235 -3.137022 0.008199 -13.824059 0.000534 -0.464162 -31.172585 -4.050168 -11.171761 -59.81728 7.185765 -13.974386 -7.138363 -2.84894 13.773923 -8.409309 -3.228742 0.387372 -34.231693 0.750055 -0.939455 -17.746855 2.604743 -0.002112 0.005696 -0.0 -17.33226 -20.080635 -4.174658 21.739365 -1.63506 3.851618 0.008128 -6.330516 -0.024845 -1.707914 -22.595346 -6.182146 0.004986 -0.004064 0.007506 22.14082 -67.620758 176.64473 17.571379 -49.783749 2.88816 42.377911 -0.30883 0.025376 1.569905 -0.111988 14.243063 22.163803 -20.394142 49.991844 -16.678141 -16.736193 28.50561 0.003994 -12.684707 -0.003601 15.751603 -17.739649 2.889225 -0.104633 -1.518531 -4.271503 -5.032001 -5.603767 -2.952038 -0.006674 -11.007867 -0.004987 -6.093456 -15.869741 -3.838731 0.001574 -0.004289 0.00571 -10.281937 -5.682731 -4.339472 11.024198 -11.284809 -2.367719 -1.38208 -14.234715 -6.323253 -0.635145 -26.899004 -3.810854 -4.205914 -49.472832 -3.647011 -13.702147 -7.363329 -3.718465 18.142456 -14.049669 -3.236909 -0.009837 -18.785587 0.000238 -0.439117 -8.449742 2.557817 0.007006 -0.003145 0.00272 -15.914833 -20.089638 -5.482071 30.417801 -7.179916 1.75568 -0.016302 -8.154793 -0.010864 -1.86921 -22.837357 -6.153636 -0.002867 0.007801 -0.004826 178.070343 0.828573 -14.174679 15.781551 -0.010684 0.016335 -82.445518 -5.531459 -4.748368 -4.967347 1.506979 2.124618 -1.002323 0.00015 -0.001269 -6.220949 -15.255564 -15.732108 21.957264 0.000486 0.616324 -80.06881 7.476907 -8.766346 -7.073515 0.67468 1.699365 -1.003941 0.008005 -0.000864 
0.0 0.0 0.0 0.0 -0.0 0.0 -1.800548 99.56649 -33.74651 90.474472 -1.371495 174.676529 -3.866264 -2.222113 0.77654 -11.884045 -0.153552 0.613624 23.472292 -0.863302 -0.626947 18.41464 -3.645367 2.733968 -2.696199 -0.481253 2.795832 -26.682775 -0.456786 3.005231 -0.0 0.000704 -0.000521 -0.054608 0.016299 -0.143778 -0.039903 0.025085 -0.102863 -0.028063 0.001452 -0.189853 -150.320862 -63.239876 169.317215 31.111225 -36.254883 14.182409 35.086948 0.161478 0.291653 -4.986971 -4.123141 -6.102087 17.63913 -26.332758 52.377319 -19.494209 -14.398314 29.393848 -0.00392 -8.76916 0.004685 16.638145 -17.942484 5.934021 -0.607957 -1.795518 -3.905515 -4.803857 -11.059325 -2.91695 0.003544 -20.977837 -0.008127 -5.027147 -25.017422 -4.011728 0.000521 -0.010894 -0.0 -10.621448 -5.685899 -3.557468 10.57303 -17.940695 -3.126134 0.017788 -13.845915 -0.001183 -0.485329 -31.22353 -4.01947 -11.205009 -59.952812 7.206022 -13.972184 -7.148019 -2.865412 13.768849 -8.404493 -3.230684 0.345851 -34.217621 0.757788 -0.942702 -17.754457 2.583761 -0.016169 0.001968 0.006167 -17.325207 -20.113218 -4.21401 21.741474 -1.652537 3.876383 0.001941 -6.347065 -0.016962 -1.695776 -22.641758 -6.17773 -0.00026 0.015892 -0.013923 22.323845 -67.797058 176.37146 17.71154 -49.840736 3.535326 42.52589 -0.302498 0.05063 1.764638 -0.172527 14.579698 22.176701 -20.399668 50.029907 -16.728313 -16.770512 28.551508 -0.008347 -12.694998 0.006822 15.656213 -17.696793 2.894829 -0.096173 -1.513262 -4.274545 -5.030663 -5.610629 -2.955866 0.001995 -11.025833 -0.012281 -6.105308 -15.89426 -3.843873 0.004801 -0.001446 0.000681 -10.274836 -5.67731 -4.343658 11.03746 -11.321616 -2.386712 -1.363219 -14.237663 -6.331919 -0.605254 -26.925661 -3.829357 -4.204961 -49.38937 -3.58963 -13.694611 -7.35458 -3.736177 18.144485 -14.060447 -3.253207 0.009057 -18.789984 -0.005973 -0.438178 -8.45959 2.57061 -0.003695 -0.000262 -0.009149 -15.913328 -20.094036 -5.47635 30.43713 -7.202592 1.7213 -0.00521 -8.162981 -0.005639 -1.842951 -22.834467 -6.155194 -0.004306 -0.012253 0.00957 177.981918 0.731276 -13.28758 15.885283 -0.024041 0.024478 -82.400223 -5.197394 -4.679645 -4.943523 1.508498 2.122113 -0.988133 -4.6e-05 0.000609 -5.747632 -14.656685 -14.724709 19.94371 0.008989 0.603228 -79.607384 8.321287 -9.210271 -7.151439 0.733828 1.713135 -1.001302 0.009196 0.001939 
0.0 0.0 0.0 0.0 -0.0 0.0 -1.488595 99.511627 -33.525597 90.416344 -1.546082 175.930206 -3.948759 -2.309133 0.834065 -11.937881 -0.19611 0.639468 23.48362 -1.161926 -0.61508 18.494173 -3.402253 2.715452 -2.722897 -0.5099 2.352532 -26.761484 -0.424081 2.459661 7.2e-05 -0.00225 0.001282 -0.056418 0.01598 -0.136995 -0.036419 0.027832 -0.101218 -0.026724 -0.000436 -0.18554 -150.429581 -63.379253 169.444763 31.016155 -36.309639 14.403028 34.741718 0.045627 0.23632 -4.93575 -4.297832 -5.080665 17.666365 -26.390003 52.526741 -19.459059 -14.413593 29.432487 0.004903 -8.795979 -0.000906 16.611715 -18.029211 5.943949 -0.60593 -1.794598 -3.888396 -4.811421 -11.05333 -2.949291 -0.017693 -20.979748 0.025869 -5.010511 -25.027813 -4.043179 -0.014491 0.00404 -0.004028 -10.645612 -5.693522 -3.571767 10.578207 -17.923874 -3.104484 0.003465 -13.839666 0.018399 -0.500689 -31.204611 -4.03004 -11.143866 -59.867088 7.156465 -13.992117 -7.154785 -2.872611 13.780286 -8.399123 -3.214628 0.312231 -34.193256 0.787279 -0.97545 -17.706146 2.620896 -0.005409 0.010498 0.007499 -17.375063 -20.114658 -4.197686 21.784111 -1.633111 3.871071 0.004885 -6.352581 0.012373 -1.701357 -22.611181 -6.206282 0.005404 0.001841 0.002288 22.35611 -67.780724 176.278595 17.515331 -49.805561 4.601143 42.927086 -0.21539 0.062924 1.955182 -0.182378 14.873825 22.224289 -20.417963 50.041252 -16.697567 -16.763584 28.517313 0.015436 -12.713564 -0.015944 15.600532 -17.705284 2.918586 -0.124223 -1.524736 -4.291636 -5.042073 -5.616467 -2.953649 -0.007877 -11.024606 0.007847 -6.128624 -15.914889 -3.866059 -0.002911 0.003142 0.013858 -10.317291 -5.700725 -4.351631 11.050847 -11.299909 -2.361001 -1.417486 -14.249398 -6.337828 -0.642864 -26.940151 -3.83501 -4.209477 -49.406544 -3.689923 -13.741632 -7.381457 -3.730103 18.16143 -14.04503 -3.23777 -0.009878 -18.808102 0.002653 -0.442686 -8.446902 2.555652 0.00285 -0.005245 0.003637 -15.961533 -20.135202 -5.493752 30.443878 -7.185174 1.760957 0.014508 -8.158439 -0.011326 -1.893632 -22.894022 -6.175568 -0.004811 0.007618 -0.0 177.912949 0.833051 -12.163438 16.08968 -0.032376 0.030313 -82.599579 -4.996789 -4.695105 -4.818966 1.497972 2.123193 -0.998405 0.002199 8.3e-05 -4.998025 -14.292149 -13.987437 17.741589 0.001515 0.62297 -78.8302 8.881617 -9.728312 -7.24421 0.739888 1.706641 -0.996317 0.000913 -0.000491 
0.0 0.0 0.0 0.0 -0.0 0.0 -1.153628 99.388229 -33.187729 90.511795 -1.853733 177.280045 -4.021431 -2.363988 0.918017 -11.961149 -0.291021 0.635984 23.511847 -1.540622 -0.601926 18.52927 -3.335255 2.792424 -2.642276 -0.451943 1.771204 -26.813477 -0.449486 2.000213 -8.5e-05 0.000863 0.001127 -0.073371 0.022836 -0.155539 -0.073583 0.031814 -0.115978 -0.068138 0.004307 -0.196319 -150.19162 -63.545601 169.184799 30.812313 -36.367252 14.729347 34.632061 -0.033829 0.207736 -4.825182 -4.328464 -4.663387 17.619452 -26.321999 52.450272 -19.445538 -14.381819 29.431454 0.001869 -8.763491 0.009017 16.409801 -17.877432 5.927835 -0.612059 -1.788298 -3.906949 -4.803616 -11.039099 -2.922887 0.006283 -20.932194 -0.013782 -4.995739 -24.97226 -4.030877 -0.007217 -0.001752 0.000615 -10.633426 -5.680677 -3.577244 10.572965 -17.912773 -3.103027 -0.001095 -13.805217 -0.002205 -0.493717 -31.126043 -4.028262 -11.209813 -59.466183 7.162271 -13.96913 -7.145111 -2.890735 13.745737 -8.3849 -3.210084 0.345491 -34.207489 0.766398 -0.960133 -17.715313 2.601772 -0.000393 0.003545 0.00709 -17.329023 -20.081663 -4.230266 21.743832 -1.651068 3.873199 -0.000327 -6.328719 0.006451 -1.684835 -22.551981 -6.223659 -0.003538 -0.001871 0.009421 22.651773 -67.980812 175.911514 17.432934 -49.932278 5.635859 43.073414 -0.171094 -0.054427 2.132947 -0.215376 15.18558 22.181084 -20.459681 50.038834 -16.723669 -16.750235 28.526476 -0.009113 -12.695099 -0.003803 15.47185 -17.59432 3.021544 -0.104442 -1.520967 -4.281397 -5.022212 -5.604197 -2.956268 0.010878 -11.040979 0.001303 -6.088281 -15.920664 -3.855646 0.00416 0.001184 -0.002539 -10.276797 -5.67151 -4.353812 11.038562 -11.31139 -2.366884 -1.38541 -14.243728 -6.327312 -0.602391 -26.966927 -3.832167 -4.345755 -49.398613 -3.482782 -13.704207 -7.361681 -3.725953 18.154846 -14.063651 -3.253097 0.004737 -18.806805 0.01037 -0.423492 -8.461553 2.566632 -0.001865 -0.000987 0.002776 -15.895066 -20.090603 -5.474405 30.440754 -7.209132 1.709453 -0.012167 -8.176687 0.004449 -1.828075 -22.89212 -6.17205 -0.003368 -0.002528 0.008989 177.846939 0.990768 -10.847501 16.611879 -0.022557 0.025714 -82.947472 -4.849512 -4.704246 -4.816305 1.514086 2.126975 -1.002272 0.001407 7.3e-05 -3.921823 -14.208409 -13.594302 16.112354 0.023496 0.595892 -78.307487 8.635859 -9.840645 -7.140738 0.694072 1.697537 -1.000839 -0.004929 0.000245 
0.0 0.0 0.0 0.0 -0.0 0.0 -0.787972 99.28331 -32.750916 90.529297 -2.125098 178.667923 -4.129911 -2.347967 0.894102 -12.037343 -0.257529 0.935766 23.47588 -1.927623 -0.830464 18.78512 -3.142538 2.775158 -2.636434 -0.580589 1.395179 -26.844316 -0.4369 1.539709 0.000345 -0.000109 -0.003565 -0.056799 0.014352 -0.133313 -0.039091 0.033695 -0.079383 -0.025005 -0.01612 -0.183472 -150.149887 -63.566002 169.058624 30.309839 -36.463066 15.071265 35.040459 -0.132783 0.135405 -4.646274 -4.408887 -3.762172 17.694523 -26.369947 52.472866 -19.486816 -14.426743 29.428366 -0.008533 -8.792536 -1e-06 16.5837 -17.878056 5.852542 -0.614788 -1.80106 -3.888623 -4.813121 -11.056403 -2.919979 0.013435 -20.998732 -0.011657 -5.039347 -25.059803 -4.023175 0.001373 -0.009924 -0.008165 -10.654412 -5.686008 -3.547182 10.613187 -17.948099 -3.12924 0.007504 -13.82449 0.023115 -0.477166 -31.21665 -4.017855 -11.250722 -59.648659 7.191222 -14.008215 -7.14806 -2.852041 13.811892 -8.413179 -3.222031 0.369002 -34.256111 0.769389 -0.96289 -17.74859 2.643724 2.4e-05 0.003548 -0.003442 -17.381824 -20.106018 -4.179031 21.797388 -1.646198 3.879213 0.009955 -6.349424 -0.012186 -1.706965 -22.630041 -6.20763 0.004202 0.000357 0.004597 23.010611 -67.876793 175.40451 16.955021 -49.865673 7.033295 43.302296 -0.151874 -0.059277 1.97314 -0.147451 15.51569 22.195494 -20.373543 49.963116 -16.69886 -16.741606 28.475456 -0.004355 -12.710084 0.018355 15.488347 -17.648985 2.999508 -0.113532 -1.520281 -4.289659 -5.043162 -5.615635 -2.948049 0.005318 -11.011579 -0.019907 -6.103095 -15.899624 -3.82776 -0.004704 -0.000106 0.010317 -10.301748 -5.681896 -4.358426 11.038442 -11.312496 -2.370794 -1.38228 -14.242116 -6.31181 -0.616286 -26.920732 -3.835151 -4.429822 -49.478638 -3.29719 -13.718782 -7.366442 -3.72379 18.140228 -14.058452 -3.246166 0.021045 -18.798538 -0.002504 -0.429352 -8.453589 2.583692 -0.009752 -0.002729 -0.01267 -15.951871 -20.109449 -5.472297 30.454079 -7.179902 1.727839 -0.008591 -8.173556 0.005618 -1.869512 -22.861403 -6.166799 -0.004019 0.001157 0.003178 177.790817 1.044455 -9.412178 16.998241 0.0281 -0.06967 -83.113312 -4.472655 -4.721714 -4.507615 1.436472 2.131207 -0.995161 0.000219 0.000488 -2.726274 -14.08626 -13.980954 15.221213 0.036827 0.599929 -78.442108 7.080707 -9.750303 -6.590583 0.718552 1.705302 -0.998395 -0.002117 0.000388 
0.0 0.0 0.0 0.0 -0.0 0.0 -0.342164 99.297188 -32.198994 90.581795 -2.120054 -179.946991 -4.361241 -2.153135 0.946883 -12.16173 -0.212127 1.064332 23.546192 -2.189169 -0.87113 19.094437 -3.050718 2.717199 -2.634525 -0.696745 1.001444 -26.640766 -0.410871 1.001067 0.000807 -0.000576 0.001732 -0.036629 0.017457 -0.122312 -0.016987 0.052083 -0.07738 -0.012117 -0.022764 -0.177554 -150.249359 -63.249985 169.135529 29.686571 -36.354511 15.667203 35.27948 -0.115679 0.154711 -4.383212 -4.370194 -3.372232 17.652617 -26.401794 52.521725 -19.533478 -14.428479 29.481836 -0.004475 -8.791885 0.007496 16.65637 -17.903908 5.890876 -0.606873 -1.800528 -3.887357 -4.808883 -11.060094 -2.949783 0.009801 -21.001396 0.01228 -5.010043 -25.070786 -4.02925 -0.007339 0.008725 -0.004841 -10.650159 -5.693442 -3.578615 10.597568 -17.968174 -3.109638 0.007082 -13.84861 -0.006421 -0.504861 -31.242258 -4.020555 -11.351333 -59.760754 7.255343 -13.999895 -7.157557 -2.871118 13.792241 -8.410789 -3.238362 0.351385 -34.263908 0.764046 -0.97302 -17.771936 2.626689 -0.000153 -0.003552 -0.007103 -17.369638 -20.130672 -4.197634 21.793938 -1.642952 3.858147 0.001998 -6.357806 0.01768 -1.693399 -22.601765 -6.212856 0.00542 -0.010921 -0.004788 23.277637 -67.711395 175.120621 16.66305 -49.891617 8.034196 43.067715 -0.117893 -0.005769 1.811979 -0.024139 15.681495 22.222939 -20.371607 49.986973 -16.726938 -16.769186 28.498438 -0.003827 -12.701152 -0.015943 15.610864 -17.705713 2.990046 -0.104953 -1.509912 -4.281477 -5.050422 -5.623535 -2.962931 0.002511 -11.031403 0.006516 -6.098668 -15.916756 -3.838385 -0.003024 -0.004781 0.004335 -10.301132 -5.679354 -4.33885 11.051663 -11.316885 -2.377179 -1.391025 -14.247138 -6.32331 -0.5851 -26.936455 -3.849565 -4.463818 -49.498489 -3.307563 -13.723688 -7.369404 -3.713317 18.164732 -14.071677 -3.258302 0.012493 -18.812325 -0.02068 -0.431311 -8.480078 2.569708 -0.006146 0.020159 0.008139 -15.949387 -20.138723 -5.47493 30.475199 -7.188459 1.736268 0.001974 -8.18412 -0.014505 -1.845868 -22.894619 -6.198184 -0.01058 -0.003788 -0.003983 178.170883 0.761059 -8.319552 16.690084 -0.018719 0.006026 -83.189812 -4.035696 -4.907942 -4.596704 1.461413 2.140501 -0.998845 -0.001876 -0.000304 -1.312604 -13.56562 -14.988281 14.079022 0.012423 0.562269 -78.896652 5.763191 -9.658091 -6.337671 0.706425 1.703243 -0.995041 -0.006731 -0.000854 
0.0 0.0 0.0 0.0 -0.0 0.0 0.108881 99.366165 -31.615236 90.59948 -1.900805 -178.715088 -4.576176 -1.84462 0.963599 -12.262984 -0.172745 1.174904 23.425711 -2.307292 -0.817085 19.440088 -2.955183 2.606554 -2.670037 -0.735585 0.680196 -26.236816 -0.379773 0.45147 -0.001434 0.000564 0.001822 -0.028131 0.028065 -0.102857 -0.025372 0.064255 -0.064012 -0.016482 -0.01744 -0.160314 -149.990158 -63.057297 168.871246 29.140568 -36.772865 15.766039 35.208645 -0.093509 0.234531 -4.22335 -4.228783 -3.110347 17.675869 -26.350748 52.5606 -19.471292 -14.417821 29.480467 0.005207 -8.793016 0.002315 16.690481 -17.96064 5.891806 -0.59903 -1.789327 -3.911999 -4.818069 -11.053102 -2.927406 -0.007572 -20.965933 -0.014032 -5.043818 -25.034418 -4.047659 0.001085 -0.009542 0.008675 -10.644324 -5.691948 -3.581123 10.576239 -17.913225 -3.103146 0.001661 -13.817782 -0.009197 -0.50487 -31.176659 -4.030194 -11.066815 -59.522503 7.04494 -13.999249 -7.15997 -2.876199 13.790281 -8.397201 -3.237871 0.317688 -34.202888 0.780623 -0.98427 -17.726179 2.621137 0.005539 0.003521 0.0 -17.370317 -20.119406 -4.209875 21.794363 -1.627911 3.870998 -0.008962 -6.33397 -0.008137 -1.7164 -22.584635 -6.189339 0.001168 -0.000272 0.000516 23.460518 -67.532036 174.737579 16.19043 -50.053905 9.031102 42.493835 -0.047314 0.007895 1.621914 0.027456 16.126938 22.187613 -20.348192 49.850727 -16.666878 -16.740416 28.420025 0.007778 -12.674958 -0.003441 15.687 -17.712273 2.953065 -0.099199 -1.504192 -4.308752 -5.039098 -5.604928 -2.909743 -0.002194 -11.006804 -0.004624 -6.092708 -15.87704 -3.831457 -0.003705 -0.000763 0.000154 -10.266269 -5.668245 -4.353486 11.017155 -11.291402 -2.35222 -1.385018 -14.221957 -6.308101 -0.638082 -26.887333 -3.790128 -4.43789 -49.46994 -3.259596 -13.681478 -7.347847 -3.735559 18.106447 -14.044309 -3.224432 0.00344 -18.76136 0.00401 -0.428786 -8.447902 2.55866 -0.006311 -0.001639 0.010904 -15.894768 -20.072786 -5.493064 30.370676 -7.189123 1.75868 -0.004694 -8.145838 0.009036 -1.8651 -22.830854 -6.161097 0.000455 0.007669 0.006451 178.628082 0.192301 -7.430353 16.120886 -0.052689 0.088599 -82.860977 -3.545986 -5.167676 -4.688355 1.466802 2.140943 -1.001495 -0.00108 -0.000208 0.223249 -12.679325 -16.01869 12.480668 0.009827 0.544082 -78.696899 4.723176 -9.534245 -6.235094 0.736572 1.706047 -0.995785 0.004124 -0.000484 
0.0 0.0 0.0 0.0 -0.0 0.0 0.599352 99.439285 -30.955864 90.609856 -1.650318 -177.532349 -4.778455 -1.55759 0.940642 -12.347237 -0.168822 1.25307 23.216335 -2.336837 -0.750011 19.727079 -2.851528 2.556787 -2.704921 -0.676732 0.24623 -25.743074 -0.303731 -0.023867 -0.001739 -0.0 -0.000161 -0.030202 0.027271 -0.103236 -0.05345 0.069469 -0.058404 -0.047355 -0.025914 -0.144351 -149.504028 -63.370312 168.296143 28.708174 -37.7654 15.339446 34.93713 -0.181438 0.205793 -4.305125 -4.029787 -2.88269 17.636217 -26.381702 52.552555 -19.498547 -14.425737 29.496832 -0.002304 -8.790788 -0.001422 16.627245 -17.989193 5.922959 -0.614572 -1.795598 -3.894264 -4.800936 -11.049098 -2.948395 0.006057 -21.002792 0.007215 -5.023768 -25.060234 -4.038156 -0.000117 0.018455 -0.005143 -10.635205 -5.687095 -3.572123 10.589933 -17.936184 -3.12997 0.007098 -13.824601 0.002548 -0.482675 -31.17436 -4.023202 -10.986901 -59.531315 7.04057 -14.002612 -7.153061 -2.877533 13.807618 -8.405454 -3.231913 0.344627 -34.255077 0.789764 -0.956406 -17.761335 2.606506 -0.008807 0.006091 0.006106 -17.353207 -20.112745 -4.209518 21.780144 -1.641651 3.874827 0.002539 -6.344227 -0.012355 -1.693369 -22.603762 -6.191811 -0.003588 -0.009472 0.008268 23.695486 -67.704666 174.25946 15.560648 -50.547497 10.376034 42.09774 0.057888 0.047177 1.469615 -0.185437 16.689333 22.21347 -20.431015 50.003334 -16.703985 -16.793028 28.553059 0.003083 -12.714543 0.006357 15.769348 -17.789806 2.964991 -0.101492 -1.505151 -4.291224 -5.047207 -5.621382 -2.942582 0.001694 -11.03044 0.00468 -6.118846 -15.914886 -3.857585 -0.000293 -0.000692 0.01253 -10.294642 -5.676954 -4.34816 11.048645 -11.319979 -2.37062 -1.392524 -14.251811 -6.309439 -0.639184 -26.975508 -3.814313 -4.49952 -49.518253 -3.262241 -13.731803 -7.373511 -3.723987 18.174311 -14.068029 -3.239328 -0.004661 -18.819151 0.029185 -0.430567 -8.45414 2.537797 0.003022 -0.013394 0.002028 -15.931821 -20.111616 -5.489198 30.442526 -7.20692 1.74367 0.006554 -8.179419 0.011202 -1.888292 -22.852587 -6.133992 -0.007032 -0.002428 -0.004228 179.120102 -0.502021 -6.699089 15.490502 -0.063047 0.155556 -82.699203 -2.952066 -5.473031 -4.835044 1.504365 2.140524 -0.99748 -0.004074 -0.000458 1.518131 -11.731456 -16.936413 11.277482 0.017573 0.487212 -78.634659 3.841291 -9.508548 -6.159531 0.774691 1.715952 -0.999572 -0.003799 -0.001294 
0.0 0.0 0.0 0.0 -0.0 0.0 1.074384 99.45607 -30.219475 90.642456 -1.431494 -176.457001 -4.975243 -1.321133 0.881906 -12.416833 -0.167257 1.2979 23.048424 -2.36114 -0.715543 19.852444 -2.667067 2.54298 -2.742106 -0.617163 -0.205883 -25.20866 -0.282136 -0.398496 0.0 -0.0 0.0 -0.040984 0.028224 -0.100293 -0.06141 0.079346 -0.057564 -0.046482 -0.025894 -0.149817 -148.913666 -63.451782 167.676682 28.020237 -38.597534 14.968206 34.604889 -0.233067 0.166274 -4.495824 -3.937456 -2.628799 17.618116 -26.272182 52.382298 -19.450592 -14.398194 29.371927 0.004347 -8.785186 0.00765 16.478659 -18.044697 5.996775 -0.606456 -1.793645 -3.877955 -4.806998 -11.044858 -2.93925 -0.005447 -20.946192 -0.001121 -5.021448 -25.054234 -4.027869 0.000108 0.019601 -0.005754 -10.627582 -5.684148 -3.538239 10.56881 -17.90588 -3.133465 -0.006569 -13.786211 0.00866 -0.488254 -31.139847 -4.039496 -10.860054 -59.424831 6.902237 -13.987214 -7.149864 -2.858417 13.77892 -8.398281 -3.215046 0.366216 -34.208179 0.741382 -0.982121 -17.71032 2.627388 -0.000372 0.000369 -0.006714 -17.360003 -20.095127 -4.181986 21.767759 -1.623127 3.85913 0.002685 -6.340346 0.000903 -1.694769 -22.561445 -6.203932 0.001922 -0.001174 0.002006 23.623962 -67.397354 174.011917 14.77484 -50.481834 11.907598 41.886314 0.238214 0.092484 1.448224 -0.528047 16.955257 22.154161 -20.403671 49.991894 -16.636627 -16.722622 28.451305 0.009668 -12.680981 -0.002002 15.756075 -17.780142 2.949388 -0.102971 -1.517329 -4.251776 -5.046234 -5.610994 -2.956841 -0.013191 -11.002228 0.021746 -6.123732 -15.884751 -3.836853 -0.001889 -0.000388 -0.001661 -10.275815 -5.678337 -4.319318 11.00281 -11.275553 -2.367936 -1.387702 -14.212014 -6.302865 -0.642045 -26.851761 -3.823702 -4.530201 -49.245533 -3.209298 -13.689764 -7.359795 -3.698861 18.095552 -14.017264 -3.223383 -0.030164 -18.749189 0.003112 -0.429078 -8.451665 2.550466 0.001948 0.002694 0.002029 -15.92287 -20.070198 -5.452402 30.355469 -7.166971 1.765582 0.008198 -8.15969 -0.006369 -1.865042 -22.805851 -6.170904 -0.005933 -0.004039 0.022444 179.423157 -1.249377 -6.040087 15.247657 -0.081077 0.204836 -82.78157 -2.345874 -5.810408 -4.921844 1.473715 2.118589 -1.001394 0.004402 0.000473 2.41248 -10.859235 -17.697758 10.774935 0.028642 0.459576 -78.903969 3.118227 -9.64458 -5.962981 0.761354 1.714364 -0.996387 0.001582 0.000479 
0.0 0.0 0.0 0.0 -0.0 0.0 1.529798 99.41713 -29.457087 90.736893 -1.242691 -175.561401 -5.188258 -1.113002 0.822491 -12.458831 -0.147596 1.345854 22.973425 -2.392695 -0.763781 19.921972 -2.485617 2.574577 -2.7158 -0.541038 -0.632017 -24.776445 -0.302603 -0.654125 -0.000866 -0.001969 0.001474 -0.042162 0.025971 -0.11417 -0.058325 0.072044 -0.081498 -0.040455 -0.030791 -0.154206 -148.569168 -63.588421 167.26033 27.267672 -39.163044 15.165457 34.595242 -0.264322 0.133986 -4.710935 -3.951087 -2.313492 17.676588 -26.378302 52.499149 -19.503212 -14.41194 29.450205 -0.004988 -8.782227 -0.006822 16.454338 -18.108585 6.052677 -0.593413 -1.792608 -3.908409 -4.817376 -11.066161 -2.93802 -0.011871 -21.011347 0.004303 -5.034761 -25.066759 -4.016659 -0.00664 0.008661 0.00225 -10.634044 -5.691741 -3.567514 10.579328 -17.948935 -3.123573 -0.00069 -13.856602 0.014996 -0.502869 -31.238834 -4.031998 -11.136098 -59.662701 7.158205 -13.990336 -7.159166 -2.880347 13.789862 -8.411137 -3.208578 0.349947 -34.265667 0.748965 -0.964442 -17.753466 2.626384 -0.000756 -0.00048 -0.00653 -17.35615 -20.124184 -4.212831 21.77622 -1.645631 3.865602 -0.003547 -6.338626 0.004215 -1.714042 -22.629301 -6.202696 -0.002522 0.001276 0.009897 23.572966 -67.143784 174.024292 14.192108 -50.299 13.274311 42.03035 0.33525 0.089666 1.457274 -0.7299 17.139282 22.198902 -20.395353 50.013359 -16.70978 -16.753159 28.506487 0.005456 -12.698009 -0.008707 15.873526 -17.870604 2.961341 -0.099619 -1.503 -4.294368 -5.044284 -5.623098 -2.944068 0.004879 -11.023286 -0.003379 -6.101053 -15.893513 -3.83239 -0.004791 8.4e-05 3.8e-05 -10.287787 -5.680899 -4.339517 11.030948 -11.290835 -2.380592 -1.393374 -14.229967 -6.323654 -0.628254 -26.909054 -3.837371 -4.546988 -49.352818 -3.157352 -13.710011 -7.358654 -3.729817 18.144861 -14.052877 -3.247003 -0.000282 -18.789207 -0.001522 -0.432233 -8.455761 2.568221 0.007678 -0.006551 -0.008115 -15.94412 -20.115908 -5.481697 30.438034 -7.166841 1.739684 0.009774 -8.176691 0.004358 -1.877227 -22.884918 -6.190106 -0.008682 0.015121 0.006344 179.592072 -2.008143 -5.428057 15.376443 -0.0892 0.208138 -82.817726 -1.813588 -6.173768 -4.894639 1.466845 2.114748 -1.000294 0.001851 0.000394 2.871998 -10.121711 -18.299793 11.109404 0.013059 0.459566 -79.682144 2.627723 -9.792007 -5.780763 0.722886 1.707603 -0.99719 0.004625 0.00018 
0.0 0.0 0.0 0.0 -0.0 0.0 1.920428 99.354019 -28.687508 90.874794 -1.083709 -174.83017 -5.383754 -0.927748 0.755403 -12.520344 -0.137901 1.345403 22.971525 -2.391316 -0.789289 19.947598 -2.313401 2.568787 -2.706595 -0.488575 -0.942684 -24.484512 -0.343399 -0.86923 0.00045 0.000231 0.000144 -0.044238 0.020944 -0.145208 -0.037775 0.076559 -0.10493 -0.020457 -0.034245 -0.177314 -148.230865 -63.35347 166.962967 26.337925 -39.305748 15.549899 34.645519 -0.232815 0.061756 -4.828928 -3.923736 -2.102681 17.579304 -26.255749 52.317719 -19.421396 -14.370242 29.343435 -0.002146 -8.755602 0.002561 16.41711 -18.149284 6.047115 -0.608453 -1.798367 -3.868788 -4.791715 -11.034685 -2.936836 0.008344 -20.964165 -0.005548 -4.993305 -25.023201 -4.037313 -0.000952 0.001247 0.002649 -10.611205 -5.680927 -3.558283 10.547337 -17.897091 -3.108081 -0.000792 -13.808277 -0.002045 -0.488412 -31.172144 -4.031767 -11.190648 -59.490246 7.251783 -13.944951 -7.141797 -2.856369 13.733108 -8.386429 -3.22911 0.370657 -34.185795 0.752127 -0.972081 -17.742363 2.616727 -0.0 0.005819 -0.003068 -17.299997 -20.069786 -4.18927 21.705507 -1.639805 3.847276 0.003746 -6.326924 -0.003537 -1.686741 -22.569139 -6.183697 -0.000307 0.000265 -0.000792 23.413141 -66.480934 174.019287 13.802171 -49.759655 14.144114 42.108582 0.395979 0.094548 1.43129 -0.793684 17.317339 22.119038 -20.346474 49.88266 -16.623367 -16.692207 28.395987 0.010012 -12.660879 -0.006938 15.820349 -17.871174 2.956058 -0.099336 -1.501753 -4.250003 -5.032353 -5.607379 -2.942524 -0.00436 -10.980166 -0.009701 -6.093338 -15.856708 -3.841477 -0.005895 0.004856 -0.001434 -10.253147 -5.665269 -4.31088 10.980042 -11.261539 -2.39022 -1.395934 -14.202946 -6.281964 -0.623577 -26.822351 -3.81853 -4.644221 -49.138557 -3.03615 -13.673265 -7.339898 -3.699632 18.078592 -14.009832 -3.23031 0.003503 -18.743389 0.012799 -0.426669 -8.422359 2.547039 -0.003482 0.006395 -0.002666 -15.881505 -20.047117 -5.45227 30.321836 -7.156907 1.731312 -0.012407 -8.141622 0.007852 -1.869465 -22.8006 -6.130846 0.010734 -0.001953 -0.0 179.706146 -2.743721 -4.855014 15.623682 -0.096799 0.20695 -83.047653 -1.397046 -6.57615 -4.853423 1.457913 2.12087 -0.996859 0.000724 -0.000283 3.029366 -9.486532 -18.744057 11.936259 -0.000369 0.434375 -80.406334 2.227704 -9.769258 -5.589047 0.718011 1.707405 -0.999363 -0.006185 -0.002026 
0.0 0.0 0.0 0.0 -0.0 0.0 2.302732 99.299294 -27.954937 91.008926 -0.940034 -174.23671 -5.567086 -0.754054 0.704412 -12.579918 -0.137418 1.316265 22.982912 -2.370036 -0.806354 20.027357 -2.164721 2.537707 -2.693366 -0.461138 -1.162951 -24.353735 -0.384076 -1.063964 0.0 -0.001358 -0.001409 -0.046992 0.016956 -0.160563 -0.017297 0.073897 -0.121525 -0.000421 -0.041645 -0.200658 -147.966522 -63.517883 166.628586 25.638052 -39.633469 16.044098 34.827496 -0.219731 0.032568 -4.892042 -3.884401 -1.990544 17.655533 -26.311773 52.401161 -19.429224 -14.369733 29.334122 -0.000974 -8.766375 0.015828 16.459377 -18.233402 6.042844 -0.610561 -1.796075 -3.872775 -4.802002 -11.043893 -2.931217 0.000793 -20.974131 -0.005841 -5.009857 -25.011162 -4.029943 -0.00462 0.000178 -0.001821 -10.634212 -5.680407 -3.550146 10.569903 -17.909883 -3.108071 0.004936 -13.82012 0.002463 -0.496367 -31.175354 -4.029303 -11.234982 -59.565662 7.323966 -13.980735 -7.141869 -2.871441 13.770979 -8.404415 -3.205302 0.36417 -34.262959 0.769484 -0.967053 -17.752338 2.65016 0.003243 -0.001977 -0.000611 -17.342457 -20.080809 -4.195936 21.738632 -1.639147 3.867288 0.00707 -6.329546 0.003283 -1.696692 -22.543653 -6.183169 -0.005705 -0.000994 0.005599 23.614843 -66.258499 173.907562 13.738093 -49.582527 14.620726 42.207729 0.393849 0.080796 1.362722 -0.773577 17.677811 22.153185 -20.294441 49.811829 -16.708929 -16.717852 28.428068 -0.00803 -12.68781 0.004393 15.84991 -17.898085 2.930118 -0.1072 -1.515561 -4.260296 -5.029269 -5.606307 -2.955343 -0.002019 -11.020782 -0.007113 -6.099092 -15.8967 -3.852024 -0.0 0.006477 -0.00056 -10.280288 -5.665107 -4.324313 11.034357 -11.304862 -2.364628 -1.368779 -14.227706 -6.324479 -0.625364 -26.874531 -3.818473 -4.720323 -49.284397 -3.011564 -13.691309 -7.341096 -3.699931 18.134222 -14.050075 -3.257083 0.020362 -18.793383 -0.019967 -0.420899 -8.457295 2.558418 -0.001909 0.012214 0.000615 -15.895225 -20.061148 -5.453749 30.379835 -7.199902 1.715123 0.024168 -8.161656 -0.00868 -1.854224 -22.821743 -6.172172 0.004464 -0.003198 -0.004617 179.912491 -3.440446 -4.387394 15.716009 -0.107568 0.217047 -83.299553 -1.073248 -6.980187 -4.846041 1.454151 2.122914 -1.000874 0.003452 -0.000942 3.237084 -8.866255 -19.049299 12.575483 -0.007133 0.386874 -81.217316 1.797796 -9.696877 -5.466378 0.715868 1.708658 -1.000291 -0.000787 -0.00012 
0.0 0.0 0.0 0.0 -0.0 0.0 2.639985 99.280922 -27.241982 91.120049 -0.763886 -173.798203 -5.721166 -0.572215 0.66783 -12.671464 -0.139627 1.265949 22.968721 -2.288126 -0.811712 20.086405 -2.045881 2.459261 -2.692096 -0.47155 -1.286209 -24.154989 -0.409378 -1.245045 -0.000739 3e-06 0.001501 -0.043799 0.016951 -0.157559 -0.021639 0.073117 -0.117976 0.008707 -0.045489 -0.200598 -147.740204 -63.759235 166.331329 25.125574 -40.16917 16.335253 34.84433 -0.217421 0.031948 -5.011134 -3.850776 -1.933995 17.639252 -26.38063 52.505463 -19.480087 -14.380654 29.443335 -0.007248 -8.765239 -0.005442 16.484259 -18.278982 6.109726 -0.612206 -1.798859 -3.898306 -4.790318 -11.050982 -2.942632 0.010831 -20.997164 0.006718 -4.999349 -25.060627 -4.017945 -0.006162 0.0 0.002558 -10.624692 -5.684811 -3.554549 10.582613 -17.94137 -3.142039 0.012803 -13.844759 0.010769 -0.482869 -31.233997 -4.003935 -11.331554 -59.74342 7.437702 -13.97379 -7.144262 -2.871759 13.77937 -8.415785 -3.23583 0.361011 -34.277988 0.779058 -0.967901 -17.773563 2.638511 0.009275 0.016817 -0.004717 -17.330101 -20.110714 -4.216558 21.759285 -1.648493 3.86313 0.010636 -6.346313 0.006216 -1.687423 -22.616333 -6.199732 -0.003228 0.017309 -0.008009 23.828045 -66.021652 173.730087 13.693195 -49.431389 14.862679 42.252075 0.385192 0.10421 1.283344 -0.798823 18.09182 22.165413 -20.371653 49.928127 -16.680016 -16.738222 28.452925 -0.013656 -12.680363 0.001245 15.836055 -17.917538 2.953434 -0.0981 -1.517688 -4.257493 -5.034257 -5.604717 -2.95795 -0.002767 -11.015871 -0.000587 -6.104916 -15.880605 -3.835937 -0.001988 0.001928 0.001612 -10.278884 -5.667789 -4.317578 11.034853 -11.284742 -2.396786 -1.384683 -14.202932 -6.300011 -0.578369 -26.890913 -3.840063 -4.806735 -49.211205 -2.908689 -13.70524 -7.346291 -3.712692 18.153357 -14.048908 -3.23878 0.009078 -18.773438 -0.000614 -0.431801 -8.444204 2.564542 1e-06 -0.010915 -0.005748 -15.911797 -20.067122 -5.451146 30.421793 -7.187535 1.712358 -0.010734 -8.152125 -0.008677 -1.856968 -22.837166 -6.166503 0.006888 -0.00187 0.010457 -179.768814 -4.145064 -4.086131 15.454042 -0.117061 0.253116 -83.197762 -0.776777 -7.355717 -4.869234 1.452811 2.121042 -0.993212 0.000567 0.000103 3.582984 -8.118238 -19.30714 12.642365 -0.039441 0.369159 -81.566605 1.342807 -9.542215 -5.408778 0.736595 1.705974 -0.993721 -0.003359 -0.000264 
0.0 0.0 0.0 0.0 -0.0 0.0 2.917171 99.281815 -26.593843 91.16777 -0.587118 -173.408356 -5.846441 -0.401874 0.615335 -12.710561 -0.145812 1.194674 22.849852 -2.169424 -0.804028 20.090511 -1.958907 2.403289 -2.687579 -0.478718 -1.364883 -23.93824 -0.433203 -1.374228 -0.0 0.001064 -0.002023 -0.045457 0.017576 -0.152269 -0.018495 0.077745 -0.118406 0.007836 -0.049413 -0.19318 -147.540222 -63.911892 166.151413 24.63541 -40.681667 16.353773 34.737534 -0.248611 0.046605 -5.177108 -3.860358 -1.765687 17.643366 -26.398249 52.532532 -19.474146 -14.396972 29.473059 0.000666 -8.765502 -0.001939 16.487003 -18.314667 6.156343 -0.602889 -1.795331 -3.903129 -4.80543 -11.066135 -2.945863 -0.005959 -21.023701 0.002931 -5.024249 -25.117849 -4.030474 -0.002309 0.010506 -0.002534 -10.614176 -5.685585 -3.569874 10.560166 -17.933941 -3.122316 0.000405 -13.831607 0.011325 -0.491552 -31.18157 -4.035572 -11.190542 -59.66544 7.284108 -13.963968 -7.146144 -2.882925 13.75989 -8.409816 -3.228657 0.326392 -34.218826 0.795282 -0.97211 -17.752407 2.631391 0.000454 -0.000242 -0.000664 -17.321644 -20.10766 -4.213903 21.755667 -1.644796 3.857549 0.001551 -6.347968 0.011726 -1.696777 -22.628271 -6.195408 0.000697 0.009515 -0.004907 23.785923 -65.652084 173.714767 13.506882 -49.193001 14.917194 42.224304 0.329772 0.122801 1.18506 -0.915328 18.563288 22.188318 -20.419127 49.936855 -16.658539 -16.730787 28.458626 0.008341 -12.679415 -0.009422 15.874822 -17.967854 2.970348 -0.108221 -1.514307 -4.280861 -5.027312 -5.591805 -2.948677 -0.00402 -11.011758 0.007991 -6.104306 -15.863777 -3.822332 -0.000471 -0.000531 -0.001011 -10.266587 -5.666346 -4.33529 11.004518 -11.292407 -2.370644 -1.369495 -14.232657 -6.311159 -0.640578 -26.894676 -3.800214 -4.790071 -49.412666 -2.952095 -13.697463 -7.352245 -3.703443 18.126846 -14.035898 -3.244706 -0.006507 -18.772371 -0.005568 -0.449101 -8.443933 2.56577 0.016083 -0.014587 -0.014004 -15.904687 -20.074932 -5.468671 30.368729 -7.162622 1.747844 -0.00227 -8.169368 -0.007115 -1.879289 -22.835869 -6.149794 -0.008014 -0.00776 0.010495 -179.46788 -4.80227 -3.886472 15.036052 -0.116633 0.278058 -83.03463 -0.495749 -7.701086 -4.874202 1.447439 2.119034 -1.000326 0.005634 0.000647 4.024784 -7.360807 -19.47744 12.427273 -0.053053 0.371072 -82.011841 0.930048 -9.388048 -5.389482 0.739612 1.700758 -1.00236 0.000794 0.000807 
0.0 0.0 0.0 0.0 -0.0 0.0 3.176532 99.28582 -26.044523 91.189621 -0.440813 -173.141434 -5.952613 -0.254574 0.554654 -12.73935 -0.145343 1.158168 22.723652 -2.043922 -0.843615 20.037788 -1.877603 2.372684 -2.697226 -0.493517 -1.413613 -23.728838 -0.440898 -1.449325 0.0012 -0.001481 -0.001515 -0.046723 0.018627 -0.15022 -0.02183 0.082737 -0.118488 -0.002059 -0.054327 -0.194711 -147.195236 -64.044518 165.777985 24.245945 -41.187607 16.314693 34.681702 -0.314895 -0.017681 -5.3461 -3.898809 -1.581383 17.626339 -26.264215 52.368523 -19.442955 -14.379127 29.36462 0.000353 -8.769213 -0.006395 16.424578 -18.322582 6.150251 -0.61243 -1.801265 -3.877749 -4.802743 -11.040587 -2.92523 0.005201 -20.951714 -0.01967 -5.015429 -24.983944 -4.017321 0.001586 0.008951 -0.004221 -10.637265 -5.690354 -3.557297 10.569253 -17.91387 -3.108706 6.1e-05 -13.810769 -0.00777 -0.491018 -31.179289 -4.026552 -11.063134 -59.64753 7.238026 -13.978687 -7.148349 -2.863577 13.765392 -8.39941 -3.204617 0.371824 -34.22551 0.745923 -0.955581 -17.723787 2.621662 0.004668 -0.004516 -0.000205 -17.344925 -20.09049 -4.186522 21.743799 -1.646139 3.864991 9.3e-05 -6.330683 -0.007521 -1.698884 -22.550861 -6.179707 0.009637 7.3e-05 -0.009967 23.764542 -65.350983 173.643906 13.251322 -48.988552 15.142458 42.291008 0.319452 0.123303 1.10148 -1.044412 18.83989 22.19277 -20.342421 49.918957 -16.692223 -16.72912 28.463388 0.009071 -12.690585 -0.019603 15.940763 -17.990919 2.96937 -0.1003 -1.520288 -4.254149 -5.044999 -5.61818 -2.973535 0.006319 -11.020381 0.0108 -6.100194 -15.910457 -3.849492 -0.010489 0.008019 0.000996 -10.280685 -5.687347 -4.329026 11.031427 -11.293591 -2.362536 -1.400829 -14.218715 -6.337672 -0.62813 -26.900265 -3.827179 -4.725784 -49.350544 -3.048934 -13.712811 -7.372727 -3.69087 18.153297 -14.021401 -3.276524 -0.01923 -18.773823 0.005498 -0.427984 -8.443764 2.566726 0.00703 -0.00641 -0.004201 -15.9285 -20.102552 -5.458954 30.422152 -7.180148 1.744712 0.000812 -8.153791 -0.014635 -1.889044 -22.857132 -6.16582 0.00227 -0.003972 -0.006465 -179.145874 -5.351218 -3.818192 14.534236 -0.124094 0.313891 -82.734917 -0.292262 -8.010935 -4.906008 1.474672 2.124114 -0.996586 -0.004156 -0.000534 4.318878 -6.721749 -19.599737 12.127034 -0.061666 0.372994 -82.032707 0.577879 -9.201875 -5.375896 0.728324 1.695235 -0.997867 0.001812 -7.2e-05 
0.0 0.0 0.0 0.0 -0.0 0.0 3.374372 99.280815 -25.601049 91.229889 -0.324113 -172.966049 -6.034576 -0.128064 0.509984 -12.760942 -0.152411 1.1061 22.6334 -1.916851 -0.891154 19.949188 -1.779049 2.385621 -2.695374 -0.477654 -1.470013 -23.551365 -0.460115 -1.436186 0.0 -0.0 0.0 -0.051825 0.016602 -0.159287 -0.029678 0.087996 -0.120465 -0.005545 -0.05966 -0.196648 -146.992874 -64.278557 165.472092 23.965532 -41.654793 16.476109 34.68763 -0.394202 -0.03901 -5.468876 -3.997221 -1.445858 17.622087 -26.269646 52.346165 -19.453457 -14.383791 29.379322 0.002648 -8.77019 -0.000406 16.393095 -18.329422 6.181295 -0.606421 -1.793432 -3.883973 -4.810509 -11.041858 -2.938717 -0.002795 -20.957472 -0.006323 -5.032825 -25.008423 -4.031974 -0.004095 0.0 0.003343 -10.631922 -5.68551 -3.555115 10.572978 -17.907812 -3.114048 0.003189 -13.830493 -0.004863 -0.5027 -31.176918 -4.022708 -11.105533 -59.684155 7.290092 -13.97299 -7.143636 -2.877872 13.763273 -8.391445 -3.211205 0.352605 -34.141701 0.775833 -0.956405 -17.702583 2.60666 -0.00208 -0.001148 -0.004906 -17.345526 -20.090271 -4.202271 21.75947 -1.635269 3.868716 -0.011459 -6.32663 -0.005408 -1.701873 -22.620007 -6.174077 6e-05 0.009936 -0.00176 23.697203 -65.195801 173.743393 13.093243 -48.786411 15.32892 42.266212 0.280501 0.119669 1.062895 -1.17782 18.96917 22.204891 -20.369125 49.985378 -16.720921 -16.72822 28.498478 0.014672 -12.695783 -0.004015 15.972556 -17.953005 2.955076 -0.101784 -1.519151 -4.276913 -5.045224 -5.628953 -2.97158 -0.004468 -11.042513 -0.005956 -6.122429 -15.940072 -3.852234 0.004239 -0.012843 0.009389 -10.284292 -5.691597 -4.34072 11.025795 -11.319367 -2.39058 -1.391737 -14.271975 -6.345562 -0.655353 -26.973429 -3.843771 -4.642003 -49.546822 -3.09267 -13.726506 -7.39674 -3.722234 18.173365 -14.067206 -3.251494 -0.018817 -18.821457 -0.023071 -0.421058 -8.486126 2.535664 0.006718 0.003316 0.002483 -15.967691 -20.160322 -5.482672 30.48196 -7.185647 1.741748 0.003504 -8.187104 0.003041 -1.859785 -22.912088 -6.182218 -0.006699 0.002552 -0.01099 -178.888824 -5.797013 -3.758583 14.175875 -0.130239 0.313245 -82.578979 -0.135388 -8.325161 -4.961867 1.480157 2.12487 -0.997216 -0.00137 0.000537 4.512763 -6.204258 -19.66256 11.983615 -0.055772 0.368051 -82.159698 0.268502 -8.999834 -5.371841 0.719425 1.690928 -0.991987 0.002347 0.001111 
0.0 0.0 0.0 0.0 -0.0 0.0 3.481193 99.268486 -25.147921 91.276215 -0.237084 -172.829025 -6.109565 -0.016886 0.467169 -12.772561 -0.152709 1.047635 22.576624 -1.789381 -0.941904 19.802147 -1.688013 2.395315 -2.699817 -0.462174 -1.498261 -23.428001 -0.475239 -1.39553 0.000475 -0.001728 -0.003456 -0.049421 0.009444 -0.166003 -0.036797 0.082145 -0.129789 -0.009514 -0.069492 -0.196459 -146.767883 -64.233063 165.183716 23.844673 -42.035484 16.705397 34.762669 -0.457266 -0.024689 -5.498825 -4.048832 -1.432838 17.615101 -26.383343 52.529472 -19.476694 -14.398184 29.468882 -0.001445 -8.780479 -0.005089 16.402056 -18.357616 6.238727 -0.611208 -1.794954 -3.907725 -4.808493 -11.058195 -2.92375 -0.002748 -20.993429 0.001225 -5.020628 -25.033102 -4.017197 -0.001537 -0.018159 0.001356 -10.630161 -5.6885 -3.576626 10.563281 -17.93865 -3.104898 -0.002032 -13.831503 -0.003105 -0.522892 -31.189001 -4.007728 -11.214929 -59.808258 7.34803 -13.986991 -7.157024 -2.884697 13.77052 -8.408953 -3.214502 0.350915 -34.3041 0.770664 -0.972827 -17.77519 2.633543 0.003081 -0.002923 -0.008381 -17.332998 -20.109138 -4.20897 21.73431 -1.631866 3.860749 -0.002275 -6.342047 0.00026 -1.70223 -22.609674 -6.203397 -0.006481 -0.000639 0.004549 23.505383 -64.818344 173.86705 13.028101 -48.390686 15.344141 42.079155 0.231804 0.098916 1.068456 -1.249984 18.856369 22.193787 -20.395485 49.965611 -16.676601 -16.743313 28.486849 0.004419 -12.680314 -0.024736 15.855381 -17.925013 3.00958 -0.099735 -1.501115 -4.274826 -5.040479 -5.616694 -2.939183 -0.002968 -11.021396 -0.000663 -6.122211 -15.897216 -3.841166 0.003128 -0.001928 0.009438 -10.281245 -5.660282 -4.342771 11.024046 -11.303018 -2.363536 -1.386811 -14.225839 -6.310641 -0.649911 -26.914776 -3.823766 -4.77303 -49.382755 -2.938565 -13.710075 -7.351187 -3.729325 18.136347 -14.044762 -3.22121 -0.00862 -18.789223 0.007928 -0.439335 -8.46231 2.55905 0.01539 0.001374 -0.010037 -15.897799 -20.066864 -5.478194 30.379192 -7.196263 1.729948 -0.001422 -8.158704 0.011871 -1.871297 -22.857456 -6.148507 -0.002083 0.008429 0.004214 -178.699997 -6.212033 -3.713018 13.893117 -0.130239 0.303501 -82.599655 -0.034617 -8.636251 -5.01484 1.485449 2.119047 -0.998012 -0.000602 0.001154 4.532424 -5.809309 -19.670029 12.200628 -0.061294 0.351723 -82.459015 0.032041 -8.816233 -5.360716 0.696034 1.683803 -0.998794 -0.000537 0.000286 
0.0 0.0 0.0 0.0 -0.0 0.0 3.55462 99.241081 -24.809719 91.357315 -0.169117 -172.730621 -6.144866 0.088984 0.40593 -12.79138 -0.147636 0.996895 22.568089 -1.670011 -0.975989 19.669378 -1.609676 2.382826 -2.677345 -0.454753 -1.459473 -23.37188 -0.470995 -1.341492 -0.001064 0.000136 -0.000565 -0.050551 0.009463 -0.162357 -0.026592 0.080851 -0.129259 -0.004948 -0.072316 -0.201311 -146.593445 -64.330383 164.863754 23.822079 -42.398785 16.983654 34.814941 -0.48986 -0.005421 -5.483578 -4.12623 -1.498215 17.650236 -26.280384 52.319309 -19.493872 -14.388303 29.385534 -0.007089 -8.769909 0.01318 16.366968 -18.316881 6.187544 -0.599579 -1.793227 -3.884058 -4.793705 -11.055523 -2.937394 0.021095 -20.995016 -0.003858 -4.987808 -25.033119 -4.032454 -0.00037 -0.008558 0.001281 -10.617494 -5.68102 -3.554125 10.5834 -17.946417 -3.131571 0.008079 -13.826276 -0.00203 -0.471159 -31.205738 -4.040463 -11.144733 -59.819767 7.381761 -13.960845 -7.141091 -2.871094 13.767249 -8.413844 -3.219458 0.388194 -34.235424 0.74118 -0.955444 -17.742451 2.627206 0.002274 0.000902 0.003048 -17.311758 -20.094128 -4.205052 21.73675 -1.647846 3.861461 0.009561 -6.347065 -0.002603 -1.667105 -22.607519 -6.209023 0.00378 -5e-06 0.005239 23.576147 -64.826248 173.86731 13.065882 -48.297443 15.304639 41.907223 0.179172 0.100901 1.093215 -1.296285 18.854855 22.199055 -20.352842 49.942562 -16.720823 -16.768446 28.468674 -0.010071 -12.700428 -0.016609 15.800842 -17.882015 2.971202 -0.088025 -1.501894 -4.28763 -5.057078 -5.620433 -2.959041 0.008603 -11.010232 0.007449 -6.110918 -15.890333 -3.840352 0.006755 0.002574 -0.008312 -10.268776 -5.663298 -4.360905 11.029556 -11.319399 -2.360959 -1.3635 -14.236606 -6.323908 -0.587165 -26.938025 -3.853133 -4.69376 -49.330441 -2.944 -13.709336 -7.350355 -3.715372 18.186289 -14.070216 -3.282842 0.020738 -18.797821 0.000785 -0.406031 -8.470304 2.545972 -0.001315 -0.011869 0.001045 -15.916665 -20.092762 -5.470649 30.453413 -7.188705 1.712777 0.006457 -8.168869 0.001683 -1.842645 -22.838926 -6.147949 0.006487 0.003783 -0.00863 -178.61821 -6.545501 -3.683094 13.868931 -0.118554 0.29812 -82.589584 0.006916 -8.818161 -5.057647 1.486945 2.122008 -0.991188 0.003125 0.001314 4.477981 -5.525216 -19.61989 12.557737 -0.060966 0.346086 -82.677956 -0.212206 -8.608175 -5.350116 0.674944 1.679742 -0.995945 0.002429 0.000928 
0.0 0.0 0.0 0.0 -0.0 0.0 3.564692 99.20092 -24.501965 91.439934 -0.118775 -172.646286 -6.17829 0.201165 0.353534 -12.809501 -0.153755 0.936385 22.616846 -1.53054 -1.003002 19.567072 -1.555515 2.398458 -2.666516 -0.44012 -1.408367 -23.437796 -0.454951 -1.27386 0.000275 -0.000287 0.003935 -0.05404 0.004481 -0.161525 -0.02441 0.077302 -0.132171 -0.011264 -0.077354 -0.197299 -146.535934 -64.153267 164.859909 23.944574 -42.576981 17.196655 35.004967 -0.420947 0.036808 -5.449212 -4.17876 -1.600163 17.722364 -26.259068 52.340801 -19.466579 -14.381988 29.355303 0.006136 -8.785826 -0.009945 16.411428 -18.407894 6.205379 -0.603045 -1.789184 -3.891248 -4.81853 -11.05851 -2.933177 0.000743 -20.965082 -0.012734 -5.026506 -25.032494 -4.022418 0.00385 0.009337 0.000305 -10.650672 -5.689919 -3.56346 10.577488 -17.921499 -3.112204 0.004812 -13.836124 0.00282 -0.487736 -31.215628 -4.046415 -11.187166 -59.930416 7.461631 -14.01462 -7.158588 -2.879858 13.80025 -8.408192 -3.206128 0.360013 -34.259418 0.751119 -0.959932 -17.754181 2.640427 -0.001435 -0.006724 0.006451 -17.377398 -20.115023 -4.211997 21.783163 -1.629572 3.886938 -0.009674 -6.349391 0.014605 -1.700037 -22.589281 -6.208036 0.003981 -0.008787 -0.001404 23.273602 -64.442673 174.152527 13.025247 -47.999836 15.235287 41.683926 0.210377 0.124799 1.13303 -1.357893 18.754156 22.191359 -20.37933 49.964062 -16.664259 -16.751152 28.460899 0.006846 -12.681016 0.003873 15.863045 -17.872145 2.976048 -0.109543 -1.497144 -4.302846 -5.047618 -5.614521 -2.933151 0.005179 -11.025169 -0.004088 -6.106447 -15.883497 -3.852784 -0.004652 -0.006931 0.00634 -10.299131 -5.675056 -4.348643 11.024534 -11.295528 -2.370322 -1.384955 -14.219344 -6.303672 -0.63707 -26.897551 -3.800741 -4.700344 -49.267303 -3.027679 -13.72486 -7.366169 -3.725659 18.129818 -14.043324 -3.216263 0.006426 -18.792196 -0.000649 -0.433677 -8.46179 2.553921 -0.004723 0.002165 0.004472 -15.947922 -20.103865 -5.488918 30.442656 -7.187429 1.739198 -0.00733 -8.167025 0.005878 -1.882344 -22.892048 -6.164205 -0.002057 0.005886 0.006506 -178.661774 -6.841718 -3.66001 14.072816 -0.10602 0.287637 -82.518082 0.088507 -9.000203 -5.048131 1.501898 2.127343 -1.005452 0.004343 -0.000291 4.232399 -5.387742 -19.486607 13.19781 -0.073331 0.327293 -83.247826 -0.442753 -8.522001 -5.345897 0.67303 1.676256 -1.006309 0.002307 -0.001631 
0.0 0.0 0.0 0.0 -0.0 0.0 3.530028 99.166252 -24.265524 91.5466 -0.090344 -172.620209 -6.18396 0.313594 0.322637 -12.789129 -0.157174 0.873328 22.637615 -1.404023 -1.03511 19.413563 -1.54253 2.411956 -2.644179 -0.433144 -1.30142 -23.376566 -0.410217 -1.14576 0.000796 0.001641 -0.000101 -0.053861 0.006062 -0.165243 -0.021703 0.074027 -0.133849 -0.006354 -0.070555 -0.198899 -146.434296 -63.813625 164.782501 24.13327 -42.632408 17.365902 35.092899 -0.3544 0.060028 -5.319267 -4.173545 -1.662378 17.608234 -26.302963 52.385361 -19.400724 -14.369536 29.368038 0.008087 -8.755881 -0.010304 16.404861 -18.419222 6.241771 -0.613321 -1.791732 -3.887109 -4.803608 -11.02587 -2.929231 -0.012604 -20.938002 0.013758 -5.021416 -24.980957 -4.038969 -0.00485 -0.01364 0.005777 -10.627591 -5.68378 -3.56435 10.545289 -17.894278 -3.101243 -0.012939 -13.793891 0.009678 -0.534677 -31.151203 -4.020149 -11.26096 -59.811733 7.467518 -13.974623 -7.142469 -2.872325 13.749701 -8.372754 -3.198427 0.30462 -34.101456 0.784102 -0.98257 -17.689966 2.628297 -0.002016 0.005547 0.004361 -17.336987 -20.069939 -4.188238 21.733377 -1.621557 3.862096 -0.003586 -6.319678 -0.003882 -1.722521 -22.567354 -6.183981 0.00112 -0.00015 -0.003681 23.069588 -64.176491 174.266174 13.026328 -47.755428 15.151537 41.383671 0.216566 0.126936 1.128846 -1.429472 18.535179 22.171459 -20.302547 49.842903 -16.645304 -16.723833 28.381769 0.010645 -12.676476 -0.004104 15.853571 -17.850353 2.974129 -0.109933 -1.505168 -4.26819 -5.031711 -5.605899 -2.95233 -0.012895 -11.005295 0.007293 -6.109364 -15.871743 -3.849656 0.000355 -0.002713 0.0011 -10.276904 -5.678593 -4.320273 11.006826 -11.277325 -2.368362 -1.403617 -14.203712 -6.321749 -0.653506 -26.875772 -3.813982 -4.552271 -49.158611 -3.127782 -13.701217 -7.354942 -3.70247 18.105751 -14.008535 -3.223056 -0.020983 -18.729698 -0.026566 -0.447855 -8.443032 2.568017 0.003005 0.000458 -0.008558 -15.924793 -20.080036 -5.477371 30.374119 -7.163542 1.759531 0.007653 -8.151933 0.004446 -1.871527 -22.830023 -6.189729 -0.007083 0.003987 0.003316 -178.698425 -7.064682 -3.697476 14.246051 -0.092168 0.277998 -82.491791 0.178679 -9.137057 -5.048251 1.493636 2.125734 -0.997745 -0.000651 -9e-06 4.035319 -5.247729 -19.278255 13.718624 -0.074348 0.29937 -83.185623 -0.658002 -8.277059 -5.308477 0.658557 1.669234 -0.999114 -0.00169 0.001089 
0.0 0.0 0.0 0.0 -0.0 0.0 3.521944 99.138519 -24.121534 91.641182 -0.072213 -172.664627 -6.176576 0.421632 0.295861 -12.793659 -0.147703 0.845906 22.710035 -1.28585 -1.065642 19.332581 -1.543541 2.433269 -2.631715 -0.45149 -1.195772 -23.464947 -0.348712 -0.998911 -0.0006 0.000493 -0.002081 -0.056489 0.000957 -0.174234 -0.023228 0.067305 -0.146255 -0.008255 -0.071785 -0.210187 -146.595139 -63.899277 164.907486 24.487604 -42.752964 17.419962 35.321819 -0.309476 0.081428 -5.199404 -4.099693 -1.851706 17.634882 -26.324804 52.530144 -19.431665 -14.404359 29.430168 0.013566 -8.780381 0.00637 16.469099 -18.475721 6.295457 -0.614024 -1.794579 -3.891861 -4.819763 -11.050725 -2.942901 -0.01128 -20.972536 -0.004204 -5.044502 -25.053234 -4.054133 -0.002383 0.005116 0.003908 -10.660156 -5.700272 -3.576919 10.570924 -17.919537 -3.105724 -0.012829 -13.829228 -1.3e-05 -0.515726 -31.214249 -4.063363 -11.302456 -60.042248 7.52745 -14.010217 -7.16597 -2.881013 13.783759 -8.388309 -3.216942 0.318585 -34.227009 0.770881 -0.968788 -17.717651 2.622351 -0.009207 0.00175 -0.008212 -17.384941 -20.12192 -4.223807 21.782154 -1.621171 3.880409 0.001172 -6.338269 -0.003127 -1.717886 -22.607111 -6.209804 0.001754 0.000471 -0.003145 22.963028 -64.307579 174.465668 13.031537 -47.747276 15.248008 41.212208 0.213766 0.173739 1.099217 -1.502688 18.22846 22.198149 -20.426353 50.03529 -16.673603 -16.74382 28.530861 -0.00091 -12.674283 -0.004791 15.809639 -17.839331 3.012848 -0.103031 -1.507827 -4.289779 -5.048035 -5.622903 -2.963965 0.001458 -11.024769 0.020126 -6.12065 -15.90434 -3.869773 0.0 0.002232 0.009398 -10.275141 -5.678437 -4.349505 11.005196 -11.306902 -2.362137 -1.372088 -14.245046 -6.328425 -0.631911 -26.936468 -3.797208 -4.639301 -49.339676 -3.078639 -13.706026 -7.370938 -3.735194 18.106165 -14.039209 -3.211203 -0.00522 -18.792734 0.00779 -0.439997 -8.449018 2.569146 -0.001273 -0.00536 -0.008469 -15.914449 -20.09692 -5.476065 30.393782 -7.186495 1.735067 -0.012328 -8.157149 0.001274 -1.860953 -22.841524 -6.169559 -0.003697 -0.000333 -0.005679 -178.666748 -7.215775 -3.821887 14.386681 -0.08374 0.272832 -82.507629 0.242236 -9.252989 -5.091539 1.48987 2.123935 -0.989887 -0.00613 -0.001322 3.945401 -5.159111 -19.047892 14.094267 -0.07751 0.254247 -83.609032 -0.811676 -8.216128 -5.34059 0.637206 1.659944 -0.999016 -0.002393 -0.000729 
0.0 0.0 0.0 0.0 -0.0 0.0 3.43852 99.128304 -24.077248 91.732452 -0.067097 -172.752579 -6.152304 0.517034 0.27256 -12.809302 -0.12945 0.831542 22.767405 -1.189082 -1.0694 19.247473 -1.554392 2.423411 -2.646037 -0.493543 -1.043381 -23.474155 -0.281933 -0.922754 0.00013 6e-06 -7.3e-05 -0.05513 -0.00012 -0.161578 -0.018507 0.063147 -0.132131 -0.012651 -0.068458 -0.188884 -146.579559 -63.760746 164.893219 24.848915 -42.859421 17.299841 35.436794 -0.294739 0.065087 -5.085967 -3.953826 -2.027284 17.647682 -26.291435 52.379471 -19.464888 -14.378701 29.380024 0.001863 -8.778611 -0.003507 16.516342 -18.425697 6.255182 -0.620944 -1.800112 -3.892783 -4.804947 -11.054824 -2.939112 -0.011668 -20.99152 0.004267 -5.037148 -25.040413 -4.04912 0.001068 -0.002029 -0.00504 -10.641335 -5.693236 -3.553725 10.575328 -17.937132 -3.115059 -0.003397 -13.826556 -0.01661 -0.50278 -31.198683 -4.041744 -11.273111 -59.994087 7.525384 -13.989299 -7.158756 -2.867073 13.776737 -8.403641 -3.217597 0.355962 -34.257877 0.745501 -0.959122 -17.756975 2.620983 0.003171 -0.000546 -0.000707 -17.356277 -20.115448 -4.19416 21.771051 -1.636435 3.866644 -0.006578 -6.341743 0.000733 -1.682459 -22.592083 -6.207224 -0.0 0.009822 -0.004515 23.032696 -64.379982 174.380707 12.980175 -47.804955 15.371222 41.079716 0.210607 0.102564 1.052646 -1.561335 17.970982 22.190237 -20.402918 49.995777 -16.730141 -16.751028 28.496994 -0.013475 -12.709497 0.007844 15.830641 -17.864164 3.024851 -0.104968 -1.521694 -4.27594 -5.038271 -5.609198 -2.980892 0.001835 -11.03591 0.007127 -6.090984 -15.903787 -3.842315 0.000205 -0.00057 0.001199 -10.297101 -5.683033 -4.34435 11.051712 -11.331357 -2.399432 -1.374796 -14.261801 -6.328568 -0.629202 -26.985853 -3.820968 -4.66755 -49.481941 -3.061285 -13.725385 -7.380233 -3.725755 18.168629 -14.073614 -3.259524 0.00094 -18.815569 -0.01558 -0.438024 -8.462551 2.567789 0.001571 -0.004508 0.004508 -15.924766 -20.113493 -5.505659 30.440538 -7.220424 1.729954 0.010701 -8.183046 0.012052 -1.842538 -22.881615 -6.179259 -0.000379 0.001424 -0.003985 -178.67482 -7.271336 -3.969797 14.509873 -0.076822 0.27413 -82.648582 0.235061 -9.280615 -5.116751 1.499658 2.127541 -1.001231 -0.000157 -0.001095 3.839699 -5.151663 -18.803686 14.331911 -0.076133 0.223567 -83.532852 -0.9315 -8.111053 -5.381776 0.642006 1.659458 -0.994372 -0.006103 -0.002221 
0.0 0.0 0.0 0.0 -0.0 0.0 3.408924 99.126869 -24.037342 91.781006 -0.064777 -172.855133 -6.107825 0.60569 0.265515 -12.814963 -0.111048 0.80223 22.751226 -1.089904 -1.05352 19.144976 -1.602503 2.411716 -2.645567 -0.520911 -0.881327 -23.459253 -0.229424 -0.892453 -0.000538 -6.8e-05 -0.002169 -0.056254 -0.000198 -0.151152 -0.017186 0.06234 -0.123836 -0.006173 -0.069617 -0.183711 -146.703644 -63.582176 165.100113 25.227209 -42.830093 17.052422 35.456837 -0.297574 0.086893 -5.040958 -3.816829 -2.158959 17.639229 -26.327015 52.438313 -19.483976 -14.396693 29.411098 0.00561 -8.781193 0.020504 16.544014 -18.403488 6.231417 -0.607295 -1.79486 -3.890496 -4.813909 -11.062981 -2.936321 -0.007538 -21.004671 -0.005694 -5.04075 -25.076235 -4.016366 0.005674 0.003287 -0.004629 -10.635115 -5.689798 -3.556211 10.572952 -17.929186 -3.121269 0.004531 -13.820505 0.004484 -0.49668 -31.172525 -4.037059 -11.254546 -59.967361 7.540549 -13.985122 -7.147895 -2.858086 13.77325 -8.400272 -3.233351 0.342796 -34.228432 0.766148 -0.971126 -17.74461 2.62611 0.00015 0.004778 -0.002389 -17.358465 -20.112724 -4.199217 21.771757 -1.633701 3.869013 -0.003327 -6.340708 0.002616 -1.714596 -22.596697 -6.189137 0.004907 -0.009815 0.000116 22.872311 -64.264694 174.440048 12.851563 -47.790516 15.441497 40.944557 0.179384 0.10548 1.018628 -1.639864 17.776953 22.157574 -20.334654 49.866051 -16.675056 -16.71983 28.439363 0.012798 -12.66994 -0.022216 15.796064 -17.852173 3.028355 -0.099157 -1.501828 -4.273893 -5.045813 -5.619968 -2.939993 -0.013402 -11.012554 -0.004909 -6.127469 -15.904229 -3.837985 -0.001129 -0.002372 0.008814 -10.270951 -5.677753 -4.332018 11.004912 -11.283223 -2.379737 -1.398087 -14.224335 -6.325659 -0.647336 -26.895729 -3.83059 -4.663642 -49.33305 -3.103798 -13.684013 -7.354589 -3.703691 18.09374 -14.034836 -3.242101 -0.012404 -18.758806 -0.01835 -0.423367 -8.446918 2.552004 0.000211 -0.011188 0.008724 -15.913651 -20.088112 -5.477549 30.387171 -7.188713 1.754394 -0.012255 -8.162637 0.002247 -1.845826 -22.902662 -6.176511 0.001084 0.001702 0.001236 -178.591797 -7.308395 -4.150155 14.464283 -0.09216 0.291126 -82.579865 0.235432 -9.343501 -5.158368 1.488182 2.12072 -0.997959 -0.000262 -0.001082 3.812552 -5.111288 -18.559811 14.405226 -0.084454 0.20803 -83.538116 -0.988565 -8.033718 -5.457744 0.661502 1.656624 -0.99825 -0.003348 -0.00083 
0.0 0.0 0.0 0.0 -0.0 0.0 3.276568 99.134476 -24.046604 91.813843 -0.063674 -173.000977 -6.04445 0.688908 0.259524 -12.817631 -0.089902 0.778643 22.717842 -1.007935 -1.026141 19.04423 -1.695901 2.383871 -2.655113 -0.536202 -0.691695 -23.407749 -0.150916 -0.919206 -0.0 0.000408 -0.002107 -0.052248 -0.000759 -0.133466 -0.014017 0.065737 -0.109874 -0.009719 -0.070131 -0.159415 -146.786911 -63.615318 165.168076 25.653196 -42.930988 16.719816 35.466827 -0.324475 0.084315 -5.023682 -3.704005 -2.148126 17.629173 -26.392136 52.531849 -19.460129 -14.406841 29.440891 -1.2e-05 -8.775406 0.00556 16.496738 -18.36297 6.265685 -0.605911 -1.790444 -3.886187 -4.812701 -11.05286 -2.934293 -0.005872 -20.97171 0.001733 -5.033709 -25.026026 -4.017744 0.001799 -0.012646 0.002815 -10.629348 -5.688554 -3.563639 10.56499 -17.919342 -3.112342 -0.008831 -13.842245 0.009867 -0.525761 -31.186398 -4.027512 -11.260704 -60.018211 7.524538 -13.980698 -7.151158 -2.868895 13.773337 -8.393184 -3.223924 0.329038 -34.216305 0.788707 -0.968684 -17.746546 2.623457 -0.001079 -0.000949 0.004004 -17.348871 -20.097301 -4.195826 21.754234 -1.632059 3.864807 0.006407 -6.344678 0.006689 -1.711383 -22.557468 -6.203084 0.00219 -0.000126 -0.004583 23.023527 -64.46521 174.344528 12.732718 -47.945923 15.584923 40.993057 0.142258 0.128598 1.026493 -1.753926 17.672817 22.211153 -20.39143 49.980061 -16.698263 -16.717102 28.484468 0.00364 -12.689062 0.011644 15.754664 -17.838711 3.065002 -0.112584 -1.519237 -4.28665 -5.031996 -5.615784 -2.952635 0.008686 -11.036884 -0.007321 -6.100871 -15.916192 -3.862856 -0.007387 0.006585 -0.010013 -10.279922 -5.689409 -4.368545 11.013708 -11.316244 -2.351297 -1.375928 -14.256595 -6.343619 -0.642675 -26.94392 -3.838529 -4.665364 -49.478298 -3.089764 -13.714147 -7.373433 -3.733923 18.160847 -14.069192 -3.250277 0.017068 -18.804653 -0.000402 -0.432146 -8.451975 2.57061 -0.0 -0.007481 0.001677 -15.911631 -20.120733 -5.520225 30.409704 -7.210207 1.774094 -0.00378 -8.157507 -0.014621 -1.85325 -22.875984 -6.171426 -0.002766 0.005208 -0.00417 -178.641754 -7.304942 -4.36863 14.531163 -0.105626 0.33018 -82.577606 0.233893 -9.36799 -5.195455 1.495219 2.120079 -1.002484 0.00303 -1.4e-05 3.651192 -5.136655 -18.32617 14.553257 -0.090874 0.204408 -83.484581 -1.06305 -7.980992 -5.508135 0.663285 1.663487 -0.994586 -0.007027 -0.000409 
0.0 0.0 0.0 0.0 -0.0 0.0 3.166725 99.136169 -24.068216 91.832649 -0.061211 -173.151093 -5.991205 0.762266 0.260888 -12.793058 -0.077281 0.733369 22.684134 -0.924489 -1.017387 18.926563 -1.803877 2.4073 -2.652154 -0.511037 -0.556957 -23.399925 -0.104477 -0.90161 -0.000226 -6.9e-05 -0.002187 -0.04814 -0.000539 -0.128564 -0.024771 0.066778 -0.101276 -0.015833 -0.070837 -0.145571 -146.901703 -63.51585 165.312241 25.925304 -42.87534 16.614431 35.558987 -0.33868 0.080164 -4.98309 -3.637522 -2.159394 17.606535 -26.3223 52.411209 -19.451145 -14.394211 29.399607 0.01262 -8.76658 -0.001561 16.444914 -18.347143 6.222307 -0.602934 -1.792731 -3.897924 -4.805672 -11.0442 -2.933764 0.004067 -20.976471 0.010327 -5.012135 -24.996702 -4.040628 -0.007261 -0.003271 0.006088 -10.624363 -5.681672 -3.555862 10.564931 -17.904449 -3.110967 -0.003277 -13.802036 0.008337 -0.473773 -31.178833 -4.045422 -11.239573 -59.960114 7.548654 -13.971871 -7.142511 -2.873471 13.758227 -8.399557 -3.212932 0.3496 -34.19511 0.776311 -0.963515 -17.743786 2.632612 -0.008883 0.011608 -0.002178 -17.326935 -20.079098 -4.194767 21.732109 -1.636012 3.860266 0.001896 -6.337647 0.002479 -1.700069 -22.558283 -6.189883 -0.002899 0.009839 -0.000598 22.915962 -64.394585 174.460785 12.569075 -47.931866 15.763555 41.135139 0.12214 0.138878 1.067347 -1.872688 17.563562 22.22963 -20.407398 50.018726 -16.664566 -16.74386 28.478046 0.008179 -12.696273 -0.000823 15.738947 -17.851025 3.076617 -0.1063 -1.519161 -4.271412 -5.047021 -5.607383 -2.940346 -0.009816 -11.014419 0.003586 -6.1147 -15.897136 -3.83614 -0.001305 0.006509 -0.007647 -10.293107 -5.68863 -4.329669 11.020068 -11.294982 -2.352942 -1.396194 -14.236176 -6.321407 -0.656084 -26.934658 -3.810027 -4.749891 -49.360558 -3.029233 -13.719566 -7.378593 -3.716728 18.115751 -14.025867 -3.216646 -0.024642 -18.776163 0.025715 -0.444912 -8.437593 2.571573 0.006056 -0.010069 -0.00776 -15.949909 -20.103327 -5.454336 30.418325 -7.181018 1.758419 -0.005237 -8.148683 0.00881 -1.889197 -22.819529 -6.157331 -0.010005 -0.001992 0.007005 -178.696426 -7.300245 -4.576833 14.632226 -0.108621 0.361838 -82.654419 0.244563 -9.361518 -5.227326 1.507601 2.113498 -0.999417 -0.003742 -0.000175 3.498665 -5.166403 -18.067093 14.71886 -0.099008 0.202178 -83.614555 -1.131984 -7.953617 -5.551287 0.654841 1.655497 -0.994962 0.002205 0.001505 
0.0 0.0 0.0 0.0 -0.0 0.0 3.05775 99.144836 -24.101921 91.892441 -0.054404 -173.318863 -5.93633 0.820236 0.248757 -12.753479 -0.069996 0.698507 22.658064 -0.846958 -1.017516 18.784187 -1.87778 2.438101 -2.641988 -0.477433 -0.491249 -23.40667 -0.072039 -0.795704 0.0 -0.0 0.0 -0.045939 4e-06 -0.120733 -0.02352 0.069259 -0.097839 -0.016901 -0.0727 -0.134341 -146.949677 -63.383957 165.325531 26.121624 -42.690205 16.81139 35.694767 -0.313359 0.117967 -4.898845 -3.611969 -2.165781 17.642111 -26.372032 52.473644 -19.4527 -14.408195 29.411526 -0.001878 -8.780128 0.014254 16.443447 -18.35351 6.225228 -0.600974 -1.789026 -3.887707 -4.802982 -11.04282 -2.919333 -0.011758 -20.962448 0.013853 -5.025814 -25.023373 -4.00667 0.002261 0.016297 -0.009566 -10.627687 -5.678599 -3.548463 10.567428 -17.905546 -3.10302 -0.005131 -13.810958 -0.001168 -0.523668 -31.143795 -4.007376 -11.302752 -59.887959 7.574636 -13.970417 -7.138285 -2.864503 13.762741 -8.39695 -3.215766 0.326732 -34.218597 0.806301 -0.965906 -17.768316 2.623823 0.000466 0.003354 0.001578 -17.345226 -20.081697 -4.185056 21.760118 -1.633686 3.868637 -0.001422 -6.340403 0.002883 -1.709622 -22.577047 -6.196491 -0.003295 -0.009016 0.009187 22.893835 -64.41864 174.521164 12.474546 -47.976463 15.94334 41.266926 0.080572 0.151046 1.090032 -2.000041 17.5347 22.180445 -20.390202 49.955421 -16.670929 -16.747816 28.504494 -0.000294 -12.671003 -0.022387 15.712972 -17.789812 3.08573 -0.101816 -1.505806 -4.275455 -5.030442 -5.611111 -2.946338 -0.007627 -11.003546 0.004554 -6.084723 -15.891394 -3.851275 0.003202 -0.0 0.001285 -10.271244 -5.674109 -4.330482 11.021587 -11.288021 -2.373261 -1.393943 -14.226441 -6.316719 -0.612657 -26.935833 -3.835438 -4.733115 -49.306381 -2.989883 -13.687125 -7.349284 -3.72835 18.104071 -14.039091 -3.243611 -0.013978 -18.782606 0.022839 -0.426568 -8.45642 2.554985 -0.005064 0.00265 0.004419 -15.908902 -20.077209 -5.476154 30.387621 -7.181125 1.743774 -0.004038 -8.165679 0.006127 -1.874266 -22.831848 -6.138938 0.004221 -0.003417 -0.004624 -178.679504 -7.285326 -4.732189 14.661046 -0.108191 0.342985 -82.470985 0.218957 -9.33234 -5.255694 1.516337 2.121492 -0.998529 0.006 -0.000165 3.426198 -5.183453 -17.787045 14.745407 -0.094677 0.190611 -83.34874 -1.172264 -7.873549 -5.552432 0.625192 1.652139 -0.997976 -0.001527 -1.5e-05 
0.0 0.0 0.0 0.0 -0.0 0.0 2.986633 99.137787 -24.172424 91.980293 -0.033477 -173.497467 -5.896738 0.872862 0.242964 -12.743366 -0.072839 0.654351 22.738834 -0.772967 -1.006393 18.708637 -1.918714 2.4664 -2.626278 -0.458976 -0.454979 -23.443302 -0.048552 -0.676439 0.00054 -0.001045 -0.001315 -0.047376 -0.00026 -0.120825 -0.031761 0.06765 -0.101464 -0.02907 -0.075679 -0.144818 -147.182159 -63.331661 165.524719 26.289261 -42.452297 17.219425 35.832737 -0.312186 0.102994 -4.832907 -3.590717 -2.089749 17.633989 -26.341875 52.436275 -19.464354 -14.404256 29.398346 -0.007642 -8.770763 0.007392 16.390526 -18.281755 6.177968 -0.60787 -1.794539 -3.888795 -4.796741 -11.043882 -2.934991 0.004525 -20.977949 -0.005587 -5.032966 -25.0252 -4.014358 0.000218 -0.0 0.000853 -10.624696 -5.678082 -3.559957 10.577869 -17.923176 -3.115412 0.02027 -13.8374 0.006272 -0.506516 -31.161423 -3.995163 -11.293962 -59.889851 7.580216 -13.96591 -7.138059 -2.869446 13.771177 -8.407754 -3.217265 0.362084 -34.202927 0.770962 -0.963715 -17.74189 2.619966 -0.005833 -0.005056 0.003798 -17.323389 -20.079935 -4.192651 21.737852 -1.647738 3.849642 0.000764 -6.337347 -0.003494 -1.684084 -22.580204 -6.175036 0.000123 -0.008722 0.004361 22.871845 -64.501747 174.698959 12.474115 -48.000286 16.12372 41.414776 0.085129 0.139813 1.070487 -2.16253 17.537197 22.180824 -20.407761 49.983967 -16.663445 -16.747589 28.482563 4.9e-05 -12.685438 -0.010104 15.731639 -17.773575 3.083078 -0.108568 -1.5092 -4.283162 -5.035941 -5.613484 -2.928163 -0.00356 -11.022401 0.015271 -6.094901 -15.900367 -3.856376 0.001359 -0.002737 -0.001305 -10.272142 -5.658556 -4.34589 11.008431 -11.303958 -2.347649 -1.369628 -14.223686 -6.331095 -0.643832 -26.863298 -3.786777 -4.759541 -49.176575 -2.958518 -13.706932 -7.354189 -3.723176 18.145107 -14.055534 -3.241254 -0.009064 -18.805582 0.02133 -0.421463 -8.463448 2.54872 -0.003733 -0.002794 0.0 -15.904063 -20.076851 -5.484259 30.375559 -7.201491 1.753245 0.004681 -8.15992 0.013549 -1.847386 -22.852966 -6.145528 0.008515 -0.006854 0.00224 -178.6772 -7.269616 -4.85431 14.842249 -0.106551 0.324761 -82.646591 0.110206 -9.352269 -5.285954 1.522571 2.120608 -1.0019 -0.002337 -0.000581 3.395953 -5.209267 -17.490847 14.826816 -0.097959 0.186272 -83.426872 -1.176478 -7.895477 -5.578005 0.621227 1.644853 -0.997548 0.001559 -9.1e-05 
0.0 0.0 0.0 0.0 -0.0 0.0 2.932396 99.123703 -24.247274 92.076019 -0.001978 -173.705475 -5.875796 0.91244 0.232016 -12.741174 -0.071061 0.628775 22.824997 -0.701151 -0.988403 18.638464 -1.927518 2.473036 -2.621073 -0.458515 -0.407452 -23.426577 -0.034257 -0.578938 0.000331 0.000689 0.002049 -0.049801 0.000184 -0.108291 -0.030699 0.069962 -0.095979 -0.021314 -0.076331 -0.146681 -147.368835 -63.155418 165.72464 26.436119 -42.130363 17.629276 35.894714 -0.336761 0.125733 -4.789053 -3.554887 -2.06529 17.650568 -26.360575 52.389336 -19.460896 -14.390913 29.386646 -0.006284 -8.762958 -0.005143 16.374811 -18.232916 6.179402 -0.607088 -1.791008 -3.89483 -4.787446 -11.055192 -2.934369 0.026717 -20.999578 0.002388 -5.000197 -25.059729 -3.994598 0.000534 -0.010957 0.003863 -10.617876 -5.676785 -3.572589 10.585381 -17.945139 -3.11563 -0.002212 -13.82206 0.012163 -0.500664 -31.18812 -3.990393 -11.396845 -59.929138 7.630445 -13.961087 -7.134684 -2.891611 13.765173 -8.416414 -3.203626 0.375163 -34.239006 0.782094 -0.959418 -17.735716 2.635102 0.002198 -0.007539 -0.005823 -17.319145 -20.086782 -4.212061 21.752934 -1.663177 3.856936 0.006102 -6.343626 0.001837 -1.692083 -22.598379 -6.179622 -0.001513 -0.010566 0.002667 22.778265 -64.423523 174.865936 12.554116 -47.944466 16.239668 41.383934 0.090846 0.188754 1.053609 -2.277527 17.608458 22.210348 -20.389929 49.984669 -16.685905 -16.735125 28.443008 0.015002 -12.683622 -0.00703 15.740212 -17.770338 3.040454 -0.089292 -1.508387 -4.266229 -5.050648 -5.61517 -2.972873 -0.007174 -11.017568 0.012466 -6.102826 -15.901355 -3.833066 0.005146 -0.005147 0.001694 -10.271289 -5.678256 -4.338952 11.016202 -11.290223 -2.379622 -1.389304 -14.226637 -6.295623 -0.62159 -26.883354 -3.817273 -4.801782 -49.239662 -2.965307 -13.70381 -7.363265 -3.713782 18.130024 -14.037319 -3.241259 -0.008462 -18.771442 -0.004477 -0.436567 -8.452253 2.562479 0.013223 0.004221 -9.9e-05 -15.908206 -20.09161 -5.491376 30.372892 -7.181329 1.744695 0.02159 -8.166448 0.010084 -1.868239 -22.823467 -6.169039 0.0 -0.0 0.0 -178.674896 -7.266387 -4.981519 15.089304 -0.105355 0.314075 -82.715057 -0.028248 -9.398238 -5.321134 1.532019 2.127536 -0.998704 0.001577 -0.000342 3.369391 -5.232228 -17.215687 14.9492 -0.093527 0.182231 -83.493332 -1.171153 -7.907979 -5.617308 0.621082 1.644526 -1.001263 -0.001944 -0.00131 
0.0 0.0 0.0 0.0 -0.0 0.0 2.918479 99.110016 -24.309332 92.17028 0.03949 -173.898026 -5.880807 0.939004 0.224094 -12.744488 -0.069256 0.603127 22.968193 -0.64195 -0.977697 18.625866 -1.928359 2.474777 -2.640888 -0.454136 -0.375549 -23.477762 -0.025385 -0.517113 0.0 0.000575 0.001392 -0.050229 0.000103 -0.10897 -0.026076 0.07193 -0.087608 -0.026109 -0.080032 -0.142997 -147.604645 -62.999275 166.000397 26.586178 -41.781895 18.088327 35.869057 -0.291311 0.133691 -4.773872 -3.550041 -2.076125 17.651361 -26.308477 52.410095 -19.455351 -14.407087 29.40642 -0.00272 -8.77008 -0.012803 16.420048 -18.274715 6.132262 -0.6046 -1.792196 -3.894434 -4.804553 -11.032722 -2.943565 -0.004601 -20.941715 0.007075 -5.030492 -25.010475 -4.037101 0.003831 -0.008756 0.003924 -10.636697 -5.682835 -3.55786 10.582376 -17.910625 -3.116185 0.008849 -13.827178 0.00497 -0.511537 -31.190178 -4.013729 -11.255633 -59.933662 7.497201 -13.985328 -7.140691 -2.86792 13.783924 -8.399661 -3.231583 0.345068 -34.198391 0.779586 -0.964932 -17.751169 2.618494 -0.006536 0.006431 0.005788 -17.340315 -20.08185 -4.199943 21.754581 -1.647473 3.852728 0.001028 -6.345481 0.00987 -1.681081 -22.534212 -6.175958 -0.000271 -0.010821 -0.009859 22.806288 -64.440384 174.974594 12.775145 -48.029308 16.324343 41.427147 0.115158 0.186701 1.001017 -2.366724 17.861628 22.236397 -20.429401 50.045753 -16.71347 -16.771591 28.535583 -0.00282 -12.716634 -0.003962 15.776952 -17.786991 3.033276 -0.100562 -1.515564 -4.266674 -5.045131 -5.615959 -2.96451 0.007049 -11.046188 0.013797 -6.111853 -15.911572 -3.857365 -0.003833 0.00181 0.001406 -10.295909 -5.686266 -4.328276 11.038087 -11.316838 -2.372665 -1.379815 -14.269848 -6.334997 -0.660734 -26.970785 -3.834182 -4.809646 -49.457413 -2.961624 -13.722619 -7.371271 -3.72639 18.158882 -14.068764 -3.22088 -0.005796 -18.800573 -0.010427 -0.425726 -8.472801 2.549199 0.009279 0.0004 -0.005061 -15.96345 -20.129723 -5.452768 30.477497 -7.196413 1.725283 0.003901 -8.191306 0.011807 -1.830741 -22.92449 -6.210392 -0.023472 -0.001362 0.003668 -178.605194 -7.286003 -5.112895 15.243516 -0.094661 0.295679 -82.760818 -0.143777 -9.380356 -5.367311 1.535746 2.124979 -0.998688 -0.001931 -0.001107 3.41889 -5.219656 -16.939737 14.954572 -0.094066 0.176645 -83.502556 -1.093497 -7.923365 -5.639233 0.623224 1.638929 -1.001341 0.001395 -0.000537 
0.0 0.0 0.0 0.0 -0.0 0.0 2.878382 99.096573 -24.357866 92.265694 0.094976 -174.143661 -5.900587 0.964987 0.23273 -12.760708 -0.072693 0.579496 23.096674 -0.58125 -0.964521 18.591171 -1.942908 2.468357 -2.645315 -0.453367 -0.340671 -23.444998 -0.025868 -0.454003 -3e-06 0.000526 0.001998 -0.055171 -0.001449 -0.124224 -0.027368 0.074166 -0.096018 -0.022807 -0.081916 -0.158149 -147.847977 -62.79615 166.311203 26.77046 -41.377575 18.462114 35.769325 -0.27233 0.172281 -4.805795 -3.6301 -2.139825 17.658411 -26.301916 52.407185 -19.468113 -14.389462 29.410286 -0.002499 -8.769287 -0.01139 16.482595 -18.252653 6.09251 -0.611424 -1.790824 -3.89677 -4.797178 -11.041435 -2.933571 0.01283 -20.961174 -0.004856 -4.996574 -25.016932 -4.02382 0.001095 0.003422 0.000248 -10.636791 -5.679801 -3.572047 10.580183 -17.911547 -3.091712 0.007342 -13.814196 -0.014998 -0.51556 -31.110809 -4.004068 -11.192555 -59.745865 7.498138 -13.98167 -7.141214 -2.884722 13.780343 -8.408047 -3.214908 0.377448 -34.21981 0.768807 -0.960778 -17.726847 2.636046 0.007414 -0.00348 0.000302 -17.33186 -20.076544 -4.215785 21.757416 -1.657432 3.863314 -0.001675 -6.325664 0.008571 -1.685062 -22.566139 -6.190474 -0.003535 0.00907 -0.0 22.730585 -64.319359 175.072739 12.900844 -47.963154 16.373781 41.358131 0.122888 0.171782 0.945351 -2.438472 18.107208 22.177622 -20.433865 49.999634 -16.687065 -16.748627 28.47921 0.007652 -12.702133 0.001396 15.735528 -17.77631 3.062526 -0.118161 -1.517343 -4.275987 -5.032737 -5.617502 -2.950067 -0.013519 -11.02424 0.00315 -6.131466 -15.902552 -3.837441 -0.002492 -0.006608 0.008224 -10.281873 -5.67678 -4.325269 11.013927 -11.297235 -2.37768 -1.385951 -14.228466 -6.290737 -0.634521 -26.904888 -3.820679 -4.865773 -49.296406 -2.865063 -13.720737 -7.367512 -3.710835 18.14436 -14.04448 -3.236704 -0.011823 -18.793947 0.002223 -0.426449 -8.46969 2.557645 -0.011495 0.000461 0.001188 -15.924386 -20.09338 -5.470521 30.418777 -7.207738 1.745008 0.004746 -8.151485 0.003033 -1.8684 -22.87125 -6.16436 -0.008674 -0.00139 0.004522 -178.567902 -7.32016 -5.273258 15.449596 -0.109763 0.301654 -82.950424 -0.302841 -9.414822 -5.418304 1.522416 2.119989 -0.995998 0.001063 -0.000161 3.40769 -5.203653 -16.677521 15.023149 -0.085937 0.168752 -83.42379 -0.999848 -7.856841 -5.684897 0.632527 1.640896 -0.997271 0.007574 0.000689 
0.0 0.0 0.0 0.0 -0.0 0.0 2.820211 99.082825 -24.351311 92.359718 0.153604 -174.390915 -5.910629 0.981 0.232277 -12.763064 -0.069025 0.554152 23.199215 -0.540523 -0.940866 18.563625 -1.96241 2.447871 -2.647009 -0.448064 -0.322519 -23.436272 -0.03679 -0.410261 -0.000124 0.000868 0.003419 -0.060456 -0.001177 -0.133149 -0.031064 0.073819 -0.098034 -0.026137 -0.083533 -0.165477 -148.02298 -62.581787 166.536575 26.874666 -41.082405 18.711384 35.647045 -0.245681 0.213735 -4.797853 -3.754542 -2.143039 17.6653 -26.311844 52.371082 -19.462481 -14.393671 29.374315 -0.002426 -8.772587 -0.000762 16.559443 -18.258726 6.096927 -0.604974 -1.795579 -3.893563 -4.810334 -11.041759 -2.923735 0.003968 -20.961887 -0.00116 -5.009507 -25.055067 -4.022183 -0.003448 0.002372 0.001069 -10.634521 -5.681795 -3.549945 10.577057 -17.925234 -3.115797 -0.001976 -13.809838 0.011123 -0.521178 -31.154055 -4.012494 -11.138276 -59.784401 7.432847 -13.982295 -7.149513 -2.867726 13.76773 -8.394275 -3.214998 0.344163 -34.190952 0.770543 -0.959451 -17.730434 2.619302 -0.00196 0.001344 -0.004487 -17.353247 -20.093515 -4.192704 21.765938 -1.635263 3.860862 -0.001531 -6.333232 0.01107 -1.698856 -22.608223 -6.192305 -0.006749 0.011214 -0.006021 22.732492 -64.203079 175.086533 13.008741 -47.948376 16.385021 41.358959 0.119585 0.210291 0.845854 -2.526916 18.328297 22.234316 -20.397951 49.974392 -16.735916 -16.757109 28.522036 -0.006246 -12.704593 0.004422 15.717515 -17.746876 3.096576 -0.091613 -1.499023 -4.283227 -5.047289 -5.632551 -2.956394 0.000908 -11.033299 -0.007832 -6.107908 -15.924282 -3.834248 -0.006956 0.010772 0.010604 -10.284269 -5.67501 -4.356782 11.047848 -11.337105 -2.366969 -1.390488 -14.265588 -6.323995 -0.604751 -26.988358 -3.849866 -4.800606 -49.421848 -2.902449 -13.705894 -7.360126 -3.732671 18.162533 -14.075289 -3.260509 -0.011528 -18.817957 0.029548 -0.419831 -8.479626 2.547009 0.00513 0.005791 0.014764 -15.916733 -20.113682 -5.470953 30.443428 -7.216521 1.719473 0.015387 -8.181082 0.012605 -1.837895 -22.92543 -6.198978 -0.004142 0.003671 0.00448 -178.536362 -7.392137 -5.409326 15.621696 -0.104143 0.289171 -83.091194 -0.437792 -9.442308 -5.431123 1.526891 2.124817 -0.996994 -0.002097 0.00063 3.346358 -5.161831 -16.412449 15.162919 -0.07373 0.159621 -83.508698 -0.924155 -7.792643 -5.690918 0.637848 1.642849 -0.997572 0.000758 -0.000363 
0.0 0.0 0.0 0.0 -0.0 0.0 2.71425 99.076065 -24.33551 92.450249 0.206339 -174.665741 -5.907815 0.99592 0.231849 -12.769918 -0.068159 0.543707 23.298141 -0.516291 -0.937946 18.545914 -1.987957 2.447032 -2.652474 -0.453209 -0.302774 -23.485422 -0.045479 -0.391195 -0.001032 0.001263 0.003708 -0.061461 -4.9e-05 -0.129564 -0.029909 0.077365 -0.097926 -0.021903 -0.084623 -0.163248 -148.359192 -62.381969 166.9021 27.010458 -40.829815 19.002089 35.53775 -0.168766 0.230464 -4.817084 -3.918356 -2.139734 17.65493 -26.351852 52.509792 -19.3965 -14.403642 29.401567 0.009865 -8.779126 -0.016323 16.530308 -18.292946 6.140537 -0.616667 -1.794249 -3.891352 -4.828908 -11.031919 -2.918545 -0.032692 -20.931128 0.012681 -5.063994 -24.987919 -4.058696 0.000245 0.00138 0.003467 -10.650324 -5.687392 -3.559648 10.559306 -17.884272 -3.09988 -0.014262 -13.808711 0.008416 -0.540559 -31.149637 -4.004889 -11.209721 -59.791641 7.476724 -14.006986 -7.153302 -2.871859 13.768666 -8.373623 -3.189868 0.302673 -34.131107 0.78365 -0.990599 -17.710382 2.634732 0.005589 -2.4e-05 0.002211 -17.393948 -20.091825 -4.193165 21.784864 -1.611409 3.894327 -0.009439 -6.334614 -0.007554 -1.754159 -22.587347 -6.17995 -0.000232 0.001706 0.003559 22.481728 -64.111076 175.388641 13.059441 -47.928459 16.421335 41.441437 0.210775 0.213848 0.769058 -2.591617 18.456745 22.203968 -20.401798 50.032429 -16.700312 -16.717039 28.510239 0.011109 -12.683392 -0.00861 15.722694 -17.744434 3.072176 -0.102465 -1.526356 -4.287365 -5.041749 -5.615419 -2.961926 -0.003261 -11.038238 -0.006909 -6.116271 -15.925731 -3.851905 0.008032 0.002462 0.002939 -10.282245 -5.699347 -4.368535 11.018286 -11.307189 -2.358954 -1.380869 -14.264842 -6.323664 -0.617862 -26.912594 -3.820063 -4.799044 -49.251652 -2.884524 -13.706683 -7.391171 -3.733689 18.120489 -14.057078 -3.237013 0.005004 -18.824356 -0.017451 -0.426942 -8.469354 2.538066 -0.006164 0.002818 0.004948 -15.922163 -20.140465 -5.498736 30.399666 -7.181923 1.747452 0.000772 -8.177503 -0.00523 -1.874775 -22.890629 -6.168406 -0.009146 0.003913 -0.014193 -178.513519 -7.455421 -5.554848 15.749687 -0.10124 0.274349 -83.092209 -0.529412 -9.473519 -5.40917 1.509168 2.117604 -0.999622 0.00102 0.000288 3.233813 -5.116238 -16.131445 15.324986 -0.07424 0.137621 -83.46978 -0.864427 -7.694227 -5.688517 0.638457 1.637693 -0.993969 -0.002711 0.000919 
0.0 0.0 0.0 0.0 -0.0 0.0 2.675456 99.080345 -24.290979 92.531815 0.255274 -174.932037 -5.912535 1.009692 0.223729 -12.750714 -0.057481 0.536122 23.352959 -0.517044 -0.942886 18.488573 -2.009832 2.43373 -2.658834 -0.485705 -0.28102 -23.435453 -0.032569 -0.417975 0.00068 0.000147 4.2e-05 -0.061193 -0.002709 -0.127801 -0.031193 0.078884 -0.089464 -0.031691 -0.08915 -0.163404 -148.497559 -62.172386 167.034607 27.156145 -40.606922 19.069338 35.39159 -0.213326 0.225667 -4.826749 -4.032791 -2.148762 17.65801 -26.332363 52.396233 -19.422178 -14.378769 29.363079 0.000224 -8.768187 0.001409 16.53256 -18.215458 6.124869 -0.610857 -1.789398 -3.890909 -4.814713 -11.044388 -2.91023 -0.009211 -20.95623 -0.001914 -5.03982 -25.016808 -4.014309 0.002027 0.002351 -0.005854 -10.637013 -5.685904 -3.558623 10.572792 -17.919752 -3.105778 -0.006808 -13.829495 0.008837 -0.526075 -31.201756 -4.003107 -11.368991 -59.952663 7.675416 -13.982363 -7.146573 -2.887943 13.769968 -8.392202 -3.200013 0.316558 -34.161465 0.803677 -0.959472 -17.732847 2.612 -0.0048 0.000686 -0.001253 -17.342512 -20.092773 -4.207572 21.743824 -1.635588 3.885214 0.001419 -6.346511 0.002042 -1.689965 -22.573503 -6.190186 -0.002286 0.0 0.006419 22.373938 -64.023544 175.48233 13.249885 -47.923138 16.251083 41.475811 0.193992 0.194657 0.718724 -2.646596 18.529943 22.213486 -20.405176 49.98032 -16.674707 -16.75346 28.48427 0.006095 -12.688335 -0.014988 15.63518 -17.728889 3.078288 -0.107038 -1.514452 -4.296504 -5.040204 -5.602671 -2.972006 -0.004271 -11.005244 0.009687 -6.113312 -15.894161 -3.844834 -0.001938 0.006663 -0.006645 -10.279803 -5.674663 -4.371723 11.018348 -11.286343 -2.34759 -1.373063 -14.214149 -6.339168 -0.649727 -26.877439 -3.810281 -4.693578 -49.101482 -2.954347 -13.704682 -7.355183 -3.752063 18.125256 -14.028644 -3.221121 -0.018293 -18.750751 0.012642 -0.416753 -8.453023 2.55936 -0.000935 -0.006007 -0.010378 -15.905769 -20.07865 -5.5029 30.398642 -7.199367 1.74287 0.007316 -8.155296 0.000676 -1.888154 -22.812939 -6.094619 0.0 -0.0 0.0 -178.352722 -7.525383 -5.706352 15.649711 -0.09644 0.27036 -83.011726 -0.667773 -9.519636 -5.357474 1.515568 2.121922 -0.99589 0.003601 0.000836 3.234611 -5.036501 -15.867414 15.29778 -0.064529 0.133394 -83.408409 -0.836905 -7.532871 -5.697574 0.651536 1.646715 -0.996928 -0.000321 -7.3e-05 
0.0 0.0 0.0 0.0 -0.0 0.0 2.618347 99.068314 -24.260506 92.61322 0.299462 -175.193253 -5.897914 1.016747 0.214785 -12.771596 -0.048558 0.530178 23.457481 -0.523264 -0.935246 18.467125 -2.031969 2.427322 -2.652559 -0.50174 -0.286567 -23.505562 -0.034406 -0.44854 -0.00119 -0.000516 0.001704 -0.065407 -0.001664 -0.128047 -0.031395 0.082508 -0.091518 -0.035062 -0.089934 -0.166884 -148.76532 -62.197239 167.274109 27.385408 -40.585262 19.038996 35.304119 -0.250038 0.251397 -4.818717 -4.11291 -2.211916 17.706068 -26.353966 52.478786 -19.509485 -14.382791 29.432095 -0.005878 -8.777686 -0.003038 16.55443 -18.175673 6.121819 -0.597778 -1.793679 -3.888173 -4.807148 -11.057601 -2.941942 0.016419 -21.001499 -0.010318 -5.003332 -25.074152 -4.020533 -0.007109 0.007072 -0.003585 -10.627383 -5.681278 -3.54804 10.604469 -17.953484 -3.134245 0.018416 -13.84512 -0.010601 -0.482125 -31.227444 -4.019088 -11.31321 -60.053246 7.727492 -13.985185 -7.144455 -2.891514 13.799927 -8.42751 -3.21976 0.389499 -34.291832 0.765523 -0.932641 -17.776403 2.637886 -0.001346 0.002971 -0.005597 -17.341789 -20.111673 -4.212927 21.779991 -1.655098 3.877609 0.01033 -6.353598 -9.3e-05 -1.687547 -22.60067 -6.213041 0.006161 -0.010207 -0.004365 22.382462 -64.149086 175.577789 13.418614 -47.992317 16.116856 41.638802 0.214105 0.212076 0.701912 -2.671294 18.559467 22.278727 -20.425556 50.003365 -16.740301 -16.761501 28.528309 0.001554 -12.708239 -0.010457 15.672288 -17.753712 3.091263 -0.098607 -1.52674 -4.28245 -5.04646 -5.613921 -2.976671 -0.000114 -11.03596 0.000863 -6.117481 -15.919619 -3.829779 -0.003002 -0.006506 -0.002884 -10.299356 -5.697887 -4.354463 11.052769 -11.325181 -2.359449 -1.381112 -14.26646 -6.324466 -0.607606 -26.961077 -3.83974 -4.710915 -49.319107 -3.002969 -13.727757 -7.376079 -3.749143 18.15674 -14.070933 -3.2333 0.005667 -18.810722 -0.000352 -0.42971 -8.47592 2.583407 0.007868 0.001544 -0.011748 -15.944874 -20.130459 -5.513884 30.463034 -7.234089 1.763373 0.017822 -8.190967 -0.009749 -1.859462 -22.916805 -6.171381 0.003505 -0.006068 -0.028113 -178.29422 -7.595806 -5.862956 15.768026 -0.091688 0.265279 -83.128685 -0.779523 -9.585704 -5.329247 1.522789 2.126117 -1.002357 -0.002394 -0.000622 3.144464 -5.002468 -15.63146 15.471627 -0.057871 0.120999 -83.362923 -0.762249 -7.398098 -5.725048 0.641842 1.644359 -0.99649 0.002858 0.000442 
0.0 0.0 0.0 0.0 -0.0 0.0 2.554366 99.07254 -24.274986 92.664642 0.341044 -175.445084 -5.887055 1.021346 0.215585 -12.795506 -0.044037 0.520653 23.556524 -0.520422 -0.936655 18.430624 -2.039817 2.42868 -2.659024 -0.518709 -0.273494 -23.541245 -0.053521 -0.479916 -0.001847 0.000867 -6.1e-05 -0.0654 0.001784 -0.128072 -0.029 0.083414 -0.091365 -0.045091 -0.086968 -0.163381 -148.954575 -61.984848 167.563599 27.532928 -40.379189 18.905281 35.201157 -0.260618 0.194217 -4.77815 -4.144779 -2.3276 17.64789 -26.214165 52.242599 -19.454615 -14.378378 29.353281 -0.005024 -8.764643 0.000611 16.529764 -18.140213 6.087983 -0.609101 -1.79452 -3.891732 -4.804279 -11.046224 -2.932377 0.011021 -20.971479 -0.014281 -5.020307 -25.029566 -4.010808 -0.002169 0.002543 0.003285 -10.62441 -5.683741 -3.562688 10.56323 -17.905216 -3.110744 -0.00098 -13.794195 0.001493 -0.483968 -31.110388 -4.046835 -11.208402 -59.713818 7.525603 -13.976053 -7.150084 -2.883184 13.764835 -8.40071 -3.198851 0.36085 -34.202412 0.743719 -0.938297 -17.737461 2.599597 -0.008015 0.0 0.001305 -17.318127 -20.088202 -4.208219 21.721355 -1.63338 3.864203 0.003125 -6.336056 0.005765 -1.691505 -22.579023 -6.178007 0.003017 0.001324 -0.009572 22.185831 -64.00016 175.789459 13.531366 -47.931763 15.896335 41.724327 0.242334 0.205281 0.678693 -2.677306 18.516634 22.189968 -20.266273 49.852829 -16.689234 -16.725042 28.431499 0.010743 -12.681178 0.010152 15.666164 -17.729067 3.042578 -0.10409 -1.514934 -4.293293 -5.043583 -5.616025 -2.933582 -0.006197 -11.03087 0.002698 -6.132537 -15.911177 -3.843812 -0.009908 0.00535 0.017792 -10.281198 -5.688308 -4.350624 11.018105 -11.307306 -2.345533 -1.395365 -14.24723 -6.311959 -0.638555 -26.945673 -3.845524 -4.588469 -49.266983 -3.12263 -13.712228 -7.374327 -3.713426 18.133097 -14.038269 -3.230581 -0.000263 -18.796549 -0.021175 -0.430988 -8.441351 2.53993 0.009002 -0.004501 0.000649 -15.925593 -20.120125 -5.473954 30.415884 -7.175951 1.749184 -0.008181 -8.175837 0.005019 -1.878264 -22.864874 -6.189393 -0.001369 -0.005382 0.0 -178.209229 -7.61706 -6.039488 15.766452 -0.097954 0.264735 -83.17067 -0.859892 -9.602515 -5.302017 1.494465 2.114241 -0.999056 0.011011 0.001368 3.112729 -4.970424 -15.419832 15.487781 -0.067531 0.122672 -83.436668 -0.683917 -7.400857 -5.776918 0.653404 1.642847 -0.996795 -0.000825 -0.00025 
0.0 0.0 0.0 0.0 -0.0 0.0 2.500212 99.076714 -24.245663 92.720779 0.378794 -175.687042 -5.87222 1.024153 0.186687 -12.78897 -0.032956 0.522096 23.652723 -0.523699 -0.917669 18.399 -2.057354 2.441047 -2.670896 -0.523768 -0.278435 -23.581976 -0.067556 -0.509432 -0.000103 0.000694 -0.001728 -0.063608 0.002155 -0.128067 -0.031921 0.08349 -0.088055 -0.036911 -0.084768 -0.165116 -149.213776 -61.800705 167.927063 27.803839 -40.156094 18.690405 35.129517 -0.271183 0.251567 -4.733802 -4.235718 -2.509846 17.597843 -26.29167 52.432594 -19.423326 -14.378954 29.38817 0.003967 -8.75768 -0.007435 16.550611 -18.127266 6.068503 -0.602006 -1.790612 -3.875638 -4.806329 -11.036339 -2.943347 -0.000833 -20.943203 -0.005641 -5.02289 -24.998234 -4.023428 0.002994 -0.004767 -0.004961 -10.620778 -5.682855 -3.557863 10.551269 -17.897861 -3.110133 0.005263 -13.803039 -0.011539 -0.503986 -31.160053 -4.042856 -11.15525 -59.785263 7.431201 -13.973981 -7.14642 -2.885098 13.763823 -8.391026 -3.193459 0.332662 -34.15554 0.758685 -0.954363 -17.713629 2.60216 -0.002776 -0.002811 -0.004399 -17.328587 -20.079691 -4.202865 21.731157 -1.635929 3.861687 0.003194 -6.322432 -0.015197 -1.676143 -22.594189 -6.186617 -0.008404 0.012814 0.004736 21.975842 -63.931889 176.04599 13.725414 -47.836121 15.601128 41.699398 0.2076 0.193329 0.710379 -2.694413 18.54961 22.193628 -20.306194 49.895821 -16.702965 -16.720943 28.458221 -0.000551 -12.679388 -0.013251 15.623826 -17.696228 3.092549 -0.085429 -1.510717 -4.286176 -5.045367 -5.610799 -2.967108 0.001554 -11.022581 -0.000502 -6.100107 -15.886312 -3.857085 0.005751 -0.006634 0.001338 -10.260891 -5.670663 -4.370501 11.014894 -11.299465 -2.365499 -1.382664 -14.223823 -6.335139 -0.605742 -26.878885 -3.844769 -4.561995 -49.008083 -3.050711 -13.693172 -7.373602 -3.749676 18.139013 -14.050808 -3.241192 0.004812 -18.781311 -0.012637 -0.418044 -8.448775 2.545249 -0.007055 -0.002903 -0.006301 -15.895727 -20.100849 -5.512603 30.419016 -7.214678 1.742463 0.003315 -8.14983 -0.021768 -1.834587 -22.874434 -6.195006 0.0 -0.0 0.0 -178.079803 -7.709859 -6.216253 15.714538 -0.103755 0.2621 -83.091789 -0.918781 -9.714414 -5.286124 1.513411 2.122688 -1.003381 0.0049 0.000454 3.064019 -4.927992 -15.251302 15.50061 -0.069343 0.125838 -83.310974 -0.5826 -7.339167 -5.787711 0.664072 1.64816 -1.000171 -0.003659 -0.001241 
0.0 0.0 0.0 0.0 -0.0 0.0 2.383888 99.080704 -24.179644 92.767525 0.408157 -175.930969 -5.863953 1.030289 0.198829 -12.787387 -0.022814 0.525314 23.731888 -0.54091 -0.927935 18.342499 -2.064831 2.449779 -2.676376 -0.524056 -0.297178 -23.590443 -0.060248 -0.524867 0.000746 -0.000484 -0.00012 -0.060995 0.001572 -0.126411 -0.034363 0.08155 -0.08795 -0.03978 -0.084461 -0.163775 -149.4431 -61.779621 168.124084 28.07785 -40.124531 18.670908 35.171124 -0.309096 0.248602 -4.709864 -4.301855 -2.660521 17.634325 -26.355268 52.444649 -19.469015 -14.41514 29.42535 0.001629 -8.780598 -0.000177 16.565556 -18.142939 6.085261 -0.617616 -1.797714 -3.883662 -4.80359 -11.047398 -2.94781 -0.000407 -20.98069 0.00949 -5.050412 -25.037851 -4.001672 0.008219 0.000122 -0.011763 -10.640514 -5.686193 -3.56546 10.574179 -17.924812 -3.102821 -0.006435 -13.832738 0.017405 -0.518571 -31.203894 -4.025038 -11.281975 -59.951023 7.510344 -13.993884 -7.150855 -2.869588 13.780778 -8.397085 -3.214312 0.350361 -34.222511 0.765105 -0.962083 -17.761398 2.615702 0.002834 -0.002637 0.020467 -17.348913 -20.093559 -4.207243 21.751799 -1.638528 3.873654 0.00124 -6.338819 0.006724 -1.692721 -22.614588 -6.202384 -0.003604 0.018899 -0.006151 21.91246 -64.052521 176.159134 14.016397 -47.897438 15.396493 41.6707 0.162156 0.172287 0.716955 -2.723484 18.471859 22.189493 -20.37027 49.935734 -16.700426 -16.735493 28.459299 0.000753 -12.678362 0.001955 15.627963 -17.676224 3.079713 -0.087816 -1.503173 -4.285367 -5.042726 -5.616209 -2.954026 0.002328 -11.018421 0.003991 -6.108143 -15.88444 -3.839187 -0.004721 0.010669 -3.5e-05 -10.275109 -5.6698 -4.355868 11.021635 -11.305627 -2.372524 -1.384897 -14.22203 -6.308218 -0.634986 -26.888403 -3.815308 -4.686799 -49.061382 -3.003565 -13.695781 -7.348522 -3.744805 18.144957 -14.070002 -3.24315 -0.000979 -18.801498 0.010372 -0.439493 -8.46304 2.547043 0.010215 -0.001636 -0.0 -15.906983 -20.092123 -5.492034 30.41889 -7.195656 1.749151 0.001212 -8.16447 -0.000696 -1.858858 -22.871878 -6.170375 -0.001253 0.003646 -0.00126 -178.040695 -7.697797 -6.391928 15.693058 -0.10205 0.274175 -82.997086 -0.992512 -9.692154 -5.30203 1.506857 2.122312 -0.998786 -0.001829 -0.000201 2.904392 -4.892767 -15.08052 15.674166 -0.069162 0.131368 -83.395401 -0.507113 -7.309145 -5.80257 0.671121 1.648721 -0.997337 -0.003176 -0.000565 
0.0 0.0 0.0 0.0 -0.0 0.0 2.253901 99.079964 -24.172541 92.796135 0.430504 -176.118896 -5.843402 1.04021 0.196977 -12.768838 -0.015487 0.525946 23.801678 -0.562437 -0.941842 18.312357 -2.053893 2.464994 -2.659124 -0.525214 -0.329835 -23.656576 -0.05772 -0.527637 -0.0 -0.00087 8.4e-05 -0.059992 0.0021 -0.129921 -0.016967 0.082266 -0.096439 -0.030234 -0.083058 -0.165125 -149.708069 -61.552574 168.470337 28.234028 -39.876041 18.622349 35.122593 -0.307876 0.224265 -4.694334 -4.404365 -2.74315 17.609444 -26.27195 52.325996 -19.44207 -14.389411 29.369776 0.005108 -8.76503 -0.008551 16.521408 -18.109331 6.057369 -0.608578 -1.794767 -3.88413 -4.803403 -11.03463 -2.917962 -0.000841 -20.946945 -0.006632 -5.010479 -25.034515 -4.016943 -0.001392 0.002531 0.002303 -10.623869 -5.679128 -3.543485 10.557017 -17.894194 -3.109212 0.008533 -13.790998 -0.012151 -0.516684 -31.112556 -4.012515 -11.163716 -59.677986 7.409404 -13.968176 -7.137482 -2.87722 13.75439 -8.39361 -3.20189 0.360045 -34.132847 0.766287 -0.950405 -17.697742 2.618589 -0.011437 0.006683 0.000143 -17.338043 -20.066511 -4.193432 21.749376 -1.641415 3.877708 -0.003484 -6.3175 -0.01247 -1.68919 -22.576254 -6.167758 -0.003276 0.009636 -0.008569 21.764383 -63.890068 176.30043 14.195428 -47.799156 15.227101 41.579632 0.174624 0.173182 0.755691 -2.733569 18.318178 22.163498 -20.364178 49.944393 -16.699667 -16.741196 28.475224 -0.011504 -12.699078 0.003058 15.632758 -17.669838 3.094949 -0.103746 -1.520981 -4.252243 -5.031191 -5.612767 -2.964775 0.005346 -11.011783 -0.022188 -6.121823 -15.903141 -3.827334 0.003007 0.005365 -0.008381 -10.280419 -5.67063 -4.338454 11.035549 -11.301941 -2.363699 -1.381894 -14.22694 -6.327386 -0.599625 -26.901346 -3.846807 -4.709101 -49.06432 -2.965308 -13.701525 -7.349835 -3.696644 18.151279 -14.038589 -3.25884 0.005501 -18.774801 -0.002236 -0.414896 -8.445181 2.551648 -0.000912 0.001574 -0.012701 -15.915836 -20.081068 -5.470491 30.412523 -7.185129 1.732087 0.015622 -8.163688 -0.00796 -1.889468 -22.815397 -6.129902 0.007471 -0.008203 -0.000578 -178.140808 -7.754052 -6.505207 15.796913 -0.099832 0.267127 -82.900032 -1.024191 -9.727584 -5.319721 1.514705 2.124634 -0.994931 -0.001518 2.7e-05 2.732613 -4.89742 -14.915909 15.839444 -0.066741 0.128853 -83.285988 -0.446008 -7.254304 -5.800252 0.668349 1.647819 -0.996245 -0.003187 -4.6e-05 
0.0 0.0 0.0 0.0 -0.0 0.0 2.143827 99.090202 -24.139456 92.833672 0.447476 -176.308884 -5.832691 1.050101 0.214898 -12.758637 -0.007335 0.519171 23.87532 -0.58532 -0.98217 18.292807 -2.047328 2.496105 -2.648902 -0.515086 -0.38758 -23.673859 -0.058922 -0.50076 0.001824 -0.000518 0.001731 -0.055699 0.002796 -0.125397 -0.017143 0.082851 -0.098037 -0.026034 -0.082729 -0.167345 -149.939362 -61.649002 168.646606 28.526508 -39.916149 18.682631 35.176434 -0.341385 0.225995 -4.766691 -4.522804 -2.824746 17.637995 -26.38287 52.438362 -19.463062 -14.392282 29.403688 -0.004747 -8.769423 0.007669 16.543388 -18.108313 6.086989 -0.589165 -1.78734 -3.894245 -4.80205 -11.047589 -2.923663 0.009211 -20.992664 0.009262 -5.020008 -25.038685 -3.989868 -0.006881 0.014374 -0.004998 -10.60856 -5.677089 -3.573416 10.567405 -17.948292 -3.103875 0.001245 -13.814684 0.012629 -0.477881 -31.204344 -4.022054 -11.300054 -59.918407 7.540499 -13.963485 -7.145667 -2.872494 13.770767 -8.414449 -3.216601 0.349555 -34.242897 0.783029 -0.960748 -17.747623 2.617978 0.003968 -0.002005 2e-05 -17.310629 -20.097044 -4.200029 21.750942 -1.660141 3.84281 0.003667 -6.341988 0.022262 -1.694085 -22.583845 -6.186782 -0.007858 -0.001738 0.003921 21.776258 -64.113792 176.405212 14.450946 -47.938313 15.089244 41.565247 0.16599 0.171123 0.744261 -2.76009 18.243109 22.200085 -20.402069 50.025723 -16.749321 -16.775755 28.558006 -0.007098 -12.710854 0.004448 15.681058 -17.685478 3.082277 -0.101404 -1.521475 -4.306288 -5.041595 -5.614204 -2.956214 -0.000259 -11.046878 0.004113 -6.108042 -15.934695 -3.844942 -0.008001 -0.008429 -0.003596 -10.277082 -5.685384 -4.361598 11.041075 -11.323223 -2.378121 -1.371032 -14.258295 -6.326587 -0.609854 -26.967037 -3.835191 -4.67333 -49.245598 -2.989112 -13.715865 -7.375153 -3.744394 18.177916 -14.087664 -3.247927 0.016271 -18.815519 -0.00365 -0.418031 -8.481777 2.566855 -0.000823 2.7e-05 -0.017871 -15.907675 -20.117929 -5.503014 30.440855 -7.207441 1.712086 0.004452 -8.179137 0.000914 -1.847079 -22.882563 -6.168105 0.003554 -0.00691 -0.003207 -178.113495 -7.782313 -6.631257 15.762644 -0.096318 0.272805 -82.932632 -1.072094 -9.800104 -5.371827 1.53175 2.129526 -0.999912 0.000749 -0.000847 2.620734 -4.884344 -14.818008 15.916086 -0.068738 0.141951 -83.361244 -0.353973 -7.23327 -5.794967 0.679919 1.651751 -0.996127 0.003272 0.000111 
0.0 0.0 0.0 0.0 -0.0 0.0 2.073121 99.10038 -24.178719 92.839691 0.460761 -176.447296 -5.819495 1.053879 0.225915 -12.764861 -0.010199 0.497021 23.957453 -0.595776 -0.982085 18.290115 -2.031002 2.502569 -2.648877 -0.5034 -0.422335 -23.717663 -0.076788 -0.469741 0.00028 0.000874 -0.000331 -0.054004 0.004006 -0.136869 -0.019573 0.080487 -0.101995 -0.017657 -0.077632 -0.172184 -150.174118 -61.438625 168.954712 28.698652 -39.754868 18.723747 35.234905 -0.308703 0.273856 -4.815988 -4.647401 -2.926929 17.65663 -26.266375 52.42178 -19.463276 -14.377233 29.370501 0.003382 -8.783912 -0.002569 16.554792 -18.158707 6.06225 -0.613807 -1.794536 -3.901188 -4.819825 -11.06233 -2.925695 -0.011732 -20.985971 -0.007593 -5.01574 -25.072985 -4.058217 0.0 -0.0 0.0 -10.647935 -5.698099 -3.55941 10.565814 -17.919439 -3.128753 -0.001359 -13.831825 -0.010959 -0.524497 -31.236792 -4.05448 -11.103519 -59.95657 7.274251 -14.003448 -7.164069 -2.866533 13.782393 -8.381469 -3.228635 0.322515 -34.212704 0.75379 -0.936216 -17.712643 2.601052 -0.002833 0.003108 0.0011 -17.378839 -20.124117 -4.190165 21.774797 -1.608647 3.872094 0.004823 -6.352993 -0.006139 -1.692275 -22.60277 -6.233865 -0.010749 0.009296 0.000846 21.658073 -63.946781 176.553986 14.584199 -47.832275 14.913725 41.479748 0.175587 0.181779 0.751624 -2.814587 18.14377 22.210299 -20.36591 49.973244 -16.711746 -16.746691 28.504435 -0.002514 -12.704287 -0.003683 15.731516 -17.663998 3.042978 -0.102328 -1.505121 -4.289635 -5.048378 -5.622962 -2.951514 -0.012765 -11.017971 -0.001742 -6.123184 -15.905684 -3.838852 0.003977 0.003369 -0.009945 -10.293711 -5.679748 -4.327787 11.032421 -11.303024 -2.407048 -1.388739 -14.263018 -6.309615 -0.621187 -26.953007 -3.821642 -4.677662 -49.247429 -3.04156 -13.729692 -7.371466 -3.736812 18.153877 -14.057485 -3.230639 -0.004416 -18.793341 -0.006631 -0.412571 -8.468384 2.546858 -0.0114 -0.00448 0.002811 -15.957429 -20.118423 -5.484407 30.471745 -7.196089 1.754139 -0.002835 -8.163788 -0.010301 -1.858621 -22.891195 -6.19159 -0.005065 -0.006227 0.000157 -178.110352 -7.764075 -6.735186 15.747754 -0.096579 0.265572 -82.854446 -1.107107 -9.798402 -5.403864 1.530265 2.125373 -0.991765 -0.001455 -0.000831 2.567327 -4.905772 -14.741612 15.898786 -0.067758 0.137073 -83.256905 -0.243954 -7.251199 -5.807791 0.67519 1.65234 -0.992775 0.006883 0.002127 
0.0 0.0 0.0 0.0 -0.0 0.0 2.000111 99.109932 -24.24371 92.84964 0.478159 -176.556061 -5.822578 1.059476 0.223242 -12.753592 -0.018966 0.48206 24.012314 -0.59594 -0.985257 18.258905 -2.033077 2.516162 -2.641684 -0.474933 -0.450957 -23.681486 -0.102066 -0.457211 5e-05 0.00035 0.000346 -0.052015 0.003106 -0.131544 -0.026166 0.075587 -0.098257 -0.026596 -0.075102 -0.164085 -150.331482 -61.283817 169.139709 28.851557 -39.649361 18.759598 35.180782 -0.328111 0.250047 -4.844973 -4.735259 -2.87453 17.61389 -26.337557 52.472477 -19.426399 -14.398642 29.383471 0.010826 -8.774301 0.012217 16.542479 -18.144848 6.070966 -0.608484 -1.789194 -3.893077 -4.817264 -11.041919 -2.932145 -0.032406 -20.975826 0.013649 -5.061129 -25.04228 -4.027143 -0.002527 0.007976 0.001543 -10.632915 -5.691528 -3.554086 10.545236 -17.87574 -3.095474 -0.022055 -13.796655 -0.00988 -0.527419 -31.14509 -4.035737 -11.114791 -59.646744 7.252961 -13.98567 -7.152545 -2.848928 13.768743 -8.375025 -3.215794 0.312342 -34.170261 0.765803 -0.968966 -17.735491 2.607707 -0.00583 -0.000121 -0.002944 -17.355185 -20.091862 -4.210759 21.744825 -1.61683 3.877065 -0.002847 -6.340156 0.01473 -1.714839 -22.575766 -6.204715 0.002269 0.00231 -0.005297 21.606817 -63.825661 176.609177 14.719823 -47.751484 14.738605 41.410049 0.14446 0.166732 0.723009 -2.834526 18.103495 22.195726 -20.368902 49.965694 -16.677631 -16.722626 28.482275 0.00333 -12.693803 -0.021955 15.684813 -17.648762 3.058906 -0.103148 -1.516601 -4.289397 -5.045814 -5.613973 -2.959963 -0.001026 -11.014406 -0.013005 -6.102071 -15.911922 -3.851555 -0.005416 -0.001449 0.009567 -10.282954 -5.689508 -4.351848 11.029664 -11.291864 -2.376281 -1.378515 -14.237365 -6.321086 -0.620246 -26.888756 -3.834861 -4.627003 -49.065979 -3.03542 -13.710043 -7.371181 -3.736978 18.148027 -14.031693 -3.254721 -0.005918 -18.795935 0.000566 -0.436116 -8.459519 2.559761 -0.000396 0.00447 -0.00447 -15.923485 -20.114267 -5.486166 30.409899 -7.154358 1.735302 -0.009682 -8.16077 -0.003545 -1.874676 -22.864677 -6.157335 -0.000458 0.008292 -0.004754 -178.137955 -7.733103 -6.811683 15.807647 -0.10283 0.262 -82.958549 -1.16663 -9.790903 -5.402485 1.521401 2.122287 -0.990042 -0.004623 -8.4e-05 2.536407 -4.932622 -14.67464 15.840305 -0.073464 0.148752 -83.123634 -0.15578 -7.301812 -5.792456 0.67675 1.646955 -0.996552 -0.002599 -0.001287 
0.0 0.0 0.0 0.0 -0.0 0.0 1.908561 99.114471 -24.303726 92.85495 0.501691 -176.654968 -5.831765 1.063304 0.202711 -12.736862 -0.030364 0.470879 24.063208 -0.596526 -0.960052 18.257809 -2.017525 2.513214 -2.652872 -0.464183 -0.464741 -23.696262 -0.115715 -0.47033 -4.9e-05 0.00031 0.001304 -0.051024 0.003884 -0.136804 -0.012604 0.072641 -0.107607 -0.018396 -0.072561 -0.170943 -150.434082 -61.318748 169.197556 29.126915 -39.763424 18.734665 35.214622 -0.422503 0.289737 -4.836185 -4.845657 -2.836442 17.684309 -26.367271 52.379623 -19.48942 -14.421593 29.375677 -0.013203 -8.783603 0.013493 16.491156 -18.089352 6.088426 -0.602939 -1.79499 -3.906315 -4.795796 -11.032587 -2.928852 0.035378 -20.992737 0.008624 -4.988587 -25.03825 -4.020648 -0.005827 0.0029 0.006252 -10.634921 -5.674736 -3.583157 10.605732 -17.937479 -3.098065 0.020666 -13.809834 0.014572 -0.485147 -31.163551 -3.969653 -11.394068 -59.715691 7.681923 -13.981459 -7.13294 -2.88867 13.794584 -8.413752 -3.230839 0.383522 -34.227253 0.801832 -0.972761 -17.734442 2.657419 -0.001555 0.008131 0.00656 -17.315178 -20.060932 -4.214721 21.751654 -1.673305 3.862393 0.013938 -6.330915 -0.008634 -1.664195 -22.560261 -6.16346 -0.002952 0.010363 0.005293 21.66362 -63.884945 176.580368 14.886973 -47.812256 14.697046 41.313068 0.100508 0.120197 0.699292 -2.892056 18.043188 22.198174 -20.382534 49.924625 -16.691021 -16.749695 28.45826 -0.010799 -12.690319 0.012256 15.686113 -17.619013 3.058962 -0.098179 -1.505076 -4.287708 -5.036637 -5.605541 -2.969814 0.002535 -11.016966 0.021806 -6.09978 -15.879536 -3.819947 0.003164 0.003064 -0.018154 -10.27806 -5.673004 -4.340174 11.036926 -11.308207 -2.375155 -1.376719 -14.234369 -6.323801 -0.642417 -26.923763 -3.80461 -4.663002 -49.040939 -3.011985 -13.705149 -7.3535 -3.736372 18.15575 -14.062724 -3.233016 0.002398 -18.780273 0.006734 -0.423856 -8.441863 2.555422 0.002087 -0.004557 -0.00655 -15.922561 -20.090263 -5.483609 30.449848 -7.210176 1.736979 0.008153 -8.157351 -0.011493 -1.887935 -22.833168 -6.145807 -0.00126 0.002476 -0.001544 -178.225418 -7.719603 -6.866753 15.913902 -0.098885 0.262587 -82.890228 -1.231708 -9.780082 -5.380203 1.531198 2.128138 -0.99649 -0.004423 -0.000253 2.528803 -4.977872 -14.593334 15.853558 -0.065729 0.137309 -83.106117 -0.087511 -7.367338 -5.796356 0.67043 1.647497 -0.993742 0.00088 0.001337 
0.0 0.0 0.0 0.0 -0.0 0.0 1.811988 99.113174 -24.350828 92.869347 0.520231 -176.772064 -5.85091 1.062054 0.215571 -12.741289 -0.039811 0.461662 24.137558 -0.592862 -0.974988 18.302212 -1.988101 2.52769 -2.656724 -0.465197 -0.449555 -23.787359 -0.138225 -0.497289 -9.1e-05 -0.000435 0.001822 -0.052571 0.002851 -0.130286 -0.024331 0.070373 -0.104656 -0.025595 -0.072722 -0.167351 -150.558334 -61.266232 169.351669 29.29417 -39.725956 18.83371 35.278633 -0.362714 0.284787 -4.876147 -4.94116 -2.76694 17.687109 -26.390509 52.495964 -19.499138 -14.44004 29.456612 -0.001542 -8.780733 0.001926 16.56913 -18.115086 6.099486 -0.606674 -1.793348 -3.882783 -4.822201 -11.064745 -2.940724 0.004278 -21.03434 0.005316 -5.036616 -25.083523 -4.040944 0.011754 -0.007931 0.007372 -10.6443 -5.690457 -3.554042 10.576941 -17.934809 -3.096048 0.010468 -13.838435 -0.012359 -0.514695 -31.191628 -4.019795 -11.299733 -59.826046 7.537531 -14.00215 -7.151693 -2.863797 13.791299 -8.402596 -3.216028 0.329626 -34.203747 0.811637 -0.964439 -17.730461 2.629174 0.002396 0.004404 0.003369 -17.364958 -20.104942 -4.204245 21.789206 -1.646813 3.883207 -0.008737 -6.349811 0.001075 -1.715045 -22.629345 -6.199968 0.011038 -0.009294 -0.000322 21.545017 -63.842812 176.718979 14.897243 -47.781921 14.732045 41.36171 0.117118 0.143349 0.652782 -2.918982 17.966887 22.214251 -20.420088 49.99192 -16.712933 -16.767111 28.495325 -0.012436 -12.709768 0.003362 15.701077 -17.669683 3.039805 -0.097138 -1.506891 -4.272048 -5.040769 -5.613688 -2.962178 0.004865 -11.036343 0.004165 -6.104972 -15.915032 -3.848738 0.005621 0.001546 -0.009475 -10.276667 -5.668215 -4.353829 11.033657 -11.310929 -2.366765 -1.3906 -14.246461 -6.307049 -0.643289 -26.942112 -3.806584 -4.72437 -49.153587 -3.031087 -13.714293 -7.355747 -3.739674 18.162062 -14.058404 -3.241173 -0.006902 -18.801107 0.008493 -0.444895 -8.438064 2.579567 0.010484 -0.014401 -0.009253 -15.910545 -20.082571 -5.479228 30.420153 -7.20581 1.71599 0.000316 -8.162465 0.004019 -1.878467 -22.849325 -6.133327 -0.00777 0.007933 0.014336 -178.320404 -7.625332 -6.919774 16.076565 -0.099969 0.243136 -83.028656 -1.29863 -9.716252 -5.347009 1.535368 2.129744 -0.996064 -0.004417 -0.000871 2.409022 -5.005527 -14.5412 15.963777 -0.069166 0.14097 -82.998291 -0.033901 -7.362697 -5.764306 0.657081 1.645504 -0.999277 0.004507 -0.000187 
0.0 0.0 0.0 0.0 -0.0 0.0 1.75931 99.105316 -24.393892 92.864548 0.536041 -176.855515 -5.862521 1.049145 0.21614 -12.739511 -0.045862 0.452941 24.187422 -0.593322 -0.982505 18.311876 -1.941862 2.534264 -2.646317 -0.468288 -0.437649 -23.834955 -0.141006 -0.506752 -8.2e-05 0.000869 -0.0 -0.052733 0.003413 -0.143305 -0.0276 0.069279 -0.111468 -0.02857 -0.072327 -0.168986 -150.616592 -61.214813 169.408768 29.405481 -39.721359 18.905916 35.31155 -0.349042 0.302628 -4.873097 -4.977119 -2.748876 17.692926 -26.320076 52.455067 -19.457449 -14.383495 29.411427 0.006183 -8.766008 -0.019528 16.603786 -18.065729 6.059202 -0.614798 -1.797547 -3.896769 -4.807799 -11.044706 -2.935771 0.010771 -20.999918 0.006747 -5.024154 -25.070354 -4.028594 0.003981 -0.012004 -0.003014 -10.641026 -5.684833 -3.566881 10.580702 -17.92152 -3.091513 0.005375 -13.827484 -0.004227 -0.487459 -31.209238 -4.033396 -11.378164 -59.912685 7.604647 -13.997434 -7.146246 -2.884688 13.790443 -8.413183 -3.196387 0.358065 -34.254269 0.766759 -0.960378 -17.735195 2.618693 0.009981 0.000275 0.002703 -17.362312 -20.106199 -4.217041 21.787489 -1.641611 3.891883 0.006555 -6.352367 -0.00432 -1.707536 -22.606876 -6.20931 0.005608 -0.001212 -0.001936 21.439882 -63.713181 176.786835 14.862131 -47.666447 14.801166 41.352001 0.153626 0.098646 0.62486 -2.922553 17.819935 22.168087 -20.341619 49.906754 -16.726406 -16.727386 28.448679 -0.000154 -12.682915 -0.004458 15.716018 -17.660509 3.016971 -0.105883 -1.518065 -4.253942 -5.035553 -5.632136 -2.951319 -0.000424 -11.031096 0.001004 -6.092702 -15.926367 -3.854765 -0.005563 -0.002399 -0.001561 -10.274572 -5.689801 -4.308769 11.021566 -11.310834 -2.384878 -1.386585 -14.266075 -6.326537 -0.631723 -26.953856 -3.838295 -4.629601 -49.198807 -3.151053 -13.706774 -7.36654 -3.697511 18.133995 -14.069953 -3.249906 0.016485 -18.814562 -0.020033 -0.435228 -8.447402 2.557142 0.006305 -0.024609 -0.004509 -15.917633 -20.115343 -5.464854 30.416174 -7.218894 1.729392 -0.003585 -8.173242 -0.003443 -1.850837 -22.900721 -6.187751 -0.009337 0.006969 -0.010058 -178.445847 -7.629386 -6.938712 16.257469 -0.089637 0.24499 -83.101715 -1.329224 -9.680982 -5.32814 1.521288 2.129339 -0.993265 0.002507 0.001932 2.284284 -5.034539 -14.478453 16.072723 -0.068696 0.137812 -83.055649 0.004453 -7.351844 -5.732217 0.665587 1.650582 -0.995729 -0.005417 -0.001775 
0.0 0.0 0.0 0.0 -0.0 0.0 1.680651 99.116898 -24.410412 92.856644 0.546402 -176.92157 -5.878583 1.038186 0.229126 -12.740177 -0.04133 0.457135 24.237217 -0.601901 -0.99473 18.315813 -1.886435 2.52572 -2.64325 -0.486339 -0.420588 -23.833252 -0.124985 -0.527008 -0.001774 0.000482 -0.00051 -0.052521 -0.000441 -0.150429 -0.021395 0.07148 -0.120082 -0.0257 -0.075967 -0.183175 -150.681747 -61.120808 169.488129 29.471128 -39.653679 19.018034 35.365902 -0.273312 0.283819 -4.887702 -5.019509 -2.72324 17.687647 -26.25226 52.365562 -19.441431 -14.363633 29.369373 0.010742 -8.775499 -0.008191 16.666809 -18.086411 5.99145 -0.605644 -1.801198 -3.879992 -4.804071 -11.050331 -2.935838 -0.001868 -20.978565 -0.019311 -5.018235 -25.087727 -4.042674 0.00014 0.009149 0.002802 -10.644367 -5.696362 -3.549999 10.573821 -17.91398 -3.123191 0.004071 -13.830511 -0.012858 -0.5019 -31.180361 -4.046456 -11.225622 -59.82946 7.423539 -13.993946 -7.15896 -2.879896 13.784526 -8.397761 -3.206876 0.345228 -34.193649 0.768579 -0.934957 -17.738749 2.585237 -0.007626 0.002961 0.009192 -17.370991 -20.121342 -4.208302 21.770344 -1.626076 3.894832 -0.004245 -6.346674 0.004101 -1.688486 -22.590111 -6.234766 -0.001688 0.00737 -0.012083 21.457378 -63.644577 176.776428 14.926746 -47.64238 14.742456 41.35046 0.172716 0.108998 0.576295 -2.93524 17.674088 22.185326 -20.331429 49.878956 -16.65119 -16.689795 28.423262 0.009661 -12.682266 -0.013431 15.726183 -17.655975 2.994041 -0.096677 -1.521174 -4.261244 -5.030295 -5.613375 -2.96787 -0.0149 -11.009396 0.002716 -6.10657 -15.893085 -3.844333 0.003015 -0.000357 0.012414 -10.267797 -5.686854 -4.337951 11.005673 -11.291893 -2.355059 -1.396708 -14.224236 -6.297202 -0.626391 -26.897144 -3.844938 -4.624589 -49.068932 -3.21341 -13.689252 -7.368915 -3.719134 18.097996 -14.028011 -3.231855 0.002833 -18.767357 0.001008 -0.431556 -8.434465 2.528005 -0.014777 0.001808 0.008404 -15.911267 -20.099266 -5.469624 30.380737 -7.167362 1.749072 -0.014878 -8.151414 -0.010894 -1.85778 -22.841068 -6.169475 0.005293 -0.015655 6e-06 -178.481598 -7.68776 -6.970448 16.246944 -0.095091 0.242507 -82.959328 -1.299803 -9.767231 -5.298669 1.527006 2.12922 -1.0026 -0.004538 -0.001178 2.216329 -5.043249 -14.46235 16.044281 -0.074472 0.133232 -82.99192 0.05516 -7.347859 -5.733677 0.666123 1.65311 -0.995967 0.000936 -0.000175 
0.0 0.0 0.0 0.0 -0.0 0.0 1.616695 99.107895 -24.412745 92.838959 0.556543 -176.966095 -5.883703 1.029705 0.236257 -12.773343 -0.035326 0.46212 24.297968 -0.615947 -1.010004 18.313986 -1.832056 2.522365 -2.624113 -0.504889 -0.427924 -23.826851 -0.102344 -0.522314 0.000495 -0.000331 -3.9e-05 -0.047975 -0.001107 -0.152663 -0.015156 0.071567 -0.123463 -0.014513 -0.078678 -0.191023 -150.74675 -61.095081 169.550797 29.485445 -39.645962 19.011114 35.370064 -0.281595 0.292006 -4.836435 -4.995316 -2.714477 17.652416 -26.245836 52.335953 -19.477453 -14.376058 29.38348 0.002343 -8.776417 0.001813 16.690912 -18.050323 5.983435 -0.610434 -1.796652 -3.887777 -4.810131 -11.052916 -2.930822 -0.005213 -20.991549 -0.007476 -4.992641 -25.03454 -4.069013 0.005684 -0.01128 0.001084 -10.634889 -5.687889 -3.555581 10.582347 -17.938931 -3.129384 0.010944 -13.83866 -0.02429 -0.485865 -31.191668 -4.069845 -11.167444 -59.913612 7.387611 -13.986279 -7.157762 -2.85978 13.766342 -8.394288 -3.234822 0.370431 -34.216232 0.744642 -0.945012 -17.725836 2.586293 -0.008011 0.006421 0.013552 -17.355499 -20.110165 -4.18169 21.753771 -1.622129 3.867018 -0.006344 -6.331903 -0.004741 -1.688024 -22.578939 -6.225411 -0.009637 -0.003849 -0.003808 21.384115 -63.614975 176.846878 14.99933 -47.665306 14.68115 41.401604 0.211139 0.074899 0.585345 -2.954589 17.464579 22.199575 -20.268984 49.849701 -16.671038 -16.73885 28.432501 0.013141 -12.699787 -4.6e-05 15.738573 -17.692177 2.973794 -0.0889 -1.508994 -4.250448 -5.060662 -5.624374 -2.929763 -0.002953 -11.0122 -0.019953 -6.13325 -15.901603 -3.840032 0.004016 -0.006315 0.008549 -10.284954 -5.683182 -4.310099 11.012251 -11.287017 -2.36666 -1.410978 -14.21869 -6.326271 -0.649838 -26.910732 -3.84107 -4.545576 -49.039742 -3.301429 -13.707255 -7.363465 -3.701205 18.12542 -14.034735 -3.220617 -0.015536 -18.769194 -0.016349 -0.445697 -8.457498 2.548428 0.003232 0.002783 -6.5e-05 -15.964408 -20.112513 -5.428308 30.434753 -7.152282 1.756247 -0.000445 -8.156356 0.000133 -1.877554 -22.846041 -6.182463 0.0 0.008627 0.005573 -178.61499 -7.704651 -7.003349 16.404802 -0.100631 0.253156 -82.98539 -1.272256 -9.749663 -5.283917 1.521992 2.125973 -0.992193 -0.00458 -0.000196 2.060622 -5.083161 -14.461615 16.214041 -0.078057 0.128387 -83.041153 0.118094 -7.342716 -5.748804 0.675928 1.6551 -1.0032 0.004126 0.000519 
0.0 0.0 0.0 0.0 -0.0 0.0 1.602447 99.106514 -24.508291 92.822266 0.560199 -176.972855 -5.882472 1.025349 0.231319 -12.77591 -0.024368 0.484289 24.305775 -0.642837 -1.020891 18.313276 -1.784959 2.516788 -2.632315 -0.505824 -0.45919 -23.822096 -0.084724 -0.521289 0.001321 -0.000153 -0.001164 -0.046331 -0.000199 -0.154323 -0.007963 0.076251 -0.124009 -0.014137 -0.082862 -0.182698 -150.818832 -60.992989 169.63768 29.568125 -39.597752 19.020828 35.365723 -0.289416 0.296177 -4.775409 -4.953129 -2.621414 17.723066 -26.205561 52.182701 -19.449104 -14.354269 29.287518 0.008823 -8.767878 -0.001295 16.633396 -18.023184 5.975935 -0.609077 -1.802002 -3.877119 -4.813339 -11.046964 -2.942451 -0.006882 -20.988567 -0.003131 -5.023836 -25.055201 -4.041642 -0.006831 0.017612 0.002803 -10.637683 -5.699318 -3.548366 10.564524 -17.909904 -3.106007 0.000461 -13.819364 -0.001848 -0.487872 -31.171368 -4.027717 -11.242615 -59.742157 7.483943 -13.987352 -7.156814 -2.870319 13.762568 -8.40143 -3.20579 0.358609 -34.215405 0.747151 -0.976693 -17.721014 2.634254 0.005381 0.006348 0.007315 -17.35434 -20.108545 -4.205962 21.749437 -1.635132 3.897054 0.003947 -6.337503 -0.00474 -1.703888 -22.581322 -6.178362 0.005926 -0.010955 -0.012008 21.373522 -63.497017 176.834488 15.104499 -47.635033 14.650067 41.313843 0.213268 0.08277 0.589692 -2.961872 17.316744 22.14394 -20.323013 49.866291 -16.651121 -16.705929 28.419577 0.005966 -12.674307 -0.008586 15.707036 -17.621262 3.005677 -0.105324 -1.504828 -4.25513 -5.018495 -5.607247 -2.961663 -0.006191 -11.012051 0.010424 -6.10252 -15.883762 -3.822137 0.002434 0.009018 -0.009571 -10.266025 -5.668694 -4.330256 11.003716 -11.300779 -2.36575 -1.381661 -14.253749 -6.3238 -0.63651 -26.953526 -3.831479 -4.585927 -49.174553 -3.205043 -13.682343 -7.35702 -3.695226 18.102112 -14.033199 -3.247578 0.001086 -18.781567 -0.007259 -0.434546 -8.451379 2.550392 -0.005287 2.4e-05 -0.006328 -15.897136 -20.082811 -5.448469 30.361471 -7.172709 1.725878 0.011897 -8.158799 -0.009159 -1.870159 -22.865452 -6.15097 -0.00684 0.004226 0.002599 -178.697983 -7.65738 -7.051597 16.535181 -0.100478 0.265854 -83.02739 -1.239516 -9.671328 -5.269373 1.512121 2.127073 -0.99268 0.001829 0.000576 2.006438 -5.09372 -14.478456 16.182224 -0.077047 0.129455 -83.014595 0.136838 -7.348794 -5.786175 0.682038 1.655581 -0.999885 0.004323 -0.000263 
0.0 0.0 0.0 0.0 -0.0 0.0 1.552735 99.109993 -24.589455 92.798096 0.556356 -176.960007 -5.892682 1.013069 0.214267 -12.777922 -0.013464 0.504333 24.335747 -0.670438 -1.015118 18.317617 -1.753806 2.51162 -2.634049 -0.512842 -0.490317 -23.823774 -0.068147 -0.516223 -0.000487 -0.000871 0.000533 -0.046728 -0.000737 -0.157379 -0.010155 0.077152 -0.128916 -0.009173 -0.084858 -0.192515 -150.972733 -60.991718 169.830154 29.643915 -39.492146 18.981232 35.348293 -0.316099 0.300756 -4.780223 -4.958584 -2.54291 17.650854 -26.281549 52.37672 -19.444609 -14.390005 29.375452 0.009779 -8.782628 -0.010044 16.617889 -18.048193 6.01461 -0.611072 -1.790157 -3.909497 -4.828691 -11.059108 -2.914418 -0.0244 -20.980928 0.005853 -5.032939 -25.061182 -4.059386 -0.013684 0.008478 0.004046 -10.645519 -5.696608 -3.552979 10.557415 -17.925325 -3.100253 -0.008559 -13.817306 -0.003266 -0.542401 -31.167154 -4.013295 -11.172723 -59.665874 7.407952 -13.991694 -7.172565 -2.866067 13.76283 -8.387881 -3.197421 0.33375 -34.267361 0.724237 -0.97614 -17.745802 2.627302 -0.005324 -0.003668 0.0 -17.37973 -20.121115 -4.196817 21.760799 -1.620533 3.881352 -0.002642 -6.337116 0.010968 -1.71928 -22.618883 -6.238167 -0.004655 -0.000715 0.007691 21.294533 -63.539387 176.977341 15.212208 -47.713818 14.642978 41.320446 0.31794 0.117936 0.591088 -2.955331 17.092634 22.19273 -20.323627 49.904579 -16.702557 -16.729954 28.456179 0.004292 -12.690087 -0.01505 15.730987 -17.638603 3.000097 -0.091607 -1.503198 -4.279391 -5.048877 -5.631259 -2.94635 -0.010048 -11.021917 -0.014892 -6.139317 -15.913799 -3.831077 -0.0016 -0.004303 -0.002335 -10.288039 -5.689248 -4.334291 11.034535 -11.297995 -2.380188 -1.413157 -14.251657 -6.310286 -0.598644 -26.95079 -3.886725 -4.596368 -49.141788 -3.169925 -13.709506 -7.367177 -3.707791 18.13698 -14.05789 -3.24491 -0.002405 -18.807314 -0.007645 -0.420815 -8.453736 2.538273 -0.000736 -0.007619 -0.000905 -15.934145 -20.120462 -5.47863 30.420706 -7.189302 1.752582 0.00101 -8.159387 -0.016067 -1.888448 -22.844389 -6.146682 0.00294 -0.000775 0.006851 -178.882751 -7.585048 -7.061971 16.65564 -0.096978 0.265948 -83.202728 -1.230019 -9.582595 -5.256734 1.505677 2.121861 -0.996792 -0.001307 -2.4e-05 1.946524 -5.12149 -14.490725 16.159847 -0.069852 0.141717 -82.886139 0.088357 -7.374534 -5.794766 0.704458 1.660269 -0.996018 0.001538 0.000369 
0.0 0.0 0.0 0.0 -0.0 0.0 1.481219 99.115768 -24.613312 92.785912 0.55033 -176.951553 -5.883664 1.00297 0.201598 -12.774527 -0.006359 0.521595 24.337648 -0.701518 -1.000709 18.316805 -1.750769 2.523794 -2.655535 -0.509575 -0.52212 -23.823139 -0.057781 -0.525622 -0.000487 -0.000635 -0.000667 -0.048298 -0.00211 -0.165519 -0.011886 0.079555 -0.133683 -0.007198 -0.086045 -0.200534 -151.058426 -60.971905 169.921005 29.683746 -39.456234 18.923594 35.27021 -0.377156 0.288912 -4.798546 -4.945712 -2.467128 17.613287 -26.291376 52.41684 -19.469448 -14.411362 29.388874 0.00447 -8.773218 0.010998 16.557428 -18.023262 5.988159 -0.59864 -1.797314 -3.871429 -4.808907 -11.047728 -2.93601 -0.000723 -20.948385 -0.034748 -5.025579 -25.029434 -4.025969 -0.017857 0.017564 0.001245 -10.627161 -5.68818 -3.543626 10.580574 -17.923275 -3.119523 0.001567 -13.821897 -0.001659 -0.4988 -31.164654 -4.027392 -11.158924 -59.66671 7.443407 -13.974078 -7.146192 -2.838854 13.776071 -8.391414 -3.251764 0.354762 -34.187576 0.794122 -0.975165 -17.727556 2.622222 0.006604 0.009461 0.007389 -17.348047 -20.095329 -4.170151 21.765129 -1.626664 3.854784 -0.00119 -6.335582 -0.000255 -1.684628 -22.565947 -6.208691 0.004808 -0.0 0.004706 21.243053 -63.49268 177.016983 15.292771 -47.707291 14.691776 41.290543 0.365279 0.130969 0.564806 -2.977172 16.907187 22.19492 -20.340826 49.981186 -16.688925 -16.740435 28.481321 0.00869 -12.68571 -0.001715 15.73359 -17.639404 2.983619 -0.098737 -1.516473 -4.269843 -5.043256 -5.618145 -2.956779 -0.000147 -11.022259 0.006561 -6.1092 -15.909232 -3.856367 -0.004754 -0.001284 0.009508 -10.288467 -5.696996 -4.332188 11.022269 -11.294062 -2.366919 -1.396882 -14.239723 -6.32649 -0.648551 -26.917862 -3.826935 -4.55108 -49.05423 -3.157535 -13.715198 -7.387055 -3.710271 18.124258 -14.021482 -3.230678 -0.012965 -18.782415 -0.022454 -0.440352 -8.442258 2.546313 -0.003005 -0.002824 0.0 -15.957357 -20.126947 -5.448655 30.435406 -7.148482 1.749724 0.011924 -8.157336 -0.018761 -1.869261 -22.853666 -6.164 0.002103 -0.006072 0.006847 -178.965958 -7.564657 -7.038447 16.685907 -0.097827 0.275874 -83.107559 -1.221352 -9.555673 -5.221818 1.493215 2.120522 -1.002178 0.002261 2.1e-05 1.880365 -5.14738 -14.497777 16.181763 -0.065151 0.137152 -82.904053 0.093576 -7.440212 -5.817674 0.700535 1.656155 -0.996707 -0.001192 0.00013 
0.0 0.0 0.0 0.0 -0.0 0.0 1.375058 99.112427 -24.628227 92.77198 0.546572 -176.946411 -5.883449 0.997384 0.201517 -12.761802 0.000408 0.542681 24.349966 -0.735282 -0.992834 18.293711 -1.743348 2.5445 -2.656653 -0.519197 -0.528379 -23.824965 -0.042393 -0.579555 -0.000561 -0.000153 0.000596 -0.050172 -0.001236 -0.162625 -0.018855 0.079488 -0.136055 -0.017701 -0.086602 -0.194358 -151.096283 -60.960041 169.931183 29.732527 -39.416092 19.00304 35.232193 -0.392393 0.27448 -4.804373 -4.948241 -2.385341 17.646948 -26.294264 52.404575 -19.468866 -14.403283 29.432228 0.003431 -8.77985 -0.000923 16.614538 -18.07513 6.004507 -0.615949 -1.801146 -3.897638 -4.81234 -11.058258 -2.939297 -0.008552 -21.006411 -0.002158 -5.042405 -25.083673 -4.021154 -0.0 0.004829 -0.003931 -10.647411 -5.704206 -3.554705 10.583877 -17.934986 -3.123924 -0.013743 -13.833584 -0.009513 -0.522027 -31.259144 -4.054431 -11.174286 -59.918663 7.304943 -14.002831 -7.164383 -2.877577 13.787416 -8.393358 -3.209083 0.339638 -34.234634 0.762769 -0.968743 -17.72109 2.608294 -0.00077 -0.005807 -0.00646 -17.377079 -20.125185 -4.181473 21.781574 -1.614488 3.86713 -0.007176 -6.342561 -0.022396 -1.716845 -22.621712 -6.198159 -0.000702 -0.004446 0.000444 21.217756 -63.510052 177.064972 15.438684 -47.734604 14.664042 41.182644 0.369931 0.126763 0.528927 -3.001154 16.795078 22.201145 -20.293644 49.844795 -16.665237 -16.728958 28.394331 0.013188 -12.685108 -0.021143 15.701791 -17.645378 3.003446 -0.099651 -1.508457 -4.264353 -5.037206 -5.616897 -2.9562 -0.008443 -11.01012 -0.014508 -6.134568 -15.887061 -3.803006 0.000171 0.001692 -0.001159 -10.287694 -5.68103 -4.331635 11.024859 -11.289603 -2.357144 -1.412498 -14.220715 -6.310393 -0.66635 -26.865093 -3.824624 -4.549429 -48.975189 -3.201439 -13.714922 -7.366626 -3.704093 18.13443 -14.038632 -3.235528 -0.00688 -18.778336 -0.010654 -0.417436 -8.458786 2.551767 -0.006323 -0.006163 -0.003476 -15.945666 -20.101923 -5.44878 30.42268 -7.168048 1.739782 0.001499 -8.171552 -0.005649 -1.890651 -22.858498 -6.161483 0.011223 0.008771 -0.013663 -179.106644 -7.553086 -6.981169 16.852678 -0.09787 0.248527 -83.063217 -1.223809 -9.543509 -5.193871 1.495047 2.128404 -1.002564 0.001916 -0.000591 1.75153 -5.185358 -14.481669 16.346794 -0.062731 0.128922 -82.954384 0.085663 -7.471186 -5.803897 0.701685 1.657517 -0.997481 -0.001169 0.000817 
0.0 0.0 0.0 0.0 -0.0 0.0 1.326011 99.111122 -24.632362 92.761551 0.548384 -176.94632 -5.8692 0.995254 0.208902 -12.749844 0.000634 0.54777 24.347921 -0.766961 -0.969271 18.249638 -1.745579 2.556984 -2.64835 -0.517354 -0.543184 -23.843121 -0.040242 -0.612025 0.000863 -0.000194 0.002186 -0.049099 -0.00251 -0.157457 -0.028351 0.078276 -0.136246 -0.025056 -0.087125 -0.184433 -151.164597 -60.974453 169.976028 29.76004 -39.373573 19.021751 35.131706 -0.42315 0.28866 -4.824669 -4.93819 -2.401081 17.618092 -26.334398 52.467564 -19.47917 -14.392906 29.416197 -0.003477 -8.767231 -0.002836 16.576851 -18.045614 6.01819 -0.595248 -1.793114 -3.87851 -4.810931 -11.054309 -2.966633 -0.015874 -21.002953 0.014194 -5.026989 -25.0716 -4.051709 -0.003923 -0.003507 0.003896 -10.618725 -5.685165 -3.561178 10.568681 -17.928141 -3.124761 -0.02152 -13.820233 -0.000715 -0.494337 -31.186354 -4.025935 -11.298466 -59.76783 7.500022 -13.973701 -7.150777 -2.885305 13.772558 -8.401724 -3.19739 0.358518 -34.217514 0.747018 -0.979993 -17.707554 2.635767 0.00012 -0.003651 -0.007301 -17.32922 -20.108334 -4.226323 21.737238 -1.628214 3.885798 0.005522 -6.340899 -0.009086 -1.70823 -22.586037 -6.183968 -0.003023 0.004841 -0.007834 21.146183 -63.523315 177.164078 15.645786 -47.747772 14.640944 41.049217 0.390443 0.115607 0.455538 -2.995517 16.72394 22.156105 -20.34585 49.916332 -16.671255 -16.740171 28.487629 0.012294 -12.672556 -0.013398 15.725857 -17.650286 3.006313 -0.104374 -1.505056 -4.284228 -5.035233 -5.608864 -2.955616 -0.004568 -11.008173 0.016433 -6.109962 -15.88048 -3.843292 -0.001436 0.012281 0.001408 -10.278302 -5.673878 -4.350533 11.009573 -11.289392 -2.346651 -1.372209 -14.22253 -6.329113 -0.661251 -26.882099 -3.818463 -4.538048 -49.011299 -3.165394 -13.694985 -7.358664 -3.723325 18.108917 -14.026588 -3.223748 0.001346 -18.768377 -0.004792 -0.426608 -8.451778 2.560029 0.004238 -0.010189 -0.0 -15.913466 -20.095001 -5.480089 30.386217 -7.172668 1.761237 0.009193 -8.150091 0.007569 -1.859646 -22.838865 -6.18169 -0.00482 0.00244 0.00515 -179.198349 -7.540739 -6.949993 16.947037 -0.099578 0.261143 -83.223679 -1.261859 -9.556349 -5.17306 1.487112 2.126203 -1.000122 -0.003999 0.000452 1.665534 -5.196096 -14.496259 16.403841 -0.064544 0.127331 -82.883469 0.077984 -7.477473 -5.793187 0.701926 1.658803 -0.997112 0.002166 0.001556 
0.0 0.0 0.0 0.0 -0.0 0.0 1.262702 99.112518 -24.61978 92.754364 0.550514 -176.955063 -5.851477 0.997721 0.215959 -12.74961 -0.004239 0.553948 24.378857 -0.796074 -0.94575 18.23889 -1.752856 2.551183 -2.661618 -0.508069 -0.538342 -23.909864 -0.052103 -0.616108 -0.000447 0.000419 -0.002426 -0.051859 -0.000342 -0.154032 -0.036622 0.076588 -0.132403 -0.030157 -0.083979 -0.175546 -151.179169 -61.006321 169.941208 29.811663 -39.413219 19.086721 35.111073 -0.441718 0.313855 -4.843254 -4.93738 -2.420819 17.698713 -26.300535 52.40554 -19.450836 -14.390651 29.375555 0.00244 -8.787751 0.004563 16.561186 -18.037716 5.945476 -0.617182 -1.798042 -3.894893 -4.818094 -11.054834 -2.939111 -0.017788 -20.993172 0.006161 -5.051899 -25.059313 -4.066216 0.005764 -0.006906 0.007875 -10.659466 -5.697159 -3.568504 10.578202 -17.928663 -3.102707 -0.006016 -13.814218 0.001163 -0.527564 -31.19276 -4.016877 -11.287516 -59.659081 7.455676 -14.016166 -7.156611 -2.855693 13.805541 -8.403274 -3.234653 0.356607 -34.251656 0.777511 -0.980407 -17.733795 2.642963 0.005321 0.010044 0.004642 -17.37648 -20.114908 -4.198538 21.776012 -1.630327 3.878678 -0.005432 -6.336634 -0.004734 -1.722318 -22.579662 -6.20045 0.003056 -0.0048 0.007882 21.182468 -63.597347 177.160721 15.837014 -47.814526 14.640874 40.904449 0.391095 0.134051 0.415378 -3.013419 16.664936 22.158873 -20.336601 49.867992 -16.640163 -16.703186 28.406511 0.000846 -12.664127 0.005455 15.721746 -17.599382 2.993556 -0.100308 -1.504428 -4.28598 -5.02776 -5.615198 -2.924505 -0.003147 -11.012043 -0.00066 -6.09954 -15.881711 -3.850095 0.000705 -0.003388 0.00141 -10.256755 -5.666905 -4.332762 10.996956 -11.289998 -2.384028 -1.384823 -14.237182 -6.289951 -0.618136 -26.908527 -3.84346 -4.623292 -49.047146 -3.102206 -13.689015 -7.353745 -3.719692 18.12114 -14.034602 -3.221763 -0.014572 -18.770655 -0.007869 -0.426628 -8.450043 2.563681 -0.00312 -0.003092 0.002848 -15.893399 -20.067966 -5.473206 30.370499 -7.189587 1.751383 -0.002952 -8.156539 -0.010677 -1.857335 -22.867842 -6.17116 -0.00862 0.007935 -1e-06 -179.269531 -7.53869 -6.930175 16.976213 -0.100276 0.249469 -83.071068 -1.265799 -9.549127 -5.166422 1.495726 2.125402 -0.999526 0.005585 0.001115 1.579836 -5.216672 -14.535155 16.478729 -0.073273 0.124251 -82.929199 0.133285 -7.522063 -5.774381 0.710399 1.659301 -0.993464 -0.003781 -0.000127 
0.0 0.0 0.0 0.0 -0.0 0.0 1.236522 99.119278 -24.664593 92.73996 0.554771 -176.972549 -5.844014 0.998641 0.234305 -12.75055 -0.005635 0.556533 24.379269 -0.819747 -0.931218 18.207218 -1.780421 2.537004 -2.642828 -0.488594 -0.531437 -23.904678 -0.069027 -0.569549 -0.000549 0.000823 -0.000514 -0.05593 0.001254 -0.142438 -0.037105 0.075963 -0.12237 -0.036357 -0.079712 -0.172791 -151.228897 -60.907734 169.981049 29.716507 -39.269543 19.169527 34.935417 -0.439541 0.309598 -4.855849 -4.923989 -2.440775 17.579556 -26.259441 52.377102 -19.419155 -14.364602 29.372471 0.004972 -8.757459 0.009633 16.518421 -18.006546 5.950784 -0.60669 -1.794613 -3.869814 -4.802567 -11.024869 -2.937178 -0.012018 -20.908224 2.5e-05 -4.990277 -24.976788 -4.032822 -0.0 -0.000569 0.000771 -10.618245 -5.676699 -3.554502 10.548239 -17.886955 -3.091281 -0.003619 -13.793495 -0.006778 -0.534252 -31.134544 -4.025154 -11.042328 -59.45026 7.19072 -13.955846 -7.144151 -2.871346 13.737032 -8.373991 -3.213422 0.299184 -34.102539 0.810708 -0.952688 -17.691187 2.592686 0.005531 -8.7e-05 0.001957 -17.320171 -20.066151 -4.198168 21.717201 -1.620182 3.871753 -0.007952 -6.321636 -0.014884 -1.712033 -22.564192 -6.163293 0.002451 0.015556 -0.010395 21.1089 -63.570919 177.217957 16.026659 -47.795788 14.63909 40.814686 0.418413 0.133697 0.395615 -3.016657 16.650938 22.131641 -20.355799 49.925793 -16.661722 -16.731262 28.462381 0.005229 -12.668754 0.001314 15.748224 -17.654455 3.034018 -0.102034 -1.508967 -4.291818 -5.034205 -5.613961 -2.93429 -0.011569 -11.003855 0.000415 -6.111312 -15.89047 -3.850073 -0.002389 -0.006294 0.008808 -10.259624 -5.676163 -4.340133 10.996994 -11.279661 -2.387995 -1.383063 -14.220652 -6.314232 -0.629908 -26.896671 -3.82967 -4.567309 -49.000599 -3.15087 -13.67247 -7.362134 -3.717417 18.093241 -14.023137 -3.250231 -0.01242 -18.779209 -0.011203 -0.454242 -8.445728 2.565024 -0.009457 0.012011 0.006395 -15.886942 -20.079706 -5.480756 30.350824 -7.160342 1.730669 0.008259 -8.158085 -0.007719 -1.864082 -22.800304 -6.165352 0.007746 -0.018105 -0.001722 -179.322418 -7.532312 -6.929884 17.009026 -0.10071 0.255632 -83.160286 -1.281497 -9.564157 -5.17431 1.480947 2.118554 -1.000251 -0.000637 0.000396 1.552032 -5.218751 -14.580594 16.413675 -0.074759 0.127779 -82.8508 0.164352 -7.520833 -5.74641 0.705083 1.659849 -0.996849 0.002628 0.000544 
0.0 0.0 0.0 0.0 -0.0 0.0 1.188166 99.127541 -24.702204 92.727921 0.557183 -176.996765 -5.840078 0.994289 0.255685 -12.759659 -0.009479 0.567824 24.401407 -0.840496 -0.925802 18.224829 -1.795173 2.521517 -2.641282 -0.478611 -0.523665 -23.968342 -0.095552 -0.515579 -0.000476 -0.000314 1e-05 -0.057201 0.000875 -0.141966 -0.036792 0.075389 -0.117113 -0.035615 -0.076334 -0.167699 -151.214676 -60.955254 169.956177 29.768837 -39.332054 19.169056 34.910053 -0.470348 0.343469 -4.84267 -4.9077 -2.44416 17.691578 -26.270359 52.349968 -19.449614 -14.382273 29.39304 -0.006537 -8.785454 0.001798 16.534266 -18.006021 5.923161 -0.621047 -1.80336 -3.890233 -4.803792 -11.035487 -2.942857 0.018474 -20.960741 -0.00856 -5.03588 -25.017122 -4.038296 0.009675 -0.008051 0.000882 -10.652138 -5.688034 -3.567494 10.577571 -17.912134 -3.103273 0.008305 -13.83599 -0.001451 -0.452927 -31.153135 -4.029251 -11.191591 -59.557186 7.420801 -13.991821 -7.141401 -2.877071 13.77102 -8.400315 -3.217587 0.367047 -34.190498 0.763208 -0.931159 -17.733009 2.602567 -0.005843 0.000827 0.005029 -17.36183 -20.082369 -4.203555 21.769932 -1.66119 3.869057 -0.000697 -6.326196 -0.011927 -1.698705 -22.578856 -6.201586 0.002708 -0.001202 -0.011639 21.141218 -63.611683 177.19368 16.174557 -47.843967 14.666443 40.755676 0.40586 0.172811 0.385389 -3.000077 16.539234 22.181339 -20.305876 49.847267 -16.666386 -16.711306 28.409174 0.008938 -12.675632 -0.009932 15.73604 -17.637918 3.002031 -0.110736 -1.524727 -4.257243 -5.030783 -5.604864 -2.946474 0.00134 -11.015871 -0.010711 -6.110129 -15.890949 -3.837298 -0.002571 0.009583 -0.008511 -10.278871 -5.677804 -4.340206 11.018517 -11.302075 -2.34354 -1.383163 -14.235143 -6.333607 -0.615149 -26.900597 -3.831753 -4.645553 -49.083103 -3.046981 -13.700847 -7.361686 -3.695565 18.120949 -14.034418 -3.236792 0.00424 -18.788378 -0.001287 -0.427935 -8.451622 2.556203 -0.004196 0.007182 -0.00819 -15.927624 -20.094519 -5.454295 30.399744 -7.179693 1.76078 -0.003445 -8.151653 -0.009981 -1.891724 -22.824375 -6.141034 0.007307 -0.005478 -0.00124 -179.359116 -7.530657 -6.926851 17.0135 -0.09103 0.23905 -83.015167 -1.310773 -9.570315 -5.232352 1.487851 2.116204 -0.988784 -0.003835 -0.001062 1.530895 -5.321855 -14.609382 16.372683 -0.07291 0.124632 -82.72554 0.269031 -7.619986 -5.744789 0.699373 1.655683 -1.003456 0.009355 0.001392 
0.0 0.0 0.0 0.0 -0.0 0.0 1.174944 99.129372 -24.717852 92.712204 0.558977 -176.998474 -5.838437 0.980248 0.261076 -12.761991 -0.006949 0.587326 24.44138 -0.85983 -0.928848 18.268103 -1.816734 2.515152 -2.648856 -0.49192 -0.504907 -24.0411 -0.095508 -0.504043 -0.000401 -0.001168 7e-06 -0.058506 0.000392 -0.141368 -0.03487 0.074551 -0.120649 -0.037125 -0.077591 -0.173203 -151.330734 -60.974583 170.030945 29.736158 -39.299408 19.297871 34.77166 -0.438349 0.337897 -4.793633 -4.929829 -2.520392 17.657404 -26.335608 52.531239 -19.444714 -14.375943 29.41643 0.006599 -8.771107 -0.012168 16.559935 -18.04468 5.991446 -0.601581 -1.791834 -3.89018 -4.821636 -11.0542 -2.935827 -0.017519 -20.98208 -0.013127 -5.039876 -25.058876 -4.057116 0.00093 -0.009344 0.003581 -10.635173 -5.697252 -3.563757 10.552955 -17.906349 -3.09911 -0.013068 -13.824508 -0.006973 -0.517944 -31.13802 -4.0545 -11.083829 -59.619274 7.241434 -13.988921 -7.165219 -2.862021 13.762301 -8.386261 -3.234188 0.334496 -34.232609 0.766831 -0.946405 -17.741011 2.612697 -0.004631 0.000284 0.007754 -17.368382 -20.122583 -4.190961 21.751057 -1.60896 3.866156 -0.006469 -6.33641 -0.01382 -1.710947 -22.601351 -6.223476 -0.00229 0.0 0.00474 21.174807 -63.668968 177.169449 16.271696 -47.899361 14.744982 40.764229 0.40501 0.183292 0.372032 -3.005268 16.541424 22.218245 -20.380529 49.937355 -16.660839 -16.750446 28.435648 0.003156 -12.679652 -0.000781 15.7452 -17.671812 3.024069 -0.111457 -1.521131 -4.263587 -5.040939 -5.615777 -2.958326 -0.008346 -11.013476 -0.0032 -6.125207 -15.900105 -3.83095 -0.000577 -0.003285 0.00823 -10.2862 -5.681893 -4.329242 11.019542 -11.302572 -2.366292 -1.388185 -14.244693 -6.321842 -0.636012 -26.931082 -3.832022 -4.655367 -49.210922 -3.090653 -13.710111 -7.360944 -3.714588 18.125669 -14.040264 -3.236069 -0.001253 -18.786749 0.033998 -0.435963 -8.437922 2.558854 0.001236 -0.002879 -0.008493 -15.936489 -20.09944 -5.472891 30.41762 -7.182511 1.759955 -0.0066 -8.16958 0.005498 -1.879085 -22.847452 -6.153241 -0.008602 -0.008889 -0.012403 -179.41539 -7.522153 -6.915852 17.033192 -0.095301 0.236796 -82.952278 -1.340665 -9.603286 -5.274048 1.503976 2.118341 -0.995859 -0.000454 -0.000503 1.507384 -5.336169 -14.599427 16.365332 -0.059046 0.11089 -82.688164 0.30039 -7.622163 -5.773272 0.704154 1.65399 -0.99027 -0.00333 0.001435 
0.0 0.0 0.0 0.0 -0.0 0.0 1.180543 99.129456 -24.693424 92.707687 0.559872 -177.003693 -5.838806 0.965018 0.267437 -12.767529 -0.004273 0.607466 24.440016 -0.87692 -0.937564 18.255608 -1.844878 2.523149 -2.628134 -0.500596 -0.494778 -24.067013 -0.070374 -0.511028 0.0 0.001497 0.000324 -0.059852 0.001915 -0.156706 -0.025964 0.075689 -0.132644 -0.02438 -0.077456 -0.191568 -151.315063 -60.931374 170.009232 29.726818 -39.308918 19.331289 34.621712 -0.447994 0.326253 -4.724093 -4.947978 -2.559847 17.622686 -26.376072 52.465233 -19.486649 -14.394262 29.428453 -0.001 -8.775569 -0.005529 16.582384 -18.068449 5.992929 -0.612133 -1.801597 -3.890151 -4.799804 -11.043593 -2.929941 0.005932 -20.989752 0.00771 -5.028224 -25.029057 -4.034839 -0.001617 -0.015776 0.008555 -10.629185 -5.693736 -3.553988 10.571997 -17.922766 -3.125204 -0.004978 -13.828156 0.008518 -0.47988 -31.186989 -4.037109 -11.174469 -59.655407 7.437156 -13.967595 -7.148188 -2.855611 13.761572 -8.403839 -3.241465 0.345261 -34.215698 0.78711 -0.948667 -17.717293 2.618403 -0.006927 0.003267 0.009702 -17.326601 -20.09972 -4.195258 21.734322 -1.645885 3.848454 0.007123 -6.34645 -0.011487 -1.706366 -22.624632 -6.211958 0.008693 -0.009117 0.004739 21.179438 -63.660034 177.105011 16.370138 -47.966564 14.653872 40.76173 0.349796 0.145795 0.330003 -3.006121 16.520355 22.169935 -20.374249 49.917435 -16.68589 -16.766293 28.457144 -0.011881 -12.683299 0.005004 15.723721 -17.645584 2.998597 -0.100382 -1.519671 -4.246754 -5.035449 -5.602255 -2.969263 0.008972 -11.022875 -0.006786 -6.104325 -15.893073 -3.823284 0.005536 0.0 -0.008504 -10.271342 -5.663531 -4.312542 11.019028 -11.302488 -2.374554 -1.365255 -14.21565 -6.313669 -0.609302 -26.907997 -3.822859 -4.692001 -49.188969 -2.964913 -13.695214 -7.343877 -3.699175 18.13419 -14.041999 -3.246764 0.012535 -18.781445 0.015256 -0.43622 -8.440855 2.562379 0.006239 -0.007506 -0.0 -15.907206 -20.054235 -5.451941 30.407698 -7.201133 1.728986 0.007912 -8.1647 0.002554 -1.85013 -22.850969 -6.141987 -0.010155 -0.001949 -0.009446 -179.326965 -7.524386 -6.913384 17.010643 -0.088733 0.221816 -83.058365 -1.356566 -9.630675 -5.316671 1.511569 2.123533 -1.003775 0.00544 0.000767 1.495174 -5.321776 -14.56558 16.375778 -0.044545 0.103968 -82.638321 0.29784 -7.593526 -5.797534 0.705232 1.654238 -0.992668 -0.00302 0.000182 
0.0 0.0 0.0 0.0 -0.0 0.0 1.148317 99.129395 -24.634392 92.700294 0.559086 -177.01593 -5.845372 0.957135 0.275904 -12.767461 -0.000686 0.62837 24.459532 -0.898566 -0.938863 18.26997 -1.873949 2.522691 -2.630119 -0.512856 -0.47953 -24.066525 -0.059866 -0.517581 -2e-05 -0.000199 0.001855 -0.057274 -0.002002 -0.165013 -0.015446 0.076197 -0.136276 -0.020322 -0.085151 -0.19841 -151.352264 -60.921429 170.046646 29.751003 -39.255165 19.362318 34.568966 -0.447507 0.323296 -4.687971 -4.972266 -2.609656 17.630854 -26.372993 52.509396 -19.434853 -14.380911 29.418331 0.0005 -8.770763 -0.009026 16.593307 -18.089375 6.008482 -0.601281 -1.791177 -3.902477 -4.809808 -11.035777 -2.927432 0.004286 -20.964891 -0.002007 -5.026013 -25.014574 -4.006285 0.000867 -0.006676 -0.004344 -10.623867 -5.685781 -3.56249 10.562916 -17.911274 -3.111505 -0.003878 -13.820793 -0.0054 -0.518938 -31.193089 -4.011075 -11.201275 -59.744965 7.442939 -13.983533 -7.151848 -2.873056 13.779643 -8.402017 -3.229667 0.342176 -34.19677 0.794704 -0.96826 -17.716112 2.626112 -0.003209 -0.005792 0.007199 -17.322754 -20.090727 -4.205693 21.731705 -1.643732 3.856417 0.008231 -6.345865 -0.001099 -1.703404 -22.564339 -6.179308 0.000893 -0.003179 -0.01059 21.194107 -63.658669 177.069168 16.424198 -47.959511 14.559651 40.830856 0.327033 0.109841 0.30719 -3.00399 16.516653 22.166245 -20.310083 49.85807 -16.681004 -16.719746 28.425352 0.006308 -12.682899 -0.004767 15.724711 -17.645203 3.009812 -0.105667 -1.521265 -4.241579 -5.034403 -5.605862 -2.972026 -0.002415 -11.018517 0.002062 -6.106928 -15.891019 -3.857822 0.0 -0.0 0.0 -10.28275 -5.674599 -4.329058 11.025092 -11.296571 -2.366455 -1.389321 -14.218335 -6.308414 -0.608148 -26.920406 -3.83055 -4.668557 -49.186867 -2.985455 -13.707453 -7.356586 -3.69653 18.135187 -14.030505 -3.241539 0.001413 -18.767124 0.000443 -0.422982 -8.442931 2.544554 0.003063 -0.001574 0.002005 -15.930194 -20.089447 -5.44612 30.417137 -7.179723 1.748754 -0.009372 -8.15402 -0.015644 -1.853456 -22.847397 -6.180369 -0.008609 -0.005572 -0.00296 -179.347824 -7.556947 -6.91359 16.990326 -0.095065 0.213795 -83.008995 -1.363861 -9.673086 -5.357926 1.486629 2.116156 -0.995928 0.000298 -0.000764 1.369638 -5.248289 -14.54491 16.466028 -0.039812 0.090658 -82.728897 0.282375 -7.510509 -5.839649 0.707713 1.656403 -0.992405 -0.006345 -0.002212 
0.0 0.0 0.0 0.0 -0.0 0.0 1.133087 99.120232 -24.620611 92.7015 0.562515 -177.036804 -5.850256 0.950993 0.267399 -12.767499 0.006636 0.650797 24.486874 -0.920494 -0.950282 18.297819 -1.905041 2.533335 -2.647638 -0.526511 -0.474647 -24.08382 -0.047629 -0.496773 -0.000423 -0.000162 -0.001299 -0.057399 -0.00403 -0.175056 -0.007094 0.078469 -0.142317 -0.011555 -0.088767 -0.206377 -151.421036 -60.996193 170.066147 29.74581 -39.266903 19.415236 34.541023 -0.445334 0.322618 -4.666115 -5.026562 -2.629887 17.679329 -26.339106 52.490341 -19.480488 -14.40659 29.425373 -0.002741 -8.782622 -0.006981 16.635855 -18.115128 5.956977 -0.597152 -1.789273 -3.891328 -4.818184 -11.063663 -2.935653 0.015161 -21.009964 -0.005261 -5.013372 -25.065994 -4.041132 0.006737 -0.008592 -1e-06 -10.63858 -5.683366 -3.565433 10.585847 -17.961308 -3.125285 0.010119 -13.844931 0.014826 -0.4981 -31.245907 -4.041371 -11.260047 -59.922905 7.487955 -13.995934 -7.141967 -2.86726 13.799303 -8.421816 -3.223353 0.354657 -34.261162 0.763595 -0.965118 -17.759378 2.648842 -0.005564 -0.005446 -0.012629 -17.362463 -20.122131 -4.206962 21.787855 -1.647764 3.874435 0.000926 -6.358288 0.006834 -1.703591 -22.635883 -6.210569 -0.004887 -0.005459 0.002517 21.215557 -63.786385 177.074219 16.498056 -48.073627 14.46559 40.880768 0.24849 0.142745 0.292254 -3.00367 16.548027 22.189692 -20.40131 49.944164 -16.691471 -16.744087 28.469738 -0.005574 -12.695537 0.00965 15.748078 -17.670492 3.017416 -0.105338 -1.525892 -4.25728 -5.022152 -5.603976 -2.967745 -0.007243 -11.01061 -0.0066 -6.113473 -15.892202 -3.834683 0.002957 -0.00738 0.000221 -10.284825 -5.667198 -4.334221 11.043086 -11.314743 -2.365899 -1.366014 -14.241646 -6.3221 -0.581729 -26.91148 -3.805065 -4.619347 -49.216156 -3.014077 -13.717142 -7.355634 -3.711923 18.168655 -14.068459 -3.24606 0.000528 -18.812189 0.01186 -0.445064 -8.445824 2.575612 0.013584 -0.01116 -0.001723 -15.921625 -20.079138 -5.459365 30.421181 -7.221451 1.734528 0.020433 -8.172077 -0.002871 -1.846797 -22.831049 -6.141128 0.012641 -0.002438 0.000816 -179.3927 -7.575746 -6.913296 17.076736 -0.090663 0.209538 -83.040649 -1.395669 -9.681617 -5.361027 1.493691 2.116616 -1.002953 0.003116 -0.000808 1.296859 -5.265681 -14.542658 16.581255 -0.039624 0.089062 -82.84005 0.313235 -7.538217 -5.850817 0.705639 1.65708 -0.996059 0.000293 -0.001249 
0.0 0.0 0.0 0.0 -0.0 0.0 1.094405 99.129204 -24.586508 92.717949 0.56587 -177.074234 -5.857031 0.952153 0.261547 -12.778985 0.006484 0.665761 24.539404 -0.93894 -0.957309 18.325588 -1.944787 2.550579 -2.652615 -0.550673 -0.455749 -24.090034 -0.005161 -0.470702 0.000486 0.000327 0.001304 -0.052345 -0.004293 -0.181955 -0.003205 0.081237 -0.149769 -0.007047 -0.093949 -0.217035 -151.399994 -61.017296 170.007019 29.721722 -39.245853 19.505846 34.492603 -0.43107 0.319836 -4.674646 -5.06563 -2.641839 17.675951 -26.31805 52.46748 -19.439108 -14.390452 29.384157 -0.004645 -8.773973 -0.008015 16.59902 -18.100685 5.942359 -0.591735 -1.789772 -3.899996 -4.814145 -11.053543 -2.927145 0.00869 -20.976641 -0.001182 -5.010679 -25.013748 -4.03043 0.001965 -0.003733 0.003576 -10.631386 -5.691544 -3.554462 10.587114 -17.921471 -3.13641 0.000702 -13.846861 0.006596 -0.5156 -31.196325 -4.017878 -11.205487 -59.866779 7.441456 -13.981391 -7.150656 -2.859946 13.777672 -8.401657 -3.222582 0.352982 -34.254276 0.7748 -0.950561 -17.757509 2.613167 -0.001984 -0.00054 -0.003053 -17.359791 -20.108566 -4.190981 21.780674 -1.639691 3.870393 -0.002468 -6.335555 -0.010022 -1.697418 -22.577553 -6.174768 -0.002981 -0.007056 -0.003207 21.226482 -63.831306 177.080551 16.528236 -48.132256 14.390751 40.954773 0.273333 0.110201 0.298516 -3.045858 16.580086 22.198193 -20.372328 49.980995 -16.701035 -16.752363 28.463514 -0.001721 -12.692377 -0.007756 15.749713 -17.701145 2.998925 -0.103956 -1.51743 -4.264654 -5.050787 -5.610296 -2.949281 0.001097 -11.024033 0.001926 -6.112263 -15.916501 -3.873429 0.008488 0.000621 0.00362 -10.295251 -5.682586 -4.316449 11.048203 -11.296997 -2.393402 -1.384343 -14.245189 -6.327767 -0.6179 -26.903805 -3.831936 -4.556751 -49.297173 -3.105155 -13.722964 -7.359591 -3.706474 18.162365 -14.044187 -3.263249 0.006048 -18.788282 -0.00803 -0.457073 -8.458926 2.584032 0.007243 0.005444 -0.008182 -15.947073 -20.090937 -5.469471 30.456671 -7.191216 1.749163 -0.013351 -8.157458 -0.002525 -1.858453 -22.851889 -6.174274 0.004146 0.005075 0.009081 -179.350998 -7.591228 -6.916961 16.988192 -0.090162 0.210215 -83.012856 -1.473426 -9.718609 -5.339369 1.489131 2.115828 -1.007062 -0.000404 -0.001269 1.308126 -5.263261 -14.560883 16.548962 -0.037997 0.100865 -82.727867 0.335514 -7.530677 -5.846335 0.709468 1.658573 -0.996504 0.000676 1.5e-05 
0.0 0.0 0.0 0.0 -0.0 0.0 1.057301 99.126648 -24.588337 92.743118 0.565916 -177.108536 -5.845387 0.958014 0.241347 -12.764133 0.011294 0.686841 24.52845 -0.95631 -0.952654 18.314177 -1.970342 2.553893 -2.652308 -0.565615 -0.436615 -24.088289 0.031344 -0.443567 0.000361 0.000165 0.003059 -0.052535 -0.004814 -0.178854 -0.005104 0.083492 -0.149928 -0.015523 -0.094124 -0.20704 -151.427307 -60.812534 170.080994 29.651594 -39.042011 19.532358 34.422813 -0.42395 0.339387 -4.67238 -5.058442 -2.598289 17.657362 -26.299112 52.41787 -19.417658 -14.378028 29.37549 0.003042 -8.775405 -0.007343 16.645145 -18.122087 5.982705 -0.607906 -1.796305 -3.903007 -4.81695 -11.049767 -2.920885 -0.014729 -20.978821 0.00508 -5.025096 -25.019867 -4.046166 -0.003833 0.002604 -0.001493 -10.629798 -5.694003 -3.569853 10.547104 -17.895395 -3.08689 -0.006782 -13.807961 -0.015335 -0.526431 -31.151049 -4.028732 -11.180604 -59.633797 7.360114 -13.984988 -7.154699 -2.862353 13.768432 -8.381916 -3.218501 0.318373 -34.179554 0.783802 -0.970867 -17.730947 2.609698 -0.005375 -0.000842 -0.004144 -17.347637 -20.101265 -4.207553 21.732649 -1.619499 3.872756 0.002017 -6.346931 0.00249 -1.709262 -22.567738 -6.170106 0.001011 0.008483 -0.003186 21.115099 -63.739388 177.137726 16.563208 -48.088062 14.338999 40.896774 0.256914 0.160422 0.312215 -3.0691 16.553091 22.204405 -20.394508 49.898014 -16.687962 -16.707907 28.44471 -0.001805 -12.685345 0.006324 15.778857 -17.699013 2.982554 -0.107819 -1.522868 -4.268463 -5.028909 -5.613954 -2.961609 -0.006287 -11.030056 0.011384 -6.112106 -15.904556 -3.849993 -0.000591 0.00131 -0.001407 -10.275123 -5.686368 -4.329958 11.018453 -11.306245 -2.381024 -1.390951 -14.249764 -6.307862 -0.631579 -26.955309 -3.859543 -4.607908 -49.302147 -3.18458 -13.693738 -7.369866 -3.709464 18.118238 -14.055136 -3.230678 0.00012 -18.807898 -0.014211 -0.438811 -8.451172 2.567965 0.000989 -0.002734 -0.010935 -15.910442 -20.103504 -5.465893 30.385252 -7.201856 1.738497 -0.013345 -8.16919 -0.005392 -1.836408 -22.907568 -6.168979 0.003047 0.008046 0.007548 -179.359131 -7.58631 -6.906963 17.028738 -0.092611 0.222756 -83.011925 -1.536475 -9.715043 -5.30767 1.496158 2.116537 -0.993157 0.002516 0.00094 1.293481 -5.272345 -14.578419 16.605587 -0.034709 0.095148 -82.784317 0.345158 -7.546994 -5.84297 0.711358 1.660476 -0.997865 0.000622 0.001376 
0.0 0.0 0.0 0.0 -0.0 0.0 1.057819 99.123825 -24.569904 92.765076 0.566562 -177.164062 -5.842455 0.964921 0.229853 -12.778772 0.017003 0.696594 24.549589 -0.977512 -0.947399 18.311033 -2.001965 2.568254 -2.660177 -0.576098 -0.405397 -24.093681 0.073176 -0.42326 -0.001235 0.000659 -0.000207 -0.056796 -0.00467 -0.170348 -0.008236 0.084564 -0.141544 -0.027115 -0.094287 -0.207068 -151.399948 -60.738701 170.041977 29.670025 -39.04813 19.510872 34.411888 -0.44287 0.332645 -4.655516 -5.054564 -2.550384 17.653503 -26.295597 52.386742 -19.478039 -14.393766 29.396824 0.000581 -8.778933 0.003592 16.613983 -18.091751 5.965569 -0.618081 -1.804337 -3.885881 -4.804244 -11.056177 -2.934181 0.011799 -20.987087 -0.015687 -4.999716 -25.043226 -4.050475 -0.005848 -0.001376 0.001023 -10.631792 -5.688009 -3.551789 10.572992 -17.918987 -3.129761 -0.005043 -13.810585 0.00125 -0.485615 -31.196951 -4.068884 -11.140185 -59.788895 7.317189 -13.984725 -7.153082 -2.884556 13.757501 -8.396952 -3.198534 0.374255 -34.191372 0.744546 -0.93766 -17.728195 2.604007 -0.013121 -0.000521 -0.005427 -17.33654 -20.098438 -4.215974 21.745199 -1.636012 3.867113 0.0011 -6.34166 0.003568 -1.702318 -22.554989 -6.18165 -2.6e-05 0.001581 -0.011208 21.01296 -63.683449 177.217331 16.565329 -48.086315 14.32258 40.896992 0.273813 0.18629 0.314941 -3.0992 16.488134 22.210825 -20.330931 49.904079 -16.731262 -16.737675 28.444746 -0.004579 -12.695393 0.00349 15.771802 -17.71744 2.982247 -0.108737 -1.512119 -4.276712 -5.03444 -5.615484 -2.954688 0.003953 -11.017669 -0.013727 -6.115341 -15.90791 -3.844015 0.002302 -0.006748 -0.000362 -10.287729 -5.671566 -4.331556 11.031872 -11.301956 -2.383216 -1.378673 -14.230335 -6.320165 -0.616463 -26.918987 -3.819266 -4.616656 -49.257317 -3.09897 -13.701521 -7.352182 -3.715105 18.138662 -14.047043 -3.254466 0.008977 -18.769148 -0.010262 -0.430862 -8.408113 2.565837 -0.001284 -0.004648 0.002029 -15.932439 -20.093481 -5.481841 30.458635 -7.203059 1.738039 -0.005729 -8.166783 -0.000425 -1.860442 -22.866175 -6.194287 0.002811 -0.009268 -0.004635 -179.311981 -7.590348 -6.896467 17.01894 -0.089798 0.203308 -83.009651 -1.609933 -9.704863 -5.273491 1.484014 2.116051 -0.996049 -0.00409 0.000209 1.284414 -5.279548 -14.595232 16.638845 -0.033041 0.096094 -82.786453 0.377916 -7.534735 -5.816482 0.704347 1.657281 -0.997016 0.004001 0.001652 
0.0 0.0 0.0 0.0 -0.0 0.0 1.062104 99.124512 -24.571966 92.786263 0.561647 -177.247849 -5.852805 0.970907 0.239436 -12.787371 0.028797 0.701429 24.567442 -0.999368 -0.932587 18.337923 -2.042364 2.575864 -2.675189 -0.572091 -0.392673 -24.144188 0.104765 -0.373971 0.001646 0.000168 8e-05 -0.054557 -0.003564 -0.164985 -0.015288 0.081849 -0.138364 -0.028497 -0.09288 -0.191841 -151.558578 -60.831406 170.155014 29.641611 -38.989403 19.538395 34.447899 -0.468221 0.369614 -4.676394 -5.024363 -2.603538 17.614058 -26.416622 52.572956 -19.478334 -14.417727 29.454044 -0.000483 -8.765806 0.002868 16.590235 -18.046453 5.980912 -0.602288 -1.790747 -3.877635 -4.794858 -11.034803 -2.941681 0.002375 -20.944555 0.014903 -5.026522 -24.988558 -4.015014 0.002015 0.003214 -0.002589 -10.6181 -5.674208 -3.539656 10.576305 -17.918585 -3.123397 -0.01001 -13.796089 0.010012 -0.515101 -31.15399 -3.994998 -11.286742 -59.569046 7.473879 -13.973227 -7.13291 -2.850813 13.777778 -8.403605 -3.226476 0.361644 -34.224987 0.79038 -0.978781 -17.754414 2.633043 1e-06 0.005532 0.010648 -17.340019 -20.072268 -4.184602 21.759796 -1.64696 3.855588 0.00921 -6.342754 0.008005 -1.695334 -22.53997 -6.177348 -0.000167 -0.004762 -0.008381 21.065271 -63.898033 177.215546 16.60412 -48.163422 14.439245 40.864727 0.270221 0.178961 0.323614 -3.11117 16.389191 22.189068 -20.40271 50.062298 -16.736757 -16.756554 28.520414 -0.003929 -12.708051 0.003394 15.770113 -17.75688 2.999436 -0.103201 -1.508156 -4.268331 -5.032633 -5.616589 -2.946719 -0.00202 -11.027659 -0.006051 -6.09632 -15.909251 -3.848643 0.002274 0.000483 0.000789 -10.27124 -5.666994 -4.320191 11.035715 -11.320474 -2.389398 -1.360011 -14.25405 -6.322237 -0.617797 -26.907019 -3.835465 -4.600034 -49.300362 -3.073983 -13.712562 -7.35911 -3.703096 18.1586 -14.06221 -3.249171 0.008278 -18.806641 -0.001127 -0.434428 -8.459094 2.568107 0.002051 -0.000302 -0.008203 -15.912663 -20.093607 -5.474116 30.424765 -7.220807 1.719626 -0.007633 -8.153846 0.000856 -1.863405 -22.872089 -6.153758 -0.005638 0.000831 0.019234 -179.25563 -7.57855 -6.926525 16.975586 -0.090113 0.197676 -83.008514 -1.666018 -9.730441 -5.239715 1.486912 2.120433 -1.00368 0.005142 -0.001002 1.275427 -5.291138 -14.610156 16.672327 -0.037782 0.097172 -82.857506 0.354294 -7.548983 -5.80825 0.709625 1.66415 -1.004919 0.004299 -6e-06 
0.0 0.0 0.0 0.0 -0.0 0.0 1.079561 99.118652 -24.495525 92.795921 0.552735 -177.298615 -5.851571 0.982104 0.246705 -12.798179 0.03593 0.70475 24.573021 -1.021153 -0.930448 18.333426 -2.06455 2.590775 -2.655917 -0.56434 -0.365752 -24.221407 0.11173 -0.337855 -8.8e-05 0.000215 -0.000333 -0.055203 -0.00198 -0.162974 -0.014547 0.081382 -0.136333 -0.023946 -0.088655 -0.194938 -151.531342 -60.763603 170.112213 29.612131 -38.994385 19.613377 34.455715 -0.441618 0.346178 -4.648826 -5.011148 -2.61773 17.5917 -26.377693 52.535072 -19.460182 -14.403728 29.420088 -0.001169 -8.775777 0.032184 16.582684 -18.06356 5.981404 -0.604863 -1.794051 -3.869724 -4.801649 -11.027582 -2.9448 0.00464 -20.94923 0.012663 -5.004846 -24.985209 -4.022671 -0.00779 0.006403 0.000779 -10.62968 -5.684608 -3.537244 10.57419 -17.902712 -3.115096 0.010228 -13.803877 -0.009636 -0.504093 -31.169449 -3.998174 -11.246277 -59.670959 7.46475 -13.984446 -7.14342 -2.846878 13.779319 -8.383681 -3.233883 0.335631 -34.180748 0.804397 -0.951449 -17.72821 2.612226 -0.005915 0.00085 -0.004163 -17.33288 -20.076723 -4.180221 21.737766 -1.63431 3.842027 -0.001487 -6.333044 0.004553 -1.68423 -22.537558 -6.16569 0.006697 0.000716 -0.014142 21.079653 -63.886532 177.184631 16.648006 -48.189091 14.517289 40.837204 0.28792 0.146287 0.315476 -3.157693 16.413357 22.207205 -20.410059 49.966698 -16.690695 -16.775686 28.499052 -0.000314 -12.699804 -0.001534 15.728719 -17.766039 2.992482 -0.111291 -1.513017 -4.276991 -5.026144 -5.605422 -2.955868 -0.005755 -11.008316 0.010676 -6.106644 -15.869614 -3.839945 0.002476 -0.005722 -0.000301 -10.294943 -5.677155 -4.340592 11.044463 -11.286587 -2.380317 -1.393782 -14.217723 -6.30777 -0.62457 -26.862761 -3.83075 -4.684848 -49.09914 -3.057117 -13.727879 -7.364999 -3.725965 18.172264 -14.049952 -3.238383 -0.015499 -18.799778 0.019176 -0.422848 -8.458147 2.560661 0.005433 -0.001893 -0.003651 -15.943492 -20.085081 -5.466565 30.473139 -7.192761 1.731859 -0.016471 -8.156242 0.015432 -1.835922 -22.860579 -6.182814 -0.003983 0.010189 -0.011164 -179.188583 -7.612833 -6.959291 16.907503 -0.091809 0.205131 -82.94812 -1.68624 -9.801313 -5.212772 1.483003 2.123002 -1.003049 -0.000298 -0.001441 1.230408 -5.312435 -14.570539 16.765961 -0.03562 0.116315 -82.746628 0.338552 -7.534974 -5.789941 0.712812 1.66456 -0.997104 -0.002154 -0.001026 
0.0 0.0 0.0 0.0 -0.0 0.0 1.060948 99.113335 -24.470415 92.809853 0.53978 -177.318207 -5.850794 0.993486 0.250731 -12.79178 0.044071 0.704535 24.563122 -1.045988 -0.921376 18.352743 -2.077096 2.605451 -2.663561 -0.565993 -0.348484 -24.26687 0.132039 -0.295949 -3e-05 0.001127 0.00036 -0.056732 -0.002632 -0.171432 -0.011898 0.07411 -0.142629 -0.023351 -0.086142 -0.208257 -151.587097 -60.826237 170.201859 29.678276 -38.985287 19.582479 34.547237 -0.41539 0.322771 -4.668191 -4.993183 -2.586251 17.644243 -26.318308 52.417206 -19.460274 -14.423526 29.415108 -0.006108 -8.778587 0.00908 16.595263 -18.046652 5.947834 -0.598628 -1.790107 -3.899533 -4.806918 -11.036575 -2.932571 0.004819 -20.958521 -0.003882 -5.027657 -25.035778 -4.023671 -0.003852 -0.005599 0.005366 -10.621294 -5.674722 -3.565129 10.580021 -17.894587 -3.121824 0.005219 -13.795031 0.023104 -0.458827 -31.103962 -4.016934 -11.22261 -59.477985 7.482857 -13.972888 -7.140944 -2.8947 13.772829 -8.392704 -3.206095 0.335497 -34.164288 0.777149 -0.956109 -17.698856 2.615854 -0.007808 0.008572 0.005264 -17.329288 -20.075102 -4.222672 21.749693 -1.640651 3.871512 -0.010879 -6.32404 0.000865 -1.709364 -22.564537 -6.204267 -0.006089 0.000328 0.000389 21.0667 -63.919765 177.212036 16.680305 -48.153019 14.548978 40.7967 0.306306 0.169983 0.315301 -3.224884 16.434311 22.190527 -20.379763 49.965858 -16.663708 -16.752882 28.456247 0.005752 -12.684134 0.001878 15.742917 -17.765839 2.995129 -0.119139 -1.512184 -4.275101 -5.025233 -5.607059 -2.960506 -0.01268 -11.027159 0.012062 -6.123901 -15.888137 -3.84788 0.000665 -0.006134 0.01018 -10.291507 -5.668758 -4.33432 11.040384 -11.305251 -2.357583 -1.393409 -14.229782 -6.328334 -0.64796 -26.901646 -3.806754 -4.724231 -49.177612 -3.027177 -13.726906 -7.35955 -3.710471 18.15823 -14.04589 -3.234222 -0.017753 -18.793419 0.002662 -0.421191 -8.459832 2.556981 -0.014313 -0.004664 0.00541 -15.941184 -20.088326 -5.444083 30.422787 -7.176514 1.712137 -0.011978 -8.144492 0.013213 -1.881874 -22.856094 -6.154527 -0.005681 -0.000255 -0.003562 -179.185638 -7.618073 -6.974117 16.920221 -0.090143 0.204729 -82.943886 -1.682458 -9.839626 -5.191641 1.484137 2.11847 -0.996139 -0.003498 0.000273 1.195786 -5.331563 -14.506413 16.874022 -0.036343 0.110203 -82.924484 0.330534 -7.585793 -5.772495 0.706941 1.661644 -0.997692 0.004599 0.000114 
0.0 0.0 0.0 0.0 -0.0 0.0 1.027704 99.110985 -24.475531 92.837051 0.524364 -177.329819 -5.843475 1.009163 0.252717 -12.798021 0.044779 0.706537 24.55942 -1.055668 -0.939359 18.368181 -2.079635 2.604154 -2.656598 -0.574494 -0.299876 -24.310478 0.147675 -0.263478 0.000936 -0.000442 -0.001302 -0.055263 -0.006306 -0.178184 -0.008328 0.071026 -0.144477 -0.014507 -0.086955 -0.215127 -151.580505 -60.768848 170.242142 29.683733 -38.917255 19.645796 34.617424 -0.375736 0.319928 -4.661847 -4.988563 -2.660864 17.630379 -26.326801 52.433544 -19.453865 -14.397467 29.410381 0.006981 -8.769781 -0.0101 16.656969 -18.074434 5.958961 -0.611867 -1.792096 -3.900773 -4.80866 -11.057911 -2.935688 -0.016564 -20.987225 0.009136 -5.052733 -25.05369 -4.017252 0.005772 0.000557 0.001096 -10.644978 -5.696396 -3.561893 10.574172 -17.943066 -3.119546 -0.002585 -13.824345 -0.002199 -0.512821 -31.226904 -4.023007 -11.308109 -59.771736 7.476491 -13.992685 -7.159357 -2.879953 13.770139 -8.40116 -3.216111 0.330521 -34.270329 0.774492 -0.990153 -17.765169 2.616376 0.011154 0.009178 -0.000416 -17.369431 -20.124331 -4.197284 21.772606 -1.639086 3.876342 0.004125 -6.350158 -0.014031 -1.69188 -22.611938 -6.195079 -0.007041 0.005428 -0.007329 21.135187 -63.913372 177.136414 16.710909 -48.174362 14.67302 40.797676 0.319692 0.1965 0.318648 -3.293769 16.477356 22.248594 -20.388264 49.962059 -16.707321 -16.762218 28.499746 -0.013233 -12.711415 -0.016101 15.744818 -17.795197 3.02022 -0.111473 -1.500022 -4.306004 -5.043338 -5.622241 -2.956386 0.003696 -11.047584 0.017764 -6.126801 -15.927747 -3.832775 -0.000755 0.002251 -0.001702 -10.293957 -5.672436 -4.362593 11.041723 -11.315375 -2.364246 -1.377626 -14.246793 -6.310369 -0.625283 -26.945442 -3.803577 -4.722992 -49.300621 -2.955114 -13.723529 -7.359733 -3.752937 18.175438 -14.075519 -3.22364 0.00243 -18.795563 0.00034 -0.440703 -8.447561 2.557586 -0.000143 -0.000242 0.000314 -15.93071 -20.103878 -5.514518 30.457659 -7.218868 1.768482 0.012088 -8.172181 -0.004319 -1.864493 -22.880013 -6.168207 0.002356 0.007068 -0.002623 -179.18428 -7.598156 -6.96208 16.95203 -0.090816 0.193315 -83.003502 -1.698301 -9.886895 -5.154302 1.484928 2.118104 -1.000028 0.003599 -1.3e-05 1.20039 -5.340412 -14.457718 16.934605 -0.047721 0.11137 -82.967789 0.324447 -7.607289 -5.794089 0.708001 1.654548 -0.997687 -0.001912 0.000237 
0.0 0.0 0.0 0.0 -0.0 0.0 1.016156 99.117622 -24.50499 92.860207 0.514452 -177.334381 -5.848296 1.024466 0.269366 -12.811018 0.035713 0.69679 24.561768 -1.047261 -0.9409 18.349039 -2.090295 2.576764 -2.652253 -0.580732 -0.226157 -24.287462 0.149854 -0.235968 -0.001313 0.000171 0.001394 -0.055184 -0.006544 -0.184108 -0.000558 0.073212 -0.155299 -0.020463 -0.09177 -0.2122 -151.607529 -60.777584 170.292816 29.687557 -38.883644 19.599199 34.629444 -0.393168 0.319246 -4.65248 -4.984047 -2.702108 17.648045 -26.355623 52.413853 -19.513016 -14.405001 29.443638 -0.01449 -8.790694 0.00418 16.664917 -18.071701 6.01249 -0.59953 -1.795198 -3.900443 -4.803422 -11.060623 -2.932627 0.011337 -21.013914 0.003635 -5.018816 -25.050882 -3.999976 0.004685 0.004614 -0.005735 -10.627683 -5.688063 -3.561421 10.587178 -17.953306 -3.124242 0.008054 -13.85006 0.003063 -0.51088 -31.197659 -4.019425 -11.253788 -59.760414 7.508638 -13.974602 -7.141647 -2.879778 13.781901 -8.429214 -3.210271 0.384508 -34.237556 0.775036 -0.958521 -17.739578 2.632093 -0.005674 -0.002183 0.015385 -17.335396 -20.108597 -4.193004 21.773624 -1.658928 3.867934 0.01055 -6.345736 -0.006533 -1.693048 -22.622066 -6.155939 0.00291 -0.002363 -0.01098 21.090714 -63.896057 177.161942 16.692177 -48.140579 14.65548 40.724514 0.331644 0.153262 0.303269 -3.331938 16.51849 22.128216 -20.38567 49.92281 -16.682863 -16.747303 28.465792 -0.002539 -12.677871 0.016024 15.792025 -17.793812 3.011151 -0.098307 -1.50113 -4.276047 -5.028718 -5.605967 -2.95525 0.004584 -11.015556 0.010115 -6.108302 -15.886233 -3.816967 0.003138 -0.0 0.001425 -10.260438 -5.665032 -4.343311 11.003691 -11.295428 -2.35098 -1.370651 -14.227788 -6.304792 -0.636202 -26.896591 -3.81625 -4.73299 -49.256252 -2.989187 -13.679403 -7.352004 -3.72483 18.11525 -14.046281 -3.219063 0.007426 -18.80084 -0.01514 -0.438576 -8.435226 2.563608 -0.010361 -9.3e-05 -0.010064 -15.894412 -20.080057 -5.462803 30.40745 -7.172829 1.706462 -0.016867 -8.16133 0.020401 -1.848718 -22.86573 -6.181619 -0.003338 -0.00398 0.001892 -179.139801 -7.563471 -6.936574 16.898445 -0.082607 0.173575 -82.965515 -1.715284 -9.880695 -5.147674 1.476112 2.113538 -0.993756 0.000225 0.001528 1.253751 -5.333986 -14.411503 16.860836 -0.052586 0.093755 -82.930046 0.299871 -7.607459 -5.810819 0.705235 1.652875 -0.991419 -0.001622 0.001151 
0.0 0.0 0.0 0.0 -0.0 0.0 1.038405 99.126526 -24.505291 92.889236 0.499821 -177.344299 -5.846841 1.035816 0.2812 -12.812499 0.026124 0.685828 24.57193 -1.038681 -0.969668 18.340187 -2.094137 2.56786 -2.646555 -0.593532 -0.15958 -24.327761 0.14534 -0.223884 0.002139 -0.00052 0.001558 -0.045581 -0.006167 -0.183862 0.005753 0.077202 -0.16028 -0.015403 -0.095982 -0.220464 -151.623047 -60.703533 170.326935 29.660288 -38.822285 19.673658 34.673737 -0.363463 0.326935 -4.675713 -4.954013 -2.748072 17.614124 -26.284071 52.391605 -19.441004 -14.38899 29.402431 0.009429 -8.777648 -0.004605 16.656101 -18.06543 5.940497 -0.610305 -1.791968 -3.87764 -4.810289 -11.042648 -2.947073 -0.006146 -20.972069 0.013485 -5.011159 -24.993443 -4.054248 0.002035 -0.002075 0.004901 -10.626819 -5.68435 -3.565535 10.557069 -17.911873 -3.100763 -0.008473 -13.816858 -0.014054 -0.509749 -31.138638 -4.021097 -11.127141 -59.673218 7.38033 -13.975163 -7.143411 -2.872592 13.761423 -8.399481 -3.208804 0.36002 -34.201569 0.755651 -0.991084 -17.70393 2.654941 0.013114 -0.004919 -0.005299 -17.344385 -20.087265 -4.194358 21.749117 -1.635496 3.860991 -0.007808 -6.333538 -0.003309 -1.684197 -22.616142 -6.194 0.002713 0.0 -0.007342 21.053148 -63.848309 177.19342 16.671734 -48.127293 14.646852 40.772823 0.292153 0.18035 0.306386 -3.301959 16.424343 22.203272 -20.404295 50.01408 -16.74995 -16.752497 28.539558 -0.009876 -12.701495 -0.010618 15.811615 -17.7665 3.035354 -0.104555 -1.522894 -4.293785 -5.043398 -5.620579 -2.953969 0.003673 -11.039247 -0.0307 -6.118126 -15.940092 -3.836222 -0.004938 -0.00224 0.009877 -10.278654 -5.682853 -4.348953 11.020135 -11.331863 -2.37172 -1.371685 -14.269145 -6.344969 -0.616272 -26.979906 -3.821899 -4.693827 -49.428749 -3.013006 -13.701991 -7.366069 -3.738251 18.138729 -14.077799 -3.250365 0.003771 -18.814753 -0.00398 -0.416273 -8.465668 2.550505 8.9e-05 0.005522 0.010761 -15.910468 -20.119802 -5.493464 30.428446 -7.221051 1.716769 0.006221 -8.170434 -0.008679 -1.845868 -22.875282 -6.1712 -0.00115 0.00536 0.019329 -179.019104 -7.537319 -6.899284 16.746592 -0.074759 0.162223 -82.814423 -1.751721 -9.924392 -5.155838 1.477682 2.113966 -0.992808 0.003798 0.002393 1.333583 -5.335289 -14.385521 16.757738 -0.055925 0.0822 -82.825157 0.287653 -7.584255 -5.812718 0.697445 1.650078 -0.990534 -0.002069 0.000882 
0.0 0.0 0.0 0.0 -0.0 0.0 1.025928 99.12072 -24.523582 92.897354 0.479373 -177.346481 -5.845237 1.044003 0.285964 -12.805617 0.020376 0.689219 24.559999 -1.033665 -0.987017 18.298637 -2.104209 2.549216 -2.650307 -0.610105 -0.090732 -24.350969 0.169759 -0.225214 0.0 -0.0 0.0 -0.042535 -0.005918 -0.178215 0.007937 0.081495 -0.148187 -0.007545 -0.094695 -0.211208 -151.640076 -60.673302 170.345963 29.694637 -38.778027 19.753695 34.763935 -0.321574 0.367457 -4.705537 -4.952406 -2.866903 17.710516 -26.359985 52.478428 -19.457672 -14.419004 29.437368 0.003109 -8.787642 -0.021479 16.653187 -18.068762 5.986158 -0.605129 -1.787536 -3.925052 -4.82197 -11.046618 -2.919195 -0.010557 -20.976276 0.019024 -5.021657 -25.024216 -4.039532 -0.003661 0.002068 -0.001173 -10.639541 -5.686114 -3.590221 10.575472 -17.906569 -3.125849 -0.009071 -13.802727 0.012739 -0.533807 -31.160185 -4.017318 -11.273123 -59.754204 7.454702 -13.995565 -7.147233 -2.896077 13.783116 -8.402931 -3.218832 0.345142 -34.191219 0.785566 -0.984898 -17.710253 2.645641 0.002903 0.007508 0.001267 -17.362076 -20.094303 -4.221546 21.781206 -1.645152 3.864786 -0.011143 -6.320564 -0.001264 -1.724481 -22.584864 -6.158676 0.002889 -0.002383 -0.01098 21.00654 -63.832222 177.218765 16.673246 -48.060143 14.574301 40.689133 0.245565 0.124708 0.308208 -3.294926 16.33301 22.152086 -20.324434 49.91153 -16.722639 -16.753698 28.478981 0.005413 -12.694467 0.007122 15.812629 -17.762646 2.9989 -0.104885 -1.515886 -4.279607 -5.032756 -5.609282 -2.940147 -0.004743 -11.015477 -0.010981 -6.112044 -15.892254 -3.826302 -0.003167 0.002389 0.008449 -10.270697 -5.675531 -4.34104 11.025064 -11.300942 -2.382469 -1.392298 -14.241996 -6.31388 -0.628486 -26.905228 -3.835872 -4.601043 -49.293671 -3.106854 -13.696832 -7.364123 -3.722318 18.128912 -14.040739 -3.248566 0.008697 -18.794226 -0.012714 -0.436187 -8.440177 2.566525 -0.008029 0.001587 -0.008466 -15.910228 -20.086695 -5.477255 30.42452 -7.193278 1.704337 -0.002964 -8.168519 0.000363 -1.86823 -22.858677 -6.164651 0.008682 -0.004852 -0.014433 -179.03981 -7.50386 -6.899363 16.794958 -0.077007 0.165388 -82.838707 -1.774813 -9.901825 -5.193017 1.493006 2.120062 -1.003692 -0.003161 -0.00084 1.300831 -5.368899 -14.364026 16.842001 -0.051595 0.062858 -82.880455 0.2586 -7.554202 -5.822422 0.691984 1.649055 -1.004591 0.000709 -0.000796 
0.0 0.0 0.0 0.0 -0.0 0.0 1.020508 99.130508 -24.546103 92.912048 0.457458 -177.330505 -5.827097 1.044885 0.284508 -12.801929 0.022187 0.689183 24.546675 -1.026953 -0.9978 18.275928 -2.136748 2.545921 -2.664005 -0.612382 -0.071936 -24.401264 0.180554 -0.193225 0.000194 -0.000866 -0.000336 -0.04267 -0.005176 -0.176578 0.00829 0.082654 -0.144947 -0.00903 -0.095655 -0.206317 -151.647644 -60.798019 170.302689 29.716818 -38.916882 19.842691 34.820526 -0.31739 0.330472 -4.683178 -4.93172 -2.909165 17.666264 -26.352882 52.457542 -19.498278 -14.411546 29.437897 0.004642 -8.777005 0.002939 16.682978 -18.042614 5.94861 -0.600919 -1.801249 -3.906841 -4.820801 -11.072091 -2.940965 -0.001808 -21.033058 -0.004614 -5.017726 -25.089886 -4.030197 0.005601 0.010259 0.001486 -10.647846 -5.705377 -3.584671 10.588403 -17.963133 -3.128141 -0.012134 -13.844324 0.007572 -0.501712 -31.275528 -4.065758 -11.161531 -60.10191 7.314355 -13.997744 -7.168437 -2.899465 13.781594 -8.421664 -3.219527 0.334721 -34.319736 0.784899 -0.956069 -17.783482 2.62726 0.003195 0.002992 -0.005338 -17.375715 -20.156645 -4.215762 21.801229 -1.629468 3.864274 -0.000378 -6.366804 0.004519 -1.723085 -22.647959 -6.215887 0.002906 -0.028905 0.002598 21.036213 -64.000534 177.208786 16.758686 -48.223625 14.564328 40.68837 0.180271 0.140547 0.328441 -3.291962 16.301546 22.185562 -20.41003 49.974461 -16.736113 -16.760489 28.512827 -0.006081 -12.700219 0.010196 15.812645 -17.744131 2.959658 -0.111051 -1.533232 -4.254431 -5.035108 -5.603528 -2.957241 0.000376 -11.029241 0.005971 -6.103754 -15.905429 -3.840248 0.005017 0.002389 -0.009555 -10.295576 -5.686557 -4.30227 11.044972 -11.305585 -2.386867 -1.373593 -14.251004 -6.324656 -0.607852 -26.943287 -3.846498 -4.599642 -49.282402 -3.062939 -13.721624 -7.356641 -3.704815 18.178049 -14.077232 -3.246122 0.004981 -18.783295 0.010305 -0.427774 -8.455798 2.568967 -0.000355 -5.5e-05 -0.002558 -15.947845 -20.098032 -5.458463 30.47065 -7.216719 1.754769 -0.002354 -8.158384 -0.009237 -1.855254 -22.866919 -6.173207 -0.003787 -0.000915 -0.000133 -178.982452 -7.459467 -6.929202 16.693764 -0.08282 0.170329 -82.906174 -1.742743 -9.921691 -5.214739 1.479494 2.110928 -0.997659 0.000192 9.4e-05 1.357714 -5.382531 -14.350471 16.765987 -0.042129 0.064551 -82.849648 0.197798 -7.529851 -5.824997 0.683755 1.645273 -0.996873 0.000219 -0.000319 
0.0 0.0 0.0 0.0 -0.0 0.0 1.054876 99.136177 -24.488087 92.9272 0.443227 -177.298325 -5.813104 1.055634 0.289416 -12.784828 0.022796 0.681613 24.514416 -1.022807 -0.999063 18.214628 -2.171333 2.556208 -2.646043 -0.60094 -0.091849 -24.344292 0.198476 -0.154239 -0.000214 -0.001051 -0.001452 -0.045933 -0.005432 -0.171021 0.002951 0.081291 -0.142573 -0.01956 -0.094512 -0.200863 -151.684708 -60.820683 170.36937 29.742903 -38.870014 19.725666 34.821167 -0.341449 0.354855 -4.714356 -4.907321 -2.95266 17.640425 -26.279823 52.444931 -19.47884 -14.394629 29.420494 -0.002148 -8.772613 -0.005944 16.648314 -18.004961 5.932762 -0.61035 -1.800031 -3.885722 -4.812102 -11.058688 -2.927479 0.009109 -20.986057 -0.029728 -4.995106 -25.041628 -4.048077 -0.005854 -0.004791 0.009405 -10.646225 -5.694984 -3.564721 10.598982 -17.947016 -3.126982 0.001996 -13.833314 -0.018335 -0.464578 -31.210426 -4.077067 -11.133301 -59.951393 7.409928 -13.998331 -7.1592 -2.858821 13.789069 -8.413355 -3.225826 0.374926 -34.242325 0.725695 -0.957501 -17.746872 2.621971 0.008708 0.0 -0.00152 -17.373301 -20.124987 -4.189654 21.776827 -1.64152 3.885214 -0.002506 -6.339043 -0.024318 -1.688955 -22.624575 -6.230025 -0.005997 -0.004142 0.010614 21.008656 -64.023895 177.228287 16.769154 -48.226295 14.494232 40.605034 0.123129 0.179886 0.334656 -3.297649 16.398296 22.199797 -20.365402 49.918938 -16.726713 -16.75388 28.491196 -0.004843 -12.704617 -0.004763 15.823349 -17.736347 2.988869 -0.093822 -1.509198 -4.299476 -5.034839 -5.622386 -2.918019 0.010541 -11.035015 -0.004245 -6.082457 -15.917061 -3.873148 -0.002466 0.005831 0.000239 -10.280359 -5.676612 -4.325336 11.053689 -11.320696 -2.383127 -1.384082 -14.248079 -6.334386 -0.609103 -26.981892 -3.819711 -4.620161 -49.401367 -3.034091 -13.697172 -7.349366 -3.70755 18.156828 -14.068933 -3.265275 0.001844 -18.796104 0.009994 -0.432409 -8.464609 2.571789 0.004084 0.002365 -0.008169 -15.915959 -20.09243 -5.463776 30.456747 -7.235272 1.695704 0.019461 -8.161505 -0.010597 -1.861852 -22.865896 -6.158709 0.00236 -0.002152 0.002613 -178.875397 -7.481429 -6.952593 16.52219 -0.08469 0.171506 -82.675331 -1.675561 -9.894765 -5.206905 1.471722 2.115825 -1.007504 0.003186 0.001517 1.394646 -5.380485 -14.342911 16.702179 -0.04382 0.079007 -82.784439 0.163864 -7.486447 -5.798815 0.684703 1.64979 -0.993898 -0.002866 -0.000263 
0.0 0.0 0.0 0.0 -0.0 0.0 1.040806 99.143036 -24.433348 92.932625 0.431431 -177.280304 -5.808298 1.062791 0.282488 -12.78505 0.028231 0.673018 24.496277 -1.018358 -0.993344 18.197628 -2.205132 2.558847 -2.66366 -0.593764 -0.088067 -24.326483 0.222553 -0.10109 -0.001842 0.000754 -0.000323 -0.049783 -0.002397 -0.170062 -0.011027 0.077932 -0.138101 -0.023614 -0.092217 -0.202852 -151.679031 -60.790173 170.383362 29.753328 -38.867493 19.664104 34.844425 -0.393337 0.324686 -4.737802 -4.912605 -2.859541 17.693878 -26.324448 52.474876 -19.503645 -14.407435 29.431702 -0.007234 -8.776143 -0.008243 16.61286 -18.013294 5.932767 -0.607672 -1.795439 -3.916929 -4.811288 -11.051804 -2.92814 0.027187 -20.978859 -0.016068 -4.994866 -25.039991 -4.027512 0.001138 -0.014588 -0.002877 -10.652817 -5.690064 -3.58778 10.609982 -17.944553 -3.121442 0.014297 -13.828395 -0.001131 -0.474204 -31.22908 -4.017655 -11.27141 -59.979805 7.575624 -13.999645 -7.15124 -2.883832 13.805495 -8.420941 -3.225555 0.387288 -34.242668 0.753192 -0.935569 -17.747086 2.623476 0.008141 -0.006431 -0.014137 -17.361753 -20.116045 -4.21903 21.796663 -1.655091 3.877565 0.000834 -6.346952 -0.017339 -1.678316 -22.618282 -6.226238 -0.00205 -0.012158 0.007834 20.968836 -64.023628 177.297363 16.816772 -48.208584 14.468173 40.513382 0.127576 0.131246 0.353424 -3.333764 16.519526 22.144091 -20.350094 49.902962 -16.728777 -16.74164 28.453459 -0.012203 -12.691478 0.014156 15.777801 -17.733461 2.97078 -0.103674 -1.525686 -4.273582 -5.032767 -5.605591 -2.971142 0.015131 -11.046697 0.014193 -6.088439 -15.913559 -3.862363 -0.009314 0.005501 0.01195 -10.271091 -5.676617 -4.339859 11.025633 -11.307305 -2.397447 -1.362682 -14.247372 -6.301573 -0.591232 -26.90761 -3.825544 -4.611166 -49.22393 -2.988493 -13.700995 -7.367167 -3.724597 18.148916 -14.073634 -3.247392 0.004722 -18.786476 -0.002797 -0.426719 -8.447092 2.562223 0.008498 -0.009841 -0.010929 -15.886071 -20.104492 -5.488794 30.401323 -7.216967 1.717441 0.00635 -8.164164 0.000271 -1.833534 -22.867613 -6.192674 -0.004477 0.006236 0.003883 -178.831238 -7.502252 -6.982779 16.41083 -0.08767 0.1905 -82.61702 -1.667258 -9.921365 -5.193107 1.47138 2.114617 -1.003676 -0.003304 0.00041 1.405901 -5.38605 -14.333447 16.698584 -0.035211 0.079212 -82.729271 0.110653 -7.503703 -5.760176 0.694222 1.653156 -0.99754 0.006704 0.001442 
0.0 0.0 0.0 0.0 -0.0 0.0 1.056261 99.156105 -24.445814 92.94294 0.420967 -177.243835 -5.799422 1.070155 0.274675 -12.785479 0.029704 0.658377 24.475607 -1.007656 -0.983533 18.159765 -2.248972 2.564423 -2.664755 -0.57407 -0.076823 -24.294975 0.243045 -0.078349 0.0 -0.0 0.0 -0.053165 -0.004529 -0.168265 -0.014593 0.077728 -0.138204 -0.026867 -0.091218 -0.198066 -151.714096 -60.789211 170.421097 29.77956 -38.94054 19.625225 34.859501 -0.440632 0.290182 -4.7606 -4.908611 -2.723527 17.661377 -26.310564 52.401424 -19.542887 -14.419547 29.466454 -0.012752 -8.777914 -0.003937 16.622095 -18.003311 5.914675 -0.610964 -1.799975 -3.91596 -4.803244 -11.065658 -2.927124 0.029004 -21.023088 -0.026094 -5.007758 -25.08042 -4.04793 0.004796 -0.00251 0.002838 -10.647623 -5.698715 -3.571826 10.610994 -17.966032 -3.151198 0.015864 -13.863587 -0.011748 -0.478672 -31.258453 -4.034271 -11.117129 -60.038757 7.34836 -13.996346 -7.154334 -2.885671 13.802827 -8.4278 -3.242708 0.364785 -34.301304 0.756214 -0.940431 -17.747593 2.617051 0.007926 1e-06 -0.008821 -17.353081 -20.136827 -4.218668 21.786745 -1.65076 3.868025 0.00272 -6.35854 -0.003097 -1.647634 -22.659412 -6.255439 -0.008738 0.019234 0.005104 20.96508 -64.053398 177.321472 16.823763 -48.199432 14.506437 40.519756 0.148689 0.143734 0.385062 -3.388311 16.572445 22.199123 -20.370567 49.952682 -16.727589 -16.753517 28.497622 -0.009463 -12.709333 -0.004448 15.819364 -17.758759 3.011684 -0.100726 -1.518453 -4.29572 -5.035234 -5.611756 -2.945571 0.00813 -11.021115 -0.002546 -6.102816 -15.895418 -3.85898 0.000679 -0.008046 0.011117 -10.275753 -5.685851 -4.360169 11.029673 -11.315548 -2.362928 -1.377265 -14.237649 -6.321095 -0.574416 -26.952818 -3.846692 -4.690266 -49.312984 -2.975376 -13.699623 -7.369658 -3.737635 18.135082 -14.057494 -3.242926 0.011029 -18.78828 -0.002529 -0.437673 -8.44458 2.536848 -0.004493 0.007483 0.011925 -15.914146 -20.104589 -5.475924 30.42837 -7.208538 1.73648 0.009269 -8.159468 -0.008228 -1.85211 -22.822672 -6.143511 0.010142 -0.010122 -0.005496 -178.750381 -7.478049 -6.969029 16.273613 -0.083233 0.191131 -82.579453 -1.686656 -9.906893 -5.182254 1.480142 2.121632 -0.996568 0.003346 0.000301 1.497488 -5.370514 -14.349072 16.551374 -0.040703 0.071123 -82.722549 0.099816 -7.540974 -5.720129 0.694073 1.651722 -0.997852 0.000358 0.000754 
0.0 0.0 0.0 0.0 -0.0 0.0 1.067217 99.155022 -24.452053 92.960045 0.416871 -177.222061 -5.79042 1.078175 0.276083 -12.772134 0.031562 0.642475 24.454004 -0.993031 -0.971946 18.130554 -2.268015 2.563612 -2.661684 -0.559667 -0.039738 -24.271702 0.256148 -0.081965 0.001393 0.000394 -0.001318 -0.050407 -0.003322 -0.17107 -0.017037 0.077184 -0.142841 -0.025719 -0.08661 -0.195929 -151.718933 -60.68914 170.473862 29.749405 -38.856804 19.572554 34.878754 -0.454342 0.305015 -4.807789 -4.887076 -2.702379 17.684059 -26.258461 52.340279 -19.527185 -14.416423 29.396847 -0.00051 -8.787354 0.005025 16.642893 -18.040173 5.903376 -0.61391 -1.803594 -3.879416 -4.802688 -11.053402 -2.921633 0.021213 -20.996023 -0.019363 -5.004344 -25.058716 -4.059941 -0.005727 -0.008155 0.004668 -10.65773 -5.690447 -3.552544 10.609712 -17.949564 -3.106523 0.019406 -13.836657 -0.007954 -0.473081 -31.206463 -4.047854 -11.253371 -59.824459 7.516606 -14.006648 -7.143034 -2.846967 13.811854 -8.415943 -3.234406 0.401617 -34.243763 0.731562 -0.946002 -17.738014 2.636735 0.005399 0.002715 0.000671 -17.378729 -20.1133 -4.178584 21.809702 -1.653288 3.861085 0.004205 -6.339314 -0.000596 -1.665845 -22.641256 -6.210358 0.00289 -0.007937 0.006905 20.978151 -63.978943 177.280045 16.810673 -48.142025 14.564509 40.522568 0.19152 0.102225 0.398204 -3.432013 16.6602 22.194571 -20.323574 49.894588 -16.723318 -16.749821 28.456537 -0.000558 -12.710625 -0.000361 15.824109 -17.772087 2.974495 -0.104013 -1.515035 -4.287363 -5.045532 -5.620133 -2.951324 0.000264 -11.034253 -0.00515 -6.118257 -15.918385 -3.831301 0.001598 -0.003545 -0.001455 -10.291415 -5.683058 -4.326531 11.042723 -11.307752 -2.393781 -1.383263 -14.257028 -6.337961 -0.621811 -26.969685 -3.844674 -4.685152 -49.394638 -3.038761 -13.724062 -7.372523 -3.722388 18.166035 -14.056456 -3.264655 0.008172 -18.804985 -0.00368 -0.425258 -8.445731 2.550308 0.000915 -0.005471 0.00378 -15.941274 -20.106579 -5.475964 30.487427 -7.195667 1.725805 -0.001923 -8.17502 -0.010881 -1.868269 -22.889917 -6.170298 0.008159 0.000393 -0.004443 -178.727371 -7.466557 -6.929699 16.269842 -0.082267 0.185321 -82.59626 -1.706175 -9.892402 -5.156729 1.499072 2.126437 -0.993665 -7.1e-05 0.001178 1.532599 -5.369761 -14.358163 16.547764 -0.042781 0.071152 -82.745987 0.061366 -7.557333 -5.716388 0.687278 1.651315 -0.993845 0.000468 -0.000242 
0.0 0.0 0.0 0.0 -0.0 0.0 1.071931 99.161201 -24.459965 92.975945 0.403997 -177.202301 -5.782032 1.076408 0.270011 -12.760768 0.030702 0.629922 24.432964 -0.976336 -0.959001 18.088408 -2.273134 2.567914 -2.644932 -0.554184 0.008356 -24.266394 0.265707 -0.081946 -0.000276 0.0003 -4.1e-05 -0.053725 -0.002285 -0.168088 -0.023703 0.076243 -0.141615 -0.026103 -0.085927 -0.199578 -151.732941 -60.581223 170.515488 29.711149 -38.783512 19.555912 34.858101 -0.447447 0.332301 -4.835663 -4.864866 -2.578436 17.634886 -26.327805 52.410843 -19.415766 -14.384007 29.368677 0.006836 -8.764863 0.001998 16.574755 -17.994986 5.968002 -0.614399 -1.789665 -3.898188 -4.807493 -11.030504 -2.923181 -0.011726 -20.94803 0.006401 -5.038486 -25.019556 -4.023496 -0.005874 -0.007715 0.003716 -10.635572 -5.684339 -3.587354 10.562505 -17.906717 -3.086511 -0.010883 -13.805609 0.011337 -0.51714 -31.127863 -4.021881 -11.335746 -59.667973 7.498107 -13.98012 -7.145678 -2.887237 13.764799 -8.384224 -3.2199 0.302754 -34.210686 0.837463 -0.964888 -17.726473 2.631379 -0.010216 -0.000335 -0.017152 -17.3442 -20.090601 -4.209016 21.751886 -1.629293 3.872473 0.002128 -6.333915 0.009848 -1.709955 -22.569002 -6.181141 -0.012441 2e-06 0.014637 20.959698 -63.896118 177.247635 16.782085 -48.085819 14.637659 40.492123 0.202114 0.125303 0.432297 -3.449003 16.753412 22.180769 -20.34535 49.954155 -16.68647 -16.726351 28.463697 0.0002 -12.674167 -0.017385 15.769506 -17.749197 3.010173 -0.103191 -1.503659 -4.288411 -5.041182 -5.622511 -2.953988 0.000872 -11.020262 -0.003996 -6.11521 -15.880462 -3.848758 -0.002382 -0.00071 -0.001178 -10.286975 -5.678317 -4.353023 11.039963 -11.319885 -2.382175 -1.383526 -14.250396 -6.324271 -0.602046 -27.005302 -3.863528 -4.743779 -49.38113 -2.946389 -13.719521 -7.373553 -3.749786 18.156977 -14.059659 -3.224553 0.006538 -18.787146 -0.011223 -0.42867 -8.450746 2.553514 -0.001355 -0.010283 -0.008787 -15.921468 -20.102329 -5.497913 30.410137 -7.196955 1.752668 0.006642 -8.156263 -0.010345 -1.841664 -22.855169 -6.188873 -0.002331 0.001957 0.010829 -178.674423 -7.441194 -6.884204 16.190214 -0.080245 0.174964 -82.480164 -1.75697 -9.89912 -5.1357 1.494874 2.127804 -0.996566 -0.000407 0.000203 1.590171 -5.371363 -14.380186 16.473455 -0.039318 0.068538 -82.67852 0.02795 -7.563058 -5.730992 0.689047 1.64945 -0.997769 0.000752 0.000789 
0.0 0.0 0.0 0.0 -0.0 0.0 1.031785 99.160858 -24.459547 92.977943 0.395247 -177.153397 -5.796745 1.078016 0.280142 -12.748375 0.026378 0.60212 24.442266 -0.958893 -0.953923 18.090019 -2.27862 2.576751 -2.647102 -0.548261 0.035706 -24.281105 0.284797 -0.083592 0.00064 -5e-06 -0.000368 -0.051514 -0.001872 -0.164593 -0.018086 0.076451 -0.136417 -0.02842 -0.086449 -0.192946 -151.684753 -60.546501 170.517273 29.723431 -38.791973 19.523506 34.886108 -0.441563 0.292852 -4.845991 -4.846465 -2.532915 17.642345 -26.306343 52.390423 -19.454861 -14.383651 29.381378 0.002203 -8.773 -0.006357 16.653044 -18.022106 5.903989 -0.609029 -1.789139 -3.879614 -4.802553 -11.0436 -2.943927 0.002782 -20.975239 0.009359 -5.006155 -25.038876 -4.034236 0.001175 0.006801 -0.003975 -10.63189 -5.681709 -3.545189 10.566638 -17.918137 -3.12751 0.007194 -13.824279 -0.005037 -0.522079 -31.190605 -4.036155 -11.301026 -59.8955 7.455045 -13.982646 -7.146051 -2.864685 13.770088 -8.399479 -3.209094 0.367025 -34.180584 0.737686 -0.981663 -17.697153 2.629898 -0.005498 0.002775 0.005339 -17.343384 -20.089045 -4.196666 21.753494 -1.63751 3.851871 -0.001308 -6.333593 0.003911 -1.693932 -22.582752 -6.202942 -0.003121 -0.002739 0.000465 20.976198 -63.825775 177.213501 16.755798 -48.054363 14.575747 40.506405 0.184972 0.128962 0.414394 -3.409867 16.77643 22.153952 -20.329477 49.900429 -16.708763 -16.722569 28.446314 -0.000251 -12.694776 0.012697 15.747346 -17.763905 3.035944 -0.089416 -1.515251 -4.256875 -5.04221 -5.616631 -2.964064 -0.006247 -11.029102 -0.000229 -6.123433 -15.907349 -3.839751 -0.004952 -0.000532 0.008499 -10.267643 -5.681912 -4.309352 11.021905 -11.300578 -2.396543 -1.398429 -14.255728 -6.294533 -0.628079 -26.933445 -3.854556 -4.738549 -49.213757 -2.965396 -13.694833 -7.365055 -3.704822 18.129992 -14.041771 -3.232796 0.002739 -18.765472 -0.033396 -0.444607 -8.445224 2.554639 -0.009388 0.020881 0.017808 -15.909427 -20.097761 -5.440695 30.424696 -7.191393 1.725685 -0.007103 -8.163785 0.00218 -1.852864 -22.868652 -6.220204 -0.000837 -0.006646 0.00751 -178.715256 -7.432348 -6.84135 16.236376 -0.075156 0.172203 -82.544373 -1.774256 -9.909084 -5.151507 1.486583 2.122643 -0.990157 0.000594 0.000685 1.602341 -5.372264 -14.381974 16.507328 -0.046246 0.079645 -82.725357 0.004383 -7.580544 -5.74783 0.677888 1.645301 -1.004254 0.00419 0.000207 
0.0 0.0 0.0 0.0 -0.0 0.0 1.005137 99.162491 -24.452562 92.989616 0.385574 -177.126221 -5.796622 1.079441 0.275205 -12.744573 0.024149 0.593515 24.444744 -0.934519 -0.939241 18.085188 -2.277219 2.57999 -2.652599 -0.550605 0.055275 -24.344648 0.311336 -0.097993 0.000567 0.000373 -0.000211 -0.055079 -0.001301 -0.152264 -0.026723 0.076841 -0.125998 -0.028862 -0.084496 -0.178982 -151.77803 -60.490452 170.649277 29.647223 -38.759563 19.493155 34.872417 -0.425925 0.304245 -4.856311 -4.841725 -2.498034 17.610224 -26.303686 52.34008 -19.463951 -14.385101 29.378563 0.001636 -8.764966 0.008801 16.658953 -18.007772 5.935735 -0.614765 -1.791522 -3.917297 -4.796629 -11.048965 -2.921892 -0.016257 -20.969788 -0.001756 -5.043086 -25.024611 -4.008786 -0.003652 -0.004219 0.006881 -10.620941 -5.690302 -3.570297 10.56271 -17.93264 -3.12362 -0.001886 -13.83277 0.004574 -0.511784 -31.182095 -3.991338 -11.211725 -59.823051 7.437081 -13.969655 -7.158665 -2.886529 13.766258 -8.402121 -3.231369 0.322533 -34.248409 0.783089 -0.963765 -17.751936 2.607283 -0.000299 -0.005498 -0.004607 -17.323734 -20.106365 -4.215328 21.730066 -1.628834 3.862137 -0.003866 -6.34102 -0.00501 -1.71298 -22.617153 -6.16762 0.002869 -0.002473 -0.000396 20.96876 -63.797512 177.208374 16.745371 -48.006725 14.568454 40.549389 0.182781 0.10731 0.394499 -3.390571 16.809563 22.171425 -20.353859 49.920151 -16.671322 -16.741161 28.427839 -0.001321 -12.67003 0.011517 15.651882 -17.734711 3.023415 -0.098542 -1.509069 -4.287721 -5.041898 -5.605634 -2.94251 -0.002764 -11.005988 0.005283 -6.110496 -15.865855 -3.833666 -0.004918 -0.002278 -0.001199 -10.269658 -5.670326 -4.332833 11.007476 -11.287552 -2.376367 -1.380724 -14.211008 -6.314301 -0.64231 -26.861269 -3.801231 -4.707914 -48.995853 -3.006204 -13.693035 -7.355181 -3.728876 18.122215 -14.034677 -3.226622 -0.003878 -18.771246 0.014191 -0.423045 -8.449034 2.536445 0.008571 0.005871 -0.008517 -15.911967 -20.063431 -5.467293 30.398645 -7.193186 1.719591 -0.008602 -8.131414 -0.000737 -1.867681 -22.831263 -6.154841 -0.001348 0.006653 0.009371 -178.723831 -7.421356 -6.828292 16.220306 -0.079443 0.162468 -82.396164 -1.760528 -9.932468 -5.158228 1.507682 2.126582 -0.998843 -0.002544 -0.001266 1.620906 -5.363997 -14.394687 16.503464 -0.050786 0.074201 -82.62365 -0.010699 -7.56415 -5.750541 0.681123 1.644202 -0.993538 0.000846 0.000755 
0.0 0.0 0.0 0.0 -0.0 0.0 0.951767 99.165062 -24.451815 92.982872 0.377941 -177.055786 -5.813268 1.085043 0.27777 -12.751842 0.020724 0.592902 24.451532 -0.912208 -0.949301 18.100967 -2.26642 2.576551 -2.664459 -0.564104 0.066115 -24.416224 0.334681 -0.116065 -0.000339 -0.000378 0.001763 -0.054413 -0.000481 -0.141912 -0.024397 0.075853 -0.110455 -0.023087 -0.083774 -0.169861 -151.704025 -60.609032 170.559982 29.715107 -38.867176 19.398064 34.922665 -0.409189 0.307303 -4.876118 -4.858221 -2.505325 17.648464 -26.231104 52.296974 -19.463154 -14.383544 29.346676 0.00097 -8.776532 0.008153 16.651684 -18.000244 5.90583 -0.614479 -1.799995 -3.886444 -4.801557 -11.037749 -2.932037 -0.019678 -20.95965 -0.017559 -5.019342 -25.03853 -4.051625 0.010565 -0.019439 0.005935 -10.62832 -5.688293 -3.536367 10.562894 -17.90591 -3.125078 0.010527 -13.808067 -0.020106 -0.494783 -31.139629 -4.04682 -11.158876 -59.668671 7.404358 -13.977441 -7.15129 -2.88092 13.770514 -8.39369 -3.20387 0.344542 -34.220932 0.7683 -0.951651 -17.749191 2.610929 0.002307 0.00626 0.000669 -17.352854 -20.087532 -4.191209 21.762072 -1.636466 3.871665 -0.003864 -6.324718 -0.015265 -1.733619 -22.575573 -6.179812 0.005795 0.00374 -0.010617 21.098076 -63.86261 177.100098 16.772417 -48.043659 14.53295 40.593739 0.205486 0.096234 0.383389 -3.353773 16.731783 22.178226 -20.345112 49.909878 -16.707016 -16.731709 28.457605 0.004624 -12.694122 -0.000985 15.731369 -17.785791 3.006871 -0.102203 -1.517422 -4.259239 -5.049018 -5.618495 -2.953717 -0.009597 -11.036342 0.013606 -6.123463 -15.923857 -3.837996 -0.00314 0.001929 -0.002558 -10.284685 -5.687572 -4.320322 11.024949 -11.31214 -2.377392 -1.396213 -14.261273 -6.301039 -0.636525 -26.943604 -3.832545 -4.72682 -49.222752 -3.067921 -13.71396 -7.379776 -3.695192 18.123621 -14.041358 -3.236484 -0.018873 -18.790335 0.00173 -0.419897 -8.468672 2.546186 -0.010684 -0.000382 0.0018 -15.940608 -20.120424 -5.442965 30.436676 -7.177902 1.723645 -0.004081 -8.17653 -0.000302 -1.839076 -22.885174 -6.198941 -0.016719 0.006246 0.00047 -178.80957 -7.43091 -6.81951 16.278114 -0.070384 0.158025 -82.525696 -1.718151 -9.929928 -5.125456 1.503429 2.129509 -0.996791 0.000594 0.001149 1.613652 -5.373555 -14.425652 16.563147 -0.053943 0.07025 -82.779495 -0.041107 -7.596932 -5.746175 0.69016 1.647059 -0.997385 0.000245 -0.000501 
0.0 0.0 0.0 0.0 -0.0 0.0 0.919263 99.171776 -24.500114 92.976959 0.367418 -177.008118 -5.813873 1.08702 0.28379 -12.759246 0.022979 0.589899 24.454519 -0.891364 -0.95923 18.109489 -2.256562 2.580237 -2.6651 -0.576939 0.080669 -24.459726 0.353625 -0.12755 -0.00068 0.001827 -0.00012 -0.053261 0.001265 -0.13346 -0.028318 0.076532 -0.105445 -0.03246 -0.078425 -0.163517 -151.695572 -60.648407 170.541016 29.737516 -38.871674 19.437155 34.940102 -0.418067 0.35652 -4.900518 -4.861496 -2.521073 17.643768 -26.26556 52.362507 -19.441172 -14.376278 29.36726 0.00687 -8.774308 0.000679 16.654686 -17.989897 5.911492 -0.602036 -1.788241 -3.885518 -4.823958 -11.044126 -2.931592 -0.010873 -20.96842 0.007018 -5.030269 -25.015495 -4.029079 -0.002095 -0.007699 -0.004568 -10.629628 -5.690998 -3.552084 10.549313 -17.893982 -3.115062 -0.012518 -13.806602 -0.021547 -0.537584 -31.143433 -4.024818 -11.062073 -59.646053 7.19744 -13.975574 -7.150996 -2.869149 13.757216 -8.384326 -3.219424 0.305546 -34.166363 0.777505 -0.973738 -17.721939 2.607636 0.011114 -0.0031 0.005754 -17.348719 -20.091455 -4.190402 21.733904 -1.621308 3.848588 -0.005225 -6.330569 -0.000452 -1.721218 -22.580303 -6.180405 -0.00377 -0.010987 -0.004689 21.188932 -63.911961 177.041031 16.815252 -48.098156 14.518814 40.675041 0.208868 0.154995 0.359765 -3.343988 16.61508 22.215391 -20.345306 49.968391 -16.741791 -16.749218 28.482744 -0.001496 -12.694842 -0.002261 15.723241 -17.80715 3.017345 -0.104074 -1.52043 -4.265212 -5.036661 -5.614077 -2.968695 0.00794 -11.029333 -0.015461 -6.103745 -15.925025 -3.847058 -0.008849 5.5e-05 0.006986 -10.28987 -5.691127 -4.326656 11.040993 -11.308396 -2.396878 -1.395969 -14.261149 -6.330513 -0.598034 -26.964338 -3.867581 -4.673682 -49.18256 -3.08151 -13.722366 -7.378236 -3.720535 18.145926 -14.051654 -3.239403 -0.007631 -18.808434 -0.002272 -0.39819 -8.47123 2.537433 -0.000172 0.012216 0.001947 -15.939858 -20.126392 -5.480922 30.435955 -7.200078 1.743365 -0.020057 -8.151918 -0.006898 -1.841415 -22.866949 -6.184841 0.008489 -0.008354 0.014005 -178.858795 -7.398067 -6.839757 16.299223 -0.068175 0.159433 -82.534325 -1.664862 -9.879384 -5.087879 1.489026 2.130913 -1.004033 0.007072 0.000192 1.565355 -5.391299 -14.465512 16.506023 -0.061912 0.072671 -82.702255 -0.039152 -7.588147 -5.734241 0.682869 1.64481 -1.0037 0.003693 -0.000597 
0.0 0.0 0.0 0.0 -0.0 0.0 0.907981 99.18232 -24.521191 92.9785 0.360233 -176.978516 -5.810094 1.093346 0.280283 -12.755867 0.029626 0.599774 24.429377 -0.873102 -0.978824 18.110682 -2.255698 2.569447 -2.655098 -0.582633 0.098426 -24.441124 0.388741 -0.134994 0.0 0.000481 0.00011 -0.051006 0.001855 -0.133222 -0.019678 0.078081 -0.108643 -0.023519 -0.080797 -0.168247 -151.719437 -60.584774 170.553833 29.743849 -38.878223 19.442684 34.929512 -0.457906 0.332908 -4.958575 -4.859423 -2.446969 17.642406 -26.394211 52.49913 -19.462576 -14.401899 29.433084 0.003991 -8.76826 -0.017563 16.640999 -17.970598 5.929449 -0.61052 -1.797192 -3.908774 -4.801664 -11.046079 -2.950091 -0.005762 -20.986546 0.025274 -5.013467 -25.026512 -4.016693 0.010025 -0.001677 -0.001177 -10.635354 -5.68808 -3.553521 10.585519 -17.926933 -3.128911 0.004621 -13.834099 0.010619 -0.509133 -31.187239 -4.022655 -11.306917 -59.818653 7.512669 -13.982032 -7.145552 -2.887094 13.780311 -8.410455 -3.211507 0.36403 -34.223095 0.8026 -0.960944 -17.733553 2.634202 -0.003185 -0.005758 0.007302 -17.334688 -20.097496 -4.226498 21.762854 -1.648171 3.884675 0.00364 -6.342684 0.019096 -1.684195 -22.600729 -6.196741 -0.007476 0.020439 -0.003259 21.171947 -63.886421 177.069733 16.840704 -48.059402 14.412621 40.670673 0.188846 0.153255 0.353657 -3.359728 16.579582 22.175276 -20.31636 49.887062 -16.702799 -16.711262 28.43569 -0.001521 -12.689017 -0.002889 15.727922 -17.793743 2.987218 -0.098528 -1.508988 -4.269402 -5.035125 -5.614397 -2.958467 0.001007 -11.004709 -0.005277 -6.097341 -15.89356 -3.846714 -0.00552 0.008292 0.008346 -10.285446 -5.673934 -4.340061 11.041751 -11.296067 -2.38824 -1.382804 -14.227001 -6.295315 -0.598774 -26.903563 -3.84075 -4.745728 -49.070496 -2.959447 -13.706196 -7.357224 -3.736543 18.13999 -14.062221 -3.219604 0.023747 -18.796844 -0.01609 -0.416628 -8.464737 2.537544 -0.003074 0.018081 0.006249 -15.9118 -20.093632 -5.486205 30.407524 -7.194662 1.736578 -0.003273 -8.159281 -0.003848 -1.857465 -22.867582 -6.189652 -0.003951 0.003388 0.004706 -178.837357 -7.375742 -6.854098 16.230307 -0.068056 0.162276 -82.517334 -1.655607 -9.849195 -5.082056 1.493326 2.129381 -0.997271 -0.002717 -0.000677 1.612223 -5.401493 -14.486606 16.405428 -0.054117 0.067272 -82.618942 -0.049652 -7.578452 -5.745917 0.69279 1.64591 -1.003933 -0.000145 -0.000316 
0.0 0.0 0.0 0.0 -0.0 0.0 0.926664 99.185364 -24.535051 92.986702 0.358372 -176.964722 -5.791485 1.104484 0.277259 -12.750048 0.036535 0.606688 24.395422 -0.860496 -0.992245 18.114994 -2.249542 2.57492 -2.652245 -0.588062 0.096644 -24.42024 0.423717 -0.15357 -0.000257 0.001315 -0.001884 -0.051201 0.003596 -0.135397 -0.021255 0.077604 -0.105464 -0.02001 -0.080501 -0.159865 -151.692734 -60.608803 170.518967 29.699644 -38.860264 19.351318 34.900581 -0.497531 0.331107 -4.979526 -4.858785 -2.331558 17.640028 -26.256067 52.344997 -19.473635 -14.374277 29.38175 0.006487 -8.765839 -0.007854 16.669651 -17.964479 5.908882 -0.609848 -1.795686 -3.904361 -4.800688 -11.045681 -2.94407 0.001881 -20.993031 0.00145 -5.033211 -25.041014 -4.033589 0.001013 -0.011147 -0.0 -10.625253 -5.689364 -3.574494 10.573159 -17.925209 -3.122685 0.005984 -13.823247 -0.00381 -0.462699 -31.186773 -4.066384 -11.20313 -59.920074 7.486091 -13.973475 -7.153207 -2.878131 13.761431 -8.394364 -3.220625 0.361567 -34.214458 0.755986 -0.943583 -17.726063 2.603287 -0.00064 -0.000287 -0.001182 -17.332636 -20.109322 -4.210344 21.759798 -1.636957 3.862326 -0.000818 -6.335349 -0.007844 -1.694502 -22.64423 -6.212387 0.011741 0.005088 0.001046 21.129084 -63.913071 177.125259 16.818708 -48.084114 14.321035 40.704048 0.172182 0.195392 0.384787 -3.381819 16.599081 22.202002 -20.35305 49.965225 -16.712225 -16.742111 28.455315 -0.003111 -12.690404 0.00023 15.729021 -17.789473 2.956302 -0.100136 -1.512828 -4.265985 -5.042717 -5.614142 -2.953832 0.003714 -11.023217 -0.00163 -6.104398 -15.917034 -3.833283 0.005673 -0.006266 -0.009421 -10.300807 -5.682288 -4.320895 11.053138 -11.302165 -2.383233 -1.384526 -14.243984 -6.340831 -0.646243 -26.900513 -3.814522 -4.688601 -49.095585 -3.046872 -13.72235 -7.364861 -3.718899 18.14782 -14.056109 -3.231284 0.002229 -18.776016 -0.017125 -0.410067 -8.453684 2.561927 -0.001085 0.015052 0.010214 -15.936672 -20.101315 -5.471387 30.412312 -7.183795 1.731939 0.004042 -8.155597 0.001761 -1.856798 -22.805616 -6.159125 -0.009441 -0.002453 0.008241 -178.799179 -7.367294 -6.881341 16.188553 -0.072243 0.172894 -82.349625 -1.629602 -9.796426 -5.065731 1.487664 2.124617 -0.989492 -0.002838 0.000932 1.669484 -5.405823 -14.492683 16.340117 -0.049941 0.0674 -82.535934 -0.083681 -7.571227 -5.773047 0.689535 1.647977 -1.000271 0.003019 -0.000583 
0.0 0.0 0.0 0.0 -0.0 0.0 0.896243 99.185318 -24.543507 92.995003 0.358957 -176.95076 -5.791336 1.120444 0.272418 -12.743514 0.038405 0.603809 24.391272 -0.848868 -0.990933 18.119534 -2.241581 2.56913 -2.656827 -0.581687 0.075553 -24.413141 0.471202 -0.172939 0.001515 0.000373 -6.1e-05 -0.0495 0.000198 -0.141847 -0.014034 0.078073 -0.10854 -0.016388 -0.084456 -0.174973 -151.680359 -60.633823 170.487183 29.770357 -38.882095 19.293194 34.957413 -0.556233 0.296697 -5.011858 -4.846045 -2.200227 17.624678 -26.354662 52.491493 -19.45903 -14.421552 29.432108 0.005441 -8.778565 -0.01109 16.647808 -18.011051 5.922105 -0.600428 -1.795777 -3.885828 -4.817153 -11.038712 -2.938131 -0.00071 -20.946743 0.000522 -5.021355 -24.990875 -4.026344 0.007957 0.0 -0.002669 -10.626749 -5.688759 -3.549616 10.581161 -17.913372 -3.116209 -0.009286 -13.810777 -0.010421 -0.518684 -31.181818 -4.006587 -11.213818 -59.832657 7.512895 -13.975667 -7.144555 -2.861767 13.769813 -8.396427 -3.217513 0.354772 -34.16222 0.791359 -0.961943 -17.705626 2.627078 0.003523 0.007588 0.007469 -17.345188 -20.090408 -4.185454 21.76663 -1.643082 3.853366 -0.005397 -6.330972 0.004457 -1.702137 -22.585133 -6.194971 0.0 -0.002677 -0.011591 21.131702 -63.943161 177.138062 16.829344 -48.073391 14.250715 40.712395 0.170561 0.144014 0.389385 -3.406291 16.732479 22.214403 -20.423418 49.996761 -16.695396 -16.76112 28.49456 -0.000517 -12.701394 0.008948 15.742913 -17.793514 3.000001 -0.090318 -1.490593 -4.294753 -5.062144 -5.631307 -2.936456 0.004768 -11.032348 0.010303 -6.112943 -15.888744 -3.816448 -0.00313 -0.005689 0.008279 -10.287176 -5.671317 -4.335822 11.039153 -11.320505 -2.395064 -1.386201 -14.252527 -6.31209 -0.632216 -26.974817 -3.79767 -4.696316 -49.250187 -3.011457 -13.709953 -7.357866 -3.745191 18.141798 -14.077654 -3.204759 0.011898 -18.807224 -0.005401 -0.419473 -8.447453 2.580078 -6.8e-05 0.004296 -0.004296 -15.920979 -20.109755 -5.481309 30.442198 -7.212828 1.744893 -0.004745 -8.175145 -0.007824 -1.892301 -22.898869 -6.174065 -0.005218 -0.002841 -0.002448 -178.835526 -7.367176 -6.889941 16.241777 -0.074007 0.169414 -82.4804 -1.604846 -9.785993 -5.09693 1.474835 2.116158 -0.997739 -4.6e-05 3.9e-05 1.651194 -5.412969 -14.466037 16.358728 -0.0382 0.070153 -82.601158 -0.122805 -7.557762 -5.819773 0.68677 1.64859 -0.997792 -0.000247 7.5e-05 
0.0 0.0 0.0 0.0 -0.0 0.0 0.859533 99.18602 -24.541687 93.006226 0.355275 -176.946289 -5.784128 1.129176 0.25873 -12.724759 0.040825 0.60532 24.360783 -0.835053 -0.994128 18.091286 -2.238761 2.569455 -2.655588 -0.564679 0.057722 -24.361734 0.488182 -0.187189 0.000247 -0.000237 0.001416 -0.047621 -0.000878 -0.138327 -0.016927 0.077174 -0.108824 -0.018971 -0.087409 -0.173649 -151.670105 -60.511585 170.475784 29.731861 -38.845634 19.297041 34.903488 -0.604436 0.312149 -5.016432 -4.866879 -2.08998 17.612913 -26.359158 52.422981 -19.440208 -14.397082 29.41897 -0.005771 -8.769229 0.02098 16.625536 -17.962444 5.955707 -0.60137 -1.795834 -3.90485 -4.802868 -11.037411 -2.943747 -0.012443 -20.949114 0.015556 -5.024328 -24.997845 -4.00889 -0.009381 -0.00273 0.000997 -10.611544 -5.679 -3.579625 10.568896 -17.903452 -3.09128 0.018811 -13.828673 -0.011098 -0.50765 -31.16778 -4.001553 -11.328195 -59.832062 7.561872 -13.946561 -7.137698 -2.89491 13.741757 -8.395364 -3.204708 0.353798 -34.182781 0.80379 -0.9646 -17.736744 2.615838 0.002117 0.000531 0.00312 -17.287119 -20.066874 -4.227116 21.710089 -1.645497 3.860904 0.003926 -6.339997 -0.002506 -1.691681 -22.559151 -6.170404 -0.00199 -0.008836 0.011024 21.015644 -63.858124 177.23378 16.779913 -48.019352 14.215281 40.727562 0.170107 0.181656 0.378727 -3.404174 16.695763 22.176079 -20.36974 49.980446 -16.656199 -16.741297 28.475252 0.010847 -12.675585 0.009891 15.708818 -17.756102 2.980923 -0.098464 -1.506765 -4.274361 -5.045818 -5.609931 -2.968008 0.001019 -11.001504 0.002569 -6.114835 -15.885037 -3.844029 3.4e-05 -0.001115 0.001106 -10.271791 -5.673761 -4.353689 11.015746 -11.278335 -2.376188 -1.392992 -14.216896 -6.327516 -0.630561 -26.902418 -3.798445 -4.664596 -49.02187 -3.020296 -13.691687 -7.361287 -3.72873 18.111082 -14.029241 -3.232652 -0.001942 -18.764601 -0.009258 -0.437974 -8.429412 2.556984 0.003009 0.003214 0.0 -15.900899 -20.07815 -5.500442 30.368479 -7.178142 1.74202 -0.017136 -8.150884 0.023807 -1.841915 -22.821566 -6.173132 -0.001312 0.007404 -0.005396 -178.856613 -7.362295 -6.895072 16.24538 -0.069958 0.178404 -82.371735 -1.579219 -9.757757 -5.096822 1.484076 2.118329 -1.003034 -0.003076 -0.000773 1.626215 -5.412632 -14.446769 16.368761 -0.037521 0.076784 -82.497086 -0.169125 -7.548577 -5.832599 0.683723 1.643292 -1.000853 -0.003231 -0.001212 
0.0 0.0 0.0 0.0 -0.0 0.0 0.848759 99.172569 -24.524515 92.995773 0.351705 -176.917755 -5.799406 1.138546 0.256453 -12.751274 0.042651 0.603803 24.404671 -0.821576 -0.997266 18.096922 -2.238504 2.569666 -2.658114 -0.555744 0.031257 -24.349142 0.507638 -0.231454 0.000379 -0.000256 -4.2e-05 -0.051207 -0.000485 -0.12784 -0.01393 0.079258 -0.096565 -0.01419 -0.088277 -0.157551 -151.690659 -60.641895 170.432434 29.72496 -38.905003 19.30814 34.951939 -0.59193 0.305409 -5.040183 -4.908754 -2.068974 17.648411 -26.325172 52.415695 -19.425228 -14.408506 29.391243 -0.004939 -8.788049 0.005636 16.598385 -17.972654 5.914357 -0.596998 -1.799111 -3.864916 -4.80342 -11.033057 -2.947628 0.00641 -20.964296 0.001031 -5.024652 -25.014601 -4.020589 0.003246 -0.00716 -0.002983 -10.629478 -5.681118 -3.548326 10.577024 -17.889551 -3.116531 0.001608 -13.808043 0.014338 -0.507698 -31.158401 -4.013607 -11.244842 -59.758453 7.44349 -13.973575 -7.137928 -2.863106 13.76611 -8.394825 -3.203183 0.343427 -34.162498 0.785826 -0.955014 -17.720444 2.624489 0.00228 0.000741 0.004559 -17.336863 -20.069544 -4.181681 21.756887 -1.640287 3.85346 -0.007575 -6.34104 0.025202 -1.700139 -22.568285 -6.19222 0.002868 -0.025516 0.003196 21.012419 -64.016418 177.314484 16.7946 -48.070274 14.19365 40.756462 0.175796 0.203783 0.371277 -3.385116 16.591337 22.217358 -20.413256 49.977077 -16.716099 -16.75795 28.471008 -0.008842 -12.692679 0.010166 15.67231 -17.758619 3.014788 -0.092864 -1.5119 -4.273869 -5.03555 -5.605969 -2.956958 -0.001489 -11.012386 -0.008139 -6.111406 -15.891062 -3.812143 -0.003183 0.006263 -9.8e-05 -10.280347 -5.668616 -4.329204 11.040809 -11.29342 -2.369593 -1.37432 -14.216105 -6.30311 -0.637402 -26.896931 -3.825528 -4.768445 -49.067028 -2.947547 -13.709819 -7.359941 -3.722786 18.170406 -14.056097 -3.246316 -0.00753 -18.795391 0.014996 -0.421396 -8.459625 2.558186 -0.006337 0.007388 -0.002903 -15.918089 -20.086952 -5.476153 30.434853 -7.214508 1.743705 -0.006499 -8.153366 -0.000673 -1.852417 -22.846846 -6.137496 0.001596 -0.003473 0.006069 -178.94722 -7.384469 -6.877534 16.393114 -0.06924 0.174035 -82.606506 -1.543684 -9.763765 -5.115397 1.475674 2.120154 -1.011511 0.003207 -0.000407 1.538675 -5.421392 -14.423569 16.532652 -0.041689 0.073064 -82.608444 -0.237361 -7.525366 -5.842092 0.671671 1.644377 -1.001073 -0.003524 -0.000351 
0.0 0.0 0.0 0.0 -0.0 0.0 0.866028 99.165367 -24.549358 92.992043 0.342276 -176.916107 -5.810029 1.140191 0.246171 -12.742411 0.04627 0.597048 24.400841 -0.818489 -0.995219 18.084894 -2.240298 2.5685 -2.664819 -0.546383 0.015597 -24.345951 0.518215 -0.270143 0.0 0.000185 0.00173 -0.049647 -0.000402 -0.114005 -0.007471 0.081893 -0.08435 -0.014557 -0.090281 -0.152186 -151.688843 -60.660442 170.394302 29.706863 -38.974091 19.449961 34.929371 -0.566398 0.287551 -5.052526 -4.967523 -2.055546 17.651068 -26.378582 52.488724 -19.472141 -14.409295 29.429052 -0.003009 -8.781051 0.003025 16.645872 -17.988493 5.952211 -0.611457 -1.794014 -3.901826 -4.816646 -11.06548 -2.917815 -0.00307 -21.025967 -0.000364 -5.024721 -25.080549 -4.022876 0.000149 -0.012153 -0.008517 -10.647587 -5.69907 -3.539799 10.585007 -17.954754 -3.111821 0.013898 -13.852207 0.00885 -0.506121 -31.237741 -4.017592 -11.353224 -59.961208 7.620932 -14.004217 -7.162731 -2.862245 13.796451 -8.401227 -3.213902 0.35117 -34.233727 0.79133 -0.966803 -17.731188 2.639333 -0.003249 -0.002771 -0.003772 -17.373383 -20.1373 -4.19199 21.798733 -1.637693 3.889934 -0.005505 -6.337792 -0.018403 -1.69524 -22.671953 -6.200643 -0.016652 0.004581 -0.00427 21.003851 -64.013695 177.351379 16.789938 -48.064041 14.204612 40.780418 0.207993 0.180792 0.393199 -3.368081 16.450727 22.204477 -20.397644 49.948265 -16.718269 -16.759098 28.499224 0.001574 -12.690445 -0.011378 15.6848 -17.777332 3.022127 -0.094908 -1.509411 -4.27909 -5.040649 -5.618706 -2.961049 -0.015203 -11.027201 0.007671 -6.108807 -15.906928 -3.832006 -0.002392 -0.001564 0.0 -10.276219 -5.676302 -4.344982 11.030374 -11.313377 -2.370257 -1.37281 -14.250433 -6.323417 -0.643361 -26.956263 -3.822825 -4.735065 -49.18198 -2.999593 -13.7034 -7.36493 -3.715222 18.142431 -14.055089 -3.242622 -0.008863 -18.791721 0.007255 -0.415786 -8.442579 2.560272 -0.000985 -0.003379 -0.007947 -15.907552 -20.099926 -5.483722 30.388414 -7.180229 1.74315 0.016274 -8.17077 0.01784 -1.86608 -22.847418 -6.176901 -0.00223 0.000792 -0.003053 -178.969162 -7.363026 -6.881782 16.455551 -0.070149 0.185767 -82.682663 -1.509944 -9.740535 -5.116995 1.465118 2.117691 -0.997471 0.003532 0.000549 1.523417 -5.454717 -14.428537 16.589233 -0.045311 0.073999 -82.701843 -0.221782 -7.566456 -5.84167 0.672565 1.643627 -0.99157 -0.000188 0.001227 
0.0 0.0 0.0 0.0 -0.0 0.0 0.873164 99.163773 -24.548616 92.982742 0.338996 -176.932022 -5.818598 1.144629 0.246839 -12.742421 0.049416 0.585242 24.392056 -0.819995 -0.995035 18.067524 -2.225036 2.546289 -2.66757 -0.525631 0.029827 -24.313276 0.494545 -0.272386 -0.000293 0.000245 -0.001517 -0.053296 0.00138 -0.112109 -0.016266 0.08278 -0.081031 -0.015156 -0.087281 -0.146847 -151.674179 -60.627342 170.375641 29.70167 -38.945927 19.470812 34.94138 -0.533639 0.339981 -5.082111 -5.016959 -2.127136 17.667049 -26.369356 52.51556 -19.461731 -14.424057 29.458149 -0.002426 -8.785129 0.010077 16.596712 -18.009142 5.939448 -0.601779 -1.799776 -3.894114 -4.820711 -11.049092 -2.921065 -0.005304 -20.987835 0.002454 -5.017741 -25.018538 -4.049631 -0.007984 0.009406 0.00573 -10.647157 -5.695215 -3.533385 10.605836 -17.926924 -3.137638 0.006819 -13.828972 0.023805 -0.503634 -31.168779 -4.044373 -11.19501 -59.765747 7.497155 -14.007323 -7.158362 -2.855403 13.798521 -8.400677 -3.218222 0.349766 -34.239399 0.774741 -0.977711 -17.742134 2.625295 -0.007561 0.008617 0.004535 -17.363781 -20.104671 -4.19649 21.781296 -1.649059 3.871041 -0.00254 -6.330696 0.00563 -1.693256 -22.606966 -6.196313 -0.007748 -0.011546 0.008327 20.990677 -63.991428 177.342117 16.818888 -48.037552 14.186632 40.746456 0.240481 0.212797 0.439205 -3.359867 16.239775 22.221867 -20.356117 49.933975 -16.70895 -16.744057 28.475468 0.000737 -12.689884 0.000154 15.658319 -17.764622 3.018501 -0.103408 -1.509282 -4.273477 -5.040488 -5.61442 -2.966702 0.00895 -11.025271 -0.001848 -6.118744 -15.892923 -3.815888 -0.002223 -0.000717 7e-06 -10.286605 -5.676213 -4.340207 11.040447 -11.306197 -2.377503 -1.379853 -14.243538 -6.326373 -0.62867 -26.906891 -3.809987 -4.730459 -49.104858 -3.007475 -13.713354 -7.359898 -3.72281 18.170376 -14.068788 -3.251474 0.01365 -18.795578 0.001075 -0.422602 -8.456577 2.558524 -0.008858 0.009451 -0.007377 -15.917628 -20.098682 -5.461527 30.430508 -7.206753 1.727808 -0.00133 -8.161064 -0.006547 -1.846194 -22.859793 -6.171508 0.011092 0.0 -0.00364 -178.968231 -7.361849 -6.890958 16.461498 -0.067121 0.190344 -82.671837 -1.501401 -9.728609 -5.103748 1.496753 2.1272 -0.99406 -0.003233 0.000118 1.506342 -5.462999 -14.454895 16.612345 -0.051593 0.07431 -82.704781 -0.20821 -7.580274 -5.832699 0.68341 1.649519 -0.997997 0.003098 0.00117 
0.0 0.0 0.0 0.0 -0.0 0.0 0.868404 99.160194 -24.553659 92.970047 0.33933 -176.947876 -5.820189 1.152532 0.247199 -12.754512 0.052176 0.58445 24.39266 -0.818316 -0.99696 18.058138 -2.203781 2.53324 -2.655768 -0.516577 0.058704 -24.308577 0.465582 -0.299414 0.0 0.000215 0.001492 -0.051704 0.00372 -0.105495 -0.018074 0.084444 -0.074425 -0.020273 -0.084501 -0.143873 -151.672028 -60.58477 170.387665 29.688831 -38.928082 19.46678 34.937397 -0.559824 0.32906 -5.099908 -5.043578 -2.092313 17.692829 -26.353821 52.476822 -19.481428 -14.397726 29.418512 0.002774 -8.784333 -0.006181 16.635391 -18.028677 5.924363 -0.616972 -1.793543 -3.921445 -4.808632 -11.047747 -2.921367 0.010652 -20.986597 -0.001989 -5.000303 -25.040571 -4.01477 -0.008773 0.006643 0.006915 -10.650474 -5.689813 -3.588592 10.588671 -17.919512 -3.100937 0.007975 -13.823511 -0.001687 -0.481813 -31.226017 -4.025079 -11.249429 -59.825165 7.514981 -13.998619 -7.156658 -2.894828 13.790952 -8.404586 -3.226532 0.375936 -34.281483 0.758115 -0.962569 -17.745739 2.645532 0.010524 -0.000271 -0.018913 -17.364714 -20.111187 -4.235962 21.783693 -1.640745 3.8806 0.004833 -6.346503 0.004585 -1.709983 -22.605337 -6.197878 0.005792 -0.006027 -0.003675 20.94957 -63.961376 177.348373 16.797777 -48.032955 14.253834 40.659458 0.284573 0.21329 0.507002 -3.334938 16.111477 22.156258 -20.349241 49.907032 -16.693342 -16.728449 28.469765 0.002086 -12.662963 0.003307 15.640025 -17.744806 2.993689 -0.116585 -1.52431 -4.286079 -5.038695 -5.613899 -2.940778 0.007229 -11.022625 -0.010528 -6.129314 -15.882404 -3.83997 -0.000656 0.006256 -0.009791 -10.286578 -5.6898 -4.34882 11.025705 -11.296104 -2.386421 -1.399323 -14.234141 -6.293823 -0.607184 -26.922985 -3.848886 -4.668947 -49.041122 -3.094831 -13.719248 -7.377983 -3.72054 18.146664 -14.041601 -3.256201 0.016367 -18.796101 0.005211 -0.447827 -8.430578 2.555627 0.016844 -0.007458 -0.004048 -15.921076 -20.107584 -5.485712 30.409313 -7.189084 1.734546 0.00131 -8.172205 -0.014689 -1.875069 -22.859156 -6.151531 0.00025 -0.008681 -0.00893 -179.003799 -7.356503 -6.897915 16.500494 -0.07305 0.179053 -82.585403 -1.502692 -9.680982 -5.074821 1.501355 2.125947 -0.999662 -0.000304 -0.000659 1.467539 -5.47955 -14.484834 16.670826 -0.056479 0.059047 -82.817505 -0.176561 -7.630599 -5.852952 0.695682 1.649836 -0.997827 -0.003079 -0.001661 
0.0 0.0 0.0 0.0 -0.0 0.0 0.826735 99.163857 -24.570709 92.956085 0.338957 -176.946777 -5.827272 1.160237 0.246647 -12.735572 0.060545 0.590959 24.375801 -0.827369 -1.005029 18.055737 -2.174804 2.5351 -2.667083 -0.506351 0.03116 -24.277269 0.456621 -0.309576 0.000295 -0.000158 -0.001477 -0.051642 0.002332 -0.106696 -0.021175 0.082218 -0.072293 -0.020483 -0.082514 -0.13656 -151.737549 -60.5644 170.449402 29.658733 -38.933186 19.47578 34.938168 -0.56455 0.308949 -5.103056 -5.0502 -2.163815 17.65769 -26.344538 52.483017 -19.471085 -14.39689 29.430914 0.005526 -8.782693 0.002018 16.605593 -18.038366 5.935299 -0.603018 -1.798689 -3.882044 -4.819206 -11.054115 -2.937632 -0.01371 -20.975843 -0.009625 -5.02179 -25.037731 -4.042413 -0.002351 0.002003 0.001014 -10.639174 -5.700713 -3.560507 10.567135 -17.925184 -3.100147 0.005086 -13.827271 -0.009363 -0.510836 -31.171659 -4.017595 -11.222581 -59.74799 7.460258 -13.984904 -7.156425 -2.887546 13.769541 -8.406878 -3.200767 0.343828 -34.207329 0.786848 -0.973539 -17.702881 2.618808 -0.002303 -0.002768 0.000465 -17.367197 -20.126736 -4.206923 21.777607 -1.628283 3.877822 0.001741 -6.35212 0.012099 -1.706721 -22.607302 -6.196019 -1e-06 0.009713 -0.006926 20.883345 -63.868347 177.392288 16.727142 -47.932819 14.372504 40.66188 0.364138 0.232515 0.530331 -3.337596 16.055517 22.19379 -20.306971 49.916664 -16.656855 -16.723467 28.44488 0.020325 -12.686595 -0.02243 15.728114 -17.814411 2.997466 -0.111074 -1.501751 -4.291341 -5.047707 -5.618577 -2.937262 -0.000342 -11.024184 -0.006489 -6.116061 -15.897598 -3.826526 -0.005456 0.000341 -0.002666 -10.285475 -5.68194 -4.354582 11.017596 -11.298243 -2.373598 -1.393613 -14.250282 -6.322818 -0.665255 -26.921705 -3.812033 -4.632997 -49.079437 -3.117156 -13.716303 -7.36834 -3.734799 18.119028 -14.033783 -3.220217 -0.009983 -18.778925 -0.013047 -0.429171 -8.452167 2.535769 0.000934 6.5e-05 0.000301 -15.939582 -20.113867 -5.485128 30.385077 -7.165494 1.740619 0.011305 -8.169436 -0.004125 -1.905038 -22.844555 -6.154673 0.005362 0.006579 -0.00153 -179.06459 -7.345695 -6.90102 16.539635 -0.075671 0.187972 -82.704033 -1.50867 -9.67308 -5.091248 1.48088 2.119831 -0.99729 0.002699 -0.000374 1.420081 -5.497777 -14.501757 16.668291 -0.052246 0.07135 -82.688538 -0.156817 -7.611561 -5.843966 0.688887 1.652133 -1.004326 0.006725 0.000337 
0.0 0.0 0.0 0.0 -0.0 0.0 0.795595 99.175819 -24.56542 92.950554 0.34497 -176.963409 -5.829782 1.170668 0.241027 -12.726409 0.065104 0.600059 24.358961 -0.840387 -0.997382 18.024612 -2.143345 2.517631 -2.668366 -0.497969 0.010116 -24.231783 0.457231 -0.322783 -0.0 0.000212 -0.001508 -0.053651 0.002827 -0.11534 -0.024744 0.081379 -0.084485 -0.017313 -0.08332 -0.139983 -151.737228 -60.538513 170.45488 29.591713 -38.900932 19.411041 34.959709 -0.576576 0.297308 -5.108371 -5.076893 -2.156597 17.628622 -26.294415 52.409176 -19.456572 -14.380159 29.381578 0.000919 -8.774425 -0.000304 16.610725 -18.032888 5.916573 -0.608247 -1.793736 -3.894014 -4.811687 -11.051932 -2.934347 -0.006835 -20.982225 0.004672 -5.022434 -25.050186 -4.045437 0.001545 0.002952 0.001916 -10.637308 -5.694302 -3.555831 10.559008 -17.915768 -3.131865 0.003008 -13.837328 -0.004208 -0.523547 -31.201441 -4.038052 -11.144844 -59.928169 7.299959 -13.985762 -7.154868 -2.892007 13.758875 -8.40517 -3.20837 0.341773 -34.232727 0.78094 -0.946083 -17.736916 2.604597 -0.0 0.002776 -0.001979 -17.358595 -20.117001 -4.202985 21.75057 -1.626911 3.867736 -0.005623 -6.33227 -0.001031 -1.698209 -22.622854 -6.198403 -0.00538 0.003917 4.1e-05 20.884598 -63.854683 177.366364 16.726255 -47.919857 14.450892 40.572914 0.35955 0.22704 0.541412 -3.317247 15.954115 22.163498 -20.358074 49.943596 -16.694048 -16.736723 28.48068 -0.001031 -12.680866 -0.017716 15.712147 -17.78826 2.998858 -0.092077 -1.517313 -4.273974 -5.040041 -5.610801 -2.957398 -0.012372 -11.01712 0.016135 -6.115444 -15.89002 -3.857886 0.000811 -0.00162 0.00113 -10.26753 -5.677783 -4.336069 11.017843 -11.303106 -2.352711 -1.386523 -14.237141 -6.310277 -0.615751 -26.940601 -3.846602 -4.720417 -49.140011 -2.996382 -13.682275 -7.357282 -3.709345 18.106394 -14.033345 -3.241571 0.009856 -18.763521 0.003909 -0.450345 -8.439731 2.563618 0.002038 0.005747 0.008149 -15.890761 -20.09152 -5.472659 30.366245 -7.174272 1.7462 0.002162 -8.156595 -0.000576 -1.841828 -22.850748 -6.161925 -0.008761 0.008007 -0.000175 -179.050034 -7.345691 -6.901848 16.453791 -0.073087 0.188816 -82.560242 -1.533786 -9.667432 -5.104068 1.484891 2.125003 -1.000591 -0.000367 -0.001769 1.424524 -5.482613 -14.491821 16.585899 -0.049111 0.07261 -82.608292 -0.126579 -7.609879 -5.819574 0.682 1.648941 -0.997653 0.003548 0.000287 
0.0 0.0 0.0 0.0 -0.0 0.0 0.782085 99.176147 -24.527134 92.93779 0.34886 -176.985138 -5.838283 1.178632 0.241009 -12.724502 0.066227 0.609658 24.358006 -0.84478 -0.989803 17.996042 -2.120045 2.523257 -2.679784 -0.494104 -0.06651 -24.239174 0.470737 -0.32902 -0.000229 3.5e-05 -0.001504 -0.055207 0.001257 -0.12756 -0.024833 0.081115 -0.099952 -0.027305 -0.084844 -0.152664 -151.706314 -60.474453 170.412659 29.561209 -38.903065 19.400867 34.980812 -0.590194 0.2896 -5.086052 -5.092787 -2.234854 17.60528 -26.281366 52.447243 -19.442678 -14.383557 29.391333 0.01477 -8.768824 -0.010504 16.653233 -18.07115 5.918094 -0.615126 -1.794014 -3.913014 -4.823332 -11.04832 -2.928478 -0.019804 -20.968845 -0.004363 -5.032053 -25.05444 -4.043511 0.01217 0.002077 -0.00982 -10.648898 -5.697086 -3.589157 10.561804 -17.899473 -3.085324 -0.013522 -13.799932 -0.005391 -0.513193 -31.117157 -4.058441 -11.153897 -59.567741 7.278927 -13.995011 -7.159011 -2.898543 13.761843 -8.38934 -3.203027 0.323437 -34.19009 0.76793 -0.958645 -17.725449 2.600723 -0.005314 -0.000852 -0.00197 -17.35236 -20.099079 -4.232961 21.755682 -1.637641 3.885114 -0.015247 -6.320728 -0.021999 -1.723355 -22.560394 -6.160498 0.008811 0.000603 -0.002182 20.888096 -63.843788 177.318939 16.754162 -47.952579 14.485996 40.595734 0.350756 0.183118 0.510446 -3.332122 15.902767 22.193861 -20.377813 49.994171 -16.706257 -16.726252 28.47983 0.011316 -12.688754 -0.014327 15.745576 -17.834108 2.990715 -0.099223 -1.517043 -4.254272 -5.040152 -5.617113 -2.96095 -0.004153 -11.028768 -0.014007 -6.107872 -15.915687 -3.829733 -1e-06 -0.012021 0.008347 -10.280817 -5.688195 -4.330595 11.035305 -11.300562 -2.380594 -1.404097 -14.238346 -6.337004 -0.644804 -26.937382 -3.81274 -4.681275 -49.211102 -3.084938 -13.702632 -7.372313 -3.705045 18.13755 -14.050886 -3.249707 -0.002344 -18.801029 -0.012468 -0.451178 -8.447562 2.563091 0.0 -0.0 0.0 -15.930264 -20.111883 -5.4735 30.427038 -7.187814 1.742335 -0.008411 -8.163237 0.007843 -1.85418 -22.843081 -6.158324 -0.006272 0.000806 0.004798 -179.059601 -7.375221 -6.895138 16.437197 -0.068111 0.190022 -82.486694 -1.537058 -9.714441 -5.110743 1.479151 2.123475 -0.999628 -0.00324 -0.00258 1.376269 -5.459457 -14.479077 16.628349 -0.049314 0.070279 -82.59864 -0.11184 -7.597915 -5.809141 0.682287 1.646967 -1.000747 0.003639 0.001113 
0.0 0.0 0.0 0.0 -0.0 0.0 0.770871 99.178238 -24.519072 92.929291 0.346581 -177.004166 -5.849422 1.182882 0.243303 -12.727861 0.059513 0.610251 24.376245 -0.853043 -0.978516 17.970015 -2.116097 2.519369 -2.692034 -0.502862 -0.093194 -24.256035 0.475661 -0.347814 0.000236 9.9e-05 -0.000252 -0.056024 0.000222 -0.135321 -0.019334 0.082809 -0.107525 -0.021791 -0.089632 -0.16654 -151.673843 -60.436684 170.358582 29.548969 -38.890881 19.415411 35.01844 -0.608688 0.270551 -5.11365 -5.101398 -2.272534 17.656172 -26.299952 52.383987 -19.455952 -14.3698 29.383741 -0.001755 -8.766652 -0.00432 16.606173 -18.011585 5.943514 -0.60216 -1.797066 -3.885287 -4.806944 -11.046055 -2.935838 0.0188 -20.998434 -0.023785 -5.006816 -25.0867 -4.028579 0.006285 -0.00166 -0.000103 -10.626483 -5.6842 -3.564284 10.582434 -17.933811 -3.129821 0.001942 -13.821819 0.020414 -0.460901 -31.2206 -4.047915 -11.263381 -59.825417 7.51059 -13.963635 -7.146577 -2.878479 13.743652 -8.394044 -3.232122 0.351157 -34.209114 0.801802 -0.943714 -17.745779 2.61668 -0.007766 0.002133 0.000729 -17.315014 -20.099684 -4.215045 21.71336 -1.638735 3.85814 0.002972 -6.345801 0.004035 -1.686339 -22.590637 -6.202329 0.009746 0.006944 -0.015244 20.916084 -63.844803 177.304657 16.828169 -47.928341 14.440844 40.575871 0.318032 0.161092 0.458451 -3.314416 15.841905 22.20739 -20.393209 49.912674 -16.655197 -16.761848 28.45438 0.003508 -12.686762 -0.003282 15.683523 -17.812754 3.044363 -0.090167 -1.504453 -4.27959 -5.036418 -5.607293 -2.951004 -0.007822 -11.013665 0.022181 -6.123952 -15.907204 -3.822815 0.007943 0.003469 -0.009337 -10.264241 -5.67002 -4.335013 11.009324 -11.290992 -2.365833 -1.405383 -14.211138 -6.306149 -0.649251 -26.933786 -3.802145 -4.748027 -49.125229 -2.993021 -13.69336 -7.360126 -3.727913 18.118294 -14.02649 -3.222977 -0.030763 -18.79044 0.004851 -0.447281 -8.458329 2.572467 0.007281 0.002752 0.006438 -15.911729 -20.06867 -5.471471 30.418139 -7.176171 1.746005 -0.013206 -8.163985 0.015476 -1.883909 -22.858959 -6.164502 -0.002363 0.002124 -0.002534 -179.064407 -7.375745 -6.921361 16.420294 -0.06785 0.179024 -82.492714 -1.524379 -9.760015 -5.114191 1.464981 2.117957 -1.003444 0.007244 0.002436 1.350342 -5.461722 -14.476851 16.642759 -0.044215 0.077177 -82.624512 -0.11656 -7.630576 -5.80553 0.691619 1.651886 -0.997042 0.000979 -0.001227 
0.0 0.0 0.0 0.0 -0.0 0.0 0.807815 99.172539 -24.536104 92.926872 0.348556 -177.029617 -5.857801 1.182493 0.241332 -12.737279 0.054008 0.597085 24.397997 -0.856238 -0.953511 17.939743 -2.126448 2.513856 -2.685981 -0.521434 -0.089057 -24.291798 0.483825 -0.375392 0.000125 0.000424 0.002915 -0.05122 -0.001671 -0.134908 -0.024412 0.083926 -0.106236 -0.017824 -0.093742 -0.164448 -151.696671 -60.405449 170.378723 29.562284 -38.871658 19.417616 34.987335 -0.61935 0.27218 -5.094432 -5.053432 -2.299917 17.641972 -26.295414 52.368473 -19.437935 -14.393656 29.395704 -0.002551 -8.76965 -0.003837 16.605185 -18.013014 5.950499 -0.601138 -1.795693 -3.883788 -4.81008 -11.036772 -2.934688 0.007915 -20.966526 -0.004196 -5.011127 -25.026051 -4.028702 0.002087 -0.0 0.002795 -10.616579 -5.685384 -3.560071 10.545077 -17.899485 -3.104588 0.00083 -13.81466 -0.014126 -0.521652 -31.136827 -4.008174 -11.296011 -59.761047 7.506573 -13.965552 -7.146623 -2.861287 13.752239 -8.38957 -3.228378 0.341154 -34.171684 0.789366 -0.958781 -17.717901 2.612902 0.007694 0.000591 -0.007312 -17.324333 -20.08074 -4.195582 21.727417 -1.63232 3.860696 0.003687 -6.343474 -0.003131 -1.702198 -22.543631 -6.192356 0.008558 -0.005169 -0.003197 20.984753 -63.889111 177.27005 16.934893 -47.979614 14.386619 40.607258 0.293591 0.159196 0.454987 -3.313326 15.816536 22.233051 -20.377836 49.943195 -16.69599 -16.756348 28.491016 0.007472 -12.719365 -0.012457 15.724727 -17.833012 2.999617 -0.096819 -1.514764 -4.288568 -5.043877 -5.604714 -2.935662 -0.002681 -11.031006 0.007767 -6.115745 -15.90372 -3.841223 0.000651 -0.002391 0.001446 -10.282351 -5.685872 -4.355094 11.022249 -11.292769 -2.348699 -1.398989 -14.247245 -6.323885 -0.64406 -26.923914 -3.808239 -4.679095 -49.146267 -3.047443 -13.720813 -7.368747 -3.720276 18.16119 -14.047984 -3.240371 -0.019376 -18.79565 0.017043 -0.440263 -8.468485 2.569227 0.015894 -0.007547 -0.004393 -15.942081 -20.10252 -5.474546 30.460445 -7.189585 1.755849 0.004356 -8.178945 0.00759 -1.860255 -22.856657 -6.180651 0.003084 -0.000744 -0.005632 -179.045822 -7.370543 -6.958526 16.437393 -0.067939 0.177049 -82.598473 -1.509237 -9.804584 -5.125391 1.484286 2.122065 -0.99663 -0.005389 -0.001445 1.367291 -5.482582 -14.501892 16.654324 -0.035853 0.072081 -82.688675 -0.059884 -7.68516 -5.809041 0.687844 1.65151 -0.990809 0.004295 0.001213 
0.0 0.0 0.0 0.0 -0.0 0.0 0.818999 99.161301 -24.535002 92.922966 0.356143 -177.08194 -5.856076 1.181916 0.241592 -12.747037 0.053003 0.602358 24.404598 -0.852989 -0.936845 17.919561 -2.145962 2.516901 -2.682359 -0.523508 -0.07916 -24.348808 0.479902 -0.410479 -2.8e-05 0.000224 0.00028 -0.051179 -0.001883 -0.129036 -0.017394 0.087673 -0.100203 -0.019102 -0.09852 -0.15829 -151.720688 -60.303726 170.442886 29.515249 -38.750275 19.437975 34.968884 -0.607469 0.270558 -5.126245 -5.041445 -2.333174 17.625589 -26.247374 52.351036 -19.431711 -14.397508 29.396858 0.008613 -8.77153 -0.002655 16.608013 -18.065472 5.956134 -0.595926 -1.787006 -3.890082 -4.808537 -11.032796 -2.925373 -0.001763 -20.940487 -0.015921 -5.008627 -25.019625 -4.049425 -0.01364 0.006677 0.005737 -10.623605 -5.683797 -3.563793 10.556845 -17.891712 -3.099246 0.001749 -13.80968 0.00268 -0.488333 -31.184698 -4.04288 -11.202255 -59.75835 7.421432 -13.975114 -7.140438 -2.874014 13.772859 -8.379516 -3.208381 0.34694 -34.130821 0.764533 -0.953955 -17.710524 2.608342 0.012544 -0.008872 -0.001627 -17.349995 -20.075264 -4.199453 21.768696 -1.625279 3.863672 -0.002923 -6.328128 -0.002164 -1.724778 -22.566519 -6.193208 0.008808 -0.002165 -0.003245 20.968916 -63.797363 177.261063 16.87904 -47.873917 14.426785 40.593536 0.308013 0.152588 0.456228 -3.293973 15.738042 22.154062 -20.334805 49.89645 -16.662117 -16.724091 28.43363 0.015527 -12.693605 0.002062 15.729216 -17.779158 2.962709 -0.109476 -1.510386 -4.258804 -5.03138 -5.613526 -2.975129 -0.014394 -11.025049 0.017392 -6.122001 -15.895999 -3.839354 -0.003958 0.004286 0.011058 -10.28091 -5.677878 -4.310897 11.011507 -11.28722 -2.372213 -1.392528 -14.2258 -6.319269 -0.640258 -26.88483 -3.833972 -4.667232 -49.029022 -3.066058 -13.702204 -7.364403 -3.701618 18.113203 -14.024659 -3.2176 -0.006088 -18.769114 -0.006822 -0.435619 -8.455851 2.561448 0.0 0.007725 0.003545 -15.924891 -20.09639 -5.449202 30.394213 -7.161482 1.750209 -0.016659 -8.158772 0.002185 -1.860211 -22.812279 -6.180772 -0.001829 -0.001281 -0.00013 -179.069946 -7.382986 -6.992149 16.529737 -0.068077 0.181452 -82.614632 -1.491766 -9.832991 -5.118431 1.482191 2.122904 -0.997082 0.000935 0.001475 1.316402 -5.499453 -14.524413 16.753366 -0.033672 0.074062 -82.723984 -0.013134 -7.725568 -5.815145 0.7103 1.65628 -1.000996 0.002062 -0.000344 
0.0 0.0 0.0 0.0 -0.0 0.0 0.840458 99.156601 -24.501165 92.921616 0.362521 -177.135773 -5.869283 1.177698 0.232613 -12.741997 0.053638 0.617548 24.427229 -0.852892 -0.930416 17.881754 -2.168511 2.514565 -2.670604 -0.513691 -0.047315 -24.353514 0.49246 -0.415894 0.000231 0.000158 1e-06 -0.045799 -0.001612 -0.12408 -0.013795 0.089432 -0.093621 -0.020817 -0.099768 -0.154818 -151.725052 -60.411922 170.438385 29.58744 -38.796612 19.455078 34.973656 -0.606327 0.290753 -5.129722 -5.051986 -2.38863 17.609406 -26.302774 52.432606 -19.462141 -14.387759 29.430422 0.000601 -8.767621 -0.009534 16.631851 -18.091864 5.989968 -0.597958 -1.795967 -3.872337 -4.797855 -11.042615 -2.949354 -0.002419 -20.974026 0.019085 -4.998681 -25.053431 -4.052835 0.01545 -0.00183 -0.002152 -10.622686 -5.687118 -3.531388 10.577705 -17.921455 -3.132576 0.008805 -13.828177 -0.016412 -0.47847 -31.256439 -4.014211 -11.272511 -60.070953 7.507894 -13.974668 -7.139561 -2.850868 13.77032 -8.397912 -3.229731 0.384237 -34.192112 0.751938 -0.957507 -17.713818 2.641355 0.002609 -0.000277 0.004545 -17.319874 -20.077267 -4.173872 21.726507 -1.635136 3.848747 0.014965 -6.349352 -0.014471 -1.667912 -22.587204 -6.190292 -0.007073 -0.001453 0.000587 21.007061 -63.899632 177.217026 16.904646 -47.959774 14.41722 40.611675 0.276662 0.189666 0.463292 -3.276622 15.656457 22.21768 -20.344519 49.897552 -16.68993 -16.719896 28.438387 -0.000268 -12.696779 -0.007922 15.717631 -17.752504 2.987276 -0.107319 -1.524047 -4.267875 -5.032815 -5.610219 -2.954062 0.003849 -11.028697 -0.009727 -6.128959 -15.916505 -3.811871 0.000676 0.005782 0.001447 -10.290727 -5.688718 -4.342271 11.028642 -11.300741 -2.368135 -1.38311 -14.255789 -6.301955 -0.644969 -26.930075 -3.853886 -4.682237 -49.170322 -3.065064 -13.722004 -7.368943 -3.705924 18.157274 -14.052906 -3.251896 -0.013936 -18.791954 -0.00089 -0.431477 -8.461446 2.574104 -0.006772 -0.015267 0.001336 -15.942012 -20.103765 -5.456028 30.450394 -7.202732 1.761756 0.013753 -8.16549 -0.008904 -1.855679 -22.839611 -6.173748 0.003881 5.5e-05 -0.00597 -179.035477 -7.408144 -7.026813 16.510609 -0.075466 0.187688 -82.630753 -1.48231 -9.87634 -5.108025 1.484523 2.118595 -0.997382 0.000494 0.001304 1.298331 -5.48592 -14.558564 16.797832 -0.033564 0.076763 -82.687729 0.055327 -7.73111 -5.839037 0.711155 1.656755 -1.001381 0.002284 0.0005 
0.0 0.0 0.0 0.0 -0.0 0.0 0.838624 99.145302 -24.481783 92.936394 0.37941 -177.217819 -5.8768 1.178523 0.223447 -12.739672 0.054693 0.622379 24.442188 -0.853679 -0.917594 17.81267 -2.189703 2.521252 -2.676029 -0.508462 -0.036089 -24.331196 0.503627 -0.415495 -0.000123 0.000243 -0.002913 -0.044393 -0.001663 -0.123892 -0.019337 0.087758 -0.09168 -0.021127 -0.098505 -0.156714 -151.729111 -60.501892 170.419067 29.714985 -38.822357 19.453804 34.958195 -0.615314 0.28236 -5.124923 -5.087524 -2.406099 17.6742 -26.28735 52.341316 -19.494364 -14.406059 29.398996 -0.015093 -8.768445 -0.004165 16.624344 -18.089258 5.985122 -0.604752 -1.789692 -3.911948 -4.791058 -11.041371 -2.926397 0.024586 -20.977016 0.006847 -4.99158 -24.971674 -4.029183 0.002086 -0.004771 0.006777 -10.624076 -5.672234 -3.58458 10.608078 -17.936361 -3.110258 0.010133 -13.818939 0.00405 -0.468734 -31.165236 -4.020471 -11.276416 -59.837177 7.480814 -13.963051 -7.129735 -2.887956 13.774996 -8.421227 -3.222924 0.390708 -34.230022 0.774136 -0.934275 -17.756035 2.632324 0.001298 0.005157 -0.001108 -17.292715 -20.072968 -4.224617 21.741983 -1.664568 3.863887 0.007655 -6.335084 -0.012372 -1.660609 -22.580387 -6.186765 -0.002753 -0.007906 0.007254 21.009521 -64.036079 177.20546 16.952604 -48.041992 14.464249 40.594841 0.252317 0.162718 0.498844 -3.292469 15.636533 22.21962 -20.352407 49.878201 -16.736414 -16.744293 28.481344 -0.01572 -12.704559 -0.015748 15.734688 -17.782328 2.970772 -0.108447 -1.499504 -4.297384 -5.026922 -5.617986 -2.941085 0.01809 -11.04446 0.01595 -6.087801 -15.8967 -3.850897 -0.003334 -0.005792 0.00847 -10.273865 -5.655695 -4.355557 11.038197 -11.341908 -2.36401 -1.363242 -14.255621 -6.332443 -0.614475 -26.946051 -3.79507 -4.679898 -49.159626 -2.949822 -13.694594 -7.338106 -3.721663 18.156124 -14.087619 -3.248296 0.02638 -18.800262 -0.005289 -0.417156 -8.467706 2.531638 -0.006464 0.012674 0.011105 -15.894252 -20.087652 -5.485838 30.409645 -7.230287 1.728011 0.007793 -8.163245 -0.000985 -1.8199 -22.862478 -6.161762 -0.000355 -0.000516 0.003398 -179.059158 -7.440515 -7.05434 16.586962 -0.080134 0.201084 -82.616913 -1.507521 -9.886892 -5.087706 1.469897 2.120776 -1.000575 0.000801 0.000889 1.229906 -5.482762 -14.566013 16.909361 -0.03056 0.081986 -82.823082 0.067194 -7.728556 -5.850026 0.711076 1.659483 -1.001874 0.002619 -0.000293 
0.0 0.0 0.0 0.0 -0.0 0.0 0.78464 99.142929 -24.452929 92.946381 0.401207 -177.289703 -5.885577 1.176259 0.211478 -12.725839 0.060132 0.635539 24.471205 -0.855275 -0.922416 17.773046 -2.197914 2.537934 -2.685011 -0.494038 -0.030426 -24.320677 0.496514 -0.371574 -0.000222 5.7e-05 -0.001108 -0.046069 -0.003295 -0.130668 -0.010856 0.085504 -0.099794 -0.016114 -0.09785 -0.161822 -151.729538 -60.432655 170.456985 29.697479 -38.712852 19.581596 34.985088 -0.535089 0.296292 -5.120356 -5.125095 -2.463161 17.64875 -26.355711 52.43573 -19.443426 -14.389935 29.414139 0.009655 -8.776318 -0.008071 16.672503 -18.167542 5.954382 -0.600412 -1.792399 -3.894008 -4.813991 -11.042758 -2.924669 -0.000835 -20.966404 0.017638 -5.012431 -25.027082 -4.050154 -0.00016 0.009122 0.002797 -10.633609 -5.688438 -3.576939 10.565252 -17.924795 -3.089739 0.000717 -13.835016 -0.008896 -0.530572 -31.187178 -4.040131 -11.253521 -59.92049 7.34303 -13.981841 -7.153517 -2.868864 13.765289 -8.397181 -3.212118 0.319176 -34.186161 0.762186 -0.97518 -17.722872 2.622324 0.011352 0.005595 0.006785 -17.350658 -20.10463 -4.210338 21.756578 -1.635644 3.882421 -0.00412 -6.350686 0.007642 -1.713235 -22.619843 -6.19206 0.000871 -0.001246 -0.005054 20.871599 -63.940487 177.329193 16.87879 -48.000061 14.534551 40.685734 0.286633 0.214462 0.528788 -3.29927 15.566391 22.192329 -20.346859 49.958733 -16.73774 -16.753748 28.487402 -0.005836 -12.71777 0.014995 15.768808 -17.816435 2.972575 -0.114926 -1.520873 -4.264184 -5.039172 -5.624187 -2.950521 0.011125 -11.045193 -0.00972 -6.102274 -15.932096 -3.853394 -0.008046 -0.000464 0.006842 -10.300216 -5.693725 -4.325114 11.043292 -11.312683 -2.387469 -1.386225 -14.262073 -6.325571 -0.614968 -26.955818 -3.843192 -4.650563 -49.174423 -3.06584 -13.737103 -7.372524 -3.69131 18.179544 -14.070457 -3.277719 -0.00669 -18.802189 -0.001397 -0.426532 -8.456751 2.547476 0.002424 -0.002015 0.016614 -15.964307 -20.123476 -5.44342 30.480717 -7.204369 1.710884 -0.011261 -8.161209 0.006003 -1.860563 -22.874659 -6.180436 0.006767 -0.010029 0.00408 -179.09549 -7.477634 -7.058761 16.657988 -0.081844 0.194256 -82.771973 -1.551051 -9.917448 -5.090802 1.453098 2.111988 -0.997551 0.004006 0.000717 1.153953 -5.451398 -14.564699 16.977591 -0.046781 0.083966 -82.741699 0.09664 -7.713674 -5.838261 0.722307 1.655754 -1.001752 -0.000451 0.000935 
0.0 0.0 0.0 0.0 -0.0 0.0 0.759831 99.152771 -24.415712 92.952316 0.422173 -177.34938 -5.884016 1.170532 0.20181 -12.747642 0.063989 0.642309 24.526054 -0.85927 -0.92851 17.735229 -2.195604 2.548789 -2.679844 -0.495424 -0.010548 -24.363661 0.476651 -0.345431 -0.000258 0.0005 -0.001101 -0.05088 -0.004971 -0.1398 -0.024397 0.082883 -0.107211 -0.028263 -0.096382 -0.175744 -151.779617 -60.580078 170.46843 29.768642 -38.791107 19.627766 35.021114 -0.569458 0.280374 -5.104448 -5.14156 -2.485695 17.670694 -26.408762 52.560814 -19.523998 -14.426369 29.473555 -0.007835 -8.784986 0.008842 16.666214 -18.159096 5.952745 -0.605526 -1.800459 -3.87991 -4.795032 -11.066673 -2.967176 0.038654 -21.045746 -0.001214 -5.015517 -25.098221 -3.989414 0.020971 -0.004544 -0.008783 -10.648067 -5.687023 -3.579475 10.608464 -17.980288 -3.11124 0.011773 -13.850699 -0.011463 -0.487388 -31.278305 -4.034145 -11.381916 -60.084991 7.525104 -13.99703 -7.147666 -2.884068 13.80326 -8.427209 -3.224645 0.392056 -34.308125 0.748262 -0.965352 -17.774944 2.641555 -0.003314 -0.002158 -0.00076 -17.347406 -20.121498 -4.226161 21.783646 -1.66751 3.864403 0.002556 -6.356047 0.000602 -1.681468 -22.653406 -6.194874 -0.004829 0.002785 0.006844 20.808558 -64.068962 177.454636 16.946495 -48.029308 14.530524 40.704464 0.298246 0.160756 0.517413 -3.315125 15.607029 22.211361 -20.419691 50.038857 -16.713757 -16.765265 28.505985 0.00399 -12.702205 -0.004208 15.759092 -17.809368 3.007912 -0.102084 -1.516083 -4.264078 -5.043548 -5.618334 -2.98166 0.003575 -11.039235 0.003919 -6.109326 -15.920374 -3.852421 0.001334 0.005788 0.012422 -10.29991 -5.689462 -4.338929 11.05271 -11.32643 -2.376734 -1.380843 -14.270287 -6.350316 -0.638936 -26.984556 -3.840172 -4.747268 -49.234474 -3.017123 -13.733255 -7.371228 -3.740803 18.169966 -14.082062 -3.235767 0.003808 -18.814295 -0.005462 -0.439884 -8.462396 2.569903 0.013314 -0.006808 0.003578 -15.947946 -20.129442 -5.490284 30.470137 -7.203738 1.751928 0.00384 -8.172995 0.010171 -1.844506 -22.878819 -6.210916 0.005756 -0.002768 0.010679 -179.048569 -7.516105 -7.075829 16.563498 -0.073614 0.197114 -82.588028 -1.632248 -9.945583 -5.08788 1.478682 2.122638 -0.99342 0.000249 0.001203 1.1604 -5.399651 -14.542981 16.934334 -0.050377 0.082668 -82.751465 0.106406 -7.693931 -5.833781 0.709477 1.656238 -0.994746 -0.000379 0.001225 
0.0 0.0 0.0 0.0 -0.0 0.0 0.723796 99.144104 -24.399199 92.951981 0.442133 -177.421753 -5.89597 1.172649 0.215526 -12.763073 0.051201 0.623296 24.561619 -0.857153 -0.925275 17.709831 -2.175356 2.563238 -2.687494 -0.517389 0.031355 -24.404648 0.451261 -0.310242 -0.000169 2e-05 0.000326 -0.050914 -0.005933 -0.145152 -0.024446 0.082132 -0.110829 -0.028157 -0.099006 -0.18483 -151.757751 -60.439552 170.51564 29.756256 -38.646095 19.766125 34.983025 -0.476812 0.294562 -5.101342 -5.14158 -2.529011 17.670549 -26.370718 52.603069 -19.477776 -14.413075 29.487778 0.000532 -8.784054 -0.000611 16.660915 -18.204103 5.977404 -0.602034 -1.795786 -3.89852 -4.822875 -11.055757 -2.943153 0.009016 -20.989843 -0.019582 -5.016474 -25.063551 -4.047774 -0.003622 -0.002133 0.002081 -10.650286 -5.704425 -3.570255 10.575085 -17.928024 -3.124713 -0.013519 -13.803792 -0.006477 -0.556603 -31.216314 -4.026247 -11.198665 -59.928448 7.255786 -14.004154 -7.169913 -2.902349 13.782557 -8.400145 -3.200442 0.349314 -34.253662 0.754888 -0.978763 -17.737673 2.617476 -0.00237 0.003931 0.00127 -17.400145 -20.152229 -4.211391 21.814203 -1.617931 3.877183 -0.004691 -6.342146 -0.003342 -1.721032 -22.64048 -6.228611 0.007648 -0.00972 0.004337 20.649336 -63.919247 177.568008 16.909504 -47.960117 14.590804 40.626808 0.334117 0.206939 0.512501 -3.29775 15.581225 22.207678 -20.430429 50.100967 -16.710016 -16.758303 28.547966 0.002876 -12.712639 0.007201 15.746358 -17.834944 3.030537 -0.115355 -1.516662 -4.283375 -5.038544 -5.630764 -2.950484 -0.001865 -11.040449 -0.012194 -6.108467 -15.916879 -3.846413 -0.000193 0.00238 0.009937 -10.310264 -5.699188 -4.346048 11.047156 -11.311213 -2.390102 -1.400483 -14.274251 -6.32092 -0.623597 -26.969282 -3.851865 -4.789462 -49.211121 -2.991656 -13.723635 -7.387048 -3.731241 18.137545 -14.070241 -3.246558 0.003438 -18.835909 0.004485 -0.430482 -8.470781 2.542795 -0.004125 0.004382 0.006468 -15.953322 -20.153503 -5.490484 30.442987 -7.194703 1.751566 -0.004003 -8.166348 -0.019458 -1.892001 -22.88974 -6.138734 0.003907 -0.0 0.004641 -179.11142 -7.545259 -7.079284 16.669012 -0.081145 0.199111 -82.587349 -1.680664 -9.99296 -5.081606 1.479785 2.121661 -0.996685 -0.00269 -0.001389 1.06559 -5.391179 -14.538592 17.049601 -0.052451 0.08817 -82.723602 0.074231 -7.68082 -5.812877 0.706512 1.650084 -0.998524 -0.000238 -0.000346 
0.0 0.0 0.0 0.0 -0.0 0.0 0.756265 99.134781 -24.388065 92.960602 0.459388 -177.476318 -5.889143 1.173156 0.217964 -12.761393 0.04964 0.62948 24.577806 -0.854422 -0.940756 17.682819 -2.163964 2.567737 -2.687541 -0.53334 0.053572 -24.474375 0.444328 -0.2869 0.000356 -0.000769 -0.001328 -0.048318 -0.007435 -0.155393 -0.020489 0.08455 -0.121329 -0.027631 -0.101209 -0.191385 -151.759674 -60.381859 170.52388 29.744225 -38.57095 19.820665 34.956638 -0.447781 0.324659 -5.093805 -5.115232 -2.522706 17.647825 -26.321037 52.484898 -19.434362 -14.395803 29.418396 0.000689 -8.774421 -0.007895 16.644619 -18.188568 5.969561 -0.604328 -1.791755 -3.892029 -4.823407 -11.04787 -2.932117 -0.017574 -20.972319 9.9e-05 -5.006278 -25.031858 -4.062559 -0.000821 0.00216 -0.005622 -10.641041 -5.693206 -3.560463 10.558645 -17.886494 -3.129005 -0.008712 -13.811734 0.009878 -0.522136 -31.152893 -4.039422 -11.216546 -59.808067 7.231689 -13.988673 -7.154906 -2.872674 13.777349 -8.393111 -3.229342 0.324148 -34.246765 0.774872 -0.97318 -17.740868 2.64249 0.003113 -0.006444 -0.008039 -17.367199 -20.107794 -4.212571 21.762903 -1.629076 3.890159 -0.006013 -6.332551 0.006958 -1.713493 -22.558241 -6.199062 0.007418 -0.015412 -0.005096 20.686161 -63.896149 177.558701 17.052555 -47.993244 14.467813 40.565121 0.311072 0.176496 0.474558 -3.269017 15.504683 22.186253 -20.389065 49.972282 -16.699804 -16.754513 28.50963 0.003182 -12.688338 -0.003974 15.710518 -17.821671 3.017725 -0.103915 -1.514136 -4.279704 -5.0373 -5.614831 -2.952368 -0.00717 -11.032616 0.012246 -6.124738 -15.908872 -3.832085 0.002473 0.002057 0.010752 -10.296078 -5.685373 -4.360193 11.041505 -11.328206 -2.338039 -1.391701 -14.258512 -6.345574 -0.638198 -26.990328 -3.827764 -4.773098 -49.226757 -2.984559 -13.727288 -7.369749 -3.708994 18.169462 -14.052789 -3.252016 -0.008603 -18.798403 0.017399 -0.421395 -8.479279 2.552887 0.0 -0.0 0.0 -15.95035 -20.125484 -5.45541 30.456419 -7.189757 1.740581 0.004141 -8.176368 -0.007612 -1.878926 -22.882935 -6.153681 0.006623 0.002999 -0.009484 -179.086014 -7.564509 -7.06368 16.723316 -0.083278 0.191121 -82.687828 -1.735217 -10.020826 -5.07204 1.472173 2.120512 -0.996288 0.010006 0.000325 1.071498 -5.380273 -14.554733 17.085762 -0.047654 0.082465 -82.80571 0.104258 -7.655326 -5.808838 0.690044 1.648273 -0.995338 0.002893 0.000444 
0.0 0.0 0.0 0.0 -0.0 0.0 0.778674 99.127014 -24.351688 92.96917 0.469393 -177.526489 -5.889348 1.172578 0.225094 -12.772194 0.049107 0.630483 24.628407 -0.85416 -0.942491 17.664017 -2.170954 2.569618 -2.694589 -0.524563 0.057204 -24.503971 0.453681 -0.234665 8.9e-05 -0.000338 -0.002845 -0.045258 -0.007313 -0.158546 -0.020649 0.085051 -0.119751 -0.029279 -0.104687 -0.197999 -151.767822 -60.384571 170.544113 29.74918 -38.531971 19.91855 34.961452 -0.437333 0.349165 -5.120407 -5.070508 -2.616838 17.665928 -26.339268 52.503887 -19.504812 -14.406316 29.466288 0.006953 -8.782722 -0.007432 16.625383 -18.203009 6.016081 -0.605688 -1.794466 -3.912604 -4.826787 -11.070284 -2.937865 -0.013921 -21.012442 -0.004408 -5.029637 -25.075432 -4.048688 -0.00461 -0.000944 -0.000219 -10.653975 -5.702647 -3.576831 10.589842 -17.948399 -3.122199 -0.010952 -13.855486 -0.008552 -0.509602 -31.23572 -4.061717 -11.244998 -60.129517 7.366947 -14.004492 -7.172174 -2.886193 13.785659 -8.409439 -3.219114 0.31519 -34.276798 0.756634 -0.977904 -17.766804 2.615921 -0.005672 0.005522 0.003285 -17.378525 -20.147268 -4.220301 21.778658 -1.631768 3.881694 -0.008027 -6.34598 0.006712 -1.701443 -22.60951 -6.22728 0.008206 -0.010346 0.000194 20.751143 -63.861889 177.505066 17.102968 -47.941936 14.398408 40.509621 0.266869 0.180768 0.483809 -3.257833 15.452092 22.216635 -20.368986 50.009449 -16.665203 -16.7185 28.460987 0.018799 -12.684483 -0.019769 15.735429 -17.820631 3.015277 -0.097168 -1.505427 -4.287528 -5.059716 -5.623918 -2.952683 -0.010842 -11.034264 -0.006785 -6.129415 -15.929049 -3.843346 0.000183 0.006315 0.001298 -10.291143 -5.684787 -4.350861 11.017062 -11.296626 -2.355267 -1.383826 -14.240595 -6.346399 -0.639105 -26.917624 -3.841613 -4.661211 -49.136906 -3.056529 -13.72008 -7.379303 -3.735494 18.126793 -14.044815 -3.227864 -0.018445 -18.812807 -0.000305 -0.421889 -8.475332 2.546809 -0.019569 0.011961 0.010762 -15.936097 -20.124416 -5.500441 30.384718 -7.171553 1.769082 -0.006684 -8.162994 0.005427 -1.858991 -22.899029 -6.192417 -0.002915 -0.001337 0.00488 -179.055435 -7.597215 -7.065808 16.726854 -0.080822 0.200234 -82.692909 -1.770491 -10.073241 -5.052218 1.467984 2.117851 -0.993679 0.003825 0.001292 1.05848 -5.364954 -14.596194 17.154758 -0.045055 0.069059 -82.930923 0.15733 -7.654697 -5.812953 0.69428 1.649555 -0.998917 0.000124 -0.001477 
0.0 0.0 0.0 0.0 -0.0 0.0 0.821883 99.112854 -24.30859 92.968567 0.478771 -177.559479 -5.882565 1.168701 0.217597 -12.766127 0.050324 0.638696 24.637211 -0.856027 -0.945766 17.622362 -2.173076 2.57091 -2.694246 -0.518535 0.06104 -24.512104 0.478044 -0.19515 4.4e-05 -0.00034 -0.002801 -0.04526 -0.006105 -0.1536 -0.020674 0.084132 -0.119626 -0.025984 -0.100716 -0.194587 -151.750488 -60.340759 170.538467 29.78125 -38.503132 19.914883 34.926731 -0.420254 0.316887 -5.118764 -5.02995 -2.672405 17.667418 -26.277145 52.420403 -19.486389 -14.395988 29.40653 -0.000523 -8.78516 0.001552 16.632607 -18.199909 5.963499 -0.605401 -1.801266 -3.889741 -4.81533 -11.071223 -2.929913 0.01272 -21.00279 -0.021515 -5.020125 -25.05662 -4.028532 0.010172 -0.004675 -0.00693 -10.661018 -5.705444 -3.560826 10.600812 -17.953585 -3.123564 -0.006748 -13.837904 -0.023988 -0.501696 -31.255325 -4.058125 -11.122584 -60.063122 7.266463 -14.007847 -7.166943 -2.881849 13.791759 -8.412265 -3.210624 0.351468 -34.265018 0.762042 -0.944826 -17.766785 2.613349 0.01895 0.006118 -0.011289 -17.374413 -20.12709 -4.215774 21.78232 -1.654914 3.888257 0.006252 -6.346527 -0.004495 -1.685608 -22.590313 -6.217708 0.002244 0.001441 0.000772 20.759666 -63.797501 177.476212 17.181089 -47.928341 14.331371 40.426323 0.239653 0.186442 0.500676 -3.278172 15.289471 22.210009 -20.359665 49.918392 -16.671839 -16.759554 28.462597 0.007941 -12.699067 -0.016728 15.725068 -17.785362 2.989676 -0.110481 -1.514584 -4.261859 -5.038266 -5.613316 -2.961159 -0.01951 -11.019762 0.016678 -6.130474 -15.89587 -3.839716 7.9e-05 0.00236 0.009439 -10.288573 -5.683057 -4.334316 11.018051 -11.289223 -2.359647 -1.400755 -14.244339 -6.305287 -0.629044 -26.931555 -3.836307 -4.617229 -49.088345 -3.095657 -13.717086 -7.371721 -3.710984 18.135 -14.035178 -3.210108 -0.009953 -18.775145 0.006107 -0.443793 -8.450353 2.556535 -0.005083 7.7e-05 -0.006431 -15.953051 -20.09931 -5.4722 30.456203 -7.189252 1.766772 -0.003656 -8.157621 0.00762 -1.89098 -22.850302 -6.180362 -0.001824 0.002239 0.001093 -179.044189 -7.640757 -7.078631 16.773977 -0.080282 0.196823 -82.765266 -1.782516 -10.138103 -5.036877 1.482284 2.125636 -0.993758 -0.00244 -0.00059 1.029481 -5.349196 -14.628753 17.257456 -0.043223 0.08487 -82.956161 0.180577 -7.614353 -5.801857 0.684889 1.650041 -0.992832 0.003394 0.002077 
0.0 0.0 0.0 0.0 -0.0 0.0 0.809419 99.124786 -24.214203 92.962547 0.484295 -177.595215 -5.894235 1.162798 0.209969 -12.758854 0.048623 0.643474 24.656668 -0.858328 -0.941971 17.5916 -2.185374 2.589534 -2.690542 -0.492506 0.052487 -24.487505 0.495858 -0.139646 -0.000163 0.000266 0.000605 -0.042195 -0.004232 -0.149913 -0.022653 0.083747 -0.112598 -0.02463 -0.098312 -0.192862 -151.815643 -60.364128 170.568939 29.827614 -38.466934 19.955952 34.97221 -0.446818 0.302733 -5.132542 -5.044995 -2.672966 17.706722 -26.35306 52.46508 -19.530891 -14.424113 29.44136 -0.00089 -8.792666 -0.020196 16.614288 -18.205225 5.985723 -0.612899 -1.800934 -3.898104 -4.81123 -11.07419 -2.917696 0.002265 -21.031666 -0.014902 -5.054835 -25.108841 -4.042477 0.009467 0.003647 -0.001392 -10.665119 -5.69931 -3.560438 10.617055 -17.976442 -3.124977 0.005514 -13.882875 0.004074 -0.481649 -31.279053 -4.055129 -11.320973 -60.178818 7.471707 -14.015113 -7.158967 -2.870347 13.813168 -8.427089 -3.211982 0.355818 -34.29388 0.765235 -0.957666 -17.785107 2.628705 0.003521 0.004908 -0.005032 -17.380735 -20.136791 -4.183692 21.799366 -1.641369 3.857295 -0.004796 -6.343526 0.00223 -1.689817 -22.64422 -6.216229 -0.002879 0.001004 0.011516 20.832649 -63.919231 177.441772 17.191622 -48.03986 14.460274 40.483875 0.253639 0.190726 0.530308 -3.315877 15.221967 22.249695 -20.392851 50.009274 -16.740772 -16.757832 28.5072 0.004063 -12.720283 0.000938 15.812434 -17.835606 2.981131 -0.095096 -1.513689 -4.276859 -5.058471 -5.628884 -2.959286 0.004673 -11.045411 -0.004531 -6.127436 -15.939363 -3.87022 -0.002514 -0.002356 0.0 -10.289982 -5.6903 -4.346704 11.035827 -11.315033 -2.405975 -1.380534 -14.27023 -6.31579 -0.608067 -26.979214 -3.828461 -4.639605 -49.258801 -3.054373 -13.73267 -7.382926 -3.724185 18.182398 -14.072732 -3.24822 0.014378 -18.821426 -0.009813 -0.414515 -8.471276 2.555736 -0.001931 -0.004904 -0.00014 -15.939065 -20.144262 -5.491189 30.473593 -7.210926 1.73584 0.010166 -8.187729 0.003907 -1.859206 -22.919029 -6.208769 -0.010847 0.001577 -0.011635 -178.962524 -7.697688 -7.116281 16.589373 -0.079215 0.202694 -82.659172 -1.789636 -10.205728 -5.019736 1.466077 2.122796 -0.996379 -0.001449 0.000459 1.020661 -5.282827 -14.654162 17.23082 -0.045157 0.090227 -82.945969 0.186261 -7.549702 -5.769476 0.687325 1.655437 -0.998229 5.4e-05 -0.001626 
0.0 0.0 0.0 0.0 -0.0 0.0 0.836489 99.124542 -24.177549 92.958565 0.487327 -177.618713 -5.904333 1.158075 0.204681 -12.780079 0.042877 0.64848 24.699867 -0.85696 -0.946256 17.576382 -2.182104 2.59464 -2.690956 -0.473598 0.071296 -24.508808 0.496653 -0.087967 0.000132 -1.8e-05 1.1e-05 -0.045428 -0.005222 -0.162339 -0.025619 0.07705 -0.126586 -0.026375 -0.092558 -0.202273 -151.833176 -60.40596 170.588028 29.844294 -38.455441 19.957756 34.968422 -0.442701 0.289462 -5.152079 -5.045555 -2.704794 17.688725 -26.316484 52.514702 -19.518038 -14.412697 29.43025 -0.006849 -8.799575 0.007306 16.655485 -18.202496 5.961039 -0.594034 -1.797786 -3.873226 -4.822794 -11.069943 -2.9502 0.008136 -21.011295 -0.015827 -5.011899 -25.092695 -4.05518 0.002092 0.00473 -0.00125 -10.656804 -5.695105 -3.559603 10.61021 -17.964838 -3.123725 0.001491 -13.844363 -0.014087 -0.462015 -31.247963 -4.070885 -11.184679 -60.002548 7.366927 -14.008418 -7.152016 -2.852463 13.796095 -8.416012 -3.243874 0.363401 -34.262711 0.778733 -0.956696 -17.731249 2.624439 0.005486 -0.003026 0.003765 -17.393507 -20.132101 -4.194933 21.824423 -1.649164 3.880265 -0.007921 -6.350818 0.008927 -1.673673 -22.626337 -6.254952 -0.005998 0.002082 0.007547 20.816523 -63.904404 177.497101 17.226982 -47.992863 14.435741 40.474796 0.265471 0.206935 0.538351 -3.384438 15.147821 22.200287 -20.387905 49.999462 -16.730885 -16.74889 28.488207 0.008172 -12.696488 -0.024216 15.755997 -17.836355 2.980773 -0.099375 -1.515837 -4.276691 -5.049922 -5.619918 -2.952183 0.014998 -11.04178 -0.005937 -6.126219 -15.923135 -3.840326 0.001643 0.003967 -0.001468 -10.290341 -5.689816 -4.331572 11.039195 -11.306309 -2.380229 -1.387303 -14.250859 -6.336853 -0.63433 -26.920773 -3.827041 -4.586964 -49.125019 -3.103923 -13.739412 -7.378272 -3.721883 18.1833 -14.063105 -3.249357 -0.001127 -18.812653 -0.004214 -0.425559 -8.462695 2.566043 0.0 -0.00292 -0.00836 -15.948343 -20.142635 -5.472379 30.46386 -7.183874 1.727624 0.0072 -8.182229 0.004641 -1.905271 -22.877884 -6.18692 0.01425 -0.0125 -0.01803 -178.911987 -7.723879 -7.150312 16.529181 -0.077578 0.186824 -82.618553 -1.7592 -10.252306 -5.040337 1.463386 2.122418 -0.993084 0.001716 0.000113 1.032267 -5.257278 -14.641754 17.238255 -0.040458 0.091765 -83.071373 0.168901 -7.556826 -5.751151 0.697803 1.657004 -1.002897 0.003461 0.000259 
0.0 0.0 0.0 0.0 -0.0 0.0 0.834466 99.134201 -24.172504 92.956398 0.486919 -177.63446 -5.912932 1.161497 0.205195 -12.787224 0.032769 0.650522 24.72891 -0.862306 -0.964106 17.579462 -2.173727 2.599754 -2.696896 -0.470133 0.108305 -24.551744 0.496637 -0.044353 2.9e-05 -0.000235 -0.000271 -0.052186 -0.008047 -0.167862 -0.030571 0.069439 -0.130071 -0.038723 -0.090023 -0.209829 -151.817734 -60.465958 170.583328 29.914925 -38.440434 20.053774 35.013935 -0.438531 0.290879 -5.18197 -5.065212 -2.727344 17.71056 -26.285995 52.392807 -19.502802 -14.380816 29.416895 0.001464 -8.780001 0.004293 16.598408 -18.175257 6.00021 -0.608951 -1.800974 -3.919356 -4.810139 -11.06796 -2.937602 -0.012579 -21.007833 -0.011332 -5.019248 -25.087887 -4.050114 -0.013644 -0.004729 0.00483 -10.646787 -5.707036 -3.600587 10.587889 -17.957699 -3.121929 0.007085 -13.843902 0.002357 -0.467763 -31.257883 -4.059195 -11.332519 -60.074989 7.509967 -13.988318 -7.170312 -2.904297 13.772343 -8.407742 -3.225649 0.349913 -34.280704 0.758208 -0.964288 -17.772915 2.604989 0.002271 0.000621 0.003016 -17.367994 -20.15925 -4.234061 21.784237 -1.618167 3.881098 -0.005091 -6.352581 -0.001126 -1.713065 -22.645252 -6.202518 0.009673 -0.012561 -0.01164 20.840378 -64.000099 177.530807 17.258543 -48.029682 14.507742 40.507339 0.303963 0.161522 0.584504 -3.454815 15.119585 22.226324 -20.396305 49.988976 -16.747181 -16.763964 28.535839 0.002419 -12.713032 -0.000805 15.759395 -17.848324 2.991938 -0.106009 -1.52235 -4.277208 -5.037798 -5.619042 -2.947317 0.000878 -11.043151 -0.007771 -6.118192 -15.934425 -3.839092 0.010008 -0.007793 -0.000565 -10.295161 -5.690312 -4.342066 11.053913 -11.332506 -2.381182 -1.386296 -14.265276 -6.323656 -0.641885 -26.994909 -3.808477 -4.754257 -49.343597 -2.972702 -13.714306 -7.367012 -3.735049 18.146198 -14.08884 -3.233924 0.000682 -18.81505 -0.002434 -0.41575 -8.485861 2.565162 -0.007255 -0.000449 -0.006373 -15.944863 -20.12866 -5.468304 30.467134 -7.205794 1.731211 0.002508 -8.180435 0.009171 -1.864103 -22.872137 -6.171195 0.013935 -0.000634 0.000847 -178.864655 -7.720408 -7.151203 16.434895 -0.071479 0.167619 -82.593819 -1.782701 -10.269412 -5.045955 1.463729 2.123671 -0.99371 -0.001626 0.000668 1.059912 -5.242779 -14.630569 17.160435 -0.04291 0.083406 -82.955513 0.159386 -7.528991 -5.724197 0.706 1.656394 -0.998717 -0.003105 1.3e-05 
0.0 0.0 0.0 0.0 -0.0 0.0 0.850185 99.134331 -24.171011 92.959763 0.484345 -177.637131 -5.920146 1.166321 0.188997 -12.807519 0.030039 0.656261 24.768909 -0.876133 -0.97575 17.57357 -2.157278 2.592221 -2.69541 -0.479005 0.166952 -24.634089 0.495258 -0.001736 -0.0 0.000435 -5e-05 -0.052198 -0.009633 -0.174134 -0.028581 0.066451 -0.133023 -0.036742 -0.0904 -0.214621 -151.82869 -60.49789 170.586731 29.907953 -38.48922 20.178011 35.023884 -0.39175 0.297392 -5.196587 -5.030163 -2.812121 17.67803 -26.286764 52.36924 -19.514359 -14.388721 29.396111 0.003557 -8.781537 -0.004942 16.6231 -18.168062 5.952244 -0.613714 -1.801717 -3.897168 -4.81598 -11.078113 -2.945122 0.000662 -21.034813 0.001661 -5.02608 -25.126348 -4.037535 0.005135 0.019569 -0.004551 -10.650268 -5.700649 -3.556629 10.598539 -17.963575 -3.123791 -0.001682 -13.839249 -0.008879 -0.450004 -31.244019 -4.07446 -11.245174 -60.098385 7.423792 -14.010115 -7.163795 -2.866547 13.806833 -8.436093 -3.21983 0.36184 -34.294743 0.751435 -0.951181 -17.771486 2.624686 -0.002855 -0.002582 -0.002486 -17.375143 -20.138584 -4.190357 21.79113 -1.636002 3.864869 0.001414 -6.341745 0.007319 -1.686693 -22.657541 -6.209047 0.006805 -0.001882 -0.01794 20.895245 -64.015678 177.530594 17.360811 -48.041828 14.432328 40.505825 0.264439 0.159139 0.611278 -3.510317 15.064906 22.225136 -20.414133 49.954983 -16.756496 -16.779551 28.520117 -0.009387 -12.719911 0.009584 15.730831 -17.840767 3.022894 -0.110631 -1.52062 -4.278375 -5.040938 -5.612768 -2.958063 0.004564 -11.032343 0.011413 -6.107509 -15.892481 -3.843501 0.002512 0.002667 0.010653 -10.289519 -5.670169 -4.329875 11.046512 -11.331042 -2.384076 -1.359098 -14.259759 -6.317154 -0.605324 -26.977833 -3.812568 -4.721763 -49.212292 -2.950051 -13.727341 -7.357719 -3.714732 18.18532 -14.079211 -3.255602 0.0188 -18.813375 0.026895 -0.396093 -8.466286 2.537445 -0.002088 0.000212 0.008353 -15.925785 -20.088768 -5.479559 30.456821 -7.242308 1.724865 0.014578 -8.177111 0.02369 -1.827977 -22.898386 -6.165404 0.006205 -0.006256 -0.004805 -178.836838 -7.717101 -7.127314 16.400721 -0.06665 0.172081 -82.586235 -1.845695 -10.264806 -5.053772 1.469968 2.12492 -1.001027 0.001439 -0.000282 1.079412 -5.245722 -14.632101 17.15184 -0.043178 0.079641 -82.936569 0.153917 -7.544386 -5.703321 0.712527 1.661629 -0.998491 -0.006759 -0.001755 
0.0 0.0 0.0 0.0 -0.0 0.0 0.893404 99.144295 -24.188385 92.971916 0.483032 -177.638885 -5.922174 1.173652 0.185687 -12.822335 0.029903 0.669902 24.806574 -0.892798 -1.004383 17.586617 -2.124628 2.576817 -2.698297 -0.501676 0.27873 -24.726021 0.483733 0.014428 0.0 -0.0 0.0 -0.052095 -0.00941 -0.166198 -0.033819 0.064797 -0.129492 -0.047355 -0.088569 -0.204983 -151.893387 -60.382328 170.735153 29.855703 -38.318604 20.246368 35.062428 -0.355435 0.340837 -5.244707 -5.018007 -2.898592 17.688536 -26.344624 52.527592 -19.515911 -14.429364 29.452547 -0.003516 -8.7926 -0.003925 16.577539 -18.210037 6.017555 -0.617492 -1.800086 -3.899297 -4.807816 -11.05718 -2.952733 0.007734 -20.990391 -0.009124 -4.998545 -25.036238 -4.041015 -0.005969 0.00815 0.001203 -10.664719 -5.693712 -3.580125 10.611598 -17.944361 -3.114013 0.005345 -13.84243 -0.012884 -0.461943 -31.221136 -4.041391 -11.238268 -59.955566 7.420043 -14.01077 -7.154122 -2.872731 13.804899 -8.421209 -3.243376 0.354199 -34.257954 0.784658 -0.95391 -17.757406 2.637725 -0.006123 -0.003 -0.002788 -17.378389 -20.126463 -4.216954 21.79792 -1.64806 3.884543 0.00444 -6.342906 -0.019518 -1.69031 -22.628853 -6.206271 -0.002151 -0.011295 0.007425 20.720247 -63.862877 177.66037 17.34186 -47.950909 14.337291 40.417358 0.221265 0.163632 0.657336 -3.539941 15.004454 22.165554 -20.355846 49.943665 -16.708826 -16.756996 28.481184 0.001051 -12.704707 0.004225 15.760991 -17.833818 2.983256 -0.105786 -1.505901 -4.269316 -5.025853 -5.609278 -2.944403 0.000871 -11.012571 0.00663 -6.088913 -15.87844 -3.857954 0.00403 0.003569 -0.007038 -10.276444 -5.673494 -4.320804 11.022729 -11.291713 -2.401106 -1.376759 -14.239217 -6.304337 -0.625132 -26.880465 -3.833714 -4.698265 -49.174004 -3.027029 -13.696852 -7.345821 -3.709553 18.142124 -14.046748 -3.263755 0.004442 -18.790274 0.000786 -0.426315 -8.444882 2.558835 0.007042 -0.007184 -0.0 -15.915879 -20.077059 -5.459488 30.436827 -7.202409 1.72677 -0.002629 -8.156947 0.001032 -1.85307 -22.868624 -6.179724 0.005522 0.001704 0.004764 -178.729019 -7.69755 -7.114868 16.261827 -0.05548 0.155403 -82.411407 -1.897287 -10.241121 -5.04387 1.479337 2.131518 -0.996513 0.004218 0.001121 1.192674 -5.238515 -14.630445 16.995577 -0.0373 0.068947 -82.928314 0.161765 -7.55771 -5.69132 0.695066 1.652926 -0.995216 -0.003023 -0.001409 
0.0 0.0 0.0 0.0 -0.0 0.0 0.888884 99.143188 -24.176451 92.975449 0.483562 -177.637863 -5.922411 1.18097 0.177105 -12.818838 0.025809 0.667549 24.820465 -0.913241 -1.006601 17.587603 -2.09058 2.571517 -2.694537 -0.512947 0.368605 -24.80056 0.47318 0.044596 7.2e-05 -0.000644 -0.003254 -0.047054 -0.010457 -0.162005 -0.020104 0.064019 -0.119064 -0.040444 -0.088796 -0.191 -151.855301 -60.37352 170.72142 29.866297 -38.333084 20.293514 35.072716 -0.335089 0.3433 -5.272152 -5.005919 -2.964096 17.688265 -26.364431 52.406357 -19.470402 -14.406819 29.402811 -0.01138 -8.778234 -0.00609 16.567783 -18.17017 6.01281 -0.619565 -1.801042 -3.882861 -4.789496 -11.03883 -2.940791 0.002447 -20.976809 0.032706 -4.995633 -24.997768 -4.019111 0.006055 -0.014709 -0.003716 -10.632325 -5.684491 -3.56941 10.577917 -17.942327 -3.099913 0.008599 -13.852907 0.009543 -0.505079 -31.206347 -4.017281 -11.356549 -59.988426 7.478496 -13.982413 -7.140299 -2.862577 13.780306 -8.413836 -3.222261 0.380284 -34.224216 0.769871 -0.958992 -17.725445 2.630402 0.000314 -0.00669 0.002264 -17.358393 -20.084225 -4.178464 21.785215 -1.662098 3.856888 -0.006865 -6.339203 -0.006987 -1.718606 -22.600264 -6.164235 0.002227 0.004335 0.006325 20.699776 -63.781113 177.668091 17.283667 -47.890022 14.259662 40.400043 0.191755 0.194014 0.718346 -3.557278 14.988087 22.182878 -20.419489 50.021801 -16.703814 -16.73455 28.480568 -0.000984 -12.694692 0.001029 15.811972 -17.838854 3.010647 -0.097914 -1.524298 -4.24595 -5.038815 -5.615089 -2.96509 0.00228 -11.028811 0.011922 -6.090008 -15.900486 -3.845801 -0.001267 -0.006716 -0.00153 -10.264053 -5.678988 -4.335945 11.010617 -11.317691 -2.36722 -1.37631 -14.253746 -6.338079 -0.634343 -26.97006 -3.833026 -4.749105 -49.360298 -2.964162 -13.691107 -7.36289 -3.700083 18.123394 -14.073663 -3.257503 -0.000464 -18.817356 0.010654 -0.439192 -8.463546 2.543474 -0.006502 0.000821 0.001878 -15.90669 -20.113411 -5.45245 30.384209 -7.184878 1.720462 -0.01679 -8.174134 0.000866 -1.837988 -22.897472 -6.17961 -0.002404 -0.006987 0.002667 -178.731033 -7.705962 -7.09236 16.26622 -0.050686 0.15056 -82.428085 -1.95407 -10.278112 -5.018828 1.462254 2.123602 -0.996153 -0.004865 -0.001081 1.185506 -5.23338 -14.641836 17.010107 -0.03595 0.069184 -82.890877 0.158141 -7.537468 -5.655914 0.700631 1.660055 -1.001733 0.006941 -0.000379 
0.0 0.0 0.0 0.0 -0.0 0.0 0.882688 99.151077 -24.083366 92.976028 0.487754 -177.647507 -5.928882 1.193384 0.173124 -12.805953 0.026353 0.6744 24.808275 -0.931376 -1.002995 17.586191 -2.064189 2.567125 -2.700085 -0.512704 0.452393 -24.836321 0.467234 0.072923 7e-06 5.9e-05 5.9e-05 -0.041985 -0.007767 -0.149961 -0.018636 0.065911 -0.110311 -0.035602 -0.084306 -0.192249 -151.899429 -60.326405 170.810425 29.815344 -38.306324 20.302881 35.113537 -0.276208 0.369901 -5.317678 -5.013058 -2.959636 17.640291 -26.302856 52.448071 -19.417555 -14.38735 29.405197 0.007398 -8.771181 0.003513 16.652672 -18.187172 5.973464 -0.609897 -1.788474 -3.905395 -4.802122 -11.039615 -2.937501 -0.026692 -20.941723 -0.006455 -5.024428 -25.01895 -4.047723 -0.00229 0.00724 0.001432 -10.633072 -5.688078 -3.602489 10.549592 -17.910189 -3.080871 -0.009804 -13.815686 0.015685 -0.522948 -31.110949 -4.016951 -11.180372 -59.717354 7.313864 -13.966874 -7.153531 -2.897355 13.745034 -8.379674 -3.202006 0.339281 -34.184715 0.756443 -0.963168 -17.713991 2.599279 -0.003885 -0.005778 0.00973 -17.347937 -20.103834 -4.224319 21.757786 -1.619343 3.887548 -0.010609 -6.330083 0.000845 -1.690764 -22.591904 -6.210959 -0.004829 -7e-06 0.006007 20.583462 -63.680691 177.735382 17.261055 -47.819813 14.204771 40.396004 0.147634 0.164236 0.744811 -3.573063 15.030433 22.152651 -20.413536 49.917366 -16.683077 -16.765583 28.482239 -0.003355 -12.661037 -0.000514 15.746801 -17.776329 2.990906 -0.099462 -1.511232 -4.276371 -5.046157 -5.612371 -2.954351 0.006644 -11.007356 0.003283 -6.095069 -15.886197 -3.816147 0.000924 0.004545 0.002729 -10.265279 -5.663275 -4.349187 11.024375 -11.29781 -2.36928 -1.381431 -14.213577 -6.316251 -0.620639 -26.908636 -3.806405 -4.72407 -49.233452 -2.907844 -13.677777 -7.343009 -3.710122 18.116903 -14.039399 -3.248591 0.004313 -18.755981 0.00559 -0.418075 -8.441339 2.557666 0.009624 -0.004812 6.8e-05 -15.881797 -20.042793 -5.467774 30.376368 -7.199893 1.711087 -0.007419 -8.136716 0.012895 -1.85948 -22.793224 -6.111943 -0.007886 -0.010994 -0.009562 -178.658661 -7.758416 -7.107702 16.101986 -0.057563 0.150899 -82.246277 -1.99329 -10.349339 -4.993522 1.475506 2.129936 -0.993941 -0.002106 0.000897 1.180547 -5.158285 -14.678049 16.97596 -0.047994 0.086181 -82.681412 0.204732 -7.44262 -5.653921 0.677535 1.647272 -0.997451 0.003344 -0.000892 
0.0 0.0 0.0 0.0 -0.0 0.0 0.82062 99.161362 -24.052364 92.96196 0.489551 -177.659622 -5.949626 1.20061 0.17407 -12.835708 0.022221 0.675925 24.860338 -0.947049 -1.000317 17.587254 -2.03363 2.580864 -2.709313 -0.509862 0.495225 -24.931135 0.467275 0.107434 -3.8e-05 0.000243 -0.001583 -0.040519 -0.006482 -0.139448 -0.023828 0.062325 -0.101435 -0.03951 -0.080639 -0.176847 -151.870422 -60.442368 170.770203 29.840752 -38.368736 20.377296 35.200516 -0.255726 0.303806 -5.369581 -5.003776 -2.976055 17.656874 -26.332508 52.484043 -19.472481 -14.382077 29.445993 -0.002171 -8.776258 0.001161 16.660591 -18.163158 6.042218 -0.608195 -1.797272 -3.897957 -4.812233 -11.049623 -2.941008 -0.004481 -20.966276 -0.00878 -5.017257 -25.031055 -4.040572 0.006186 -0.004048 -0.004276 -10.63642 -5.693166 -3.556988 10.575659 -17.923613 -3.147075 -0.002303 -13.829888 0.01657 -0.464664 -31.209545 -4.066929 -11.327301 -60.02285 7.498159 -13.994044 -7.16234 -2.888941 13.774132 -8.403664 -3.2154 0.343609 -34.237301 0.763418 -0.963271 -17.756218 2.61763 0.000868 -0.003441 -0.005966 -17.357634 -20.118727 -4.201936 21.766369 -1.628755 3.851223 -0.003074 -6.344365 0.008303 -1.699274 -22.564821 -6.225407 -0.000912 -0.003702 0.004716 20.660654 -63.811829 177.700058 17.319862 -47.946247 14.119016 40.481201 0.098106 0.17492 0.758126 -3.553321 15.160089 22.226667 -20.424961 50.006828 -16.716967 -16.758829 28.503817 -0.007071 -12.687296 0.010012 15.784216 -17.794497 2.969258 -0.091563 -1.514795 -4.285189 -5.054835 -5.62767 -2.941852 0.006714 -11.038181 -0.006471 -6.096958 -15.941014 -3.842153 -0.007547 -0.001933 -0.002702 -10.292292 -5.686105 -4.341704 11.05934 -11.319178 -2.38343 -1.383934 -14.259226 -6.311866 -0.619405 -26.96245 -3.835515 -4.620491 -49.339588 -3.053975 -13.71328 -7.370248 -3.721153 18.150726 -14.069407 -3.245683 0.012074 -18.80212 0.004279 -0.421442 -8.473869 2.561594 -0.00841 0.007643 -0.002517 -15.939882 -20.127003 -5.475191 30.442108 -7.205801 1.725003 0.010981 -8.191344 0.01648 -1.852831 -22.911629 -6.158162 0.002397 -0.000667 -0.00959 -178.688492 -7.778501 -7.11391 16.06271 -0.055451 0.168348 -82.325729 -2.053901 -10.383921 -4.974275 1.450806 2.124079 -0.993543 0.00142 0.000193 1.120565 -5.141687 -14.682779 16.99885 -0.05876 0.100994 -82.83139 0.204043 -7.442574 -5.6942 0.676426 1.643224 -0.995185 0.003476 0.001608 
0.0 0.0 0.0 0.0 -0.0 0.0 0.81698 99.164253 -24.006359 92.934029 0.487591 -177.657043 -5.959868 1.19748 0.168431 -12.838054 0.017368 0.680281 24.840109 -0.958166 -0.982855 17.536041 -1.97311 2.586304 -2.724144 -0.502603 0.483872 -25.017141 0.475475 0.15847 -5.2e-05 0.000308 0.001969 -0.042141 -0.008949 -0.134413 -0.011343 0.057825 -0.099674 -0.029119 -0.080008 -0.169915 -151.848541 -60.368217 170.730988 29.784338 -38.355778 20.411324 35.250919 -0.299173 0.25821 -5.446851 -5.041545 -2.970796 17.642241 -26.359793 52.460526 -19.485191 -14.407677 29.428659 0.000118 -8.767764 0.005908 16.613445 -18.134108 6.050896 -0.609694 -1.790334 -3.89733 -4.800623 -11.054841 -2.933718 0.002485 -20.994196 0.001938 -5.008958 -25.076864 -4.036218 -0.007701 0.00194 0.004276 -10.621473 -5.6775 -3.564782 10.57821 -17.928135 -3.101998 0.004845 -13.818098 -0.004749 -0.492115 -31.169552 -4.014602 -11.388942 -59.895836 7.533102 -13.968057 -7.140776 -2.881793 13.761336 -8.411613 -3.197908 0.361709 -34.230469 0.770069 -0.949176 -17.751408 2.618431 -0.002203 -0.000806 -0.008247 -17.336792 -20.102488 -4.203852 21.758417 -1.635264 3.856031 -0.013367 -6.334502 0.011292 -1.707061 -22.596252 -6.168303 0.007708 -0.001082 -0.006776 20.633284 -63.721897 177.677887 17.32406 -47.950787 14.029362 40.38361 0.040117 0.194134 0.788704 -3.525814 15.472653 22.228155 -20.468937 50.078121 -16.744749 -16.769567 28.558199 -0.0106 -12.71105 0.007096 15.796149 -17.834719 2.962459 -0.106867 -1.524044 -4.28399 -5.038763 -5.609479 -2.969661 0.00379 -11.031891 -0.012476 -6.111253 -15.902554 -3.8326 -0.002813 -0.008242 0.009974 -10.290221 -5.680455 -4.362595 11.04558 -11.319633 -2.372262 -1.375202 -14.252813 -6.319999 -0.628711 -26.986082 -3.813979 -4.677854 -49.39336 -3.051964 -13.709161 -7.360917 -3.730655 18.160831 -14.078396 -3.26264 0.017126 -18.841385 0.015789 -0.429098 -8.478119 2.566145 0.011266 -0.004715 5.4e-05 -15.91562 -20.102945 -5.504569 30.457689 -7.226472 1.731325 -0.015903 -8.173049 0.014033 -1.842265 -22.870054 -6.150541 -0.004781 -0.00486 0.0 -178.698196 -7.791891 -7.065691 16.012156 -0.060033 0.16359 -82.361183 -2.107215 -10.397806 -4.960046 1.448783 2.123949 -1.004654 -0.002087 0.000148 1.073337 -5.111427 -14.695613 17.018179 -0.070903 0.122971 -82.806686 0.178037 -7.408173 -5.737794 0.671048 1.640105 -1.00538 0.000408 -0.000314 
0.0 0.0 0.0 0.0 -0.0 0.0 0.803342 99.175461 -23.969908 92.914162 0.478653 -177.639023 -5.952002 1.19086 0.145202 -12.838455 0.007228 0.674321 24.800337 -0.97444 -0.931983 17.468924 -1.883946 2.585488 -2.729536 -0.504833 0.445064 -25.109539 0.477559 0.200997 -0.001764 -0.000576 -0.000137 -0.041964 -0.013072 -0.142833 0.004658 0.049947 -0.111057 -0.010052 -0.079094 -0.1818 -151.851746 -60.311508 170.734924 29.738722 -38.297073 20.389671 35.28487 -0.340216 0.18285 -5.560642 -5.087215 -2.810774 17.625786 -26.401276 52.550404 -19.47897 -14.429159 29.478235 -0.001215 -8.785088 0.000785 16.61953 -18.172056 6.084274 -0.613023 -1.797933 -3.897518 -4.800588 -11.04861 -2.93982 -0.012508 -20.980984 0.018358 -5.029936 -25.034098 -4.032741 -0.004645 -0.002722 0.001401 -10.636222 -5.686389 -3.557083 10.587247 -17.943729 -3.120239 0.000395 -13.822561 0.003239 -0.516517 -31.203432 -3.994896 -11.307016 -59.951473 7.463322 -13.992614 -7.145992 -2.883785 13.795403 -8.417167 -3.21049 0.357154 -34.243767 0.778964 -0.977814 -17.760693 2.634254 0.002501 -0.006028 0.006762 -17.356388 -20.106138 -4.193364 21.775356 -1.636661 3.865299 0.008178 -6.350363 -0.016855 -1.710597 -22.600321 -6.184069 0.002223 -0.010136 0.000403 20.570803 -63.684444 177.742844 17.340305 -47.99942 13.84608 40.356548 0.001003 0.194427 0.758565 -3.508997 15.851679 22.196962 -20.354496 49.962074 -16.725477 -16.752186 28.495337 -0.000251 -12.695569 -0.006066 15.751737 -17.826294 2.994053 -0.099146 -1.508133 -4.281173 -5.040282 -5.621754 -2.959198 -0.007842 -11.018576 -0.001075 -6.124299 -15.910381 -3.859863 0.001924 -0.001877 0.007568 -10.272911 -5.671987 -4.345855 11.025853 -11.306921 -2.393633 -1.378231 -14.271659 -6.310743 -0.634626 -26.954807 -3.840575 -4.528877 -49.34927 -3.112399 -13.723581 -7.36851 -3.72063 18.176111 -14.052225 -3.259543 -0.005707 -18.801891 -0.010235 -0.422517 -8.462018 2.569799 0.000439 -0.003275 -0.008176 -15.920778 -20.105518 -5.483978 30.428999 -7.179233 1.736662 0.006867 -8.166128 -0.006516 -1.859097 -22.843245 -6.182967 0.018722 -0.009292 6.7e-05 -178.677109 -7.785232 -6.982502 15.88295 -0.068692 0.168475 -82.14135 -2.133128 -10.380709 -4.949481 1.463391 2.13445 -0.990213 0.000498 0.002409 1.064875 -5.084072 -14.678461 16.972286 -0.074705 0.120623 -82.764435 0.114676 -7.346997 -5.827391 0.678353 1.643419 -0.99161 -0.000171 -6.8e-05 
0.0 0.0 0.0 0.0 -0.0 0.0 0.767492 99.188576 -23.964617 92.895271 0.464345 -177.611755 -5.950555 1.196331 0.140604 -12.832904 -0.008524 0.639823 24.788401 -1.0088 -0.859795 17.430355 -1.800589 2.568368 -2.734211 -0.508245 0.40513 -25.228527 0.480767 0.197543 -0.001713 -0.000878 -0.001928 -0.040179 -0.014296 -0.144408 0.015184 0.048249 -0.104191 0.002131 -0.080824 -0.179796 -151.912704 -60.384865 170.757568 29.75102 -38.383823 20.360773 35.42345 -0.355725 0.148663 -5.741492 -5.112586 -2.647444 17.699343 -26.402954 52.550934 -19.504131 -14.428371 29.451841 -0.010921 -8.799889 0.007149 16.570219 -18.17177 6.115556 -0.602571 -1.798505 -3.875592 -4.808564 -11.062266 -2.956572 0.010032 -21.032829 0.007326 -5.031019 -25.052958 -4.031486 -0.002336 -0.007441 0.003132 -10.653708 -5.693874 -3.553437 10.61372 -17.96574 -3.130215 0.003447 -13.845967 0.019779 -0.509911 -31.25498 -4.022985 -11.330564 -60.030186 7.399158 -14.013826 -7.154356 -2.860886 13.823455 -8.423823 -3.231311 0.373716 -34.313129 0.780179 -0.967608 -17.784489 2.626974 -0.00293 -0.002988 0.002988 -17.373568 -20.120501 -4.185421 21.811146 -1.657919 3.862149 0.0013 -6.353024 0.005717 -1.708101 -22.617794 -6.188336 -0.00547 -0.006058 0.008033 20.667107 -63.741001 177.74173 17.443954 -48.118759 13.56679 40.321838 -0.069348 0.211953 0.836044 -3.514987 16.390938 22.197449 -20.42544 50.052319 -16.698193 -16.744085 28.508589 0.009115 -12.702028 0.003414 15.754094 -17.841078 2.955373 -0.126479 -1.519533 -4.279604 -5.042525 -5.617445 -2.971917 -0.00663 -11.029085 -0.003565 -6.1093 -15.91252 -3.838522 -0.002508 0.005836 -0.0 -10.311098 -5.687805 -4.353056 11.031215 -11.316588 -2.356848 -1.380811 -14.251468 -6.353383 -0.645765 -26.94894 -3.809254 -4.488357 -49.352737 -3.117929 -13.737289 -7.364625 -3.746475 18.14436 -14.066585 -3.240412 -0.013633 -18.785271 0.029744 -0.432947 -8.462528 2.562148 0.000442 -0.004238 0.001923 -15.951123 -20.114 -5.473761 30.435804 -7.192156 1.735679 0.001698 -8.168858 -0.005366 -1.882656 -22.875383 -6.173387 0.002537 0.00286 -0.000171 -178.683884 -7.757999 -6.9054 15.800285 -0.064072 0.169451 -82.212914 -2.126633 -10.373716 -4.955539 1.462909 2.133122 -0.993852 -0.002451 -9.6e-05 1.049787 -5.081156 -14.646334 16.921537 -0.074338 0.116092 -82.720467 0.028363 -7.306704 -5.85078 0.681817 1.648183 -1.001866 0.009154 0.001538 
0.0 0.0 0.0 0.0 -0.0 0.0 0.680047 99.201241 -23.912123 92.879662 0.454346 -177.632828 -5.965132 1.21259 0.172294 -12.832975 -0.032218 0.581178 24.764256 -1.050696 -0.767503 17.350874 -1.741616 2.516161 -2.682877 -0.509576 0.406872 -25.274517 0.498742 0.144441 0.001827 -0.000134 3e-05 -0.038458 -0.015124 -0.130288 0.01146 0.051012 -0.08877 0.000564 -0.08593 -0.170486 -152.007935 -60.375732 170.837753 29.687134 -38.384174 20.344992 35.517986 -0.349898 0.112566 -5.991482 -5.06025 -2.391234 17.675684 -26.420906 52.588696 -19.51107 -14.439507 29.469906 0.002651 -8.793993 0.015011 16.523905 -18.173321 6.108672 -0.611516 -1.798477 -3.89336 -4.814413 -11.057987 -2.950384 -0.001312 -21.009302 0.000461 -5.022967 -25.070169 -4.035385 -0.006384 -0.006145 -0.0005 -10.655428 -5.692568 -3.559975 10.603168 -17.954012 -3.115062 0.003552 -13.822605 -0.003313 -0.48631 -31.193027 -4.037264 -11.369135 -59.805935 7.285882 -14.016311 -7.158748 -2.881237 13.816596 -8.413374 -3.22977 0.31948 -34.291153 0.810441 -0.975042 -17.774563 2.635363 0.002215 -0.000297 -0.004067 -17.380297 -20.126888 -4.204479 21.811617 -1.653897 3.873056 0.001855 -6.34288 -0.005745 -1.685142 -22.630972 -6.183955 0.007131 -0.007239 -0.01069 20.774752 -63.73542 177.696335 17.542416 -48.132305 13.247818 40.210751 -0.186103 0.165647 0.845102 -3.491884 16.823315 22.210892 -20.405649 49.958099 -16.699726 -16.760719 28.491127 0.001209 -12.697576 -0.019717 15.776319 -17.800356 2.966233 -0.100882 -1.51462 -4.277838 -5.039805 -5.613617 -2.946249 0.013902 -11.021938 -0.004895 -6.101763 -15.887473 -3.829017 -0.003118 -0.0 -0.001453 -10.285729 -5.678434 -4.329919 11.041835 -11.302157 -2.379015 -1.366414 -14.240127 -6.329295 -0.60428 -26.931322 -3.826465 -4.444483 -49.332268 -3.036584 -13.710514 -7.365352 -3.713291 18.157087 -14.050934 -3.259896 0.005304 -18.78908 0.018192 -0.438839 -8.447728 2.562215 -0.004452 -0.004277 -0.001834 -15.923326 -20.081961 -5.470843 30.440691 -7.20037 1.737412 -0.005508 -8.145464 -0.005254 -1.853687 -22.829765 -6.153847 -0.011146 0.013333 0.006764 -178.710922 -7.768854 -6.864963 15.697313 -0.05699 0.169893 -82.036552 -2.029481 -10.357236 -4.93221 1.46341 2.134071 -0.993703 -0.00372 -0.000232 0.952178 -5.059551 -14.614985 16.952166 -0.081911 0.129107 -82.666611 -0.056987 -7.158844 -5.825929 0.695857 1.649587 -0.998504 -0.001889 0.000364 
