HIERARCHY
ROOT Root
{
  OFFSET 0.0 0.0 0.0
  CHANNELS 6 Xposition Yposition Zposition Zrotation Yrotation Xrotation
  JOINT Hips
  {
    OFFSET 0.0 100.0 0.0
    CHANNELS 6 Xposition Yposition Zposition Zrotation Yrotation Xrotation
    JOINT Spine1
    {
      OFFSET 5.003913 -0.037094 -0.013727
      CHANNELS 3 Zrotation Yrotation Xrotation
      JOINT Spine2
      {
        OFFSET 7.125363 -1e-06 0.0
        CHANNELS 3 Zrotation Yrotation Xrotation
        JOINT Chest
        {
          OFFSET 7.594027 1e-06 0.0
          CHANNELS 3 Zrotation Yrotation Xrotation
          JOINT Neck1
          {
            OFFSET 26.313086 -0.460272 -0.181672
            CHANNELS 3 Zrotation Yrotation Xrotation
            JOINT Neck2
            {
              OFFSET 8.045911 0.0 0.0
              CHANNELS 3 Zrotation Yrotation Xrotation
              JOINT Head
              {
                OFFSET 6.432774 0.0 0.0
                CHANNELS 3 Zrotation Yrotation Xrotation
                JOINT HeadEnd
                {
                  OFFSET 16.169773 0.06451 0.00362
                  CHANNELS 3 Zrotation Yrotation Xrotation
                }
                JOINT Jaw
                {
                  OFFSET 0.108741 3.12938 0.002639
                  CHANNELS 3 Zrotation Yrotation Xrotation
                }
                JOINT LeftEye
                {
                  OFFSET 4.45173 8.166359 3.206392
                  CHANNELS 3 Zrotation Yrotation Xrotation
                }
                JOINT RightEye
                {
                  OFFSET 4.436895 8.135758 -3.222429
                  CHANNELS 3 Zrotation Yrotation Xrotation
                }
              }
            }
          }
          JOINT LeftShoulder
          {
            OFFSET 23.218927 5.195579 1.621656
            CHANNELS 3 Zrotation Yrotation Xrotation
            JOINT LeftArm
            {
              OFFSET 15.902118 2e-06 -2e-06
              CHANNELS 3 Zrotation Yrotation Xrotation
              JOINT LeftForeArm
              {
                OFFSET 28.739307 0.0 -1e-06
                CHANNELS 3 Zrotation Yrotation Xrotation
                JOINT LeftHand
                {
                  OFFSET 27.093981 -4e-06 0.0
                  CHANNELS 3 Zrotation Yrotation Xrotation
                  JOINT LeftHandThumb1
                  {
                    OFFSET 2.276781 3.380274 0.83384
                    CHANNELS 3 Zrotation Yrotation Xrotation
                    JOINT LeftHandThumb2
                    {
                      OFFSET 4.705309 -1e-06 -1e-06
                      CHANNELS 3 Zrotation Yrotation Xrotation
                      JOINT LeftHandThumb3
                      {
                        OFFSET 2.798515 0.0 3e-06
                        CHANNELS 3 Zrotation Yrotation Xrotation
                        JOINT LeftHandThumbEnd
                        {
                          OFFSET 3.180793 4e-06 -4e-06
                          CHANNELS 3 Zrotation Yrotation Xrotation
                        }
                      }
                    }
                  }
                  JOINT LeftHandIndex1
                  {
                    OFFSET 3.247786 2.352677 0.137192
                    CHANNELS 3 Zrotation Yrotation Xrotation
                    JOINT LeftHandIndex2
                    {
                      OFFSET 6.367095 1e-06 0.0
                      CHANNELS 3 Zrotation Yrotation Xrotation
                      JOINT LeftHandIndex3
                      {
                        OFFSET 3.662364 0.0 0.0
                        CHANNELS 3 Zrotation Yrotation Xrotation
                        JOINT LeftHandIndex4
                        {
                          OFFSET 2.329242 4e-06 -4e-06
                          CHANNELS 3 Zrotation Yrotation Xrotation
                          JOINT LeftHandIndexEnd
                          {
                            OFFSET 2.767823 1e-06 0.0
                            CHANNELS 3 Zrotation Yrotation Xrotation
                          }
                        }
                      }
                    }
                  }
                  JOINT LeftHandMiddle1
                  {
                    OFFSET 3.163612 0.945023 -0.406112
                    CHANNELS 3 Zrotation Yrotation Xrotation
                    JOINT LeftHandMiddle2
                    {
                      OFFSET 6.276789 3e-06 0.0
                      CHANNELS 3 Zrotation Yrotation Xrotation
                      JOINT LeftHandMiddle3
                      {
                        OFFSET 4.35652 -1e-06 4e-06
                        CHANNELS 3 Zrotation Yrotation Xrotation
                        JOINT LeftHandMiddle4
                        {
                          OFFSET 2.996877 0.0 8e-06
                          CHANNELS 3 Zrotation Yrotation Xrotation
                          JOINT LeftHandMiddleEnd
                          {
                            OFFSET 2.323256 3e-06 -4e-06
                            CHANNELS 3 Zrotation Yrotation Xrotation
                          }
                        }
                      }
                    }
                  }
                  JOINT LeftHandRing1
                  {
                    OFFSET 2.882606 -0.309162 0.107445
                    CHANNELS 3 Zrotation Yrotation Xrotation
                    JOINT LeftHandRing2
                    {
                      OFFSET 6.033198 0.0 4e-06
                      CHANNELS 3 Zrotation Yrotation Xrotation
                      JOINT LeftHandRing3
                      {
                        OFFSET 4.350578 3e-06 0.0
                        CHANNELS 3 Zrotation Yrotation Xrotation
                        JOINT LeftHandRing4
                        {
                          OFFSET 2.651321 2e-06 -7e-06
                          CHANNELS 3 Zrotation Yrotation Xrotation
                          JOINT LeftHandRingEnd
                          {
                            OFFSET 1.937663 1e-06 -4e-06
                            CHANNELS 3 Zrotation Yrotation Xrotation
                          }
                        }
                      }
                    }
                  }
                  JOINT LeftHandPinky1
                  {
                    OFFSET 2.865315 -1.525436 0.575687
                    CHANNELS 3 Zrotation Yrotation Xrotation
                    JOINT LeftHandPinky2
                    {
                      OFFSET 5.54936 1e-06 -8e-06
                      CHANNELS 3 Zrotation Yrotation Xrotation
                      JOINT LeftHandPinky3
                      {
                        OFFSET 3.070974 0.0 -4e-06
                        CHANNELS 3 Zrotation Yrotation Xrotation
                        JOINT LeftHandPinky4
                        {
                          OFFSET 1.549672 1e-06 0.0
                          CHANNELS 3 Zrotation Yrotation Xrotation
                          JOINT LeftHandPinkyEnd
                          {
                            OFFSET 1.952123 0.0 0.0
                            CHANNELS 3 Zrotation Yrotation Xrotation
                          }
                        }
                      }
                    }
                  }
                }
              }
            }
          }
          JOINT RightShoulder
          {
            OFFSET 23.161716 5.296122 -1.380114
            CHANNELS 3 Zrotation Yrotation Xrotation
            JOINT RightArm
            {
              OFFSET -16.027195 -2e-06 1.1e-05
              CHANNELS 3 Zrotation Yrotation Xrotation
              JOINT RightForeArm
              {
                OFFSET -28.736639 4e-06 2e-06
                CHANNELS 3 Zrotation Yrotation Xrotation
                JOINT RightHand
                {
                  OFFSET -27.133619 6e-06 0.0
                  CHANNELS 3 Zrotation Yrotation Xrotation
                  JOINT RightHandThumb1
                  {
                    OFFSET -2.274328 -3.351035 -0.83067
                    CHANNELS 3 Zrotation Yrotation Xrotation
                    JOINT RightHandThumb2
                    {
                      OFFSET -4.703594 -3e-06 2e-06
                      CHANNELS 3 Zrotation Yrotation Xrotation
                      JOINT RightHandThumb3
                      {
                        OFFSET -2.794935 -4e-06 -3e-06
                        CHANNELS 3 Zrotation Yrotation Xrotation
                        JOINT RightHandThumbEnd
                        {
                          OFFSET -3.183852 4e-06 1e-06
                          CHANNELS 3 Zrotation Yrotation Xrotation
                        }
                      }
                    }
                  }
                  JOINT RightHandIndex1
                  {
                    OFFSET -3.253496 -2.33755 -0.127667
                    CHANNELS 3 Zrotation Yrotation Xrotation
                    JOINT RightHandIndex2
                    {
                      OFFSET -6.344434 0.0 0.0
                      CHANNELS 3 Zrotation Yrotation Xrotation
                      JOINT RightHandIndex3
                      {
                        OFFSET -3.654871 0.0 -8e-06
                        CHANNELS 3 Zrotation Yrotation Xrotation
                        JOINT RightHandIndex4
                        {
                          OFFSET -2.327586 -1e-06 0.0
                          CHANNELS 3 Zrotation Yrotation Xrotation
                          JOINT RightHandIndexEnd
                          {
                            OFFSET -2.770001 3e-06 8e-06
                            CHANNELS 3 Zrotation Yrotation Xrotation
                          }
                        }
                      }
                    }
                  }
                  JOINT RightHandMiddle1
                  {
                    OFFSET -3.168223 -0.944764 0.411762
                    CHANNELS 3 Zrotation Yrotation Xrotation
                    JOINT RightHandMiddle2
                    {
                      OFFSET -6.266691 -1e-06 -4e-06
                      CHANNELS 3 Zrotation Yrotation Xrotation
                      JOINT RightHandMiddle3
                      {
                        OFFSET -4.348901 0.0 0.0
                        CHANNELS 3 Zrotation Yrotation Xrotation
                        JOINT RightHandMiddle4
                        {
                          OFFSET -3.00024 2e-06 -4e-06
                          CHANNELS 3 Zrotation Yrotation Xrotation
                          JOINT RightHandMiddleEnd
                          {
                            OFFSET -2.321477 -4e-06 -4e-06
                            CHANNELS 3 Zrotation Yrotation Xrotation
                          }
                        }
                      }
                    }
                  }
                  JOINT RightHandRing1
                  {
                    OFFSET -2.885654 0.293261 -0.119232
                    CHANNELS 3 Zrotation Yrotation Xrotation
                    JOINT RightHandRing2
                    {
                      OFFSET -6.032835 -1e-06 -4e-06
                      CHANNELS 3 Zrotation Yrotation Xrotation
                      JOINT RightHandRing3
                      {
                        OFFSET -4.33881 0.0 -4e-06
                        CHANNELS 3 Zrotation Yrotation Xrotation
                        JOINT RightHandRing4
                        {
                          OFFSET -2.654903 -4e-06 -4e-06
                          CHANNELS 3 Zrotation Yrotation Xrotation
                          JOINT RightHandRingEnd
                          {
                            OFFSET -1.935122 0.0 4e-06
                            CHANNELS 3 Zrotation Yrotation Xrotation
                          }
                        }
                      }
                    }
                  }
                  JOINT RightHandPinky1
                  {
                    OFFSET -2.866241 1.503904 -0.60527
                    CHANNELS 3 Zrotation Yrotation Xrotation
                    JOINT RightHandPinky2
                    {
                      OFFSET -5.553177 -2e-06 0.0
                      CHANNELS 3 Zrotation Yrotation Xrotation
                      JOINT RightHandPinky3
                      {
                        OFFSET -3.062664 -1e-06 -4e-06
                        CHANNELS 3 Zrotation Yrotation Xrotation
                        JOINT RightHandPinky4
                        {
                          OFFSET -1.546529 2e-06 4e-06
                          CHANNELS 3 Zrotation Yrotation Xrotation
                          JOINT RightHandPinkyEnd
                          {
                            OFFSET -1.952341 0.0 -4e-06
                            CHANNELS 3 Zrotation Yrotation Xrotation
                          }
                        }
                      }
                    }
                  }
                }
              }
            }
          }
        }
      }
    }
    JOINT LeftLeg
    {
      OFFSET -8.443107 2.567604 10.043214
      CHANNELS 3 Zrotation Yrotation Xrotation
      JOINT LeftShin
      {
        OFFSET 43.229198 1e-06 -1e-06
        CHANNELS 3 Zrotation Yrotation Xrotation
        JOINT LeftFoot
        {
          OFFSET 42.298611 1e-06 1e-06
          CHANNELS 3 Zrotation Yrotation Xrotation
          JOINT LeftToeBase
          {
            OFFSET 14.165858 1e-06 0.0
            CHANNELS 3 Zrotation Yrotation Xrotation
            JOINT LeftToeEnd
            {
              OFFSET 6.7141 -0.234461 0.0
              CHANNELS 3 Zrotation Yrotation Xrotation
            }
          }
        }
      }
    }
    JOINT RightLeg
    {
      OFFSET -8.303923 2.592729 -10.047278
      CHANNELS 3 Zrotation Yrotation Xrotation
      JOINT RightShin
      {
        OFFSET -43.369682 0.0 1e-06
        CHANNELS 3 Zrotation Yrotation Xrotation
        JOINT RightFoot
        {
          OFFSET -42.260784 4e-06 2e-06
          CHANNELS 3 Zrotation Yrotation Xrotation
          JOINT RightToeBase
          {
            OFFSET -14.222245 -2e-06 -1e-06
            CHANNELS 3 Zrotation Yrotation Xrotation
            JOINT RightToeEnd
            {
              OFFSET -6.660062 0.232574 -2e-06
              CHANNELS 3 Zrotation Yrotation Xrotation
            }
          }
        }
      }
    }
  }
}
MOTION
Frames: 180
Frame Time: 0.03333333333333333
0.0 0.0 0.0 0.0 -0.0 0.0 -2.14145 99.532166 -4.5316 90.626312 2.822696 89.512665 -4.257541 -0.050596 -0.314988 -11.922533 -0.981576 -0.778845 20.839674 -1.067746 -3.483058 18.549463 -1.412921 2.919655 -2.705874 -0.422448 1.987411 -25.645624 1.988586 0.799462 -4e-06 0.000526 0.00021 -0.067086 0.003458 0.118123 -0.050224 0.079859 0.127677 -0.036903 -0.078719 0.116382 -149.336487 -67.095566 164.205658 15.438367 -52.03635 17.422874 36.253929 0.191606 -0.009036 -0.704548 2.482654 16.212729 17.685545 -26.392523 52.503468 -19.490198 -14.409541 29.420446 -0.004802 -8.779311 0.007296 15.617139 -18.299894 6.455357 -0.605771 -1.800473 -3.907239 -4.812451 -11.056781 -2.931673 0.009743 -20.992941 -0.009821 -5.018836 -25.047276 -4.030346 -0.006254 -0.003825 0.00293 -10.646772 -5.690658 -3.568906 10.614199 -17.960043 -3.132319 0.009754 -13.847115 -0.000614 -0.493353 -31.237389 -4.017474 -12.362144 -59.648762 8.532481 -13.992448 -7.148634 -2.882359 13.799592 -8.429281 -3.226597 0.393136 -34.30455 0.754828 -0.959322 -17.759434 2.631711 -0.002569 -0.009808 0.005982 -17.351482 -20.109787 -4.218776 21.777998 -1.654227 3.866422 0.004473 -6.347207 0.001741 -1.691393 -22.59223 -6.183684 2.2e-05 -0.006359 -0.001991 19.524481 -63.111931 176.742279 27.917055 -46.606319 16.427324 28.119976 -0.539806 -0.005154 -5.065528 -4.712239 -3.444249 22.199921 -20.430653 49.998493 -16.708914 -16.751348 28.488224 -0.002755 -12.698788 0.003883 15.965916 -17.991491 2.877789 -0.103356 -1.514884 -4.280031 -5.048571 -5.623157 -2.963235 -0.007137 -11.02477 0.018349 -6.124297 -15.905649 -3.845365 0.001815 0.001663 -0.00018 -10.292741 -5.681808 -4.336649 11.029706 -11.321159 -2.369996 -1.378495 -14.250154 -6.321253 -0.629749 -26.947184 -3.83802 -4.161859 -49.827076 -3.873618 -13.722244 -7.368548 -3.707237 18.160437 -14.065465 -3.26265 0.002073 -18.821032 0.014619 -0.425519 -8.451235 2.554841 0.0 -0.002328 -0.000809 -15.930356 -20.108891 -5.464539 30.435587 -7.197653 1.722356 0.001034 -8.17283 0.004021 -1.853861 -22.887117 -6.165471 0.003001 0.012335 -0.001024 -177.595856 -4.159088 -9.270388 13.352877 -0.004209 0.315298 -81.412193 1.214636 -7.583217 -5.398549 1.468076 2.099254 -0.992334 -0.000606 -0.000127 0.904671 -5.16268 -6.342041 16.115993 0.018413 0.071806 -82.057007 -6.755805 -6.949161 -5.160754 0.571372 1.656419 -1.000716 0.00465 0.001072 
0.0 0.0 0.0 0.0 -0.0 0.0 -2.158152 99.545647 -4.522967 90.616203 2.801984 89.47718 -4.297621 -0.062309 -0.331491 -11.922646 -0.96303 -0.763722 20.829512 -1.066496 -3.494446 18.547934 -1.408325 2.886491 -2.705693 -0.438368 1.99649 -25.567745 1.975354 0.801446 0.001902 0.000316 -3e-05 -0.063263 0.009486 0.133907 -0.034348 0.081855 0.147643 -0.026613 -0.068896 0.126798 -149.376236 -67.057022 164.190155 15.318796 -51.992603 17.41552 36.33659 0.057727 -0.03041 -0.684967 2.473358 16.538839 17.66791 -26.431183 52.596611 -19.506357 -14.44023 29.4895 -0.007234 -8.795946 0.017121 15.66959 -18.350519 6.4516 -0.612701 -1.80289 -3.891712 -4.801317 -11.049542 -2.95456 0.011721 -21.004158 0.012612 -5.018296 -25.066317 -4.045979 -0.00099 0.000738 0.002038 -10.655012 -5.687311 -3.558719 10.616829 -17.954906 -3.12165 0.023949 -13.846749 -0.000306 -0.49554 -31.198317 -4.015693 -12.296871 -59.595081 8.529963 -14.005542 -7.157384 -2.885861 13.808881 -8.414501 -3.219831 0.337997 -34.265774 0.780304 -0.966016 -17.763628 2.647366 -0.000505 -0.007109 -0.00752 -17.368826 -20.114292 -4.218419 21.806423 -1.665347 3.870907 -0.004959 -6.345955 0.025155 -1.671826 -22.604767 -6.201964 0.000985 0.001629 5.5e-05 19.654978 -63.048882 176.630829 27.888723 -46.529816 16.49896 28.154251 -0.439139 0.043851 -5.007443 -4.694967 -3.633315 22.221933 -20.467491 50.153538 -16.711033 -16.809566 28.5709 0.000228 -12.718394 -0.004107 15.958496 -18.003075 2.875772 -0.10595 -1.507098 -4.294995 -5.055381 -5.625338 -2.954944 1.1e-05 -11.04244 -0.009619 -6.130437 -15.929461 -3.84924 -0.004749 0.009081 0.000135 -10.298232 -5.68048 -4.350204 11.050602 -11.320119 -2.379265 -1.381406 -14.249952 -6.337283 -0.612747 -26.960545 -3.835885 -4.075562 -49.699928 -3.978966 -13.731631 -7.369302 -3.727431 18.16077 -14.036442 -3.256845 -0.009921 -18.809216 0.009164 -0.440752 -8.451874 2.578123 -0.006768 0.009435 -0.008009 -15.961889 -20.119722 -5.494163 30.50491 -7.201664 1.746046 -0.008085 -8.148829 0.014064 -1.883143 -22.879772 -6.182621 0.001693 -0.010799 0.001873 -177.523819 -4.151117 -9.179698 13.174761 -0.004692 0.308887 -81.384018 1.046696 -7.53898 -5.421619 1.470431 2.105642 -0.999637 0.001969 8e-06 0.936073 -5.124294 -6.314676 15.987608 0.000513 0.040948 -81.987869 -6.725741 -6.969745 -5.234738 0.570689 1.651863 -1.003499 0.004521 0.0004 
0.0 0.0 0.0 0.0 -0.0 0.0 -2.128618 99.551346 -4.544507 90.604599 2.79165 89.436539 -4.343781 -0.057612 -0.330265 -11.943113 -0.969444 -0.769817 20.84095 -1.053092 -3.508826 18.550211 -1.42303 2.891458 -2.709524 -0.440108 1.988384 -25.482527 1.990063 0.845678 0.00189 -0.000198 -0.000406 -0.060185 0.011018 0.129341 -0.04506 0.076311 0.144103 -0.023265 -0.060357 0.118489 -149.365112 -66.872742 164.164764 15.142033 -51.832249 17.471642 36.391109 0.006869 -0.045659 -0.69745 2.455306 16.760172 17.641911 -26.337675 52.446186 -19.444149 -14.412235 29.408722 0.002162 -8.780564 -0.011844 15.657232 -18.33313 6.432084 -0.618282 -1.790055 -3.89944 -4.806228 -11.03788 -2.937039 -6e-05 -20.953333 -0.002375 -5.020908 -24.993229 -4.042051 -0.001276 0.002445 1.5e-05 -10.630835 -5.675781 -3.570304 10.558183 -17.90411 -3.101168 -0.014067 -13.813905 0.015184 -0.525959 -31.154505 -4.025033 -12.234181 -59.595196 8.385307 -13.980961 -7.147106 -2.878366 13.780236 -8.382147 -3.216813 0.322713 -34.202335 0.767271 -0.967137 -17.715275 2.615327 -0.000512 -0.003128 0.003774 -17.346189 -20.069864 -4.207085 21.774803 -1.638615 3.858649 -0.010052 -6.337342 0.011167 -1.711866 -22.593691 -6.189769 0.004586 0.002359 -0.013797 19.578846 -62.938515 176.685028 27.81078 -46.489559 16.52689 28.146591 -0.361761 0.056837 -4.941606 -4.657037 -3.791451 22.161745 -20.426805 49.965111 -16.676144 -16.754652 28.494974 -0.00434 -12.683281 -0.002478 15.955454 -17.961071 2.874983 -0.108671 -1.517443 -4.284051 -5.032901 -5.603817 -2.926317 0.001184 -11.014318 -0.003931 -6.103271 -15.880322 -3.834021 0.001311 -0.006753 0.00088 -10.272288 -5.674292 -4.334435 11.021099 -11.298635 -2.367676 -1.387866 -14.227385 -6.303226 -0.627864 -26.888699 -3.836207 -4.060469 -49.682911 -4.011497 -13.694675 -7.352495 -3.719897 18.119713 -14.040965 -3.233742 0.001691 -18.778055 0.020718 -0.426404 -8.448738 2.558762 -0.004266 0.00741 -0.015826 -15.903253 -20.07539 -5.46601 30.394459 -7.190495 1.724079 0.008221 -8.165729 0.01322 -1.849496 -22.846434 -6.17099 0.0 0.000458 0.006195 -177.543427 -4.125824 -9.099215 13.174082 -0.011422 0.303197 -81.428543 0.884465 -7.521451 -5.379932 1.467648 2.102017 -1.00674 0.000297 -0.000622 0.923656 -5.113431 -6.214677 15.934704 -0.011107 0.017984 -81.97683 -6.741199 -6.982582 -5.24101 0.564019 1.641229 -0.998304 -0.001383 -3.4e-05 
0.0 0.0 0.0 0.0 -0.0 0.0 -2.131769 99.542175 -4.53448 90.601028 2.80234 89.38739 -4.35823 -0.051908 -0.323647 -11.982506 -0.988029 -0.792897 20.870136 -1.034327 -3.518958 18.59133 -1.431081 2.927147 -2.723377 -0.455621 1.967224 -25.423094 1.99229 0.865172 1e-06 -6.6e-05 2e-05 -0.051424 0.010589 0.120997 -0.050086 0.067902 0.135131 -0.039117 -0.053163 0.113847 -149.299011 -66.993668 164.025314 15.069613 -51.980476 17.586569 36.500153 -0.041066 -0.063837 -0.708546 2.50143 16.965031 17.647388 -26.375893 52.608795 -19.505211 -14.408113 29.486355 0.001304 -8.791636 -0.006745 15.681331 -18.370848 6.421087 -0.60051 -1.789556 -3.882095 -4.820323 -11.087092 -2.958995 -0.003791 -21.028158 -0.028928 -5.040259 -25.10388 -4.060794 0.002509 -0.015081 0.01197 -10.646636 -5.68969 -3.563283 10.599148 -17.957062 -3.154355 0.001904 -13.834461 -0.011671 -0.529888 -31.240732 -4.01203 -12.049341 -59.743706 8.331877 -13.995418 -7.14545 -2.886485 13.784062 -8.427637 -3.210349 0.354278 -34.267918 0.756024 -0.959383 -17.762699 2.601875 -0.002543 0.016205 0.010952 -17.358601 -20.130352 -4.225652 21.780203 -1.643472 3.870152 -0.010097 -6.348722 0.001358 -1.67189 -22.637337 -6.214478 -0.007479 0.003627 -9.2e-05 19.571882 -63.037647 176.753357 27.885796 -46.513535 16.547081 28.164392 -0.331456 0.006151 -4.899496 -4.642961 -3.803048 22.183668 -20.439154 50.058655 -16.722057 -16.771414 28.567183 -0.005643 -12.70019 -0.003048 15.99668 -18.005728 2.878177 -0.106761 -1.517161 -4.289082 -5.037345 -5.618407 -2.945457 0.007161 -11.038242 -0.000345 -6.097811 -15.933529 -3.856262 -0.000572 0.005048 0.007192 -10.288122 -5.683682 -4.350286 11.043513 -11.317005 -2.374401 -1.378728 -14.260334 -6.32774 -0.603236 -26.952156 -3.841429 -4.010663 -49.763611 -4.060474 -13.711707 -7.365176 -3.734463 18.169279 -14.074984 -3.248035 -0.002086 -18.801342 -0.008972 -0.426158 -8.492368 2.56199 -0.002921 0.009807 0.005539 -15.926673 -20.125435 -5.496294 30.460161 -7.207658 1.731232 -0.007725 -8.170971 -0.008207 -1.85903 -22.89934 -6.148381 -0.001686 0.022193 0.003562 -177.561172 -4.135614 -9.045361 13.270145 -0.008145 0.307986 -81.381172 0.762534 -7.521284 -5.316038 1.480229 2.105195 -0.992153 -0.004118 0.00071 0.895341 -5.09778 -6.11407 16.018473 -0.013516 -0.006776 -82.03405 -6.74388 -6.971938 -5.226341 0.573525 1.639285 -1.001184 0.004584 0.001687 
0.0 0.0 0.0 0.0 -0.0 0.0 -2.12814 99.532906 -4.477042 90.600609 2.79078 89.334389 -4.374656 -0.051107 -0.318846 -11.99109 -1.000983 -0.800358 20.854065 -1.025006 -3.537456 18.59091 -1.440726 2.963581 -2.716339 -0.448103 1.92952 -25.369961 1.979431 0.856584 0.000271 0.000142 -0.000526 -0.048051 0.01065 0.114256 -0.046648 0.064846 0.127942 -0.026971 -0.050177 0.106575 -149.226929 -67.030991 163.923477 15.010389 -51.984238 17.665783 36.535152 -0.083738 -0.068733 -0.729637 2.540634 17.098593 17.648745 -26.336519 52.432243 -19.493597 -14.427423 29.466129 -0.002876 -8.783307 -0.012065 15.653293 -18.337143 6.41331 -0.618549 -1.797497 -3.895915 -4.795999 -11.047535 -2.930759 0.013956 -20.986666 0.001124 -5.003506 -25.032793 -4.030155 0.008867 0.005899 -0.009059 -10.647561 -5.685276 -3.569596 10.591048 -17.929188 -3.102669 -0.003252 -13.823735 0.009166 -0.485772 -31.212231 -4.006567 -12.192481 -59.703457 8.447632 -13.993271 -7.149197 -2.882454 13.786352 -8.408173 -3.212349 0.375413 -34.241158 0.769447 -0.937744 -17.739622 2.615304 -0.003658 0.011417 -0.004416 -17.363743 -20.100565 -4.190242 21.782564 -1.645533 3.867398 0.00344 -6.341873 -0.003294 -1.701181 -22.604458 -6.169451 0.001102 0.015669 -0.006656 19.581053 -63.082916 176.762665 27.989887 -46.498161 16.551598 28.121794 -0.301357 -0.005923 -4.82713 -4.608536 -3.80956 22.170959 -20.393261 49.944633 -16.717327 -16.75231 28.489008 -0.0143 -12.697206 0.009339 15.988515 -17.992783 2.845477 -0.104611 -1.518229 -4.270953 -5.02886 -5.616382 -2.955326 0.002321 -11.034757 0.008635 -6.104524 -15.919525 -3.844419 -0.002111 0.005433 0.000973 -10.275212 -5.67749 -4.320906 11.038517 -11.312883 -2.384822 -1.367229 -14.253251 -6.321888 -0.606524 -26.940632 -3.829978 -4.006148 -49.741463 -4.007554 -13.702357 -7.354671 -3.705961 18.161066 -14.068258 -3.255986 0.010697 -18.815613 -0.007598 -0.423418 -8.463342 2.561593 -0.009073 0.007045 0.011665 -15.908168 -20.096979 -5.458606 30.441689 -7.225346 1.714275 0.001942 -8.166859 0.009225 -1.843339 -22.885141 -6.18815 0.000499 0.00515 -0.001994 -177.545517 -4.121736 -9.011455 13.306146 -0.014647 0.297568 -81.474823 0.640279 -7.549143 -5.242153 1.491172 2.109589 -1.002999 -0.002598 -0.000457 0.886227 -5.097809 -6.055196 16.065048 -0.018458 -0.01837 -82.078003 -6.713798 -6.983892 -5.223408 0.570356 1.633974 -0.993988 -0.002041 0.000696 
0.0 0.0 0.0 0.0 -0.0 0.0 -2.08307 99.515846 -4.440443 90.60537 2.770313 89.288345 -4.389549 -0.056512 -0.327571 -11.986163 -0.998806 -0.79531 20.83441 -1.018679 -3.54785 18.586689 -1.467201 2.970473 -2.7173 -0.436438 1.912132 -25.282427 1.962602 0.839953 0.000247 0.000207 -0.000109 -0.044337 0.011192 0.119772 -0.041019 0.064704 0.136182 -0.025169 -0.050153 0.110111 -149.248917 -67.074142 163.898224 14.960459 -52.022224 17.801231 36.537609 -0.102023 -0.005512 -0.734692 2.537573 17.216782 17.669289 -26.423267 52.600731 -19.494652 -14.432004 29.54607 -0.000833 -8.789935 -0.01209 15.686158 -18.341555 6.444463 -0.606332 -1.791623 -3.922648 -4.807966 -11.06685 -2.922213 0.00447 -21.036476 -0.004479 -5.041337 -25.103167 -4.014576 0.016211 0.000568 -0.00745 -10.645399 -5.690818 -3.590374 10.578756 -17.956966 -3.093333 0.006051 -13.848607 0.002709 -0.503111 -31.248175 -4.053383 -12.108101 -59.751766 8.379317 -13.989982 -7.154898 -2.895804 13.785135 -8.418847 -3.217603 0.33472 -34.299419 0.794228 -0.952729 -17.766802 2.641248 -0.009255 0.0 0.003077 -17.351858 -20.12674 -4.228298 21.769865 -1.650357 3.890953 0.003359 -6.346629 -0.006215 -1.681789 -22.63172 -6.223954 -0.009679 -0.00268 0.008155 19.635809 -63.173542 176.722412 28.110434 -46.563404 16.628296 28.192814 -0.249673 -0.014199 -4.79074 -4.59134 -3.755133 22.278521 -20.442545 50.065411 -16.774523 -16.802864 28.576918 -0.002379 -12.738631 0.012434 16.029543 -18.052641 2.871445 -0.091346 -1.511356 -4.297741 -5.060912 -5.634521 -2.955624 0.009161 -11.06572 -0.009232 -6.125299 -15.961684 -3.859981 -0.002968 -0.00567 0.010381 -10.309438 -5.693184 -4.354094 11.077575 -11.345313 -2.395503 -1.385934 -14.294991 -6.333332 -0.614497 -27.018509 -3.848961 -4.063231 -49.994579 -4.015014 -13.742536 -7.380928 -3.74799 18.203253 -14.110976 -3.247916 0.014935 -18.868233 0.002462 -0.4371 -8.466698 2.575486 0.011297 0.000197 -0.010799 -15.95151 -20.153055 -5.511994 30.51663 -7.236073 1.744403 -0.010189 -8.166542 -0.010818 -1.86859 -22.922626 -6.172119 0.004161 -0.014331 -0.011246 -177.635269 -4.091579 -8.989294 13.506494 -0.02102 0.314283 -81.587753 0.527951 -7.531794 -5.171316 1.48878 2.108183 -1.003888 0.000747 0.000158 0.811628 -5.14139 -6.004966 16.186775 -0.016627 -0.020773 -82.067772 -6.686712 -7.00438 -5.228971 0.564536 1.634269 -1.003771 -0.002415 5.8e-05 
0.0 0.0 0.0 0.0 -0.0 0.0 -2.045793 99.509293 -4.404396 90.610023 2.747708 89.259377 -4.392803 -0.061592 -0.3318 -11.979082 -0.988351 -0.786921 20.823067 -1.028206 -3.571306 18.572006 -1.478673 2.981131 -2.731268 -0.427957 1.892788 -25.237318 1.949073 0.822449 0.000227 0.000318 -9.6e-05 -0.040852 0.011894 0.130842 -0.054831 0.064501 0.146661 -0.030272 -0.04884 0.120553 -149.239899 -66.964981 163.904633 14.960288 -51.931339 17.794758 36.532093 -0.093278 -0.066273 -0.740243 2.502268 17.360418 17.655535 -26.418594 52.547592 -19.497524 -14.41396 29.477478 0.005602 -8.788322 0.003788 15.67977 -18.34709 6.439338 -0.610384 -1.799934 -3.892042 -4.808494 -11.064559 -2.947279 -0.001334 -21.021015 0.015166 -5.006506 -25.100412 -4.042641 -0.000116 0.000755 0.003632 -10.652769 -5.696979 -3.577024 10.584549 -17.95322 -3.11171 -0.002229 -13.841393 0.016125 -0.50706 -31.20392 -4.035829 -12.034662 -59.706852 8.338516 -14.006333 -7.153441 -2.860526 13.794888 -8.412766 -3.229788 0.363815 -34.250107 0.776509 -0.981927 -17.743586 2.634791 -0.005601 0.001095 0.004494 -17.375847 -20.136406 -4.206236 21.788269 -1.644668 3.879871 0.001962 -6.350358 -0.004744 -1.689387 -22.63954 -6.2176 -0.014703 0.00456 0.009466 19.532747 -63.091011 176.84024 28.173403 -46.493645 16.637819 28.190639 -0.176356 0.021646 -4.749768 -4.512884 -3.803475 22.217884 -20.439474 50.077221 -16.709641 -16.774044 28.541582 -0.000625 -12.715346 0.007045 15.955422 -17.987349 2.886992 -0.103073 -1.513678 -4.284021 -5.040586 -5.620739 -2.948454 -0.004125 -11.021923 -0.007499 -6.122068 -15.91238 -3.850713 -0.002401 -0.007641 0.004278 -10.293501 -5.683478 -4.338123 11.046162 -11.312247 -2.393873 -1.391343 -14.25992 -6.325672 -0.641386 -26.975443 -3.817118 -3.997275 -49.846279 -4.045557 -13.72199 -7.366669 -3.730467 18.168041 -14.066971 -3.252331 -0.01369 -18.803783 0.015224 -0.440109 -8.452601 2.549556 0.00401 -0.003559 0.008473 -15.935841 -20.114038 -5.480646 30.44755 -7.199588 1.735438 0.004532 -8.170773 0.016908 -1.870053 -22.876667 -6.18119 -0.001198 0.000914 0.00417 -177.662018 -4.061085 -8.994473 13.56511 -0.025429 0.32258 -81.608841 0.443714 -7.524385 -5.115333 1.483789 2.109329 -0.995903 0.001842 -0.000599 0.785351 -5.176417 -5.975739 16.218279 -0.015446 -0.022409 -82.119492 -6.658952 -7.016533 -5.229122 0.560005 1.637508 -1.000715 0.004317 0.000957 
0.0 0.0 0.0 0.0 -0.0 0.0 -1.998969 99.513367 -4.367148 90.614937 2.728727 89.202011 -4.383097 -0.063597 -0.320087 -11.972988 -0.983639 -0.786184 20.80961 -1.027321 -3.566753 18.503862 -1.485604 2.967757 -2.71243 -0.439746 1.915598 -25.171114 1.935427 0.790492 0.000207 7.4e-05 -0.000288 -0.047982 0.013197 0.144492 -0.072557 0.067351 0.158765 -0.058439 -0.049062 0.13759 -149.216248 -66.570976 163.909668 14.855551 -51.680984 17.76906 36.443619 -0.080857 -0.042417 -0.753628 2.442058 17.417336 17.609299 -26.371712 52.547356 -19.395491 -14.353513 29.412748 0.011281 -8.758985 0.003031 15.653508 -18.278423 6.450702 -0.624537 -1.791471 -3.89764 -4.815669 -11.048431 -2.941811 -0.032306 -20.974926 0.00942 -5.059524 -25.0488 -4.025227 0.009889 -0.006361 -0.014043 -10.639285 -5.694208 -3.583222 10.526554 -17.894978 -3.085332 -0.030215 -13.811347 0.009742 -0.524087 -31.177038 -4.056935 -12.037591 -59.604889 8.222231 -13.997607 -7.163078 -2.887465 13.752087 -8.368148 -3.213465 0.299504 -34.187855 0.802422 -1.000923 -17.701611 2.629855 0.003207 -0.009938 -0.003511 -17.360224 -20.102947 -4.216181 21.736052 -1.608386 3.876008 -0.009402 -6.330854 -0.004975 -1.722111 -22.569075 -6.183767 0.005519 -5.2e-05 0.00698 19.329779 -62.879322 176.999512 28.157141 -46.3316 16.520786 28.129087 -0.141984 0.010873 -4.717054 -4.440268 -3.775797 22.168036 -20.381372 49.986816 -16.664412 -16.755005 28.4501 0.012405 -12.684717 0.003742 15.903456 -17.957317 2.863438 -0.100803 -1.508964 -4.27529 -5.043735 -5.606351 -2.951068 -0.007701 -11.008083 -0.007156 -6.133435 -15.886139 -3.836881 0.003775 0.001427 -0.000922 -10.278537 -5.673266 -4.323516 11.021078 -11.280162 -2.388018 -1.389206 -14.205369 -6.317712 -0.646674 -26.87739 -3.818386 -3.951305 -49.626896 -4.074913 -13.700968 -7.355847 -3.703104 18.116119 -14.004418 -3.250915 -0.023014 -18.760912 0.011411 -0.43226 -8.453399 2.577932 -0.002169 0.001639 -0.003972 -15.927272 -20.071278 -5.468419 30.430014 -7.174347 1.7412 -0.013512 -8.144013 0.002345 -1.895704 -22.828297 -6.153141 -0.004631 -0.000429 -0.004952 -177.610886 -4.008846 -9.023854 13.483547 -0.032704 0.328697 -81.575981 0.369418 -7.48927 -5.073486 1.480925 2.105199 -0.995598 0.005913 0.001011 0.812166 -5.20841 -5.934227 16.146532 -0.019081 -0.028347 -82.070953 -6.639319 -7.008999 -5.223375 0.561954 1.641714 -0.996555 0.000561 -0.001136 
0.0 0.0 0.0 0.0 -0.0 0.0 -1.971917 99.519028 -4.352335 90.618904 2.706602 89.155983 -4.37686 -0.065311 -0.310979 -11.959645 -0.976251 -0.777708 20.791142 -1.017404 -3.556777 18.437584 -1.501927 2.964564 -2.700642 -0.444723 1.920463 -25.112062 1.932086 0.777045 0.0 -3.6e-05 -0.000346 -0.041004 0.012874 0.149879 -0.068985 0.066634 0.165838 -0.054925 -0.0481 0.140395 -149.177109 -66.488258 163.857437 14.829278 -51.636013 17.756189 36.345036 -0.050273 -0.113519 -0.785575 2.413641 17.338373 17.608259 -26.254864 52.335289 -19.427019 -14.371202 29.373423 0.009422 -8.767083 -0.010797 15.679637 -18.284058 6.414623 -0.611232 -1.791243 -3.890261 -4.807554 -11.027268 -2.935478 -0.021914 -20.945066 0.016059 -5.025749 -25.017467 -4.058516 -0.006355 0.003695 0.002691 -10.615505 -5.68146 -3.569041 10.537442 -17.877474 -3.088302 -0.01038 -13.774444 0.00128 -0.487371 -31.084717 -4.080104 -11.899178 -59.330051 8.198888 -13.958218 -7.14496 -2.904472 13.738457 -8.384414 -3.18722 0.314983 -34.125454 0.773453 -0.958509 -17.683413 2.613271 -0.008452 0.006588 -0.001582 -17.322672 -20.078365 -4.212048 21.71357 -1.619869 3.859828 -0.001074 -6.339715 0.019804 -1.704488 -22.571945 -6.193582 -0.003838 -0.003388 -0.003838 19.223835 -62.879547 177.075027 28.239592 -46.33672 16.444038 28.100523 -0.13873 -0.006687 -4.703736 -4.425045 -3.723083 22.129381 -20.371264 49.933941 -16.67485 -16.73514 28.455467 -0.001098 -12.672688 0.012642 15.913487 -17.915165 2.861224 -0.10824 -1.512951 -4.27433 -5.031854 -5.605903 -2.925017 0.003983 -11.006037 -0.007597 -6.11353 -15.863976 -3.837324 0.001515 -0.0 0.00087 -10.272796 -5.674656 -4.335178 11.009358 -11.283166 -2.357549 -1.377448 -14.22411 -6.315928 -0.615688 -26.88331 -3.830018 -3.927382 -49.649277 -4.063086 -13.695006 -7.356454 -3.71423 18.108898 -14.027375 -3.224597 0.006651 -18.770615 -0.000202 -0.432457 -8.440136 2.550457 0.004292 -0.003037 0.01475 -15.916611 -20.073803 -5.463818 30.384441 -7.177694 1.753813 0.001682 -8.145165 -0.018016 -1.861846 -22.828072 -6.16647 0.004467 -0.00918 0.005525 -177.582886 -3.979844 -9.04824 13.405775 -0.028664 0.331289 -81.484818 0.28755 -7.453442 -5.06031 1.495671 2.11686 -0.991813 0.001285 0.00059 0.809616 -5.234163 -5.897985 16.09556 -0.006143 -0.041311 -82.014366 -6.638709 -6.981482 -5.225311 0.553155 1.644696 -0.997041 0.006884 0.00162 
0.0 0.0 0.0 0.0 -0.0 0.0 -1.968731 99.520988 -4.350821 90.62484 2.678849 89.1026 -4.371435 -0.058324 -0.302699 -11.960471 -0.97726 -0.77529 20.79649 -1.016577 -3.532846 18.393936 -1.523771 2.969733 -2.686607 -0.422716 1.912619 -25.075863 1.932011 0.787929 0.0 -0.0 0.0 -0.037558 0.011687 0.143969 -0.070638 0.064909 0.159994 -0.053111 -0.04903 0.134208 -149.124588 -66.508507 163.788696 14.84861 -51.682804 17.730158 36.358654 -0.081641 -0.107826 -0.812819 2.339898 17.271589 17.607239 -26.265253 52.348278 -19.417223 -14.379598 29.352182 0.000633 -8.761154 -0.00923 15.616499 -18.255341 6.431242 -0.610858 -1.791457 -3.868805 -4.798558 -11.030892 -2.958288 0.003471 -20.949131 -0.006772 -5.027116 -25.003019 -4.006262 0.008809 0.003132 0.0 -10.611121 -5.671985 -3.565083 10.541078 -17.89525 -3.113102 -0.001272 -13.801254 0.002507 -0.482863 -31.126925 -4.052026 -11.950617 -59.426144 8.253438 -13.952776 -7.126327 -2.87805 13.7468 -8.393282 -3.216071 0.344368 -34.155811 0.784641 -0.964276 -17.699791 2.619339 0.0 -0.0 0.0 -17.320137 -20.060661 -4.20592 21.745195 -1.646212 3.854635 -0.006113 -6.328888 0.012015 -1.722068 -22.550005 -6.193581 0.002394 -0.005488 -0.007343 19.200947 -62.90868 177.111694 28.325081 -46.32254 16.337967 28.086502 -0.162321 0.00662 -4.711027 -4.435513 -3.582565 22.191423 -20.347584 49.879505 -16.701521 -16.739187 28.446402 0.008997 -12.681096 -0.009607 15.956577 -17.920376 2.844676 -0.098774 -1.507538 -4.282992 -5.044687 -5.615775 -2.945526 0.001439 -11.018414 0.007277 -6.10743 -15.883501 -3.856372 -0.005467 0.003338 0.001107 -10.278197 -5.676455 -4.341835 11.019069 -11.294877 -2.375248 -1.383368 -14.236286 -6.317818 -0.627046 -26.939489 -3.839812 -3.957179 -49.876503 -4.039649 -13.704175 -7.358256 -3.720804 18.136417 -14.031092 -3.230721 -0.006633 -18.762337 -0.002875 -0.423552 -8.456863 2.562156 -0.001789 0.01278 -0.0071 -15.904547 -20.080612 -5.485718 30.397648 -7.207311 1.734318 -0.000534 -8.157986 0.006766 -1.870573 -22.817562 -6.1549 0.004686 -0.0001 0.000864 -177.587845 -3.957681 -9.045067 13.375209 -0.033826 0.333063 -81.531792 0.208786 -7.461892 -5.062897 1.505962 2.118924 -0.995634 0.003298 0.000355 0.758196 -5.248532 -5.87031 16.119574 -0.003511 -0.055968 -82.027184 -6.636755 -6.942743 -5.228081 0.557977 1.645517 -1.001108 -0.005958 -0.001427 
0.0 0.0 0.0 0.0 -0.0 0.0 -1.968667 99.518394 -4.349478 90.627571 2.647181 89.083008 -4.374069 -0.05083 -0.302164 -11.963973 -0.97284 -0.76384 20.827171 -1.011849 -3.504026 18.388182 -1.547159 2.95271 -2.684662 -0.404434 1.926313 -25.055981 1.912827 0.784251 0.000142 0.000177 -0.000178 -0.033985 0.010466 0.13833 -0.074137 0.061365 0.154586 -0.054797 -0.047543 0.130273 -149.152084 -66.576492 163.809006 14.885417 -51.709358 17.72459 36.433773 -0.043065 -0.108791 -0.816149 2.29371 17.217079 17.62495 -26.236696 52.275166 -19.431667 -14.367431 29.327259 0.001177 -8.76797 0.004784 15.67312 -18.299345 6.436974 -0.608108 -1.790625 -3.877655 -4.813494 -11.040794 -2.918835 -0.010031 -20.957193 -0.009487 -5.026291 -25.034758 -4.034764 -0.002489 0.003063 0.002681 -10.627526 -5.68117 -3.552628 10.563109 -17.906996 -3.105512 -0.010873 -13.820496 0.001178 -0.500851 -31.220074 -4.042439 -12.033139 -59.751431 8.302768 -13.962883 -7.135199 -2.874278 13.744815 -8.392677 -3.181227 0.35702 -34.152977 0.737547 -0.978034 -17.710476 2.61809 -0.009046 0.01321 0.003983 -17.333418 -20.071287 -4.184737 21.735958 -1.633389 3.873422 -0.001468 -6.327559 -0.019039 -1.71869 -22.540068 -6.172593 0.006961 -0.00769 -0.009399 19.22945 -63.01458 177.108246 28.406929 -46.370712 16.357182 28.096395 -0.135177 -0.007861 -4.709404 -4.497473 -3.498241 22.197704 -20.344076 49.941475 -16.701202 -16.738625 28.455221 0.010045 -12.689332 -0.001971 15.999877 -17.944258 2.822724 -0.104436 -1.514313 -4.27811 -5.047318 -5.614654 -2.942055 -0.002781 -11.021549 -0.008156 -6.113751 -15.897328 -3.840823 -0.002142 -0.005757 0.004463 -10.294487 -5.688541 -4.33391 11.023446 -11.288661 -2.366732 -1.390922 -14.231003 -6.33033 -0.630347 -26.871824 -3.846345 -3.891992 -49.799744 -4.066682 -13.719435 -7.370042 -3.718381 18.133583 -14.035258 -3.239654 -0.008937 -18.77158 -0.001192 -0.433084 -8.452502 2.553133 0.004931 0.009861 -0.009442 -15.950173 -20.104794 -5.474818 30.431839 -7.19768 1.748288 0.008373 -8.147456 -0.002045 -1.872791 -22.842171 -6.181082 0.00029 0.004068 0.013543 -177.642914 -3.951403 -8.99898 13.4158 -0.029777 0.328183 -81.52655 0.124252 -7.48509 -5.067346 1.508612 2.117031 -0.999523 -0.001659 -0.000236 0.692913 -5.260969 -5.871117 16.171244 0.004345 -0.056219 -82.006042 -6.643023 -6.904412 -5.22645 0.547159 1.646351 -1.00051 0.006212 0.001455 
0.0 0.0 0.0 0.0 -0.0 0.0 -1.931329 99.515236 -4.365239 90.634056 2.615375 89.074883 -4.377236 -0.040115 -0.284548 -11.950205 -0.973578 -0.766181 20.808294 -1.010796 -3.486256 18.349768 -1.561449 2.96287 -2.681415 -0.392914 1.934918 -25.025423 1.901556 0.786765 -0.00167 -0.000102 2.6e-05 -0.028877 0.00998 0.130855 -0.070693 0.059707 0.145919 -0.054787 -0.046096 0.120776 -149.142853 -66.505554 163.807068 14.922287 -51.72921 17.614996 36.44099 -0.0898 -0.111209 -0.775223 2.310444 17.294512 17.654663 -26.310143 52.409157 -19.450022 -14.392306 29.378359 0.003049 -8.78364 -0.015877 15.693008 -18.342606 6.433545 -0.606074 -1.801881 -3.862996 -4.811645 -11.057441 -2.951742 -0.005289 -20.991705 -0.001378 -5.032347 -25.052843 -4.026794 -0.00141 -0.002555 -0.002288 -10.647655 -5.688386 -3.533625 10.576573 -17.92157 -3.106785 -0.006947 -13.812403 -0.00677 -0.514987 -31.194319 -4.013719 -12.113023 -59.741848 8.399963 -14.007385 -7.152698 -2.843319 13.795454 -8.398103 -3.226843 0.340378 -34.216286 0.78107 -0.972914 -17.74482 2.624635 0.005154 -0.005035 -0.00561 -17.377804 -20.098694 -4.171532 21.768536 -1.641297 3.875291 0.008075 -6.343575 -0.011189 -1.715645 -22.583269 -6.185957 0.013593 0.002355 -0.016324 19.108263 -62.938877 177.194321 28.408588 -46.265842 16.345722 28.036129 -0.134436 0.005481 -4.714567 -4.54523 -3.458838 22.186077 -20.372456 49.978123 -16.682676 -16.749788 28.483892 0.009142 -12.692574 -0.002839 16.008307 -17.952913 2.83405 -0.101085 -1.512527 -4.271935 -5.044343 -5.616384 -2.95891 -0.011432 -11.006534 -0.003526 -6.12835 -15.880922 -3.854551 -0.002242 -0.007435 0.000515 -10.287953 -5.685752 -4.344755 11.023904 -11.29293 -2.373623 -1.395392 -14.228132 -6.318042 -0.642355 -26.956608 -3.842964 -3.941912 -49.844093 -4.05277 -13.707322 -7.366951 -3.72606 18.116503 -14.028842 -3.219386 -0.015262 -18.753464 -0.010105 -0.43396 -8.44994 2.557049 0.003426 -0.001444 -0.002978 -15.927554 -20.096584 -5.482424 30.417999 -7.177587 1.767124 -0.007448 -8.143997 -0.022199 -1.893438 -22.825792 -6.145402 0.007117 -0.00438 -0.009597 -177.740448 -3.920812 -8.975886 13.515221 -0.034349 0.326649 -81.524338 0.067685 -7.470559 -5.081249 1.508922 2.11672 -1.006698 -0.001429 -0.000733 0.616542 -5.300096 -5.86471 16.231037 0.004761 -0.058724 -82.071571 -6.669288 -6.930313 -5.217435 0.526036 1.639419 -0.996698 0.003154 -0.000828 
0.0 0.0 0.0 0.0 -0.0 0.0 -1.921662 99.513153 -4.36343 90.638397 2.585017 89.09845 -4.384045 -0.037121 -0.293663 -11.94716 -0.964371 -0.740401 20.815983 -1.002293 -3.486902 18.340635 -1.564628 2.967183 -2.690616 -0.385637 1.95561 -25.021881 1.904789 0.813735 2e-06 0.000108 0.000205 -0.03077 0.00971 0.128454 -0.069055 0.058759 0.14423 -0.054868 -0.046625 0.118712 -149.141724 -66.6007 163.781708 14.930466 -51.754547 17.580482 36.421532 -0.136093 -0.067307 -0.742448 2.287563 17.312742 17.66058 -26.32132 52.3993 -19.440813 -14.391293 29.384836 -0.001385 -8.775561 -0.024853 15.689273 -18.300581 6.414669 -0.606387 -1.79254 -3.880173 -4.809692 -11.041954 -2.93824 0.006418 -20.968746 0.011694 -4.996975 -25.036762 -4.042847 0.005974 -0.005953 -0.0 -10.632076 -5.666525 -3.55441 10.576188 -17.906942 -3.112243 0.002668 -13.809044 0.003896 -0.488693 -31.170389 -3.993824 -12.026918 -59.541042 8.429771 -13.975915 -7.133649 -2.879074 13.757891 -8.404422 -3.20082 0.351864 -34.195438 0.790435 -0.963388 -17.72757 2.636714 0.002128 -0.009077 -0.00388 -17.328022 -20.061184 -4.213634 21.729723 -1.648587 3.874406 0.008086 -6.336459 0.002567 -1.698071 -22.560472 -6.171173 0.000681 -0.000446 0.001158 19.131914 -63.018295 177.1548 28.528572 -46.336746 16.269714 27.996456 -0.162411 -0.003671 -4.744925 -4.597455 -3.387411 22.199127 -20.406542 49.991974 -16.722383 -16.752371 28.504436 -0.018043 -12.697125 0.010158 16.00281 -17.916393 2.83341 -0.093288 -1.508903 -4.279154 -5.033672 -5.615686 -2.947903 0.00879 -11.03091 0.001125 -6.091296 -15.894834 -3.840062 0.001702 0.001966 0.005998 -10.27203 -5.665671 -4.338182 11.038746 -11.316402 -2.379663 -1.372824 -14.242261 -6.308491 -0.5914 -26.935364 -3.830045 -3.962068 -49.829422 -3.915926 -13.705273 -7.350174 -3.708326 18.16083 -14.067914 -3.257195 0.022494 -18.800726 -0.007379 -0.437252 -8.446503 2.572773 0.009224 -0.017238 -0.001391 -15.897136 -20.082319 -5.474927 30.421522 -7.21347 1.712087 0.004124 -8.183161 0.004463 -1.844218 -22.873589 -6.158314 -0.005332 0.007374 0.00245 -177.806244 -3.914164 -8.946012 13.572957 -0.033955 0.31701 -81.593262 0.061074 -7.505901 -5.114173 1.513337 2.116586 -0.999871 0.000695 -0.000378 0.571859 -5.308747 -5.874909 16.263365 -0.000257 -0.057539 -82.043167 -6.731031 -6.940783 -5.210903 0.536046 1.638214 -0.997637 -0.003217 0.000612 
0.0 0.0 0.0 0.0 -0.0 0.0 -1.902655 99.511757 -4.394494 90.642502 2.561448 89.144234 -4.377915 -0.035392 -0.289995 -11.955117 -0.963362 -0.733714 20.829618 -0.993793 -3.50314 18.364168 -1.559569 2.970995 -2.689586 -0.387561 1.995553 -25.06139 1.903479 0.851872 0.0 0.000245 0.000189 -0.028984 0.009204 0.125372 -0.069114 0.059197 0.140559 -0.0548 -0.046572 0.118101 -149.217361 -66.674759 163.837799 15.012167 -51.805416 17.624846 36.408688 -0.112326 -0.08608 -0.722392 2.294965 17.337679 17.683092 -26.407206 52.532959 -19.498512 -14.400994 29.440386 -0.000139 -8.779428 0.004288 15.690195 -18.304407 6.460611 -0.622445 -1.806851 -3.913112 -4.803745 -11.062416 -2.911871 0.007499 -21.021053 -0.018157 -5.014671 -25.114502 -4.025457 0.003484 0.007103 0.003694 -10.654367 -5.696938 -3.578415 10.584755 -17.94293 -3.100147 0.006076 -13.838684 0.01597 -0.482058 -31.243938 -4.044874 -12.080921 -59.806812 8.457115 -13.996614 -7.165122 -2.89392 13.784807 -8.416795 -3.201531 0.363113 -34.259327 0.7721 -0.949071 -17.792259 2.639909 0.004943 -0.008097 -0.012571 -17.363783 -20.132504 -4.222119 21.786261 -1.655743 3.894298 -0.005778 -6.346772 -0.009738 -1.682804 -22.623819 -6.212045 0.00308 -0.012728 0.002175 19.060354 -63.079201 177.242859 28.536961 -46.337646 16.3433 27.937712 -0.157965 -0.01889 -4.746461 -4.657804 -3.278939 22.235121 -20.436695 50.048912 -16.725973 -16.769741 28.517742 -0.009184 -12.712214 0.005941 16.021229 -17.963139 2.857912 -0.094154 -1.509015 -4.279173 -5.050176 -5.622766 -2.972675 -0.003996 -11.041775 0.012967 -6.131771 -15.92946 -3.842309 0.001515 -0.006461 0.007003 -10.285241 -5.678497 -4.33684 11.03381 -11.313433 -2.364822 -1.377833 -14.25301 -6.340374 -0.627315 -26.957117 -3.825594 -3.98124 -49.920418 -3.970437 -13.719032 -7.362223 -3.727689 18.167078 -14.07584 -3.240752 -0.01513 -18.808868 0.007187 -0.441482 -8.450562 2.58605 -0.002158 -0.009806 -0.001543 -15.936653 -20.124165 -5.485766 30.472786 -7.215698 1.737966 -0.006187 -8.176436 0.008673 -1.870186 -22.917709 -6.180809 0.003626 0.001871 0.003851 -177.911697 -3.907232 -8.927467 13.68142 -0.035429 0.318466 -81.593697 0.053628 -7.525099 -5.13248 1.512704 2.115861 -0.991536 6e-06 -0.000416 0.512076 -5.326798 -5.888804 16.308098 -0.001235 -0.043364 -81.986786 -6.748262 -6.95197 -5.190018 0.525207 1.64073 -0.991108 -0.002546 0.000583 
0.0 0.0 0.0 0.0 -0.0 0.0 -1.877444 99.508057 -4.391293 90.651154 2.546192 89.181145 -4.368936 -0.033561 -0.275271 -11.956987 -0.963266 -0.724092 20.849571 -0.98663 -3.528578 18.376534 -1.546591 2.975443 -2.684111 -0.398713 2.037733 -25.083767 1.915714 0.865516 7.5e-05 -0.000546 -0.000613 -0.023604 0.007843 0.124325 -0.0708 0.060704 0.139128 -0.056386 -0.050405 0.116365 -149.254745 -66.653831 163.893463 15.021516 -51.756886 17.616798 36.393532 -0.063374 -0.062719 -0.726417 2.259333 17.318012 17.647154 -26.392742 52.547554 -19.448097 -14.418736 29.424189 0.001829 -8.780354 0.013178 15.67282 -18.296169 6.445398 -0.61172 -1.786427 -3.880498 -4.813115 -11.050627 -2.955751 -0.008344 -20.967329 0.034163 -5.017389 -25.029015 -4.032897 0.002555 -0.003326 -0.002702 -10.644157 -5.686271 -3.563488 10.569191 -17.927282 -3.101812 -0.005843 -13.814908 0.003597 -0.501388 -31.195377 -4.040308 -12.037187 -59.521862 8.321986 -13.994624 -7.150989 -2.881211 13.773671 -8.39644 -3.21533 0.304254 -34.217098 0.818174 -0.973759 -17.751341 2.606375 0.004033 -0.003615 -0.002823 -17.374523 -20.106411 -4.204007 21.777729 -1.63572 3.876399 -0.002517 -6.33764 0.014903 -1.699798 -22.587517 -6.196227 -0.007378 -0.005472 -0.012359 18.967337 -63.075554 177.287415 28.533009 -46.313721 16.310789 27.830496 -0.136042 -0.019282 -4.758353 -4.722599 -3.191755 22.172586 -20.370926 49.932861 -16.696592 -16.751019 28.491426 0.009577 -12.687976 -0.004007 15.971921 -17.895842 2.820331 -0.092396 -1.50394 -4.287452 -5.045401 -5.616916 -2.958004 -0.006788 -11.007379 -0.003066 -6.122328 -15.903443 -3.836794 -0.000836 -0.011102 -0.010508 -10.273804 -5.673241 -4.358688 11.025777 -11.298747 -2.370197 -1.3844 -14.239086 -6.33084 -0.630485 -26.944296 -3.825742 -3.969304 -49.833351 -4.018124 -13.69394 -7.357418 -3.723099 18.139975 -14.042501 -3.268359 -0.012961 -18.764002 0.019621 -0.436461 -8.442719 2.548419 0.000585 0.000239 -0.004525 -15.906281 -20.083052 -5.479163 30.405956 -7.178128 1.727464 -0.00374 -8.160577 -0.004034 -1.860277 -22.859896 -6.167622 0.002244 0.005664 -0.00197 -177.967957 -3.88543 -8.901795 13.754183 -0.041049 0.314432 -81.638069 0.04187 -7.535636 -5.144099 1.520311 2.116727 -0.992564 0.004268 0.001046 0.491316 -5.354335 -5.896579 16.334164 0.004609 -0.049105 -82.041092 -6.741111 -6.96571 -5.152314 0.532075 1.647418 -1.000464 0.003093 -0.000465 
0.0 0.0 0.0 0.0 -0.0 0.0 -1.875953 99.502029 -4.363379 90.660133 2.539808 89.238434 -4.347034 -0.036 -0.288374 -11.94276 -0.955766 -0.699686 20.830639 -0.988287 -3.552568 18.385101 -1.527958 2.982827 -2.690751 -0.407023 2.052592 -25.105137 1.947268 0.902694 -0.001703 0.000184 -0.000462 -0.018359 0.007929 0.126124 -0.067278 0.061781 0.141565 -0.052782 -0.051002 0.117981 -149.198456 -66.704689 163.829895 15.14232 -51.836288 17.553789 36.353786 -0.07986 -0.068884 -0.71767 2.25261 17.393064 17.624878 -26.447977 52.560936 -19.471062 -14.41074 29.483397 -0.006845 -8.778141 0.003259 15.688972 -18.260412 6.465448 -0.607968 -1.79789 -3.905914 -4.795541 -11.040894 -2.92627 0.003981 -20.965889 0.019213 -5.006388 -24.996849 -4.024057 -0.00596 0.002196 0.004921 -10.623568 -5.689318 -3.587666 10.563064 -17.924564 -3.095762 -0.003365 -13.821311 0.038906 -0.501343 -31.157732 -4.02094 -12.172238 -59.469322 8.468197 -13.988183 -7.15946 -2.88504 13.778536 -8.401627 -3.213037 0.325993 -34.233608 0.793497 -0.980814 -17.757637 2.632087 0.009248 0.0 -0.003053 -17.327353 -20.103046 -4.233171 21.741253 -1.647392 3.892252 -0.002435 -6.35147 0.004874 -1.689901 -22.617008 -6.201533 0.00532 -0.004135 0.019022 18.949255 -63.085915 177.256226 28.579309 -46.348911 16.2106 27.759274 -0.141217 0.012538 -4.762624 -4.762211 -3.255344 22.157061 -20.410744 49.977158 -16.689552 -16.733175 28.478123 -0.008727 -12.684138 -0.000492 15.980758 -17.901293 2.839568 -0.10721 -1.511782 -4.274846 -5.023931 -5.609982 -2.945643 0.010049 -11.023373 -0.011765 -6.089328 -15.880706 -3.82189 -0.00307 0.004993 0.006362 -10.267481 -5.672473 -4.354496 11.012941 -11.30866 -2.361647 -1.370826 -14.220055 -6.311258 -0.630012 -26.892988 -3.818471 -4.021628 -49.632248 -3.942583 -13.695438 -7.357777 -3.719523 18.126606 -14.053396 -3.241591 0.013758 -18.787979 -0.006534 -0.432181 -8.481598 2.561839 0.000284 -0.010102 -0.001861 -15.889899 -20.087147 -5.488914 30.373728 -7.196064 1.721922 -0.005607 -8.169923 0.004895 -1.857982 -22.866814 -6.153908 -3.2e-05 -0.006265 0.001217 -177.987076 -3.884661 -8.877221 13.798439 -0.034476 0.330781 -81.735107 0.033907 -7.577922 -5.141168 1.520412 2.119727 -0.996587 -0.004395 -0.002251 0.500043 -5.370129 -5.908839 16.361448 0.01484 -0.049684 -82.076714 -6.751323 -6.99097 -5.119617 0.517799 1.643122 -0.996537 0.006377 0.000653 
0.0 0.0 0.0 0.0 -0.0 0.0 -1.887559 99.502647 -4.380586 90.677162 2.531397 89.301575 -4.327697 -0.044031 -0.285925 -11.939012 -0.963168 -0.715652 20.846241 -0.999304 -3.535887 18.39361 -1.495421 2.960656 -2.692981 -0.410565 2.112643 -25.187099 1.973973 0.906283 6e-06 -0.000146 -8.2e-05 -0.0166 0.007448 0.126102 -0.067339 0.063873 0.136787 -0.052676 -0.054108 0.118729 -149.142044 -66.729256 163.795395 15.177543 -51.841572 17.500584 36.384834 -0.036507 -0.07672 -0.690889 2.221711 17.387392 17.636196 -26.37838 52.469376 -19.43395 -14.391776 29.386261 -0.002616 -8.769423 0.013366 15.692121 -18.237988 6.439818 -0.604532 -1.79773 -3.851003 -4.803665 -11.038404 -2.956041 -0.000277 -20.965994 0.011137 -5.008905 -25.015837 -4.017283 -0.002497 -0.003726 0.002486 -10.621449 -5.675313 -3.541045 10.565225 -17.916502 -3.103338 0.000569 -13.826937 -0.004234 -0.50284 -31.203871 -4.023091 -12.104268 -59.530987 8.400192 -13.966274 -7.132674 -2.854388 13.762326 -8.401766 -3.225159 0.345286 -34.215195 0.799239 -0.966436 -17.725681 2.618388 -0.0 0.001813 -0.00419 -17.341242 -20.080563 -4.17704 21.746113 -1.631292 3.86378 0.004663 -6.344398 0.002142 -1.704819 -22.591381 -6.155649 -0.004845 0.014866 -0.005052 18.955967 -63.072426 177.191208 28.53932 -46.33102 16.1577 27.765152 -0.119064 -0.001262 -4.799244 -4.835883 -3.316331 22.232084 -20.378801 49.962631 -16.693493 -16.753963 28.485146 0.007845 -12.706091 0.007843 16.00544 -17.89535 2.793529 -0.095589 -1.511866 -4.284572 -5.04501 -5.613386 -2.953183 -0.003896 -11.020671 0.009894 -6.124923 -15.891955 -3.851639 0.001008 -0.01211 0.000331 -10.284363 -5.674413 -4.328401 11.046809 -11.305221 -2.38722 -1.388101 -14.242599 -6.321174 -0.633799 -26.918253 -3.814338 -4.066332 -49.700237 -3.928088 -13.714581 -7.358916 -3.714526 18.166149 -14.050933 -3.24273 -0.002258 -18.782085 -0.003349 -0.419878 -8.452308 2.562484 -0.001413 0.016732 0.00977 -15.937247 -20.094027 -5.468905 30.474365 -7.201922 1.724141 0.002733 -8.182403 0.018677 -1.875161 -22.862688 -6.182287 0.002633 0.002925 0.001603 -178.021927 -3.874984 -8.829007 13.793338 -0.033464 0.331451 -81.632904 0.004784 -7.59903 -5.142953 1.511174 2.114289 -0.996744 0.002292 0.002367 0.431354 -5.334487 -5.932147 16.395956 0.016783 -0.043811 -82.127914 -6.779207 -6.934157 -5.078515 0.530793 1.642638 -0.990947 0.000284 -6.5e-05 
0.0 0.0 0.0 0.0 -0.0 0.0 -1.871605 99.509155 -4.37436 90.688873 2.509582 89.328705 -4.31524 -0.054477 -0.266327 -11.929746 -0.972663 -0.732575 20.864038 -1.013471 -3.533537 18.379002 -1.466532 2.950125 -2.68259 -0.407242 2.154617 -25.195328 1.992795 0.903844 0.001834 -5.6e-05 -1.9e-05 -0.014729 0.00603 0.128508 -0.074068 0.0627 0.141485 -0.055932 -0.055684 0.120079 -149.196518 -66.705467 163.851608 15.198009 -51.871834 17.442404 36.420383 -0.042733 -0.079325 -0.658679 2.275069 17.337923 17.649111 -26.29314 52.39592 -19.445702 -14.384409 29.404047 -0.000789 -8.773859 0.002267 15.714572 -18.240255 6.396267 -0.595345 -1.790249 -3.891487 -4.806965 -11.043906 -2.954901 0.004 -20.958807 0.005608 -4.993172 -25.010046 -4.053374 -0.013712 -0.009391 0.003088 -10.618555 -5.677142 -3.591618 10.562234 -17.921097 -3.114422 0.006086 -13.816883 -0.021737 -0.531625 -31.159477 -3.994491 -12.046272 -59.570255 8.368323 -13.960116 -7.138995 -2.894911 13.751773 -8.411472 -3.215675 0.370248 -34.217953 0.761314 -0.963897 -17.750847 2.627822 -0.000198 -0.013196 -0.000989 -17.307959 -20.08692 -4.228955 21.733225 -1.654151 3.865219 0.004364 -6.337889 -0.005145 -1.696253 -22.603455 -6.193745 0.004187 -0.000328 0.002134 18.85552 -62.986053 177.207855 28.474443 -46.284229 16.164425 27.753212 -0.107003 -0.008291 -4.770592 -4.887747 -3.38085 22.155846 -20.353506 49.898792 -16.711842 -16.738232 28.468069 -0.005735 -12.689423 0.006575 15.989932 -17.871771 2.793901 -0.109029 -1.512636 -4.278663 -5.027291 -5.607882 -2.960419 -0.000463 -11.005099 0.012289 -6.093062 -15.872737 -3.846074 0.000118 0.001369 -0.001752 -10.265045 -5.670809 -4.35041 11.016566 -11.298335 -2.365474 -1.378532 -14.237475 -6.306193 -0.62933 -26.865683 -3.807898 -4.008582 -49.524891 -3.969414 -13.688153 -7.352111 -3.721539 18.125607 -14.043147 -3.244464 0.000319 -18.760538 -0.004061 -0.428356 -8.450065 2.573209 -0.003313 0.002625 0.006994 -15.888515 -20.07357 -5.483089 30.377396 -7.184206 1.711816 0.000258 -8.167097 0.013732 -1.861983 -22.851032 -6.163457 0.001857 0.012298 0.005335 -178.007019 -3.83445 -8.814473 13.701031 -0.035659 0.348686 -81.536324 -0.021752 -7.621048 -5.160385 1.506529 2.110565 -0.999221 -0.001258 -0.00017 0.431705 -5.379022 -5.96701 16.367201 0.01302 -0.034777 -82.185318 -6.764397 -6.974134 -5.060858 0.529992 1.644155 -0.997722 0.013626 0.002886 
0.0 0.0 0.0 0.0 -0.0 0.0 -1.828131 99.509583 -4.384614 90.706848 2.483975 89.381653 -4.303933 -0.065519 -0.257933 -11.926879 -0.983583 -0.747868 20.877794 -1.027997 -3.536507 18.391018 -1.445786 2.960508 -2.698579 -0.407003 2.153453 -25.234566 2.005576 0.883325 -0.001696 -0.000336 0.000331 -0.018127 0.006156 0.133396 -0.068894 0.066414 0.147517 -0.05587 -0.058453 0.124142 -149.101501 -66.78241 163.791794 15.344423 -51.906368 17.243629 36.448742 -0.066338 -0.089298 -0.6168 2.316898 17.273977 17.665606 -26.296579 52.362465 -19.501152 -14.414375 29.421686 -0.005141 -8.778164 0.006401 15.674135 -18.249485 6.434366 -0.608283 -1.795594 -3.921518 -4.801532 -11.057451 -2.92028 0.015727 -21.001776 -0.010286 -5.007164 -25.04517 -4.022194 0.008527 -0.002216 -0.002452 -10.636469 -5.690059 -3.576864 10.595814 -17.949507 -3.097125 0.008345 -13.835892 -0.014291 -0.482461 -31.220806 -4.032245 -12.191652 -59.668034 8.536906 -13.983351 -7.142503 -2.894047 13.790596 -8.413874 -3.202212 0.371045 -34.237228 0.755381 -0.934926 -17.748169 2.622602 -0.004341 -0.002126 -0.002498 -17.335028 -20.101015 -4.223081 21.761898 -1.652477 3.866174 0.000475 -6.333081 -0.001224 -1.683298 -22.599262 -6.169702 0.001461 0.017245 -0.012984 18.893505 -63.003326 177.116135 28.504562 -46.351852 16.046238 27.763834 -0.133926 -0.02284 -4.770191 -4.939061 -3.437457 22.184004 -20.393309 49.977524 -16.712183 -16.751081 28.50486 0.0073 -12.695982 -0.004209 15.994617 -17.893555 2.768455 -0.103445 -1.514719 -4.286535 -5.034494 -5.614776 -2.946332 0.011871 -11.034612 -0.006095 -6.105448 -15.907859 -3.830904 0.003683 0.001889 -0.000643 -10.275346 -5.67593 -4.339161 11.0294 -11.312589 -2.385076 -1.378117 -14.255788 -6.323158 -0.620324 -26.96443 -3.827789 -3.955402 -49.71809 -4.044982 -13.70068 -7.360666 -3.737973 18.142483 -14.066408 -3.236801 0.011492 -18.804564 -0.001162 -0.431525 -8.46752 2.554576 0.001441 -0.001434 0.012352 -15.905819 -20.098217 -5.485123 30.410202 -7.191077 1.722599 0.004252 -8.18044 0.016526 -1.861388 -22.882843 -6.160015 -0.004452 0.001209 -0.003832 -178.074158 -3.786839 -8.802058 13.751197 -0.046235 0.351409 -81.580872 -0.026776 -7.601528 -5.159035 1.511273 2.112979 -0.999044 0.001929 0.000601 0.404606 -5.431453 -6.019481 16.377613 0.007815 -0.02283 -82.197426 -6.742067 -6.982161 -5.068041 0.539307 1.643187 -0.994098 -0.003361 -0.00051 
0.0 0.0 0.0 0.0 -0.0 0.0 -1.769012 99.514099 -4.376684 90.722641 2.449289 89.428368 -4.297583 -0.074535 -0.255387 -11.931563 -0.988834 -0.74854 20.885292 -1.041214 -3.538064 18.382511 -1.42282 2.975696 -2.69548 -0.425788 2.120253 -25.293058 2.024876 0.862788 0.001691 0.000236 -0.000143 -0.018173 0.007015 0.136901 -0.072358 0.069395 0.15236 -0.055831 -0.060415 0.126997 -149.151154 -66.767746 163.874405 15.429298 -51.920364 17.062979 36.461468 -0.098002 -0.093032 -0.596509 2.334057 17.313591 17.624008 -26.37903 52.497128 -19.492001 -14.417737 29.4412 -0.00563 -8.780553 -0.003879 15.657922 -18.268412 6.47421 -0.617883 -1.794266 -3.893739 -4.803159 -11.05167 -2.950572 0.019417 -20.977518 -0.000282 -5.022963 -25.042797 -4.037152 0.002548 0.002466 -0.000367 -10.641361 -5.682969 -3.567208 10.594693 -17.931702 -3.129952 0.017777 -13.85062 0.009274 -0.475799 -31.187935 -4.047503 -12.281564 -59.702 8.581938 -14.001848 -7.144932 -2.876932 13.803524 -8.413438 -3.2348 0.386017 -34.270901 0.775126 -0.961194 -17.756399 2.648569 0.00933 0.002333 -0.005592 -17.349524 -20.098156 -4.199826 21.77899 -1.648895 3.836307 0.004786 -6.349294 0.009649 -1.676088 -22.626415 -6.186785 0.001721 -0.002724 0.002066 18.830074 -63.013214 177.13028 28.581787 -46.430798 15.891962 27.742685 -0.15221 -0.013886 -4.773566 -4.967585 -3.473498 22.18564 -20.380745 49.95055 -16.715082 -16.749573 28.483253 -0.011465 -12.700521 0.007359 16.01635 -17.895657 2.760096 -0.089409 -1.510575 -4.271107 -5.036922 -5.612014 -2.962258 0.005223 -11.016674 0.003854 -6.101246 -15.881493 -3.834773 -0.004547 0.004041 -0.007181 -10.272339 -5.669398 -4.333739 11.039322 -11.315507 -2.382693 -1.375445 -14.251967 -6.31622 -0.61222 -26.945372 -3.826527 -3.995365 -49.672958 -4.010243 -13.68969 -7.353275 -3.716569 18.149475 -14.068797 -3.252809 0.008108 -18.802317 -0.012714 -0.412266 -8.470856 2.572127 -0.003012 -0.009241 0.003074 -15.897824 -20.084379 -5.469247 30.413897 -7.211122 1.726504 0.004224 -8.164998 -0.005562 -1.845686 -22.906965 -6.16814 -0.001025 -0.000513 0.000314 -178.112595 -3.730643 -8.767962 13.733939 -0.041891 0.344617 -81.555367 -0.035772 -7.547107 -5.143758 1.504524 2.109557 -0.998676 0.002161 0.000522 0.397121 -5.471254 -6.045202 16.319227 0.001325 -0.023748 -82.124329 -6.705192 -6.997362 -5.045939 0.521482 1.638995 -0.992709 -0.000503 0.00019 
0.0 0.0 0.0 0.0 -0.0 0.0 -1.725186 99.516434 -4.375995 90.734123 2.410764 89.441383 -4.296181 -0.076063 -0.251317 -11.921626 -0.992731 -0.745528 20.91008 -1.055495 -3.54557 18.407951 -1.411998 2.982843 -2.717304 -0.444574 2.104582 -25.402697 2.01193 0.82684 7e-06 -0.000366 -0.000109 -0.021664 0.007706 0.139402 -0.074061 0.073823 0.1566 -0.054038 -0.063306 0.130644 -149.186401 -66.84816 163.926163 15.532847 -52.021969 16.916576 36.455395 -0.090012 -0.092024 -0.570311 2.390565 17.324184 17.660702 -26.419849 52.567078 -19.502964 -14.395157 29.448231 -0.003772 -8.782495 0.007836 15.696236 -18.281706 6.444835 -0.603605 -1.800135 -3.906733 -4.799246 -11.064727 -2.930392 0.000341 -21.008104 -0.005262 -5.028163 -25.070467 -4.012976 0.012516 0.003774 -0.006656 -10.62814 -5.691654 -3.561822 10.588881 -17.963835 -3.136207 0.022354 -13.872411 0.002194 -0.495188 -31.249393 -4.044033 -12.389037 -59.847694 8.712376 -13.983333 -7.152088 -2.881025 13.789505 -8.425547 -3.217624 0.374549 -34.29105 0.770119 -0.964973 -17.757753 2.635574 -0.0 -0.004668 0.004986 -17.34804 -20.127068 -4.199595 21.792555 -1.652862 3.866011 0.00967 -6.354568 -0.004897 -1.665331 -22.625706 -6.214602 -0.015306 0.004979 0.008114 18.850698 -63.03941 177.12056 28.630228 -46.475006 15.791496 27.775648 -0.157475 -0.028693 -4.797303 -5.00164 -3.405099 22.22455 -20.385685 49.944832 -16.734961 -16.777309 28.492601 0.000282 -12.708239 -0.012914 16.025581 -17.933228 2.715874 -0.097538 -1.511083 -4.289973 -5.039958 -5.614301 -2.957649 0.002042 -11.024438 0.005726 -6.100972 -15.887065 -3.835374 0.001389 -0.018605 0.00559 -10.285382 -5.675983 -4.356244 11.05259 -11.324045 -2.37984 -1.382223 -14.25665 -6.321257 -0.613493 -26.984257 -3.81678 -3.914823 -49.694981 -4.071847 -13.709066 -7.35773 -3.739922 18.164951 -14.081795 -3.241186 0.006813 -18.811094 -0.000268 -0.427582 -8.465587 2.565521 -0.000126 -0.007322 0.00307 -15.907604 -20.094397 -5.494262 30.436909 -7.218321 1.737249 0.006195 -8.150539 -0.005195 -1.86851 -22.86697 -6.14738 0.002667 0.008308 0.002997 -178.167114 -3.687343 -8.746021 13.754908 -0.041593 0.339794 -81.653152 -0.071302 -7.503337 -5.12757 1.506292 2.112741 -0.996575 0.005149 -2e-05 0.357192 -5.513894 -6.058732 16.306736 -0.004826 -0.013719 -82.106148 -6.686585 -7.004381 -4.999012 0.54343 1.641705 -1.000502 -0.000874 0.002552 
0.0 0.0 0.0 0.0 -0.0 0.0 -1.687322 99.520599 -4.368865 90.745018 2.364724 89.429886 -4.291618 -0.081978 -0.260011 -11.905205 -0.991469 -0.730636 20.882345 -1.062585 -3.541121 18.359135 -1.409095 2.996238 -2.697055 -0.444522 2.04565 -25.493233 1.981545 0.817348 -0.003467 0.000436 0.000342 -0.016476 0.008562 0.13816 -0.074109 0.07699 0.153634 -0.052411 -0.066438 0.128687 -149.20079 -66.749252 163.985703 15.547206 -51.946201 16.735502 36.469032 -0.098048 -0.090833 -0.542746 2.41731 17.340876 17.634134 -26.421679 52.53513 -19.503162 -14.432304 29.465731 -0.004876 -8.791591 0.008557 15.691298 -18.308716 6.435317 -0.60704 -1.80621 -3.893906 -4.792703 -11.048165 -2.930761 0.013528 -21.001394 0.007429 -5.004562 -25.089581 -4.040319 -0.001267 0.007547 0.002671 -10.636354 -5.688527 -3.563514 10.603049 -17.948608 -3.115071 0.019924 -13.839846 0.001067 -0.475578 -31.19202 -4.013066 -12.323634 -59.689148 8.705048 -13.988895 -7.152574 -2.873774 13.791751 -8.41958 -3.224227 0.386401 -34.258896 0.771416 -0.957809 -17.730713 2.633122 0.000621 -0.005462 0.005618 -17.353752 -20.105173 -4.194265 21.78124 -1.655969 3.842638 0.005995 -6.345883 0.017821 -1.680735 -22.588068 -6.178076 0.001902 0.006701 -0.010221 18.809578 -62.946968 177.095062 28.635138 -46.46138 15.706379 27.716297 -0.172316 0.002747 -4.803314 -5.027073 -3.384231 22.146772 -20.411476 49.922028 -16.687593 -16.718918 28.470642 -0.012129 -12.659595 -0.00447 16.014133 -17.880058 2.743503 -0.094975 -1.507202 -4.282126 -5.021122 -5.610602 -2.936643 0.008251 -11.005803 -0.008305 -6.07193 -15.881939 -3.838075 -0.000572 0.005198 -0.003403 -10.252574 -5.660889 -4.343494 11.020318 -11.303212 -2.373643 -1.379233 -14.233491 -6.30338 -0.626868 -26.877253 -3.804851 -3.950541 -49.539436 -4.040393 -13.664185 -7.34152 -3.729622 18.110924 -14.055263 -3.237243 0.000993 -18.779861 0.010379 -0.428492 -8.455499 2.550939 -0.001518 -0.013011 0.017072 -15.849024 -20.05739 -5.485259 30.344759 -7.206226 1.710753 0.002536 -8.1715 0.014506 -1.833734 -22.864824 -6.150033 -0.004892 0.001418 0.002018 -178.202057 -3.641573 -8.709978 13.722066 -0.039651 0.328687 -81.588966 -0.120672 -7.464695 -5.122469 1.514815 2.109625 -0.988974 0.001689 0.000811 0.316536 -5.561275 -6.060765 16.286451 -0.005808 -0.000674 -82.086357 -6.638564 -7.019753 -4.954043 0.535681 1.642565 -1.002785 -0.000854 -0.002026 
0.0 0.0 0.0 0.0 -0.0 0.0 -1.617712 99.529968 -4.340616 90.75856 2.330287 89.40435 -4.285265 -0.082405 -0.24704 -11.893112 -0.988212 -0.720574 20.90658 -1.075589 -3.557948 18.315184 -1.396963 3.012096 -2.696021 -0.456553 1.980644 -25.678988 1.944619 0.767047 5e-06 0.000139 0.000687 -0.019986 0.010769 0.14647 -0.074194 0.07867 0.161151 -0.054425 -0.062921 0.135244 -149.215286 -66.81974 164.008575 15.593515 -52.012245 16.611526 36.555653 -0.093471 -0.07575 -0.500738 2.433999 17.306118 17.652496 -26.351707 52.494766 -19.486971 -14.424422 29.454378 -0.000822 -8.785595 0.010077 15.66781 -18.297733 6.452335 -0.623928 -1.806797 -3.885711 -4.803778 -11.045578 -2.946953 0.008802 -20.984762 -0.011796 -5.036554 -25.034567 -4.041101 -0.004578 0.020163 0.005258 -10.650754 -5.68939 -3.554666 10.595222 -17.929222 -3.132001 0.014057 -13.834412 -0.001468 -0.480257 -31.25831 -4.04253 -12.306886 -59.771156 8.621049 -14.001577 -7.15161 -2.875264 13.796168 -8.402905 -3.23825 0.341067 -34.212677 0.788727 -0.967791 -17.746523 2.622583 -0.009931 0.007793 -0.004966 -17.362421 -20.099026 -4.197475 21.772112 -1.643474 3.857438 0.002439 -6.336417 -0.008908 -1.702173 -22.581429 -6.17662 -0.0004 0.000676 -0.003845 18.808414 -62.988667 177.068146 28.65704 -46.495651 15.692177 27.738035 -0.157265 0.000943 -4.79017 -5.065794 -3.342739 22.16988 -20.435709 49.973881 -16.714296 -16.745075 28.504135 -0.018735 -12.676447 0.010144 16.022249 -17.89971 2.742879 -0.106534 -1.517817 -4.282973 -5.026896 -5.605025 -2.953057 0.006054 -11.022085 -0.004524 -6.093003 -15.898797 -3.83988 0.00207 0.009258 -0.001513 -10.274728 -5.672036 -4.341609 11.024152 -11.305314 -2.384369 -1.370575 -14.234758 -6.318673 -0.62131 -26.943407 -3.805748 -3.951927 -49.713295 -4.037226 -13.691142 -7.354733 -3.728014 18.126341 -14.046685 -3.250232 -0.001403 -18.77969 0.004007 -0.430324 -8.444098 2.567132 0.003419 -0.01106 -0.00763 -15.896617 -20.083738 -5.480772 30.393322 -7.207733 1.706479 0.003311 -8.16223 0.007985 -1.83733 -22.86964 -6.155645 -0.005382 0.006764 0.008201 -178.165833 -3.565823 -8.70452 13.610667 -0.037927 0.326125 -81.580963 -0.184337 -7.437058 -5.099186 1.521122 2.111496 -0.999982 -0.001836 -0.00034 0.321507 -5.623049 -6.060311 16.16799 0.000846 -0.007221 -81.902985 -6.559903 -7.022379 -4.917392 0.531508 1.64267 -0.991957 0.005937 0.001333 
0.0 0.0 0.0 0.0 -0.0 0.0 -1.540488 99.531349 -4.360597 90.806793 2.282912 89.372337 -4.288387 -0.092802 -0.260521 -11.890717 -0.975162 -0.689959 20.915686 -1.084027 -3.576541 18.242916 -1.372272 3.025836 -2.679976 -0.464889 1.854965 -25.814842 1.919858 0.708635 0.000274 0.000199 -0.000173 -0.020014 0.009198 0.147562 -0.072218 0.075681 0.160032 -0.04741 -0.062773 0.138511 -149.386444 -66.754745 164.192215 15.56076 -51.997925 16.554779 36.529808 -0.07551 -0.053628 -0.457492 2.482383 17.243656 17.624329 -26.398523 52.569447 -19.456171 -14.402642 29.455038 0.004277 -8.771519 0.026196 15.642083 -18.293283 6.464087 -0.614093 -1.792638 -3.893095 -4.799463 -11.049344 -2.939104 -0.007268 -20.974501 0.006021 -5.026431 -25.033119 -4.007845 0.005348 0.007982 -0.019105 -10.623872 -5.68951 -3.568891 10.554662 -17.916065 -3.110411 -0.006628 -13.836573 0.011184 -0.506848 -31.195827 -4.03778 -12.32561 -59.666866 8.569454 -13.976615 -7.146487 -2.882366 13.765915 -8.404995 -3.215246 0.370481 -34.227913 0.776464 -0.990377 -17.737104 2.61938 0.010867 0.011787 0.000168 -17.332745 -20.099112 -4.205469 21.732752 -1.629663 3.865865 0.001252 -6.334867 0.002284 -1.711339 -22.592703 -6.193537 0.000923 -0.007691 0.009344 18.71096 -62.899002 177.105881 28.630081 -46.462048 15.646853 27.750124 -0.145816 -0.001663 -4.801471 -5.097389 -3.270302 22.164631 -20.451353 50.05883 -16.706657 -16.765558 28.524088 -0.009565 -12.68362 0.009522 16.015127 -17.889107 2.74311 -0.099994 -1.507399 -4.286982 -5.033165 -5.614458 -2.937689 0.004926 -11.018759 -0.004146 -6.097187 -15.889216 -3.850394 -0.002014 -0.003801 -0.00156 -10.279834 -5.673621 -4.334435 11.037216 -11.312709 -2.379346 -1.374349 -14.232475 -6.325949 -0.616288 -26.958858 -3.819673 -3.963361 -49.640476 -4.043336 -13.696089 -7.35154 -3.725312 18.136776 -14.047721 -3.238326 0.004194 -18.788719 0.00292 -0.425174 -8.457081 2.577311 -0.002947 -0.000883 -0.010829 -15.912415 -20.085835 -5.473876 30.405792 -7.195555 1.711824 0.004838 -8.174126 0.002881 -1.846544 -22.869564 -6.150574 -0.000904 -0.002423 0.005351 -178.234055 -3.483637 -8.680467 13.663302 -0.044024 0.324122 -81.700829 -0.244807 -7.416769 -5.117627 1.516865 2.109698 -0.997343 0.006941 0.001299 0.264122 -5.7113 -6.116261 16.193726 0.002559 0.015084 -81.940872 -6.44574 -7.089386 -4.851014 0.528765 1.639815 -0.99194 -0.00089 0.000488 
0.0 0.0 0.0 0.0 -0.0 0.0 -1.423071 99.543053 -4.396987 90.83577 2.256017 89.309502 -4.274723 -0.101431 -0.255206 -11.889196 -0.974952 -0.690556 20.934937 -1.093544 -3.580655 18.170473 -1.344846 3.041146 -2.674225 -0.482136 1.740886 -25.944403 1.902735 0.570431 0.000356 0.000119 0.000313 -0.018107 0.009151 0.151954 -0.061636 0.076996 0.166765 -0.037193 -0.064746 0.142186 -149.369354 -66.733376 164.19249 15.518663 -52.043095 16.508154 36.529415 -0.067987 -0.061649 -0.419525 2.567642 17.099636 17.643631 -26.376659 52.449459 -19.489595 -14.397836 29.420866 -0.00955 -8.767886 0.019882 15.603279 -18.259502 6.479936 -0.610803 -1.798066 -3.88277 -4.789852 -11.047681 -2.97072 0.0109 -20.994074 0.01096 -5.02414 -25.038868 -3.997667 0.007505 -0.002438 -0.007589 -10.62546 -5.675702 -3.55645 10.586191 -17.9324 -3.137292 0.003768 -13.833634 0.013269 -0.503143 -31.177967 -4.028903 -12.270454 -59.604595 8.540502 -13.963508 -7.128712 -2.869035 13.766905 -8.417248 -3.242262 0.371003 -34.198055 0.805275 -0.966852 -17.72583 2.629024 0.005778 0.000783 -0.009543 -17.301744 -20.072508 -4.209343 21.725899 -1.661683 3.847858 0.008103 -6.34308 0.00468 -1.693153 -22.602743 -6.201825 0.003794 -0.015071 0.003763 18.754725 -62.863567 177.006363 28.651466 -46.467567 15.53313 27.75337 -0.221795 0.00606 -4.790296 -5.091622 -3.150817 22.176697 -20.454655 50.026451 -16.726192 -16.745808 28.524776 -0.006183 -12.685079 0.023914 16.067305 -17.88105 2.714348 -0.100016 -1.50942 -4.284402 -5.032421 -5.610681 -2.943554 0.003237 -11.020994 0.001906 -6.091682 -15.90617 -3.833035 -0.001074 0.013321 0.00025 -10.275316 -5.674883 -4.334097 11.035643 -11.308976 -2.369858 -1.369835 -14.247726 -6.330501 -0.626772 -26.95488 -3.8186 -4.008911 -49.761223 -4.014604 -13.691395 -7.355254 -3.728122 18.14152 -14.062916 -3.244005 -0.004214 -18.769648 0.020073 -0.424491 -8.46573 2.563743 -0.001245 -0.000545 0.00391 -15.904843 -20.090528 -5.473607 30.422195 -7.202889 1.730346 -0.006791 -8.166797 -0.005275 -1.880033 -22.861727 -6.143486 0.008203 -0.011062 0.004343 -178.245148 -3.358694 -8.669266 13.577609 -0.040031 0.3133 -81.479248 -0.306566 -7.30577 -5.107375 1.525986 2.111602 -0.993176 0.003548 0.001429 0.257355 -5.801829 -6.150301 16.13328 -0.004129 0.022039 -81.974876 -6.370318 -7.143868 -4.81936 0.515722 1.640249 -0.996238 0.002807 0.000144 
0.0 0.0 0.0 0.0 -0.0 0.0 -1.34111 99.554764 -4.387254 90.872726 2.242457 89.233772 -4.253041 -0.107002 -0.257568 -11.888936 -0.975209 -0.686067 20.961226 -1.105007 -3.592342 18.12299 -1.300361 3.054638 -2.676257 -0.504286 1.600525 -26.119658 1.884717 0.383368 -0.003461 -9.5e-05 5.7e-05 -0.018512 0.009502 0.155965 -0.066836 0.074809 0.170353 -0.044807 -0.061212 0.147931 -149.475311 -66.797623 164.312561 15.412351 -52.183723 16.493166 36.610912 -0.039316 -0.030982 -0.387446 2.680199 16.888721 17.604826 -26.32468 52.467182 -19.466719 -14.390635 29.427834 0.002715 -8.779365 -0.012767 15.610901 -18.32909 6.499063 -0.599187 -1.78858 -3.892606 -4.813933 -11.052183 -2.934732 -0.012116 -20.97496 -0.009457 -5.019732 -25.03517 -4.043908 -0.012183 -0.00708 -0.002813 -10.618359 -5.684678 -3.553229 10.557028 -17.915186 -3.11597 0.008539 -13.833903 -0.015407 -0.503432 -31.194578 -4.024814 -12.234303 -59.604897 8.521696 -13.9658 -7.147073 -2.878301 13.765161 -8.400037 -3.218972 0.343477 -34.2187 0.77093 -0.95463 -17.733797 2.620088 0.001243 0.002093 -0.003287 -17.325666 -20.09981 -4.216322 21.740845 -1.634055 3.870396 -0.003876 -6.341643 -0.001793 -1.689104 -22.623056 -6.177154 0.002053 0.000642 0.009316 18.764547 -62.778435 176.969406 28.629684 -46.376621 15.385595 27.777346 -0.24744 -0.017017 -4.770977 -5.059885 -3.109874 22.172211 -20.371666 49.89156 -16.687553 -16.750813 28.463457 -0.005882 -12.685079 -0.004873 16.052338 -17.885027 2.712495 -0.103351 -1.515114 -4.264184 -5.045922 -5.61684 -2.949742 0.002401 -11.026822 0.003941 -6.127875 -15.888329 -3.83927 0.002539 -0.005481 -0.003744 -10.276999 -5.676719 -4.325099 11.024089 -11.308283 -2.364485 -1.38036 -14.236495 -6.312683 -0.63644 -26.90695 -3.82064 -4.006665 -49.684013 -4.024829 -13.704258 -7.361474 -3.699353 18.143824 -14.059723 -3.245896 0.001115 -18.786663 0.00288 -0.43002 -8.455758 2.539599 -0.00141 0.002275 0.000744 -15.922111 -20.102583 -5.458432 30.423756 -7.196136 1.742287 0.003627 -8.170735 -0.000511 -1.861749 -22.893726 -6.175767 -0.001824 0.001614 -0.00333 -178.1474 -3.235923 -8.638116 13.396608 -0.035426 0.315627 -81.549927 -0.396221 -7.237926 -5.099513 1.533201 2.115978 -1.000351 0.002805 0.001446 0.267736 -5.907782 -6.176662 16.042654 -0.012396 0.025782 -81.861549 -6.198301 -7.195013 -4.795959 0.506228 1.632824 -0.995977 0.003242 -0.000211 
0.0 0.0 0.0 0.0 -0.0 0.0 -1.230163 99.569016 -4.425918 90.865761 2.235593 89.094093 -4.202402 -0.109821 -0.255567 -11.885619 -0.979854 -0.700389 20.96225 -1.115881 -3.579658 18.059052 -1.216023 3.06616 -2.672125 -0.549993 1.423719 -26.249344 1.878284 0.159175 -0.000507 0.000119 -0.000242 -0.017074 0.010548 0.157214 -0.054716 0.073576 0.172958 -0.031337 -0.058254 0.147915 -149.706543 -66.806068 164.575562 15.293494 -52.304333 16.468603 36.602577 -0.015684 -0.027425 -0.277133 2.813959 16.704895 17.61656 -26.329777 52.446686 -19.449018 -14.394239 29.39921 -0.007562 -8.762709 0.01791 15.544401 -18.251461 6.482885 -0.616398 -1.786745 -3.910093 -4.801496 -11.027683 -2.929023 8e-05 -20.937613 -0.005264 -5.029741 -24.98782 -3.996189 0.005147 -0.003818 -0.004288 -10.624421 -5.675761 -3.566334 10.55736 -17.890062 -3.103633 0.007704 -13.806019 0.006115 -0.496882 -31.116417 -4.033887 -12.227642 -59.446552 8.533145 -13.967654 -7.139137 -2.881635 13.749146 -8.387854 -3.207264 0.342087 -34.145897 0.787658 -0.976875 -17.686525 2.611571 0.006219 -0.002011 -0.004662 -17.325556 -20.064325 -4.22017 21.725105 -1.644788 3.878723 0.003242 -6.322596 -0.001956 -1.678354 -22.56809 -6.159123 -0.001454 0.007127 -0.010034 18.733852 -62.728745 177.007095 28.704458 -46.30331 15.284383 27.773233 -0.278656 -0.036489 -4.729845 -5.010339 -3.104213 22.18819 -20.388794 49.965294 -16.687845 -16.757421 28.482098 0.007029 -12.686893 -0.012618 16.093681 -17.913523 2.714351 -0.094696 -1.508978 -4.269423 -5.037845 -5.608157 -2.953486 0.003681 -11.008977 0.001768 -6.1044 -15.89155 -3.825826 0.004388 -0.005751 0.000443 -10.274684 -5.672085 -4.326785 11.026037 -11.294873 -2.368823 -1.381841 -14.238232 -6.320869 -0.639179 -26.902563 -3.813237 -4.015856 -49.721848 -4.023159 -13.697436 -7.355789 -3.716036 18.133686 -14.031454 -3.238394 -0.00776 -18.773792 0.00368 -0.427734 -8.454417 2.539051 0.004416 -0.00924 0.000666 -15.911744 -20.079437 -5.475413 30.413778 -7.1821 1.753752 -0.011941 -8.15116 -0.008705 -1.877061 -22.827314 -6.145033 -0.006013 0.000409 -0.008336 -178.080688 -3.095161 -8.608457 13.215299 -0.029812 0.319351 -81.429993 -0.507904 -7.14814 -5.078231 1.53182 2.114532 -0.991805 0.000429 -0.000613 0.274796 -6.026762 -6.149912 15.945317 -0.015016 0.040931 -81.798508 -6.000313 -7.272367 -4.745241 0.506605 1.629562 -0.99298 0.000291 0.000651 
0.0 0.0 0.0 0.0 -0.0 0.0 -1.08668 99.571487 -4.437483 90.901192 2.224962 88.899757 -4.156491 -0.111263 -0.258044 -11.880743 -0.980405 -0.697542 20.970879 -1.129041 -3.584603 18.016176 -1.102826 3.074018 -2.673411 -0.591432 1.216841 -26.397041 1.866496 -0.07135 4e-06 0.000111 0.000275 -0.022015 0.011819 0.1605 -0.05235 0.075577 0.176808 -0.026301 -0.058296 0.151351 -149.795349 -66.797318 164.699356 15.159888 -52.398956 16.507339 36.635643 0.022624 -0.035312 -0.206695 2.956655 16.605398 17.601727 -26.31226 52.452526 -19.41984 -14.36441 29.39259 0.006858 -8.765315 -0.006006 15.592451 -18.269535 6.498253 -0.600016 -1.788438 -3.882266 -4.816241 -11.04458 -2.947599 -0.016612 -20.965086 0.019021 -5.013002 -25.029903 -4.026905 0.003426 -0.00069 -0.0 -10.634619 -5.690936 -3.555868 10.552857 -17.893879 -3.118587 -0.012474 -13.821604 0.006386 -0.537473 -31.132969 -4.045327 -12.182172 -59.50499 8.380597 -13.966156 -7.145365 -2.870933 13.74262 -8.390366 -3.214694 0.340915 -34.183571 0.77508 -0.969838 -17.727036 2.6086 0.009911 -0.004078 0.000507 -17.335007 -20.090071 -4.198658 21.720695 -1.628545 3.866326 -0.001759 -6.332354 -0.004456 -1.691829 -22.566845 -6.187356 -0.002505 0.000477 0.012844 18.756861 -62.77166 177.03537 28.851723 -46.295799 15.113358 27.820757 -0.294859 0.054445 -4.674723 -4.988925 -3.163635 22.208021 -20.382339 49.963284 -16.672598 -16.741522 28.48237 0.011757 -12.691292 -0.015062 16.105101 -17.946344 2.688585 -0.105568 -1.511008 -4.284263 -5.035308 -5.614851 -2.946443 8e-06 -11.020734 0.006017 -6.112121 -15.87871 -3.860463 -0.001808 -0.012042 0.005791 -10.29033 -5.68653 -4.344383 11.022851 -11.289952 -2.369111 -1.393437 -14.253229 -6.328713 -0.656567 -26.926073 -3.827016 -3.972071 -49.783298 -4.098469 -13.714308 -7.367033 -3.715389 18.127447 -14.027049 -3.243183 -0.015777 -18.760437 -5.6e-05 -0.432481 -8.461047 2.553834 0.001062 -0.008775 -0.00043 -15.944971 -20.101233 -5.475323 30.430395 -7.189399 1.738703 -0.000387 -8.164717 0.010277 -1.863136 -22.859995 -6.173316 -0.003967 0.009765 -0.003846 -178.049408 -2.943615 -8.628751 13.165958 -0.027982 0.328996 -81.379669 -0.63206 -7.018328 -5.048645 1.54031 2.117762 -1.002281 0.005154 0.001075 0.211352 -6.171026 -6.087512 15.930882 -0.01808 0.051988 -81.691185 -5.7483 -7.34082 -4.690269 0.514783 1.632086 -0.99661 0.004182 0.00145 
0.0 0.0 0.0 0.0 -0.0 0.0 -0.91365 99.580727 -4.478347 90.938782 2.204976 88.610588 -4.101346 -0.109922 -0.237682 -11.87896 -0.988366 -0.722351 20.956293 -1.152858 -3.588425 17.925129 -0.950576 3.056244 -2.680406 -0.619848 1.005015 -26.541395 1.823023 -0.341513 -0.001408 -0.000444 0.000123 -0.021374 0.012441 0.169361 -0.055355 0.075827 0.184614 -0.026833 -0.057015 0.156481 -149.8647 -66.888321 164.800919 15.151779 -52.587482 16.467983 36.523491 0.046768 -0.015812 -0.11497 3.087377 16.506094 17.584143 -26.362949 52.533852 -19.453735 -14.384677 29.443054 0.002559 -8.768806 -0.000112 15.580932 -18.27861 6.473834 -0.592983 -1.781858 -3.897642 -4.813056 -11.067188 -2.937544 -0.001069 -20.999802 -0.001992 -5.001833 -25.077223 -4.04177 0.0 0.006134 0.005989 -10.62575 -5.677882 -3.579549 10.561711 -17.93256 -3.097246 0.004574 -13.820917 -0.004542 -0.510578 -31.196869 -3.99918 -12.323661 -59.66444 8.618786 -13.970729 -7.143893 -2.877632 13.757878 -8.396686 -3.219447 0.327916 -34.194275 0.780817 -0.984554 -17.749273 2.61457 0.010197 0.006145 -0.010079 -17.327158 -20.099628 -4.200799 21.743374 -1.629463 3.842752 0.011263 -6.347607 0.007878 -1.707535 -22.596149 -6.19786 0.001491 0.003816 -0.001793 18.692863 -62.788624 177.082947 29.004747 -46.23595 14.97943 27.870756 -0.357804 0.034621 -4.614516 -4.956385 -3.179742 22.171373 -20.432316 50.02462 -16.653479 -16.751787 28.470856 0.000165 -12.68976 0.006356 16.055595 -17.919617 2.734535 -0.093875 -1.509473 -4.273295 -5.040277 -5.608137 -2.952363 -0.002902 -11.000932 -0.000964 -6.117801 -15.886098 -3.82774 0.001824 -0.006653 -0.00045 -10.263532 -5.672529 -4.323353 11.015047 -11.287046 -2.386064 -1.378621 -14.22784 -6.305351 -0.646549 -26.869678 -3.798283 -4.029769 -49.624996 -3.985966 -13.69313 -7.359427 -3.718783 18.124681 -14.031631 -3.236093 -0.012575 -18.765406 0.013223 -0.42796 -8.448565 2.560679 0.003811 -0.012946 -0.005212 -15.90706 -20.076733 -5.473924 30.394659 -7.176317 1.735237 -0.005463 -8.139417 0.011651 -1.875077 -22.817265 -6.135603 0.003251 -0.006692 -0.0 -178.06868 -2.724475 -8.705256 13.076627 -0.032287 0.332747 -81.451401 -0.817847 -6.83465 -5.04882 1.553778 2.118959 -0.993003 0.006139 0.001421 0.119936 -6.340225 -5.949296 15.910349 -0.019407 0.062176 -81.649994 -5.45093 -7.43188 -4.67235 0.524948 1.636684 -0.99088 0.000964 0.000548 
0.0 0.0 0.0 0.0 -0.0 0.0 -0.7273 99.597511 -4.53964 90.998947 2.133037 88.191109 -4.068416 -0.122651 -0.249059 -11.881393 -0.976473 -0.711227 20.986151 -1.171553 -3.588327 17.86451 -0.76566 3.025721 -2.687737 -0.620097 0.703623 -26.805689 1.762704 -0.636922 0.00208 -0.000637 -0.001561 -0.024913 0.011629 0.164569 -0.025138 0.075739 0.18928 -0.003429 -0.058135 0.149354 -149.93515 -67.117424 164.873245 15.197547 -52.844585 16.518888 36.502678 0.072008 -0.018313 -0.050201 3.215124 16.39938 17.687426 -26.334774 52.436199 -19.486332 -14.407176 29.423367 -0.001192 -8.777172 -0.008854 15.527882 -18.269302 6.466447 -0.61231 -1.786783 -3.92429 -4.810323 -11.063912 -2.903706 0.007768 -20.998051 -0.001216 -5.020504 -25.033703 -4.025536 0.008583 -0.003063 -0.009979 -10.650209 -5.686738 -3.571998 10.593994 -17.945061 -3.108851 0.003006 -13.836595 0.008212 -0.504646 -31.214857 -4.038038 -12.235471 -59.766388 8.495771 -14.007818 -7.152542 -2.882147 13.811089 -8.425378 -3.21515 0.378247 -34.310604 0.774314 -0.94202 -17.778259 2.618544 0.000966 0.000529 0.002483 -17.370794 -20.123074 -4.200874 21.802422 -1.650158 3.879585 0.001172 -6.342041 -0.006493 -1.684676 -22.619856 -6.201996 0.003945 -0.010757 -0.009966 18.86087 -62.982212 176.987976 29.228111 -46.331181 14.791948 28.101778 -0.366856 0.016603 -4.551241 -4.967226 -3.016309 22.222677 -20.338968 49.876556 -16.689661 -16.724037 28.415909 0.004687 -12.689519 -0.018695 16.103844 -17.880985 2.701511 -0.10532 -1.516848 -4.266344 -5.046817 -5.618591 -2.947006 -0.000152 -11.026428 0.000194 -6.1164 -15.905234 -3.832107 0.004924 -0.005777 -0.006427 -10.295957 -5.689533 -4.33033 11.029222 -11.311486 -2.368312 -1.38663 -14.271664 -6.321146 -0.632057 -26.945843 -3.829437 -3.9753 -49.852173 -4.044129 -13.726969 -7.375916 -3.712707 18.151407 -14.060304 -3.243259 -0.004266 -18.78574 -0.008501 -0.419989 -8.480818 2.54435 -0.004725 0.000685 0.002729 -15.949209 -20.116056 -5.470136 30.42156 -7.209147 1.751438 0.002725 -8.162974 0.006861 -1.862801 -22.888371 -6.183402 -0.005153 0.019255 0.00867 -178.020416 -2.532658 -8.851778 12.913365 -0.044893 0.315436 -81.465645 -1.001351 -6.717175 -5.033715 1.569444 2.124886 -0.993105 5.1e-05 0.001435 -0.059812 -6.523698 -5.762485 15.884361 -0.031336 0.095191 -81.609467 -5.077944 -7.565641 -4.666082 0.508513 1.629734 -0.99952 0.001698 0.000715 
0.0 0.0 0.0 0.0 -0.0 0.0 -0.480297 99.617577 -4.636748 90.999649 2.048935 87.553482 -3.996044 -0.144946 -0.234973 -11.839623 -0.975079 -0.738958 20.943163 -1.16974 -3.580857 17.735439 -0.484452 2.98651 -2.670512 -0.628254 0.342206 -26.977362 1.655296 -1.015523 -0.003456 0.000459 1.3e-05 -0.023509 0.014255 0.163191 -0.007067 0.076344 0.191583 0.018646 -0.054483 0.144752 -149.91626 -67.200096 164.900726 15.167921 -53.012779 16.553303 36.368652 0.118359 -0.036052 0.056862 3.295269 16.448454 17.637835 -26.346571 52.450871 -19.475353 -14.406971 29.424988 -0.003339 -8.780331 0.007684 15.552802 -18.290911 6.445311 -0.608026 -1.795383 -3.897584 -4.798854 -11.040647 -2.937208 0.005731 -20.98131 0.00015 -5.001577 -25.039309 -4.028438 -0.001334 0.003763 -0.006291 -10.616138 -5.68742 -3.561738 10.571112 -17.934013 -3.132205 -0.000257 -13.836725 -0.000624 -0.544636 -31.205957 -4.021108 -12.179272 -59.739815 8.433102 -13.968587 -7.148771 -2.885698 13.756304 -8.400881 -3.218518 0.346194 -34.22744 0.793437 -0.952406 -17.747501 2.603951 0.006482 -0.002325 -0.00639 -17.326326 -20.103231 -4.215421 21.737339 -1.630767 3.86123 0.005848 -6.342884 -0.004919 -1.690118 -22.587454 -6.181898 -0.005365 -0.00113 0.003682 18.840935 -62.955372 176.947174 29.369503 -46.158684 14.689452 28.331268 -0.401826 -0.025533 -4.429123 -4.86492 -2.856032 22.1497 -20.353891 49.916405 -16.692741 -16.721857 28.440851 -0.003069 -12.673133 0.00441 16.086866 -17.892611 2.734544 -0.114421 -1.514483 -4.26085 -5.034888 -5.612549 -2.955614 0.00509 -11.013042 0.004571 -6.098013 -15.896473 -3.850904 -0.006651 0.01251 0.004792 -10.28264 -5.671778 -4.323645 11.025826 -11.288088 -2.375487 -1.389171 -14.211671 -6.310446 -0.617571 -26.867373 -3.830629 -4.06105 -49.672592 -3.923278 -13.697653 -7.35573 -3.700348 18.106758 -14.029638 -3.250286 0.010785 -18.792583 -0.006337 -0.432835 -8.444489 2.55627 -0.00149 -0.009111 0.011287 -15.905778 -20.067854 -5.472506 30.378851 -7.186533 1.729524 -0.006765 -8.167598 0.001077 -1.852044 -22.831656 -6.143045 0.002928 0.008613 -0.00126 -178.014252 -2.31864 -9.076659 12.793188 -0.040943 0.299688 -81.387337 -1.272959 -6.564676 -5.007986 1.564551 2.127906 -0.999993 0.002733 0.000797 -0.329093 -6.729183 -5.448171 15.816833 -0.039079 0.133209 -81.35656 -4.625763 -7.678225 -4.638949 0.501132 1.630742 -0.999467 0.002304 0.001371 
0.0 0.0 0.0 0.0 -0.0 0.0 -0.147206 99.635284 -4.713314 90.980942 1.919806 86.758156 -3.912017 -0.186375 -0.23703 -11.809075 -0.977711 -0.76476 20.926828 -1.144698 -3.571124 17.634733 -0.11412 2.941613 -2.658473 -0.63086 -0.096483 -27.255331 1.539626 -1.476725 0.002178 -0.000459 0.001615 -0.021386 0.01298 0.159809 0.01329 0.074405 0.19119 0.038371 -0.055686 0.133138 -150.001587 -67.470177 164.997421 15.27517 -53.350582 16.713926 36.307209 0.201828 -0.001684 0.14434 3.359464 16.537395 17.635647 -26.36488 52.481514 -19.467119 -14.396464 29.421412 -0.004768 -8.77055 0.006635 15.543694 -18.257442 6.417579 -0.608558 -1.799726 -3.86584 -4.795388 -11.043021 -2.955495 0.000784 -20.968216 0.011297 -5.00932 -25.036015 -4.028082 -0.006492 -0.003449 0.002452 -10.623528 -5.688046 -3.535448 10.566975 -17.921335 -3.118585 0.006435 -13.814106 -0.014419 -0.510943 -31.138748 -3.983586 -12.205918 -59.675102 8.470398 -13.976529 -7.15456 -2.846816 13.765995 -8.393917 -3.231605 0.351643 -34.250275 0.782287 -0.9515 -17.729406 2.623531 -0.003798 -0.003101 0.002319 -17.338219 -20.088924 -4.186471 21.739035 -1.637595 3.869401 -0.004542 -6.337061 0.005191 -1.688984 -22.577885 -6.197423 0.006217 -0.01359 -0.000827 18.825125 -63.060287 176.951782 29.655117 -46.041172 14.656562 28.716219 -0.394855 0.002756 -4.257817 -4.67632 -2.682389 22.188826 -20.366907 49.842365 -16.694103 -16.723289 28.435598 -0.016689 -12.667355 -0.002922 16.053545 -17.834276 2.756127 -0.091062 -1.508081 -4.278971 -5.032072 -5.604107 -2.949183 0.012769 -11.016982 0.001467 -6.081981 -15.884353 -3.838395 0.000389 0.005081 0.005968 -10.268998 -5.668456 -4.353469 11.031193 -11.300882 -2.354707 -1.379689 -14.221655 -6.308137 -0.616819 -26.893482 -3.825062 -4.1179 -49.743614 -3.814246 -13.6818 -7.348701 -3.733592 18.128178 -14.052162 -3.240094 0.019175 -18.80349 0.008477 -0.427228 -8.448004 2.560513 -0.002698 0.000301 0.005498 -15.877375 -20.063931 -5.495782 30.369766 -7.201345 1.726918 0.003787 -8.156808 -0.000272 -1.834838 -22.839598 -6.151979 -0.008713 0.026699 0.006372 -178.073944 -2.074644 -9.407387 12.710072 -0.045743 0.290711 -81.384682 -1.557832 -6.3941 -4.974961 1.576129 2.126435 -1.001712 -0.00022 -0.000339 -0.68533 -6.949833 -5.008873 15.726768 -0.052284 0.159304 -81.333809 -4.084948 -7.857331 -4.629611 0.507748 1.630309 -0.99606 -7.7e-05 0.000932 
0.0 0.0 0.0 0.0 -0.0 0.0 0.245 99.654236 -4.870028 91.003227 1.773064 85.750633 -3.798156 -0.260329 -0.245629 -11.77943 -0.984849 -0.792003 20.938122 -1.107886 -3.584172 17.55562 0.349366 2.881848 -2.653791 -0.6421 -0.558727 -27.557348 1.390288 -1.987579 -1.8e-05 -0.000155 -0.001349 -0.020079 0.01337 0.139053 0.029933 0.077867 0.177281 0.060057 -0.05838 0.114703 -149.879166 -67.706436 164.971786 15.471282 -53.639271 16.830698 36.315559 0.343468 0.013531 0.192082 3.387629 16.730122 17.659948 -26.360691 52.495506 -19.479395 -14.41794 29.470739 0.001034 -8.779343 -0.004154 15.594635 -18.275442 6.397239 -0.598571 -1.7894 -3.906347 -4.814447 -11.055971 -2.928404 -0.004075 -20.976664 0.007437 -5.012802 -25.034683 -4.046264 0.007498 0.010552 0.006302 -10.643659 -5.693786 -3.56602 10.593771 -17.933817 -3.11752 -0.002986 -13.819539 -0.016926 -0.497065 -31.206902 -4.009261 -12.120364 -59.716324 8.355398 -13.994655 -7.156576 -2.867508 13.790017 -8.4047 -3.228649 0.336614 -34.234135 0.795425 -0.945354 -17.725731 2.606741 -0.015955 0.001076 0.01259 -17.373415 -20.12052 -4.183659 21.803955 -1.634775 3.856151 -0.000644 -6.339877 0.001538 -1.711952 -22.588818 -6.215723 0.002408 -0.000618 -0.001605 18.954756 -63.199127 176.834381 30.02013 -45.903481 14.608346 29.287161 -0.36716 -0.001214 -4.021962 -4.35621 -2.372275 22.222879 -20.412636 50.00201 -16.715935 -16.758865 28.484404 0.000109 -12.704229 0.00196 16.09029 -17.857637 2.736687 -0.100713 -1.516312 -4.262989 -5.045269 -5.613306 -2.964262 0.002062 -11.028146 0.002709 -6.114545 -15.909422 -3.836433 0.002771 -0.003833 0.000403 -10.303328 -5.682093 -4.328209 11.045681 -11.296709 -2.374717 -1.38218 -14.238233 -6.3214 -0.63236 -26.919151 -3.815922 -4.218142 -49.813576 -3.772012 -13.732763 -7.365869 -3.717996 18.168829 -14.043698 -3.239838 0.005738 -18.805771 -0.002295 -0.428862 -8.460952 2.556468 -0.00904 -7.4e-05 0.002093 -15.957541 -20.101215 -5.464291 30.47847 -7.183807 1.738417 0.002556 -8.166656 0.009751 -1.866091 -22.861088 -6.167924 -0.003072 0.007658 -0.006393 -178.199371 -1.770136 -9.868275 12.67867 -0.049537 0.279957 -81.431526 -1.911762 -6.212672 -4.946224 1.603865 2.140328 -0.994158 0.00024 0.000439 -1.222119 -7.248857 -4.447163 15.716043 -0.05788 0.1475 -80.894203 -3.327546 -8.029467 -4.60681 0.52662 1.639755 -1.006939 -0.005294 -0.002081 
0.0 0.0 0.0 0.0 -0.0 0.0 0.712861 99.669151 -5.058785 91.071831 1.5875 84.412262 -3.659636 -0.388193 -0.245733 -11.724909 -1.008951 -0.854628 20.926737 -1.056385 -3.609186 17.472235 0.915184 2.804099 -2.642436 -0.64715 -1.038544 -27.890429 1.188032 -2.541987 -0.001202 -1.3e-05 0.000745 -0.019014 0.014383 0.136535 0.039532 0.077526 0.171618 0.066724 -0.057602 0.109417 -149.799622 -68.126236 164.991959 15.8504 -53.911514 16.952747 36.21965 0.433644 0.041383 0.231701 3.393319 16.877983 17.622847 -26.343596 52.420059 -19.451971 -14.387901 29.382179 -0.006548 -8.765525 0.005904 15.594888 -18.219852 6.424043 -0.598745 -1.787207 -3.894156 -4.793198 -11.029629 -2.927377 0.006669 -20.933544 0.010389 -5.010321 -24.982025 -4.007703 0.001858 0.004283 -0.006366 -10.621346 -5.67566 -3.56144 10.57758 -17.904749 -3.114848 -0.004309 -13.804269 0.00976 -0.50868 -31.154837 -4.002396 -12.11349 -59.653316 8.336463 -13.967033 -7.133106 -2.86522 13.774756 -8.390641 -3.238853 0.339469 -34.176346 0.798402 -0.965252 -17.731014 2.622388 0.010758 0.000713 -0.006098 -17.306316 -20.060175 -4.205016 21.735128 -1.647022 3.857481 -0.005092 -6.332986 0.002108 -1.690371 -22.564379 -6.18751 -0.004802 -0.001988 -0.000495 18.982765 -63.428619 176.744705 30.358015 -45.672329 14.437154 30.000555 -0.334826 -0.033889 -3.753949 -3.951683 -1.938324 22.202211 -20.36977 49.964207 -16.680414 -16.764414 28.478537 -0.002771 -12.699546 -0.005154 16.072035 -17.839603 2.740664 -0.081404 -1.505296 -4.278629 -5.046184 -5.611021 -2.949742 -0.00089 -11.005692 -0.003971 -6.116234 -15.86842 -3.847058 -0.001247 -0.000349 0.007575 -10.27771 -5.674843 -4.346093 11.041144 -11.291364 -2.363159 -1.393191 -14.234684 -6.329151 -0.632647 -26.914368 -3.808402 -4.250915 -49.835419 -3.706711 -13.698951 -7.351101 -3.718498 18.147921 -14.049179 -3.251596 -0.003982 -18.768881 0.012446 -0.425837 -8.476866 2.569422 -0.002613 0.010696 -0.00054 -15.907948 -20.069752 -5.475886 30.435505 -7.197994 1.732644 -0.003994 -8.160942 0.011763 -1.881694 -22.83576 -6.168043 0.000429 -0.007278 0.001035 -178.308777 -1.262575 -10.458501 12.596761 -0.058195 0.264262 -81.418304 -2.439491 -5.956704 -4.911599 1.628207 2.150907 -0.99358 -0.000732 8.1e-05 -1.991926 -7.661315 -3.725774 15.815681 -0.05879 0.148559 -80.543419 -2.30261 -8.162182 -4.620599 0.519886 1.638605 -0.994628 -0.000985 0.00124 
0.0 0.0 0.0 0.0 -0.0 0.0 1.316314 99.667442 -5.306029 91.2211 1.360463 82.745674 -3.473107 -0.601011 -0.255266 -11.65506 -1.049069 -0.935686 20.937683 -1.016879 -3.669917 17.401522 1.571455 2.730325 -2.639353 -0.657665 -1.576354 -28.337339 0.957187 -3.20286 0.001257 -0.000712 -0.003524 -0.016329 0.015424 0.125169 0.032195 0.082447 0.156941 0.065716 -0.055972 0.102317 -149.610519 -68.649734 164.863037 16.279909 -54.229553 17.257994 36.292507 0.563725 0.030533 0.276883 3.338532 17.026375 17.623034 -26.282883 52.364773 -19.477203 -14.395544 29.400034 0.003718 -8.775192 -0.0075 15.639003 -18.238356 6.389042 -0.59398 -1.79564 -3.859682 -4.810893 -11.045664 -2.944826 0.013685 -20.994419 0.0014 -5.020614 -25.046629 -4.032244 0.005228 -0.001769 -0.000385 -10.624549 -5.679355 -3.527467 10.596028 -17.927896 -3.139359 0.006254 -13.825334 -0.011454 -0.503765 -31.157135 -4.021994 -12.122127 -59.763474 8.322208 -13.965604 -7.133409 -2.833119 13.77243 -8.396614 -3.234691 0.369265 -34.187752 0.74366 -0.957214 -17.736874 2.599516 0.003473 0.003183 0.004192 -17.344719 -20.083195 -4.151081 21.771118 -1.631889 3.851133 -0.008645 -6.324149 -0.007742 -1.702871 -22.551805 -6.184026 -0.00123 -0.00503 0.004525 19.336191 -63.723793 176.335068 30.866274 -45.525833 14.127824 30.986898 -0.263941 -0.035695 -3.342542 -3.407405 -1.705793 22.157574 -20.326891 49.896 -16.685131 -16.728867 28.471811 0.005776 -12.684692 -0.000171 16.07497 -17.764339 2.681917 -0.127331 -1.513028 -4.276828 -5.024768 -5.610356 -2.938395 0.003398 -11.011788 -0.006069 -6.101717 -15.885102 -3.833081 0.000222 0.000612 0.005061 -10.289723 -5.676725 -4.325957 11.023087 -11.282149 -2.377783 -1.394618 -14.214062 -6.310672 -0.631856 -26.872812 -3.832175 -4.249345 -49.725616 -3.724277 -13.699557 -7.356669 -3.71138 18.109962 -14.024449 -3.230046 0.003909 -18.755419 -0.019913 -0.431964 -8.446651 2.554511 -0.000425 -0.001646 -0.008978 -15.927573 -20.078138 -5.467999 30.410452 -7.17465 1.738078 -0.004356 -8.149647 0.008311 -1.862641 -22.837946 -6.196582 -0.005385 0.007318 0.003299 -178.609833 -0.6389 -11.152778 12.625089 -0.056288 0.233117 -81.407219 -3.142407 -5.722558 -4.844586 1.653092 2.159703 -0.993918 -0.001845 0.000785 -3.094679 -8.199617 -2.790955 16.148596 -0.076895 0.151694 -80.229187 -1.070303 -8.272411 -4.614594 0.509119 1.640962 -0.997052 0.003204 6.8e-05 
0.0 0.0 0.0 0.0 -0.0 0.0 1.975088 99.63623 -5.654882 91.513145 1.078486 80.800514 -3.241759 -0.93385 -0.257598 -11.588004 -1.126799 -1.075033 20.951212 -0.995992 -3.769707 17.306759 2.342967 2.671182 -2.629431 -0.68608 -2.187039 -28.90143 0.671417 -3.97725 -0.00014 -0.000288 -0.004539 -0.013622 0.019759 0.127692 0.045945 0.082459 0.16189 0.081186 -0.053174 0.091981 -149.524475 -69.402176 164.856827 16.915564 -54.590134 17.509295 36.38998 0.611656 0.0672 0.340755 3.156602 17.287365 17.621943 -26.314503 52.464081 -19.467394 -14.405943 29.430637 -0.003105 -8.773606 -0.001824 15.641774 -18.201859 6.421547 -0.609093 -1.785354 -3.900722 -4.795616 -11.037084 -2.933169 0.015837 -20.951572 -0.007647 -4.997639 -25.017315 -4.028056 0.010637 -0.012184 -0.00699 -10.635303 -5.681228 -3.574293 10.583022 -17.911957 -3.106223 0.010215 -13.807802 -0.012915 -0.461669 -31.17684 -4.015705 -12.162038 -59.760208 8.429053 -13.97675 -7.140862 -2.875357 13.765439 -8.386629 -3.225033 0.373009 -34.177105 0.751225 -0.97511 -17.714775 2.623066 -0.003791 0.000973 0.005088 -17.334814 -20.064714 -4.220242 21.769686 -1.650116 3.85799 -0.011971 -6.324822 0.004312 -1.681112 -22.541306 -6.185567 -0.003261 0.005147 0.004904 19.837488 -64.118256 175.728943 31.55126 -45.551693 13.690548 32.147083 -0.202075 -0.0356 -2.867571 -2.739907 -1.644377 22.133217 -20.345139 49.903847 -16.706118 -16.728157 28.470974 -0.013734 -12.669237 0.024543 16.054869 -17.674057 2.671702 -0.108591 -1.513129 -4.287953 -5.023962 -5.606433 -2.939693 0.007752 -11.023325 -0.003139 -6.092445 -15.889865 -3.827193 0.001856 -0.011045 -0.002232 -10.270935 -5.671201 -4.341179 11.040089 -11.305927 -2.37545 -1.381479 -14.23778 -6.317607 -0.612922 -26.927269 -3.823971 -4.35017 -49.751385 -3.638201 -13.687469 -7.350948 -3.718712 18.131386 -14.038049 -3.250741 0.015328 -18.744177 -0.012206 -0.426042 -8.449553 2.555207 -0.002307 0.000988 -0.012544 -15.892915 -20.085302 -5.488776 30.394567 -7.201171 1.733706 0.001843 -8.142831 -0.004099 -1.855058 -22.834612 -6.163093 0.0 -0.007547 -0.006219 -179.161041 0.122443 -11.991245 12.869114 -0.052984 0.210547 -81.537949 -3.969197 -5.548766 -4.759771 1.675778 2.176918 -0.996174 -0.002007 0.000483 -4.607715 -8.78274 -1.682063 16.912586 -0.099741 0.189612 -80.126381 0.282379 -8.297685 -4.664272 0.498984 1.639456 -1.003735 0.000692 0.00029 
0.0 0.0 0.0 0.0 -0.0 0.0 2.748335 99.596596 -6.055071 91.983154 0.750555 78.535225 -2.97999 -1.410692 -0.267356 -11.532001 -1.224253 -1.273426 20.974957 -1.04814 -3.950345 17.197702 3.24191 2.625993 -2.631952 -0.716921 -2.921951 -29.656252 0.381299 -4.837196 0.001267 0.000905 0.00541 -0.009466 0.024297 0.1303 0.058779 0.084736 0.167942 0.10502 -0.051036 0.095484 -149.636017 -70.26384 165.073883 17.451109 -54.792393 17.929457 36.694912 0.663496 0.089931 0.477095 2.894051 17.483965 17.660061 -26.320072 52.447296 -19.463215 -14.404197 29.423338 0.005318 -8.782418 0.001982 15.750123 -18.270281 6.423847 -0.614075 -1.79333 -3.901661 -4.819993 -11.05898 -2.934372 -0.014048 -20.986584 -0.009767 -5.044539 -25.057543 -4.035436 0.000732 -0.007433 -0.006076 -10.648597 -5.69601 -3.581251 10.564146 -17.921675 -3.101525 -0.019961 -13.820201 0.001284 -0.536141 -31.175621 -4.041187 -12.192356 -59.954498 8.285093 -13.998975 -7.162797 -2.878651 13.781071 -8.39645 -3.226938 0.333981 -34.253365 0.774405 -0.980942 -17.744446 2.630603 0.010672 0.007086 0.002743 -17.379818 -20.126204 -4.214813 21.79397 -1.634457 3.881885 -0.001234 -6.343346 -0.002268 -1.702206 -22.610428 -6.213024 -0.007129 0.019402 0.010726 20.696394 -64.556038 174.812042 32.389072 -45.627018 12.989948 33.510765 -0.12115 0.000708 -2.327422 -1.9469 -1.772619 22.211512 -20.31283 49.899612 -16.73435 -16.734056 28.480816 0.000284 -12.704312 -0.009297 16.134739 -17.748663 2.620484 -0.099992 -1.519886 -4.277865 -5.037079 -5.622988 -2.94974 -0.000863 -11.039466 -0.005819 -6.104699 -15.925908 -3.856376 -0.000198 -0.006585 -0.004477 -10.294271 -5.694823 -4.340953 11.052974 -11.326284 -2.374453 -1.392795 -14.264207 -6.337273 -0.621384 -26.996565 -3.836145 -4.405482 -49.816902 -3.688807 -13.719085 -7.377976 -3.721008 18.168646 -14.072771 -3.241437 0.000264 -18.830679 -0.020663 -0.424165 -8.479528 2.557151 -0.001342 0.017262 -0.00125 -15.936741 -20.125301 -5.473404 30.43701 -7.192807 1.741198 0.007316 -8.175186 -0.005718 -1.841327 -22.891388 -6.202073 -0.001697 0.01101 -0.001742 -179.804153 1.083669 -13.071949 12.986802 -0.035813 0.177764 -81.701134 -4.952074 -5.372674 -4.687246 1.692351 2.190234 -0.994189 0.000768 0.000467 -6.505178 -9.585967 -0.438929 17.772842 -0.114464 0.226186 -80.005325 1.954267 -8.364074 -4.743222 0.50616 1.634178 -1.000458 0.001754 -0.000878 
0.0 0.0 0.0 0.0 -0.0 0.0 3.577405 99.575012 -6.529639 92.477303 0.341226 75.884918 -2.702199 -1.949461 -0.344576 -11.428114 -1.323964 -1.463769 20.918186 -1.149881 -4.169446 16.936758 4.269976 2.578521 -2.614732 -0.75949 -3.755424 -30.396975 0.081024 -5.797616 -0.005222 0.001463 -0.00667 -0.012751 0.023998 0.124216 0.054115 0.089942 0.162027 0.110338 -0.047314 0.071149 -150.308792 -70.968422 165.879074 17.845646 -54.669125 18.288427 36.918922 0.610134 0.057823 0.681171 2.567974 17.707451 17.612789 -26.326157 52.443588 -19.432966 -14.378969 29.409203 0.006835 -8.772427 -0.002578 15.818115 -18.250004 6.429449 -0.619331 -1.790806 -3.900259 -4.809949 -11.04126 -2.927669 -0.003787 -20.951611 -0.00085 -5.034981 -25.0089 -4.019611 0.00118 0.001179 -0.001894 -10.641922 -5.687169 -3.558446 10.55726 -17.902311 -3.108952 -0.016387 -13.814206 -0.000487 -0.52238 -31.166925 -4.025331 -12.339461 -60.130016 8.388744 -13.99575 -7.151698 -2.873286 13.774485 -8.386478 -3.206906 0.33246 -34.187576 0.772254 -0.986867 -17.741861 2.612999 0.007192 0.018336 0.000131 -17.358732 -20.09177 -4.209408 21.749784 -1.617929 3.883588 -0.003369 -6.337718 -0.001697 -1.726995 -22.559593 -6.182975 -0.000821 0.001947 -0.004141 21.658531 -64.757874 173.706467 33.335266 -45.756016 12.042033 34.752949 -0.036 0.104452 -1.871662 -1.105643 -1.973794 22.175634 -20.399906 49.979622 -16.650862 -16.72723 28.450518 -0.001139 -12.670197 0.000839 16.087198 -17.681337 2.58828 -0.100046 -1.5077 -4.28339 -5.042471 -5.614437 -2.954233 0.001085 -11.019868 0.003176 -6.104538 -15.901606 -3.834066 0.000914 0.000301 0.000307 -10.275558 -5.674465 -4.350565 11.014605 -11.296626 -2.360285 -1.376134 -14.222478 -6.310258 -0.631723 -26.882021 -3.817178 -4.454986 -49.669922 -3.694379 -13.702958 -7.358511 -3.728875 18.136776 -14.047795 -3.228342 -0.00679 -18.781033 0.018421 -0.430147 -8.469633 2.552471 0.007445 -0.005232 -0.002237 -15.906204 -20.085194 -5.488158 30.384714 -7.192105 1.743989 -0.001359 -8.172693 0.000715 -1.857143 -22.857683 -6.153647 0.001548 0.003248 0.004774 179.444778 2.03809 -14.484136 12.898177 -0.014179 0.148652 -81.484161 -5.940213 -5.185456 -4.53532 1.699981 2.200412 -1.003086 0.001551 -0.000123 -8.612419 -10.383604 0.714537 18.282101 -0.11114 0.329861 -79.386665 3.943484 -8.424291 -4.881937 0.511552 1.625271 -0.996066 0.003619 0.001534 
0.0 0.0 0.0 0.0 -0.0 0.0 4.429109 99.602303 -7.018476 92.831825 -0.197531 72.978668 -2.477738 -2.434074 -0.440505 -11.322144 -1.421942 -1.655411 20.850027 -1.200711 -4.464027 16.689812 5.349306 2.563187 -2.622139 -0.774604 -4.669426 -31.122263 -0.176456 -6.671928 -0.002198 -0.000739 -0.003538 -0.009085 0.015294 0.069165 0.064072 0.078212 0.141291 0.117902 -0.049192 0.048989 -151.007034 -72.080032 166.557541 18.26895 -54.674496 18.576088 37.137657 0.480545 -0.010208 0.916322 2.29892 17.881083 17.657001 -26.261736 52.317696 -19.449356 -14.395952 29.336178 -0.001348 -8.776999 -0.00631 15.799387 -18.154469 6.391607 -0.610226 -1.783612 -3.879719 -4.797603 -11.027799 -2.930346 0.028854 -20.949993 -0.001438 -5.009721 -25.002754 -4.016656 -0.004756 -0.007786 -4.3e-05 -10.63828 -5.666438 -3.544402 10.607002 -17.904675 -3.121964 0.008136 -13.807878 0.005782 -0.46867 -31.162441 -4.02025 -12.398095 -60.28693 8.548445 -13.984879 -7.121189 -2.85379 13.783906 -8.391766 -3.226096 0.3555 -34.142925 0.780371 -0.942781 -17.694286 2.626304 0.001287 0.002135 0.000149 -17.341944 -20.037479 -4.187488 21.779861 -1.670003 3.866948 -0.003045 -6.325616 -0.008825 -1.683254 -22.540865 -6.170481 -0.002218 0.007517 0.001994 22.867298 -64.997032 172.380051 34.212818 -46.036549 10.929886 35.755161 0.029668 0.193648 -1.636392 -0.358602 -2.340355 22.175838 -20.359432 49.885006 -16.729076 -16.706045 28.458954 -0.010413 -12.66784 0.001386 16.127071 -17.619982 2.568971 -0.092853 -1.515736 -4.270495 -5.029169 -5.612077 -2.949592 0.009704 -11.018713 -0.00135 -6.082398 -15.879103 -3.838979 0.002202 -0.000514 0.001253 -10.26739 -5.674065 -4.339859 11.036117 -11.331804 -2.375367 -1.359622 -14.245215 -6.321579 -0.600271 -26.987822 -3.835652 -4.48075 -49.84898 -3.658065 -13.678667 -7.352793 -3.715496 18.131855 -14.076726 -3.250402 0.012731 -18.776438 -0.001828 -0.42196 -8.46226 2.560288 0.00523 -0.019377 0.000385 -15.872351 -20.09355 -5.47467 30.368145 -7.22071 1.720021 0.013604 -8.168912 -0.000679 -1.828453 -22.853077 -6.159859 -0.004039 0.001392 0.001095 178.589233 2.717558 -16.319715 12.702059 0.010625 0.141304 -81.395515 -6.891956 -5.018831 -4.386279 1.690452 2.209136 -0.996066 0.000801 -0.000694 -10.478303 -10.774641 1.481431 17.897568 -0.100113 0.437536 -78.2771 6.190928 -8.395407 -5.147789 0.523822 1.622899 -0.99684 0.000722 0.000182 
0.0 0.0 0.0 0.0 -0.0 0.0 5.21696 99.770226 -7.536655 92.898796 -0.949945 69.929619 -2.357187 -2.765998 -0.508923 -11.221808 -1.48716 -1.86865 20.74205 -1.106851 -4.751947 16.304932 6.378047 2.518107 -2.587543 -0.92068 -5.355449 -31.529369 -0.335627 -7.626071 0.000154 6e-06 -0.001571 -0.008588 0.009368 0.058931 0.06473 0.065668 0.111277 0.112377 -0.04456 -0.00124 -152.801544 -72.767944 168.339554 18.238514 -54.205128 18.858221 37.209732 0.333564 -0.145493 0.984782 2.021292 18.073517 17.663261 -26.366646 52.493366 -19.467621 -14.402633 29.435209 0.00212 -8.770811 -0.00636 15.872625 -18.177528 6.342991 -0.604435 -1.797902 -3.892404 -4.813989 -11.050161 -2.945204 0.002607 -20.979696 0.002104 -5.035431 -25.052876 -4.030301 0.008714 0.009119 -0.005019 -10.634791 -5.691858 -3.568733 10.577062 -17.93461 -3.117275 -0.003452 -13.841206 0.002356 -0.50467 -31.195107 -4.027719 -12.443777 -60.54105 8.402523 -13.982067 -7.152372 -2.880157 13.769536 -8.407685 -3.216354 0.347317 -34.248051 0.770396 -0.958108 -17.764568 2.617856 -0.00084 -0.004556 0.002435 -17.351488 -20.107735 -4.213756 21.761909 -1.644129 3.873591 0.001063 -6.341582 0.002666 -1.695904 -22.565771 -6.195435 -0.003869 0.00059 0.002182 23.804886 -64.763695 171.4496 34.76096 -46.00354 9.796554 36.513313 0.217866 0.243374 -1.65375 0.26985 -3.205581 22.235653 -20.340622 49.946236 -16.704359 -16.76816 28.482891 0.004368 -12.715288 -0.012211 16.27639 -17.649862 2.450815 -0.099657 -1.515349 -4.283152 -5.047203 -5.617349 -2.953277 -0.003334 -11.020318 -0.004548 -6.109992 -15.900206 -3.854771 -0.00034 -0.000158 0.002693 -10.29528 -5.685502 -4.345831 11.048272 -11.307752 -2.375664 -1.391208 -14.247828 -6.328353 -0.632913 -26.891514 -3.834247 -4.485216 -49.825703 -3.71189 -13.726051 -7.371059 -3.724533 18.170008 -14.051705 -3.246676 -2.5e-05 -18.787737 0.003793 -0.422429 -8.455556 2.549092 -0.000567 0.008603 0.006287 -15.958632 -20.12146 -5.482994 30.494104 -7.203774 1.751475 0.000504 -8.171103 0.000307 -1.879167 -22.897377 -6.182576 -0.001601 -0.005382 0.00471 177.968903 2.984951 -18.332199 11.622413 0.010847 0.06569 -80.893425 -7.73549 -4.936299 -4.297849 1.681778 2.194841 -0.993154 0.001843 0.001751 -11.496965 -10.805636 1.094999 15.496875 -0.105851 0.723495 -75.950401 8.478638 -8.766362 -5.408461 0.486451 1.603835 -0.995495 0.001108 0.001987 
0.0 0.0 0.0 0.0 -0.0 0.0 5.901279 99.868553 -8.024643 92.815254 -1.705696 66.692368 -2.233286 -3.044028 -0.559344 -11.094487 -1.515027 -2.059418 20.45701 -1.005673 -5.049558 16.016205 7.392419 2.617094 -2.546549 -0.974244 -5.961991 -31.77817 -0.621764 -8.394012 0.000493 -0.002554 7.5e-05 -0.012909 0.023252 0.097786 0.021146 0.062735 0.144034 0.063129 -0.023731 0.040855 -154.229095 -73.373627 169.711227 18.20903 -53.573402 19.124926 36.852444 0.185313 -0.207716 1.106209 1.796906 18.256693 17.611336 -26.311476 52.425293 -19.438435 -14.386826 29.391886 -0.004457 -8.762493 0.002166 15.845695 -18.093002 6.349276 -0.605303 -1.79322 -3.896883 -4.801809 -11.021778 -2.920197 0.01414 -20.930231 -0.005751 -4.999336 -24.967386 -4.028287 -0.005172 -0.010431 0.000645 -10.61901 -5.673776 -3.566956 10.56531 -17.879215 -3.106579 -0.006645 -13.788762 0.002265 -0.519758 -31.072805 -3.999982 -12.214477 -60.522629 8.408174 -13.963893 -7.137225 -2.877171 13.749675 -8.386585 -3.216257 0.359721 -34.176155 0.768895 -0.953903 -17.690607 2.625514 -0.005775 -0.001463 5e-05 -17.325687 -20.063848 -4.202279 21.736055 -1.63751 3.857181 -0.008114 -6.328916 0.004144 -1.684703 -22.534922 -6.179534 -0.007745 0.008011 0.002719 24.625793 -64.141228 170.309006 34.716721 -46.14101 8.655555 36.799648 0.112685 0.244598 -1.865441 1.026519 -3.419763 22.17001 -20.362112 49.933987 -16.689089 -16.753424 28.464663 -0.001748 -12.67701 0.002125 16.364344 -17.788595 2.432691 -0.10646 -1.509759 -4.274885 -5.036505 -5.612929 -2.95165 -0.008301 -11.019419 0.001597 -6.117853 -15.901463 -3.84094 -0.00033 0.00018 -0.00015 -10.28136 -5.673246 -4.334279 11.025027 -11.296619 -2.371358 -1.386185 -14.241485 -6.311729 -0.622755 -26.919603 -3.829004 -4.600922 -50.001274 -3.687993 -13.702387 -7.352087 -3.714596 18.123383 -14.034673 -3.240358 -0.008143 -18.756172 0.003635 -0.426673 -8.454827 2.553719 -7.1e-05 0.007534 0.004911 -15.91626 -20.069273 -5.466242 30.404081 -7.176579 1.733024 0.00207 -8.166249 0.001856 -1.882228 -22.846914 -6.146135 -0.004133 -0.002987 -0.006816 176.729492 2.679209 -20.612635 12.075023 -0.00348 0.036112 -80.884689 -8.810683 -5.080903 -4.2065 1.677421 2.189649 -0.996203 0.00036 -7.7e-05 -11.99683 -10.343288 -0.407407 12.481564 -0.023834 0.937799 -74.218979 10.312363 -9.737262 -5.964452 0.528851 1.63384 -1.000393 -0.006136 -0.001477 
0.0 0.0 0.0 0.0 -0.0 0.0 6.488792 100.021889 -8.419184 92.64801 -2.360645 63.634361 -2.123129 -3.257679 -0.646734 -11.105783 -1.578911 -2.192852 20.322216 -0.835247 -5.303029 15.793826 8.152573 2.552191 -2.540494 -0.99746 -6.432105 -32.061386 -0.715013 -8.96779 -0.002194 0.001776 0.008831 -0.023308 0.024453 0.097447 -0.000629 0.049623 0.156498 0.033059 -0.006514 0.050683 -156.140228 -74.161491 171.537338 18.301476 -53.077724 19.236757 36.320065 0.087315 -0.181738 1.072058 1.647362 18.408253 17.638731 -26.377392 52.57909 -19.516577 -14.423254 29.497601 -0.005387 -8.783331 0.004283 15.859889 -18.165874 6.395641 -0.610468 -1.797516 -3.893068 -4.809085 -11.067009 -2.949798 0.00434 -21.012981 -0.008038 -5.012296 -25.100796 -4.046978 0.00089 0.008962 0.000307 -10.642819 -5.694679 -3.570005 10.596403 -17.95949 -3.132491 0.000156 -13.844868 -0.003718 -0.482263 -31.245909 -4.039365 -12.3086 -61.064274 8.517869 -14.000644 -7.160393 -2.87793 13.798168 -8.422618 -3.231916 0.369354 -34.303585 0.755468 -0.9591 -17.779928 2.628274 0.003218 -0.011365 0.000472 -17.361809 -20.130869 -4.214183 21.791862 -1.646239 3.869788 -0.000873 -6.35101 -0.002205 -1.68049 -22.592133 -6.216164 0.0 -0.008536 -0.002748 25.698246 -63.82402 169.428055 34.413162 -46.440548 7.099675 37.086094 -0.119473 0.177075 -1.932468 1.663424 -3.470021 22.170097 -20.424847 50.015408 -16.696983 -16.765518 28.497118 0.00346 -12.694322 0.003601 16.455944 -17.803076 2.436295 -0.095984 -1.513884 -4.282545 -5.03425 -5.61669 -2.953009 -0.004113 -11.037412 0.001182 -6.12494 -15.926487 -3.837773 3.1e-05 -0.00112 -0.001501 -10.272679 -5.674541 -4.340302 11.020594 -11.302259 -2.37271 -1.376244 -14.243558 -6.317793 -0.636891 -26.920351 -3.807832 -4.595062 -50.035084 -3.639992 -13.70329 -7.364682 -3.72097 18.142225 -14.051848 -3.245628 0.004218 -18.797012 0.001259 -0.443119 -8.458803 2.558455 0.004781 -0.005815 -0.001186 -15.923531 -20.105486 -5.472644 30.427233 -7.191508 1.722996 -0.004144 -8.161055 0.006496 -1.883704 -22.859755 -6.13479 0.000929 -0.000116 0.00628 176.099319 2.345688 -22.614388 11.693995 -0.00026 -0.025126 -80.671692 -9.846828 -5.244037 -4.156779 1.631296 2.180294 -1.005727 -0.001131 0.000121 -12.174319 -9.612329 -2.860543 9.853903 0.053514 0.915526 -74.420311 9.959984 -11.071961 -6.394987 0.53083 1.637043 -1.002115 0.000271 -0.00366 
0.0 0.0 0.0 0.0 -0.0 0.0 6.990191 100.151848 -8.700928 92.609169 -2.735023 60.693184 -2.035125 -3.478566 -0.721403 -11.063083 -1.606484 -2.252714 20.13377 -0.812912 -5.525239 15.651119 8.621944 2.515598 -2.572398 -0.98787 -6.837821 -32.239834 -0.757019 -9.383768 0.002256 8.9e-05 -3.5e-05 -0.025066 0.021676 0.077157 -0.045431 0.044073 0.118174 -0.014751 0.000123 0.023358 -157.608078 -74.463661 172.955139 18.443687 -52.181602 18.92959 35.479721 0.05966 -0.112388 0.787532 1.437876 18.62759 17.588966 -26.325323 52.391262 -19.457216 -14.382709 29.397011 -0.000406 -8.771122 0.000798 15.84519 -18.225245 6.432051 -0.608394 -1.791782 -3.890534 -4.801359 -11.049096 -2.934566 -0.002744 -20.986959 0.003181 -5.025366 -25.067928 -4.028781 0.000774 0.010755 0.000313 -10.621555 -5.68454 -3.559879 10.562128 -17.921556 -3.113099 -0.003023 -13.822978 0.000519 -0.503754 -31.17605 -4.021059 -12.384215 -60.980995 8.579529 -13.967258 -7.146918 -2.868099 13.759198 -8.400164 -3.222076 0.351285 -34.214165 0.776855 -0.972067 -17.739202 2.622561 -0.000382 0.004192 0.003368 -17.328922 -20.090807 -4.195601 21.739195 -1.631721 3.857473 3e-06 -6.342127 0.001584 -1.708943 -22.59201 -6.175315 0.001954 0.008993 -6.9e-05 26.597372 -63.349323 168.469498 33.522709 -46.693237 6.3382 37.124012 -0.327287 0.060325 -1.931358 1.998303 -3.277851 22.201767 -20.33095 49.880642 -16.694965 -16.748665 28.44758 -0.001198 -12.685503 -0.002693 16.475149 -17.849609 2.47613 -0.092235 -1.514227 -4.282411 -5.043245 -5.60739 -2.944148 0.006065 -11.008924 0.001675 -6.096113 -15.877555 -3.835862 -0.00243 0.005365 -0.0 -10.271889 -5.680953 -4.336695 11.037011 -11.301555 -2.377593 -1.395407 -14.238656 -6.31109 -0.609 -26.925207 -3.818615 -4.469411 -50.156498 -3.630089 -13.696825 -7.360816 -3.713643 18.140469 -14.04434 -3.246055 -0.000943 -18.768654 0.002939 -0.428926 -8.448829 2.561825 -0.004347 0.000592 -0.006033 -15.916581 -20.090292 -5.472772 30.418657 -7.192967 1.746017 0.020517 -8.172332 -0.005367 -1.867119 -22.847855 -6.162856 -0.00305 0.000382 -0.000917 176.01355 2.287731 -24.306925 10.773427 0.001831 -0.045176 -80.299797 -10.930719 -5.495463 -4.257002 1.622958 2.176954 -0.999765 -0.000802 -0.000677 -12.248219 -9.124675 -6.041053 8.801028 0.089298 0.690712 -74.670898 6.910348 -11.163818 -6.46589 0.525196 1.66032 -0.998512 0.000614 -0.001862 
0.0 0.0 0.0 0.0 -0.0 0.0 7.423709 100.208542 -8.94826 92.658882 -2.878373 57.712265 -2.024875 -3.658783 -0.737095 -11.033971 -1.616138 -2.304342 19.984629 -0.932429 -5.609982 15.609723 8.774526 2.531155 -2.57838 -0.984181 -7.154159 -32.415302 -0.660216 -9.739479 -0.001438 0.000692 0.011686 -0.029405 0.012513 0.037754 -0.099738 0.029033 0.079858 -0.061113 -0.011203 -0.006483 -158.94899 -74.440048 174.210022 18.533945 -51.488716 18.321905 34.643555 0.168557 -0.089769 0.470687 1.366181 18.981178 17.617628 -26.325005 52.366844 -19.500525 -14.39008 29.414291 -0.006729 -8.77809 0.00069 15.896603 -18.328667 6.507282 -0.611822 -1.798575 -3.889943 -4.804037 -11.068215 -2.933088 -0.00245 -20.999023 -0.000785 -5.019412 -25.037748 -4.022704 -0.00054 -0.001719 -0.001587 -10.628172 -5.694641 -3.557567 10.567274 -17.954214 -3.122151 0.003804 -13.842451 -0.006442 -0.497154 -31.245159 -4.035822 -12.49362 -61.233677 8.724075 -13.978827 -7.162466 -2.866046 13.769775 -8.422979 -3.226279 0.355103 -34.355251 0.758782 -0.953606 -17.773443 2.62358 -0.001397 -0.004645 -0.009952 -17.34309 -20.129679 -4.188432 21.745464 -1.639413 3.858215 0.003137 -6.343787 -0.005662 -1.693448 -22.626459 -6.192696 0.00181 0.009077 0.002107 27.491289 -63.116688 167.721573 32.519302 -46.797745 6.269595 36.735966 -0.493741 -0.067947 -2.104295 2.063233 -2.723506 22.169016 -20.378546 49.927055 -16.677399 -16.753147 28.469515 -0.007331 -12.686781 0.001526 16.485769 -17.987951 2.574425 -0.101666 -1.510885 -4.265363 -5.030503 -5.601114 -2.960175 0.010175 -11.014937 0.001767 -6.10031 -15.888154 -3.827037 -0.003074 -0.010748 -0.011802 -10.271107 -5.664764 -4.328345 11.028131 -11.276644 -2.379107 -1.380793 -14.208195 -6.305243 -0.630435 -26.871885 -3.804817 -4.57169 -50.242512 -3.463321 -13.689284 -7.334946 -3.714178 18.133974 -14.029696 -3.244504 0.005147 -18.734806 0.004543 -0.43678 -8.435039 2.556705 0.009115 0.0051 -0.000608 -15.905526 -20.045208 -5.470389 30.431229 -7.200624 1.719861 -0.010286 -8.144534 0.005442 -1.860303 -22.830164 -6.160684 -0.003183 0.006313 0.001275 175.938751 2.338672 -25.860764 10.305952 -0.00349 -0.043581 -80.049065 -12.036143 -5.707066 -4.484467 1.636483 2.181368 -0.999774 -0.001552 -0.000332 -12.245719 -9.129632 -9.790396 9.408177 0.08247 0.391771 -74.775322 2.089597 -10.061113 -6.29934 0.45541 1.688523 -0.996771 0.004768 0.000909 
0.0 0.0 0.0 0.0 -0.0 0.0 7.804733 100.175354 -9.179849 92.797058 -2.778968 54.638302 -2.110515 -3.802402 -0.70232 -11.003726 -1.628274 -2.341315 19.884254 -1.098244 -5.570312 15.678205 8.694459 2.564863 -2.592274 -0.977511 -7.382213 -32.750027 -0.565654 -9.962653 0.000987 -0.00138 -0.006005 -0.02009 -0.002847 -0.006096 -0.109631 0.019457 0.042614 -0.06774 -0.025516 -0.04178 -159.739029 -74.755539 174.804276 18.526552 -50.928501 17.303137 34.033157 0.240125 -0.087771 0.266904 1.528063 19.367458 17.673294 -26.374266 52.512947 -19.497652 -14.400184 29.44709 0.007313 -8.777727 -0.000823 15.936942 -18.32658 6.534992 -0.601975 -1.800217 -3.89145 -4.817072 -11.068464 -2.943398 -0.002529 -21.009172 -0.000445 -5.020397 -25.089502 -4.039295 -0.001379 0.001324 0.002803 -10.654517 -5.704221 -3.564297 10.598838 -17.966978 -3.118352 0.000835 -13.857245 -0.009344 -0.499134 -31.299814 -4.048456 -12.632411 -61.349731 8.901256 -14.003002 -7.165709 -2.874613 13.792534 -8.412395 -3.221795 0.344679 -34.258999 0.76726 -0.964946 -17.733278 2.615738 0.000492 -0.004136 0.004395 -17.372553 -20.142199 -4.200573 21.777964 -1.63643 3.872305 0.004551 -6.34908 -0.003738 -1.7019 -22.647367 -6.206748 -0.005875 0.008089 0.00135 28.327009 -63.363514 167.155365 31.595106 -47.053535 6.864013 35.990059 -0.485143 -0.10756 -2.518534 1.874001 -1.9446 22.246529 -20.355652 49.942524 -16.692696 -16.764334 28.449032 0.01462 -12.710398 -0.005951 16.71801 -18.187975 2.589233 -0.102391 -1.509455 -4.268784 -5.059136 -5.627255 -2.948625 -0.009319 -11.027282 -0.006035 -6.143221 -15.907921 -3.835072 8.5e-05 -0.000609 0.003021 -10.311181 -5.696858 -4.327144 11.05193 -11.314754 -2.373024 -1.401903 -14.274834 -6.340491 -0.676427 -26.976089 -3.823723 -4.608489 -50.610245 -3.489796 -13.739824 -7.384072 -3.712377 18.159676 -14.056534 -3.228445 -0.021594 -18.818552 -0.003094 -0.440385 -8.445525 2.566956 -0.000759 -0.00427 -0.005042 -15.984521 -20.146433 -5.451818 30.463184 -7.178828 1.767569 -0.010822 -8.171068 -0.001593 -1.855002 -22.887337 -6.201033 -0.013257 -0.000708 0.005215 175.64917 2.38029 -27.324827 10.748483 0.003214 -0.066326 -80.309654 -13.279189 -5.979486 -4.698453 1.657458 2.181416 -0.992106 0.0003 -0.00091 -12.196073 -9.677014 -13.957977 11.35131 0.059142 0.148718 -75.083458 -3.260355 -8.640745 -6.100844 0.428763 1.698877 -0.997079 -0.003755 0.00144 
0.0 0.0 0.0 0.0 -0.0 0.0 8.104317 100.061501 -9.368601 92.99527 -2.426308 51.396 -2.217155 -3.963612 -0.656304 -11.010507 -1.619797 -2.286131 19.80649 -1.318689 -5.431927 15.698666 8.353225 2.603564 -2.595484 -0.937472 -7.438232 -32.892162 -0.426422 -10.084865 0.000201 -0.000394 -0.000416 -0.002696 -0.006921 -0.018624 -0.101144 0.014316 0.023629 -0.056778 -0.030806 -0.05389 -160.006439 -74.35247 174.965851 18.303316 -50.46719 16.045851 33.642502 0.277008 -0.121914 0.31368 1.897002 19.531223 17.667561 -26.293533 52.363876 -19.481241 -14.387307 29.396423 -0.000796 -8.778081 0.001155 15.948389 -18.294237 6.565969 -0.611598 -1.801748 -3.888617 -4.808232 -11.062481 -2.940866 0.004801 -21.007318 -0.003127 -5.017896 -25.080069 -4.046679 0.00075 -0.019735 0.00178 -10.635144 -5.689904 -3.558104 10.57796 -17.931213 -3.116562 0.002404 -13.821545 -0.006409 -0.481515 -31.187847 -4.029633 -12.556427 -61.044003 8.990421 -13.989512 -7.16109 -2.872513 13.78188 -8.415661 -3.217319 0.383963 -34.296501 0.74283 -0.954311 -17.750635 2.635649 0.003153 -0.014273 -0.011379 -17.353271 -20.11215 -4.198057 21.770952 -1.649377 3.875006 0.002351 -6.336354 -0.00265 -1.687582 -22.570641 -6.201946 -0.00028 -0.008816 0.001355 28.815147 -63.382755 166.789185 30.681385 -47.049839 7.65894 34.735844 -0.41375 -0.130666 -3.116233 1.633406 -1.18993 22.169764 -20.362432 49.969917 -16.704624 -16.74054 28.505638 -0.00332 -12.689034 0.001078 16.732035 -18.236498 2.644755 -0.102473 -1.514943 -4.280002 -5.037927 -5.609845 -2.959755 0.003696 -11.01415 -0.002055 -6.117546 -15.888893 -3.83727 -0.000215 -0.00785 -0.006423 -10.277288 -5.678858 -4.345048 11.025483 -11.296387 -2.367222 -1.370551 -14.224124 -6.341029 -0.614199 -26.905842 -3.843588 -4.584308 -50.466457 -3.375974 -13.69604 -7.358493 -3.724838 18.124228 -14.037584 -3.254101 -0.003167 -18.763582 0.000674 -0.434846 -8.458696 2.546589 -0.004952 0.00111 -0.003989 -15.905884 -20.084898 -5.495159 30.388485 -7.185879 1.732461 -0.010558 -8.145056 0.010977 -1.851437 -22.828308 -6.168562 -0.004717 -0.009677 0.003606 175.313477 2.447763 -28.780567 11.811125 0.008543 -0.08175 -80.841461 -14.771305 -6.37694 -4.892965 1.680053 2.179542 -0.991071 0.001444 4.2e-05 -12.13774 -10.732861 -18.133705 14.274314 0.046162 -0.061965 -75.790543 -8.527788 -6.859882 -5.924645 0.395843 1.67933 -1.000757 -0.006498 0.002312 
0.0 0.0 0.0 0.0 -0.0 0.0 8.327993 99.879623 -9.525084 93.240532 -1.82698 47.989372 -2.328853 -4.19491 -0.615432 -11.047112 -1.616173 -2.179128 19.814209 -1.583835 -5.315802 15.721805 7.927125 2.644544 -2.61238 -0.922692 -7.314532 -33.269211 -0.254457 -10.132607 0.000148 -0.000642 -7.2e-05 0.01526 -0.006972 0.001575 -0.082285 0.017591 0.042448 -0.039715 -0.030244 -0.004779 -159.915771 -74.43409 174.707123 17.849602 -50.319099 15.17767 33.725342 0.303998 -0.127566 0.592566 2.306312 19.563148 17.64444 -26.376698 52.497414 -19.484037 -14.395053 29.434881 0.000498 -8.782168 -0.000394 15.967707 -18.274948 6.621988 -0.611485 -1.80681 -3.896579 -4.808214 -11.062331 -2.935918 0.004699 -21.020273 -0.000141 -5.025282 -25.070553 -4.032711 -0.001775 -0.019668 0.002737 -10.629322 -5.691277 -3.56224 10.572451 -17.944185 -3.120715 0.003651 -13.830499 0.003797 -0.505267 -31.188988 -4.023679 -12.55887 -61.013985 9.051436 -13.976229 -7.151828 -2.872199 13.764647 -8.414767 -3.224665 0.354492 -34.234241 0.778916 -0.969826 -17.757395 2.629882 0.000454 0.003209 -0.002942 -17.342699 -20.116108 -4.204118 21.768833 -1.644641 3.864679 -0.00305 -6.3429 0.003623 -1.692749 -22.597633 -6.194191 0.00117 -0.008307 0.00086 29.445721 -63.753971 166.583817 30.174746 -47.217827 8.361451 33.487911 -0.323165 -0.107433 -3.767318 1.57837 -0.555924 22.239809 -20.440918 49.995056 -16.713566 -16.774364 28.497843 -0.003165 -12.717236 0.003599 16.746639 -18.318756 2.638239 -0.11233 -1.52605 -4.282496 -5.043287 -5.605755 -2.964347 0.002839 -11.034676 0.02438 -6.116621 -15.905945 -3.844726 -9.4e-05 -0.006824 -0.004978 -10.306449 -5.692974 -4.341986 11.051785 -11.30758 -2.375424 -1.384676 -14.259901 -6.325444 -0.629243 -26.941105 -3.823356 -4.608962 -50.487915 -3.347257 -13.734954 -7.366563 -3.724821 18.176188 -14.074765 -3.236404 0.007475 -18.813379 0.015878 -0.42793 -8.473156 2.552487 -0.002035 0.010169 0.006236 -15.953466 -20.102167 -5.474846 30.474283 -7.209898 1.743727 -0.003947 -8.167472 0.002958 -1.850431 -22.902773 -6.171308 -0.008097 0.007216 0.004236 175.102463 2.642518 -30.168802 13.032642 0.029959 -0.121399 -81.501411 -16.439556 -6.798128 -5.00309 1.702266 2.178189 -0.995168 -0.000127 0.000117 -11.99558 -12.256938 -22.044868 17.699984 0.071962 -0.203717 -76.803032 -13.340089 -4.896211 -5.768491 0.394543 1.663243 -0.999149 -0.003813 0.000669 
0.0 0.0 0.0 0.0 -0.0 0.0 8.426067 99.658218 -9.655351 93.48468 -1.043658 44.479748 -2.471797 -4.47063 -0.565792 -11.09131 -1.627901 -2.070249 19.821121 -1.857429 -5.176882 15.605453 7.386529 2.691341 -2.631624 -0.866237 -7.035868 -33.533138 -0.046239 -10.006273 -7.1e-05 0.001023 -0.001837 0.019238 -0.005597 0.012263 -0.059331 0.019222 0.047465 -0.011093 -0.039283 -0.015657 -159.60556 -73.638985 174.4617 17.052719 -49.964558 14.729549 34.057716 0.309858 -0.127023 1.01393 2.604349 19.415115 17.601778 -26.356882 52.462559 -19.445293 -14.380386 29.411764 0.004144 -8.761474 0.008966 15.907919 -18.231783 6.641862 -0.60567 -1.794008 -3.894677 -4.807353 -11.054111 -2.941742 -0.013725 -20.977169 0.008241 -5.033394 -25.04368 -4.029672 0.000404 0.019298 -0.003069 -10.620088 -5.696446 -3.573454 10.548959 -17.925106 -3.110111 -0.01158 -13.829533 0.006024 -0.520937 -31.215424 -4.027464 -12.334247 -60.884922 8.871878 -13.968529 -7.157431 -2.884009 13.758556 -8.400689 -3.217988 0.320313 -34.257034 0.795963 -0.970817 -17.750286 2.618799 -0.002846 0.008554 0.012169 -17.332308 -20.114643 -4.205576 21.735697 -1.62471 3.860548 -0.008596 -6.341891 0.003074 -1.699998 -22.630297 -6.190536 0.001234 0.00941 -0.002028 29.692352 -63.578556 166.391571 29.638186 -47.293427 8.705643 32.196041 -0.256777 -0.087173 -4.353483 1.733483 -0.193275 22.161129 -20.405304 49.989017 -16.658194 -16.746613 28.485956 -0.000512 -12.680412 0.004065 16.720823 -18.295719 2.629324 -0.10405 -1.510925 -4.291223 -5.031908 -5.596411 -2.939586 0.004981 -10.997101 0.005785 -6.091145 -15.854394 -3.830424 0.001061 0.005995 -0.007108 -10.276548 -5.670671 -4.353403 11.022102 -11.287983 -2.363018 -1.379983 -14.219031 -6.317275 -0.634979 -26.906378 -3.80621 -4.541439 -50.176823 -3.36488 -13.693747 -7.348101 -3.728383 18.111155 -14.028173 -3.214965 0.010801 -18.75304 -0.000372 -0.435098 -8.424492 2.567731 0.005625 -0.0 0.003654 -15.903845 -20.062813 -5.494179 30.409359 -7.194914 1.747732 -0.004148 -8.150886 0.001717 -1.872654 -22.845638 -6.158072 0.015566 -0.000344 0.004568 175.066452 2.954503 -31.499088 14.1619 0.036129 -0.153071 -82.138313 -18.189396 -7.358746 -5.018451 1.713467 2.172969 -0.994958 -0.001228 -0.000506 -11.693565 -13.905904 -24.9967 20.876299 0.114144 -0.304182 -77.776672 -17.260925 -3.509298 -5.730607 0.441889 1.647767 -0.99738 0.000232 0.001802 
0.0 0.0 0.0 0.0 -0.0 0.0 8.426499 99.476898 -9.833702 93.63266 -0.258033 41.018604 -2.66489 -4.685075 -0.501164 -11.173673 -1.663452 -2.008836 19.940737 -2.104895 -5.066434 15.459784 6.892546 2.695147 -2.645838 -0.833967 -6.604853 -33.749126 0.113767 -9.80601 0.000234 -0.001184 -0.006557 0.033107 -0.009493 0.023729 -0.012194 0.025129 0.051219 0.012897 -0.041564 0.000752 -158.725021 -73.856773 173.439941 16.553051 -49.957752 14.567935 34.563583 0.270042 -0.134773 1.416025 2.702624 19.32066 17.630901 -26.320953 52.402802 -19.476053 -14.382771 29.401114 -0.002616 -8.77087 0.003136 15.848023 -18.193537 6.59407 -0.61314 -1.799173 -3.891128 -4.794529 -11.046682 -2.932388 0.011283 -20.995993 -0.009229 -5.008276 -25.058702 -4.020421 -0.001865 0.009876 -0.001698 -10.638091 -5.692599 -3.557645 10.588387 -17.936102 -3.120881 0.00664 -13.827155 0.000214 -0.477398 -31.222963 -4.032017 -12.092417 -60.650768 8.81389 -13.977716 -7.149716 -2.872623 13.763102 -8.405825 -3.222296 0.360444 -34.22142 0.769315 -0.96405 -17.754093 2.633034 -0.000481 0.003921 -0.005632 -17.336868 -20.100571 -4.208039 21.745377 -1.651502 3.859761 0.001309 -6.335818 0.003583 -1.672305 -22.581917 -6.199597 -0.00231 0.009722 0.00869 30.238115 -63.999817 166.172867 29.333429 -47.824547 8.772414 30.982172 -0.295664 -0.00783 -4.758735 1.98972 -0.192511 22.173639 -20.40946 49.99194 -16.718637 -16.753031 28.521406 -0.007538 -12.691635 -0.004851 16.721365 -18.270142 2.610735 -0.095407 -1.500463 -4.28029 -5.045879 -5.628849 -2.942127 0.004714 -11.027776 0.006814 -6.106415 -15.913279 -3.887412 -0.002382 0.002179 0.015255 -10.275572 -5.673804 -4.341922 11.029138 -11.305926 -2.368824 -1.383298 -14.230059 -6.328935 -0.632958 -26.906652 -3.816162 -4.489047 -49.99004 -3.373383 -13.700902 -7.358776 -3.71837 18.141766 -14.061455 -3.25427 -0.011278 -18.799284 0.001707 -0.44517 -8.478403 2.560167 0.005485 0.008526 0.003323 -15.924781 -20.11277 -5.467672 30.429108 -7.194344 1.727141 0.004915 -8.183386 -0.0044 -1.873859 -22.890121 -6.157998 0.007192 -0.009754 0.006543 175.250244 3.307074 -32.641418 14.785933 0.03843 -0.188848 -82.339813 -19.981501 -7.902837 -4.964147 1.719809 2.178657 -0.994814 0.001033 0.000571 -11.241529 -15.309648 -26.979446 23.26293 0.141219 -0.366148 -78.143501 -20.125128 -2.954534 -5.847524 0.505954 1.63993 -0.999457 -0.00769 -0.000672 
0.0 0.0 0.0 0.0 -0.0 0.0 8.310414 99.325958 -10.048638 93.698166 0.413281 37.61935 -2.911534 -4.780547 -0.417402 -11.221347 -1.695121 -1.98278 20.017035 -2.293318 -5.002789 15.24592 6.417147 2.703421 -2.660195 -0.76177 -6.231103 -33.81662 0.308923 -9.510226 -0.000598 0.001317 -3.8e-05 0.029741 -0.007621 0.042008 0.016203 0.026273 0.07197 0.024423 -0.041445 0.042719 -158.146988 -73.476982 172.892609 16.031708 -49.810764 14.581978 34.843266 0.259376 -0.125953 1.766304 2.652435 19.196955 17.633549 -26.338646 52.493633 -19.442198 -14.376589 29.416252 -0.000589 -8.768658 -0.00785 15.85096 -18.203459 6.570893 -0.605948 -1.796226 -3.882458 -4.800077 -11.028175 -2.947154 0.000442 -20.937141 -0.003823 -5.012238 -24.991814 -4.031417 0.006247 -0.008016 -0.000204 -10.624938 -5.682677 -3.561372 10.563508 -17.89926 -3.108688 -0.001944 -13.802227 0.00248 -0.501598 -31.129814 -4.006913 -11.930014 -60.294006 8.664948 -13.963901 -7.138974 -2.876523 13.747866 -8.393474 -3.213441 0.351956 -34.170349 0.772316 -0.963981 -17.726719 2.631046 -0.004153 0.00077 0.001045 -17.337255 -20.070885 -4.203111 21.740307 -1.63988 3.868249 0.004062 -6.329281 -0.004437 -1.692537 -22.566206 -6.189846 9.6e-05 -0.010942 0.000688 30.28912 -64.005257 166.218063 28.889053 -48.193039 8.833364 29.872435 -0.311548 0.060677 -5.023983 2.139985 -0.309534 22.193775 -20.370625 49.932049 -16.67668 -16.747053 28.447721 0.004013 -12.694024 -0.002916 16.706308 -18.250111 2.569124 -0.109247 -1.515835 -4.282321 -5.042484 -5.615177 -2.939493 -0.005333 -11.021446 0.008975 -6.116332 -15.899134 -3.846221 -0.002759 -0.004515 0.000433 -10.286527 -5.685148 -4.336764 11.015882 -11.291554 -2.368404 -1.405204 -14.235397 -6.302433 -0.658922 -26.914032 -3.80605 -4.392954 -49.830856 -3.552019 -13.722315 -7.374343 -3.70912 18.128555 -14.023088 -3.237869 -0.022109 -18.799274 0.002048 -0.43793 -8.439203 2.544878 0.000379 0.00403 0.001387 -15.947503 -20.107817 -5.450584 30.422813 -7.153759 1.737026 0.009094 -8.178656 -0.003426 -1.89354 -22.868137 -6.174117 -0.006758 0.000123 -0.004402 175.460449 3.483689 -33.750626 15.311802 0.055112 -0.250082 -82.440971 -21.681007 -8.547918 -4.899966 1.726938 2.181731 -0.997583 -0.000556 0.000267 -10.722863 -16.239803 -28.390739 24.737106 0.152808 -0.400317 -77.857727 -22.005325 -2.87253 -6.008952 0.568184 1.630411 -0.998711 0.002432 -0.006725 
0.0 0.0 0.0 0.0 -0.0 0.0 8.097217 99.219116 -10.369967 93.709724 0.901105 34.398506 -3.171775 -4.746176 -0.327028 -11.28882 -1.703208 -1.955158 20.095198 -2.453014 -4.931182 14.943011 6.044408 2.663855 -2.659912 -0.720072 -5.820497 -33.837036 0.542165 -9.208673 -0.000156 0.001205 0.003752 0.030229 -0.005183 0.069582 0.041931 0.020244 0.083746 0.057392 -0.036586 0.056495 -157.751846 -73.041039 172.514038 15.716378 -49.594353 14.643316 34.895012 0.235308 -0.118041 2.109777 2.572659 18.936975 17.631826 -26.315172 52.434002 -19.445847 -14.409879 29.431046 0.001897 -8.778853 0.005215 15.859204 -18.260767 6.578395 -0.604891 -1.793383 -3.888623 -4.810658 -11.031173 -2.934611 -0.010161 -20.938368 -0.000832 -5.03089 -24.975847 -4.034479 0.001576 -0.010901 -0.004283 -10.633459 -5.687112 -3.570122 10.561928 -17.891884 -3.116687 -0.002159 -13.799852 0.009033 -0.521357 -31.08983 -4.031728 -11.637943 -60.168709 8.41756 -13.982486 -7.149226 -2.892205 13.76494 -8.391319 -3.204993 0.327439 -34.185913 0.787714 -0.967559 -17.71821 2.627831 -0.001222 -0.006465 -0.006472 -17.347174 -20.08765 -4.211176 21.755421 -1.62972 3.869188 -0.011753 -6.331737 -0.000114 -1.707076 -22.581139 -6.184943 -0.002833 1e-06 0.001511 30.104691 -63.977207 166.426865 28.469006 -48.515495 9.197887 28.691732 -0.39882 0.042003 -5.250637 2.056693 -0.239531 22.143433 -20.339926 49.920895 -16.684147 -16.731056 28.450809 -0.000371 -12.676358 0.016288 16.651285 -18.1493 2.49077 -0.105444 -1.51044 -4.284503 -5.032738 -5.607281 -2.962928 -0.007216 -11.020549 0.009086 -6.099768 -15.891256 -3.834046 0.001595 -0.00022 0.009522 -10.270891 -5.671836 -4.340461 11.005584 -11.293075 -2.391839 -1.389768 -14.223864 -6.316408 -0.642618 -26.873014 -3.822217 -4.298963 -49.679947 -3.598595 -13.682 -7.359383 -3.716112 18.100414 -14.046399 -3.267809 0.008054 -18.807024 -0.007542 -0.433457 -8.451508 2.560759 0.007522 -0.006167 -0.010244 -15.905443 -20.094646 -5.475904 30.378571 -7.172867 1.719147 0.005189 -8.16602 -0.006527 -1.871581 -22.869949 -6.172186 0.008329 -0.000423 -0.004867 175.579056 3.404982 -34.778023 15.842443 0.075426 -0.304967 -82.647156 -23.234367 -9.161583 -4.809863 1.725379 2.182392 -0.998484 -0.000493 0.000107 -10.327739 -16.624163 -29.270756 25.270536 0.154009 -0.376942 -77.235107 -22.535229 -3.459871 -6.163524 0.612896 1.630803 -0.998041 0.001415 0.004641 
0.0 0.0 0.0 0.0 -0.0 0.0 7.770072 99.183426 -10.77564 93.614227 1.171862 31.340023 -3.432354 -4.558418 -0.238368 -11.344354 -1.707282 -1.945612 20.156015 -2.568669 -4.801594 14.642923 5.781849 2.597361 -2.647283 -0.776093 -5.370906 -33.83786 0.808958 -8.911546 0.0 -0.000851 -0.004047 0.033334 -0.006218 0.059286 0.072901 0.015976 0.07695 0.075773 -0.022831 0.057729 -157.778198 -72.584 172.423523 15.408726 -49.488037 14.655057 34.746372 0.23141 -0.093217 2.360352 2.480884 18.811558 17.618851 -26.318359 52.434242 -19.469368 -14.399739 29.447855 -0.002946 -8.768314 -0.00255 15.876202 -18.207607 6.568542 -0.598567 -1.79559 -3.898224 -4.812552 -11.04537 -2.935257 -0.001152 -20.983229 0.003209 -5.008904 -25.047476 -4.027069 -0.004999 0.019494 0.000961 -10.620145 -5.684906 -3.55953 10.570466 -17.90904 -3.111276 -0.003979 -13.802079 -0.000547 -0.492372 -31.163378 -4.019749 -11.437804 -60.099014 8.291753 -13.969582 -7.138484 -2.875702 13.769751 -8.399736 -3.229311 0.338003 -34.218521 0.776843 -0.970851 -17.746893 2.612942 0.002083 -0.009019 0.0025 -17.321579 -20.089165 -4.203815 21.751692 -1.639843 3.864131 0.002911 -6.336146 -0.004223 -1.70033 -22.564133 -6.183127 0.004281 -0.010921 -0.001662 29.522606 -63.823277 167.064926 28.178152 -48.621109 9.981012 27.350029 -0.491621 0.027518 -5.65931 1.656434 0.296377 22.163984 -20.39427 49.994228 -16.706305 -16.744722 28.475374 -0.010283 -12.68633 0.024386 16.524426 -18.163034 2.547326 -0.103944 -1.514846 -4.261278 -5.032742 -5.607319 -2.960742 0.009786 -11.020731 -0.005845 -6.094431 -15.885724 -3.841028 0.000169 -0.001873 -0.000319 -10.278838 -5.671323 -4.315138 11.038069 -11.299604 -2.402339 -1.371805 -14.239602 -6.32538 -0.611607 -26.907284 -3.831603 -4.308598 -49.756054 -3.499799 -13.693639 -7.34973 -3.710618 18.128334 -14.044686 -3.250382 0.013451 -18.772701 0.008461 -0.420771 -8.461753 2.535323 -0.006806 0.006074 0.009926 -15.902803 -20.076977 -5.485228 30.40933 -7.20533 1.732782 0.002628 -8.161642 0.005517 -1.85316 -22.825417 -6.158068 -0.007756 0.00529 0.001489 175.786942 3.070763 -35.828312 16.115698 0.076471 -0.315537 -82.393608 -24.69323 -9.948971 -4.691912 1.688806 2.1785 -0.997879 -0.001367 -4.3e-05 -10.039051 -16.405151 -29.869852 24.893194 0.122783 -0.293263 -76.142685 -21.179937 -5.225932 -6.14616 0.635728 1.661686 -1.005572 0.001086 -0.002141 
0.0 0.0 0.0 0.0 -0.0 0.0 7.314024 99.211594 -11.269159 93.449097 1.179217 28.352478 -3.724703 -4.162129 -0.094416 -11.473832 -1.729726 -1.971511 20.315718 -2.641026 -4.700571 14.406273 5.61192 2.648557 -2.607683 -0.899765 -5.145121 -33.751457 1.246037 -8.438088 0.007216 -0.00028 -0.002285 0.047391 -0.032218 -0.004334 0.108287 -0.022616 0.009045 0.095256 -0.039072 -0.009812 -157.457306 -72.095108 171.826935 15.129478 -49.268551 14.557092 34.345745 0.156391 -0.124448 2.610338 2.467953 18.424381 17.654919 -26.262024 52.343559 -19.486713 -14.391002 29.39208 0.004153 -8.781278 0.004066 15.903147 -18.238594 6.518345 -0.592665 -1.796809 -3.880877 -4.814516 -11.068094 -2.938802 -0.001393 -21.021173 -0.000831 -5.015164 -25.069035 -4.045146 0.001898 -0.00705 0.004632 -10.635808 -5.692032 -3.538775 10.582071 -17.946774 -3.133567 -0.012088 -13.832311 -0.008052 -0.506306 -31.217701 -4.058792 -11.548878 -60.257561 8.370098 -13.984056 -7.15738 -2.851784 13.769635 -8.401927 -3.220404 0.344178 -34.221378 0.742972 -0.963893 -17.740265 2.601241 -0.002109 -0.000963 0.006926 -17.364046 -20.123299 -4.176554 21.762356 -1.6362 3.858767 -0.003916 -6.353328 0.002195 -1.688451 -22.623226 -6.208374 -0.000597 0.010827 -0.002983 28.391476 -63.546829 168.350327 28.055279 -48.463566 10.950922 25.870646 -0.603053 -0.05636 -6.069352 0.814097 1.277398 22.206909 -20.327154 49.845963 -16.716942 -16.749363 28.426838 -0.003728 -12.694456 0.003135 16.512571 -18.047716 2.525486 -0.104129 -1.515253 -4.270285 -5.039708 -5.606696 -2.937074 0.007278 -11.012596 -0.010104 -6.108915 -15.883145 -3.854601 6.5e-05 0.001122 -0.0115 -10.28876 -5.676397 -4.340976 11.039776 -11.307614 -2.363166 -1.375527 -14.233971 -6.308279 -0.607064 -26.939281 -3.818017 -4.154613 -49.638813 -3.574599 -13.718059 -7.35733 -3.698078 18.171257 -14.049618 -3.253309 0.01855 -18.779531 -0.02082 -0.426797 -8.443325 2.562643 -0.009229 6e-05 0.003386 -15.936954 -20.088005 -5.453543 30.453129 -7.20195 1.73584 -0.002224 -8.163594 -0.015756 -1.84866 -22.854198 -6.171287 -0.016027 0.015195 0.011713 176.044891 2.382911 -36.873386 16.284161 0.107535 -0.272545 -82.044456 -25.895895 -10.756432 -4.609359 1.610676 2.178297 -0.998815 0.000401 0.000235 -9.882446 -15.381917 -29.86034 23.587805 0.102398 -0.196257 -75.562721 -18.391422 -7.644874 -6.052858 0.568813 1.670506 -1.003368 -0.012239 -0.005015 
0.0 0.0 0.0 0.0 -0.0 0.0 6.695608 99.374435 -11.87664 93.097603 0.848658 25.55077 -4.047843 -3.59898 -0.043416 -11.499544 -1.68556 -1.980266 20.445723 -2.599031 -4.622087 14.246715 5.633214 2.76025 -2.573435 -1.052869 -4.805145 -33.298496 1.525443 -8.028603 0.003112 0.001289 0.001585 0.021856 -0.029984 -0.012215 0.117881 -0.037144 -0.002291 0.093311 -0.027017 -0.013905 -157.603333 -71.691391 171.799911 15.166837 -49.037636 13.936374 33.789944 0.047559 -0.118224 2.447049 2.39209 18.378113 17.654181 -26.318413 52.437428 -19.471834 -14.397384 29.449337 0.001517 -8.783892 -0.011006 15.844591 -18.274881 6.537441 -0.604897 -1.789584 -3.88696 -4.818343 -11.061586 -2.942843 0.002142 -20.997789 0.001059 -5.013947 -25.036047 -4.034338 0.004249 -0.010061 -0.004295 -10.643624 -5.693415 -3.559339 10.579646 -17.947138 -3.121071 0.003386 -13.845782 -0.008014 -0.518129 -31.220371 -4.026152 -11.462077 -60.064171 8.20295 -13.991057 -7.150965 -2.878654 13.774153 -8.406703 -3.208225 0.337833 -34.22963 0.760541 -0.962085 -17.755659 2.597186 -0.003429 0.007961 -0.0 -17.362839 -20.115379 -4.207925 21.773808 -1.64238 3.880825 -0.00171 -6.342354 -4.5e-05 -1.69014 -22.637125 -6.194711 0.006689 0.001777 -0.002742 27.049864 -63.054962 169.713226 27.851725 -48.07769 12.197955 24.726894 -0.710728 -0.024904 -6.434181 -0.212319 2.04155 22.237244 -20.333696 49.892189 -16.712688 -16.788601 28.487244 0.00374 -12.713383 -0.012767 16.329666 -17.956741 2.508739 -0.104752 -1.51324 -4.2724 -5.049953 -5.618975 -2.972727 -0.005486 -11.032274 0.006793 -6.133497 -15.910195 -3.843151 -0.001729 0.002654 0.011149 -10.30639 -5.685217 -4.339296 11.057443 -11.309954 -2.366083 -1.383773 -14.249684 -6.338702 -0.646032 -26.926508 -3.797804 -4.094252 -49.536171 -3.794957 -13.742709 -7.367814 -3.709212 18.194878 -14.05802 -3.244925 0.021269 -18.791782 -0.011403 -0.419501 -8.458441 2.563388 -0.003835 -0.00526 -0.012144 -15.969447 -20.107084 -5.456677 30.497345 -7.197937 1.744381 0.00401 -8.166513 -0.023449 -1.877614 -22.873922 -6.15883 0.001081 0.001397 -0.001651 176.701401 1.423917 -37.874062 15.781175 0.069228 -0.270063 -81.281113 -27.045717 -11.828687 -4.468368 1.562988 2.180431 -0.997909 -0.000439 6.4e-05 -9.675401 -13.648305 -28.98982 22.058582 0.097794 -0.214529 -76.048416 -16.340942 -8.913573 -5.585206 0.516119 1.692796 -0.996071 -0.000379 0.000847 
0.0 0.0 0.0 0.0 -0.0 0.0 6.025255 99.625092 -12.591359 92.605736 0.072261 23.205906 -4.333128 -2.763294 -0.036258 -11.637624 -1.661015 -2.061498 20.587473 -2.33504 -4.6087 14.398771 5.642239 2.774141 -2.629348 -1.113404 -4.325021 -32.532982 1.681398 -7.599738 -9.8e-05 -0.000423 -0.001629 0.01478 -0.02842 -0.007179 0.159203 -0.045337 0.013963 0.12572 -0.011137 -0.022894 -157.054688 -71.448845 171.174438 15.529243 -49.104588 13.239932 33.278473 -0.025986 -0.13924 2.026291 2.389824 18.48085 17.666641 -26.332958 52.424046 -19.446495 -14.389534 29.382484 0.00372 -8.771464 0.013959 15.760328 -18.140362 6.44264 -0.605421 -1.799415 -3.890816 -4.826107 -11.056871 -2.942963 0.000157 -21.002783 0.007818 -5.032187 -25.068687 -4.032715 -0.00257 0.010286 0.001008 -10.636571 -5.696907 -3.574255 10.561091 -17.921497 -3.100177 -0.00464 -13.81189 -0.007479 -0.537313 -31.178261 -4.012995 -11.530197 -59.749805 8.304274 -13.997985 -7.16338 -2.877127 13.780469 -8.395841 -3.215045 0.332041 -34.219582 0.761995 -0.968834 -17.738234 2.625868 -0.009156 0.015767 -0.000314 -17.363583 -20.115551 -4.199539 21.759932 -1.629616 3.871115 0.002782 -6.341405 -0.000354 -1.710903 -22.598734 -6.176189 0.002637 -0.000394 0.001376 26.009794 -62.418537 170.716721 27.691965 -47.712231 13.347399 24.198317 -0.612719 0.007282 -6.426576 -1.074824 1.94464 22.202517 -20.397985 49.955139 -16.71217 -16.751429 28.473795 -0.001532 -12.699917 0.002232 16.090965 -17.767437 2.618322 -0.108481 -1.5167 -4.291919 -5.038494 -5.614147 -2.956229 -0.005265 -11.023685 0.014644 -6.125287 -15.902542 -3.827789 0.001797 0.006596 -0.010997 -10.286682 -5.683008 -4.341235 11.029263 -11.306428 -2.378474 -1.388105 -14.251278 -6.312569 -0.62176 -26.960398 -3.830795 -3.974299 -49.500221 -3.926411 -13.714808 -7.366076 -3.729319 18.151848 -14.06654 -3.25004 -0.002467 -18.794058 -0.001225 -0.431959 -8.493756 2.553176 -0.004458 0.014255 0.007028 -15.917519 -20.100395 -5.475326 30.428545 -7.209428 1.733091 0.014811 -8.169432 -0.012209 -1.848377 -22.874567 -6.168494 0.002305 -0.005713 -0.004429 177.429764 -0.06228 -39.168297 15.127498 -0.015946 -0.14978 -80.209648 -27.375484 -13.021773 -4.543916 1.518358 2.193667 -0.999148 0.000392 -0.000635 -9.053324 -11.09091 -27.554182 19.822212 0.0454 -0.226715 -75.643738 -15.457618 -9.756886 -5.351092 0.473549 1.669978 -0.997245 0.002187 0.000833 
0.0 0.0 0.0 0.0 -0.0 0.0 5.402645 99.904839 -13.358511 92.046646 -0.957184 21.338558 -4.484649 -1.896082 -0.063624 -11.687427 -1.581911 -2.220657 20.541838 -1.818377 -4.709451 14.702233 5.636042 2.859634 -2.63532 -1.009947 -3.993628 -31.865572 1.746566 -7.015859 -0.00015 0.000357 0.000128 0.00107 -0.018614 0.018301 0.162477 -0.029542 0.046968 0.136234 -0.006905 -0.005877 -156.515091 -71.289955 170.544525 15.655494 -49.424908 12.764092 33.263756 -0.112075 -0.173259 1.348957 2.060495 18.678089 17.628841 -26.334599 52.42345 -19.438824 -14.370357 29.394447 0.001566 -8.760019 -0.002577 15.813678 -18.143169 6.388479 -0.613741 -1.793848 -3.889837 -4.799549 -11.040792 -2.922546 -0.008305 -20.963634 0.012199 -4.996014 -25.015034 -4.036223 -0.009502 0.029131 0.003719 -10.628176 -5.680035 -3.555455 10.556138 -17.908482 -3.109531 -0.004353 -13.812799 0.006763 -0.518802 -31.143999 -4.023402 -11.579983 -59.506966 8.311748 -13.977022 -7.148308 -2.88141 13.755062 -8.396708 -3.206718 0.343208 -34.208672 0.773698 -0.975125 -17.71364 2.609063 -0.007076 0.000666 0.003538 -17.337238 -20.088745 -4.199886 21.726753 -1.635587 3.866142 0.003971 -6.335085 0.002232 -1.708306 -22.569517 -6.187265 0.000524 0.000309 0.000379 25.454187 -61.953075 171.231918 27.480377 -47.452576 13.700609 24.651619 -0.522269 0.082417 -5.956767 -1.316379 0.839359 22.197271 -20.410168 50.042492 -16.683443 -16.762135 28.518112 0.00323 -12.697796 -0.001047 16.018867 -17.712818 2.715021 -0.108856 -1.510536 -4.281498 -5.042609 -5.610975 -2.952322 0.001051 -11.01545 -0.001891 -6.117966 -15.889597 -3.832712 0.008286 0.00388 -0.010095 -10.291663 -5.685771 -4.358689 11.024343 -11.298535 -2.341975 -1.384955 -14.23573 -6.316157 -0.603718 -26.9223 -3.85025 -4.040558 -49.458954 -3.83058 -13.721519 -7.373883 -3.733232 18.151234 -14.036744 -3.215001 0.002681 -18.788103 -0.006058 -0.423249 -8.445774 2.588868 -0.002685 0.007315 -0.01211 -15.939162 -20.103411 -5.486622 30.423086 -7.187898 1.755683 -0.008541 -8.17082 -0.01018 -1.868731 -22.876854 -6.155902 -0.003247 0.011516 0.003743 178.188187 -1.823732 -40.069302 14.459081 0.006691 -0.156929 -79.034576 -27.401239 -14.112908 -4.634276 1.539542 2.211624 -0.997149 -0.000231 0.000671 -7.765974 -8.008555 -25.80859 16.496527 -0.024706 -0.279291 -74.73465 -15.26262 -9.837399 -5.334096 0.519772 1.667407 -0.994219 -0.004138 -0.001514 
0.0 0.0 0.0 0.0 -0.0 0.0 4.75222 99.997154 -14.159003 91.575073 -1.818857 19.745115 -4.556366 -1.159694 -0.105585 -11.750893 -1.525021 -2.385015 20.498833 -1.39505 -4.816273 15.205838 5.787071 2.907924 -2.649953 -0.805461 -3.595927 -31.515881 1.724406 -6.41745 3e-06 0.000479 -0.000827 0.001215 -0.017807 0.023275 0.165966 -0.02932 0.058419 0.12926 -0.00537 -0.007854 -155.398773 -71.765289 169.45694 15.768357 -50.053669 12.55342 34.050587 -0.132557 -0.175399 0.863323 1.579274 18.135626 17.614719 -26.249798 52.321613 -19.451448 -14.385143 29.33997 -0.003654 -8.760991 -0.007252 15.829824 -18.154659 6.352658 -0.60147 -1.783338 -3.872686 -4.794944 -11.023396 -2.939594 0.008971 -20.923111 0.009271 -4.984627 -24.992718 -4.032182 -0.005613 0.0 0.003863 -10.619289 -5.668342 -3.547987 10.566471 -17.8967 -3.119814 0.002266 -13.797436 0.009351 -0.50253 -31.081436 -4.03358 -11.613136 -59.33688 8.343806 -13.953051 -7.120331 -2.849049 13.745806 -8.388409 -3.232914 0.370674 -34.133541 0.759406 -0.95041 -17.704739 2.629772 -0.011198 -0.002728 0.003391 -17.315941 -20.048952 -4.203179 21.7295 -1.654422 3.861106 -0.005361 -6.328964 0.004059 -1.679087 -22.554258 -6.172236 0.004304 -0.000849 0.004006 25.527735 -61.884323 171.141266 27.393616 -47.466888 13.857121 25.838833 -0.448549 0.057229 -5.073843 -1.135791 -0.187319 22.155828 -20.353786 49.845367 -16.691978 -16.718319 28.433924 0.001099 -12.678848 0.012085 16.019045 -17.671978 2.734773 -0.104102 -1.516415 -4.284168 -5.034306 -5.62154 -2.931195 -0.000393 -11.035755 0.004223 -6.11739 -15.926007 -3.846589 0.000559 -0.004074 0.011524 -10.269056 -5.686461 -4.331047 11.009284 -11.308113 -2.390262 -1.387084 -14.262317 -6.312522 -0.648575 -26.949053 -3.816517 -4.09518 -49.572384 -3.885704 -13.69415 -7.369338 -3.719397 18.114885 -14.057056 -3.233489 0.006326 -18.768064 -0.012719 -0.439104 -8.452983 2.55337 -0.001072 0.011044 0.003313 -15.909083 -20.116886 -5.463712 30.387638 -7.193446 1.726764 -0.008314 -8.175165 -0.005404 -1.842544 -22.917973 -6.178825 0.006249 -0.005656 0.003934 178.501907 -3.811383 -40.740974 15.21343 0.034543 -0.148471 -79.153114 -27.10964 -14.961666 -4.801966 1.574123 2.222466 -0.994966 0.00022 0.000126 -6.849241 -5.601841 -24.421852 14.517359 -0.022294 -0.26199 -74.299789 -15.107006 -9.542892 -5.334618 0.584574 1.689031 -1.002901 0.0128 -3.6e-05 
0.0 0.0 0.0 0.0 -0.0 0.0 4.170038 99.8713 -15.048103 91.161629 -2.640805 18.164301 -4.585904 -0.335858 -0.144822 -11.813225 -1.438719 -2.441173 20.459606 -1.112247 -4.920319 15.738094 5.973232 2.960737 -2.690518 -0.681085 -3.121112 -31.570843 1.705477 -6.027011 0.003132 -0.00097 -0.000852 0.008225 -0.015417 0.042405 0.156288 -0.034356 0.086058 0.13942 -0.003501 0.00704 -154.356461 -71.923859 168.597092 15.862183 -50.429756 12.609632 35.228344 -0.027552 -0.108099 0.806796 1.408675 17.057217 17.641211 -26.331957 52.470623 -19.45068 -14.40064 29.403996 -0.001207 -8.768217 -0.008201 15.850819 -18.237423 6.421755 -0.604154 -1.791673 -3.893397 -4.801368 -11.042124 -2.919692 -0.000683 -20.9683 -0.005286 -5.017561 -25.006092 -4.03479 0.004989 -0.018551 -0.002571 -10.624053 -5.686946 -3.568655 10.572893 -17.906168 -3.108058 -0.006436 -13.819295 0.001048 -0.51369 -31.1756 -4.040755 -11.711275 -59.557617 8.402343 -13.967451 -7.139585 -2.87435 13.77192 -8.393994 -3.210428 0.365194 -34.185024 0.745929 -0.963593 -17.724564 2.61932 0.004829 -0.004959 -0.002394 -17.332441 -20.09086 -4.201226 21.746895 -1.630929 3.873014 -0.005396 -6.332069 -0.007483 -1.6905 -22.563742 -6.187367 -0.00266 0.001591 -0.0 25.49865 -61.694149 171.218201 27.646404 -47.265743 14.096291 27.205595 -0.39582 0.031417 -4.103357 -1.060563 -0.609572 22.152452 -20.34181 49.900043 -16.685465 -16.727409 28.450575 -0.002558 -12.670388 0.011208 15.975876 -17.659954 2.696763 -0.103089 -1.512076 -4.280845 -5.03125 -5.602956 -2.94615 -0.000556 -10.995523 0.000331 -6.109068 -15.875945 -3.850327 0.001573 -0.0 0.000754 -10.268025 -5.677098 -4.341297 11.017515 -11.285354 -2.375177 -1.385532 -14.208304 -6.306461 -0.616778 -26.854111 -3.828697 -4.028698 -49.351456 -3.882558 -13.686603 -7.355917 -3.71593 18.115046 -14.028066 -3.251841 0.004962 -18.759855 0.001185 -0.430847 -8.436156 2.560221 -0.010865 0.006591 -7.7e-05 -15.896603 -20.074327 -5.482113 30.375433 -7.189302 1.733935 -0.011581 -8.131388 -0.010297 -1.852665 -22.828588 -6.149967 0.003641 -0.014801 -0.000188 178.171066 -6.357059 -41.550983 17.677328 0.055769 -0.231232 -79.701637 -26.229912 -15.536029 -4.823592 1.598225 2.228016 -0.997689 0.000563 0.000976 -6.919239 -3.717892 -23.094185 14.704786 -0.021555 -0.24854 -75.059486 -14.887704 -9.181716 -5.26701 0.658386 1.692673 -0.995608 -0.007862 -0.002769 
0.0 0.0 0.0 0.0 -0.0 0.0 3.58869 99.633598 -16.054886 90.684494 -3.702949 16.535437 -4.540543 0.730939 -0.219171 -11.852794 -1.315751 -2.405443 20.458286 -0.82111 -4.95098 16.18074 5.942687 2.989172 -2.717483 -0.614935 -2.649159 -31.943354 1.708848 -5.775296 -0.003404 0.000774 0.000392 0.012946 -0.004475 0.076472 0.144357 -0.023929 0.127572 0.133905 0.005032 0.032137 -153.137573 -72.020462 167.613266 16.11006 -50.711269 12.405621 36.219624 0.081081 -0.087835 1.03244 1.618594 16.233942 17.612339 -26.274817 52.388485 -19.414375 -14.380948 29.383064 0.003195 -8.764343 0.013184 15.802326 -18.263187 6.446166 -0.617906 -1.792946 -3.889791 -4.788458 -11.017219 -2.930625 0.011555 -20.915756 -0.010108 -4.986465 -24.950859 -4.023434 0.004518 -0.008394 -0.002398 -10.636472 -5.676464 -3.562281 10.57696 -17.874142 -3.113606 0.000492 -13.789645 0.010453 -0.502657 -31.073938 -4.028582 -11.680553 -59.311131 8.355376 -13.967852 -7.130564 -2.870231 13.757626 -8.381316 -3.215863 0.366296 -34.135143 0.746394 -0.97249 -17.656166 2.635884 0.006731 0.005294 -0.013196 -17.334311 -20.06472 -4.209845 21.736494 -1.634231 3.880523 -0.002196 -6.330877 0.005323 -1.683883 -22.538422 -6.184989 -0.000923 -0.007551 0.008999 25.477493 -61.843681 171.419357 28.575596 -47.097076 13.923722 28.278917 -0.450827 0.018704 -3.309576 -1.118487 -0.385592 22.1742 -20.403082 50.015808 -16.686563 -16.731129 28.473604 0.005354 -12.684174 0.013919 16.102982 -17.734621 2.635178 -0.106654 -1.514768 -4.280357 -5.049441 -5.619477 -2.953681 -0.009116 -11.02655 -0.007472 -6.140672 -15.909237 -3.843703 -0.00125 -0.00028 0.001105 -10.28431 -5.689778 -4.34019 11.023862 -11.295088 -2.383933 -1.3894 -14.260092 -6.33869 -0.631521 -26.957085 -3.847397 -4.069545 -49.603416 -3.912383 -13.704146 -7.370781 -3.727633 18.10965 -14.040273 -3.22284 0.007181 -18.785259 -0.012583 -0.454405 -8.448714 2.564093 -0.000321 -0.003774 -0.01018 -15.924248 -20.110655 -5.481968 30.406391 -7.178626 1.723856 -0.009015 -8.168928 0.012953 -1.854527 -22.874054 -6.179554 -0.006352 0.003187 0.018824 177.748993 -9.500724 -42.656044 20.812014 0.066708 -0.238223 -80.715202 -25.360796 -16.072618 -4.801042 1.614044 2.247249 -0.999056 -1.6e-05 -0.000412 -7.194105 -1.625922 -21.825974 15.459886 -0.017188 -0.237863 -76.052139 -14.728189 -8.541397 -5.179091 0.68295 1.690332 -0.992747 -0.004123 -0.001146 
0.0 0.0 0.0 0.0 -0.0 0.0 3.041947 99.357689 -17.146481 90.100601 -5.009151 14.929539 -4.37964 1.924916 -0.404594 -11.809512 -1.162431 -2.511208 20.506721 -0.414038 -4.706388 16.477621 5.732057 2.844373 -2.720658 -0.60775 -2.126513 -32.368301 1.739794 -5.512638 0.000184 0.000995 -1e-06 0.0209 0.013254 0.104509 0.155542 0.006603 0.163758 0.158425 0.017392 0.054774 -152.312119 -72.192268 166.916794 16.60918 -51.079224 11.964839 36.842274 0.059307 -0.081348 1.405747 2.076165 16.423624 17.655903 -26.408863 52.547863 -19.453718 -14.404497 29.430725 0.002815 -8.776889 0.008216 15.90679 -18.380722 6.497733 -0.608454 -1.797956 -3.884457 -4.817627 -11.059573 -2.942356 -0.009362 -20.982189 0.02154 -5.04169 -25.044968 -4.028281 0.012365 0.008096 -0.009426 -10.64598 -5.694545 -3.567527 10.574699 -17.934305 -3.102409 -0.001701 -13.839269 0.006327 -0.52222 -31.216434 -4.001262 -11.869414 -59.782188 8.378219 -14.000191 -7.156001 -2.862926 13.788946 -8.40505 -3.217131 0.330357 -34.231804 0.79961 -0.97438 -17.745808 2.666688 0.003651 -0.005129 -0.005034 -17.36121 -20.111376 -4.190752 21.767725 -1.634338 3.859528 -0.000918 -6.334901 0.001888 -1.727047 -22.578522 -6.17694 -0.007219 0.002186 0.00933 25.45961 -62.392883 171.732407 30.093065 -47.005653 13.047412 28.957462 -0.600854 0.003051 -2.817099 -1.288657 0.024067 22.188803 -20.434875 50.003742 -16.691252 -16.751448 28.495813 0.005528 -12.698688 -0.004743 16.132139 -17.78207 2.609929 -0.109007 -1.518325 -4.27556 -5.044111 -5.613058 -2.968481 -0.006543 -11.026918 0.016526 -6.114103 -15.911151 -3.853585 -0.014079 -0.001462 0.021321 -10.28631 -5.682602 -4.353283 11.02216 -11.294612 -2.367122 -1.395804 -14.229799 -6.313477 -0.628082 -26.880981 -3.818214 -3.910006 -49.565811 -4.012506 -13.716072 -7.37241 -3.734515 18.146067 -14.054811 -3.250508 -0.017437 -18.810793 0.03308 -0.451093 -8.462183 2.558104 -0.008247 -0.011426 -0.008298 -15.920367 -20.109707 -5.473179 30.404652 -7.182677 1.723148 -0.005577 -8.171623 0.018872 -1.872109 -22.885736 -6.143646 -0.000984 -0.0 -0.012984 177.465225 -12.967144 -43.282398 23.871597 0.132235 -0.241204 -81.495705 -24.790825 -16.001163 -5.007722 1.636549 2.281581 -0.999116 -0.000152 0.000354 -7.170919 0.899536 -20.577143 15.805172 -0.035492 -0.347757 -76.904007 -14.629472 -7.856096 -5.096652 0.697765 1.692937 -1.002022 0.002879 -0.000445 
0.0 0.0 0.0 0.0 -0.0 0.0 2.543673 99.080185 -18.116524 89.48098 -6.237504 13.374522 -4.117448 3.038908 -0.499485 -11.711415 -1.022141 -2.503183 20.539888 -0.011253 -4.621573 16.836739 5.578197 2.848922 -2.676711 -0.60683 -1.840069 -32.987934 1.780685 -5.051094 -0.003541 -0.000983 0.000354 0.016881 0.017152 0.093624 0.16866 0.001844 0.152542 0.175001 0.022404 0.04281 -151.33313 -72.539352 166.075562 17.475178 -51.577374 11.234484 36.819626 0.093447 -0.130938 1.771167 2.295896 16.967924 17.63695 -26.368694 52.499355 -19.475157 -14.380572 29.42968 -0.002563 -8.775949 -0.013665 15.821131 -18.306795 6.53128 -0.604073 -1.803544 -3.895138 -4.812881 -11.051533 -2.926887 0.003037 -20.980989 -0.021525 -5.03917 -25.053213 -4.017513 0.014125 0.001249 -0.017192 -10.636645 -5.699033 -3.561274 10.587619 -17.922571 -3.128695 0.000571 -13.82293 -0.009427 -0.494094 -31.198112 -4.014286 -11.776317 -59.830612 8.371486 -13.981251 -7.156538 -2.878586 13.765285 -8.402997 -3.204269 0.340982 -34.235661 0.769663 -0.972402 -17.740278 2.632764 0.005949 0.005082 -0.000553 -17.343464 -20.114532 -4.211933 21.761475 -1.650651 3.872326 0.000551 -6.336469 0.013451 -1.668891 -22.593113 -6.22139 0.004342 0.010282 0.014771 25.29002 -63.049156 172.049911 31.446426 -47.062878 12.54003 29.172165 -0.634197 0.055813 -2.613204 -1.308942 0.048954 22.181993 -20.424892 50.073883 -16.711405 -16.775621 28.518791 -0.005533 -12.709033 0.013469 16.211424 -17.741665 2.616765 -0.101909 -1.512782 -4.282838 -5.044059 -5.618586 -2.927138 -0.001926 -11.02161 -0.011297 -6.113934 -15.90496 -3.846679 0.001566 -0.0 0.000774 -10.298099 -5.682539 -4.321354 11.053248 -11.309677 -2.377362 -1.381423 -14.254254 -6.34183 -0.607345 -26.913294 -3.826468 -3.907745 -49.631443 -3.94551 -13.732649 -7.369039 -3.709555 18.177553 -14.057765 -3.232723 -0.003934 -18.795527 -0.021359 -0.42561 -8.467231 2.571869 0.006702 -0.001502 -0.017745 -15.943866 -20.117208 -5.477577 30.464649 -7.189967 1.739958 -0.002516 -8.166145 -0.001041 -1.886778 -22.8671 -6.163722 0.003958 -0.007103 -0.001974 176.381058 -16.94426 -42.708916 29.393423 0.192449 -0.216012 -81.601555 -23.605267 -16.311226 -5.896016 1.662364 2.266413 -0.988276 0.002524 0.001261 -6.861158 3.242556 -19.662874 15.956564 -0.0513 -0.379782 -77.566994 -14.438877 -7.03369 -4.975933 0.723935 1.71201 -0.996455 -0.002218 -0.000372 
0.0 0.0 0.0 0.0 -0.0 0.0 2.106602 98.896652 -18.98 88.888039 -6.909636 11.838468 -3.788213 3.760362 -0.425303 -11.676986 -0.917169 -2.395844 20.642771 0.200885 -4.572515 17.212372 5.447208 2.896698 -2.600189 -0.564619 -1.629086 -33.371593 1.8632 -4.464479 -0.000142 0.00102 -0.00032 0.023135 0.020279 0.073056 0.191248 -0.008523 0.121728 0.174781 0.034309 0.031825 -150.272583 -72.750259 165.245331 18.353273 -51.975487 10.488166 36.593704 0.097948 -0.197831 1.996429 2.519787 17.270832 17.640289 -26.246164 52.339336 -19.494184 -14.415771 29.387829 -0.003721 -8.781499 -0.000173 15.776591 -18.2904 6.58286 -0.616948 -1.791768 -3.900608 -4.804702 -11.060948 -2.929832 0.021753 -21.007387 -0.021179 -5.01693 -25.052074 -4.031986 0.00919 -0.006928 0.001038 -10.643198 -5.682239 -3.552887 10.595239 -17.947338 -3.125192 0.008541 -13.830498 -0.013926 -0.484697 -31.210369 -4.064994 -12.029634 -60.00251 8.583159 -13.991265 -7.14486 -2.877062 13.788145 -8.416194 -3.220513 0.361889 -34.206573 0.744309 -0.928563 -17.744493 2.608579 0.005375 -0.001151 0.005092 -17.343292 -20.103415 -4.208816 21.755377 -1.655498 3.880376 0.012898 -6.341924 -0.009632 -1.678711 -22.593281 -6.224789 -0.004017 -0.007151 0.008627 24.867125 -63.416763 172.332611 32.352943 -47.124737 12.499907 29.016928 -0.499106 0.135315 -2.629468 -1.160115 -0.219474 22.173813 -20.363297 49.903351 -16.72113 -16.74011 28.482618 -0.002583 -12.682357 0.010197 16.239752 -17.636168 2.572476 -0.103997 -1.519106 -4.271758 -5.026567 -5.604535 -2.952432 0.009638 -11.015866 -0.009886 -6.086422 -15.884017 -3.823591 0.001366 -0.00689 -0.0 -10.271939 -5.677729 -4.343162 11.015702 -11.302783 -2.358643 -1.369605 -14.226511 -6.316258 -0.619244 -26.894567 -3.815248 -3.933132 -49.52824 -3.893627 -13.697761 -7.355259 -3.716634 18.1457 -14.060283 -3.260671 0.021801 -18.785793 0.010134 -0.436118 -8.459707 2.543308 -0.006649 -0.007826 0.001476 -15.896256 -20.089071 -5.500906 30.385487 -7.206472 1.747484 0.0061 -8.171141 0.003249 -1.833254 -22.830332 -6.162676 0.008181 -0.007489 -0.00212 175.11322 -20.350357 -40.370823 35.342705 0.199978 -0.130992 -79.944786 -21.70911 -15.572548 -7.385985 1.72813 2.251082 -0.999949 0.001032 0.004515 -6.301375 4.868314 -18.720036 15.986304 -0.018659 -0.380625 -77.981415 -14.078703 -6.226399 -4.897945 0.716879 1.699654 -0.992425 -0.006059 0.000982 
0.0 0.0 0.0 0.0 -0.0 0.0 1.624872 98.783005 -19.754444 88.316895 -7.101216 10.347767 -3.431565 4.190368 -0.332228 -11.631905 -0.83512 -2.263853 20.69787 0.201516 -4.401199 17.514456 5.227418 2.883035 -2.492368 -0.543483 -1.393305 -33.371944 1.945824 -4.025442 2e-05 0.001053 0.000137 0.038865 0.007624 0.045774 0.171949 -0.042899 0.084438 0.16746 0.04414 0.013847 -149.470673 -72.648499 164.641113 18.809376 -52.300442 10.223953 36.541031 0.229929 -0.198557 2.014479 2.61985 17.455614 17.602345 -26.323198 52.408787 -19.480875 -14.394345 29.403547 -0.008096 -8.768392 0.008985 15.786556 -18.285595 6.629523 -0.605641 -1.790947 -3.878896 -4.797877 -11.042254 -2.963068 0.002847 -20.974806 0.024192 -5.011291 -25.023199 -4.01349 -0.005916 -0.011437 0.003101 -10.626536 -5.680533 -3.553378 10.59279 -17.923603 -3.132327 0.009747 -13.809752 -0.017074 -0.479816 -31.133547 -4.004622 -12.118827 -59.742538 8.787664 -13.95933 -7.127577 -2.866935 13.75293 -8.401917 -3.2142 0.369222 -34.16349 0.764541 -0.956464 -17.719193 2.626667 -0.004761 -0.000488 0.009163 -17.327126 -20.073586 -4.209448 21.750725 -1.644135 3.85902 0.00251 -6.335354 0.005531 -1.683118 -22.560682 -6.191898 -0.003546 0.004915 0.018592 24.328051 -63.576828 172.803757 32.887882 -46.934723 12.277246 28.805168 -0.344337 0.09197 -2.616144 -1.033724 -0.014063 22.162031 -20.406445 49.950665 -16.684692 -16.740511 28.455101 -0.005194 -12.683615 0.008858 16.149744 -17.62558 2.648221 -0.102008 -1.516073 -4.280049 -5.023261 -5.60675 -2.934704 0.004796 -11.022696 -0.009291 -6.088257 -15.899043 -3.825548 0.002961 0.001311 0.000871 -10.265631 -5.667752 -4.331977 11.020795 -11.301095 -2.369531 -1.370909 -14.223316 -6.321326 -0.607829 -26.888117 -3.819494 -4.065421 -49.336716 -3.681815 -13.69729 -7.354701 -3.703216 18.149128 -14.05648 -3.243303 0.008632 -18.811186 0.001494 -0.416346 -8.465675 2.539354 -0.004467 0.009129 -0.000455 -15.88724 -20.075943 -5.480254 30.382174 -7.193129 1.713276 -0.009802 -8.162663 0.01094 -1.856951 -22.87289 -6.133981 -0.000143 -0.002037 -0.008148 173.630966 -22.758204 -36.862511 41.28899 0.174664 0.001653 -78.232903 -20.124861 -12.964126 -8.486395 1.805686 2.255187 -0.989033 -0.00198 -0.000676 -5.591415 5.833879 -17.708532 16.081202 0.085296 -0.387525 -78.46402 -13.565069 -5.411497 -4.681041 0.67587 1.69614 -0.994785 0.000679 0.001392 
0.0 0.0 0.0 0.0 -0.0 0.0 1.146239 98.611168 -20.349562 87.830009 -7.249484 9.027238 -3.147916 4.590241 -0.265287 -11.641168 -0.733378 -2.130445 20.878714 0.297553 -4.208967 17.80806 4.781757 2.867003 -2.43793 -0.577012 -1.142436 -33.508774 1.953806 -3.654836 0.000227 0.001036 0.000177 0.039299 0.009511 0.045356 0.15538 -0.060438 0.077694 0.158368 0.059673 0.020198 -148.806396 -72.670174 164.250137 19.14352 -52.624928 9.912385 37.330841 0.374777 -0.150489 2.045926 2.75739 17.588274 17.669495 -26.297865 52.406242 -19.469582 -14.409472 29.401167 0.017596 -8.803284 -0.004289 15.955271 -18.427891 6.54153 -0.615721 -1.802979 -3.888001 -4.840286 -11.080152 -2.940048 -0.036971 -21.019253 0.002656 -5.073957 -25.065113 -4.042422 0.001249 -0.012725 -0.010081 -10.674708 -5.724174 -3.545289 10.572361 -17.931091 -3.125005 -0.020477 -13.842596 -0.011263 -0.53071 -31.256664 -4.071261 -11.936208 -60.065456 8.436652 -14.037806 -7.195089 -2.834659 13.802397 -8.391438 -3.228816 0.306581 -34.315948 0.741149 -0.987102 -17.782854 2.591519 -0.009262 -0.003971 0.008784 -17.440535 -20.173365 -4.157023 21.808704 -1.58617 3.875086 -0.012538 -6.349483 -0.01031 -1.729301 -22.657623 -6.22656 -0.008053 1e-06 0.008326 23.949772 -63.991409 173.431824 33.226479 -46.579727 12.274094 28.826847 -0.309941 0.090817 -2.422088 -1.015614 0.205242 22.210072 -20.352585 49.895714 -16.656919 -16.738607 28.430964 0.016028 -12.687146 -0.011207 16.102051 -17.62093 2.669454 -0.120669 -1.518062 -4.276531 -5.047029 -5.615139 -2.948348 -0.007993 -11.011873 0.005629 -6.119983 -15.893056 -3.824096 0.002436 -0.007907 -0.010352 -10.298573 -5.685522 -4.320093 11.023058 -11.280074 -2.372029 -1.408912 -14.228839 -6.303364 -0.659071 -26.868546 -3.837338 -4.014991 -49.328648 -3.735862 -13.73049 -7.376704 -3.714407 18.129738 -14.026479 -3.229077 -0.017003 -18.787775 -0.005169 -0.430963 -8.48124 2.545007 0.005119 -0.002734 -0.00585 -15.96068 -20.106249 -5.457461 30.426983 -7.171517 1.767908 -0.018717 -8.154073 0.013177 -1.872954 -22.845201 -6.173257 -0.006772 -0.008012 0.002794 172.155258 -24.297911 -32.959324 46.444466 0.113779 0.06939 -77.809166 -18.411407 -9.732028 -8.233049 1.7889 2.249118 -1.004243 0.003434 0.007847 -5.164804 6.504975 -16.796877 16.820974 0.15139 -0.39471 -79.318687 -13.082692 -4.700994 -4.453492 0.702785 1.706829 -0.998226 0.000147 -0.000438 
0.0 0.0 0.0 0.0 -0.0 0.0 0.678882 98.439262 -20.819946 87.40493 -7.430293 7.810396 -2.969343 5.011588 -0.283553 -11.636535 -0.619136 -1.997315 21.024303 0.496393 -3.954243 17.99449 4.156688 2.876749 -2.435058 -0.617789 -0.883858 -33.45948 1.84814 -3.315346 -0.003594 -0.000923 0.00064 0.032577 0.005832 0.060527 0.171993 -0.06327 0.092909 0.188975 0.062149 0.031608 -147.930054 -72.357895 163.550964 19.199646 -52.893169 9.69827 38.264839 0.405594 -0.120513 2.282439 3.073758 17.61248 17.649603 -26.352205 52.46616 -19.477634 -14.399137 29.398401 -0.000178 -8.771081 0.004612 15.897469 -18.368168 6.550887 -0.614813 -1.80438 -3.896189 -4.800673 -11.056894 -2.945109 0.008545 -20.996855 -0.009436 -5.02001 -25.083368 -4.030754 -0.00438 0.002866 0.006997 -10.632044 -5.690909 -3.562781 10.569426 -17.912788 -3.116174 0.011355 -13.814056 -0.007072 -0.502783 -31.158739 -4.021216 -11.909838 -59.851952 8.363696 -13.974658 -7.15023 -2.896811 13.754819 -8.4092 -3.20402 0.348676 -34.223293 0.788061 -0.957714 -17.736052 2.615498 -0.003654 0.003965 0.004853 -17.340864 -20.104374 -4.220792 21.747656 -1.648204 3.870751 0.009252 -6.34411 0.016731 -1.676859 -22.565443 -6.192916 0.006294 -0.000295 -0.007139 23.241903 -64.26355 174.287354 33.413116 -45.874115 12.51349 28.651783 -0.506197 0.059572 -2.017395 -1.108017 0.394684 22.188337 -20.385107 49.954918 -16.696981 -16.760157 28.502127 0.001745 -12.696403 -0.01736 16.018581 -17.633429 2.759156 -0.102879 -1.515965 -4.301616 -5.047853 -5.606508 -2.928995 0.007838 -11.01135 -0.002967 -6.105489 -15.863227 -3.854163 0.004089 -0.007614 0.001738 -10.28899 -5.680294 -4.349418 11.028275 -11.29724 -2.37367 -1.378394 -14.227118 -6.305708 -0.599572 -26.894878 -3.840814 -4.008872 -49.431561 -3.509058 -13.716246 -7.359672 -3.726126 18.152296 -14.051892 -3.237655 0.003709 -18.778837 0.00998 -0.432813 -8.45615 2.56304 -0.002822 0.002667 0.004508 -15.927351 -20.098061 -5.480186 30.446573 -7.212856 1.73638 0.012888 -8.16649 -0.00855 -1.841684 -22.897047 -6.171576 7.8e-05 -0.006231 0.009774 170.748642 -25.189106 -29.130276 50.858418 0.084106 0.185405 -79.294365 -15.832288 -7.236488 -7.538332 1.773421 2.255513 -0.999951 -0.00507 0.003743 -4.792437 7.151562 -15.896077 17.538168 0.125055 -0.386385 -80.095535 -12.558054 -4.054856 -4.233704 0.769281 1.725434 -0.997065 -0.007518 -0.002337 
0.0 0.0 0.0 0.0 -0.0 0.0 0.209352 98.381439 -21.137651 87.153435 -7.462002 6.58993 -2.951453 5.306871 -0.340865 -11.65307 -0.498958 -1.827603 21.221821 0.693031 -3.691142 18.149685 3.498368 2.937763 -2.434173 -0.621003 -0.710248 -33.24139 1.703439 -2.935302 0.003157 -0.001048 2.5e-05 0.028818 0.005869 0.061684 0.188719 -0.061375 0.097486 0.191808 0.056295 0.034445 -147.193069 -71.55114 163.023148 19.009066 -53.026974 9.306769 39.335644 0.349169 -0.187093 2.843171 3.618413 17.117622 17.623034 -26.25774 52.33704 -19.446478 -14.371975 29.368103 0.003973 -8.762607 -0.001504 15.876362 -18.287395 6.55343 -0.605323 -1.786184 -3.889909 -4.81139 -11.051262 -2.931187 -0.01205 -20.948517 -0.004209 -5.039126 -25.018373 -4.029552 0.010829 -0.000296 -0.006595 -10.629592 -5.689093 -3.556734 10.569316 -17.902895 -3.128268 -0.000959 -13.808572 0.00431 -0.514364 -31.172785 -4.022091 -11.822268 -59.882202 8.258909 -13.97298 -7.145333 -2.867103 13.769817 -8.396135 -3.216399 0.345473 -34.204182 0.751069 -0.94384 -17.729158 2.590108 -0.009528 0.004345 0.013875 -17.329609 -20.088968 -4.213719 21.733927 -1.635342 3.87913 0.006574 -6.330162 -0.012191 -1.701869 -22.57132 -6.200599 0.003022 0.000944 0.003704 22.107872 -64.071053 175.49765 33.156647 -44.700123 13.155683 28.17342 -0.57283 0.077752 -1.66466 -1.274094 0.490808 22.177069 -20.366108 49.939514 -16.674906 -16.728745 28.461367 -0.001555 -12.67908 0.006598 15.968757 -17.621304 2.811496 -0.106248 -1.507384 -4.300899 -5.026879 -5.596259 -2.939237 -0.001748 -11.003822 0.017806 -6.093684 -15.887599 -3.864995 -0.003817 0.000687 0.016297 -10.282411 -5.670773 -4.358384 11.033388 -11.28237 -2.361042 -1.388836 -14.208786 -6.316079 -0.622102 -26.868263 -3.826639 -4.106781 -49.555576 -3.449165 -13.703041 -7.349874 -3.734502 18.131901 -14.027228 -3.213585 0.009508 -18.745775 -0.008738 -0.436188 -8.430581 2.552324 0.00771 0.005391 -0.000789 -15.907578 -20.067112 -5.498945 30.410461 -7.18791 1.74508 -0.004242 -8.149287 -0.01698 -1.875594 -22.828741 -6.14746 0.00416 -0.008319 -0.000653 169.535706 -25.200396 -25.721018 53.612495 0.046007 0.194832 -81.204765 -12.238103 -6.296673 -7.132175 1.683668 2.210865 -1.000243 -0.001162 -0.008673 -4.216087 7.609941 -14.898606 17.624332 0.049417 -0.370452 -80.560356 -12.057302 -3.59927 -4.054045 0.785476 1.729967 -0.997645 -0.001654 -0.001425 
0.0 0.0 0.0 0.0 -0.0 0.0 -0.194147 98.455879 -21.328983 87.122658 -7.274009 5.387488 -3.012034 5.437149 -0.401266 -11.648515 -0.415001 -1.640421 21.281837 0.819201 -3.463765 18.299007 2.972416 3.0308 -2.436991 -0.606997 -0.659133 -32.919537 1.608036 -2.546269 0.000637 0.000876 -0.000461 0.011911 -0.002303 0.034968 0.164844 -0.065104 0.063303 0.171779 0.046952 0.012471 -146.442841 -71.268814 162.279984 18.870874 -53.526485 8.853072 40.028313 0.203227 -0.27292 3.519017 4.079072 16.414034 17.629726 -26.3855 52.524483 -19.404346 -14.389999 29.402246 0.013974 -8.773386 -0.005975 15.822548 -18.250479 6.5194 -0.627177 -1.780043 -3.883357 -4.822383 -11.062043 -2.92739 -0.016334 -20.972815 0.020709 -5.039758 -25.042116 -4.040257 0.001822 0.0145 0.010138 -10.655728 -5.683213 -3.560936 10.547573 -17.925472 -3.089201 -0.008681 -13.824522 -0.010577 -0.566036 -31.19747 -4.00851 -11.826093 -59.882496 8.113036 -13.993639 -7.151701 -2.877125 13.746403 -8.395015 -3.204613 0.289261 -34.193768 0.801244 -0.983413 -17.746361 2.638065 -0.010173 0.012875 0.004906 -17.384535 -20.104349 -4.18006 21.756601 -1.624109 3.873891 0.001796 -6.337399 0.002524 -1.735192 -22.569414 -6.192381 -0.008863 -0.00288 0.031539 21.21615 -64.128105 176.505066 33.038719 -44.040283 13.35311 27.324224 -0.523139 0.065336 -1.492574 -1.234159 0.791799 22.177837 -20.363096 49.919003 -16.684282 -16.749838 28.43335 0.002982 -12.685987 0.013192 15.999336 -17.6698 2.843365 -0.10682 -1.510767 -4.284638 -5.0351 -5.609225 -2.942599 0.001197 -11.021387 0.000862 -6.11425 -15.891189 -3.837319 0.001742 -0.009248 -0.007685 -10.285989 -5.678746 -4.332724 11.03626 -11.291585 -2.376276 -1.390499 -14.239748 -6.321672 -0.632731 -26.933258 -3.825149 -4.252157 -49.697723 -3.396209 -13.712626 -7.362224 -3.720566 18.14398 -14.036671 -3.231507 -0.008975 -18.771935 -0.014288 -0.446309 -8.439132 2.577168 -0.002658 -0.010428 -0.004016 -15.918251 -20.088314 -5.468319 30.40542 -7.184365 1.734649 -0.00017 -8.156005 0.00202 -1.876951 -22.843887 -6.156609 0.004214 -0.00543 0.008287 168.65062 -24.395773 -22.79344 54.314339 0.049974 0.253528 -83.011345 -8.524428 -6.473126 -7.039448 1.628983 2.168874 -0.993965 0.001217 -0.003433 -3.665478 7.71932 -13.882577 17.112413 0.017116 -0.364043 -80.435654 -11.586597 -3.264241 -3.971948 0.732839 1.719172 -0.993893 -0.007229 -0.000842 
0.0 0.0 0.0 0.0 -0.0 0.0 -0.594759 98.58506 -21.406616 87.215576 -6.968484 4.248778 -3.040497 5.463033 -0.471493 -11.650279 -0.350293 -1.464199 21.178617 0.880526 -3.281197 18.462393 2.549585 3.098654 -2.441291 -0.584731 -0.598984 -32.542046 1.546294 -2.16771 -0.003381 -0.000937 0.000829 0.010249 -0.011044 0.005804 0.132775 -0.073713 0.035239 0.129718 0.044501 -0.017299 -145.558594 -71.108543 161.323257 18.758886 -54.225094 8.796892 40.120377 0.135433 -0.328191 3.729904 4.322199 15.5903 17.604525 -26.275448 52.401588 -19.435537 -14.370407 29.385189 0.012229 -8.755665 0.00909 15.813933 -18.158329 6.443141 -0.600585 -1.795919 -3.874986 -4.811393 -11.042961 -2.955319 -0.026066 -20.93618 -0.017767 -5.038288 -24.999096 -4.030079 -0.013743 0.035107 -0.003482 -10.633742 -5.697663 -3.562377 10.550453 -17.891941 -3.116993 -0.017406 -13.799874 -0.005491 -0.519529 -31.189106 -4.044107 -11.658712 -59.776546 7.999086 -13.974262 -7.155375 -2.86957 13.748344 -8.383678 -3.210911 0.32804 -34.132301 0.742942 -0.987389 -17.693014 2.62802 0.005567 0.001017 0.004088 -17.355793 -20.108812 -4.205706 21.736401 -1.625855 3.887093 -0.000853 -6.325406 -0.016914 -1.709201 -22.593716 -6.196078 0.001617 -0.002274 -0.001503 20.506584 -64.363731 177.306259 33.086479 -43.801498 13.085114 26.406597 -0.413563 0.051138 -1.565714 -1.048021 0.997932 22.20026 -20.340536 49.879868 -16.719824 -16.752695 28.46961 -0.005588 -12.692397 -0.006248 16.035414 -17.636711 2.88618 -0.105953 -1.513028 -4.280157 -5.037524 -5.616975 -2.964401 -0.000795 -11.035816 -0.002639 -6.120616 -15.92677 -3.852569 -0.005593 0.000298 0.019056 -10.28186 -5.674581 -4.34382 11.043006 -11.316654 -2.379591 -1.375537 -14.249413 -6.326089 -0.593786 -26.941469 -3.832925 -4.422702 -49.716602 -3.247781 -13.709022 -7.35453 -3.739996 18.149801 -14.069787 -3.228561 0.020593 -18.789864 -0.002499 -0.416134 -8.463232 2.545631 -0.002346 0.010358 -0.0 -15.919488 -20.08992 -5.484936 30.425587 -7.213524 1.738904 0.003614 -8.162318 -0.006632 -1.849317 -22.857702 -6.153337 0.0 -0.002481 -0.010983 168.102371 -23.005714 -19.998552 53.002808 0.031798 0.311534 -84.554344 -5.530226 -7.004258 -6.967587 1.576496 2.150932 -1.002419 -0.005053 -0.000367 -3.120553 7.593874 -12.886142 16.398233 0.015862 -0.33857 -80.192062 -11.27176 -3.018774 -3.981587 0.723511 1.718846 -0.994775 -0.003995 0.001498 
0.0 0.0 0.0 0.0 -0.0 0.0 -0.93604 98.692329 -21.402559 87.292656 -6.658906 3.222402 -3.039534 5.468035 -0.536228 -11.627827 -0.296549 -1.345735 20.983675 0.903525 -3.146743 18.583124 2.201881 3.118969 -2.438689 -0.557503 -0.536981 -32.123901 1.488971 -1.827839 -2.4e-05 -0.000848 8.1e-05 0.015794 -0.017816 -0.016258 0.133977 -0.08573 0.006504 0.132444 0.040237 -0.040424 -145.065567 -71.29174 160.71701 19.032902 -54.977356 9.026323 39.674908 0.150132 -0.27357 3.535248 4.328148 14.833909 17.635475 -26.308985 52.3965 -19.47438 -14.403732 29.419746 -0.006042 -8.777591 0.011885 15.826207 -18.18705 6.399068 -0.612642 -1.795254 -3.913847 -4.793872 -11.047448 -2.934171 0.006384 -20.979969 0.000901 -5.030656 -25.042608 -4.029002 0.000362 0.002073 -0.004759 -10.626662 -5.672916 -3.567459 10.585732 -17.922422 -3.131698 0.010378 -13.830049 0.011729 -0.47106 -31.164562 -4.033212 -11.76607 -59.649574 8.238316 -13.977347 -7.139968 -2.896389 13.774261 -8.411664 -3.220738 0.360851 -34.230663 0.786084 -0.955445 -17.743689 2.621271 0.009507 -0.01058 0.004162 -17.336813 -20.081955 -4.228917 21.77943 -1.660316 3.864182 0.007463 -6.342293 -0.00487 -1.690758 -22.584684 -6.168972 -0.000589 0.006645 -0.018974 19.980488 -64.727806 177.894928 33.145496 -43.790672 12.917922 25.766191 -0.293593 0.070442 -1.700896 -0.906164 0.880045 22.197561 -20.399675 49.956482 -16.700472 -16.752689 28.488951 -0.005194 -12.686244 -0.00196 16.061546 -17.590998 2.798268 -0.089028 -1.504553 -4.26512 -5.036086 -5.610549 -2.934996 0.001724 -11.000371 -0.022179 -6.095105 -15.869346 -3.817496 0.00043 0.006379 -0.008341 -10.271033 -5.660408 -4.342902 11.027727 -11.297417 -2.36734 -1.378275 -14.226364 -6.292696 -0.635714 -26.898762 -3.79634 -4.430539 -49.554211 -3.301746 -13.696541 -7.342255 -3.717285 18.160397 -14.062961 -3.22593 0.019277 -18.786552 -0.008331 -0.42718 -8.453027 2.548896 0.002102 -0.0067 -0.002643 -15.903054 -20.058525 -5.471668 30.421457 -7.215364 1.744048 0.007912 -8.166891 0.007613 -1.841702 -22.831701 -6.161201 0.008937 -0.003408 -0.003023 167.921692 -21.49527 -17.377121 50.234993 0.07368 0.291098 -85.588547 -3.574186 -7.317772 -6.924645 1.582235 2.142359 -0.990135 -0.020581 -0.004414 -2.741095 7.348553 -12.037992 15.9136 0.044035 -0.331499 -80.00074 -10.954276 -2.840489 -4.045939 0.719017 1.722062 -1.002974 -0.002818 8.9e-05 
0.0 0.0 0.0 0.0 -0.0 0.0 -1.243327 98.738297 -21.296839 87.429672 -6.452849 2.253061 -3.073809 5.529396 -0.591214 -11.634726 -0.249452 -1.269818 20.865402 0.953959 -3.057733 18.667561 1.831005 3.10528 -2.435114 -0.53521 -0.415118 -31.80286 1.434407 -1.550179 3.4e-05 0.00103 0.000855 0.024922 -0.022731 -0.029132 0.123584 -0.085675 -0.00638 0.124861 0.032969 -0.047762 -145.042328 -71.269577 160.711014 19.319403 -55.302933 9.517023 38.984768 0.241204 -0.208512 3.125354 4.266586 14.07281 17.632217 -26.39929 52.495556 -19.4662 -14.395102 29.429878 -0.006524 -8.762377 0.006471 15.877807 -18.210356 6.428635 -0.591142 -1.785753 -3.881834 -4.803827 -11.044743 -2.941522 0.010616 -20.976702 -0.003123 -5.0197 -25.034826 -3.995791 -0.005055 0.008032 -0.002849 -10.611585 -5.673527 -3.559845 10.580655 -17.939182 -3.122134 0.014927 -13.830047 0.01373 -0.472405 -31.217104 -4.014988 -11.91746 -59.671715 8.335211 -13.949874 -7.132434 -2.860032 13.760612 -8.402998 -3.227829 0.366261 -34.193737 0.775529 -0.974492 -17.716169 2.64149 -0.00168 0.008203 0.004279 -17.310156 -20.066771 -4.201527 21.737986 -1.65638 3.853589 0.00901 -6.34114 0.013843 -1.679606 -22.560768 -6.188379 0.000347 -0.005574 0.00571 19.630436 -64.952606 178.254852 33.003582 -43.786678 12.808895 25.500216 -0.17079 0.086442 -1.72529 -0.839884 0.368097 22.17317 -20.37505 49.944927 -16.701994 -16.734177 28.465902 -0.000504 -12.68093 0.007429 16.138536 -17.546352 2.732389 -0.102144 -1.506727 -4.284612 -5.032901 -5.611388 -2.950295 -0.00522 -11.005848 0.008964 -6.125501 -15.845466 -3.830962 0.006112 -0.0055 0.002614 -10.269331 -5.672916 -4.345705 11.013784 -11.285444 -2.371226 -1.390749 -14.223857 -6.30624 -0.632646 -26.888472 -3.826561 -4.351532 -49.547413 -3.458118 -13.688751 -7.359631 -3.737891 18.121878 -14.041146 -3.204735 -0.003603 -18.780588 -0.023879 -0.424852 -8.438946 2.539636 0.002182 -0.010254 -0.0 -15.905912 -20.086569 -5.486901 30.406116 -7.19217 1.759965 -0.001068 -8.149062 -0.009274 -1.859862 -22.862919 -6.161742 -0.001588 0.002247 -0.007804 168.054672 -20.168903 -15.091847 46.517384 0.090474 0.258542 -86.5802 -2.244332 -7.443577 -6.919254 1.51795 2.119665 -0.994567 0.000848 0.001001 -2.636694 7.10483 -11.305159 15.902661 0.054446 -0.289613 -80.083824 -10.698833 -2.730266 -4.108592 0.709369 1.71691 -0.99636 0.006308 0.00058 
0.0 0.0 0.0 0.0 -0.0 0.0 -1.54847 98.731331 -21.032164 87.582726 -6.338094 1.216134 -3.152803 5.616338 -0.641419 -11.689257 -0.20567 -1.228004 20.85078 1.077402 -3.008955 18.661287 1.422462 3.056227 -2.451782 -0.527695 -0.197301 -31.460152 1.362058 -1.293027 -0.00274 0.002464 -0.000332 0.026307 -0.01598 -0.047049 0.123495 -0.07754 -0.026861 0.125091 0.029948 -0.063066 -145.000366 -71.15435 160.734924 19.633112 -55.489941 9.993435 38.347473 0.286333 -0.183143 2.778843 4.150062 13.275359 17.635889 -26.24794 52.307983 -19.465889 -14.397549 29.365925 0.002269 -8.784007 -0.006046 15.951322 -18.34297 6.38481 -0.600628 -1.785252 -3.887712 -4.803867 -11.038615 -2.926753 0.013776 -20.957117 -0.007935 -4.998875 -25.012547 -4.002421 0.004793 -0.000778 -0.006137 -10.635609 -5.675153 -3.571837 10.596313 -17.916456 -3.0924 -0.008119 -13.807673 0.001299 -0.471586 -31.163244 -4.048382 -11.790102 -59.42342 8.185635 -13.968603 -7.123734 -2.870405 13.770047 -8.400311 -3.218976 0.354956 -34.136021 0.791332 -0.95775 -17.678226 2.615473 0.004351 -0.004265 -0.004686 -17.341602 -20.065567 -4.17769 21.768078 -1.642284 3.864668 0.001228 -6.328329 -0.022076 -1.700057 -22.572428 -6.176191 -0.00966 0.007744 -0.001939 19.607185 -65.198891 178.257477 33.041725 -43.813709 12.521235 25.447321 -0.218589 0.040199 -1.541975 -0.791522 -0.143617 22.143896 -20.330105 49.868053 -16.716139 -16.718182 28.443434 -0.006226 -12.668909 -0.004458 16.197186 -17.502237 2.625176 -0.104574 -1.51355 -4.258639 -5.023643 -5.607902 -2.957437 0.001397 -11.02237 0.009983 -6.100464 -15.884264 -3.843689 0.0 -0.0 0.0 -10.259733 -5.660534 -4.332563 11.018985 -11.303253 -2.363081 -1.367287 -14.234526 -6.323961 -0.60291 -26.889481 -3.845423 -4.245773 -49.567654 -3.524878 -13.686502 -7.344943 -3.708521 18.125135 -14.041535 -3.238745 0.018251 -18.764908 -0.007229 -0.424349 -8.445605 2.54747 -0.00022 -0.003389 0.002862 -15.8724 -20.058838 -5.468149 30.361181 -7.205009 1.727927 -0.001931 -8.136904 -0.002861 -1.828771 -22.835907 -6.174459 -0.006131 0.005212 0.007477 168.660065 -19.046621 -13.217967 41.629269 0.137192 0.191499 -87.243233 -1.149358 -7.370584 -7.035918 1.568825 2.12848 -0.995398 -0.000345 0.000187 -2.729589 6.814795 -10.618629 16.308504 0.044013 -0.276249 -80.416412 -10.288674 -2.69249 -4.136084 0.7291 1.720817 -0.990213 -0.007829 -0.000759 
0.0 0.0 0.0 0.0 -0.0 0.0 -1.817439 98.698372 -20.703829 87.778038 -6.237414 0.058381 -3.29305 5.646164 -0.65919 -11.735167 -0.169581 -1.218504 20.984802 1.292101 -3.001061 18.653706 0.944606 3.017262 -2.501298 -0.505914 0.03684 -31.302071 1.307327 -1.01645 -0.002811 0.000947 -0.000625 0.048544 -0.026499 -0.078284 0.150464 -0.070541 -0.052751 0.127616 0.013031 -0.095527 -145.476395 -71.119797 161.184402 19.649195 -55.530876 10.685118 37.904781 0.27178 -0.178256 2.642337 4.022 12.654515 17.653522 -26.294268 52.369827 -19.474499 -14.397863 29.411716 -0.000309 -8.783984 0.000607 16.018545 -18.436829 6.452662 -0.605447 -1.78656 -3.905954 -4.810086 -11.068383 -2.914663 0.02137 -21.002689 -0.009091 -4.995961 -25.090298 -4.039013 -0.012008 0.013585 -0.001026 -10.637091 -5.695295 -3.57397 10.572895 -17.937027 -3.104157 -0.007141 -13.841147 -0.006083 -0.517928 -31.217367 -4.046738 -11.87964 -59.733166 8.168792 -13.976744 -7.14464 -2.896949 13.774443 -8.418221 -3.203797 0.341637 -34.235832 0.753491 -0.978673 -17.733614 2.626006 0.00531 -0.008749 -4.5e-05 -17.34668 -20.106434 -4.212897 21.766804 -1.646296 3.890388 0.003796 -6.342776 -0.00295 -1.716203 -22.610029 -6.196947 -0.000565 -0.004097 0.009173 19.552561 -65.478172 178.499039 33.123455 -43.580643 12.233816 25.649797 -0.3108 -0.044481 -1.335706 -0.765681 -0.225358 22.225489 -20.332319 49.89724 -16.685118 -16.754177 28.456886 0.008674 -12.693444 0.004506 16.291317 -17.5805 2.560414 -0.10425 -1.513011 -4.286027 -5.042502 -5.61087 -2.933206 -0.009004 -11.010702 -0.012363 -6.121632 -15.892935 -3.841157 0.001344 0.006922 0.000167 -10.289213 -5.678915 -4.345794 11.030289 -11.283656 -2.382773 -1.403518 -14.236443 -6.29439 -0.625193 -26.923233 -3.842818 -4.10005 -49.591118 -3.693403 -13.721754 -7.365799 -3.72536 18.147108 -14.044884 -3.223893 -0.015323 -18.769814 -0.010469 -0.423234 -8.44931 2.53901 0.002519 -0.01259 -0.000997 -15.939217 -20.09458 -5.477964 30.436512 -7.192335 1.773212 0.006929 -8.16112 -0.012198 -1.872814 -22.851904 -6.199024 -0.003 -0.003669 -0.002319 169.859619 -17.944172 -11.678636 35.491447 0.161001 0.119248 -87.703339 0.081928 -7.208815 -7.280851 1.581012 2.11511 -0.997314 0.002775 3.4e-05 -3.037673 6.464906 -9.925018 16.964922 0.034627 -0.269207 -80.817329 -9.645324 -2.641171 -4.194061 0.71314 1.712954 -0.993581 0.011135 0.003035 
0.0 0.0 0.0 0.0 -0.0 0.0 -2.112397 98.727867 -20.329119 87.985977 -5.930768 -1.224177 -3.485728 5.423676 -0.729124 -11.8263 -0.129306 -1.14516 21.132931 1.552721 -2.999622 18.471317 0.446612 2.938014 -2.572067 -0.421465 0.31105 -30.872629 1.297528 -0.688985 -0.00063 0.000776 -0.001022 0.045314 -0.013356 -0.085163 0.170087 -0.05251 -0.049881 0.133728 0.020351 -0.110739 -146.187439 -70.780449 161.570755 19.031738 -55.386978 11.751539 37.561981 0.137143 -0.186047 2.514165 3.938715 12.322701 17.62653 -26.356825 52.459656 -19.506409 -14.413267 29.440523 -0.003054 -8.777121 0.013596 15.96803 -18.494644 6.569442 -0.609171 -1.790846 -3.900346 -4.798652 -11.048679 -2.925445 0.004546 -20.974405 0.004126 -5.019332 -25.04673 -4.025979 -0.00118 0.002677 -0.013855 -10.625206 -5.683981 -3.55789 10.588324 -17.946964 -3.139106 0.012389 -13.851624 -0.000791 -0.505825 -31.224518 -4.007231 -11.989361 -59.973343 8.284473 -13.980119 -7.143311 -2.881498 13.781178 -8.414657 -3.217761 0.354542 -34.24342 0.783091 -0.943816 -17.762562 2.634639 0.000922 0.003886 -0.004183 -17.316338 -20.091463 -4.215758 21.74962 -1.661019 3.873137 0.006773 -6.335177 -0.008026 -1.671806 -22.578882 -6.195868 -0.001295 -0.001156 0.0 19.173435 -65.424149 178.940338 33.062008 -43.005356 12.319305 25.755791 -0.420649 -0.102593 -1.145883 -0.794493 -0.135401 22.202063 -20.41568 49.978226 -16.70076 -16.748785 28.468676 -0.012439 -12.69614 0.013782 16.245892 -17.642786 2.610699 -0.090701 -1.503876 -4.277714 -5.035163 -5.601113 -2.957112 0.008435 -11.011086 0.006002 -6.081333 -15.880287 -3.832661 0.001087 0.01129 -0.010848 -10.274011 -5.664408 -4.329006 11.0438 -11.302505 -2.390876 -1.381435 -14.238492 -6.319478 -0.599908 -26.938908 -3.838411 -4.031619 -49.710682 -3.785008 -13.697007 -7.339974 -3.728959 18.148781 -14.059639 -3.243696 0.015411 -18.807653 0.006428 -0.447326 -8.457524 2.564927 -0.003909 -0.001626 -0.003647 -15.907606 -20.061045 -5.488341 30.445766 -7.211418 1.73528 0.00048 -8.15249 0.011899 -1.862911 -22.821293 -6.136312 0.004158 -0.001227 -0.007752 171.326675 -16.689728 -10.650517 29.229666 0.142622 0.098443 -86.281502 1.693701 -7.056819 -7.374677 1.597641 2.117689 -0.990663 0.006808 0.000944 -3.320035 5.868506 -9.159118 17.391888 0.053466 -0.297683 -80.911942 -8.80332 -2.631843 -4.221821 0.753815 1.725813 -0.990902 -0.017909 -0.003694 
0.0 0.0 0.0 0.0 -0.0 0.0 -2.390751 98.967003 -19.841656 88.261246 -5.200337 -2.43865 -3.769814 4.858298 -0.799014 -11.946597 -0.163167 -1.177626 21.307785 1.70074 -3.057776 18.182472 0.208599 2.994998 -2.585393 -0.445742 0.465637 -30.482168 1.310849 -0.379373 -0.000533 -0.000102 0.001021 0.026934 -0.024495 -0.116698 0.093898 -0.051591 -0.092928 0.047833 -0.005024 -0.136732 -147.441086 -70.200951 162.361191 17.795647 -55.111683 13.081038 37.04882 0.202592 -0.331265 2.50139 4.041715 11.998729 17.679022 -26.360582 52.531334 -19.525875 -14.438419 29.46796 -0.004462 -8.802403 -0.005606 15.904994 -18.38019 6.492607 -0.605176 -1.800934 -3.894953 -4.818964 -11.078756 -2.945792 0.024195 -21.040335 -0.027135 -5.015427 -25.106266 -4.035772 0.003263 -0.002541 -0.010748 -10.659496 -5.700979 -3.571661 10.620724 -17.970922 -3.136587 -0.015745 -13.840676 -0.013422 -0.491723 -31.249472 -4.049331 -11.541928 -59.925457 7.947506 -14.012939 -7.171352 -2.880095 13.824411 -8.421056 -3.237816 0.341679 -34.326641 0.758516 -0.953536 -17.794909 2.62814 0.009542 0.001109 0.008869 -17.379337 -20.148535 -4.209901 21.799685 -1.646433 3.867681 0.007252 -6.357801 -0.00544 -1.681221 -22.674015 -6.228088 -0.003808 -0.002927 -0.000621 18.938059 -64.867729 179.003845 32.728806 -42.217331 12.636353 25.701918 -0.467244 -0.024373 -1.062414 -0.799898 0.131952 22.192646 -20.359629 49.943405 -16.712168 -16.766329 28.488781 0.007157 -12.697792 -0.010596 16.058176 -17.650961 2.70116 -0.114193 -1.516658 -4.297412 -5.033531 -5.61448 -2.942286 0.004597 -11.021776 -0.006833 -6.108708 -15.896982 -3.831679 0.004443 0.000243 -0.004183 -10.297937 -5.684502 -4.336668 11.041018 -11.301981 -2.367458 -1.392672 -14.239462 -6.33385 -0.632588 -26.907568 -3.843204 -4.174029 -49.536053 -3.692732 -13.722852 -7.367041 -3.722938 18.155851 -14.064263 -3.243589 -0.007863 -18.78759 -0.003882 -0.413728 -8.455009 2.556362 -0.009926 0.005321 -0.0 -15.927762 -20.100985 -5.484155 30.427803 -7.202523 1.723282 -0.010024 -8.159128 0.009972 -1.855672 -22.851076 -6.150577 0.004097 -0.011521 -0.00812 172.811264 -15.034144 -10.584251 25.032532 0.091747 0.155151 -83.425758 2.017885 -7.328836 -6.603527 1.528511 2.132008 -1.000865 -0.001834 0.000103 -3.126077 4.810732 -8.360164 16.707302 0.098129 -0.253271 -80.566856 -8.07109 -2.682366 -4.182543 0.762539 1.740754 -0.993124 0.002982 0.000451 
0.0 0.0 0.0 0.0 -0.0 0.0 -2.638088 99.281532 -19.270329 88.507713 -4.095708 -3.425931 -4.077024 4.183208 -0.829963 -12.036867 -0.264799 -1.228056 21.397717 1.466303 -3.147788 17.793554 0.284356 3.052823 -2.573865 -0.523403 0.663827 -30.036089 1.453629 -0.110202 0.002823 0.001356 -0.000903 0.008251 -0.021499 -0.137438 0.086844 -0.045709 -0.11548 0.049642 -0.005112 -0.158251 -148.256897 -69.64537 162.919281 17.114475 -54.635929 13.721675 36.332188 0.113424 -0.369936 2.442712 4.201059 12.099352 17.625937 -26.321703 52.457024 -19.458389 -14.387336 29.427588 -0.000325 -8.768 -0.006864 15.891023 -18.213942 6.438769 -0.610305 -1.797047 -3.904943 -4.806729 -11.0439 -2.924844 0.010208 -20.964346 -0.012687 -5.00221 -25.00857 -4.021571 0.003725 0.009576 -0.008059 -10.630259 -5.684815 -3.567503 10.567968 -17.925634 -3.10985 -0.016931 -13.80606 -0.003715 -0.480027 -31.20137 -4.042646 -11.564707 -59.696556 7.996326 -13.98622 -7.156391 -2.890362 13.774207 -8.403462 -3.192559 0.363704 -34.239418 0.755535 -0.972896 -17.721249 2.620807 -0.004466 -0.014808 -0.004159 -17.340611 -20.099394 -4.214664 21.753723 -1.64078 3.866569 -0.004477 -6.340353 0.01019 -1.668182 -22.569998 -6.208884 0.001281 -0.004718 -0.003535 18.439663 -64.08728 179.209808 32.283844 -41.708813 12.867096 25.596621 -0.377812 0.039947 -1.064753 -0.443753 0.464582 22.19553 -20.360485 49.939758 -16.675253 -16.727182 28.444815 -0.001339 -12.689488 -0.013562 15.958954 -17.612391 2.690207 -0.10219 -1.507971 -4.266723 -5.042223 -5.60659 -2.962489 -0.001733 -11.005136 -0.003994 -6.113035 -15.871865 -3.834665 0.006897 -0.004928 -0.005704 -10.278378 -5.666979 -4.339183 11.028915 -11.29563 -2.382396 -1.375354 -14.233843 -6.310171 -0.603031 -26.891232 -3.832697 -4.101075 -49.468864 -3.695295 -13.706179 -7.347914 -3.734345 18.142485 -14.043572 -3.242834 0.002798 -18.778412 0.015627 -0.427751 -8.458908 2.558722 -0.004834 0.001084 0.004785 -15.91591 -20.067213 -5.48668 30.424385 -7.193455 1.727203 -0.007536 -8.162142 0.009987 -1.85401 -22.849838 -6.158483 -0.002173 0.018234 0.001342 174.354691 -13.137603 -11.531039 22.306812 0.054555 0.09367 -82.360466 1.226644 -7.838528 -6.337093 1.483709 2.128635 -1.000845 -0.001537 -0.001368 -2.93353 3.360505 -7.517312 15.88386 0.036306 -0.210248 -80.068291 -7.636658 -3.093977 -4.325624 0.710164 1.71539 -0.993165 -0.003188 -0.001568 
0.0 0.0 0.0 0.0 -0.0 0.0 -2.825827 99.558022 -18.59016 88.654594 -3.041064 -4.378236 -4.213125 3.663402 -0.806515 -12.079879 -0.347391 -1.26469 21.218897 1.143275 -3.206131 17.560642 0.215586 3.149094 -2.536326 -0.526704 0.742383 -29.950216 1.526021 0.151001 0.002476 0.000103 0.002128 -0.001941 -0.022261 -0.135911 0.11109 -0.031436 -0.106512 0.072486 -0.018346 -0.161197 -148.656815 -69.6194 163.054062 16.879288 -54.66642 14.607582 35.778027 0.216892 -0.314076 2.147459 4.121373 12.262283 17.634842 -26.371134 52.438267 -19.447493 -14.38693 29.393053 0.004323 -8.775399 -0.007967 15.916188 -18.166348 6.389173 -0.603219 -1.797989 -3.879257 -4.809332 -11.04641 -2.950564 -0.001775 -20.969687 -0.000374 -5.021975 -25.014629 -4.022665 -0.010874 0.002176 0.007594 -10.634222 -5.683444 -3.549948 10.568654 -17.923132 -3.120431 -0.006677 -13.815845 0.018496 -0.506076 -31.171331 -4.004564 -11.7755 -59.552353 8.310229 -13.977749 -7.154705 -2.863311 13.759401 -8.389776 -3.224963 0.315042 -34.177452 0.789614 -0.98605 -17.72574 2.612239 0.004378 -0.008756 0.000184 -17.348829 -20.098789 -4.19863 21.748835 -1.630844 3.878925 0.001771 -6.342371 0.009838 -1.713252 -22.587217 -6.213339 0.007896 0.00232 0.002616 18.429464 -64.21563 179.029877 32.106354 -42.159924 12.399587 25.553293 -0.264019 0.035183 -1.233174 -0.103041 0.631459 22.155298 -20.305548 49.825626 -16.691364 -16.709188 28.430441 -0.000203 -12.667995 -0.001134 16.002054 -17.639236 2.638922 -0.109968 -1.518876 -4.293246 -5.034325 -5.613089 -2.941259 -0.001405 -11.027438 -0.010581 -6.113023 -15.909883 -3.830071 0.002397 -0.000116 0.007049 -10.285531 -5.68147 -4.346907 11.032269 -11.29916 -2.360859 -1.375628 -14.227486 -6.321578 -0.605138 -26.880779 -3.824321 -4.162008 -49.473221 -3.749823 -13.701602 -7.364127 -3.726641 18.140368 -14.049481 -3.244769 0.008131 -18.768633 -0.00101 -0.42921 -8.459843 2.550078 0.003936 0.009581 -0.001461 -15.891062 -20.081837 -5.476318 30.374193 -7.203208 1.716665 0.005659 -8.15535 0.012452 -1.825696 -22.823406 -6.183414 0.001378 0.009443 -0.001277 175.864471 -11.250701 -12.486444 19.576536 0.077426 0.042327 -81.233986 0.720136 -7.927313 -6.239945 1.461688 2.130311 -0.993785 0.003677 0.000495 -2.819519 1.8574 -6.688601 15.199459 0.018603 -0.17453 -79.505684 -7.152504 -3.429526 -4.461826 0.608882 1.686575 -1.001258 -0.003346 -0.003096 
0.0 0.0 0.0 0.0 -0.0 0.0 -3.019292 99.73864 -17.866526 88.744278 -2.274903 -5.173218 -4.25906 3.285294 -0.769092 -12.058811 -0.383856 -1.282271 20.952642 1.019434 -3.200325 17.324526 -0.042022 3.161024 -2.491127 -0.471816 0.778382 -29.918739 1.516929 0.454939 -0.000504 -0.001302 0.0005 -0.001304 -0.025514 -0.102753 0.109849 -0.018226 -0.069051 0.08314 -0.035296 -0.134696 -149.124161 -69.669586 163.327271 16.828711 -54.575989 15.66398 35.798225 0.331049 -0.195649 1.901404 3.797773 12.208744 17.641657 -26.344227 52.45068 -19.504393 -14.417126 29.429041 -0.007887 -8.773969 0.009184 16.096556 -18.220688 6.396362 -0.604306 -1.80251 -3.888197 -4.805102 -11.052745 -2.95267 0.01005 -21.007027 0.01226 -5.016973 -25.059324 -4.016405 -0.002278 0.006386 0.00362 -10.628167 -5.685871 -3.563986 10.582551 -17.961493 -3.115383 0.007248 -13.85822 0.001506 -0.488508 -31.27669 -4.024606 -11.848535 -60.016914 8.396675 -13.967589 -7.13155 -2.857724 13.780962 -8.418619 -3.240644 0.366913 -34.231506 0.790667 -0.924109 -17.735958 2.61668 0.010509 -0.010417 -0.008617 -17.317766 -20.094551 -4.212267 21.740913 -1.661808 3.878317 0.00232 -6.341013 -0.005798 -1.689863 -22.596039 -6.178251 0.008432 -0.002131 -0.003562 18.671612 -64.711784 178.641739 31.937357 -42.817776 11.942159 25.962351 -0.210568 0.011481 -1.452624 -0.067855 0.671028 22.198673 -20.341427 49.903698 -16.699097 -16.742424 28.441746 0.002394 -12.694568 -0.006434 16.041384 -17.69878 2.653884 -0.099011 -1.505708 -4.281031 -5.038757 -5.616123 -2.936592 0.00139 -11.005229 -0.005039 -6.101397 -15.883862 -3.826524 -0.001609 0.000728 -0.001393 -10.277966 -5.666539 -4.334939 11.022903 -11.305281 -2.378838 -1.384649 -14.220667 -6.308681 -0.619338 -26.880476 -3.82399 -4.211915 -49.539303 -3.74005 -13.709864 -7.356017 -3.71863 18.141672 -14.055687 -3.234867 0.006346 -18.771015 0.00168 -0.435004 -8.4415 2.531915 0.00432 -0.011847 -0.004751 -15.924803 -20.085567 -5.473301 30.455128 -7.205148 1.731715 -0.005408 -8.182714 0.011165 -1.839415 -22.851824 -6.176939 -0.003317 0.007921 -0.0 176.980438 -9.68051 -13.113958 17.608257 0.074965 -0.00397 -80.538971 0.229673 -7.620935 -6.162801 1.465228 2.121714 -0.993852 -0.001599 0.00036 -2.771246 0.605316 -5.902653 14.790141 0.031243 -0.104018 -79.148659 -6.908133 -3.776166 -4.65706 0.616874 1.680397 -0.990911 -0.006648 -0.001012 
0.0 0.0 0.0 0.0 -0.0 0.0 -3.163191 99.820694 -17.132368 88.849831 -1.758053 -5.864591 -4.289841 3.004199 -0.745176 -12.094748 -0.392049 -1.277266 20.886648 1.016016 -3.187708 16.98337 -0.33276 3.154742 -2.501519 -0.405113 0.910448 -29.914337 1.439468 0.676769 0.002863 0.000823 0.002717 -0.006792 -0.019747 -0.059644 0.118264 -0.004798 -0.019075 0.091102 -0.034441 -0.096911 -149.719391 -69.354698 163.758896 16.802835 -54.102741 16.701439 36.408634 0.429982 -0.135381 1.834396 3.470305 12.290611 17.612986 -26.299353 52.42067 -19.419878 -14.385348 29.40527 0.000857 -8.764731 0.01235 16.196018 -18.227041 6.362873 -0.607232 -1.780426 -3.883926 -4.814218 -11.036139 -2.929095 -0.017191 -20.941563 0.014669 -5.041291 -24.982594 -4.040982 0.000709 0.00834 0.006036 -10.622226 -5.68037 -3.570435 10.544265 -17.891331 -3.10798 -0.006758 -13.81133 0.010252 -0.518578 -31.120081 -4.022543 -11.683948 -59.561901 8.177627 -13.965958 -7.129437 -2.879668 13.754616 -8.398705 -3.194036 0.356541 -34.172993 0.745497 -0.96378 -17.714657 2.61874 -0.020818 0.000247 0.006931 -17.320917 -20.069241 -4.204607 21.715939 -1.620494 3.85346 -0.005887 -6.343736 0.026599 -1.700318 -22.568024 -6.181985 0.00675 -0.012981 -0.018879 18.615606 -64.840973 178.566269 31.554604 -43.036587 11.744099 26.45472 -0.278029 0.004701 -1.480124 -0.228858 0.786192 22.169325 -20.342087 49.929916 -16.67687 -16.721083 28.452055 0.001428 -12.683281 -0.008453 16.050482 -17.67922 2.663063 -0.101285 -1.50434 -4.268965 -5.048003 -5.608093 -2.956246 -0.000492 -10.997212 -0.001958 -6.113112 -15.873748 -3.837588 -0.00382 0.006576 -0.002025 -10.280443 -5.670769 -4.33707 11.022634 -11.283032 -2.381448 -1.380329 -14.222771 -6.32187 -0.631978 -26.88451 -3.837641 -4.202175 -49.628643 -3.791253 -13.700143 -7.352223 -3.725303 18.11311 -14.031439 -3.22462 0.017647 -18.753304 -0.011507 -0.430986 -8.433287 2.543844 -0.004497 0.010279 0.001345 -15.911993 -20.055851 -5.475332 30.375412 -7.185308 1.731864 0.007859 -8.148071 -2.7e-05 -1.851906 -22.815842 -6.132646 0.002983 -0.006538 -0.005946 177.522812 -8.474495 -13.480028 16.653578 0.053456 -0.004478 -80.395576 -0.196407 -7.257257 -6.03064 1.492824 2.115263 -0.996689 0.002701 -0.000262 -2.983626 -0.410927 -5.200428 14.867425 0.04173 -0.096014 -79.081917 -6.759545 -4.233424 -4.800225 0.62375 1.677993 -0.998358 0.005868 0.002507 
0.0 0.0 0.0 0.0 -0.0 0.0 -3.268787 99.833786 -16.370951 88.889717 -1.391886 -6.436465 -4.304847 2.747251 -0.68068 -12.085982 -0.416058 -1.293742 20.903242 1.106492 -3.189248 16.625761 -0.576528 3.139841 -2.521909 -0.362104 1.117046 -29.944386 1.339001 0.776174 0.000185 0.000867 0.001733 -0.021974 -0.015808 -0.023787 0.112502 -0.004538 0.022514 0.078963 -0.028624 -0.064861 -150.116974 -69.064102 164.037994 17.004976 -53.689655 17.478371 37.350758 0.499372 -0.090579 2.012194 3.354573 12.508018 17.636898 -26.270344 52.358395 -19.438707 -14.376589 29.364017 0.006333 -8.764175 0.014616 16.272751 -18.285929 6.318978 -0.60755 -1.777325 -3.903694 -4.809299 -11.045575 -2.907728 0.008904 -20.948372 -0.019148 -5.01998 -24.9867 -4.037282 0.003572 -0.005961 0.004113 -10.621541 -5.672259 -3.563066 10.545164 -17.89382 -3.11729 -0.011888 -13.804518 0.008868 -0.513468 -31.178946 -4.026103 -11.75802 -59.779121 8.163897 -13.977825 -7.145104 -2.88653 13.759556 -8.382807 -3.207009 0.322666 -34.167553 0.75768 -0.953807 -17.721714 2.617872 -0.006875 0.00075 0.007991 -17.334885 -20.078615 -4.219688 21.738344 -1.632207 3.880091 0.008521 -6.332484 -0.001701 -1.701067 -22.546949 -6.203208 -0.008751 0.006774 -0.001295 18.284443 -64.796432 178.779282 31.230255 -43.095436 11.669321 26.901402 -0.383686 -0.037688 -1.448818 -0.385146 0.878603 22.160583 -20.380098 49.941513 -16.650909 -16.742846 28.459208 0.009367 -12.682819 0.002666 16.077562 -17.672501 2.656776 -0.10469 -1.507506 -4.27483 -5.039725 -5.610839 -2.949879 -0.007911 -11.01653 0.001503 -6.107367 -15.910354 -3.820967 -0.000651 0.000553 -0.006284 -10.27882 -5.673368 -4.335163 11.027245 -11.288669 -2.377947 -1.399316 -14.233775 -6.310515 -0.624003 -26.910378 -3.824216 -4.21076 -49.628025 -3.768617 -13.70482 -7.364963 -3.720102 18.128496 -14.027888 -3.229042 -0.009605 -18.786032 -0.001895 -0.43019 -8.453316 2.565999 0.005406 -0.009123 0.001861 -15.917271 -20.079296 -5.474021 30.397955 -7.170216 1.737072 -0.000703 -8.161577 0.010334 -1.860801 -22.876392 -6.19101 -0.000433 -0.007906 0.000376 177.665115 -7.508148 -13.677755 16.487841 0.041131 -0.014275 -80.494728 -0.596219 -6.921245 -5.956391 1.516839 2.113212 -0.996376 -0.001616 -0.00112 -3.333831 -1.298742 -4.626919 15.272419 0.045025 -0.11748 -79.093781 -6.546124 -4.692243 -4.905784 0.662048 1.682913 -0.994993 -0.000849 0.000268 
0.0 0.0 0.0 0.0 -0.0 0.0 -3.310875 99.833664 -15.623119 88.858658 -1.09545 -6.843291 -4.286058 2.462143 -0.648258 -12.09796 -0.463853 -1.308757 21.054276 1.241574 -3.176707 16.300484 -0.713197 3.144836 -2.562512 -0.321381 1.267242 -30.03853 1.234792 0.791491 0.003067 8.5e-05 -0.00163 -0.01821 -0.011195 -0.003139 0.109225 -0.005036 0.045749 0.086151 -0.021532 -0.044739 -150.305496 -69.150055 164.025879 17.3423 -53.444828 17.998697 38.428402 0.465524 -0.070995 2.255741 3.399297 13.071879 17.687397 -26.3272 52.429298 -19.459299 -14.38131 29.381315 0.003683 -8.774455 -0.003412 16.234222 -18.320915 6.33598 -0.608177 -1.794855 -3.890378 -4.805104 -11.042827 -2.939174 -0.008997 -20.952179 -0.015575 -5.011466 -25.038286 -4.046882 0.000843 0.002838 -0.009023 -10.64378 -5.695735 -3.555468 10.576355 -17.918245 -3.115732 0.011321 -13.818771 -0.003349 -0.505209 -31.196087 -4.037899 -11.742826 -59.819576 8.09103 -13.9968 -7.154046 -2.867341 13.78511 -8.391682 -3.236076 0.341398 -34.202526 0.776344 -0.945679 -17.724131 2.608395 -0.005423 -0.005038 -0.007224 -17.359507 -20.110352 -4.19894 21.765032 -1.629928 3.884494 -0.001973 -6.328151 -0.01389 -1.69016 -22.596188 -6.210737 0.005461 0.004106 0.00849 18.019709 -64.964592 178.92514 31.215218 -43.297585 11.387148 27.045626 -0.553486 -0.10109 -1.388211 -0.500105 0.915567 22.21715 -20.369362 49.957325 -16.735706 -16.766048 28.486025 -0.002286 -12.701806 0.007395 16.067715 -17.671444 2.667489 -0.105709 -1.512575 -4.284558 -5.045497 -5.626605 -2.949444 0.009059 -11.031602 -0.006767 -6.114483 -15.918028 -3.844986 0.0 -0.006311 -0.00075 -10.292745 -5.682861 -4.336265 11.046204 -11.317475 -2.398983 -1.383536 -14.255692 -6.326591 -0.616378 -26.944435 -3.83088 -4.167715 -49.778843 -3.751154 -13.715487 -7.361513 -3.722378 18.16235 -14.071138 -3.257924 0.003879 -18.803396 -0.010808 -0.415844 -8.455194 2.570003 0.002526 -0.000233 -0.01391 -15.931404 -20.12005 -5.488184 30.457268 -7.208543 1.720767 0.006858 -8.179749 0.005599 -1.869788 -22.867887 -6.171914 -0.003631 -0.000894 0.00127 177.697266 -6.655021 -13.764454 16.478897 0.045723 -0.004128 -80.609634 -1.103945 -6.638727 -5.856485 1.547745 2.121168 -0.999252 -0.001027 2e-05 -3.604428 -2.110469 -4.220181 15.576858 0.041221 -0.138215 -79.074005 -6.268308 -5.128462 -4.983563 0.672396 1.68461 -0.997161 -0.005392 -0.002314 
0.0 0.0 0.0 0.0 -0.0 0.0 -3.340333 99.875359 -14.867097 88.825714 -0.872685 -7.076164 -4.235705 2.158177 -0.650384 -12.093882 -0.506002 -1.290757 21.1854 1.386859 -3.237078 16.007696 -0.689235 3.174688 -2.578679 -0.306418 1.307734 -30.150921 1.167824 0.81792 -8.5e-05 -0.000712 0.000216 -0.027383 -0.005955 0.005546 0.079862 0.002686 0.056616 0.063087 -0.017957 -0.03354 -150.30661 -68.997765 163.897446 17.744871 -53.086071 18.334795 39.247036 0.453616 -0.099017 2.519331 3.514031 13.834564 17.680552 -26.402267 52.529537 -19.462572 -14.396924 29.422905 -0.002434 -8.782066 0.002957 16.128099 -18.324486 6.379815 -0.61018 -1.796316 -3.914981 -4.800428 -11.049007 -2.917497 -0.006866 -20.974838 0.01058 -5.013144 -25.025936 -4.043978 -0.010993 -0.008903 -0.002502 -10.637718 -5.691458 -3.57004 10.597099 -17.935574 -3.111915 0.013303 -13.844067 0.005266 -0.501311 -31.233103 -4.026495 -12.029291 -60.02248 8.350622 -13.983238 -7.144847 -2.874909 13.779374 -8.40596 -3.226548 0.359736 -34.256203 0.796534 -0.958224 -17.757948 2.644027 -0.00785 0.0021 -0.002357 -17.348133 -20.103643 -4.217567 21.772324 -1.648069 3.874862 0.002851 -6.345694 0.006729 -1.723013 -22.605091 -6.186898 0.00551 0.000944 0.000717 17.468027 -64.867874 179.372009 31.211891 -43.379974 10.828113 26.828226 -0.672227 -0.12786 -1.397793 -0.526898 1.081008 22.167837 -20.446106 49.989285 -16.702681 -16.779072 28.524267 0.001734 -12.698718 0.004765 16.103565 -17.729105 2.668648 -0.095568 -1.510157 -4.286005 -5.037819 -5.612841 -2.948123 -0.001729 -11.030691 0.009751 -6.11347 -15.90148 -3.837491 -0.000635 0.005135 -0.011036 -10.286106 -5.677598 -4.338001 11.044515 -11.307448 -2.382748 -1.386273 -14.249159 -6.300672 -0.636815 -26.960945 -3.811854 -4.182118 -49.781368 -3.762419 -13.710554 -7.359754 -3.715489 18.169127 -14.052795 -3.242848 -0.005606 -18.809725 0.011227 -0.42922 -8.470954 2.530045 0.000283 -0.003266 0.007339 -15.921402 -20.097776 -5.477009 30.439432 -7.207484 1.736724 0.000355 -8.171576 -0.004299 -1.852662 -22.884935 -6.156071 -0.002302 -0.016898 0.000185 177.864746 -5.849568 -13.87128 16.160824 0.047121 0.018926 -80.523972 -1.605442 -6.446294 -5.718222 1.556975 2.133133 -0.996308 -0.000504 -0.000154 -3.516995 -2.827434 -3.958909 15.237578 0.029308 -0.158726 -78.682098 -5.988692 -5.545493 -4.980564 0.673937 1.695629 -1.001021 -0.010623 -0.001768 
0.0 0.0 0.0 0.0 -0.0 0.0 -3.333889 99.9655 -14.157396 88.813904 -0.691831 -7.154332 -4.164011 1.835506 -0.628811 -12.046403 -0.558881 -1.308694 21.20153 1.514406 -3.332335 15.844758 -0.518031 3.274804 -2.573426 -0.339534 1.212238 -30.296659 1.119994 0.828107 -0.003434 -0.001281 0.002317 -0.027982 -0.009454 -0.008388 0.093039 0.003676 0.040288 0.065486 -0.023383 -0.055934 -150.2146 -69.200172 163.723633 18.456709 -53.079231 18.472998 39.652222 0.429758 -0.056619 2.673048 3.649405 14.566175 17.669626 -26.341423 52.447277 -19.470015 -14.394648 29.420694 0.005882 -8.786117 0.011319 16.13464 -18.323009 6.39818 -0.624704 -1.806196 -3.893194 -4.816501 -11.066285 -2.945402 -0.027897 -21.015148 0.012881 -5.038882 -25.128483 -4.061879 -0.013143 0.007095 0.001353 -10.656868 -5.703056 -3.573271 10.585786 -17.954159 -3.100631 -0.005819 -13.844191 -0.000752 -0.497685 -31.236214 -4.055722 -12.172193 -60.090611 8.400594 -14.009596 -7.166053 -2.875301 13.781597 -8.410398 -3.218659 0.33714 -34.288345 0.775117 -0.953152 -17.783756 2.618006 -0.000982 -0.003066 -0.005626 -17.3908 -20.139669 -4.196711 21.791548 -1.636649 3.88905 0.005305 -6.352367 0.009265 -1.705009 -22.62513 -6.210943 0.012537 -0.007521 -0.003158 17.136501 -64.990921 179.642624 31.407465 -43.813522 10.085516 26.576628 -0.68025 -0.082426 -1.529016 -0.428279 1.368353 22.211788 -20.32794 49.913914 -16.726986 -16.750687 28.484032 0.005972 -12.706059 0.001075 16.236483 -17.782143 2.557346 -0.109012 -1.52014 -4.283442 -5.036279 -5.615001 -2.95247 0.000818 -11.030888 -0.000104 -6.121383 -15.92234 -3.843898 -0.00042 0.006305 -0.014345 -10.296727 -5.684224 -4.340847 11.049367 -11.308697 -2.3746 -1.391709 -14.245911 -6.335557 -0.64106 -26.943399 -3.835185 -4.106556 -49.762161 -3.889664 -13.717404 -7.3695 -3.729026 18.146883 -14.056275 -3.241545 -0.003072 -18.77248 -0.002417 -0.427514 -8.460139 2.53139 -0.001219 0.001762 -0.002264 -15.95148 -20.112621 -5.487199 30.461042 -7.206722 1.751143 0.009352 -8.167388 0.006609 -1.869908 -22.838213 -6.170825 0.00093 0.003415 -0.013251 178.214859 -5.075818 -13.949552 15.403615 0.058631 0.014372 -80.416832 -1.974738 -6.265977 -5.592967 1.559061 2.149347 -0.997206 -0.004061 -0.001362 -3.056594 -3.379569 -3.807209 14.238804 0.028314 -0.173026 -78.242203 -5.732336 -5.812118 -5.005159 0.613638 1.692713 -0.999373 -0.002394 -0.001216 
0.0 0.0 0.0 0.0 -0.0 0.0 -3.324224 100.068192 -13.549919 88.765381 -0.587407 -7.093554 -4.060339 1.523196 -0.604987 -11.999426 -0.614432 -1.360167 21.138817 1.610354 -3.391928 15.782882 -0.236457 3.321906 -2.557353 -0.373713 1.063914 -30.392307 1.087804 0.829734 -2e-05 0.001587 -0.000112 -0.002139 -0.019356 -0.03809 0.109181 -0.004128 0.012419 0.094726 -0.036803 -0.081701 -150.285217 -69.453873 163.732864 19.107634 -53.076576 18.784809 39.534203 0.488492 -0.110638 2.529848 3.6451 15.12332 17.632872 -26.338306 52.454391 -19.434834 -14.401743 29.439724 -0.002453 -8.775533 -0.005134 15.992873 -18.293634 6.473134 -0.612736 -1.783798 -3.900575 -4.802063 -11.037045 -2.929111 0.004003 -20.956293 0.020388 -5.011605 -24.99712 -4.011083 0.008338 0.001872 -0.00272 -10.63291 -5.671921 -3.57646 10.568055 -17.911791 -3.088325 -6.6e-05 -13.800917 -0.006727 -0.523186 -31.129015 -4.009936 -12.226695 -59.770126 8.56262 -13.985915 -7.136546 -2.872617 13.782108 -8.392798 -3.221213 0.358125 -34.159817 0.78704 -0.983216 -17.708738 2.641177 -0.01393 -0.001239 0.004157 -17.337622 -20.069389 -4.208155 21.750822 -1.643674 3.874034 -0.000903 -6.331645 0.004316 -1.705975 -22.567627 -6.178265 -0.008954 0.002845 -0.001137 16.946047 -64.989189 179.717438 31.506844 -44.256008 9.518954 26.36676 -0.597279 0.003678 -1.779618 -0.331765 1.548392 22.233114 -20.355585 49.93449 -16.679106 -16.726099 28.443319 0.001159 -12.694715 -0.005318 16.266264 -17.78064 2.555776 -0.090808 -1.507983 -4.281264 -5.052724 -5.61897 -2.953846 0.004027 -11.025397 0.000111 -6.113377 -15.921193 -3.841628 -0.00264 0.00629 -0.000798 -10.284016 -5.680333 -4.358064 11.028233 -11.29906 -2.367782 -1.397755 -14.236168 -6.313757 -0.615473 -26.939957 -3.832544 -4.217214 -49.701458 -3.862524 -13.71416 -7.363153 -3.738353 18.151449 -14.055683 -3.233675 -0.006333 -18.800026 0.002234 -0.429077 -8.472551 2.575716 -0.002146 0.001947 -0.003989 -15.927012 -20.101259 -5.490633 30.427164 -7.205384 1.76312 0.006395 -8.1754 0.002643 -1.833375 -22.88073 -6.183491 -0.002183 -0.005209 0.008507 178.631348 -4.439936 -13.943516 14.453068 0.077044 -0.005505 -79.918488 -2.150828 -6.049982 -5.468266 1.556938 2.150356 -1.000293 0.004367 0.000215 -2.325543 -3.844953 -3.575747 12.674346 0.020455 -0.16311 -77.359024 -5.70702 -6.111097 -5.141809 0.560416 1.685859 -0.997395 -0.002129 -0.000261 
0.0 0.0 0.0 0.0 -0.0 0.0 -3.342442 100.241806 -13.003126 88.679756 -0.627157 -7.076278 -3.982348 1.219888 -0.612134 -11.875496 -0.616409 -1.430907 21.037043 1.71642 -3.424505 15.743829 0.085115 3.452185 -2.434479 -0.448422 0.79882 -30.460264 1.068778 0.926136 -0.003395 0.0 0.000244 -0.006012 -0.027359 -0.035234 0.11567 -0.00973 0.00627 0.101285 -0.04461 -0.08066 -150.559357 -69.63343 163.715256 19.293501 -53.14473 19.444181 39.204262 0.595109 -0.021896 2.037127 3.584286 15.330862 17.605196 -26.305164 52.397194 -19.438499 -14.378224 29.38299 0.003078 -8.759784 0.006389 16.020027 -18.180168 6.433617 -0.602357 -1.791364 -3.868725 -4.810356 -11.035066 -2.94618 -0.009507 -20.925905 -0.001243 -5.028607 -24.988161 -4.030052 -0.004986 0.00789 -0.003385 -10.623568 -5.684192 -3.542441 10.554431 -17.890503 -3.121833 -0.011045 -13.805506 0.008888 -0.525018 -31.167837 -4.02139 -12.374087 -59.899586 8.657227 -13.966475 -7.142533 -2.871251 13.751051 -8.382215 -3.217868 0.327342 -34.14233 0.770971 -0.954894 -17.706181 2.627244 0.009474 -0.00603 -0.016202 -17.340322 -20.084095 -4.181988 21.737343 -1.620341 3.859694 -0.007009 -6.326298 -0.003344 -1.701687 -22.552715 -6.179497 0.003623 0.003624 -0.004173 16.825598 -65.033417 179.672058 31.520948 -44.745388 9.226405 26.237244 -0.561595 0.033249 -1.928028 -0.270704 1.346288 22.166994 -20.398212 49.994728 -16.675606 -16.754784 28.488659 -0.000249 -12.69161 0.000421 16.301558 -17.918509 2.550384 -0.096197 -1.509224 -4.290756 -5.049928 -5.617373 -2.960006 -0.002292 -11.020644 0.00995 -6.126452 -15.898582 -3.844019 0.006974 -0.011364 -0.000291 -10.275812 -5.680746 -4.349867 11.014954 -11.303767 -2.364212 -1.384661 -14.233081 -6.322578 -0.631715 -26.913183 -3.834655 -4.507192 -49.611748 -3.685768 -13.695104 -7.363468 -3.730606 18.125378 -14.064569 -3.235033 0.006771 -18.785427 -0.001527 -0.435357 -8.465918 2.544457 0.003465 0.009967 0.001445 -15.91931 -20.113436 -5.492713 30.409088 -7.18062 1.73996 -0.004157 -8.151185 -0.000432 -1.864573 -22.860096 -6.169132 0.002862 -0.005191 0.001501 179.537903 -3.86946 -13.942572 12.637241 0.087788 -0.055768 -79.015701 -2.248153 -5.749067 -5.25946 1.531698 2.122481 -0.996713 -0.003798 -0.000777 -0.77975 -4.031806 -3.45066 9.549464 0.017897 -0.186986 -75.521263 -5.9284 -6.181552 -5.634007 0.611178 1.710595 -0.989307 -0.006718 -0.001659 
0.0 0.0 0.0 0.0 -0.0 0.0 -3.3966 100.297501 -12.556598 88.546799 -0.714985 -6.991101 -3.902734 0.986921 -0.586351 -11.875937 -0.661316 -1.527694 21.048624 1.815788 -3.372589 15.891747 0.252114 3.401081 -2.423379 -0.414858 0.698305 -30.456268 1.027504 0.961602 -4.3e-05 0.001667 0.003435 -0.00335 -0.033249 -0.052464 0.134938 -0.018953 -0.012865 0.127487 -0.053729 -0.099732 -150.422241 -69.772392 163.454697 19.894983 -53.314995 19.720804 38.511269 0.663566 -0.008167 1.60378 3.457175 15.355304 17.632362 -26.31851 52.430309 -19.455498 -14.3949 29.388897 0.001707 -8.775312 -0.010656 16.022432 -18.276615 6.500507 -0.602938 -1.77378 -3.89538 -4.803769 -11.045915 -2.930261 0.000482 -20.974955 0.00761 -5.017907 -25.049438 -4.027389 -0.000952 -0.007196 0.006887 -10.633757 -5.675957 -3.548464 10.591302 -17.922436 -3.116911 0.007654 -13.826234 -0.004167 -0.490172 -31.206589 -4.028841 -12.531243 -60.068897 8.903648 -13.977448 -7.135035 -2.866472 13.770976 -8.388453 -3.213661 0.334238 -34.181454 0.76767 -0.970344 -17.721889 2.606016 -0.003483 0.017775 0.003483 -17.33478 -20.073219 -4.198127 21.744249 -1.645255 3.870555 0.014587 -6.342986 -0.006814 -1.698869 -22.607946 -6.182194 0.002804 -0.002029 -0.002035 16.850115 -65.112122 179.493149 31.730446 -45.254528 8.989973 26.132889 -0.561911 0.05544 -2.149686 -0.284939 1.233326 22.186287 -20.361635 49.964878 -16.686466 -16.742624 28.473982 -0.003154 -12.684505 -0.006546 16.252319 -17.890409 2.538564 -0.098616 -1.514864 -4.27727 -5.040998 -5.609645 -2.961653 -0.007994 -11.012753 0.004881 -6.105134 -15.896186 -3.843156 0.003217 -0.007205 -0.005658 -10.277406 -5.673491 -4.346114 11.019118 -11.301824 -2.380871 -1.369224 -14.241501 -6.319554 -0.621235 -26.910873 -3.818174 -4.573443 -49.549141 -3.604463 -13.70335 -7.359939 -3.734555 18.145321 -14.052745 -3.238191 -0.007107 -18.767664 0.001272 -0.428505 -8.465324 2.572549 -0.004085 0.008098 0.001048 -15.909749 -20.090767 -5.492306 30.393854 -7.204045 1.737102 0.012698 -8.155997 -0.005628 -1.860877 -22.857811 -6.157659 0.006893 -0.011398 0.004862 179.925156 -3.586352 -13.973191 12.120164 0.093663 -0.066341 -78.820366 -2.394484 -5.357281 -5.106121 1.512724 2.130243 -0.997002 -0.003747 -0.000626 -0.786463 -4.252744 -3.009211 9.896837 -0.007446 -0.188051 -75.050392 -6.402928 -6.091036 -6.085101 0.634725 1.727472 -0.992603 0.013401 0.002899 
0.0 0.0 0.0 0.0 -0.0 0.0 -3.559782 100.266876 -12.208961 88.316154 -0.592268 -6.90039 -3.827377 0.620473 -0.61121 -11.868459 -0.713216 -1.556386 21.035736 1.77198 -3.243773 16.250843 0.380235 3.153252 -2.458632 -0.402703 0.947801 -30.347036 0.873419 0.76183 0.000244 0.001325 -0.002251 -0.049851 -0.021911 -0.022678 0.087723 -0.021049 0.015484 0.05545 -0.027368 -0.058478 -150.607101 -69.913094 163.929031 20.565552 -53.206615 19.396931 37.82991 0.607988 -0.018476 1.193525 3.237275 15.373786 17.626036 -26.452173 52.639996 -19.434937 -14.401294 29.457893 0.001312 -8.762665 -0.007309 16.021944 -18.298996 6.503554 -0.601158 -1.795429 -3.886069 -4.808379 -11.038858 -2.944474 -0.0036 -20.970541 0.022509 -5.022184 -25.033997 -4.024935 0.004463 -0.01346 -0.007573 -10.620614 -5.688029 -3.57223 10.546665 -17.910549 -3.101828 0.007511 -13.818755 0.015438 -0.518898 -31.128328 -4.007063 -12.061495 -59.82069 8.379669 -13.973105 -7.141161 -2.876478 13.766638 -8.398554 -3.214663 0.32713 -34.19614 0.797784 -0.989135 -17.726686 2.646108 0.008808 5.5e-05 -0.002285 -17.328636 -20.088469 -4.202363 21.737759 -1.628524 3.850658 -0.009256 -6.33754 0.008369 -1.684815 -22.564484 -6.175945 -0.000909 0.004706 -0.01017 17.192989 -65.112076 179.102081 31.965361 -45.677704 8.927678 26.087086 -0.654682 0.037032 -2.442967 -0.522783 1.013641 22.171312 -20.468811 50.063766 -16.695169 -16.764349 28.546738 -0.004312 -12.696246 0.004615 16.118071 -17.930573 2.568191 -0.097714 -1.50684 -4.291402 -5.03933 -5.615772 -2.947938 0.001876 -11.019995 0.001853 -6.106599 -15.888446 -3.835145 -0.002054 0.0 0.001045 -10.266675 -5.673012 -4.360585 11.024432 -11.308714 -2.372548 -1.387224 -14.235418 -6.32865 -0.6276 -26.948654 -3.830237 -4.349299 -49.594723 -3.886933 -13.695549 -7.360521 -3.738318 18.148384 -14.064612 -3.249913 0.011262 -18.812281 0.009048 -0.446983 -8.463986 2.546834 0.007033 -0.007404 0.000819 -15.901196 -20.091499 -5.497059 30.415676 -7.188088 1.72587 -0.015119 -8.158599 0.006796 -1.859518 -22.881639 -6.144145 0.000816 0.001008 0.007558 -179.710449 -3.128495 -13.573451 11.975465 0.108802 -0.152978 -78.89798 -2.711412 -5.027625 -4.819643 1.480801 2.11855 -1.000427 0.001869 0.000273 -0.865489 -4.501464 -2.925335 10.276513 -0.00712 -0.178971 -75.277206 -7.398261 -5.493429 -6.194816 0.709638 1.760199 -0.991713 -0.00684 -0.001793 
0.0 0.0 0.0 0.0 -0.0 0.0 -3.824467 100.184967 -11.934402 88.131187 -0.5321 -7.053779 -3.921989 0.417998 -0.522048 -11.922624 -0.785223 -1.528809 21.2012 1.685964 -3.27961 16.574986 0.244579 3.213819 -2.455058 -0.330728 0.659588 -30.014904 0.91626 0.823994 -0.003278 0.000864 0.000202 -0.041065 -0.038605 -0.050458 0.09162 -0.051791 -0.024736 0.065389 -0.027054 -0.08984 -150.636749 -69.630096 163.724197 20.025217 -53.019203 20.164522 36.883694 0.71857 0.018568 0.841804 3.049772 14.862292 17.577881 -26.229551 52.312698 -19.405113 -14.369354 29.337667 0.00625 -8.754367 0.011374 16.086672 -18.434929 6.605106 -0.611765 -1.793711 -3.852835 -4.804645 -11.033919 -2.950577 -0.010137 -20.937181 -0.008544 -5.021379 -24.989275 -4.036838 0.00263 -0.0 0.002276 -10.619137 -5.683173 -3.549422 10.530993 -17.893669 -3.101999 -0.013866 -13.804257 -0.011696 -0.520777 -31.154976 -4.053392 -12.130397 -60.055851 8.64567 -13.961746 -7.138519 -2.853692 13.742518 -8.382917 -3.207897 0.337013 -34.138401 0.736202 -0.967384 -17.685682 2.599912 -0.001605 0.000225 -0.002283 -17.342726 -20.073854 -4.174972 21.741941 -1.624874 3.860274 0.002798 -6.33667 0.0011 -1.695404 -22.56649 -6.216483 -0.00364 0.004252 0.009396 17.130896 -65.081993 179.275116 32.405602 -45.976593 8.925644 25.843039 -0.582739 -0.027706 -2.73156 -0.966107 0.754884 22.160763 -20.346125 49.968479 -16.673748 -16.742683 28.465731 0.002438 -12.68015 0.00467 16.349443 -17.86911 2.470118 -0.104666 -1.51021 -4.267362 -5.039013 -5.608585 -2.95605 -0.005981 -10.995022 -0.014717 -6.10785 -15.88114 -3.838031 0.001895 0.006723 0.000751 -10.282868 -5.680209 -4.338422 11.011883 -11.291816 -2.369261 -1.386021 -14.227379 -6.32299 -0.627896 -26.902817 -3.846769 -4.354468 -49.39817 -3.803902 -13.707961 -7.36155 -3.704236 18.121548 -14.013036 -3.244663 -0.003208 -18.765472 -0.017959 -0.426417 -8.442879 2.5743 0.001424 -0.00885 0.001246 -15.924649 -20.084236 -5.473397 30.391924 -7.160335 1.739238 -0.008223 -8.139736 -0.006766 -1.854537 -22.824074 -6.136869 -0.001511 0.004348 -0.005433 -179.575012 -2.857355 -13.04307 12.540754 0.145174 -0.06412 -79.549416 -3.558531 -4.805534 -5.127296 1.492755 2.117037 -0.997233 -0.002002 -0.000468 -1.237959 -4.519648 -2.257602 10.992318 0.010845 -0.204589 -75.646095 -7.651907 -5.437884 -6.096032 0.676703 1.723213 -0.998284 0.000709 -0.000653 
0.0 0.0 0.0 0.0 -0.0 0.0 -4.168207 99.988152 -11.86303 87.791847 -0.029528 -6.967004 -3.99533 0.048564 -0.354053 -12.008241 -0.932954 -1.404612 21.281824 1.24688 -3.358305 17.066992 0.380192 3.154063 -2.543964 -0.415032 0.711136 -29.527601 0.795816 0.420558 -0.002985 -0.0 -0.001979 -0.005923 -0.030546 -0.06379 0.096626 -0.043764 -0.028126 0.090967 -0.015058 -0.083359 -150.561951 -69.739159 164.013855 20.085651 -52.73785 20.112467 36.2388 0.74459 -0.083914 0.76913 2.675965 14.515653 17.606413 -26.248184 52.342255 -19.439627 -14.377885 29.386435 0.005014 -8.766875 0.003858 16.085768 -18.476681 6.702759 -0.621371 -1.799222 -3.919376 -4.800372 -11.035151 -2.89612 -0.016965 -20.960461 -0.00697 -5.023254 -25.014475 -4.04215 -0.007466 -0.002008 0.007466 -10.634809 -5.697539 -3.563126 10.554056 -17.885075 -3.102428 -0.012087 -13.80457 -0.014633 -0.532314 -31.161684 -4.043814 -12.112574 -60.0714 8.699971 -13.975266 -7.153381 -2.886394 13.754295 -8.390405 -3.188503 0.321874 -34.19175 0.740494 -0.956988 -17.719149 2.60241 -0.006044 -0.018675 -0.004582 -17.343678 -20.090946 -4.206752 21.74 -1.63119 3.872066 0.007925 -6.334913 0.003391 -1.725046 -22.575016 -6.185077 0.001407 -0.003531 -0.002794 17.729607 -64.940331 178.966537 32.914188 -46.351795 9.086462 25.702879 -0.529104 0.010072 -3.115766 -1.464519 0.992817 22.230188 -20.393255 49.971432 -16.690222 -16.752125 28.475943 0.006595 -12.703185 -0.006492 16.269875 -17.856211 2.561201 -0.107129 -1.508226 -4.284606 -5.046693 -5.618071 -2.948968 -0.008652 -11.021855 -0.003549 -6.132433 -15.905296 -3.832371 -0.001063 0.00625 -0.0 -10.296075 -5.68087 -4.352904 11.023583 -11.294004 -2.363098 -1.388636 -14.235859 -6.315721 -0.62774 -26.918184 -3.831131 -4.141531 -49.494244 -3.859584 -13.724325 -7.368287 -3.733968 18.132362 -14.035875 -3.214258 -0.002248 -18.785879 -0.011526 -0.441509 -8.442151 2.568575 -0.001375 -0.000943 -0.007541 -15.956927 -20.106756 -5.493456 30.456829 -7.189981 1.760201 -0.003847 -8.178462 0.006766 -1.874848 -22.868967 -6.164371 -0.001097 -0.008986 0.00701 -179.482971 -2.238461 -12.632833 13.38786 0.126596 -0.025763 -80.233612 -3.906876 -4.915597 -5.290195 1.528528 2.129451 -1.000617 -0.003716 0.000312 -2.070127 -5.289155 -2.276714 13.675346 0.077407 -0.168851 -77.321541 -7.574548 -5.981997 -5.753313 0.670336 1.715561 -0.995975 7.4e-05 0.00147 
0.0 0.0 0.0 0.0 -0.0 0.0 -4.495134 99.873436 -11.928931 87.616669 0.234353 -6.910751 -4.274236 -0.064756 -0.327911 -12.097057 -0.974274 -1.246463 21.421934 0.745383 -3.310119 17.357874 0.358299 3.076666 -2.553049 -0.507465 0.600997 -28.857101 0.744837 0.169774 -0.002664 0.001005 0.003458 -0.004511 -0.020391 -0.029385 0.109806 -0.041658 0.000413 0.091828 -0.003319 -0.056794 -151.36441 -69.040977 164.844757 19.00584 -51.92466 20.615267 35.610386 0.664621 -0.140924 1.108823 2.492983 13.836003 17.649466 -26.371319 52.481144 -19.421049 -14.404999 29.421864 0.000409 -8.770714 -0.000204 16.061129 -18.429813 6.619171 -0.614883 -1.791827 -3.915046 -4.804667 -11.036681 -2.904461 -0.007461 -20.932987 -0.000697 -5.011598 -24.994379 -4.028264 0.00258 -0.0 0.002329 -10.630577 -5.676878 -3.588538 10.559892 -17.892569 -3.08828 -0.002049 -13.796827 0.011407 -0.523689 -31.111515 -4.000923 -11.978161 -59.889908 8.510919 -13.963633 -7.137982 -2.900729 13.751314 -8.39047 -3.214879 0.322459 -34.134537 0.819248 -0.958193 -17.680492 2.629935 0.007807 -0.001952 0.001574 -17.32313 -20.071976 -4.219478 21.720753 -1.633405 3.859119 0.010673 -6.32554 0.008539 -1.687286 -22.525669 -6.178591 -0.004149 -0.000519 -0.002329 17.524 -64.231377 179.192581 32.664364 -46.181129 9.891007 25.612097 -0.616459 0.032565 -3.168973 -1.773325 0.768861 22.205927 -20.380165 49.954411 -16.683376 -16.751787 28.459656 0.010407 -12.687643 0.000796 16.191145 -17.835058 2.658141 -0.104847 -1.509435 -4.27346 -5.042255 -5.61006 -2.953339 0.001406 -11.014679 -0.005592 -6.124897 -15.895394 -3.820623 0.001696 -0.004966 -0.001321 -10.285214 -5.675376 -4.337912 11.028751 -11.295709 -2.371622 -1.387721 -14.235784 -6.325517 -0.627478 -26.906239 -3.831479 -4.212956 -49.577766 -3.669038 -13.716852 -7.356062 -3.726893 18.163368 -14.051246 -3.224807 -0.003754 -18.779102 -0.00346 -0.436286 -8.453546 2.553409 0.005529 -0.008224 -0.0 -15.93399 -20.086906 -5.483407 30.440992 -7.188295 1.753291 0.000251 -8.159186 -0.00332 -1.88641 -22.837048 -6.129719 0.004338 0.005229 -0.004129 -179.325806 -1.96447 -12.415446 13.75671 0.115135 -0.046393 -80.419304 -3.916517 -5.189384 -5.375689 1.576392 2.136179 -0.996805 0.004617 0.001427 -2.451918 -5.650918 -2.542299 15.193484 0.067909 -0.210592 -78.241661 -7.246008 -6.248449 -5.519135 0.692857 1.707584 -0.996359 -0.000781 0.002377 
0.0 0.0 0.0 0.0 -0.0 0.0 -4.806642 99.846802 -12.049881 87.611671 0.306799 -6.854184 -4.61051 -0.092546 -0.317921 -12.208182 -0.969602 -1.141595 21.521206 0.328323 -3.283575 17.674696 0.338381 3.018976 -2.545897 -0.54603 0.484211 -28.266151 0.729066 0.108348 0.00187 0.000604 0.001943 -0.010153 -0.021959 -0.033985 0.115559 -0.048089 -0.012842 0.081359 0.003632 -0.055401 -152.098267 -68.410255 165.643188 17.77454 -51.378639 20.748482 34.898087 0.626124 -0.181169 1.493736 2.585487 13.085134 17.617617 -26.311142 52.393047 -19.441332 -14.374089 29.365049 0.007379 -8.76654 0.008867 16.107117 -18.384768 6.464063 -0.614386 -1.805429 -3.874448 -4.801525 -11.037079 -2.960163 -0.00344 -20.980091 0.020421 -5.00933 -25.03351 -4.035065 0.004005 0.005813 -0.012197 -10.621483 -5.686114 -3.550278 10.55755 -17.912771 -3.116806 -0.00494 -13.809524 -0.000121 -0.511326 -31.162315 -4.032196 -11.539698 -59.80106 8.079419 -13.97126 -7.147997 -2.871698 13.759751 -8.402818 -3.208078 0.348477 -34.221539 0.76587 -0.979587 -17.730736 2.620452 -0.020303 0.001995 -0.008323 -17.34199 -20.094326 -4.17776 21.746067 -1.628571 3.856861 -0.006097 -6.328377 -0.00778 -1.723574 -22.572296 -6.168784 0.018691 0.002496 0.001626 17.479927 -63.605782 179.096222 32.36224 -46.17701 10.519472 25.51507 -0.705635 0.020325 -3.107079 -1.863053 0.753744 22.147209 -20.36949 49.88747 -16.673393 -16.733429 28.433622 -0.002072 -12.662613 -0.004616 16.178757 -17.826492 2.690759 -0.099872 -1.512214 -4.270709 -5.028212 -5.603651 -2.939981 -0.003239 -10.986888 -0.012087 -6.109417 -15.854049 -3.815372 -0.001578 9.2e-05 -0.000792 -10.264675 -5.664723 -4.32671 11.029379 -11.285326 -2.374038 -1.378802 -14.21639 -6.303286 -0.63974 -26.881702 -3.801183 -4.29515 -49.634026 -3.583475 -13.68313 -7.348845 -3.712296 18.12335 -14.03156 -3.238322 -0.001886 -18.773754 0.000684 -0.428638 -8.445742 2.567432 0.002102 0.002742 -0.001533 -15.882568 -20.056614 -5.463152 30.366539 -7.180174 1.719817 0.000462 -8.134665 0.004062 -1.881537 -22.803263 -6.135524 0.001621 -0.010498 -0.003125 -179.032242 -1.931959 -12.471799 13.583852 0.10915 -0.049488 -80.785545 -3.610723 -5.472161 -5.427661 1.566481 2.129096 -0.993508 -0.000999 -0.00064 -2.367813 -5.727119 -2.911331 15.47788 0.062549 -0.188529 -78.649834 -6.95622 -6.317261 -5.360999 0.688997 1.695326 -1.00172 0.003345 -0.001365 
0.0 0.0 0.0 0.0 -0.0 0.0 -5.032927 99.842522 -12.208438 87.689804 0.236979 -6.710281 -4.858983 -0.095681 -0.326453 -12.310617 -0.952001 -1.072229 21.501017 0.002212 -3.349483 17.995388 0.39865 3.112164 -2.530971 -0.588419 0.285424 -27.874329 0.728791 0.138939 0.000908 -0.000108 -0.004021 -0.02161 -0.025153 -0.064279 0.113963 -0.050546 -0.035254 0.073634 0.000753 -0.08187 -152.339584 -68.323059 165.862915 16.747929 -51.444958 20.858231 34.110847 0.594998 -0.153302 1.440834 2.636017 12.701311 17.610228 -26.323444 52.432034 -19.48842 -14.400631 29.411034 0.001008 -8.77008 0.005197 16.076279 -18.363302 6.414203 -0.608103 -1.793137 -3.899072 -4.813469 -11.059826 -2.931455 0.004848 -21.003128 0.006928 -5.004374 -25.038759 -4.044132 0.004161 -0.008264 -0.001225 -10.638101 -5.691764 -3.567093 10.567063 -17.921265 -3.102861 0.00953 -13.818721 -0.007892 -0.465516 -31.203371 -4.044852 -11.61018 -59.779484 8.070233 -13.983347 -7.15756 -2.862751 13.767364 -8.399076 -3.234626 0.357747 -34.226135 0.784577 -0.958819 -17.743671 2.616989 0.0082 -0.005794 -0.013722 -17.350643 -20.112492 -4.192152 21.748129 -1.633478 3.862273 -0.001698 -6.343721 -0.015873 -1.698368 -22.61668 -6.16262 1e-06 -0.007387 -0.009221 17.827271 -63.604012 178.757004 32.419689 -46.604794 10.898494 25.590431 -0.758742 0.032172 -2.967315 -1.896024 0.77605 22.214119 -20.38884 49.99284 -16.690125 -16.764467 28.495657 0.0144 -12.702427 -0.013317 16.335907 -17.906879 2.598328 -0.111514 -1.515489 -4.270064 -5.044258 -5.618639 -2.954887 -0.004381 -11.014215 -0.011766 -6.12296 -15.900134 -3.826967 0.000123 0.001299 -0.001588 -10.296047 -5.685904 -4.334483 11.026284 -11.305632 -2.358735 -1.401651 -14.231702 -6.334414 -0.646348 -26.94515 -3.816516 -4.348163 -49.73064 -3.664737 -13.734432 -7.372922 -3.720872 18.143658 -14.049506 -3.223013 -0.004903 -18.802656 0.003369 -0.427851 -8.465837 2.540658 0.002098 -0.001758 0.011966 -15.95627 -20.117786 -5.478245 30.431423 -7.179843 1.747992 0.000588 -8.178541 0.011811 -1.882349 -22.872738 -6.163228 -0.000382 -0.003628 -0.002882 -178.921753 -2.122058 -12.520966 13.576962 0.10756 -0.063094 -80.823372 -3.214279 -5.593918 -5.453004 1.538428 2.127256 -0.993872 0.000771 -0.000712 -2.161836 -5.59598 -3.29173 15.389511 0.061569 -0.170096 -78.84304 -6.836358 -6.238156 -5.290095 0.681529 1.697585 -1.00027 0.006312 0.000584 
0.0 0.0 0.0 0.0 -0.0 0.0 -5.277374 99.867752 -12.429282 87.704224 0.08105 -6.507215 -4.989386 -0.082067 -0.336338 -12.33208 -0.934833 -1.01162 21.30549 -0.225018 -3.399501 18.224922 0.541608 3.158521 -2.492902 -0.603351 0.113259 -27.603888 0.745876 0.187895 0.000829 -0.000517 -0.002029 -0.021577 -0.026346 -0.065732 0.119248 -0.039702 -0.045074 0.083079 -0.014962 -0.086743 -152.289795 -68.299606 165.85405 15.842109 -51.673157 21.197245 33.485115 0.65709 -0.133096 0.968746 2.415629 12.478836 17.653761 -26.32292 52.457527 -19.500885 -14.43296 29.422115 0.004096 -8.790432 -0.003295 16.107191 -18.396797 6.42748 -0.606604 -1.791357 -3.885592 -4.822017 -11.065202 -2.944895 -0.002296 -21.005283 0.001356 -5.017627 -25.076635 -4.043975 -0.002286 0.009658 -0.001207 -10.653552 -5.693513 -3.546429 10.588458 -17.949072 -3.127318 -0.001675 -13.842811 -0.012855 -0.511042 -31.215364 -4.031721 -11.66979 -59.873253 8.101732 -14.011177 -7.154541 -2.867636 13.800558 -8.41139 -3.216451 0.353923 -34.243061 0.751141 -0.962729 -17.764425 2.588674 -0.000295 0.019541 0.014391 -17.383423 -20.11186 -4.186302 21.787361 -1.633351 3.87468 0.003261 -6.345337 -0.012776 -1.709532 -22.646765 -6.204561 0.006226 0.001243 -0.004586 18.192051 -63.583584 178.360809 32.409679 -46.959 11.062742 25.818289 -0.761322 0.033118 -2.899828 -2.032789 0.776544 22.23694 -20.349766 49.94368 -16.699781 -16.753075 28.463907 0.013482 -12.70689 -0.017339 16.397884 -17.921474 2.602528 -0.106359 -1.510203 -4.276684 -5.047818 -5.615077 -2.940056 -0.007588 -11.009696 -0.003769 -6.116712 -15.904586 -3.85104 -0.001609 0.006346 0.001106 -10.297731 -5.678548 -4.346526 11.030124 -11.312693 -2.355096 -1.401615 -14.239608 -6.312549 -0.639586 -26.938828 -3.828409 -4.424653 -49.71352 -3.637279 -13.733515 -7.3683 -3.711201 18.157511 -14.039384 -3.231637 -0.013534 -18.789989 0.009467 -0.419931 -8.469156 2.541847 0.0022 -0.007406 -0.003849 -15.957614 -20.10935 -5.463894 30.451084 -7.190941 1.756629 0.004706 -8.16447 -0.009624 -1.877951 -22.843094 -6.185777 -0.001986 -0.015729 0.009556 -178.66629 -2.40593 -12.330103 13.305587 0.123135 -0.102762 -80.829948 -2.920849 -5.653554 -5.462234 1.519412 2.121834 -0.993577 -0.005169 -6e-05 -1.684929 -5.286157 -3.537706 14.813852 0.065482 -0.171147 -78.65937 -6.974067 -6.112135 -5.331406 0.659694 1.689416 -1.001354 -0.0096 -0.002186 
0.0 0.0 0.0 0.0 -0.0 0.0 -5.479396 99.881836 -12.665478 87.689476 -0.088866 -6.304989 -5.071146 -0.075769 -0.33311 -12.340084 -0.923896 -0.974159 21.153189 -0.41408 -3.409365 18.351534 0.684035 3.15869 -2.486651 -0.574308 0.071011 -27.346172 0.727027 0.215909 0.003395 -0.000816 -0.001534 -0.034297 -0.028007 -0.065516 0.101902 -0.030617 -0.036144 0.065302 -0.025997 -0.078555 -152.409805 -68.301567 166.045303 15.051181 -51.746841 21.681953 33.148964 0.610421 -0.113445 0.392134 1.945934 12.55129 17.651266 -26.351698 52.446453 -19.467783 -14.382089 29.409664 -0.002188 -8.772181 0.010862 16.180201 -18.35302 6.411407 -0.609384 -1.804136 -3.876269 -4.799973 -11.047505 -2.942398 0.007931 -20.980457 0.004191 -5.002919 -25.006336 -4.036825 -0.004133 0.00737 0.004695 -10.633241 -5.695395 -3.555484 10.579672 -17.944426 -3.106834 6.6e-05 -13.830908 0.009875 -0.49582 -31.218313 -4.003932 -11.718364 -59.911915 8.301356 -13.978791 -7.151721 -2.866234 13.776564 -8.414324 -3.201836 0.364168 -34.233227 0.767846 -0.946629 -17.742449 2.596747 -0.010774 -0.010452 -0.002501 -17.349098 -20.113409 -4.187353 21.77202 -1.647391 3.882147 0.000139 -6.344123 -0.011648 -1.68801 -22.638262 -6.187421 0.001882 0.007841 0.003921 18.420473 -63.551865 178.137115 32.292244 -47.006069 11.457452 26.150999 -0.758763 0.06018 -2.928975 -2.234832 0.78541 22.167114 -20.350029 49.90448 -16.701294 -16.711939 28.433767 0.00252 -12.658605 -0.00261 16.368753 -17.869946 2.61243 -0.094599 -1.512512 -4.265759 -5.030251 -5.614114 -2.966192 0.003488 -11.024581 -0.000267 -6.098973 -15.892852 -3.844385 -4e-05 -0.006205 0.00656 -10.260824 -5.67044 -4.329593 11.029352 -11.305795 -2.384515 -1.376788 -14.239631 -6.311037 -0.605049 -26.942549 -3.84272 -4.458988 -49.787537 -3.524644 -13.674809 -7.353195 -3.72262 18.119444 -14.064984 -3.238793 0.014756 -18.782324 -0.001216 -0.418551 -8.466514 2.527042 0.004497 -0.005079 0.007315 -15.873505 -20.088539 -5.467242 30.363832 -7.191334 1.709471 0.000648 -8.172861 0.000249 -1.850245 -22.854244 -6.156071 -0.000738 0.001053 0.006617 -178.437424 -2.709658 -12.020078 13.155478 0.139282 -0.147159 -80.787231 -2.746537 -5.668651 -5.46269 1.503289 2.117936 -1.00247 0.000454 -0.00023 -1.199797 -4.939758 -3.58665 14.318612 0.082011 -0.16934 -78.665314 -7.300813 -6.010883 -5.442087 0.654211 1.673125 -0.999074 0.000675 0.000915 
0.0 0.0 0.0 0.0 -0.0 0.0 -5.679244 99.864143 -12.872603 87.671234 -0.198007 -6.143453 -5.172731 -0.078001 -0.304048 -12.391249 -0.92297 -0.941593 21.144323 -0.604228 -3.403597 18.356873 0.814013 3.134073 -2.493409 -0.55434 0.102133 -27.025169 0.661036 0.146933 -0.002473 -3.8e-05 0.0 -0.038541 -0.024834 -0.03793 0.101875 -0.028577 -0.022626 0.058423 -0.025085 -0.059429 -152.671982 -68.100044 166.447571 14.316819 -51.621243 22.049744 33.164421 0.548492 -0.114537 -0.035073 1.531981 12.633956 17.683901 -26.375578 52.477005 -19.495497 -14.424427 29.448071 -0.005257 -8.785238 -0.000698 16.25395 -18.41099 6.481112 -0.602844 -1.791071 -3.90833 -4.805615 -11.059463 -2.917649 0.002808 -21.000349 -0.012832 -5.042301 -25.071732 -4.012547 0.000675 0.010513 -0.000389 -10.631537 -5.682672 -3.567327 10.58612 -17.940073 -3.119085 0.009355 -13.850296 0.006765 -0.484045 -31.260696 -4.027542 -11.730209 -60.064945 8.271339 -13.988367 -7.143839 -2.894344 13.795731 -8.415739 -3.237855 0.34083 -34.280811 0.817657 -0.973996 -17.757204 2.652531 0.006881 0.002115 -0.010781 -17.342756 -20.105261 -4.219107 21.775553 -1.65672 3.882983 0.011161 -6.353467 -0.004867 -1.706171 -22.619728 -6.17737 0.013261 -0.001365 -0.011267 18.262741 -63.227043 178.241684 31.990007 -46.699188 12.069751 26.496346 -0.760476 0.073572 -2.959321 -2.342666 0.708279 22.19323 -20.397007 49.955444 -16.719753 -16.752279 28.506424 -0.009281 -12.688651 -0.008491 16.382423 -17.884083 2.606434 -0.113044 -1.519792 -4.274631 -5.034678 -5.610419 -2.964267 0.003458 -11.025714 0.00085 -6.106589 -15.89816 -3.830911 0.000319 0.011826 -0.004937 -10.295746 -5.676022 -4.34668 11.047977 -11.325539 -2.364542 -1.367131 -14.258485 -6.323501 -0.605737 -26.921427 -3.821333 -4.440418 -49.957905 -3.428857 -13.720655 -7.360843 -3.721085 18.155519 -14.057826 -3.255319 0.009278 -18.785297 0.002536 -0.424441 -8.445914 2.569247 0.003281 0.007746 0.008241 -15.912864 -20.090946 -5.484756 30.41733 -7.225826 1.736108 0.018937 -8.16206 -0.002212 -1.846197 -22.893061 -6.164805 -0.00425 0.014581 -0.018381 -178.322784 -2.95289 -11.799398 13.309443 0.126076 -0.157001 -81.132736 -2.588994 -5.708116 -5.513147 1.508434 2.107855 -1.000658 -0.000681 -8.3e-05 -0.921495 -4.685153 -3.513344 14.247577 0.106285 -0.165835 -78.920067 -7.671453 -5.980217 -5.477886 0.687372 1.676219 -1.002457 -0.007891 -0.002924 
0.0 0.0 0.0 0.0 -0.0 0.0 -5.806115 99.839798 -13.120362 87.608086 -0.234562 -5.982983 -5.266881 -0.093557 -0.28641 -12.430056 -0.936945 -0.914702 21.172493 -0.793465 -3.345543 18.307178 0.903426 3.085224 -2.516694 -0.554707 0.189649 -26.889709 0.576917 0.031909 -0.002418 -8.9e-05 -0.001832 -0.045158 -0.021136 -0.027747 0.111399 -0.02732 -0.003179 0.071834 -0.018143 -0.045714 -152.880417 -67.822945 166.791275 13.701884 -51.327038 22.089577 33.389816 0.463116 -0.101706 -0.164898 1.44205 12.615361 17.663389 -26.305731 52.382236 -19.494452 -14.401685 29.423906 -0.011739 -8.784933 0.007767 16.245916 -18.349615 6.431687 -0.606617 -1.79754 -3.893025 -4.79058 -11.040695 -2.946404 0.014664 -20.990816 -0.011629 -5.004345 -25.070675 -4.010026 0.006906 -0.012397 -0.000826 -10.626159 -5.673762 -3.574162 10.585187 -17.923632 -3.103797 0.007594 -13.820683 0.006596 -0.465611 -31.192177 -4.024592 -11.580254 -59.915146 8.144888 -13.969418 -7.136407 -2.891937 13.776756 -8.414896 -3.216426 0.381526 -34.176277 0.768278 -0.959175 -17.72661 2.645489 -0.001294 -0.000241 0.0 -17.323212 -20.086784 -4.205668 21.75444 -1.640941 3.850171 0.011162 -6.342626 0.005627 -1.701094 -22.579737 -6.199451 0.007745 -0.003873 -0.001035 17.955013 -62.931446 178.484619 31.717436 -46.239918 12.681636 26.634771 -0.767335 0.078124 -2.950011 -2.323562 0.456108 22.171017 -20.372271 49.903034 -16.721508 -16.750536 28.471991 -0.012759 -12.679244 0.004791 16.369114 -17.803471 2.619158 -0.107739 -1.51732 -4.268205 -5.027586 -5.610372 -2.951375 0.002299 -11.016339 -0.000493 -6.102845 -15.898661 -3.840425 4.6e-05 -0.0 0.007148 -10.273193 -5.670663 -4.323696 11.031603 -11.310343 -2.375849 -1.380223 -14.225455 -6.308552 -0.612875 -26.901558 -3.815944 -4.27632 -49.844097 -3.457334 -13.700404 -7.355332 -3.693815 18.160778 -14.066237 -3.265325 0.016069 -18.786827 -0.020572 -0.430593 -8.456536 2.563638 0.001028 -0.010383 0.004685 -15.906316 -20.089699 -5.460354 30.415236 -7.204303 1.715909 -0.002651 -8.170077 0.005338 -1.843572 -22.850281 -6.143867 0.003551 -0.003533 0.000647 -178.296127 -3.146573 -11.606471 13.426396 0.105168 -0.130763 -81.091835 -2.48665 -5.774961 -5.534172 1.521508 2.114358 -0.995033 -0.006959 -0.002454 -0.879655 -4.47456 -3.428585 14.45596 0.114933 -0.163521 -79.008591 -7.95478 -5.891294 -5.431646 0.71589 1.684589 -0.992564 -0.005221 -0.000357 
0.0 0.0 0.0 0.0 -0.0 0.0 -5.907095 99.825027 -13.3127 87.699585 -0.228056 -5.861335 -5.386026 -0.111382 -0.27408 -12.519631 -0.948027 -0.876526 21.276361 -0.955299 -3.291769 18.266592 0.929691 3.045364 -2.535652 -0.570578 0.226878 -26.791702 0.527346 -0.000827 0.003417 -0.000504 -0.001857 -0.04509 -0.02092 -0.033239 0.111408 -0.029692 -0.011602 0.072279 -0.014045 -0.053177 -153.055222 -67.314735 167.068466 13.137496 -51.052925 21.95789 33.758694 0.45621 -0.150212 -0.002241 1.573532 12.38335 17.667641 -26.285975 52.363174 -19.440002 -14.363142 29.363134 0.012299 -8.773951 -0.004875 16.273964 -18.3591 6.343867 -0.603833 -1.791705 -3.904862 -4.84134 -11.05978 -2.931108 -0.023223 -20.973402 -0.000804 -5.066311 -25.031015 -4.035442 -0.002514 0.001919 0.000277 -10.636155 -5.701903 -3.560458 10.556561 -17.925493 -3.105857 -0.004741 -13.838417 -0.01496 -0.503448 -31.190834 -4.061121 -11.411262 -59.841541 7.884783 -13.991076 -7.168956 -2.872501 13.7647 -8.388175 -3.20475 0.315181 -34.242298 0.743382 -0.987842 -17.74346 2.612325 0.00266 -0.006784 -0.001211 -17.371838 -20.121256 -4.19852 21.753302 -1.61727 3.867517 -0.002109 -6.343786 0.021538 -1.715446 -22.583712 -6.215836 0.001216 -0.000126 0.000157 17.577707 -62.580753 178.865433 31.534779 -45.703602 13.103488 26.620203 -0.691654 0.059149 -2.919732 -2.244013 0.215883 22.21438 -20.352116 49.953732 -16.667509 -16.735563 28.448595 0.020761 -12.689446 -0.023144 16.37682 -17.789791 2.621441 -0.095276 -1.508746 -4.266943 -5.054416 -5.614041 -2.962772 -0.01318 -11.017767 0.014486 -6.13635 -15.905204 -3.855039 0.001467 -0.005601 0.005768 -10.279113 -5.682906 -4.349215 11.017343 -11.285181 -2.354662 -1.40253 -14.251222 -6.317192 -0.640927 -26.929893 -3.852167 -4.180192 -49.865532 -3.609737 -13.704679 -7.369365 -3.719167 18.114227 -14.009969 -3.236968 -0.03804 -18.7749 0.004296 -0.437691 -8.443891 2.563818 -0.003354 0.000103 0.005847 -15.938501 -20.103014 -5.475269 30.425621 -7.15562 1.760206 -0.017485 -8.140676 0.010711 -1.888262 -22.825663 -6.173679 -0.001481 -0.012315 0.011437 -178.312332 -3.254337 -11.407715 13.470833 0.079987 -0.110397 -81.143326 -2.418516 -5.883986 -5.550339 1.531261 2.115638 -0.995154 -0.003695 -8.8e-05 -0.932698 -4.343706 -3.397057 14.683974 0.102715 -0.136931 -79.330902 -8.174425 -5.904863 -5.369317 0.707627 1.67826 -0.999459 0.00371 -0.000423 
0.0 0.0 0.0 0.0 -0.0 0.0 -5.974666 99.810333 -13.474308 87.795792 -0.207994 -5.696289 -5.492771 -0.130989 -0.282704 -12.542747 -0.941478 -0.822938 21.263853 -1.079213 -3.26342 18.145323 0.911268 3.034403 -2.531532 -0.583059 0.239773 -26.626478 0.511041 -0.011189 0.000978 0.000327 0.00166 -0.051758 -0.01825 -0.024624 0.099575 -0.027638 -0.008077 0.066458 -0.011825 -0.047893 -153.128525 -67.292236 167.124191 12.951727 -51.136688 21.521183 34.157665 0.385519 -0.180092 0.139707 1.777129 12.176705 17.660837 -26.355042 52.482925 -19.462587 -14.409003 29.434 0.002831 -8.776494 0.008592 16.172518 -18.336504 6.360798 -0.597717 -1.778998 -3.896329 -4.814601 -11.058797 -2.930365 -0.010287 -20.97373 -0.008569 -5.050484 -25.023338 -3.995436 0.014869 4.8e-05 -0.003985 -10.620337 -5.677793 -3.583031 10.563291 -17.941063 -3.100883 -0.010562 -13.818868 -0.009514 -0.535315 -31.192881 -4.029341 -11.506218 -59.849834 7.875073 -13.975268 -7.142431 -2.884445 13.763951 -8.401575 -3.206569 0.344656 -34.243572 0.76356 -0.983906 -17.745823 2.605214 -0.0 -0.002273 0.002592 -17.340197 -20.101263 -4.214603 21.757717 -1.635365 3.874535 -0.009843 -6.340209 0.014227 -1.699688 -22.574467 -6.1955 -0.005375 -0.000269 0.010225 17.264385 -62.57111 179.125885 31.579094 -45.541836 13.308948 26.488619 -0.702375 0.070926 -2.847604 -2.148896 -0.045992 22.196228 -20.401522 49.999977 -16.71323 -16.737495 28.500761 -0.007217 -12.683987 -0.008315 16.281797 -17.725697 2.64267 -0.10228 -1.515954 -4.285178 -5.035252 -5.611801 -2.954858 -0.000433 -11.016453 -0.007981 -6.104133 -15.912775 -3.842208 -0.004524 -0.001444 0.005823 -10.292301 -5.681268 -4.346776 11.046487 -11.307989 -2.37488 -1.368825 -14.229716 -6.320444 -0.607985 -26.900278 -3.818497 -4.178188 -49.824009 -3.492364 -13.71448 -7.36459 -3.727307 18.15847 -14.064771 -3.237474 0.017177 -18.799559 -0.002218 -0.424726 -8.445735 2.558268 -0.006934 -0.001036 0.004279 -15.926453 -20.11566 -5.48743 30.435938 -7.210336 1.724511 -0.00199 -8.166907 0.015005 -1.862158 -22.870258 -6.164175 0.003865 -0.016996 0.008083 -178.456558 -3.351417 -11.182604 13.604266 0.076335 -0.104277 -81.269363 -2.36736 -5.979463 -5.576248 1.552222 2.122482 -0.992538 -0.001609 0.000542 -1.075445 -4.235026 -3.398994 14.938278 0.081275 -0.131303 -79.57016 -8.378459 -5.894894 -5.347436 0.704273 1.67839 -0.999747 -0.000488 -0.002493 
0.0 0.0 0.0 0.0 -0.0 0.0 -5.990053 99.806503 -13.585663 87.886894 -0.186324 -5.54525 -5.560247 -0.140163 -0.280715 -12.55685 -0.919425 -0.77467 21.240908 -1.18189 -3.252566 18.046036 0.845479 3.03022 -2.527396 -0.572567 0.204516 -26.589212 0.526552 -0.00382 -0.0 8.6e-05 -3e-06 -0.051676 -0.01767 -0.022929 0.108215 -0.021866 0.005437 0.062813 -0.016181 -0.043914 -153.114899 -66.9748 167.123032 12.785932 -51.105141 21.123055 34.569389 0.341735 -0.214731 0.229862 1.985007 12.041829 17.621727 -26.356462 52.509979 -19.436529 -14.394993 29.419439 0.008727 -8.773743 -0.008347 16.151487 -18.358852 6.3605 -0.604846 -1.79666 -3.871513 -4.816663 -11.060612 -2.959438 -0.019642 -21.000856 0.017818 -5.051758 -25.073944 -4.033672 0.00207 0.011372 0.000857 -10.635771 -5.69277 -3.547512 10.563422 -17.919001 -3.115959 -0.018149 -13.815679 0.004508 -0.516395 -31.176205 -4.02712 -11.502428 -59.700546 7.854561 -13.998278 -7.161294 -2.842096 13.77699 -8.378136 -3.24068 0.315317 -34.194721 0.784689 -0.975889 -17.703642 2.625419 -0.010836 0.010186 0.005731 -17.364017 -20.10622 -4.182149 21.751429 -1.626816 3.868047 0.003844 -6.346617 0.009503 -1.678801 -22.567348 -6.200558 -0.004798 0.00178 0.008691 17.061464 -62.478878 179.309372 31.529741 -45.33498 13.457747 26.33787 -0.6327 0.092508 -2.80265 -2.086178 -0.253147 22.193457 -20.297215 49.878792 -16.690937 -16.741901 28.430468 0.010397 -12.700158 0.006396 16.319843 -17.792715 2.600586 -0.095616 -1.512865 -4.262883 -5.05125 -5.623137 -2.952191 -0.009673 -11.025341 0.008475 -6.123567 -15.902735 -3.844296 0.003179 0.000345 -0.006311 -10.282793 -5.690911 -4.315846 11.021989 -11.293643 -2.391004 -1.40296 -14.240219 -6.324817 -0.652158 -26.87636 -3.843383 -4.190371 -49.711227 -3.616812 -13.715344 -7.382702 -3.704838 18.129717 -14.036053 -3.235858 -0.007866 -18.78463 -0.023965 -0.429031 -8.454767 2.53862 -0.007777 0.009977 -0.004379 -15.952004 -20.12081 -5.440811 30.428247 -7.175926 1.749993 0.004411 -8.147142 -0.014511 -1.873552 -22.830772 -6.192796 -0.000263 -0.00829 0.001404 -178.62587 -3.412157 -10.970099 13.680164 0.078169 -0.101738 -81.269646 -2.266571 -6.005129 -5.596411 1.556553 2.127837 -0.998549 -0.002236 -8.9e-05 -1.220947 -4.161239 -3.411952 15.068065 0.067964 -0.125285 -79.561531 -8.572087 -5.923512 -5.36823 0.686324 1.666235 -0.992266 -0.004629 -0.001448 
0.0 0.0 0.0 0.0 -0.0 0.0 -6.001213 99.813759 -13.676742 87.987999 -0.154385 -5.350629 -5.601158 -0.145025 -0.293364 -12.577667 -0.903456 -0.732698 21.201674 -1.269566 -3.230619 17.913599 0.783968 3.025256 -2.530324 -0.567047 0.170706 -26.505926 0.538224 -0.015937 -0.003424 -6.1e-05 -0.001661 -0.057423 -0.017765 -0.028023 0.09577 -0.015951 -0.001879 0.068323 -0.022556 -0.043229 -153.122742 -66.828934 167.152115 12.769562 -51.06126 20.736147 34.951363 0.299179 -0.214537 0.244198 2.129506 11.815019 17.599052 -26.337372 52.472012 -19.453411 -14.39438 29.418465 0.004572 -8.778352 -0.004177 16.122261 -18.385969 6.356053 -0.607716 -1.79325 -3.885878 -4.812772 -11.04035 -2.938799 -0.01571 -20.966013 0.011223 -5.017495 -25.007492 -4.066506 -0.007751 0.00641 0.002376 -10.640648 -5.690121 -3.541813 10.561551 -17.911148 -3.126433 0.003022 -13.817914 0.012358 -0.516683 -31.17729 -4.034915 -11.463902 -59.691113 7.820144 -13.993941 -7.160896 -2.860759 13.768879 -8.381458 -3.234384 0.318945 -34.208561 0.79369 -0.968118 -17.729395 2.608215 0.000604 0.002421 -0.003651 -17.357727 -20.104265 -4.183219 21.741888 -1.623167 3.865747 -0.003094 -6.337586 -0.010405 -1.684079 -22.569927 -6.187599 -0.00078 0.010594 -0.010983 16.830065 -62.407078 179.48233 31.44665 -45.159943 13.614763 26.203695 -0.607944 0.116553 -2.725521 -2.088705 -0.44273 22.176846 -20.349007 49.899925 -16.654753 -16.710558 28.425346 0.006191 -12.673071 -0.019937 16.281523 -17.784927 2.637224 -0.10619 -1.510149 -4.268297 -5.03278 -5.608253 -2.944967 -0.014524 -11.008103 0.00755 -6.111155 -15.878556 -3.839319 -0.004461 -0.001423 -0.001117 -10.293219 -5.683881 -4.327402 11.030655 -11.283687 -2.369185 -1.397481 -14.214775 -6.313718 -0.648181 -26.912567 -3.813953 -4.247014 -49.669453 -3.541527 -13.703264 -7.36186 -3.713746 18.102575 -14.026515 -3.214338 -0.021974 -18.771196 -0.000578 -0.430445 -8.446071 2.534214 -0.004797 0.010123 0.00936 -15.933464 -20.084408 -5.451454 30.400608 -7.167757 1.751368 -0.008443 -8.148982 -0.005302 -1.883128 -22.826693 -6.158354 -0.000602 -0.00656 -0.003917 -178.736938 -3.452209 -10.81228 13.626092 0.084954 -0.090687 -81.175697 -2.191583 -6.020975 -5.607592 1.566495 2.129287 -1.002295 0.003286 0.001202 -1.30121 -4.115839 -3.481828 15.100247 0.062212 -0.123351 -79.631836 -8.781974 -5.925136 -5.400867 0.66838 1.665455 -1.002805 0.001816 -0.001763 
0.0 0.0 0.0 0.0 -0.0 0.0 -6.006915 99.82412 -13.753027 88.087646 -0.122393 -5.161215 -5.639397 -0.144294 -0.267891 -12.579921 -0.893375 -0.720308 21.15144 -1.340377 -3.216591 17.813061 0.706475 3.040266 -2.535999 -0.572957 0.126679 -26.502731 0.55507 -0.025343 -0.000941 -0.000173 -0.001686 -0.048933 -0.016827 -0.02297 0.120804 -0.011882 -0.004093 0.080945 -0.025495 -0.034358 -153.337143 -66.771011 167.378983 12.843094 -51.05061 20.486061 35.32748 0.258425 -0.200997 0.263366 2.27495 11.648817 17.623846 -26.373619 52.545609 -19.466665 -14.375971 29.460419 -0.002847 -8.764312 0.01376 16.103685 -18.33659 6.359548 -0.609026 -1.79002 -3.898186 -4.805358 -11.057346 -2.972821 0.004905 -21.003571 0.007442 -5.038336 -25.059204 -4.037434 0.011589 -0.010019 -0.003914 -10.626421 -5.690978 -3.586901 10.552365 -17.930979 -3.122925 0.001972 -13.834446 -0.001122 -0.50805 -31.203026 -4.028645 -11.572942 -59.730408 7.893266 -13.967641 -7.15406 -2.900844 13.757076 -8.404923 -3.229293 0.353366 -34.221973 0.772799 -0.964463 -17.723434 2.625029 0.000356 -0.007897 -0.004974 -17.321657 -20.107529 -4.244856 21.733479 -1.648597 3.867427 0.000131 -6.352011 0.008286 -1.703167 -22.607992 -6.19346 0.002442 -0.001877 0.004525 16.636728 -62.417759 179.645569 31.420855 -45.132732 13.668532 26.205404 -0.649156 0.132286 -2.712725 -2.109667 -0.537998 22.168673 -20.402304 49.935036 -16.666515 -16.742716 28.463554 -0.002143 -12.673223 -0.013137 16.279228 -17.785809 2.64143 -0.10225 -1.50551 -4.284163 -5.034568 -5.611806 -2.94959 0.001906 -11.022012 0.005953 -6.092952 -15.905603 -3.833863 0.001583 -8e-06 0.007752 -10.274096 -5.668596 -4.359741 11.027816 -11.303108 -2.358666 -1.37505 -14.246911 -6.320178 -0.623225 -26.925005 -3.815673 -4.297718 -49.815701 -3.449936 -13.691815 -7.350718 -3.739154 18.11825 -14.039505 -3.230718 0.003471 -18.776066 0.006164 -0.431639 -8.456071 2.566988 -0.002618 0.006293 -0.006728 -15.888012 -20.0681 -5.484857 30.398085 -7.191339 1.717584 0.005843 -8.173419 0.012238 -1.845028 -22.852619 -6.144331 0.001543 -0.003696 -0.008278 -178.832443 -3.474573 -10.692122 13.544218 0.083278 -0.086404 -81.158173 -2.063833 -6.021317 -5.642099 1.560255 2.128155 -0.99237 0.001031 0.000746 -1.369646 -4.081542 -3.531224 15.095422 0.057116 -0.121082 -79.638336 -8.978733 -5.946447 -5.419213 0.678634 1.66518 -0.990637 6.8e-05 0.000455 
0.0 0.0 0.0 0.0 -0.0 0.0 -6.057075 99.829514 -13.839186 88.1782 -0.090177 -4.982501 -5.683915 -0.145882 -0.259845 -12.579586 -0.88567 -0.708417 21.127291 -1.395345 -3.197987 17.752615 0.643006 3.055444 -2.555023 -0.582684 0.098478 -26.519474 0.556397 -0.018468 -2e-06 0.000258 0.00019 -0.048873 -0.01631 -0.022994 0.109175 -0.00732 -0.002426 0.080715 -0.031708 -0.035575 -153.369339 -66.640938 167.423798 12.855936 -51.002552 20.445066 35.604786 0.264578 -0.209218 0.290754 2.353372 11.518203 17.629688 -26.333488 52.418854 -19.457785 -14.400717 29.412827 0.004454 -8.776088 -0.007785 16.120216 -18.370035 6.334885 -0.608504 -1.792434 -3.889683 -4.807773 -11.044443 -2.946845 -0.002439 -20.989416 0.019657 -5.025259 -25.030361 -4.020232 0.007755 -0.00741 -0.010373 -10.629978 -5.682433 -3.563909 10.570436 -17.916656 -3.123117 -0.018208 -13.820036 0.017638 -0.517208 -31.180613 -4.005539 -11.570136 -59.772625 7.884114 -13.987431 -7.144749 -2.867847 13.781743 -8.39036 -3.23625 0.32423 -34.235916 0.804482 -0.973199 -17.75481 2.62176 0.015785 0.005933 0.007072 -17.340832 -20.086895 -4.208767 21.759239 -1.643832 3.881135 -0.009171 -6.333578 -0.006016 -1.700201 -22.579895 -6.189563 0.004364 -0.0006 0.005304 16.57493 -62.374321 179.730591 31.352146 -45.076611 13.837385 26.231487 -0.609628 0.120169 -2.689508 -2.131886 -0.643813 22.170689 -20.335331 49.908508 -16.653284 -16.719322 28.427509 0.002096 -12.683383 -0.012904 16.295082 -17.794668 2.631141 -0.116871 -1.523494 -4.269591 -5.032688 -5.609857 -2.943088 -0.009696 -11.009903 -0.011966 -6.12077 -15.891623 -3.837209 0.004536 -0.004807 -0.00023 -10.284498 -5.685219 -4.321809 11.012316 -11.286961 -2.357365 -1.387014 -14.222898 -6.327933 -0.637446 -26.867426 -3.837418 -4.20834 -49.647865 -3.554364 -13.709802 -7.366632 -3.709288 18.12561 -14.038003 -3.21817 -0.020714 -18.763166 -3.5e-05 -0.414332 -8.463928 2.541945 -0.002623 0.01009 -0.0 -15.930548 -20.098282 -5.469645 30.391333 -7.173647 1.767881 -0.009013 -8.144397 -0.013307 -1.858122 -22.84444 -6.183216 0.000389 0.005865 0.010737 -178.896988 -3.501766 -10.594319 13.445669 0.083838 -0.077635 -81.142975 -1.928924 -6.021281 -5.658727 1.557262 2.119823 -0.998942 -0.000977 0.000169 -1.425966 -4.036269 -3.575243 15.107894 0.046761 -0.10544 -79.581596 -9.136723 -5.933989 -5.425672 0.66592 1.662922 -0.991968 0.001501 0.001787 
0.0 0.0 0.0 0.0 -0.0 0.0 -6.066486 99.829552 -13.904119 88.269348 -0.06106 -4.798429 -5.725595 -0.149616 -0.268022 -12.612928 -0.889436 -0.70847 21.117567 -1.4326 -3.178095 17.675833 0.597447 3.062367 -2.558628 -0.591011 0.094368 -26.455139 0.545618 0.048744 0.002477 0.000244 0.001746 -0.045383 -0.015516 -0.021385 0.115285 -0.001558 -0.001667 0.080736 -0.034147 -0.040261 -153.380722 -66.535904 167.426773 12.972799 -50.847206 20.42646 35.756088 0.29092 -0.220269 0.353147 2.364127 11.455987 17.638418 -26.291006 52.455334 -19.4669 -14.395222 29.41783 0.001654 -8.778811 0.009612 16.081682 -18.332706 6.336151 -0.611696 -1.790931 -3.894885 -4.811205 -11.037869 -2.944171 -0.00912 -20.951515 0.010196 -5.011868 -24.998762 -4.038782 -0.009795 0.009992 -0.004898 -10.634292 -5.678242 -3.574476 10.559154 -17.905569 -3.105627 0.005717 -13.806849 -0.001887 -0.489241 -31.172218 -4.049393 -11.494837 -59.636173 7.884876 -13.989123 -7.144735 -2.872274 13.768291 -8.388542 -3.224926 0.345422 -34.211227 0.75495 -0.961478 -17.748388 2.617953 -0.009255 0.003467 0.002442 -17.347216 -20.082668 -4.209457 21.747526 -1.633607 3.87288 0.000737 -6.344615 -0.003985 -1.72645 -22.567825 -6.1902 0.01794 -0.007523 -0.001985 16.490154 -62.306858 179.780762 31.299164 -45.113918 13.981286 26.229624 -0.642211 0.149311 -2.629565 -2.154054 -0.631695 22.194122 -20.340456 49.89407 -16.712889 -16.738052 28.443716 -0.005298 -12.687252 0.005802 16.330309 -17.776339 2.619306 -0.091367 -1.507149 -4.272218 -5.035969 -5.610096 -2.966471 0.01323 -11.016743 0.002751 -6.082976 -15.873999 -3.849803 0.000284 0.004738 -0.005303 -10.271291 -5.670258 -4.33724 11.033946 -11.306466 -2.392568 -1.367317 -14.251619 -6.317579 -0.603629 -26.934311 -3.824431 -4.19789 -49.8256 -3.463358 -13.690833 -7.349684 -3.730312 18.141254 -14.046224 -3.252705 0.008644 -18.775616 0.006164 -0.416665 -8.459812 2.545461 0.004427 -0.009321 -0.003511 -15.89223 -20.076639 -5.497071 30.403559 -7.226216 1.731354 0.015545 -8.168709 0.004602 -1.824473 -22.871723 -6.173808 -0.002435 0.004394 -0.00362 -179.040085 -3.538996 -10.524297 13.480398 0.087809 -0.06932 -81.045532 -1.811375 -6.034959 -5.666938 1.554605 2.122673 -0.998486 0.00466 0.000493 -1.523835 -4.009283 -3.616834 15.192301 0.048959 -0.10389 -79.723892 -9.313482 -5.950922 -5.448289 0.667149 1.664453 -0.999317 -0.006928 -0.002688 
0.0 0.0 0.0 0.0 -0.0 0.0 -6.087035 99.825409 -13.94861 88.352371 -0.039115 -4.625412 -5.757793 -0.160121 -0.263651 -12.607659 -0.88974 -0.70347 21.059872 -1.454209 -3.193671 17.63941 0.558796 3.072619 -2.543959 -0.587045 0.112143 -26.393717 0.521671 0.097617 -0.000903 0.000696 -0.000326 -0.048616 -0.015012 -0.026886 0.098206 0.0021 0.001207 0.070458 -0.035315 -0.040721 -153.351974 -66.287697 167.430984 13.006705 -50.70245 20.483416 35.78447 0.324357 -0.247059 0.396012 2.358702 11.499541 17.651897 -26.293669 52.373333 -19.425768 -14.363029 29.391558 0.005281 -8.760279 0.001087 16.04661 -18.302778 6.36273 -0.606833 -1.784786 -3.905584 -4.799305 -11.043107 -2.925475 -0.002919 -20.98617 0.023133 -5.010367 -25.062923 -4.028447 0.002408 -0.0 0.002502 -10.608114 -5.667113 -3.585825 10.534516 -17.906443 -3.087224 0.005222 -13.823398 0.008125 -0.514454 -31.161987 -4.047089 -11.643409 -59.749062 7.971414 -13.961939 -7.136877 -2.875292 13.759615 -8.388585 -3.230438 0.324127 -34.198135 0.766114 -0.966749 -17.744036 2.612135 -0.005147 0.002588 -0.005147 -17.314245 -20.073324 -4.197646 21.728151 -1.636204 3.864312 -0.014198 -6.326941 -0.00058 -1.698372 -22.581717 -6.203282 -0.009904 -0.003916 0.009522 16.40453 -62.068306 179.848862 31.13637 -45.025379 14.142682 26.269104 -0.61691 0.146 -2.574793 -2.193359 -0.594595 22.179688 -20.307558 49.79089 -16.665516 -16.731009 28.39011 0.001616 -12.679068 0.000596 16.329306 -17.752634 2.578704 -0.118568 -1.509459 -4.27829 -5.02975 -5.602689 -2.945001 0.001481 -11.003968 0.009061 -6.10408 -15.860781 -3.837626 -0.004177 0.010754 0.00061 -10.284904 -5.671865 -4.356375 11.023986 -11.277336 -2.351696 -1.397352 -14.211957 -6.311491 -0.644532 -26.870735 -3.813535 -4.278975 -49.628849 -3.463146 -13.702249 -7.345727 -3.727361 18.120068 -14.011775 -3.222055 -0.013109 -18.745472 0.013133 -0.425128 -8.429862 2.556381 -0.00042 -0.00625 -0.002582 -15.908491 -20.049849 -5.473662 30.365871 -7.181764 1.751082 0.011749 -8.145539 0.009167 -1.856413 -22.798773 -6.18066 -0.000142 -0.010308 -0.008434 -179.161438 -3.567707 -10.466559 13.560772 0.088792 -0.058802 -81.160416 -1.685235 -6.048097 -5.709505 1.552223 2.117939 -1.002328 -0.003664 -0.000792 -1.588943 -3.992946 -3.628628 15.282021 0.044071 -0.100993 -79.792389 -9.446909 -6.042396 -5.446215 0.656812 1.657246 -0.998406 0.001717 -0.000966 
0.0 0.0 0.0 0.0 -0.0 0.0 -6.088679 99.817436 -13.954958 88.371933 -0.022532 -4.447871 -5.792204 -0.168164 -0.252137 -12.61183 -0.899912 -0.702888 21.026463 -1.456626 -3.216445 17.648226 0.533009 3.07891 -2.542608 -0.574894 0.140558 -26.330147 0.480056 0.158988 -0.000914 0.000433 0.001376 -0.045103 -0.015467 -0.028655 0.101803 0.000357 -0.01023 0.076437 -0.035656 -0.04054 -153.411133 -66.528801 167.485291 13.151254 -50.799232 20.496534 35.814762 0.304228 -0.23604 0.440243 2.358369 11.567009 17.611759 -26.320854 52.443378 -19.453615 -14.399672 29.412804 -0.003266 -8.77218 0.007787 16.011833 -18.338406 6.382311 -0.616424 -1.794706 -3.921064 -4.794394 -11.024844 -2.931135 0.000159 -20.930481 0.007624 -4.983515 -24.989019 -4.031445 0.003038 -0.002124 -0.008636 -10.63805 -5.687806 -3.578208 10.58109 -17.897312 -3.116023 -0.000142 -13.811741 0.001055 -0.47801 -31.130199 -4.044902 -11.592091 -59.703598 7.938764 -13.977065 -7.136864 -2.904837 13.772165 -8.400262 -3.216664 0.356449 -34.142765 0.781829 -0.940299 -17.699596 2.600931 0.004283 -0.005712 -0.002715 -17.326456 -20.075787 -4.225877 21.7474 -1.633945 3.854687 0.003117 -6.339173 -0.001403 -1.688463 -22.553722 -6.197348 -0.003244 -0.002985 0.001363 16.414473 -62.139301 179.878326 31.115566 -45.184162 14.405934 26.396448 -0.614932 0.149636 -2.563144 -2.232717 -0.556224 22.167421 -20.414955 50.024437 -16.695192 -16.732864 28.491676 -0.012313 -12.668489 0.018117 16.312078 -17.699001 2.618326 -0.090439 -1.500677 -4.283282 -5.02431 -5.608656 -2.945304 0.004512 -11.015678 -0.008989 -6.091453 -15.88198 -3.829076 0.006275 -0.005522 0.001493 -10.272394 -5.664361 -4.348 11.035306 -11.301136 -2.369494 -1.375568 -14.223181 -6.324902 -0.620616 -26.893425 -3.815092 -4.286563 -49.661423 -3.403722 -13.687194 -7.344729 -3.734503 18.142591 -14.064107 -3.238117 0.002742 -18.784473 -0.001843 -0.443227 -8.439974 2.584493 -0.001826 -0.006573 -0.000184 -15.891157 -20.0697 -5.478286 30.39995 -7.202419 1.717489 0.007363 -8.153709 0.004569 -1.864306 -22.835558 -6.157387 -0.002242 0.009727 -0.001354 -179.31604 -3.583439 -10.399554 13.715536 0.086103 -0.054782 -81.039543 -1.538702 -6.02182 -5.74422 1.542065 2.117573 -0.991673 0.001623 0.000266 -1.650633 -3.99698 -3.656739 15.360512 0.047315 -0.098613 -79.776489 -9.59883 -6.055798 -5.47166 0.658886 1.661653 -0.998938 0.00194 0.00012 
0.0 0.0 0.0 0.0 -0.0 0.0 -6.13101 99.821106 -13.928742 88.416969 -0.010587 -4.299407 -5.816797 -0.17005 -0.240175 -12.640344 -0.907532 -0.72055 21.030218 -1.461886 -3.220849 17.664499 0.503595 3.074958 -2.544301 -0.56509 0.184807 -26.237387 0.453269 0.20582 -0.002449 0.000215 -0.001351 -0.046666 -0.014777 -0.024879 0.090919 -0.001948 -0.016752 0.07259 -0.033945 -0.040353 -153.435516 -66.413383 167.57695 13.241634 -50.690304 20.516972 35.751591 0.322213 -0.215352 0.415324 2.402911 11.484882 17.635386 -26.399595 52.535656 -19.461491 -14.400981 29.454437 -0.005563 -8.775429 0.000488 16.029181 -18.346783 6.437403 -0.61872 -1.800419 -3.891022 -4.792804 -11.045936 -2.947059 -0.00468 -20.973757 0.00965 -5.028908 -25.039696 -4.040756 -0.000647 -0.000133 0.01342 -10.632516 -5.689498 -3.543391 10.575342 -17.918707 -3.136932 0.005252 -13.82587 -0.005308 -0.543817 -31.210745 -4.019752 -11.628193 -59.973957 7.981424 -13.982524 -7.138747 -2.876302 13.781053 -8.404138 -3.218043 0.350126 -34.174229 0.789817 -0.972439 -17.718744 2.630754 -0.005249 0.007971 0.002448 -17.329407 -20.089218 -4.211712 21.750757 -1.642292 3.852919 0.001073 -6.344628 0.019549 -1.678462 -22.581707 -6.211767 -0.006339 0.002998 0.029773 16.454601 -62.032501 179.847916 30.951031 -45.213345 14.691889 26.482456 -0.559364 0.158652 -2.506557 -2.256697 -0.521942 22.177876 -20.380413 49.941544 -16.657135 -16.711046 28.446161 0.005614 -12.674891 -0.020311 16.36208 -17.734261 2.630944 -0.113844 -1.511155 -4.283759 -5.035067 -5.612327 -2.947648 -0.010019 -11.0177 0.011369 -6.110767 -15.894974 -3.841851 -0.005211 0.00652 -0.00155 -10.279211 -5.676202 -4.361554 10.999036 -11.287048 -2.346364 -1.387164 -14.235831 -6.308713 -0.648002 -26.899311 -3.808968 -4.282166 -49.677933 -3.508558 -13.708792 -7.367062 -3.720951 18.126743 -14.023721 -3.246709 -0.012575 -18.78569 0.007111 -0.437288 -8.435208 2.571528 0.00156 -0.000186 -0.015361 -15.919472 -20.08872 -5.479408 30.381256 -7.159083 1.750239 3.4e-05 -8.159659 0.018849 -1.874855 -22.808929 -6.162074 -5.2e-05 -0.018441 -0.00015 -179.322281 -3.556207 -10.361256 13.680089 0.086267 -0.058715 -81.08847 -1.438933 -6.00366 -5.769077 1.527368 2.113659 -0.998298 -1.9e-05 -0.00064 -1.584174 -4.019472 -3.689863 15.283011 0.049151 -0.108458 -79.74041 -9.697166 -6.133962 -5.511909 0.666236 1.657574 -0.994902 0.005891 0.002072 
0.0 0.0 0.0 0.0 -0.0 0.0 -6.159711 99.82048 -13.928912 88.419991 0.000837 -4.156948 -5.846023 -0.167717 -0.247576 -12.650572 -0.909663 -0.728496 21.014799 -1.454739 -3.212546 17.625704 0.50154 3.074117 -2.537453 -0.56395 0.241276 -26.115356 0.411898 0.243086 -0.002433 0.000106 -0.001767 -0.040626 -0.011445 -0.016277 0.096535 -0.001229 0.00032 0.072717 -0.027924 -0.030325 -153.341553 -66.536057 167.484833 13.384624 -50.736298 20.484053 35.717144 0.320862 -0.226609 0.440952 2.446049 11.495312 17.687267 -26.393423 52.540997 -19.490261 -14.405405 29.442329 -0.002652 -8.785105 0.018126 16.064932 -18.359798 6.413412 -0.611325 -1.787305 -3.897919 -4.806271 -11.065762 -2.939583 -0.004002 -21.022362 0.004203 -5.046556 -25.069681 -4.039604 0.010343 -0.004307 0.001344 -10.641677 -5.678207 -3.594349 10.571338 -17.937557 -3.104679 -0.003723 -13.839225 0.029563 -0.517973 -31.206783 -4.023658 -11.679009 -59.965427 8.094088 -13.987602 -7.147526 -2.897935 13.78519 -8.420445 -3.193717 0.35567 -34.280701 0.751177 -0.960301 -17.763756 2.645067 0.001308 0.003724 0.008608 -17.351446 -20.10309 -4.21455 21.77339 -1.646962 3.862191 -0.007586 -6.340499 -0.001313 -1.6913 -22.628981 -6.192694 0.003632 -0.007568 -0.006865 16.464056 -62.049892 179.853638 30.877329 -45.343727 14.864241 26.623795 -0.594465 0.157629 -2.518285 -2.263588 -0.508796 22.163076 -20.44496 50.04158 -16.740549 -16.769569 28.540615 -0.007882 -12.691646 0.014066 16.335537 -17.721144 2.629099 -0.099665 -1.512206 -4.280551 -5.032488 -5.612852 -2.96489 0.006251 -11.020196 -0.000801 -6.085276 -15.909515 -3.823068 -0.003268 0.000788 0.004793 -10.275836 -5.673565 -4.344851 11.041594 -11.323282 -2.393111 -1.376682 -14.253725 -6.317937 -0.597782 -26.983551 -3.838125 -4.312312 -49.911575 -3.380699 -13.694226 -7.350721 -3.730723 18.142477 -14.072298 -3.253387 -0.004638 -18.783154 0.006081 -0.42557 -8.45322 2.563859 0.0 0.000301 0.012206 -15.8884 -20.092363 -5.486076 30.404547 -7.207217 1.700475 0.008812 -8.165057 0.00521 -1.84686 -22.888849 -6.169235 0.00261 -0.001824 0.00085 -179.359787 -3.555746 -10.280964 13.67934 0.091431 -0.058225 -81.011017 -1.354581 -5.98975 -5.78904 1.517623 2.11079 -0.994807 0.000474 -0.000493 -1.552883 -4.026546 -3.745472 15.272274 0.046912 -0.099188 -79.910202 -9.810621 -6.15601 -5.54753 0.669563 1.66419 -0.993318 0.008657 0.001399 
0.0 0.0 0.0 0.0 -0.0 0.0 -6.195918 99.823372 -13.897583 88.429901 0.004275 -4.055295 -5.877241 -0.159926 -0.249602 -12.642456 -0.907156 -0.739099 20.988115 -1.446249 -3.182248 17.606836 0.514486 3.062526 -2.549166 -0.561526 0.301615 -26.036146 0.396428 0.279309 0.0 -0.000181 -0.001194 -0.041643 -0.009037 -0.009449 0.089488 -0.001442 0.007779 0.065073 -0.021242 -0.025757 -153.26976 -66.40535 167.417618 13.302982 -50.618015 20.472128 35.623947 0.30414 -0.225665 0.480611 2.512874 11.46028 17.607708 -26.287905 52.371532 -19.425735 -14.365683 29.392349 -0.002261 -8.758627 -0.00271 16.020994 -18.317125 6.434926 -0.608992 -1.791663 -3.860761 -4.791609 -11.035185 -2.942725 0.009025 -20.947245 -0.019138 -5.024529 -24.989201 -4.00787 0.002522 -0.000137 0.002367 -10.628562 -5.675729 -3.534032 10.581813 -17.893696 -3.13476 0.001813 -13.814549 0.005508 -0.490636 -31.133989 -4.029976 -11.554742 -59.749348 7.99877 -13.964502 -7.131505 -2.843959 13.757519 -8.388625 -3.220359 0.351747 -34.12764 0.764576 -0.964289 -17.675573 2.615654 0.00513 -0.006352 -0.005922 -17.325245 -20.063992 -4.188295 21.73711 -1.642391 3.867408 -0.000504 -6.334342 -0.004071 -1.675957 -22.576906 -6.188612 -0.002928 0.0 0.009487 16.545969 -61.930447 179.795975 30.753321 -45.317417 15.006702 26.753584 -0.574317 0.149326 -2.557573 -2.29271 -0.505262 22.203192 -20.343029 49.877373 -16.68853 -16.746092 28.421692 -0.002029 -12.70058 0.009135 16.327114 -17.724733 2.634078 -0.094229 -1.50613 -4.26686 -5.050647 -5.613787 -2.9459 -0.003853 -11.005475 0.001832 -6.115479 -15.885864 -3.835389 0.002842 0.00079 0.000881 -10.289894 -5.679059 -4.324481 11.034462 -11.298689 -2.365131 -1.397314 -14.234703 -6.322281 -0.647019 -26.882736 -3.796064 -4.25775 -49.723576 -3.435519 -13.70408 -7.358259 -3.697514 18.127932 -14.029738 -3.245546 -0.012484 -18.75526 0.005322 -0.426257 -8.45718 2.554978 -0.001875 0.007438 -0.003719 -15.927457 -20.086739 -5.453046 30.405739 -7.181257 1.749462 0.00831 -8.155732 -0.002769 -1.870251 -22.870163 -6.16752 0.002356 0.001902 0.007609 -179.358978 -3.530751 -10.214228 13.653406 0.092139 -0.044467 -81.024216 -1.292883 -5.955871 -5.787799 1.513588 2.110281 -0.994389 0.005587 0.000218 -1.488348 -4.041152 -3.751386 15.170634 0.048981 -0.11182 -79.759018 -9.890658 -6.165965 -5.564425 0.666082 1.661561 -0.999342 0.00333 0.001258 
0.0 0.0 0.0 0.0 -0.0 0.0 -6.275087 99.82972 -13.937053 88.458199 0.009123 -3.961153 -5.913199 -0.150742 -0.264479 -12.682102 -0.90227 -0.733171 21.001366 -1.427994 -3.155566 17.581383 0.546782 3.045663 -2.554219 -0.563672 0.369898 -25.961353 0.377909 0.302074 0.000994 0.000603 0.00163 -0.044201 -0.005492 0.008963 0.092484 -0.003594 0.030075 0.066165 -0.013904 -0.012336 -153.199371 -66.299812 167.356949 13.231182 -50.575722 20.475565 35.56942 0.300857 -0.254994 0.531323 2.543787 11.492423 17.618429 -26.323238 52.45459 -19.39613 -14.367366 29.356323 0.003501 -8.755003 -0.020553 15.966099 -18.290325 6.435305 -0.615738 -1.799566 -3.878598 -4.797482 -11.018834 -2.929563 -0.018151 -20.914989 -0.001211 -5.032287 -24.975719 -4.024677 0.000541 -0.017157 -0.004879 -10.619649 -5.670864 -3.549465 10.553425 -17.88553 -3.117432 -0.001667 -13.785986 0.019232 -0.516439 -31.109497 -4.006013 -11.581452 -59.69952 8.029036 -13.97047 -7.140486 -2.852296 13.765388 -8.373213 -3.233712 0.322717 -34.166992 0.782045 -0.977436 -17.721659 2.635892 0.008558 -0.00013 4.1e-05 -17.320278 -20.063656 -4.18343 21.703798 -1.629978 3.860535 -0.003472 -6.317987 -0.019731 -1.708909 -22.518951 -6.150296 -0.003948 0.006072 0.003541 16.50494 -61.697632 179.8302 30.575905 -45.204975 15.207104 26.821335 -0.582466 0.161009 -2.579089 -2.309277 -0.535764 22.138939 -20.373049 49.941025 -16.64395 -16.72085 28.424629 0.003382 -12.658782 0.001972 16.266645 -17.692955 2.680167 -0.099819 -1.505781 -4.270063 -5.0365 -5.608882 -2.948163 -0.0031 -11.001084 0.001045 -6.113902 -15.864566 -3.828769 -0.000114 0.000863 -0.000779 -10.261445 -5.667278 -4.324511 11.006705 -11.280483 -2.365007 -1.381078 -14.205178 -6.313215 -0.616395 -26.874502 -3.825588 -4.282371 -49.673542 -3.385235 -13.683585 -7.349595 -3.71221 18.101824 -14.021999 -3.239364 -0.011948 -18.746666 0.034204 -0.423395 -8.460154 2.530056 -0.010637 0.017356 0.000535 -15.891919 -20.05476 -5.455158 30.356861 -7.165215 1.723166 0.00854 -8.167526 0.009015 -1.874236 -22.833303 -6.142126 0.003471 -0.002641 0.002059 -179.237289 -3.531699 -10.142862 13.490537 0.089327 -0.049282 -81.187897 -1.222452 -5.998722 -5.786291 1.51598 2.112845 -0.998423 0.002029 -0.000143 -1.362169 -4.011091 -3.745201 15.059344 0.050667 -0.113705 -79.870583 -10.005816 -6.2065 -5.624058 0.666948 1.658434 -0.993102 -0.006987 -0.00051 
0.0 0.0 0.0 0.0 -0.0 0.0 -6.319389 99.839012 -13.970208 88.453377 0.005748 -3.913769 -5.929941 -0.136391 -0.262605 -12.683854 -0.899328 -0.725821 20.979183 -1.388588 -3.15288 17.555922 0.569691 3.027966 -2.562014 -0.555343 0.434272 -25.873352 0.383055 0.338176 0.000984 6.3e-05 -0.0 -0.054514 -0.004674 0.014224 0.07871 -0.002963 0.038032 0.062655 -0.012475 -0.00438 -153.184586 -66.527397 167.285736 13.148967 -50.71545 20.478897 35.615032 0.267938 -0.252458 0.55301 2.588419 11.503028 17.669867 -26.332483 52.408394 -19.516422 -14.410122 29.405502 -0.012918 -8.770471 0.000737 15.990849 -18.278366 6.463946 -0.608617 -1.801033 -3.891073 -4.783413 -11.04124 -2.947512 0.023088 -20.995327 0.010789 -5.009076 -25.035725 -4.011196 0.024333 -0.004524 -0.00484 -10.624439 -5.683747 -3.556401 10.606041 -17.932127 -3.137069 0.006683 -13.813756 -0.006235 -0.446245 -31.199297 -4.041011 -11.552444 -59.852879 8.084478 -13.973974 -7.138288 -2.882356 13.781514 -8.418276 -3.208342 0.403424 -34.219326 0.762255 -0.94893 -17.74246 2.601989 -0.005395 -0.01203 -0.008711 -17.312523 -20.081236 -4.223313 21.753712 -1.669297 3.878975 0.006373 -6.341613 0.001676 -1.66169 -22.57432 -6.205099 0.007332 -0.001646 -0.00488 16.528057 -61.836311 179.825256 30.588358 -45.31749 15.360389 26.952477 -0.566652 0.114392 -2.595588 -2.325154 -0.462893 22.148697 -20.360865 49.939678 -16.709408 -16.721222 28.467188 -0.013458 -12.667561 0.005147 16.255901 -17.717422 2.711158 -0.096719 -1.50739 -4.282346 -5.044471 -5.612164 -2.954572 0.00558 -11.006876 -0.008795 -6.098073 -15.880114 -3.836098 -0.001572 -0.000772 0.007119 -10.274866 -5.678206 -4.338002 11.026233 -11.293466 -2.386645 -1.369856 -14.221339 -6.329255 -0.593892 -26.936239 -3.848201 -4.24002 -49.695713 -3.429397 -13.696984 -7.358947 -3.729396 18.132462 -14.041867 -3.235841 0.016847 -18.787718 -0.012115 -0.42865 -8.443268 2.535108 0.000448 0.002343 4.8e-05 -15.903908 -20.082876 -5.490793 30.398676 -7.184108 1.718002 0.003382 -8.15931 0.009322 -1.847729 -22.838011 -6.179352 0.003034 -0.008442 0.005928 -179.120972 -3.527764 -10.061121 13.307149 0.082749 -0.051131 -81.203804 -1.195576 -5.993236 -5.802092 1.509596 2.10845 -1.00301 0.002047 -0.000479 -1.251706 -3.97862 -3.717551 14.938698 0.054864 -0.129917 -79.869331 -10.083233 -6.222617 -5.669655 0.67827 1.660944 -0.994083 0.008506 0.002573 
0.0 0.0 0.0 0.0 -0.0 0.0 -6.405724 99.848763 -14.050735 88.446983 0.00393 -3.894509 -5.933605 -0.116035 -0.256229 -12.703618 -0.894932 -0.718138 20.992222 -1.344721 -3.162077 17.540752 0.59033 3.009315 -2.579155 -0.548136 0.484122 -25.849751 0.408728 0.392489 0.000974 0.000209 0.000666 -0.054562 -0.002998 0.022883 0.083165 -0.002756 0.039267 0.06608 -0.010977 -0.000484 -153.09404 -66.543861 167.20076 13.068697 -50.693142 20.526728 35.639278 0.319064 -0.277267 0.558555 2.638093 11.433164 17.646633 -26.304953 52.382874 -19.447376 -14.385549 29.35309 0.000643 -8.778218 0.006546 16.026432 -18.314194 6.438528 -0.605355 -1.792676 -3.887088 -4.816118 -11.057488 -2.936832 -0.009042 -20.979635 -0.008801 -5.055107 -25.066349 -4.029353 -0.007294 0.009754 0.008124 -10.639134 -5.69287 -3.542036 10.578441 -17.927721 -3.110726 0.002786 -13.833259 -0.016315 -0.478783 -31.22892 -4.025548 -11.669831 -60.048004 8.100136 -13.987047 -7.144525 -2.863853 13.77941 -8.403044 -3.217505 0.369603 -34.204723 0.761682 -0.953443 -17.722324 2.620663 -0.003971 -0.006168 -0.013848 -17.353035 -20.091125 -4.193145 21.754827 -1.637232 3.867312 0.001898 -6.33712 0.005439 -1.687336 -22.592724 -6.205587 -0.003384 0.004317 0.017308 16.570879 -61.860565 179.797623 30.472633 -45.330688 15.538282 27.052113 -0.530644 0.101089 -2.628361 -2.328626 -0.446624 22.196962 -20.353567 49.915421 -16.699846 -16.747902 28.481113 0.001714 -12.689885 -0.016003 16.256355 -17.764872 2.717191 -0.103459 -1.514861 -4.288727 -5.045718 -5.626818 -2.946743 -0.000829 -11.03829 0.008003 -6.116517 -15.951238 -3.858156 5.8e-05 0.004647 0.002244 -10.281603 -5.686829 -4.330464 11.034884 -11.31099 -2.38976 -1.39061 -14.270177 -6.312295 -0.626659 -26.974827 -3.832174 -4.301386 -49.950481 -3.409871 -13.704672 -7.369627 -3.72027 18.141651 -14.062513 -3.251004 -0.018615 -18.791309 0.005448 -0.428392 -8.4735 2.534114 0.006244 0.00214 0.007213 -15.927442 -20.119421 -5.478879 30.41997 -7.203208 1.760211 0.008308 -8.174238 -0.011694 -1.842575 -22.929352 -6.173173 0.000895 0.002196 -0.003989 -178.912506 -3.545754 -10.002324 13.007056 0.077505 -0.043605 -80.990814 -1.164234 -6.023897 -5.793731 1.511855 2.108999 -0.994793 -0.001908 5.2e-05 -1.106883 -3.919111 -3.719123 14.778832 0.057133 -0.126122 -79.852486 -10.151895 -6.19021 -5.671642 0.68469 1.661062 -0.993162 -0.004561 -0.00216 
0.0 0.0 0.0 0.0 -0.0 0.0 -6.488009 99.851898 -14.050568 88.44574 -0.001289 -3.864595 -5.936398 -0.103604 -0.259826 -12.694688 -0.891974 -0.714055 20.967897 -1.289411 -3.152728 17.480759 0.604951 2.989406 -2.570405 -0.52955 0.509726 -25.82736 0.436437 0.446553 0.001004 0.000297 -0.000691 -0.050091 -0.004793 0.015388 0.080714 -0.002354 0.041266 0.060105 -0.012988 -0.002835 -153.030273 -66.576729 167.161667 13.059456 -50.742828 20.496254 35.582375 0.315683 -0.291042 0.562222 2.697604 11.325862 17.61392 -26.325661 52.377193 -19.500944 -14.395911 29.411495 -0.005471 -8.766376 -0.010268 16.000376 -18.309858 6.453232 -0.619865 -1.800487 -3.904183 -4.789334 -11.057709 -2.933816 0.017196 -20.990456 -0.004999 -4.984657 -25.048841 -4.038416 -0.007024 0.01614 0.007546 -10.6297 -5.684045 -3.575096 10.586776 -17.958183 -3.119191 0.016599 -13.835584 -0.002423 -0.489669 -31.209364 -3.99579 -11.69683 -59.937527 8.144146 -13.970417 -7.146488 -2.8808 13.762806 -8.419605 -3.218384 0.377903 -34.231979 0.749487 -0.957863 -17.766281 2.60244 0.010501 0.010662 -0.00032 -17.332264 -20.110641 -4.218963 21.75806 -1.650721 3.865472 0.013212 -6.350388 -0.004218 -1.678331 -22.599028 -6.194605 0.009487 -0.003509 -0.003989 16.613707 -61.869488 179.754272 30.429941 -45.362331 15.699151 27.196449 -0.492048 0.129658 -2.639357 -2.336675 -0.463505 22.206415 -20.344584 49.894981 -16.703526 -16.759501 28.445629 -0.01045 -12.694406 0.003734 16.243181 -17.772655 2.706466 -0.098503 -1.51541 -4.250874 -5.032688 -5.606087 -2.960376 0.008526 -11.016576 -0.015118 -6.107392 -15.893138 -3.83369 0.001451 0.006161 -0.005821 -10.278512 -5.67152 -4.309001 11.041109 -11.308129 -2.397066 -1.387856 -14.228602 -6.316315 -0.616365 -26.928137 -3.813679 -4.356436 -49.769707 -3.32394 -13.701914 -7.348156 -3.702323 18.14632 -14.054219 -3.254289 0.020397 -18.805441 0.015981 -0.431329 -8.44148 2.556651 0.00127 -0.018632 -0.006434 -15.922836 -20.076452 -5.457816 30.4515 -7.216203 1.727699 0.004627 -8.16569 0.010245 -1.819199 -22.875181 -6.205604 -0.004675 0.008662 0.020432 -178.793442 -3.530328 -9.937716 12.86887 0.08182 -0.058152 -81.03508 -1.186066 -6.037713 -5.809153 1.517907 2.109961 -0.998087 0.001571 0.00047 -0.984077 -3.910026 -3.721457 14.654443 0.053643 -0.108275 -79.811836 -10.196933 -6.23369 -5.66643 0.694417 1.662368 -1.003088 -0.003104 -0.002089 
0.0 0.0 0.0 0.0 -0.0 0.0 -6.560348 99.849121 -14.018371 88.449547 -1.3e-05 -3.819031 -5.941496 -0.096888 -0.275837 -12.693885 -0.88751 -0.713059 20.965742 -1.236234 -3.148655 17.420868 0.627781 2.966477 -2.573111 -0.523147 0.526735 -25.804848 0.455497 0.481956 0.000951 0.000129 0.001754 -0.050124 -0.00711 0.008263 0.090059 -0.004754 0.035099 0.071903 -0.016061 -0.012455 -153.030807 -66.609085 167.187561 13.054167 -50.674675 20.455338 35.520699 0.334177 -0.256382 0.606611 2.734006 11.241842 17.630388 -26.315865 52.431648 -19.467287 -14.385031 29.410751 -0.000871 -8.769943 -0.005219 15.998996 -18.32122 6.446959 -0.610143 -1.800347 -3.872745 -4.804797 -11.03872 -2.977783 -0.001831 -20.967123 0.006802 -5.008068 -25.015425 -4.04471 -0.005583 -0.00027 0.00517 -10.632303 -5.680031 -3.569507 10.567374 -17.915173 -3.118636 0.002449 -13.812452 0.000826 -0.501069 -31.135889 -4.035838 -11.479568 -59.78656 7.890606 -13.972277 -7.146963 -2.884179 13.752497 -8.403249 -3.221407 0.340958 -34.221321 0.783512 -0.957761 -17.745953 2.595058 0.004379 0.010638 0.008757 -17.334778 -20.090103 -4.197729 21.735306 -1.63849 3.865399 -0.004182 -6.325666 -0.008599 -1.685453 -22.565935 -6.194935 0.000461 0.002186 -0.001404 16.632374 -61.848408 179.734741 30.290991 -45.307625 15.863748 27.250017 -0.457206 0.143653 -2.629807 -2.337189 -0.415675 22.191872 -20.370466 49.940819 -16.705729 -16.734201 28.481752 -0.002865 -12.69127 0.015272 16.255508 -17.78017 2.709601 -0.118248 -1.514713 -4.278627 -5.03145 -5.615373 -2.96163 0.007989 -11.038342 0.005149 -6.112843 -15.91048 -3.838388 0.006606 0.000868 -0.005006 -10.284111 -5.678802 -4.353574 11.028 -11.3176 -2.357454 -1.377749 -14.260085 -6.340816 -0.630917 -26.945766 -3.826978 -4.344919 -49.846287 -3.386445 -13.702966 -7.355088 -3.728745 18.139826 -14.065405 -3.245884 0.008774 -18.792643 0.017707 -0.423363 -8.460633 2.534631 -0.001902 -0.002636 -0.001503 -15.911983 -20.106361 -5.489713 30.414297 -7.210989 1.746745 0.010982 -8.183753 -0.006305 -1.843357 -22.858448 -6.166454 -0.001509 -0.004345 0.004566 -178.750458 -3.503688 -9.873684 12.838356 0.087804 -0.05466 -80.955467 -1.217363 -6.028706 -5.799561 1.51772 2.112963 -0.994167 0.001661 0.0002 -0.906903 -3.921192 -3.72364 14.5834 0.036834 -0.109758 -79.770554 -10.230408 -6.294274 -5.652064 0.707416 1.66627 -0.99957 0.00143 -0.001144 
0.0 0.0 0.0 0.0 -0.0 0.0 -6.631729 99.838997 -14.016631 88.445267 0.000153 -3.751981 -5.948698 -0.092095 -0.296953 -12.711075 -0.877202 -0.715193 20.973705 -1.184009 -3.157529 17.369795 0.633798 2.98989 -2.565343 -0.520071 0.538364 -25.776548 0.47529 0.492689 0.000944 -0.000208 -0.001056 -0.051083 -0.010291 -0.003709 0.091629 -0.007771 0.022979 0.07098 -0.01819 -0.022838 -153.093811 -66.573524 167.28331 13.059971 -50.638393 20.390732 35.404095 0.324013 -0.277543 0.715322 2.812248 11.321101 17.626711 -26.364824 52.483273 -19.470152 -14.424827 29.438984 -0.004766 -8.785073 0.007494 16.016413 -18.348145 6.461676 -0.619259 -1.807063 -3.871094 -4.799027 -11.048836 -2.953814 0.008743 -20.989893 -0.011747 -5.030315 -25.052553 -4.017416 0.002857 -3.4e-05 0.002861 -10.647998 -5.690738 -3.556999 10.587901 -17.923851 -3.114416 0.005221 -13.836405 0.00436 -0.495554 -31.167906 -4.038347 -11.535674 -59.964146 7.946964 -13.997662 -7.148726 -2.863734 13.780762 -8.402711 -3.207532 0.364346 -34.188629 0.773921 -0.936715 -17.731916 2.6087 -0.003333 -0.006806 -9.5e-05 -17.370153 -20.095539 -4.182085 21.782644 -1.635974 3.855215 0.00729 -6.345537 0.013505 -1.687438 -22.571121 -6.1833 0.008393 -0.006179 -0.011349 16.596586 -61.869152 179.814682 30.189791 -45.27335 16.046438 27.26791 -0.433753 0.167543 -2.640509 -2.371149 -0.359584 22.203857 -20.404799 50.064308 -16.67676 -16.749289 28.506329 0.005904 -12.701686 0.008411 16.280584 -17.833357 2.764552 -0.102809 -1.506131 -4.289564 -5.056307 -5.624629 -2.948013 -0.005756 -11.02397 -0.011861 -6.138723 -15.901313 -3.85778 0.001851 0.000166 0.007284 -10.295662 -5.680931 -4.348773 11.0278 -11.302926 -2.363173 -1.397504 -14.230262 -6.325013 -0.624852 -26.893642 -3.831148 -4.434239 -49.719059 -3.310883 -13.720169 -7.365149 -3.714226 18.143183 -14.050174 -3.248373 -0.006048 -18.795313 -0.002968 -0.444724 -8.467837 2.567135 0.009068 -0.008334 0.007222 -15.937789 -20.102537 -5.490866 30.408819 -7.173213 1.743441 0.005024 -8.159272 0.006943 -1.888131 -22.86842 -6.153037 -0.002017 0.007459 -0.011659 -178.766891 -3.507635 -9.811566 12.914039 0.089326 -0.062637 -81.044891 -1.224756 -6.04239 -5.799755 1.530871 2.118941 -0.998015 -0.00317 -0.001102 -0.874965 -3.917209 -3.708795 14.629543 0.031033 -0.112132 -79.966713 -10.344734 -6.314776 -5.655854 0.702734 1.675796 -1.000296 -0.005116 -0.00087 
0.0 0.0 0.0 0.0 -0.0 0.0 -6.647752 99.837646 -13.997817 88.458038 -0.003136 -3.708121 -5.962746 -0.077522 -0.308596 -12.690799 -0.874162 -0.72928 20.931499 -1.138618 -3.148747 17.284575 0.647914 3.015274 -2.56357 -0.527891 0.552662 -25.706579 0.500444 0.483553 0.000932 -0.000574 -0.002026 -0.05455 -0.011683 -0.006346 0.075328 -0.008647 0.016698 0.058991 -0.019012 -0.022101 -153.04187 -66.534927 167.227631 13.026583 -50.666679 20.379957 35.346348 0.309195 -0.300297 0.780366 2.889916 11.496902 17.653236 -26.338335 52.522686 -19.521584 -14.417784 29.466417 0.000751 -8.79844 -0.001138 16.036997 -18.388084 6.444685 -0.612381 -1.798509 -3.900194 -4.825003 -11.065329 -2.940762 -0.005683 -20.996931 -0.021414 -5.02883 -25.076925 -4.039944 0.007979 0.007421 -0.004798 -10.662711 -5.706016 -3.570339 10.59766 -17.951677 -3.122055 -0.002156 -13.847982 0.000533 -0.477751 -31.244301 -4.07515 -11.515321 -60.165169 7.92815 -14.007411 -7.167916 -2.888304 13.793218 -8.414955 -3.204649 0.366735 -34.280338 0.716392 -0.967258 -17.739407 2.617975 0.001274 0.001571 0.00076 -17.387943 -20.144655 -4.197859 21.791481 -1.629839 3.882005 -0.004951 -6.35034 -0.003638 -1.694759 -22.627714 -6.212783 0.002496 0.002358 0.0 16.533674 -61.801308 179.878891 30.095675 -45.227024 16.004227 27.269423 -0.415441 0.138041 -2.670157 -2.423854 -0.196959 22.169443 -20.347389 49.953205 -16.706963 -16.76589 28.494015 0.001825 -12.698545 0.010682 16.277611 -17.842003 2.766198 -0.111221 -1.516571 -4.266334 -5.046981 -5.613544 -2.968615 -0.001571 -11.006815 -0.009269 -6.13245 -15.889527 -3.838195 -0.001541 0.00614 -0.00689 -10.294025 -5.681771 -4.347488 11.030161 -11.281014 -2.380234 -1.392761 -14.220337 -6.311976 -0.628533 -26.862457 -3.828125 -4.381482 -49.697876 -3.358615 -13.72301 -7.366257 -3.714897 18.150055 -14.017895 -3.245459 -0.012344 -18.760462 -0.011387 -0.418834 -8.478065 2.565672 0.00147 0.002198 0.001113 -15.947278 -20.094557 -5.466597 30.436682 -7.161101 1.719375 0.007371 -8.173969 0.009805 -1.858288 -22.870396 -6.177009 -0.006808 0.012491 0.013291 -178.807343 -3.503873 -9.741869 12.970381 0.090163 -0.067201 -81.081612 -1.221861 -6.049247 -5.820776 1.519988 2.115125 -0.994358 -0.003141 -0.00103 -0.863727 -3.917671 -3.704108 14.605837 0.029664 -0.109305 -79.907227 -10.407242 -6.367734 -5.633062 0.703193 1.674153 -0.999092 0.001521 2e-06 
0.0 0.0 0.0 0.0 -0.0 0.0 -6.673694 99.83094 -14.029963 88.46846 -0.019153 -3.693861 -5.965752 -0.053409 -0.300501 -12.673459 -0.869909 -0.75223 20.896358 -1.092197 -3.135889 17.222565 0.659425 3.023903 -2.559351 -0.535716 0.581671 -25.645224 0.514527 0.497867 -0.000945 -3.7e-05 0.000292 -0.062348 -0.00976 0.001888 0.0779 -0.004221 0.025207 0.056978 -0.021744 -0.018053 -153.051392 -66.60421 167.213165 12.998313 -50.689743 20.387585 35.25069 0.288012 -0.302761 0.797591 2.946201 11.613661 17.662706 -26.36969 52.505489 -19.519585 -14.400167 29.452702 -0.004479 -8.778152 0.010257 16.043745 -18.32497 6.431553 -0.60591 -1.793275 -3.877697 -4.795864 -11.066464 -2.96582 0.003681 -21.00326 -0.002939 -5.037657 -25.039227 -4.001253 0.004139 -0.001916 -0.003601 -10.637799 -5.69513 -3.557292 10.58275 -17.945896 -3.125878 -0.014782 -13.837801 0.002529 -0.50551 -31.261866 -4.037435 -11.584184 -60.212955 7.974062 -13.979515 -7.149386 -2.874278 13.782133 -8.417106 -3.227902 0.344925 -34.299892 0.760286 -0.968168 -17.759289 2.627889 -0.006113 0.0 0.00907 -17.342495 -20.122719 -4.197338 21.762222 -1.639404 3.862352 -0.000728 -6.350997 0.004148 -1.686355 -22.647146 -6.210488 -0.00841 0.015491 -0.001272 16.560923 -61.873611 179.867004 30.089565 -45.248619 16.038038 27.258883 -0.452515 0.133972 -2.725223 -2.452748 -0.087903 22.209877 -20.401306 49.946644 -16.717091 -16.755087 28.478981 -0.004114 -12.700802 0.008954 16.29497 -17.845993 2.793075 -0.118351 -1.51706 -4.291242 -5.026845 -5.61447 -2.942592 -0.004187 -11.036447 -0.007654 -6.13438 -15.932667 -3.835538 -0.00629 -0.000768 0.005182 -10.287262 -5.676909 -4.351196 11.036629 -11.321633 -2.361441 -1.390031 -14.249496 -6.319135 -0.634635 -26.969524 -3.824934 -4.520333 -50.024822 -3.267697 -13.714579 -7.361933 -3.739848 18.151484 -14.069221 -3.233424 0.008304 -18.826529 0.005281 -0.43863 -8.479788 2.557956 0.008367 -0.006128 0.00769 -15.926502 -20.1052 -5.486584 30.441925 -7.201484 1.734688 -0.004955 -8.170578 0.006954 -1.858392 -22.888912 -6.146386 -0.001444 0.004858 -0.0067 -178.845322 -3.545109 -9.682806 13.059067 0.090254 -0.07577 -81.091858 -1.226217 -6.074283 -5.822405 1.521523 2.114561 -0.997556 -0.001559 -6.3e-05 -0.870156 -3.878771 -3.677007 14.631539 0.037683 -0.104521 -79.846924 -10.443888 -6.33031 -5.6158 0.700559 1.67506 -0.988965 -0.015687 -0.002421 
0.0 0.0 0.0 0.0 -0.0 0.0 -6.739897 99.82486 -14.059269 88.465363 -0.033603 -3.698919 -5.947032 -0.029186 -0.287003 -12.672178 -0.867647 -0.776581 20.872871 -1.054834 -3.117734 17.177204 0.658114 3.035554 -2.555529 -0.548864 0.615631 -25.596252 0.527921 0.510036 -0.000931 0.000145 0.000262 -0.05636 -0.006237 0.018447 0.064268 0.001096 0.040557 0.056967 -0.018534 0.001178 -153.04361 -66.520439 167.250076 13.01288 -50.623802 20.342308 35.216419 0.307939 -0.2713 0.825185 2.980238 11.695868 17.635239 -26.343506 52.466331 -19.457767 -14.392708 29.431873 -0.00334 -8.767273 0.012013 16.017775 -18.297485 6.398885 -0.608273 -1.794497 -3.904863 -4.802867 -11.041429 -2.939151 -0.000265 -20.98171 0.00209 -5.013885 -25.015301 -4.020466 -0.00501 -0.0039 -0.003661 -10.624693 -5.682863 -3.573823 10.568704 -17.913284 -3.118294 0.003306 -13.809566 -0.004316 -0.478062 -31.157951 -4.026107 -11.494913 -59.84333 7.952451 -13.962038 -7.141163 -2.88991 13.751176 -8.39718 -3.218607 0.344605 -34.178257 0.774429 -0.971557 -17.714401 2.636916 -0.005577 -0.006103 -0.000719 -17.306772 -20.077211 -4.218445 21.70512 -1.641927 3.854057 -0.000797 -6.327764 0.002975 -1.698231 -22.541914 -6.181984 -0.001988 0.001511 -0.0 16.52433 -61.811157 179.907394 30.036993 -45.180275 16.049791 27.242327 -0.479552 0.140171 -2.718143 -2.467007 -0.054615 22.195244 -20.379894 49.953209 -16.69573 -16.733929 28.480961 0.004579 -12.698278 -0.005144 16.369759 -17.894981 2.749263 -0.110154 -1.514528 -4.282411 -5.03586 -5.609098 -2.937332 0.007848 -11.016834 -0.006157 -6.093263 -15.893883 -3.847435 -0.000759 -0.000833 0.001703 -10.286339 -5.68081 -4.327456 11.03265 -11.303825 -2.375392 -1.381362 -14.236586 -6.32398 -0.631362 -26.911533 -3.821531 -4.469595 -49.92067 -3.303703 -13.714484 -7.369487 -3.726748 18.143738 -14.056619 -3.239714 -0.007986 -18.777565 -0.000685 -0.414865 -8.483354 2.56712 -0.006865 0.007063 -0.0 -15.932979 -20.10869 -5.480941 30.42417 -7.199333 1.742677 0.001872 -8.152007 0.005328 -1.86908 -22.863806 -6.163736 -0.002831 0.001931 0.003123 -178.792999 -3.570203 -9.643578 13.053584 0.090804 -0.077366 -81.109978 -1.253653 -6.093207 -5.826189 1.525679 2.111719 -0.993856 -0.003258 -0.00024 -0.758903 -3.886414 -3.642901 14.642135 0.048868 -0.116826 -80.038635 -10.48077 -6.362804 -5.635744 0.683971 1.669937 -0.996152 -0.000689 -0.000653 
0.0 0.0 0.0 0.0 -0.0 0.0 -6.777392 99.826157 -14.084159 88.476219 -0.044885 -3.702252 -5.943254 -0.009051 -0.276686 -12.656861 -0.868432 -0.800783 20.843212 -1.016494 -3.108409 17.132849 0.658401 3.0157 -2.547884 -0.556963 0.643466 -25.54748 0.537822 0.529123 0.0 -0.000339 -0.00171 -0.051951 -0.003605 0.033782 0.078137 0.006136 0.05483 0.057862 -0.01695 0.01759 -153.059143 -66.515366 167.294098 12.969222 -50.614101 20.373795 35.260693 0.35153 -0.274866 0.845588 3.034226 11.651392 17.610857 -26.335001 52.415306 -19.465509 -14.402489 29.420694 0.001884 -8.776063 -0.022995 16.035221 -18.338644 6.414545 -0.600933 -1.797965 -3.864783 -4.803511 -11.030648 -2.943298 0.015704 -20.972637 0.004767 -5.01688 -24.992449 -4.015098 0.002127 -0.020197 -0.007654 -10.630001 -5.676903 -3.541109 10.585073 -17.907877 -3.107963 0.005415 -13.804826 -0.023393 -0.510982 -31.174204 -3.985028 -11.586779 -59.881691 8.052787 -13.972857 -7.139615 -2.870297 13.764251 -8.398462 -3.201173 0.354236 -34.190331 0.770901 -0.976931 -17.733709 2.639345 0.029667 9.6e-05 -0.008686 -17.327436 -20.066071 -4.184368 21.742228 -1.652718 3.852413 -0.002565 -6.333721 0.001102 -1.695835 -22.5504 -6.168577 -0.00682 -0.005804 -0.001113 16.476412 -61.788364 179.905426 29.85881 -45.112179 16.122591 27.20163 -0.479423 0.160716 -2.662774 -2.463081 -0.07932 22.137299 -20.418879 49.9608 -16.715591 -16.732201 28.505838 -0.007834 -12.666623 0.0018 16.320417 -17.858101 2.783529 -0.11151 -1.518978 -4.279872 -5.019811 -5.599844 -2.95466 0.008593 -11.012938 0.003226 -6.08136 -15.883739 -3.846633 -0.004677 -0.005302 0.0031 -10.274525 -5.672741 -4.336585 11.023616 -11.301757 -2.36329 -1.353778 -14.244241 -6.321342 -0.602646 -26.924381 -3.824591 -4.463421 -49.97551 -3.270596 -13.694998 -7.353059 -3.719818 18.13377 -14.053393 -3.236709 0.009065 -18.770203 -0.002343 -0.421627 -8.458456 2.546322 0.002924 0.003133 0.008763 -15.893883 -20.077301 -5.488318 30.387253 -7.210071 1.717273 -0.001503 -8.147836 0.008153 -1.852694 -22.858576 -6.125698 0.006273 -0.010794 -0.008041 -178.753723 -3.589466 -9.618599 13.003272 0.088196 -0.071435 -81.106461 -1.26384 -6.103261 -5.831138 1.522767 2.11187 -0.994013 -0.003403 -0.000588 -0.739408 -3.861662 -3.626939 14.587544 0.046899 -0.10773 -79.953445 -10.490572 -6.346134 -5.659191 0.681579 1.669855 -0.992102 -0.00553 -6.7e-05 
0.0 0.0 0.0 0.0 -0.0 0.0 -6.864213 99.825455 -14.052868 88.492195 -0.050168 -3.71622 -5.931057 -0.000427 -0.282866 -12.655709 -0.861669 -0.792301 20.833029 -0.9898 -3.123632 17.109266 0.657561 2.996382 -2.542278 -0.555726 0.641023 -25.532635 0.562607 0.555908 0.0 -0.000312 -0.001714 -0.05196 -0.002383 0.044259 0.084205 0.008848 0.063449 0.066181 -0.018984 0.027495 -152.993118 -66.612732 167.199707 12.995671 -50.670139 20.466537 35.296501 0.369318 -0.263675 0.881058 3.080246 11.603628 17.625811 -26.352833 52.484535 -19.50527 -14.414385 29.452223 -0.009237 -8.776741 0.01672 16.049839 -18.331839 6.400724 -0.604563 -1.79113 -3.915335 -4.798729 -11.060102 -2.930265 0.014342 -21.008339 0.019498 -4.971923 -25.063171 -4.027972 -0.000328 -0.004344 0.001524 -10.63317 -5.682199 -3.579157 10.610028 -17.954443 -3.133446 0.000496 -13.830473 0.021543 -0.458711 -31.2285 -4.027633 -11.531749 -60.074142 8.027756 -13.984058 -7.149491 -2.887064 13.786731 -8.413791 -3.23078 0.363168 -34.258415 0.801799 -0.957257 -17.75782 2.622834 -0.005989 0.006498 0.015204 -17.319105 -20.09514 -4.236791 21.742886 -1.663541 3.873987 0.018516 -6.349177 -0.011505 -1.687158 -22.597309 -6.175872 -0.001577 0.005534 0.011229 16.562828 -61.902782 179.807617 29.845772 -45.170296 16.215338 27.253225 -0.468461 0.122376 -2.609729 -2.444433 -0.116182 22.22694 -20.40922 49.980862 -16.755644 -16.761856 28.525785 -0.006327 -12.699654 -0.005821 16.354239 -17.895512 2.782927 -0.105963 -1.519785 -4.283588 -5.035614 -5.619226 -2.955904 0.003539 -11.038411 -0.014994 -6.112502 -15.921562 -3.831807 0.003058 0.006025 -0.011528 -10.287221 -5.680393 -4.348706 11.03999 -11.330519 -2.373862 -1.358081 -14.26384 -6.334004 -0.616044 -26.958376 -3.823753 -4.462805 -49.987263 -3.311342 -13.705642 -7.361015 -3.724091 18.156626 -14.088394 -3.259999 0.01445 -18.821159 0.004925 -0.413469 -8.479104 2.569437 -0.00433 0.001749 0.005058 -15.917944 -20.12236 -5.478603 30.4533 -7.214987 1.727678 0.005218 -8.170258 0.00581 -1.838511 -22.894281 -6.207541 -0.004018 0.001318 -0.003907 -178.668198 -3.524561 -9.632043 12.92924 0.08408 -0.059167 -81.166679 -1.300509 -6.049182 -5.831354 1.520237 2.112743 -0.997356 -0.001909 -0.000475 -0.703689 -3.84637 -3.615036 14.487376 0.045777 -0.111976 -79.922012 -10.527313 -6.31728 -5.654272 0.700767 1.674248 -0.999669 -0.000997 -0.000638 
0.0 0.0 0.0 0.0 -0.0 0.0 -6.890427 99.821907 -14.0499 88.514671 -0.051511 -3.716134 -5.922593 0.011357 -0.285526 -12.661078 -0.864888 -0.800675 20.831989 -0.97232 -3.144846 17.068287 0.650767 2.976715 -2.550946 -0.548023 0.65202 -25.518564 0.564189 0.584591 -0.003436 0.000343 0.00099 -0.051987 -0.002796 0.04357 0.084236 0.00908 0.064375 0.076468 -0.022067 0.023502 -153.037704 -66.529381 167.266617 12.972742 -50.543053 20.464912 35.36805 0.410633 -0.252531 0.904006 3.123015 11.580616 17.630247 -26.328556 52.448689 -19.445353 -14.387727 29.406338 0.004736 -8.766618 -0.009502 16.070419 -18.337069 6.41908 -0.598874 -1.795071 -3.887949 -4.807074 -11.046813 -2.942637 0.004627 -20.976591 -0.002057 -5.007773 -25.019323 -4.036725 -0.015306 -0.005466 0.010305 -10.621824 -5.685019 -3.561481 10.563825 -17.928749 -3.10109 0.001305 -13.829024 0.001374 -0.513158 -31.176485 -4.025309 -11.49587 -59.90834 7.958868 -13.982014 -7.160344 -2.862804 13.771357 -8.382756 -3.224256 0.334269 -34.22945 0.779293 -0.969692 -17.729229 2.616393 0.000635 -0.006294 0.006267 -17.337208 -20.088028 -4.204961 21.758471 -1.650294 3.869021 -0.003849 -6.343426 -0.011737 -1.696448 -22.58213 -6.154838 0.002967 0.010853 -0.006348 16.48316 -61.852234 179.852798 29.758677 -45.159828 16.348024 27.291132 -0.444649 0.142624 -2.564134 -2.421293 -0.200486 22.210247 -20.460327 50.072491 -16.729593 -16.765627 28.535978 -0.01937 -12.700902 0.006548 16.319405 -17.864462 2.743628 -0.100552 -1.50921 -4.283314 -5.045108 -5.617524 -2.959272 0.002963 -11.018047 -0.004989 -6.107772 -15.910398 -3.835312 -0.001281 0.007903 -0.002455 -10.298587 -5.684338 -4.346941 11.050461 -11.307096 -2.389275 -1.368849 -14.274208 -6.324142 -0.601213 -26.968214 -3.838593 -4.391594 -49.972435 -3.382816 -13.73177 -7.362201 -3.728533 18.176338 -14.065321 -3.244628 0.004235 -18.781574 0.003521 -0.425947 -8.489408 2.588941 0.009629 0.004768 -0.006919 -15.932977 -20.104071 -5.483693 30.458485 -7.201854 1.719564 -0.00858 -8.174356 0.003592 -1.851416 -22.8979 -6.178412 0.001372 0.000636 -0.003927 -178.714035 -3.536152 -9.618987 12.965584 0.078615 -0.045355 -81.185081 -1.312032 -6.055227 -5.837567 1.516107 2.110786 -1.000879 0.001339 0.000538 -0.739347 -3.835862 -3.589345 14.508904 0.044903 -0.118575 -79.891975 -10.570081 -6.32385 -5.666093 0.692702 1.673553 -1.000361 0.008343 -0.001114 
0.0 0.0 0.0 0.0 -0.0 0.0 -6.909002 99.830605 -14.061049 88.564941 -0.048371 -3.713087 -5.933388 0.01761 -0.287598 -12.668194 -0.862672 -0.793982 20.836811 -0.960475 -3.179718 17.05282 0.623131 2.984853 -2.563128 -0.52478 0.640489 -25.490723 0.549291 0.585266 -0.000939 0.00012 0.000268 -0.046166 -0.005899 0.037741 0.086684 0.005534 0.056947 0.078971 -0.022849 0.017295 -152.9935 -66.542847 167.218521 12.975336 -50.53368 20.420958 35.39341 0.435264 -0.243548 0.942049 3.176476 11.568376 17.664711 -26.333214 52.477421 -19.494802 -14.396125 29.419422 -0.002971 -8.783011 -0.012397 16.070467 -18.356205 6.403084 -0.603683 -1.795726 -3.896254 -4.813018 -11.049144 -2.947831 0.009049 -20.977573 0.020836 -4.993418 -25.034618 -4.04214 -0.001562 0.012014 0.001458 -10.643027 -5.688313 -3.562937 10.585606 -17.932306 -3.135521 0.007278 -13.84057 0.013138 -0.509959 -31.174322 -4.018963 -11.411133 -59.986301 7.931163 -14.003024 -7.154737 -2.881855 13.798434 -8.413559 -3.226241 0.36553 -34.250057 0.772232 -0.949311 -17.771643 2.615333 0.004095 -0.0 0.005102 -17.362103 -20.104452 -4.192956 21.76639 -1.638249 3.847545 -0.001001 -6.347787 0.015687 -1.686451 -22.588545 -6.192554 0.00448 -0.007445 0.005573 16.501635 -61.877388 179.816788 29.655272 -45.154919 16.296749 27.273972 -0.430162 0.11961 -2.576539 -2.36814 -0.181989 22.18173 -20.337879 49.944008 -16.699884 -16.714205 28.44787 0.004939 -12.686403 0.011257 16.301243 -17.83671 2.728778 -0.088659 -1.499893 -4.270484 -5.046882 -5.621737 -2.950116 -0.000637 -11.018768 -0.010409 -6.106126 -15.901622 -3.854344 -0.003027 0.0 0.005372 -10.267327 -5.673406 -4.332416 11.015037 -11.302044 -2.389673 -1.381374 -14.252625 -6.306456 -0.604778 -26.920986 -3.836028 -4.403493 -49.826645 -3.374892 -13.699626 -7.361177 -3.7097 18.135448 -14.042352 -3.247887 2.9e-05 -18.785389 -0.015281 -0.442621 -8.461298 2.54902 0.004887 0.0 -0.00362 -15.912797 -20.104242 -5.482512 30.417822 -7.200751 1.743234 0.000455 -8.1507 -0.014685 -1.855988 -22.823689 -6.189356 0.001139 -0.000961 -0.002157 -178.675644 -3.531896 -9.595126 12.842421 0.077277 -0.054018 -81.233887 -1.322016 -6.064832 -5.840938 1.518956 2.110158 -1.001204 0.001465 -2.7e-05 -0.717398 -3.814596 -3.566635 14.427503 0.038471 -0.111504 -79.928566 -10.641576 -6.348098 -5.692318 0.712613 1.677328 -0.99033 -0.009404 0.000195 
0.0 0.0 0.0 0.0 -0.0 0.0 -6.914218 99.837204 -14.118987 88.576248 -0.043745 -3.681597 -5.949972 0.023881 -0.294766 -12.666706 -0.861705 -0.785381 20.844622 -0.949843 -3.20199 17.019184 0.607332 2.989574 -2.558397 -0.510426 0.634912 -25.455423 0.510808 0.562194 -1.6e-05 -1.9e-05 0.000992 -0.052074 -0.006797 0.02631 0.08403 0.000721 0.047542 0.076576 -0.0209 0.0073 -153.027725 -66.537132 167.26796 12.948053 -50.500061 20.336426 35.401695 0.418558 -0.254899 0.953139 3.220484 11.583623 17.626196 -26.332106 52.442539 -19.492174 -14.398575 29.425627 -0.001932 -8.769243 -0.010907 16.061581 -18.359821 6.407866 -0.616329 -1.791394 -3.89225 -4.80002 -11.062742 -2.928996 0.003298 -20.998281 -0.01298 -5.020478 -25.053656 -4.032191 0.009999 -5.2e-05 0.009651 -10.637206 -5.696442 -3.56098 10.57554 -17.930151 -3.117085 -0.001569 -13.84069 -0.008523 -0.517793 -31.156458 -4.015974 -11.39801 -59.865852 7.872393 -13.974964 -7.157916 -2.870522 13.765966 -8.412864 -3.218303 0.371819 -34.276638 0.732478 -0.96173 -17.770437 2.630704 -0.004996 0.001981 -0.004996 -17.348864 -20.118853 -4.204836 21.773981 -1.638146 3.873536 0.001475 -6.344716 -0.007698 -1.69958 -22.603424 -6.205743 -0.004966 -0.004747 0.0 16.53401 -61.844398 179.73494 29.614502 -45.121891 16.238091 27.309299 -0.443161 0.109692 -2.614561 -2.311015 -0.198956 22.203362 -20.348978 49.88596 -16.701756 -16.731089 28.469625 -0.003558 -12.69777 -0.003874 16.266376 -17.854939 2.751734 -0.085 -1.504461 -4.267006 -5.043749 -5.61046 -2.955373 0.005264 -11.018892 0.001969 -6.105146 -15.882562 -3.849123 -0.0081 0.00538 0.011857 -10.273542 -5.666676 -4.346868 11.034731 -11.296917 -2.355522 -1.387049 -14.218001 -6.315258 -0.632597 -26.892281 -3.817298 -4.411171 -49.806053 -3.356634 -13.686399 -7.347683 -3.709693 18.129025 -14.041942 -3.25004 0.011889 -18.773788 0.001639 -0.437081 -8.447277 2.550407 0.002307 0.000531 0.001124 -15.902747 -20.07284 -5.478688 30.387491 -7.196135 1.758619 0.003584 -8.16413 0.004804 -1.865564 -22.830606 -6.160768 0.005206 0.003101 -0.000256 -178.640167 -3.528942 -9.543494 12.712982 0.080256 -0.044693 -81.291817 -1.316187 -6.057374 -5.848962 1.515008 2.109436 -0.991315 -0.000558 0.000291 -0.709097 -3.796247 -3.530637 14.38082 0.035784 -0.107142 -79.793427 -10.69469 -6.373027 -5.684443 0.703591 1.670714 -0.989779 -0.003045 0.002811 
0.0 0.0 0.0 0.0 -0.0 0.0 -6.889921 99.849976 -14.145043 88.575768 -0.037844 -3.64661 -5.939902 0.029992 -0.299991 -12.662234 -0.867523 -0.785851 20.83329 -0.942485 -3.207565 17.001591 0.579029 2.987757 -2.55734 -0.501467 0.621223 -25.414709 0.490004 0.531617 0.000958 0.000127 0.001006 -0.051121 -0.006879 0.026283 0.0824 -0.001025 0.04774 0.062312 -0.017821 0.006054 -152.997345 -66.553627 167.219772 13.019872 -50.586128 20.263643 35.457787 0.404175 -0.260294 0.9685 3.268442 11.671086 17.686302 -26.337959 52.427074 -19.502346 -14.405028 29.404428 -0.002491 -8.788183 0.003756 16.124176 -18.392775 6.377304 -0.611438 -1.790624 -3.886781 -4.812283 -11.062258 -2.928628 0.014223 -21.001972 -0.009473 -5.016226 -25.075474 -4.033413 -0.001952 0.001749 -0.000513 -10.652534 -5.67979 -3.54524 10.602592 -17.94532 -3.12302 0.002845 -13.829624 -0.011761 -0.512537 -31.169008 -4.003094 -11.55277 -59.914722 8.050277 -14.006543 -7.148729 -2.869295 13.797391 -8.420712 -3.232058 0.347618 -34.284073 0.783407 -0.961135 -17.786085 2.631273 0.004344 0.006972 -0.002442 -17.378992 -20.109856 -4.183957 21.799509 -1.642457 3.853029 0.001609 -6.350081 0.011875 -1.700198 -22.579664 -6.190372 -0.002959 0.007162 0.003022 16.551222 -61.930283 179.683807 29.614632 -45.261066 16.174412 27.350628 -0.470405 0.129771 -2.616549 -2.269273 -0.204434 22.181011 -20.382244 49.987026 -16.731939 -16.738073 28.499262 -0.004068 -12.693834 0.010903 16.244572 -17.854643 2.76161 -0.115064 -1.515799 -4.289218 -5.033634 -5.617965 -2.957745 0.004158 -11.032281 -0.004949 -6.094547 -15.908831 -3.846642 -0.002877 0.000265 0.011903 -10.291262 -5.686115 -4.339974 11.042849 -11.305758 -2.394406 -1.379725 -14.238366 -6.314628 -0.6037 -26.926296 -3.843024 -4.411591 -49.819199 -3.309905 -13.713031 -7.363617 -3.738251 18.146971 -14.061193 -3.2447 -0.005629 -18.777042 -0.002188 -0.427195 -8.456719 2.56047 -0.005191 -0.002309 0.007244 -15.915505 -20.107985 -5.481753 30.421885 -7.192993 1.725103 -0.000305 -8.170712 -0.001403 -1.843042 -22.870258 -6.171813 0.007811 -0.016638 -0.006756 -178.565826 -3.518277 -9.496247 12.537392 0.079465 -0.045493 -81.073433 -1.300035 -6.055404 -5.819155 1.511974 2.107031 -0.997283 -0.002253 -0.000701 -0.6553 -3.787114 -3.499858 14.284986 0.04005 -0.106753 -79.945183 -10.767803 -6.385822 -5.661605 0.710792 1.672879 -0.997325 0.001254 0.000841 
0.0 0.0 0.0 0.0 -0.0 0.0 -6.885605 99.850861 -14.220513 88.568382 -0.033134 -3.629164 -5.936065 0.03958 -0.300285 -12.651447 -0.868569 -0.792678 20.822182 -0.949533 -3.214809 16.977726 0.546945 2.985417 -2.546386 -0.496593 0.59163 -25.372429 0.479167 0.531922 0.003438 0.000244 0.001997 -0.057042 -0.00691 0.024541 0.083396 -9e-06 0.047658 0.069161 -0.018792 0.008908 -153.033096 -66.51683 167.255814 12.964675 -50.5588 20.178497 35.442158 0.408732 -0.241339 0.952456 3.313843 11.742758 17.65943 -26.337137 52.464531 -19.490463 -14.392855 29.43091 -0.003781 -8.781513 -0.007456 16.114178 -18.407175 6.425669 -0.608021 -1.793486 -3.888834 -4.804604 -11.049945 -2.932682 0.004265 -20.986563 0.003664 -4.999376 -25.045311 -4.04725 0.00181 -0.012612 0.00011 -10.63151 -5.675304 -3.540641 10.586879 -17.932619 -3.119709 0.004601 -13.820065 -0.009895 -0.478796 -31.195889 -4.036565 -11.573912 -59.933079 8.102331 -13.994296 -7.142939 -2.870591 13.796027 -8.417423 -3.215704 0.366719 -34.255291 0.767922 -0.960642 -17.773371 2.626671 -0.003763 0.017233 0.004535 -17.353453 -20.105331 -4.205388 21.77247 -1.646254 3.877639 0.006499 -6.35421 0.000908 -1.679705 -22.616961 -6.226345 -0.007901 -0.004999 0.007821 16.570675 -61.969589 179.632278 29.543602 -45.256676 16.170673 27.354811 -0.484733 0.124138 -2.639881 -2.26245 -0.267206 22.175829 -20.335869 49.907352 -16.712086 -16.739599 28.463995 -0.001512 -12.678858 -0.019428 16.219366 -17.834965 2.76843 -0.093913 -1.513081 -4.265667 -5.043828 -5.614784 -2.950014 0.007215 -11.019522 -0.005809 -6.095518 -15.89286 -3.834662 -0.001691 0.00063 -0.001161 -10.277585 -5.679133 -4.319856 11.035524 -11.305925 -2.389529 -1.382448 -14.240932 -6.312053 -0.600082 -26.901525 -3.850824 -4.379086 -49.737225 -3.345837 -13.698265 -7.36132 -3.706877 18.148056 -14.06617 -3.252058 0.00782 -18.791828 -0.016185 -0.431941 -8.46757 2.535527 0.006892 -0.007066 -0.0 -15.921018 -20.106417 -5.474323 30.434395 -7.207877 1.735932 0.005473 -8.172072 0.00392 -1.853899 -22.876694 -6.182013 0.004352 -0.000958 -0.013609 -178.507599 -3.607917 -9.443448 12.466626 0.081671 -0.042977 -81.083656 -1.278557 -6.173039 -5.781981 1.514101 2.109715 -0.994837 -0.000468 -0.000114 -0.636992 -3.706935 -3.498749 14.333694 0.045321 -0.106463 -80.05706 -10.837912 -6.291043 -5.626481 0.705208 1.67857 -0.990899 -0.002782 0.001547 
0.0 0.0 0.0 0.0 -0.0 0.0 -6.865487 99.850273 -14.196253 88.563263 -0.02689 -3.604695 -5.9245 0.040556 -0.303429 -12.652369 -0.867332 -0.803218 20.820602 -0.957783 -3.187136 16.972553 0.517071 2.961009 -2.559359 -0.494826 0.565812 -25.322081 0.47912 0.541184 0.000973 0.000139 0.001006 -0.050195 -0.00836 0.026378 0.089371 -6.6e-05 0.040746 0.075037 -0.02087 0.008465 -153.008453 -66.516472 167.250427 13.026849 -50.530247 20.050619 35.436321 0.451171 -0.25261 0.932862 3.350101 11.748302 17.597509 -26.235792 52.33672 -19.453579 -14.376341 29.388378 0.003891 -8.770609 -0.000705 16.060631 -18.389717 6.371051 -0.607169 -1.783174 -3.882282 -4.803931 -11.052407 -2.92666 0.007462 -20.963678 -0.005585 -5.012219 -24.993921 -4.031903 0.005347 -0.015501 -0.006427 -10.6245 -5.680387 -3.563457 10.570785 -17.921844 -3.112389 -0.003123 -13.806284 -0.005311 -0.488395 -31.174477 -4.04792 -11.44986 -59.891396 7.897834 -13.968276 -7.140703 -2.853686 13.764585 -8.389952 -3.245472 0.350346 -34.197216 0.748089 -0.958471 -17.71619 2.612661 0.008476 -0.003688 6.5e-05 -17.326767 -20.073132 -4.194654 21.735245 -1.64252 3.858607 -0.002275 -6.32823 0.000932 -1.686582 -22.586496 -6.193667 -0.003761 0.009306 -0.009481 16.652605 -61.985825 179.518661 29.527328 -45.251133 16.187078 27.326281 -0.490455 0.12821 -2.640836 -2.275166 -0.280375 22.199648 -20.385817 49.937462 -16.716644 -16.750931 28.483812 -0.002022 -12.696925 -0.008942 16.190285 -17.836254 2.792027 -0.095064 -1.505061 -4.279317 -5.036637 -5.605214 -2.95356 0.012096 -11.019323 0.000286 -6.088068 -15.905689 -3.833615 0.0 0.000195 0.007257 -10.267261 -5.663951 -4.335812 11.021864 -11.293205 -2.385615 -1.377344 -14.2357 -6.315523 -0.617699 -26.890608 -3.809949 -4.410277 -49.647427 -3.305843 -13.687261 -7.342711 -3.723379 18.124947 -14.044124 -3.251796 0.000577 -18.813612 0.016422 -0.438115 -8.462123 2.567669 0.004894 0.0 -0.003654 -15.897935 -20.065088 -5.476486 30.38925 -7.206516 1.725232 0.007059 -8.164244 0.005555 -1.851458 -22.862898 -6.158614 0.00741 -0.008013 -0.006762 -178.552673 -3.529551 -9.405291 12.507944 0.08791 -0.049837 -81.052185 -1.310296 -6.111992 -5.737797 1.525951 2.11599 -0.998732 -0.005357 -0.001331 -0.667614 -3.785232 -3.496134 14.340444 0.046237 -0.107773 -79.911613 -10.835546 -6.335564 -5.579182 0.692553 1.674928 -0.997651 0.00569 0.001176 
0.0 0.0 0.0 0.0 -0.0 0.0 -6.893635 99.845901 -14.195794 88.590546 -0.019113 -3.562295 -5.922788 0.040383 -0.312657 -12.683502 -0.866875 -0.809459 20.867508 -0.962274 -3.186707 16.983789 0.480255 2.965039 -2.561858 -0.502872 0.530495 -25.341249 0.476753 0.544356 0.004412 -7.6e-05 0.000996 -0.051261 -0.010601 0.02128 0.082423 -0.001699 0.040817 0.062147 -0.024309 0.004901 -153.12587 -66.413162 167.383453 13.015042 -50.458054 20.015696 35.508018 0.443672 -0.211573 0.962852 3.404353 11.797206 17.656967 -26.335457 52.435226 -19.466646 -14.409116 29.407278 0.001482 -8.782765 0.006693 16.070751 -18.416029 6.353625 -0.60471 -1.804738 -3.880899 -4.809664 -11.040944 -2.936306 0.00278 -20.973364 0.001942 -5.028791 -25.025858 -4.033623 -0.009411 -0.004306 0.009735 -10.635467 -5.697203 -3.552845 10.569129 -17.90963 -3.109988 -0.011784 -13.803046 -0.007355 -0.52807 -31.138952 -4.021842 -11.487237 -59.883324 7.859463 -13.979655 -7.157109 -2.866995 13.761103 -8.384942 -3.203903 0.355277 -34.171925 0.757022 -0.985427 -17.678171 2.622846 0.005423 -0.002389 -0.00562 -17.357067 -20.105375 -4.197195 21.75309 -1.630747 3.869888 0.004509 -6.334955 4.7e-05 -1.72378 -22.577372 -6.18246 0.012377 -0.010524 -0.010547 16.68783 -62.044952 179.468811 29.504993 -45.286354 16.281212 27.338049 -0.451271 0.129117 -2.633909 -2.279364 -0.272317 22.173145 -20.314911 49.857925 -16.702808 -16.72599 28.450037 0.001091 -12.693902 0.004379 16.232456 -17.855675 2.762875 -0.104729 -1.510173 -4.28273 -5.043035 -5.613955 -2.953604 0.003299 -11.017337 0.005678 -6.109011 -15.896137 -3.840402 0.006664 0.000733 -0.012238 -10.291718 -5.680849 -4.346018 11.035797 -11.299096 -2.375206 -1.385288 -14.252586 -6.321198 -0.615946 -26.977163 -3.833223 -4.376988 -49.8517 -3.403709 -13.715755 -7.368853 -3.720708 18.146105 -14.037251 -3.256069 0.008797 -18.800014 -0.010161 -0.430211 -8.466468 2.572335 -0.004155 0.009246 -0.0 -15.927744 -20.09194 -5.46003 30.425552 -7.194581 1.729027 -0.008437 -8.141669 -0.00127 -1.835319 -22.875156 -6.18498 -0.006311 0.012726 0.002745 -178.572067 -3.533735 -9.36114 12.543877 0.086094 -0.046664 -81.188293 -1.30236 -6.170172 -5.714714 1.52037 2.113118 -1.002591 0.006906 0.001754 -0.674742 -3.784615 -3.515776 14.372096 0.039052 -0.108639 -80.00753 -10.869405 -6.35624 -5.5394 0.701015 1.677217 -0.990313 -0.00574 0.001727 
0.0 0.0 0.0 0.0 -0.0 0.0 -6.856663 99.840576 -14.170538 88.59684 -0.016627 -3.539525 -5.919389 0.044676 -0.302237 -12.675134 -0.8608 -0.805564 20.845825 -0.962885 -3.202496 16.976795 0.440294 2.988153 -2.559493 -0.512838 0.494757 -25.322664 0.461809 0.541758 -0.002452 0.000376 0.001004 -0.061613 -0.013658 0.009254 0.065168 -0.004569 0.024328 0.044903 -0.026835 -0.005351 -153.095566 -66.441292 167.379929 13.111382 -50.422482 19.932053 35.548622 0.450593 -0.211965 1.009581 3.428284 11.765744 17.642326 -26.245708 52.319611 -19.444118 -14.421297 29.377966 -8.8e-05 -8.779949 0.00238 16.035065 -18.415052 6.336167 -0.61209 -1.794342 -3.896847 -4.813366 -11.030283 -2.929704 -0.002853 -20.946165 0.00303 -5.028242 -25.010283 -4.034099 0.007903 0.004296 0.002828 -10.645959 -5.690071 -3.555698 10.582314 -17.889494 -3.119431 -0.014071 -13.793823 0.011339 -0.485213 -31.14081 -4.026928 -11.535331 -59.756302 7.89007 -13.985436 -7.150314 -2.861232 13.773787 -8.379024 -3.208772 0.342552 -34.116272 0.76014 -0.958299 -17.706867 2.614045 -0.01408 -0.007538 -0.008694 -17.344524 -20.079077 -4.220374 21.74638 -1.64167 3.884387 -0.001724 -6.330872 -0.004036 -1.705031 -22.566986 -6.180722 0.003842 -0.003364 -0.008804 16.698 -62.162754 179.407486 29.442368 -45.330643 16.34605 27.324722 -0.462819 0.160045 -2.628866 -2.273158 -0.287892 22.175507 -20.36981 49.986744 -16.684895 -16.74379 28.47961 0.017112 -12.687754 -0.016357 16.224077 -17.887846 2.778203 -0.090189 -1.504916 -4.275829 -5.041518 -5.619405 -2.9363 -0.006104 -11.006331 -0.014551 -6.109574 -15.902755 -3.844381 0.001935 -0.0 0.000451 -10.278402 -5.681179 -4.325501 11.021583 -11.28827 -2.387267 -1.386056 -14.229599 -6.320953 -0.633764 -26.915668 -3.843829 -4.4005 -49.73056 -3.396276 -13.695659 -7.366181 -3.712337 18.123753 -14.035221 -3.246243 -0.012883 -18.773117 -0.005294 -0.4218 -8.457809 2.550196 -0.0021 -0.010571 0.003648 -15.925168 -20.094257 -5.467636 30.420282 -7.170488 1.725887 -0.019348 -8.163481 0.007974 -1.864879 -22.866428 -6.19939 -0.007597 0.004223 0.009818 -178.668625 -3.55089 -9.326741 12.708813 0.08594 -0.056471 -81.205528 -1.258204 -6.157887 -5.700076 1.525708 2.118012 -0.998467 -0.001756 -9.4e-05 -0.724389 -3.778588 -3.516074 14.46052 0.035607 -0.101715 -80.018532 -10.929073 -6.360608 -5.532854 0.699085 1.675038 -0.991093 0.003179 0.001712 
0.0 0.0 0.0 0.0 -0.0 0.0 -6.886334 99.830727 -14.158642 88.607704 -0.016402 -3.514112 -5.927831 0.048699 -0.303275 -12.669095 -0.863236 -0.804941 20.839142 -0.971748 -3.209411 16.987684 0.409253 3.006169 -2.563487 -0.531398 0.475905 -25.322748 0.463739 0.516578 0.00098 -0.000306 -0.001716 -0.054696 -0.015558 -0.003905 0.065141 -0.007773 0.014043 0.048408 -0.027509 -0.014062 -153.183929 -66.455086 167.460892 13.0974 -50.44886 19.962315 35.553677 0.477396 -0.190989 1.038535 3.462408 11.771607 17.592575 -26.299273 52.445362 -19.438963 -14.371886 29.421057 0.00737 -8.763284 0.008594 16.077021 -18.368565 6.358645 -0.606831 -1.792282 -3.903145 -4.819969 -11.05525 -2.924112 -0.014831 -20.964502 -0.014021 -5.027877 -25.033525 -4.016782 -0.00251 -0.0 -0.002399 -10.63336 -5.700389 -3.561683 10.552789 -17.925507 -3.113153 -0.006655 -13.827147 -0.019879 -0.516604 -31.205725 -4.03876 -11.490424 -59.94754 7.872954 -13.978724 -7.172507 -2.877752 13.750672 -8.394478 -3.219446 0.311369 -34.262283 0.776555 -0.968666 -17.756237 2.596321 0.003074 0.003393 0.00418 -17.357086 -20.127975 -4.216857 21.757265 -1.621821 3.881649 -0.010155 -6.340384 0.000591 -1.695467 -22.593664 -6.203885 -0.005025 0.005963 0.000737 16.66814 -62.184372 179.427979 29.422058 -45.277431 16.402552 27.264732 -0.459686 0.136372 -2.595871 -2.261781 -0.291561 22.158085 -20.367441 49.960026 -16.683558 -16.714886 28.459591 0.014257 -12.667964 -0.01406 16.227194 -17.862961 2.771776 -0.095881 -1.509776 -4.254677 -5.033761 -5.607367 -2.97063 -0.002328 -11.005098 0.021805 -6.090997 -15.866219 -3.84357 -0.003166 -0.00244 0.001237 -10.284471 -5.677179 -4.329617 11.022204 -11.301678 -2.365208 -1.379267 -14.222123 -6.339261 -0.644068 -26.902819 -3.814531 -4.434989 -49.747612 -3.367675 -13.697164 -7.360931 -3.716055 18.109428 -14.037234 -3.22893 -0.001451 -18.762524 -0.004138 -0.42184 -8.464955 2.544036 -0.005711 0.017001 -0.003245 -15.921557 -20.087866 -5.455057 30.379866 -7.17132 1.715356 -0.006617 -8.144562 0.004446 -1.848132 -22.840298 -6.155161 -0.002317 0.002598 -0.006661 -178.757523 -3.569224 -9.300678 12.839778 0.086519 -0.051658 -81.291023 -1.200509 -6.150166 -5.731137 1.529694 2.114759 -0.991616 -0.000204 -0.00043 -0.77672 -3.773901 -3.496266 14.531605 0.034018 -0.11029 -80.011444 -10.967432 -6.362735 -5.533195 0.675098 1.668298 -0.993533 -0.003833 0.001068 
0.0 0.0 0.0 0.0 -0.0 0.0 -6.870041 99.841255 -14.192393 88.623199 -0.018566 -3.487777 -5.930426 0.055225 -0.292403 -12.672795 -0.863081 -0.802211 20.839643 -0.97629 -3.228501 16.989605 0.371597 3.041905 -2.555631 -0.532848 0.449887 -25.355051 0.469765 0.497897 -0.002459 6.8e-05 0.000998 -0.058203 -0.01638 -0.002885 0.06516 -0.008057 0.013309 0.044927 -0.028946 -0.012985 -153.176834 -66.577797 167.394104 13.081954 -50.54071 20.058765 35.578251 0.477135 -0.19249 1.059463 3.488639 11.776715 17.625351 -26.309322 52.448212 -19.474054 -14.386677 29.426085 0.005455 -8.781997 0.018218 16.117455 -18.406448 6.316439 -0.617642 -1.795637 -3.889958 -4.803366 -11.063709 -2.93285 -0.002067 -21.000898 -0.010247 -5.03015 -25.090567 -4.043202 0.009976 -0.005706 -0.010191 -10.63446 -5.691128 -3.560866 10.569318 -17.933962 -3.136321 -0.016987 -13.824592 0.008756 -0.499972 -31.223995 -4.037554 -11.506012 -59.98687 7.899725 -13.985932 -7.158707 -2.87375 13.770583 -8.401253 -3.220641 0.348181 -34.253738 0.741773 -0.975328 -17.749832 2.613302 0.008491 -0.00962 -0.008699 -17.356968 -20.115822 -4.193727 21.761515 -1.631174 3.86604 0.00551 -6.338345 -0.001089 -1.677467 -22.612629 -6.226947 0.003343 0.003915 -0.002647 16.706053 -62.336357 179.40126 29.50918 -45.405502 16.406609 27.304634 -0.456872 0.159025 -2.597729 -2.250409 -0.280823 22.197889 -20.38419 49.947021 -16.666979 -16.739826 28.469 0.010886 -12.691117 0.004739 16.28113 -17.861059 2.728377 -0.095471 -1.508779 -4.301075 -5.05042 -5.614793 -2.940934 -0.009598 -11.014679 -0.002549 -6.114398 -15.908479 -3.828249 -0.004239 0.006109 -0.008787 -10.283617 -5.685257 -4.363567 11.028459 -11.302074 -2.366232 -1.400276 -14.251558 -6.307984 -0.65051 -26.948158 -3.815481 -4.496234 -49.787167 -3.34984 -13.705036 -7.375799 -3.744227 18.135735 -14.050088 -3.227519 -0.0248 -18.788067 0.002413 -0.433704 -8.477091 2.549842 0.001513 0.000833 0.007711 -15.921303 -20.110628 -5.48401 30.413992 -7.188991 1.734605 -0.017557 -8.142842 0.01119 -1.855407 -22.897213 -6.164482 -0.008477 0.011256 -0.007704 -178.724991 -3.570022 -9.303182 12.718719 0.086404 -0.058364 -81.243431 -1.132945 -6.119925 -5.731696 1.516057 2.104988 -0.998601 0.001444 0.000743 -0.756203 -3.750115 -3.45309 14.459319 0.03748 -0.12436 -79.976547 -11.01974 -6.389158 -5.513168 0.676458 1.671353 -0.990856 0.007693 0.003789 
0.0 0.0 0.0 0.0 -0.0 0.0 -6.865436 99.841736 -14.190917 88.637787 -0.024019 -3.468419 -5.925185 0.05677 -0.276092 -12.639331 -0.864811 -0.817976 20.780491 -0.975446 -3.213053 16.943409 0.341824 3.047629 -2.542456 -0.517133 0.417284 -25.298109 0.470349 0.488652 -0.002469 0.000285 0.002738 -0.054736 -0.015636 0.002314 0.06517 -0.006033 0.013161 0.048293 -0.029615 -0.010392 -153.215424 -66.512283 167.414963 13.067181 -50.520969 20.093975 35.573444 0.47685 -0.182581 1.070194 3.531996 11.722661 17.623823 -26.312481 52.400673 -19.452673 -14.388431 29.395721 0.006774 -8.780591 0.016872 16.124306 -18.429626 6.366539 -0.595208 -1.782763 -3.89154 -4.820262 -11.052715 -2.940488 -0.008698 -20.963593 0.001278 -5.036805 -24.992989 -4.018348 -0.007067 0.006526 0.002395 -10.633327 -5.689381 -3.558413 10.562339 -17.909172 -3.105376 -0.01453 -13.811605 0.003855 -0.514726 -31.156626 -4.046131 -11.451146 -59.751015 7.851368 -13.976898 -7.154419 -2.883556 13.770893 -8.394115 -3.191537 0.326642 -34.178066 0.744517 -0.976681 -17.733221 2.636021 0.004143 0.002396 0.002604 -17.348873 -20.093929 -4.202774 21.770412 -1.64521 3.878889 -0.00297 -6.341769 0.008234 -1.695149 -22.602579 -6.212505 -0.00649 0.006543 -0.001858 16.682354 -62.310314 179.358826 29.510748 -45.413963 16.370499 27.332026 -0.448066 0.172395 -2.577391 -2.243797 -0.321158 22.19066 -20.381447 49.98777 -16.681175 -16.739956 28.480879 -0.003068 -12.695672 0.006381 16.31056 -17.861103 2.713853 -0.102218 -1.506511 -4.273417 -5.049399 -5.618093 -2.974141 -0.002604 -11.026295 0.000573 -6.122561 -15.914544 -3.831912 -0.003129 -0.007805 -0.007189 -10.294045 -5.681082 -4.346698 11.027991 -11.299066 -2.367961 -1.3936 -14.236481 -6.324895 -0.633317 -26.925945 -3.827319 -4.46458 -49.721958 -3.371251 -13.724765 -7.366672 -3.735028 18.14864 -14.050934 -3.240116 -0.002981 -18.784811 -0.000756 -0.433788 -8.479259 2.566996 0.011848 0.003834 0.008016 -15.941409 -20.103804 -5.490459 30.45746 -7.204367 1.744946 -0.006804 -8.16174 0.003097 -1.864439 -22.884249 -6.190824 0.003488 -0.00577 -0.003221 -178.776413 -3.586335 -9.319101 12.756427 0.079017 -0.058347 -81.268044 -1.076494 -6.104949 -5.733895 1.523638 2.107095 -1.005189 0.004805 0.000872 -0.779612 -3.733886 -3.416243 14.440248 0.03977 -0.1231 -79.91111 -11.050087 -6.362113 -5.50207 0.687418 1.673215 -0.993391 0.000796 0.002335 
0.0 0.0 0.0 0.0 -0.0 0.0 -6.869574 99.83931 -14.199426 88.65583 -0.029172 -3.45345 -5.898297 0.0538 -0.288445 -12.660965 -0.86103 -0.817525 20.789104 -0.974186 -3.216067 16.915413 0.335389 3.042706 -2.539475 -0.507095 0.413421 -25.274683 0.4495 0.48324 -0.000995 0.000212 0.000981 -0.052318 -0.014671 0.005719 0.067736 -0.001557 0.023329 0.063493 -0.032294 -0.009099 -153.250107 -66.550293 167.42746 13.086695 -50.513996 20.130537 35.607891 0.459054 -0.186575 1.064291 3.538982 11.752484 17.673325 -26.377531 52.541756 -19.474325 -14.446479 29.479988 -0.000641 -8.794646 -0.005273 16.06279 -18.467581 6.372197 -0.59937 -1.791925 -3.897006 -4.816816 -11.044912 -2.954026 -0.007464 -20.971849 0.00217 -5.0476 -25.011972 -4.037142 -0.00882 0.002227 0.002862 -10.647134 -5.681467 -3.584831 10.587421 -17.912519 -3.094316 -0.002008 -13.815411 0.008385 -0.499909 -31.177635 -4.012207 -11.622772 -59.840572 8.07112 -14.003927 -7.148044 -2.881537 13.797238 -8.391238 -3.229505 0.336318 -34.172104 0.814611 -0.962465 -17.698605 2.618218 0.009746 -0.007744 0.006083 -17.371403 -20.084938 -4.213791 21.799093 -1.646096 3.867948 -0.000732 -6.327413 0.001928 -1.721952 -22.569971 -6.194531 -0.007773 0.001143 -0.010232 16.645161 -62.362251 179.395737 29.515434 -45.410824 16.353575 27.352236 -0.439884 0.206624 -2.543598 -2.224323 -0.354796 22.216673 -20.386448 49.971855 -16.727907 -16.735083 28.512299 0.004728 -12.71464 -0.006567 16.368551 -17.875935 2.703141 -0.099081 -1.511371 -4.293602 -5.055882 -5.633792 -2.945847 -0.004939 -11.040603 0.008839 -6.115659 -15.930987 -3.855679 0.001795 0.001795 0.005744 -10.2932 -5.697786 -4.360571 11.027367 -11.32602 -2.348739 -1.390665 -14.254907 -6.330295 -0.627627 -26.964746 -3.843998 -4.447255 -49.819221 -3.322797 -13.718315 -7.382809 -3.730181 18.147442 -14.08292 -3.22905 -0.00111 -18.845278 -0.003595 -0.424016 -8.470614 2.550341 -0.00948 0.005108 0.007707 -15.945198 -20.14731 -5.484838 30.457706 -7.220605 1.772161 -0.005217 -8.185228 -0.011271 -1.848745 -22.9252 -6.211456 0.004214 -0.006825 -0.0 -178.845352 -3.604883 -9.320442 12.810822 0.06807 -0.039368 -81.18782 -1.04871 -6.106528 -5.734384 1.534266 2.109273 -1.004807 -0.000321 -0.000681 -0.822294 -3.721813 -3.401608 14.464717 0.046793 -0.132377 -80.023628 -11.075402 -6.361162 -5.493731 0.687626 1.673239 -0.99777 0.003135 0.001521 
0.0 0.0 0.0 0.0 -0.0 0.0 -6.80251 99.850372 -14.146921 88.674324 -0.036592 -3.436679 -5.875626 0.052957 -0.310621 -12.658797 -0.862957 -0.821756 20.775034 -0.972574 -3.191512 16.86363 0.343038 3.024923 -2.543127 -0.502472 0.418972 -25.245918 0.440126 0.463478 -3e-06 -0.000375 -0.000734 -0.048872 -0.014321 0.009209 0.071139 -0.00081 0.032052 0.063429 -0.032221 -0.003895 -153.258987 -66.735695 167.405838 13.114084 -50.660721 20.116415 35.575581 0.449566 -0.167997 1.051176 3.549199 11.698818 17.661707 -26.344618 52.453308 -19.518438 -14.431743 29.458654 -0.004548 -8.798321 0.012413 16.083889 -18.465952 6.373875 -0.601503 -1.787522 -3.92252 -4.812815 -11.067235 -2.923097 0.011088 -21.011183 -0.001817 -5.027977 -25.077236 -4.031642 0.007841 -0.013968 -0.003398 -10.644943 -5.691788 -3.583389 10.592525 -17.954903 -3.109407 0.012835 -13.856102 0.008506 -0.458833 -31.202394 -4.027314 -11.613862 -59.99342 8.155076 -13.996723 -7.149288 -2.888686 13.801203 -8.423075 -3.220391 0.368836 -34.274399 0.752419 -0.958271 -17.750874 2.627169 0.001571 0.003717 -0.002939 -17.361727 -20.115248 -4.22106 21.790102 -1.650932 3.872891 0.012364 -6.344588 -0.000796 -1.700068 -22.595657 -6.175251 0.005849 -0.002518 -0.007363 16.718925 -62.556309 179.346664 29.656023 -45.498798 16.275478 27.360823 -0.447293 0.152628 -2.463872 -2.168991 -0.372184 22.22509 -20.341679 49.939327 -16.707964 -16.730528 28.464964 0.000688 -12.698402 -0.013657 16.283905 -17.836266 2.672084 -0.101877 -1.519772 -4.28226 -5.045916 -5.614873 -2.955204 -0.00375 -11.025894 -0.015411 -6.124928 -15.911777 -3.823311 -0.000176 -0.005069 -0.001446 -10.291617 -5.682213 -4.344234 11.033535 -11.313042 -2.376814 -1.370562 -14.247013 -6.322496 -0.610881 -26.908258 -3.828586 -4.420342 -49.746258 -3.326465 -13.720781 -7.366035 -3.722079 18.160391 -14.068959 -3.24667 0.011025 -18.802385 -0.008056 -0.426026 -8.466656 2.539182 0.010822 -0.005104 -0.001063 -15.921778 -20.110035 -5.492201 30.414268 -7.207528 1.73818 -0.007962 -8.161049 0.005569 -1.838494 -22.871887 -6.162317 -0.016266 0.01659 0.006389 -178.889481 -3.625406 -9.318936 12.836771 0.068642 -0.034358 -81.175148 -1.021773 -6.113449 -5.755054 1.532563 2.109819 -1.005377 -0.000174 -0.000125 -0.806109 -3.716149 -3.428157 14.37288 0.052759 -0.135881 -79.929016 -11.065048 -6.383401 -5.491919 0.684279 1.668253 -0.997992 0.010234 0.002467 
0.0 0.0 0.0 0.0 -0.0 0.0 -6.799461 99.850685 -14.14472 88.706688 -0.044424 -3.46285 -5.858664 0.061221 -0.293324 -12.657676 -0.865641 -0.823281 20.736767 -0.965738 -3.202078 16.762804 0.365321 3.039852 -2.536123 -0.512322 0.413094 -25.19433 0.429002 0.441023 0.000977 -0.000566 -0.00074 -0.051345 -0.01287 0.019668 0.079073 0.001407 0.040703 0.071229 -0.03204 0.009489 -153.261093 -66.554527 167.383362 13.004992 -50.613819 20.089777 35.540756 0.417446 -0.152814 1.11152 3.562798 11.717131 17.640867 -26.35673 52.526913 -19.476379 -14.412224 29.431053 0.005841 -8.780637 0.002059 16.075331 -18.435253 6.361175 -0.622118 -1.79823 -3.888078 -4.812585 -11.063975 -2.940845 -0.007581 -20.990732 -0.01585 -5.053167 -25.069267 -4.019423 0.000533 0.014309 0.0 -10.66132 -5.700781 -3.56996 10.584883 -17.94602 -3.120938 -0.008693 -13.852958 0.011541 -0.518822 -31.24633 -4.041936 -11.537024 -60.061897 7.992005 -14.013618 -7.163293 -2.875302 13.789365 -8.40003 -3.221118 0.317226 -34.279823 0.76375 -0.969553 -17.76939 2.612696 -0.004655 0.001233 0.006303 -17.400038 -20.143652 -4.202854 21.803061 -1.632849 3.871999 -0.004702 -6.349025 0.005295 -1.697912 -22.620893 -6.228039 -0.006416 -0.009917 0.006967 16.599659 -62.402138 179.441528 29.641621 -45.41045 16.222 27.395926 -0.415733 0.159591 -2.474442 -2.133183 -0.404774 22.191252 -20.378302 49.965324 -16.661371 -16.724634 28.437836 0.006979 -12.685637 -0.005952 16.228106 -17.792015 2.649716 -0.106753 -1.513547 -4.260705 -5.037901 -5.604923 -2.971321 -0.001305 -11.02228 0.025981 -6.111312 -15.901877 -3.835288 -0.000171 0.007549 0.006073 -10.281567 -5.67382 -4.319621 11.021877 -11.287816 -2.388419 -1.384615 -14.222198 -6.308767 -0.619534 -26.886381 -3.813921 -4.401983 -49.601902 -3.362678 -13.712913 -7.355694 -3.704345 18.148073 -14.04855 -3.244787 -0.00717 -18.770979 0.000525 -0.434171 -8.438886 2.558188 -0.003772 0.001402 0.005703 -15.933218 -20.089407 -5.460425 30.424368 -7.194541 1.749872 -0.008855 -8.159457 -0.014787 -1.837272 -22.864658 -6.165054 -0.005437 0.01095 -0.00208 -178.956146 -3.642341 -9.342593 12.884151 0.066485 -0.035035 -81.211945 -0.987678 -6.126081 -5.800171 1.531896 2.106695 -0.994535 -0.0001 0.000595 -0.868901 -3.713789 -3.441486 14.387102 0.058949 -0.136754 -79.923676 -11.032513 -6.394672 -5.517945 0.666048 1.664461 -0.997495 0.014233 0.003484 
0.0 0.0 0.0 0.0 -0.0 0.0 -6.79531 99.847809 -14.117093 88.739502 -0.049423 -3.464501 -5.852132 0.065314 -0.292162 -12.637967 -0.87251 -0.821781 20.702667 -0.958638 -3.204111 16.694807 0.39287 3.062224 -2.55613 -0.512749 0.412595 -25.166309 0.413439 0.415915 0.000982 -0.000181 -0.000697 -0.054869 -0.011014 0.033605 0.068624 0.002654 0.052894 0.051556 -0.028898 0.019537 -153.388458 -66.459892 167.451279 12.878858 -50.576488 20.059223 35.473801 0.394872 -0.116265 1.107555 3.566861 11.742833 17.640438 -26.369059 52.524868 -19.471476 -14.399905 29.440418 0.00165 -8.773977 0.002577 16.052547 -18.380867 6.374333 -0.615195 -1.797699 -3.890393 -4.820944 -11.056611 -2.93579 -0.021397 -20.988562 -0.006622 -5.070778 -25.06468 -4.016383 0.002029 -0.0 0.001243 -10.638446 -5.691442 -3.574195 10.560657 -17.936331 -3.097148 -0.013285 -13.828011 -0.010211 -0.524656 -31.190718 -4.013799 -11.571189 -59.938648 7.95213 -13.995907 -7.160169 -2.877135 13.774551 -8.394014 -3.212783 0.311834 -34.232063 0.778517 -0.982916 -17.729652 2.632741 0.006472 -0.0048 -0.003791 -17.372692 -20.117092 -4.194516 21.768642 -1.623935 3.863616 -0.004416 -6.346279 0.003633 -1.707918 -22.614021 -6.194344 -0.004423 0.007534 -0.0 16.480724 -62.359814 179.553848 29.664581 -45.384903 16.136602 27.409637 -0.441948 0.188242 -2.459789 -2.082736 -0.451258 22.210239 -20.437559 50.056564 -16.682411 -16.764753 28.508579 0.00941 -12.695236 -0.002608 16.210436 -17.818453 2.671903 -0.104155 -1.510971 -4.262393 -5.039964 -5.606735 -2.972846 0.002926 -11.020452 0.015043 -6.122381 -15.87462 -3.846545 0.000131 -0.000263 -0.000397 -10.290138 -5.677572 -4.338779 11.031804 -11.296407 -2.366736 -1.395037 -14.236458 -6.317682 -0.62279 -26.933222 -3.837013 -4.379272 -49.688885 -3.409306 -13.723822 -7.362415 -3.722269 18.154367 -14.032086 -3.229445 -0.003233 -18.766161 0.016273 -0.434923 -8.462742 2.544039 0.00078 0.009164 0.004033 -15.947112 -20.096687 -5.475924 30.437181 -7.182727 1.74887 -0.012474 -8.159271 0.008427 -1.893564 -22.843517 -6.148503 0.002218 -0.00606 0.001742 -179.066391 -3.66693 -9.352649 12.999077 0.069955 -0.030832 -81.30896 -0.969391 -6.14577 -5.834627 1.529316 2.106716 -1.001155 -0.001638 -0.001697 -0.943284 -3.710944 -3.475281 14.404448 0.057187 -0.130879 -79.919167 -10.993378 -6.366836 -5.534678 0.662173 1.660866 -1.003326 0.003233 -0.000166 
0.0 0.0 0.0 0.0 -0.0 0.0 -6.734791 99.861633 -14.116743 88.771965 -0.050168 -3.471471 -5.847007 0.06801 -0.298618 -12.625756 -0.875639 -0.811238 20.684305 -0.952488 -3.207021 16.636776 0.435955 3.081736 -2.558639 -0.513442 0.415098 -25.163246 0.385824 0.396212 -0.003446 -2e-06 2e-05 -0.061731 -0.008876 0.040455 0.061931 0.008709 0.063663 0.051444 -0.030281 0.02671 -153.396667 -66.526375 167.408997 12.815936 -50.655666 20.082945 35.428974 0.363002 -0.133097 1.120585 3.6043 11.773356 17.605524 -26.311501 52.471733 -19.434956 -14.39677 29.434595 0.005205 -8.778179 0.012972 16.030092 -18.364397 6.356105 -0.616343 -1.787278 -3.896478 -4.798146 -11.038603 -2.924059 -0.007558 -20.94371 -0.004297 -5.026217 -24.982969 -4.013273 -0.002109 0.001157 -0.016206 -10.636925 -5.681882 -3.578708 10.568528 -17.908731 -3.096116 0.002802 -13.813339 -0.01109 -0.496874 -31.180149 -4.045448 -11.481386 -59.826412 7.895939 -13.986843 -7.153555 -2.87517 13.766832 -8.379336 -3.210421 0.336286 -34.182434 0.769516 -0.960448 -17.708641 2.608816 0.003798 -0.006543 -0.001984 -17.35454 -20.09985 -4.207644 21.76428 -1.625049 3.879133 -0.007284 -6.333465 -0.007776 -1.71329 -22.574337 -6.201481 0.012783 -0.001819 0.007533 16.46966 -62.365822 179.567978 29.659939 -45.343208 16.125126 27.399652 -0.442987 0.173715 -2.430338 -2.058709 -0.472896 22.182793 -20.372425 49.940407 -16.692533 -16.762394 28.481417 0.00626 -12.695547 -0.021199 16.174274 -17.816908 2.714297 -0.107451 -1.513677 -4.28106 -5.040343 -5.602789 -2.964302 -0.010847 -11.009907 0.025076 -6.129181 -15.876833 -3.842337 -0.001568 0.002316 0.010712 -10.293635 -5.681404 -4.32991 11.035017 -11.284091 -2.381352 -1.39425 -14.218862 -6.30493 -0.637734 -26.885851 -3.842987 -4.396404 -49.590576 -3.369683 -13.717892 -7.363438 -3.714009 18.151833 -14.026785 -3.247019 -0.020116 -18.778994 0.000863 -0.445781 -8.457881 2.564588 0.002649 0.00081 -0.010867 -15.945552 -20.089546 -5.477068 30.450039 -7.174723 1.75166 -0.012287 -8.150981 0.002135 -1.871083 -22.863283 -6.155526 -0.004989 0.000485 0.003174 -179.086823 -3.669854 -9.366204 12.9251 0.068806 -0.027553 -81.173668 -0.961934 -6.156818 -5.859746 1.527052 2.1053 -1.001377 0.001865 -8.8e-05 -0.960371 -3.707877 -3.503035 14.331404 0.054538 -0.142549 -79.787292 -10.943362 -6.375014 -5.550958 0.67823 1.664615 -0.999818 -0.000788 -0.00118 
0.0 0.0 0.0 0.0 -0.0 0.0 -6.730742 99.868622 -14.116907 88.797829 -0.045115 -3.459245 -5.82843 0.06725 -0.311428 -12.612293 -0.878445 -0.808506 20.659267 -0.955047 -3.198141 16.594044 0.488362 3.098726 -2.570763 -0.51338 0.406295 -25.166849 0.373889 0.384479 0.000973 0.00017 0.001745 -0.070103 -0.007396 0.042794 0.050238 0.013112 0.06493 0.038605 -0.032102 0.023328 -153.412979 -66.607941 167.411835 12.816383 -50.706017 20.062099 35.440521 0.355034 -0.131119 1.163965 3.61563 11.869422 17.647573 -26.326649 52.472256 -19.463324 -14.405906 29.42663 0.00604 -8.782166 -0.010939 16.048328 -18.379578 6.341411 -0.617627 -1.794436 -3.887177 -4.814084 -11.053835 -2.94172 -0.021832 -20.97562 -0.002702 -5.037628 -25.057192 -4.04154 -0.010354 0.010748 0.00411 -10.646376 -5.699286 -3.559049 10.563256 -17.924957 -3.111477 -0.003238 -13.83845 -0.010483 -0.510813 -31.232498 -4.040594 -11.749897 -59.956528 8.105486 -14.00464 -7.165218 -2.871849 13.773615 -8.384272 -3.209383 0.31571 -34.187553 0.771089 -0.967612 -17.734282 2.593865 0.004668 -0.001193 -0.00503 -17.385799 -20.124439 -4.200803 21.789902 -1.630061 3.881386 -0.010021 -6.332846 -0.005742 -1.704362 -22.609344 -6.203995 -0.006468 0.001019 -0.012615 16.467049 -62.45055 179.570847 29.673443 -45.357342 16.077595 27.413601 -0.427431 0.15912 -2.440336 -2.05075 -0.480129 22.186857 -20.34181 49.971943 -16.672527 -16.755617 28.449076 0.010536 -12.702926 0.016607 16.147181 -17.789995 2.683972 -0.104605 -1.508969 -4.272427 -5.040553 -5.610589 -2.946967 -0.013129 -11.006331 0.009461 -6.132087 -15.887054 -3.849597 0.004251 -0.004437 1.8e-05 -10.286811 -5.682393 -4.315207 11.020912 -11.270716 -2.379194 -1.397044 -14.218245 -6.330255 -0.644342 -26.865974 -3.84322 -4.36516 -49.565048 -3.424071 -13.720384 -7.366055 -3.697482 18.136742 -14.013116 -3.236264 -0.018153 -18.776266 -0.012324 -0.443021 -8.438736 2.561733 0.009712 -0.01615 -0.008737 -15.951304 -20.094437 -5.438957 30.441023 -7.145978 1.737115 -0.011135 -8.154268 -0.011566 -1.889762 -22.818592 -6.16126 0.007643 -0.00628 -0.012773 -179.094177 -3.664464 -9.378402 12.848048 0.071538 -0.028697 -81.085335 -0.982606 -6.149379 -5.872443 1.528004 2.106619 -0.994135 0.001763 0.000775 -0.979775 -3.713563 -3.530193 14.281507 0.053141 -0.133949 -79.759293 -10.885331 -6.342791 -5.560918 0.68393 1.664633 -0.993849 0.001501 0.001983 
0.0 0.0 0.0 0.0 -0.0 0.0 -6.76138 99.880562 -14.154294 88.829704 -0.035376 -3.482083 -5.819263 0.061632 -0.308113 -12.594555 -0.884589 -0.826227 20.625305 -0.960588 -3.169114 16.573666 0.554949 3.110815 -2.576405 -0.527175 0.387208 -25.125193 0.371784 0.38308 0.003445 1.5e-05 0.001024 -0.075446 -0.008584 0.035152 0.035512 0.012941 0.057151 0.033983 -0.036286 0.020058 -153.363937 -66.624504 167.374176 12.872429 -50.732399 19.97043 35.407021 0.281917 -0.13516 1.186744 3.609112 11.957894 17.703259 -26.275108 52.287983 -19.489706 -14.398052 29.365192 -0.00678 -8.790457 -0.013442 16.041357 -18.357521 6.322748 -0.612639 -1.789559 -3.914851 -4.803506 -11.060284 -2.924791 0.015364 -21.011702 0.018895 -5.030385 -25.068853 -4.023185 0.00294 0.003525 -0.015387 -10.634889 -5.678092 -3.559637 10.592634 -17.943485 -3.131644 0.017577 -13.843714 -0.007194 -0.499101 -31.209398 -3.999671 -11.685116 -59.895813 8.121476 -13.99509 -7.140084 -2.904152 13.795238 -8.436088 -3.200957 0.399579 -34.308887 0.763867 -0.952708 -17.777651 2.634088 -0.003661 0.010677 -0.003586 -17.349171 -20.103016 -4.208697 21.790936 -1.664113 3.865672 0.014613 -6.345843 0.0019 -1.684368 -22.617422 -6.181887 0.005373 0.002376 -0.010744 16.473606 -62.484211 179.554398 29.78248 -45.447342 16.024637 27.400269 -0.452379 0.159958 -2.425884 -2.043573 -0.429953 22.163294 -20.345137 49.913166 -16.710638 -16.75321 28.464773 -0.008511 -12.682923 0.013903 16.158871 -17.78372 2.746337 -0.100899 -1.514277 -4.283448 -5.042013 -5.604729 -2.958923 -0.006938 -11.014362 0.009379 -6.110174 -15.890831 -3.838249 -7.3e-05 -0.005423 0.004953 -10.272256 -5.672166 -4.342428 11.020098 -11.300117 -2.391552 -1.385377 -14.239129 -6.312077 -0.614921 -26.910833 -3.84615 -4.352836 -49.650398 -3.418731 -13.703164 -7.359547 -3.725451 18.140131 -14.04833 -3.240371 0.009359 -18.793056 -0.020371 -0.431428 -8.433666 2.564844 0.002978 0.004082 0.003583 -15.918181 -20.10438 -5.488429 30.417366 -7.200457 1.737194 -0.001842 -8.150689 0.00677 -1.84784 -22.832344 -6.196478 0.001773 -0.001473 -0.002408 -179.021057 -3.635673 -9.417724 12.608932 0.073379 -0.035035 -80.99453 -1.029895 -6.114652 -5.846293 1.530952 2.106074 -0.994745 -0.000228 0.000302 -0.898621 -3.714125 -3.524236 14.175973 0.050879 -0.13396 -79.801666 -10.846873 -6.337439 -5.557939 0.67928 1.664482 -0.994163 0.008322 0.001304 
0.0 0.0 0.0 0.0 -0.0 0.0 -6.738655 99.883232 -14.096548 88.864044 -0.030657 -3.46983 -5.810014 0.050833 -0.330026 -12.574593 -0.882989 -0.827714 20.579769 -0.957119 -3.150198 16.535465 0.619487 3.11341 -2.560371 -0.552816 0.369368 -25.093557 0.376668 0.360921 -0.000984 0.000262 0.001048 -0.07986 -0.00825 0.035159 0.034638 0.01396 0.05187 0.033012 -0.036635 0.014841 -153.322495 -66.610229 167.370926 12.925882 -50.687183 19.954895 35.348976 0.302516 -0.150769 1.16883 3.570645 12.040458 17.664553 -26.37751 52.539574 -19.489632 -14.418754 29.437067 -0.002371 -8.790046 0.003917 16.036098 -18.389742 6.361112 -0.605103 -1.792298 -3.902526 -4.809483 -11.057874 -2.931034 0.003062 -20.989525 -0.010497 -5.012261 -25.05641 -4.026382 0.001686 0.007773 0.005367 -10.629329 -5.689255 -3.5715 10.58028 -17.938431 -3.113667 0.003787 -13.84158 0.010473 -0.484563 -31.216192 -4.056044 -11.696701 -59.985378 8.084977 -13.985806 -7.145892 -2.886418 13.78857 -8.41602 -3.211201 0.363848 -34.284782 0.763637 -0.973735 -17.757442 2.619482 -0.000215 -0.004597 0.005058 -17.344887 -20.095203 -4.224798 21.765993 -1.644241 3.874642 0.00613 -6.343765 0.00139 -1.712779 -22.585459 -6.172888 0.019972 -0.00457 -0.008156 16.430607 -62.447964 179.613602 29.789085 -45.43235 15.978034 27.424572 -0.417781 0.154347 -2.464363 -2.045554 -0.452818 22.224014 -20.382862 49.984951 -16.743734 -16.762482 28.49099 -0.006888 -12.715788 0.014243 16.213362 -17.817694 2.715111 -0.101128 -1.517656 -4.261459 -5.038269 -5.623957 -2.955191 0.002197 -11.035886 -0.014347 -6.127669 -15.93261 -3.848325 -0.001461 0.00535 -0.006149 -10.291197 -5.684538 -4.332427 11.054146 -11.325079 -2.379115 -1.386517 -14.263835 -6.322129 -0.606112 -26.954376 -3.854693 -4.338518 -49.855804 -3.434851 -13.718922 -7.363829 -3.707232 18.181519 -14.096969 -3.244736 0.018396 -18.839064 -0.00889 -0.420214 -8.479237 2.540109 0.006353 -0.006508 0.016942 -15.936642 -20.122635 -5.458037 30.486086 -7.222373 1.730794 -0.012146 -8.161851 -0.007922 -1.854992 -22.883884 -6.19285 0.006374 -0.017595 0.015809 -179.055161 -3.581729 -9.421118 12.669098 0.077104 -0.048503 -80.958618 -1.074858 -6.042976 -5.813588 1.524844 2.10744 -0.997402 -0.001964 -0.000645 -0.948578 -3.752012 -3.53352 14.157812 0.045896 -0.136143 -79.626839 -10.789069 -6.358759 -5.543952 0.693598 1.671649 -1.000207 0.005746 0.000588 
0.0 0.0 0.0 0.0 -0.0 0.0 -6.711183 99.893799 -14.087543 88.895729 -0.026655 -3.478605 -5.79515 0.046881 -0.323566 -12.569767 -0.880727 -0.830672 20.567974 -0.952439 -3.151211 16.519485 0.674838 3.1236 -2.540261 -0.575252 0.345195 -25.084429 0.396701 0.332413 -0.001986 8.9e-05 1.7e-05 -0.077437 -0.00967 0.025498 0.037045 0.009903 0.044142 0.028736 -0.03526 0.007779 -153.382202 -66.692093 167.427292 12.941996 -50.722786 20.005711 35.332451 0.334885 -0.170231 1.164364 3.524897 12.066635 17.668655 -26.279449 52.384537 -19.445095 -14.396574 29.386496 -0.002636 -8.778282 0.001641 16.016439 -18.350388 6.337164 -0.606203 -1.78273 -3.913272 -4.814521 -11.058158 -2.92755 0.006876 -21.00753 -0.012029 -5.02845 -25.059978 -4.026192 -0.00571 -0.000648 0.009351 -10.640758 -5.681009 -3.593795 10.582917 -17.926319 -3.110893 -0.005106 -13.816354 0.009302 -0.506206 -31.155994 -4.032341 -11.477081 -59.798641 7.917619 -13.990607 -7.146658 -2.901032 13.783526 -8.406174 -3.198202 0.382901 -34.215137 0.740421 -0.949683 -17.750696 2.600204 -0.010118 0.003596 0.015228 -17.342936 -20.086084 -4.234149 21.765751 -1.655469 3.86772 -0.001827 -6.342332 0.001868 -1.688736 -22.614017 -6.192038 -0.006848 0.007782 0.00991 16.418518 -62.52636 179.680634 29.791143 -45.464321 15.938551 27.395229 -0.401439 0.161687 -2.462057 -2.031938 -0.493428 22.176889 -20.423267 50.04451 -16.71879 -16.746952 28.526587 -0.012334 -12.69122 -0.008497 16.228289 -17.801323 2.707836 -0.110722 -1.513754 -4.284964 -5.044112 -5.624777 -2.951445 0.014367 -11.037711 -0.008068 -6.095487 -15.90475 -3.845735 0.000278 0.000577 -0.001134 -10.290171 -5.681599 -4.340994 11.032465 -11.315787 -2.384591 -1.372583 -14.260246 -6.327313 -0.604524 -26.966333 -3.833215 -4.41546 -49.837891 -3.368891 -13.714059 -7.361722 -3.716317 18.150665 -14.085175 -3.254287 0.019722 -18.814272 0.001744 -0.419912 -8.481736 2.552965 -0.009157 0.010582 0.006802 -15.920401 -20.117344 -5.488853 30.425535 -7.220925 1.718218 -0.002107 -8.165224 -0.002894 -1.832033 -22.868679 -6.140616 -0.00154 0.003893 -0.013351 -179.065781 -3.570208 -9.451797 12.582646 0.075786 -0.04886 -80.904549 -1.077633 -6.019503 -5.829649 1.514881 2.104962 -0.994216 -0.000318 -0.000391 -0.969499 -3.754946 -3.532119 14.084127 0.043499 -0.127881 -79.619133 -10.781434 -6.373038 -5.565894 0.682797 1.668174 -1.003934 0.005643 0.00053 
0.0 0.0 0.0 0.0 -0.0 0.0 -6.676035 99.894104 -14.078966 88.930634 -0.026877 -3.490837 -5.789217 0.042221 -0.322515 -12.556076 -0.876082 -0.8209 20.535702 -0.9364 -3.156692 16.471817 0.699427 3.126033 -2.523044 -0.579096 0.309728 -25.03117 0.436394 0.2955 -0.00202 3.2e-05 0.001081 -0.076453 -0.011565 0.020394 0.040387 0.005964 0.039196 0.035565 -0.034594 0.00869 -153.384232 -66.593399 167.442886 12.93371 -50.636375 20.05658 35.277809 0.384583 -0.134879 1.110771 3.519276 11.942081 17.641205 -26.287931 52.336086 -19.435562 -14.372018 29.364479 -0.002304 -8.762828 -0.020637 16.028238 -18.350075 6.38573 -0.606403 -1.787736 -3.90502 -4.808444 -11.039001 -2.934336 0.000628 -20.951492 -0.002423 -5.025608 -25.020161 -4.018629 -0.005263 0.00999 0.010493 -10.612711 -5.672733 -3.567918 10.569863 -17.888029 -3.133395 -0.010906 -13.788079 0.02779 -0.497442 -31.128445 -4.018597 -11.647314 -59.746712 8.071137 -13.953813 -7.133524 -2.884828 13.745728 -8.393369 -3.210121 0.349158 -34.162285 0.743842 -0.967024 -17.690228 2.626964 -0.005163 -0.018394 -0.00087 -17.317289 -20.060926 -4.210305 21.721889 -1.630956 3.856055 -0.000426 -6.329253 0.010541 -1.696586 -22.521702 -6.181161 -0.002481 -0.002373 0.0 16.313713 -62.406204 179.77356 29.689556 -45.392166 15.841856 27.346178 -0.386823 0.165094 -2.479684 -2.060674 -0.554946 22.143133 -20.317835 49.825832 -16.685619 -16.716393 28.411888 -0.007156 -12.684366 0.010932 16.217104 -17.771675 2.681301 -0.095575 -1.513311 -4.270027 -5.033715 -5.609098 -2.946351 0.003021 -11.013873 -0.010112 -6.116963 -15.900481 -3.829313 0.002961 -0.005283 -0.0 -10.259126 -5.672568 -4.327328 11.013406 -11.288772 -2.369258 -1.376616 -14.219419 -6.315445 -0.613173 -26.871771 -3.813117 -4.344861 -49.627907 -3.389591 -13.681632 -7.353183 -3.703946 18.122482 -14.034732 -3.242949 0.010687 -18.76189 -0.00355 -0.429903 -8.436238 2.527766 0.001357 -0.007861 0.005321 -15.888753 -20.068289 -5.457376 30.388161 -7.185718 1.727039 -0.00809 -8.130318 -0.015508 -1.847591 -22.8088 -6.154534 -0.000915 0.011297 -0.00111 -179.169968 -3.573185 -9.460254 12.672604 0.071032 -0.047735 -80.927788 -1.063512 -6.008873 -5.849425 1.515009 2.104644 -0.997853 0.002851 0.001105 -1.060187 -3.757887 -3.53041 14.142979 0.036918 -0.127066 -79.675865 -10.756581 -6.407174 -5.61691 0.687363 1.665863 -0.997261 0.001555 0.001808 
0.0 0.0 0.0 0.0 -0.0 0.0 -6.62144 99.900291 -14.096636 88.957481 -0.022424 -3.504876 -5.774895 0.031386 -0.318237 -12.552407 -0.870688 -0.805277 20.535072 -0.921485 -3.171309 16.447527 0.721348 3.121959 -2.534758 -0.577527 0.289484 -25.016003 0.487525 0.264029 0.000991 -0.000709 -0.002836 -0.068603 -0.01196 0.021097 0.062111 0.005491 0.039819 0.053815 -0.035121 0.005806 -153.468307 -66.642487 167.51207 12.869425 -50.696804 20.19862 35.298069 0.443519 -0.149128 1.045912 3.539103 11.814064 17.611015 -26.252068 52.30825 -19.467981 -14.387927 29.389233 -0.000502 -8.763968 -0.01171 16.048199 -18.375248 6.396439 -0.594164 -1.790338 -3.890722 -4.805539 -11.043365 -2.928986 0.006562 -20.982214 -0.011583 -4.997084 -25.076841 -4.028086 -0.005282 0.009768 0.014138 -10.619514 -5.688027 -3.559335 10.571939 -17.924572 -3.118472 0.000169 -13.822939 0.005741 -0.485666 -31.191612 -4.040903 -11.595268 -59.916218 8.007654 -13.955122 -7.14084 -2.866165 13.758212 -8.400833 -3.206138 0.38603 -34.168091 0.722897 -0.967455 -17.714287 2.631665 -0.006007 0.004771 0.004252 -17.317572 -20.086729 -4.204134 21.730679 -1.632585 3.867359 0.004433 -6.332331 -0.0087 -1.700642 -22.564093 -6.187446 -0.002334 -0.002112 0.000444 16.300812 -62.442356 179.84198 29.738358 -45.445053 15.740509 27.387852 -0.377604 0.164868 -2.483387 -2.081242 -0.590994 22.232979 -20.351553 49.955429 -16.703051 -16.764866 28.486757 0.018687 -12.7014 -0.026778 16.272522 -17.826582 2.642881 -0.102357 -1.508944 -4.273622 -5.056288 -5.626792 -2.947613 -0.009816 -11.02389 0.00593 -6.132789 -15.919104 -3.834689 0.001615 0.001738 -0.001047 -10.306961 -5.689003 -4.324348 11.041391 -11.297885 -2.387434 -1.401496 -14.244431 -6.320927 -0.636337 -26.942383 -3.83719 -4.302006 -49.671894 -3.485962 -13.733942 -7.372977 -3.703488 18.170424 -14.054725 -3.24087 -0.006695 -18.799795 -0.013826 -0.427959 -8.440455 2.547142 -0.006349 0.008883 0.001482 -15.968015 -20.12075 -5.45729 30.453283 -7.177816 1.760226 0.003434 -8.156668 -0.002002 -1.858172 -22.868607 -6.207458 0.00253 0.005697 -0.012485 -179.271912 -3.649377 -9.47226 12.665567 0.075919 -0.044078 -80.938446 -1.062232 -6.058025 -5.883516 1.523427 2.10586 -1.001688 0.004621 0.000585 -1.140485 -3.747525 -3.523689 14.164435 0.040619 -0.129695 -79.63604 -10.741469 -6.410704 -5.704287 0.674009 1.657966 -0.9939 0.001535 0.003252 
0.0 0.0 0.0 0.0 -0.0 0.0 -6.606139 99.915627 -14.125806 88.986069 -0.015683 -3.508418 -5.765863 0.024149 -0.308787 -12.563887 -0.863701 -0.792433 20.538059 -0.913433 -3.194724 16.419374 0.758341 3.114126 -2.537481 -0.567677 0.284407 -24.966999 0.529075 0.220206 0.0 0.000133 0.001102 -0.069553 -0.010349 0.02849 0.06447 0.005558 0.050666 0.056285 -0.03214 0.013677 -153.442596 -66.748482 167.465347 12.843088 -50.770359 20.295591 35.348946 0.466676 -0.155649 1.042336 3.564824 11.733297 17.637913 -26.283005 52.325523 -19.45038 -14.374839 29.327391 0.0065 -8.771355 -0.003111 16.094896 -18.392004 6.386724 -0.609111 -1.793384 -3.887851 -4.813594 -11.050591 -2.923418 -0.01838 -20.97341 -0.00298 -5.017349 -25.039698 -4.041702 -0.001592 -0.003763 0.006407 -10.642414 -5.691525 -3.570558 10.556888 -17.914831 -3.098697 -0.019468 -13.81434 -0.002186 -0.494764 -31.213682 -4.068388 -11.503873 -60.025928 7.851054 -13.979807 -7.153956 -2.858909 13.7542 -8.38179 -3.218848 0.314568 -34.194279 0.742904 -0.971553 -17.711641 2.62123 -0.006451 -0.00395 -0.005756 -17.367626 -20.122299 -4.198299 21.762003 -1.617293 3.887488 0.001365 -6.333195 -0.005158 -1.735191 -22.580166 -6.194296 0.0081 0.010935 -0.004572 16.335064 -62.464432 179.855347 29.760469 -45.463524 15.587986 27.335764 -0.402642 0.1429 -2.507868 -2.078578 -0.628055 22.167206 -20.27129 49.820606 -16.70812 -16.708086 28.402168 0.002418 -12.694229 0.008067 16.225088 -17.737183 2.658777 -0.098164 -1.518489 -4.260343 -5.044675 -5.614913 -2.964666 -0.004755 -11.024364 0.009997 -6.115705 -15.900184 -3.847044 -0.001689 0.006208 -0.0 -10.286451 -5.686561 -4.325624 11.031466 -11.288575 -2.374817 -1.399686 -14.225999 -6.323446 -0.639505 -26.865347 -3.84345 -4.260117 -49.546421 -3.468627 -13.703907 -7.364259 -3.707802 18.130922 -14.03056 -3.240245 0.004721 -18.754557 -0.013987 -0.416816 -8.445504 2.522711 0.000659 -0.008142 0.003678 -15.930593 -20.10037 -5.456179 30.425467 -7.189831 1.739382 -0.009319 -8.146091 -0.012431 -1.853373 -22.872292 -6.198553 -0.001341 0.010851 0.009166 -179.22084 -3.628404 -9.5207 12.452214 0.071307 -0.045167 -80.75161 -1.026519 -6.018878 -5.914131 1.529094 2.106168 -0.998016 -0.002565 0.000658 -1.126352 -3.730672 -3.53231 14.041648 0.041805 -0.125267 -79.633171 -10.741715 -6.400724 -5.749757 0.661138 1.653991 -1.001229 0.010991 0.001735 
0.0 0.0 0.0 0.0 -0.0 0.0 -6.552496 99.922699 -14.128473 89.00602 -0.00539 -3.508485 -5.748369 0.016483 -0.311367 -12.578111 -0.85786 -0.778107 20.546623 -0.920097 -3.199986 16.391924 0.807573 3.101814 -2.549746 -0.557187 0.297341 -24.927902 0.53704 0.174577 7e-06 -8.8e-05 -0.002258 -0.07435 -0.009181 0.029224 0.059683 0.004285 0.049254 0.055085 -0.02793 0.013451 -153.36647 -66.713783 167.371185 12.859282 -50.813278 20.354218 35.327709 0.464047 -0.16018 1.046418 3.588397 11.632463 17.655434 -26.278177 52.329807 -19.490389 -14.406281 29.397903 -0.00653 -8.78178 -0.004638 16.073925 -18.37281 6.358049 -0.595036 -1.786943 -3.878693 -4.804932 -11.049193 -2.937981 0.019068 -20.973015 -0.002328 -5.003911 -25.047489 -4.024216 0.006831 -0.004678 -0.008313 -10.619543 -5.678898 -3.548751 10.582865 -17.931507 -3.126571 0.006348 -13.821708 0.005319 -0.505663 -31.196056 -4.016683 -11.559507 -59.94239 8.031317 -13.973011 -7.132238 -2.8637 13.783812 -8.416539 -3.206269 0.381819 -34.254513 0.752905 -0.966901 -17.758806 2.614521 -0.000819 0.007786 0.007527 -17.336912 -20.078548 -4.175553 21.771585 -1.656018 3.851495 -0.009495 -6.33422 0.001373 -1.70335 -22.575338 -6.172672 -0.00433 -0.00335 -0.001127 16.351761 -62.390194 179.853638 29.817915 -45.434444 15.591157 27.274559 -0.42067 0.149119 -2.47627 -2.081036 -0.735225 22.184828 -20.364128 49.983868 -16.715815 -16.758621 28.491528 -0.008266 -12.693709 -0.008922 16.209063 -17.747915 2.710209 -0.106161 -1.515286 -4.284267 -5.047254 -5.620212 -2.942252 0.007117 -11.034244 -0.011981 -6.120967 -15.926416 -3.858885 -0.001618 0.006157 -0.000328 -10.291621 -5.674031 -4.337627 11.03564 -11.305965 -2.37627 -1.38305 -14.235404 -6.31247 -0.631709 -26.877542 -3.810769 -4.305594 -49.474682 -3.362758 -13.721079 -7.361037 -3.719929 18.158329 -14.057415 -3.239176 0.006202 -18.794333 -0.010449 -0.434014 -8.465026 2.559621 0.003318 0.008141 0.009047 -15.928345 -20.096266 -5.471449 30.432676 -7.177171 1.733118 0.007003 -8.171714 0.003694 -1.854021 -22.829468 -6.174046 -0.004482 0.008773 -0.000707 -179.247101 -3.62018 -9.563904 12.423662 0.066876 -0.038037 -80.795197 -1.003946 -5.994803 -5.927318 1.511644 2.097649 -0.994768 -0.000926 -0.000622 -1.249054 -3.718427 -3.515157 14.053324 0.047869 -0.134621 -79.586418 -10.714412 -6.345901 -5.778695 0.689743 1.664908 -0.992151 -0.004911 -0.000492 
0.0 0.0 0.0 0.0 -0.0 0.0 -6.57751 99.925316 -14.117188 89.024803 0.006055 -3.526073 -5.729199 0.010143 -0.305266 -12.572931 -0.854079 -0.769888 20.536112 -0.924421 -3.212307 16.39991 0.846277 3.091753 -2.567616 -0.562208 0.295976 -24.922256 0.546444 0.147035 1e-06 -4e-06 -0.00116 -0.070898 -0.009319 0.0233 0.074885 0.00292 0.041054 0.070233 -0.029381 0.008731 -153.445236 -66.692322 167.441254 12.788204 -50.719646 20.436991 35.382431 0.479889 -0.163476 1.058264 3.605689 11.58543 17.612499 -26.291094 52.426601 -19.477541 -14.390558 29.42284 0.000991 -8.773192 0.003814 16.086195 -18.359745 6.343185 -0.62173 -1.799281 -3.86904 -4.797747 -11.051164 -2.950164 -0.001261 -20.987761 -0.011641 -5.000788 -25.066313 -4.028551 -0.002502 -0.0 -0.002416 -10.634758 -5.685276 -3.548964 10.57941 -17.920341 -3.134712 -0.007072 -13.809317 -0.005341 -0.508326 -31.156185 -4.03438 -11.366638 -59.878063 7.805726 -13.991445 -7.161253 -2.858691 13.782057 -8.392791 -3.231923 0.33241 -34.210842 0.747535 -0.953652 -17.725986 2.626206 0.0 -0.0 0.0 -17.345604 -20.111031 -4.190276 21.742615 -1.631954 3.858844 0.008194 -6.334353 -0.008176 -1.712402 -22.581667 -6.210399 0.025243 -0.008502 0.001723 16.321779 -62.381969 179.885422 29.828352 -45.477047 15.693239 27.263006 -0.397599 0.148964 -2.509125 -2.086765 -0.79483 22.198914 -20.407497 49.999622 -16.719389 -16.757652 28.526804 -0.000688 -12.708864 0.001747 16.24832 -17.771496 2.690741 -0.093856 -1.512724 -4.285712 -5.044656 -5.62336 -2.940006 0.001157 -11.037971 -0.010908 -6.107713 -15.927941 -3.837083 0.001844 -0.005505 -0.000692 -10.274717 -5.67859 -4.348894 11.021017 -11.315317 -2.364188 -1.38413 -14.253121 -6.332974 -0.621 -26.950541 -3.837129 -4.317617 -49.695171 -3.382151 -13.708309 -7.363389 -3.729795 18.153801 -14.067378 -3.243968 0.006704 -18.807989 -0.008926 -0.427665 -8.465445 2.560582 -0.001301 -0.001081 0.007766 -15.910256 -20.113306 -5.488009 30.431082 -7.20521 1.714717 0.008358 -8.18067 0.007545 -1.87067 -22.88661 -6.184894 -0.006183 0.005265 -0.004112 -179.175018 -3.548245 -9.617721 12.337486 0.055598 -0.031464 -80.816154 -1.010633 -5.917912 -5.911691 1.504148 2.096156 -0.998321 0.000575 0.000116 -1.18505 -3.755909 -3.513652 14.026014 0.045844 -0.121107 -79.574966 -10.681367 -6.392831 -5.771503 0.70072 1.663561 -0.996392 0.001932 -0.000591 
0.0 0.0 0.0 0.0 -0.0 0.0 -6.575833 99.929825 -14.118664 89.040291 0.015406 -3.544555 -5.71346 0.008093 -0.31445 -12.575587 -0.851323 -0.75966 20.544119 -0.931138 -3.202423 16.419388 0.888365 3.076632 -2.562477 -0.567656 0.294232 -24.952738 0.548931 0.109209 -0.0 0.000108 -1.9e-05 -0.066086 -0.009117 0.018572 0.074906 0.00313 0.043912 0.067927 -0.02787 0.003343 -153.406311 -66.764923 167.379974 12.797433 -50.776833 20.467709 35.381889 0.492144 -0.154005 1.03904 3.611575 11.565521 17.673822 -26.30126 52.406616 -19.505989 -14.400272 29.422403 0.003466 -8.7953 3.7e-05 16.112461 -18.389875 6.326361 -0.601832 -1.7992 -3.872857 -4.82121 -11.068675 -2.949066 -0.002618 -21.009602 -0.026175 -5.014483 -25.087336 -4.044511 -0.012381 0.012336 0.003584 -10.653738 -5.701507 -3.549003 10.599432 -17.944309 -3.121677 -0.014962 -13.834121 -0.003184 -0.502005 -31.21414 -4.045225 -11.500727 -60.061165 7.900997 -14.001382 -7.166549 -2.84926 13.782324 -8.401978 -3.236531 0.343734 -34.259155 0.750494 -0.966398 -17.774231 2.620322 0.001898 0.005867 -0.00683 -17.393587 -20.147024 -4.186573 21.795252 -1.617242 3.882467 -0.002392 -6.346226 0.001417 -1.719754 -22.614582 -6.233295 0.001849 -0.017091 -0.00042 16.399242 -62.476505 179.815704 29.8827 -45.548607 15.754541 27.221802 -0.413241 0.137624 -2.513141 -2.101674 -0.819164 22.231377 -20.352613 49.95557 -16.717628 -16.748928 28.49197 0.007979 -12.71662 0.000565 16.270582 -17.744915 2.668146 -0.101935 -1.513808 -4.269236 -5.044897 -5.623081 -2.950472 -0.002123 -11.036383 -0.021656 -6.126475 -15.919851 -3.83188 0.000198 0.000649 -0.001045 -10.303688 -5.687148 -4.334546 11.05233 -11.311378 -2.363628 -1.388708 -14.253555 -6.349538 -0.623977 -26.975573 -3.849677 -4.308726 -49.710098 -3.36938 -13.730279 -7.374093 -3.713377 18.166403 -14.055243 -3.244484 0.012139 -18.794996 -0.010658 -0.42295 -8.452785 2.540129 0.003064 -0.019222 0.003141 -15.952272 -20.122808 -5.473457 30.468287 -7.21762 1.749763 0.002586 -8.155232 -0.003397 -1.861385 -22.876659 -6.205373 -0.000264 -0.006376 -0.004407 -179.153015 -3.534409 -9.63729 12.260331 0.053937 -0.028665 -80.740791 -1.032087 -5.936627 -5.880678 1.506232 2.099105 -1.001284 -0.001107 -2e-05 -1.197182 -3.762756 -3.518052 14.004045 0.043216 -0.120891 -79.554863 -10.669428 -6.398889 -5.784888 0.714327 1.665556 -0.992513 -0.002393 0.000103 
0.0 0.0 0.0 0.0 -0.0 0.0 -6.572783 99.929657 -14.114941 89.058365 0.023529 -3.576133 -5.706769 0.014412 -0.311053 -12.555672 -0.85761 -0.773427 20.516911 -0.93398 -3.184077 16.412497 0.915942 3.063688 -2.541863 -0.582952 0.292382 -24.933153 0.559303 0.084921 9e-06 0.000314 0.001154 -0.066076 -0.009695 0.012802 0.084264 0.003125 0.029874 0.071301 -0.029813 -0.00235 -153.358765 -66.693558 167.328278 12.765347 -50.780849 20.467121 35.388805 0.516507 -0.155007 1.023208 3.589594 11.622229 17.642313 -26.325388 52.41571 -19.441008 -14.381045 29.405098 0.00616 -8.778107 0.002475 16.090624 -18.370056 6.357626 -0.619929 -1.797139 -3.897432 -4.82267 -11.066759 -2.938149 -0.016678 -21.009846 0.012154 -5.06097 -25.089895 -4.029539 -0.007762 0.013883 0.003213 -10.649812 -5.694504 -3.56612 10.571097 -17.92267 -3.109881 -0.007961 -13.816528 -0.011161 -0.537532 -31.205379 -3.997096 -11.52711 -59.902111 7.89116 -14.001524 -7.159606 -2.873011 13.783143 -8.403507 -3.221724 0.317124 -34.254257 0.774563 -0.964185 -17.757025 2.614722 0.004815 -0.001105 -0.004931 -17.369963 -20.119839 -4.211419 21.747057 -1.634936 3.895192 -0.003707 -6.329554 -0.020643 -1.71895 -22.592201 -6.171137 -0.003002 0.004583 -0.006953 16.332977 -62.358208 179.834702 29.853134 -45.551506 15.8007 27.184095 -0.398606 0.123676 -2.547464 -2.131766 -0.717696 22.182585 -20.349386 49.944988 -16.699537 -16.745554 28.478907 0.005561 -12.683422 -0.002343 16.252502 -17.690586 2.712401 -0.109999 -1.516945 -4.274087 -5.038121 -5.611395 -2.948959 -0.004344 -11.01395 -0.00977 -6.124961 -15.905815 -3.831754 -0.006149 0.005533 0.005711 -10.274817 -5.675638 -4.324488 11.009273 -11.283925 -2.374794 -1.38322 -14.210595 -6.313035 -0.626366 -26.902227 -3.837633 -4.33674 -49.473221 -3.306789 -13.708171 -7.363168 -3.705569 18.137918 -14.034345 -3.25188 -0.008962 -18.754976 -0.011399 -0.430062 -8.461421 2.550832 0.000264 0.00108 0.00864 -15.936358 -20.096109 -5.460839 30.423767 -7.182874 1.734319 -0.008163 -8.145208 0.00782 -1.875555 -22.847481 -6.175508 -0.001437 -0.002499 0.001192 -179.169128 -3.523243 -9.650413 12.258369 0.05628 -0.025827 -80.643837 -1.055515 -5.94914 -5.904381 1.507051 2.105755 -0.997748 -0.001023 -0.000435 -1.242756 -3.77697 -3.518797 14.046155 0.039113 -0.112934 -79.595299 -10.67196 -6.424723 -5.798758 0.715712 1.669019 -0.997061 0.006712 0.001744 
0.0 0.0 0.0 0.0 -0.0 0.0 -6.59384 99.934273 -14.13883 89.075523 0.027762 -3.58751 -5.715241 0.024196 -0.319327 -12.557505 -0.861553 -0.785015 20.526001 -0.93833 -3.164358 16.428345 0.937627 3.048979 -2.545503 -0.587537 0.303628 -24.868145 0.575388 0.05586 0.00237 -2.2e-05 0.000624 -0.067111 -0.009716 0.01403 0.081812 0.00376 0.035054 0.086326 -0.03045 -0.003489 -153.304504 -66.749611 167.252441 12.815633 -50.862396 20.423124 35.361115 0.503008 -0.170245 0.995075 3.582996 11.702789 17.626387 -26.25609 52.367558 -19.440132 -14.363976 29.384653 0.000156 -8.764309 -0.028 16.023741 -18.334248 6.345346 -0.604951 -1.803169 -3.892565 -4.80881 -11.033437 -2.941495 -0.000718 -20.944813 -0.006277 -4.99236 -25.00741 -4.046329 -0.0025 -0.0 -0.002414 -10.628092 -5.695486 -3.563729 10.574526 -17.901461 -3.128661 -0.003778 -13.803865 0.000711 -0.491383 -31.126194 -4.006427 -11.521413 -59.768112 7.919777 -13.966735 -7.152757 -2.874824 13.751774 -8.388328 -3.23279 0.342556 -34.176743 0.774172 -0.969666 -17.721504 2.609508 0.00015 -0.002597 -0.00103 -17.328794 -20.105219 -4.206634 21.734192 -1.629798 3.850804 -0.003009 -6.331136 -0.000316 -1.6825 -22.578289 -6.175942 -0.004962 -0.004679 -0.00322 16.324919 -62.398403 179.829437 29.844553 -45.57991 15.82261 27.18766 -0.430973 0.117895 -2.564923 -2.158404 -0.644155 22.189337 -20.345173 49.939678 -16.698124 -16.754051 28.485172 -0.001053 -12.700035 -0.002364 16.298052 -17.739029 2.733363 -0.105546 -1.515177 -4.276162 -5.042266 -5.6201 -2.94671 -0.008964 -11.024168 -0.014361 -6.124121 -15.917247 -3.847481 0.001339 -0.01226 0.006495 -10.300562 -5.685686 -4.332112 11.041249 -11.300549 -2.381446 -1.38444 -14.271624 -6.335685 -0.644115 -26.918184 -3.825919 -4.328648 -49.643948 -3.344741 -13.723523 -7.36748 -3.733184 18.154543 -14.07129 -3.222481 -0.002841 -18.798532 -0.015066 -0.444004 -8.461056 2.551558 -0.002438 0.010512 -0.002309 -15.94512 -20.118896 -5.481631 30.434378 -7.166233 1.763495 0.009885 -8.181968 -0.001864 -1.880466 -22.856798 -6.205283 -0.002947 0.000269 -0.001322 -179.114914 -3.525649 -9.642748 12.133941 0.065179 -0.02658 -80.628441 -1.067305 -5.983616 -5.937788 1.51698 2.109133 -0.998077 0.000875 -0.0003 -1.230937 -3.761651 -3.517386 14.008243 0.033149 -0.111883 -79.591789 -10.694462 -6.427851 -5.792893 0.710634 1.665927 -0.996643 0.006491 0.002134 
0.0 0.0 0.0 0.0 -0.0 0.0 -6.570247 99.939774 -14.171923 89.084908 0.034792 -3.583183 -5.728521 0.033809 -0.323958 -12.554146 -0.862864 -0.797429 20.536383 -0.93915 -3.145172 16.449379 0.950901 3.047704 -2.541633 -0.593834 0.308655 -24.817062 0.593927 0.051773 -9e-06 -0.000433 -0.001705 -0.067312 -0.009366 0.013935 0.086352 0.002763 0.034423 0.07586 -0.028658 -0.001434 -153.308121 -66.767372 167.259567 12.816483 -50.901157 20.38542 35.349049 0.499612 -0.163677 1.030461 3.560515 11.73716 17.617702 -26.265991 52.354454 -19.463135 -14.390372 29.378576 0.001672 -8.768807 -0.007441 16.059214 -18.352222 6.337117 -0.603729 -1.79929 -3.88163 -4.812061 -11.0474 -2.933913 0.005776 -20.971375 -0.013002 -5.01324 -25.011339 -4.021429 -0.014393 0.00618 -0.006895 -10.628682 -5.696121 -3.551799 10.564482 -17.905071 -3.110916 0.002845 -13.806771 -0.021533 -0.500972 -31.14628 -4.034329 -11.494915 -59.763096 7.847687 -13.971186 -7.153991 -2.852345 13.764029 -8.400536 -3.239142 0.34999 -34.212658 0.749704 -0.954463 -17.724068 2.631047 -0.000253 -0.003231 0.000558 -17.344578 -20.110176 -4.171887 21.743828 -1.627704 3.849573 -0.005003 -6.334938 0.008469 -1.694449 -22.555414 -6.198201 -0.002986 -0.01421 0.010669 16.36528 -62.453545 179.818863 29.873947 -45.620701 15.818028 27.214943 -0.460813 0.140735 -2.586404 -2.176919 -0.651358 22.178911 -20.331648 49.93779 -16.695833 -16.725042 28.470778 0.013569 -12.69644 0.007142 16.297668 -17.728434 2.713601 -0.110901 -1.515237 -4.259863 -5.038698 -5.620456 -2.960151 -0.000896 -11.015685 -0.010333 -6.115646 -15.890096 -3.844296 0.003037 0.003352 0.005577 -10.285731 -5.687904 -4.336257 11.007732 -11.294777 -2.374006 -1.384182 -14.254885 -6.332801 -0.638279 -26.946386 -3.840966 -4.322531 -49.684383 -3.384838 -13.710863 -7.369742 -3.711207 18.133844 -14.04594 -3.252405 -0.009636 -18.781647 -0.018954 -0.42963 -8.459555 2.570037 -0.004403 -0.000924 0.006315 -15.940124 -20.119802 -5.471526 30.418726 -7.194088 1.765349 0.01203 -8.165509 -0.025017 -1.856576 -22.864183 -6.192163 0.002478 -0.008411 0.006642 -179.10144 -3.538517 -9.630254 12.0516 0.073906 -0.027619 -80.55014 -1.041416 -6.006194 -5.948136 1.51652 2.10631 -0.994902 0.002689 0.000789 -1.253965 -3.742748 -3.523309 13.999476 0.029376 -0.117082 -79.568314 -10.733665 -6.443432 -5.774966 0.709565 1.66866 -0.997993 0.002433 0.002418 
0.0 0.0 0.0 0.0 -0.0 0.0 -6.529286 99.941689 -14.197178 89.087044 0.037198 -3.585847 -5.733998 0.042817 -0.325292 -12.549197 -0.862433 -0.804389 20.533678 -0.928781 -3.137091 16.481901 0.950621 3.055891 -2.52424 -0.598008 0.321333 -24.768955 0.625631 0.063172 0.001098 3e-05 -0.001813 -0.064944 -0.009089 0.020336 0.085254 0.003378 0.039004 0.072417 -0.028355 0.004919 -153.309189 -66.784927 167.272202 12.874537 -50.929081 20.369467 35.34845 0.498712 -0.147164 1.063906 3.554332 11.780793 17.619526 -26.251467 52.422264 -19.467283 -14.37004 29.387133 0.004588 -8.776946 0.00025 16.087038 -18.386503 6.32063 -0.608104 -1.790663 -3.8812 -4.81747 -11.053761 -2.938817 -0.010687 -20.974293 -0.014875 -4.995305 -25.054083 -4.069977 0.002512 -0.005959 -0.007635 -10.634986 -5.692263 -3.548033 10.550183 -17.919695 -3.12334 0.007668 -13.830943 -0.023453 -0.501732 -31.200212 -4.046225 -11.522775 -59.870789 7.865554 -13.993582 -7.161084 -2.855204 13.764582 -8.392278 -3.21571 0.379854 -34.245445 0.702753 -0.972657 -17.717999 2.634848 0.00543 -0.005365 -0.003733 -17.372135 -20.123121 -4.1795 21.769068 -1.61594 3.85902 -0.008328 -6.33389 0.006017 -1.672377 -22.604633 -6.232063 -0.002116 -0.009562 0.003238 16.330475 -62.444588 179.855423 29.845667 -45.586926 15.8589 27.276266 -0.464095 0.140491 -2.590115 -2.196649 -0.693423 22.227617 -20.328262 49.895821 -16.715115 -16.758335 28.459955 -0.000771 -12.712051 0.012573 16.294226 -17.738598 2.715694 -0.118166 -1.520648 -4.280205 -5.041907 -5.614101 -2.959352 -0.002559 -11.029668 0.007323 -6.130038 -15.899586 -3.853069 0.000341 -0.006903 -0.000104 -10.304645 -5.68939 -4.351948 11.041942 -11.299287 -2.361321 -1.386619 -14.250416 -6.330985 -0.60807 -26.955053 -3.835419 -4.317467 -49.712715 -3.362717 -13.731592 -7.374432 -3.717782 18.159889 -14.056925 -3.236464 -0.007951 -18.780716 -0.005926 -0.422005 -8.473086 2.542334 0.000846 0.010604 0.007302 -15.960614 -20.108452 -5.479479 30.454329 -7.177207 1.780107 0.00011 -8.152398 -0.031507 -1.887925 -22.832338 -6.165806 0.002203 -0.006492 -0.005908 -179.135223 -3.555595 -9.605446 12.063314 0.077456 -0.036157 -80.530991 -1.007832 -6.037418 -5.944973 1.520284 2.103875 -0.994589 0.002764 0.000668 -1.301628 -3.729476 -3.533448 14.043027 0.032527 -0.121618 -79.630325 -10.741266 -6.431273 -5.746481 0.702697 1.668982 -1.000854 0.000565 -0.000461 
0.0 0.0 0.0 0.0 -0.0 0.0 -6.555372 99.941895 -14.20497 89.081108 0.03725 -3.585855 -5.727602 0.052345 -0.317073 -12.534711 -0.861679 -0.82046 20.513426 -0.915863 -3.123358 16.531141 0.943971 3.055364 -2.529827 -0.614302 0.358689 -24.759007 0.646694 0.068768 0.001135 0.000494 0.003421 -0.074144 -0.00878 0.02626 0.088681 0.001877 0.04435 0.074812 -0.027764 0.010064 -153.312622 -66.763626 167.306061 12.914116 -50.886047 20.373018 35.366573 0.491428 -0.157041 1.093323 3.559479 11.786803 17.637659 -26.309093 52.385483 -19.437639 -14.382029 29.378109 -0.001482 -8.762856 0.002061 16.048792 -18.3808 6.324566 -0.614159 -1.795015 -3.870073 -4.804354 -11.03311 -2.94693 0.004665 -20.935627 -0.020973 -5.011264 -24.976229 -4.040473 -0.004042 0.001892 0.007214 -10.632983 -5.684198 -3.557806 10.552507 -17.873804 -3.127869 -0.005154 -13.798304 0.013341 -0.521616 -31.097443 -3.98936 -11.603648 -59.634224 7.910692 -13.979917 -7.132604 -2.866877 13.754074 -8.385669 -3.226407 0.347142 -34.159897 0.795344 -0.966583 -17.688768 2.629269 -0.008084 -0.002692 0.006863 -17.326427 -20.046188 -4.194587 21.72032 -1.640985 3.840593 0.008691 -6.33135 0.008627 -1.695253 -22.529053 -6.174068 -0.01005 0.003509 0.015771 16.330065 -62.440052 179.865952 29.821186 -45.556904 15.913049 27.273987 -0.448315 0.156398 -2.593494 -2.251537 -0.74018 22.159693 -20.320356 49.896973 -16.677444 -16.717737 28.446152 -0.001295 -12.670261 -0.003448 16.292992 -17.692192 2.712032 -0.101962 -1.509143 -4.271887 -5.0273 -5.607931 -2.947613 -0.002085 -11.009386 -0.008538 -6.102981 -15.885827 -3.840632 -0.002981 -0.001066 -0.001009 -10.261696 -5.672347 -4.334735 11.019391 -11.30135 -2.35568 -1.377893 -14.228971 -6.334231 -0.616924 -26.914587 -3.82926 -4.280046 -49.713406 -3.3621 -13.668291 -7.352298 -3.725347 18.086092 -14.038633 -3.234372 0.008166 -18.757177 -0.001937 -0.428516 -8.41611 2.546512 -0.000731 -0.001591 0.000919 -15.887199 -20.081614 -5.483592 30.380501 -7.19453 1.740955 -0.001695 -8.155482 -0.008069 -1.853817 -22.835098 -6.16497 0.007981 0.000948 -0.010728 -179.084381 -3.553436 -9.590832 12.007684 0.079958 -0.050908 -80.556831 -0.991749 -6.023113 -5.898707 1.524471 2.101428 -0.997333 0.002595 -0.000273 -1.263836 -3.72878 -3.564247 14.01195 0.033748 -0.120965 -79.538071 -10.72559 -6.38743 -5.723343 0.704447 1.670279 -0.996804 0.002239 0.002745 
0.0 0.0 0.0 0.0 -0.0 0.0 -6.589431 99.94516 -14.201128 89.066895 0.039408 -3.566612 -5.708084 0.058047 -0.315373 -12.540956 -0.86187 -0.83417 20.499722 -0.903063 -3.114447 16.577377 0.929909 3.069843 -2.5276 -0.624511 0.38917 -24.735584 0.652865 0.084869 -0.001128 0.0005 -0.000641 -0.068377 -0.009644 0.021614 0.07951 0.002121 0.040282 0.073665 -0.029082 0.005456 -153.27919 -66.713394 167.333099 12.976785 -50.812317 20.307327 35.409737 0.487462 -0.144424 1.078732 3.619592 11.696644 17.617876 -26.247747 52.308395 -19.453508 -14.375092 29.355877 0.003545 -8.76536 -0.010791 16.048506 -18.402071 6.332154 -0.599716 -1.800053 -3.864992 -4.811579 -11.039474 -2.959799 -0.012262 -20.951897 0.006555 -5.026366 -25.035503 -4.048476 -0.002161 0.00277 0.002274 -10.626937 -5.699064 -3.522499 10.57094 -17.888115 -3.13231 -0.004739 -13.804295 -0.00059 -0.489577 -31.121914 -4.049852 -11.577307 -59.720005 7.956136 -13.980715 -7.152532 -2.848924 13.769949 -8.382643 -3.232883 0.341438 -34.162445 0.754222 -0.988791 -17.700039 2.630615 0.000386 0.002826 -0.00537 -17.341778 -20.088058 -4.174603 21.748596 -1.630709 3.862574 -0.00471 -6.320001 -0.015983 -1.707489 -22.561468 -6.179059 0.008292 -0.001501 0.007407 16.330193 -62.425743 179.856552 29.831194 -45.515453 15.891768 27.326899 -0.447457 0.155091 -2.532242 -2.294315 -0.7204 22.179209 -20.308283 49.848858 -16.664019 -16.710505 28.410156 0.005778 -12.669942 -0.0098 16.277559 -17.713699 2.683311 -0.10566 -1.51511 -4.265094 -5.040352 -5.609452 -2.959984 0.003001 -11.012078 -0.000965 -6.108117 -15.870515 -3.843586 0.003261 -0.012403 0.000386 -10.272286 -5.671866 -4.349373 11.009224 -11.289095 -2.355255 -1.379391 -14.222374 -6.315531 -0.620393 -26.838898 -3.842674 -4.247418 -49.468487 -3.418305 -13.69453 -7.359078 -3.720996 18.10294 -14.036383 -3.226731 0.005768 -18.768261 -0.021187 -0.43377 -8.455637 2.549634 0.003053 0.007254 0.000495 -15.911252 -20.091373 -5.462173 30.375494 -7.173062 1.74392 -0.004316 -8.135636 -0.019096 -1.864285 -22.844841 -6.172596 0.000219 -0.000949 -0.001902 -178.992691 -3.532829 -9.605546 11.885654 0.076658 -0.057167 -80.573433 -0.971987 -5.993753 -5.879645 1.517682 2.101654 -0.997652 0.000779 -0.00046 -1.182615 -3.739747 -3.611575 13.939826 0.033572 -0.116713 -79.58197 -10.721507 -6.367555 -5.724133 0.727992 1.677438 -0.997086 0.004197 0.001615 
0.0 0.0 0.0 0.0 -0.0 0.0 -6.589347 99.93615 -14.164552 89.048058 0.04548 -3.565823 -5.68336 0.058497 -0.322095 -12.547399 -0.862593 -0.846984 20.501696 -0.891815 -3.107097 16.628233 0.918316 3.067857 -2.52798 -0.635008 0.435345 -24.722521 0.672096 0.11689 -0.001166 4.6e-05 0.000629 -0.0696 -0.012169 0.01145 0.085239 0.001516 0.037983 0.083893 -0.03233 -0.003117 -153.383759 -66.71196 167.468948 12.982919 -50.824326 20.294281 35.532227 0.507179 -0.126532 1.077385 3.634707 11.738432 17.656544 -26.328882 52.477787 -19.436338 -14.382138 29.41642 0.000518 -8.770281 0.004304 16.012833 -18.379511 6.352969 -0.599872 -1.787665 -3.897026 -4.826599 -11.057193 -2.93344 -0.024164 -20.966879 0.014081 -5.053413 -25.025215 -4.045216 0.011278 0.011872 -0.007268 -10.627602 -5.697893 -3.567189 10.547248 -17.91283 -3.088512 -0.004301 -13.825562 0.007654 -0.515817 -31.181454 -4.047659 -11.55166 -59.81892 7.88445 -13.986934 -7.168656 -2.874937 13.772397 -8.381271 -3.220268 0.29292 -34.22834 0.783454 -0.982203 -17.732599 2.615728 0.004525 0.000609 0.00339 -17.357891 -20.122839 -4.212734 21.756735 -1.620599 3.902594 -0.001052 -6.350593 0.000158 -1.70635 -22.618725 -6.225158 -0.005858 0.004544 0.00378 16.307819 -62.465248 179.900742 29.863291 -45.532688 15.865216 27.352406 -0.448323 0.133006 -2.516392 -2.317011 -0.623345 22.190844 -20.270893 49.835918 -16.683788 -16.737558 28.4102 0.006166 -12.691523 0.001939 16.300138 -17.712 2.682233 -0.097785 -1.50991 -4.266722 -5.036122 -5.600961 -2.964785 -0.004284 -11.001445 -0.001518 -6.105135 -15.885845 -3.840055 -0.005183 0.011315 -0.006718 -10.284146 -5.674418 -4.338799 11.029975 -11.289487 -2.364501 -1.384073 -14.22414 -6.326087 -0.624883 -26.905996 -3.830643 -4.229486 -49.600357 -3.433662 -13.702932 -7.352989 -3.733148 18.133982 -14.029936 -3.220283 -0.010764 -18.749636 -0.019053 -0.418039 -8.450777 2.535128 0.001399 0.012058 0.011827 -15.926828 -20.07872 -5.47164 30.435692 -7.184596 1.738093 -0.011437 -8.149481 0.005112 -1.835953 -22.86812 -6.194304 -0.002316 -0.004786 -0.003236 -179.039597 -3.511179 -9.61497 12.024236 0.064508 -0.058171 -80.582802 -1.00243 -5.984533 -5.865955 1.523203 2.102533 -0.997715 0.002538 8.9e-05 -1.204593 -3.775721 -3.631477 14.011489 0.034538 -0.113 -79.501274 -10.681931 -6.356612 -5.702104 0.73003 1.676745 -1.002174 0.001935 -0.001792 
0.0 0.0 0.0 0.0 -0.0 0.0 -6.557446 99.932045 -14.143062 89.030441 0.049391 -3.546597 -5.670949 0.063289 -0.332594 -12.549355 -0.863582 -0.854407 20.507887 -0.880706 -3.105758 16.665884 0.894874 3.083386 -2.538383 -0.63288 0.48375 -24.730242 0.682813 0.149124 0.001193 0.000323 -0.001786 -0.065037 -0.013495 0.005027 0.084206 0.001865 0.031404 0.082719 -0.035674 -0.012292 -153.305527 -66.734474 167.459518 13.12252 -50.825188 20.103069 35.58252 0.49155 -0.147387 1.131277 3.658971 11.75972 17.623037 -26.285578 52.389832 -19.455561 -14.398232 29.399782 0.001533 -8.77271 -0.009262 16.032228 -18.379358 6.346663 -0.612639 -1.794633 -3.877641 -4.812581 -11.042542 -2.95081 -0.00196 -20.956339 0.013214 -5.018576 -24.999855 -4.02423 0.003763 0.00125 -0.001858 -10.643067 -5.686892 -3.549211 10.57241 -17.90225 -3.119675 -0.005447 -13.80372 -0.01494 -0.541142 -31.121157 -4.00819 -11.452804 -59.676636 7.792143 -13.985097 -7.148425 -2.864821 13.764367 -8.393958 -3.222578 0.362164 -34.174042 0.757393 -0.956156 -17.706068 2.618633 0.004327 0.006975 -0.002448 -17.363003 -20.089502 -4.193333 21.764194 -1.640276 3.876802 0.005685 -6.332421 -0.001701 -1.700839 -22.580734 -6.195316 0.004494 0.000622 0.0 16.30188 -62.499565 179.889069 29.871767 -45.552528 15.875688 27.362556 -0.467806 0.131729 -2.470387 -2.337971 -0.499711 22.167942 -20.306944 49.895298 -16.673862 -16.729235 28.445402 0.006356 -12.677355 -0.014534 16.269066 -17.716015 2.744213 -0.105884 -1.511942 -4.282611 -5.03825 -5.618371 -2.953359 -0.008808 -11.02009 -0.002096 -6.125106 -15.908297 -3.845741 -5.5e-05 0.000109 0.000349 -10.283827 -5.682286 -4.352849 11.014488 -11.289896 -2.350494 -1.401109 -14.228828 -6.33482 -0.651496 -26.909874 -3.834646 -4.248302 -49.596226 -3.487938 -13.715458 -7.376411 -3.731903 18.132687 -14.045908 -3.244912 -0.00804 -18.821106 0.000993 -0.423957 -8.459712 2.547278 -0.010601 -0.003881 -0.009166 -15.933618 -20.113131 -5.490024 30.401731 -7.183497 1.756184 -0.003125 -8.167005 -0.011495 -1.851767 -22.8864 -6.172908 -0.002093 0.005973 -0.001718 -179.09671 -3.50343 -9.603947 12.13706 0.066448 -0.068652 -80.606613 -1.011737 -5.984406 -5.897709 1.512575 2.099828 -1.00452 0.001053 -0.000312 -1.23454 -3.79152 -3.64174 14.069903 0.02339 -0.100781 -79.516693 -10.688332 -6.387738 -5.720492 0.709899 1.671589 -0.99575 -0.006757 -0.002381 
0.0 0.0 0.0 0.0 -0.0 0.0 -6.54176 99.9282 -14.135708 89.015182 0.052013 -3.520361 -5.666283 0.071917 -0.334612 -12.545792 -0.863879 -0.863095 20.507311 -0.869723 -3.099146 16.669067 0.862716 3.090166 -2.518908 -0.61027 0.514938 -24.707468 0.698291 0.177694 -2e-06 0.000473 -5.5e-05 -0.066193 -0.012854 0.01023 0.083173 0.006434 0.033325 0.075715 -0.038264 -0.011421 -153.294479 -66.71833 167.4814 13.196559 -50.860844 19.960299 35.610241 0.442437 -0.14209 1.203297 3.677223 11.862896 17.618299 -26.291348 52.455566 -19.461 -14.389178 29.450346 0.006381 -8.776825 0.004092 16.063026 -18.402042 6.337969 -0.61149 -1.806292 -3.895535 -4.815668 -11.042355 -2.951918 0.00378 -20.9771 -0.017477 -5.007361 -25.045462 -4.018167 -0.00587 0.003887 0.002991 -10.632752 -5.685256 -3.563264 10.568828 -17.913647 -3.135668 -0.009369 -13.802604 -0.004121 -0.496985 -31.159149 -4.03154 -11.502611 -59.857327 7.901821 -13.988002 -7.16003 -2.898296 13.754246 -8.400055 -3.198477 0.326468 -34.193008 0.773691 -0.953223 -17.742277 2.59858 -0.011208 -0.001301 0.004735 -17.353329 -20.111824 -4.221761 21.752871 -1.639485 3.886219 -0.003096 -6.338022 0.001757 -1.672957 -22.578112 -6.205879 -0.008203 0.008514 -0.000677 16.311478 -62.517986 179.875015 29.907845 -45.554535 15.80752 27.361534 -0.51755 0.124933 -2.487982 -2.31479 -0.3466 22.196264 -20.330557 49.928272 -16.717915 -16.725637 28.448198 0.005445 -12.698274 0.009571 16.285238 -17.708559 2.733617 -0.107417 -1.518626 -4.2764 -5.045904 -5.622556 -2.950421 0.0007 -11.040198 -0.011918 -6.107566 -15.93019 -3.84601 -0.00611 0.002589 -0.013473 -10.297638 -5.696685 -4.343042 11.033136 -11.30539 -2.371027 -1.39496 -14.244818 -6.336921 -0.632306 -26.929207 -3.852389 -4.266497 -49.71674 -3.417475 -13.717495 -7.380753 -3.714508 18.14212 -14.042715 -3.254287 -0.010141 -18.7903 -0.024822 -0.429083 -8.461659 2.545859 -0.000847 0.00322 0.003596 -15.94387 -20.13504 -5.470407 30.44286 -7.182259 1.744142 -0.008988 -8.144552 -0.007546 -1.848654 -22.850819 -6.182746 0.002736 -0.014331 0.009169 -179.132233 -3.499621 -9.574218 12.210256 0.064454 -0.067121 -80.576279 -1.041951 -5.989892 -5.936436 1.517655 2.099213 -0.994598 -0.00572 -0.001318 -1.248541 -3.79543 -3.614287 14.12976 0.01625 -0.103348 -79.613487 -10.745831 -6.443012 -5.738721 0.718219 1.674773 -0.999202 -0.006393 -0.003781 
0.0 0.0 0.0 0.0 -0.0 0.0 -6.536506 99.928955 -14.122593 89.003769 0.050932 -3.504607 -5.674129 0.082717 -0.330834 -12.539673 -0.861021 -0.860757 20.496613 -0.854939 -3.09695 16.657446 0.836761 3.11042 -2.530733 -0.581841 0.534617 -24.636477 0.724631 0.197216 -0.00119 -6e-06 1.3e-05 -0.067254 -0.011248 0.020675 0.07856 0.006144 0.037538 0.082591 -0.037384 -0.002413 -153.221939 -66.754059 167.419205 13.238647 -50.845264 19.884474 35.606037 0.430767 -0.14437 1.240778 3.656163 11.935738 17.580091 -26.231833 52.319305 -19.424902 -14.358038 29.318987 0.002386 -8.752616 0.010343 16.063829 -18.374193 6.316843 -0.609738 -1.786915 -3.897774 -4.801992 -11.045795 -2.913485 -0.00168 -20.967306 -0.015993 -5.00271 -25.020376 -4.045254 -0.009997 -0.010225 -0.001361 -10.617911 -5.676549 -3.572396 10.543263 -17.916389 -3.093929 0.000271 -13.806841 -0.009493 -0.516676 -31.139465 -4.050115 -11.590611 -59.809978 7.911581 -13.949081 -7.137618 -2.879569 13.73565 -8.387852 -3.218763 0.344953 -34.162884 0.759552 -0.958157 -17.722912 2.607972 -0.004306 -0.004614 0.0 -17.302818 -20.069662 -4.204665 21.705736 -1.637209 3.863337 0.005157 -6.329767 -0.010722 -1.695257 -22.55678 -6.171338 -0.003813 0.002474 -0.018387 16.31082 -62.542385 179.85321 29.971106 -45.578915 15.764982 27.378496 -0.578496 0.139021 -2.533284 -2.278121 -0.309668 22.192999 -20.349508 49.924206 -16.721018 -16.741138 28.473154 -0.0022 -12.699123 0.006667 16.227198 -17.746719 2.762022 -0.096166 -1.508437 -4.28076 -5.040767 -5.612092 -2.947333 0.001856 -11.013754 -0.013516 -6.0948 -15.889722 -3.835762 -0.0001 -0.006226 0.00613 -10.276196 -5.674589 -4.33924 11.024579 -11.301051 -2.375161 -1.370608 -14.242596 -6.31752 -0.605812 -26.934439 -3.85548 -4.277456 -49.632915 -3.394973 -13.706632 -7.360207 -3.726447 18.154739 -14.044352 -3.242428 0.010678 -18.772707 0.000559 -0.434396 -8.438057 2.548738 0.006119 -0.009882 -0.017855 -15.919316 -20.097498 -5.481223 30.438803 -7.188248 1.748929 0.003143 -8.166018 -0.002387 -1.865534 -22.856709 -6.181906 -0.005657 0.007887 0.008409 -179.191025 -3.519467 -9.528044 12.208112 0.060733 -0.058207 -80.55246 -1.073009 -6.011588 -5.962126 1.507308 2.095158 -0.994085 -0.002342 -0.000116 -1.225556 -3.795909 -3.576044 14.101439 0.015066 -0.112068 -79.596725 -10.768803 -6.468126 -5.749396 0.704347 1.667132 -0.996661 0.002284 0.000302 
0.0 0.0 0.0 0.0 -0.0 0.0 -6.517835 99.941101 -14.135798 88.997337 0.046129 -3.482667 -5.677802 0.096293 -0.324765 -12.537181 -0.856741 -0.865363 20.506721 -0.839734 -3.101219 16.682526 0.812914 3.119516 -2.532528 -0.563928 0.588205 -24.634531 0.744138 0.210373 -7e-06 -0.000234 0.00078 -0.062529 -0.009884 0.030134 0.071717 0.007217 0.059585 0.083933 -0.034168 0.010234 -153.321106 -66.830048 167.50386 13.248433 -50.838036 19.913486 35.743904 0.452496 -0.099966 1.235051 3.657658 11.977762 17.638083 -26.302128 52.422333 -19.437656 -14.39043 29.377924 0.00783 -8.772663 -0.014158 16.090073 -18.425917 6.313768 -0.614619 -1.800617 -3.892214 -4.802448 -11.037918 -2.922911 -0.002179 -20.960388 -0.0029 -5.02621 -24.995125 -4.02815 0.0 -0.010061 -0.001626 -10.628967 -5.690851 -3.566132 10.558302 -17.909561 -3.089236 -0.000476 -13.803258 -0.026751 -0.500528 -31.129885 -4.000677 -11.585033 -59.709446 7.987107 -13.976442 -7.147379 -2.867522 13.765682 -8.38737 -3.227434 0.351696 -34.183121 0.772 -0.96942 -17.732956 2.615965 -0.004491 -0.001748 0.008 -17.337595 -20.090374 -4.201026 21.72632 -1.626469 3.871747 0.004004 -6.338776 0.015825 -1.681425 -22.566036 -6.208615 0.004439 0.013555 -0.002202 16.288284 -62.683399 179.930405 29.978121 -45.58152 15.744486 27.420818 -0.576765 0.153462 -2.519542 -2.248029 -0.307492 22.209116 -20.344618 49.935448 -16.70116 -16.754095 28.455011 0.004446 -12.703171 0.019113 16.237803 -17.78998 2.764187 -0.099959 -1.509664 -4.281514 -5.053089 -5.611743 -2.956212 -0.003832 -11.019451 0.004069 -6.131179 -15.878656 -3.844602 0.00214 -0.006973 -0.006513 -10.295338 -5.682155 -4.336676 11.038159 -11.293772 -2.380968 -1.408682 -14.251485 -6.317871 -0.625179 -26.961876 -3.845116 -4.369274 -49.775402 -3.373301 -13.708493 -7.363192 -3.717697 18.13209 -14.031192 -3.251914 -0.001692 -18.790432 0.008252 -0.430469 -8.43876 2.549625 0.003547 0.000112 0.007264 -15.932631 -20.085672 -5.468478 30.420038 -7.172526 1.739235 -0.019816 -8.148704 -0.000637 -1.857481 -22.843103 -6.143404 0.00786 -0.004717 -0.015141 -179.093887 -3.502129 -9.489126 12.048364 0.064158 -0.054459 -80.526505 -1.094325 -6.009593 -5.966729 1.508699 2.09374 -0.998024 -0.004063 -0.000925 -1.232089 -3.734053 -3.561715 13.961458 0.019379 -0.109873 -79.464996 -10.837341 -6.420573 -5.744382 0.712921 1.671976 -0.996226 0.006386 0.001996 
0.0 0.0 0.0 0.0 -0.0 0.0 -6.558032 99.949303 -14.149204 88.995262 0.046572 -3.44151 -5.683413 0.10868 -0.322767 -12.543657 -0.853456 -0.875116 20.533522 -0.8329 -3.097774 16.698843 0.808669 3.105503 -2.541231 -0.553873 0.661495 -24.629313 0.751906 0.237138 -0.002401 0.000133 -0.000763 -0.064797 -0.007556 0.037282 0.069441 0.008453 0.06752 0.081744 -0.030189 0.017107 -153.370926 -66.986504 167.542328 13.3486 -50.936596 19.91519 35.847683 0.464455 -0.120405 1.216625 3.65327 12.03433 17.650837 -26.371582 52.522243 -19.47439 -14.426166 29.427752 -0.002894 -8.785679 0.002555 16.08913 -18.446838 6.35817 -0.609652 -1.798319 -3.88693 -4.810919 -11.067489 -2.937104 0.013444 -21.016706 -0.000744 -5.015153 -25.083094 -4.02939 -0.003135 0.003879 -0.008258 -10.636724 -5.687397 -3.545672 10.578191 -17.956907 -3.136337 0.005048 -13.835705 0.010783 -0.482668 -31.240681 -4.037852 -11.656676 -60.083309 8.070337 -13.998271 -7.152722 -2.854108 13.786454 -8.411124 -3.242925 0.349574 -34.28825 0.792337 -0.957997 -17.778326 2.626006 0.0 -0.0 0.0 -17.374035 -20.113522 -4.177488 21.782997 -1.641928 3.839932 0.005785 -6.342668 -0.000424 -1.721195 -22.60153 -6.180483 0.008164 0.000171 -0.005604 16.268209 -62.748348 179.986252 29.974819 -45.556843 15.72086 27.428581 -0.59057 0.162435 -2.500357 -2.248794 -0.347127 22.212057 -20.431484 49.994457 -16.716103 -16.76807 28.50989 -0.006525 -12.698732 -0.004967 16.211582 -17.793966 2.796749 -0.102422 -1.509423 -4.28429 -5.041539 -5.621544 -2.947543 0.001759 -11.038676 0.001755 -6.11207 -15.939122 -3.83754 -0.000163 -0.00012 -0.007421 -10.288221 -5.678339 -4.332142 11.043377 -11.318791 -2.38326 -1.377235 -14.247727 -6.308186 -0.623109 -26.938938 -3.835761 -4.39612 -49.744804 -3.313076 -13.724086 -7.36268 -3.720637 18.16927 -14.065183 -3.231503 -0.000585 -18.826441 0.00639 -0.414026 -8.483139 2.561038 0.000584 -0.007017 0.006735 -15.937379 -20.113186 -5.486069 30.450014 -7.208854 1.753419 0.009577 -8.172082 -0.003656 -1.864638 -22.884512 -6.169729 0.005855 -0.013826 0.003933 -178.983017 -3.478098 -9.458825 11.859115 0.067351 -0.057131 -80.428261 -1.085093 -5.984228 -5.952275 1.519483 2.096492 -0.997783 -0.002451 -0.000894 -1.054335 -3.762609 -3.584176 13.824345 0.022808 -0.10812 -79.431183 -10.840053 -6.457049 -5.759809 0.716296 1.671645 -0.995803 -0.004395 -0.002359 
0.0 0.0 0.0 0.0 -0.0 0.0 -6.63352 99.94976 -14.176126 88.996567 0.050009 -3.388975 -5.686107 0.113207 -0.324473 -12.544298 -0.852103 -0.8831 20.53364 -0.821697 -3.090621 16.680277 0.81665 3.070927 -2.536805 -0.563794 0.739251 -24.632332 0.757097 0.259342 -0.001188 -0.000229 5.7e-05 -0.063486 -0.006827 0.041481 0.067178 0.008723 0.059421 0.081811 -0.029254 0.019504 -153.338547 -66.892715 167.525452 13.337731 -50.788898 19.984642 35.866123 0.505181 -0.112847 1.202215 3.62124 11.970964 17.668278 -26.327496 52.472935 -19.452679 -14.399465 29.388102 0.004977 -8.788593 -0.002285 16.091618 -18.458076 6.366706 -0.617063 -1.807929 -3.887502 -4.822199 -11.055216 -2.922551 -0.018124 -20.974789 0.004298 -5.028678 -25.063927 -4.076396 -0.003059 -0.01629 -0.00348 -10.647431 -5.69243 -3.550915 10.577631 -17.923567 -3.113324 -0.006045 -13.827024 -0.000785 -0.502178 -31.19101 -4.061931 -11.598987 -59.916504 7.983195 -14.00423 -7.154655 -2.868398 13.781452 -8.403533 -3.201171 0.336188 -34.235535 0.763384 -0.971529 -17.743101 2.63316 0.004716 -0.004681 0.010399 -17.381056 -20.108601 -4.189986 21.775032 -1.640291 3.868338 -0.005892 -6.339571 0.008848 -1.692188 -22.595993 -6.211696 -0.003631 0.006068 0.020128 16.311441 -62.685638 179.913223 29.960823 -45.559967 15.704751 27.425396 -0.589398 0.144643 -2.423642 -2.267256 -0.284331 22.199749 -20.357286 49.917095 -16.719875 -16.748272 28.480923 -0.010303 -12.699874 -0.010785 16.213478 -17.790213 2.772826 -0.124488 -1.521248 -4.295324 -5.027026 -5.603913 -2.958553 0.003178 -11.021625 0.01275 -6.103441 -15.897417 -3.837754 0.001468 0.00074 -0.007305 -10.30235 -5.682732 -4.347252 11.040874 -11.307871 -2.377921 -1.372517 -14.243937 -6.319247 -0.621352 -26.910748 -3.82625 -4.405732 -49.67617 -3.298705 -13.729673 -7.36614 -3.728267 18.151331 -14.058692 -3.236839 -0.00198 -18.779047 -0.002779 -0.415034 -8.474798 2.554927 0.003586 0.007577 -0.001195 -15.92961 -20.095318 -5.497701 30.412964 -7.218434 1.755777 0.006209 -8.159282 -0.018285 -1.836974 -22.8419 -6.16138 -0.000603 -0.008845 -0.013684 -178.902313 -3.4625 -9.445493 11.718614 0.065686 -0.048082 -80.397095 -1.059271 -5.982311 -5.918276 1.514853 2.097178 -1.001011 -0.000654 5.4e-05 -0.959439 -3.751277 -3.626566 13.753104 0.025344 -0.105881 -79.537865 -10.858148 -6.460443 -5.7374 0.705017 1.664647 -1.000332 0.002261 0.000387 
0.0 0.0 0.0 0.0 -0.0 0.0 -6.693383 99.9487 -14.217007 88.987495 0.055909 -3.329066 -5.683796 0.114651 -0.324158 -12.54674 -0.851063 -0.884726 20.538996 -0.810092 -3.097534 16.662418 0.825707 3.03598 -2.54008 -0.574741 0.796358 -24.673834 0.750174 0.274706 -0.00118 -0.00023 5.8e-05 -0.063471 -0.006576 0.041484 0.055746 0.009496 0.065459 0.068153 -0.027754 0.024499 -153.337601 -67.018524 167.516556 13.469649 -50.823925 19.944828 35.837479 0.498801 -0.120598 1.188845 3.563668 11.969441 17.65246 -26.33256 52.425423 -19.491888 -14.415212 29.435141 -0.002366 -8.79012 -0.000388 16.077562 -18.477346 6.4004 -0.610323 -1.789424 -3.90564 -4.809286 -11.05238 -2.924998 0.011129 -20.984221 -0.005356 -5.017153 -25.055099 -4.030159 -0.004122 -0.00401 -0.012714 -10.642699 -5.683664 -3.580877 10.596178 -17.928955 -3.106099 0.009366 -13.827331 -0.007109 -0.489465 -31.181881 -4.039462 -11.734632 -59.945095 8.117991 -13.983225 -7.137888 -2.891484 13.780098 -8.416787 -3.217443 0.382976 -34.247433 0.767465 -0.970474 -17.734119 2.639144 0.000854 0.000661 -0.002466 -17.345503 -20.08926 -4.215287 21.776724 -1.649808 3.861908 -0.000996 -6.343504 -0.00255 -1.700753 -22.595043 -6.200381 0.006105 0.001586 0.003057 16.373444 -62.815052 179.826401 30.05331 -45.661644 15.645034 27.448139 -0.601391 0.128485 -2.431438 -2.302916 -0.269362 22.172052 -20.375347 49.96104 -16.757191 -16.748348 28.52375 -0.012043 -12.691656 0.006957 16.242691 -17.756207 2.773537 -0.098442 -1.517049 -4.271151 -5.039737 -5.612644 -2.94592 0.017291 -11.023837 -0.019082 -6.099521 -15.895256 -3.848597 6.9e-05 -0.007209 0.00051 -10.269596 -5.667355 -4.346051 11.027192 -11.325766 -2.378898 -1.360321 -14.253896 -6.315534 -0.585981 -26.945765 -3.836299 -4.415925 -49.721958 -3.274891 -13.69791 -7.355289 -3.728775 18.150545 -14.076738 -3.262279 0.009211 -18.799282 -0.002571 -0.412981 -8.496297 2.564855 -0.005556 0.009455 -0.001643 -15.886974 -20.075703 -5.489074 30.400944 -7.230984 1.716117 0.002178 -8.149096 0.008357 -1.830483 -22.862465 -6.168745 0.00158 0.001335 0.003921 -178.767929 -3.49089 -9.428588 11.61342 0.067284 -0.054058 -80.365067 -1.011253 -6.034872 -5.890192 1.518313 2.099842 -0.994315 0.001286 0.000395 -0.903143 -3.730998 -3.653049 13.722286 0.023859 -0.102767 -79.463661 -10.901834 -6.418514 -5.703962 0.725524 1.680635 -0.99987 0.006078 0.002138 
0.0 0.0 0.0 0.0 -0.0 0.0 -6.715768 99.936325 -14.233685 89.001938 0.065622 -3.281812 -5.689691 0.112488 -0.325191 -12.534797 -0.850975 -0.866846 20.53265 -0.791684 -3.126942 16.640083 0.849972 3.009434 -2.536897 -0.582178 0.811648 -24.707321 0.73979 0.303812 0.002268 -0.000587 -0.002635 -0.062295 -0.006572 0.038756 0.055781 0.010288 0.063636 0.068128 -0.029515 0.021174 -153.347473 -66.947685 167.573746 13.564103 -50.75885 19.950346 35.832199 0.565048 -0.162726 1.203686 3.504834 11.960267 17.653351 -26.336325 52.482502 -19.525314 -14.421562 29.473347 -0.008377 -8.783413 -0.015303 16.065132 -18.429071 6.382045 -0.594935 -1.786736 -3.879293 -4.809265 -11.064963 -2.947669 0.016328 -20.986294 -0.027765 -5.007277 -25.032583 -4.020704 0.000893 -0.00015 -0.002715 -10.625841 -5.675427 -3.568666 10.579638 -17.952177 -3.117552 0.002354 -13.842875 -0.008992 -0.485281 -31.21818 -4.042176 -11.753604 -60.062969 8.127255 -13.982838 -7.138243 -2.874999 13.78761 -8.420527 -3.20731 0.380957 -34.226719 0.740932 -0.945671 -17.744038 2.630857 -0.011557 0.004014 -0.000687 -17.350941 -20.108643 -4.198267 21.787386 -1.652612 3.855884 0.008079 -6.344809 -0.000793 -1.680825 -22.620205 -6.21479 -0.007212 0.007591 0.014165 16.345686 -62.697941 179.799438 29.923975 -45.561596 15.690089 27.453285 -0.568339 0.086719 -2.455648 -2.317992 -0.134946 22.154165 -20.311781 49.844044 -16.708025 -16.714399 28.444603 0.000624 -12.68152 -0.005519 16.21192 -17.746401 2.750529 -0.092275 -1.506543 -4.274031 -5.041771 -5.613784 -2.967992 0.000715 -11.014465 -0.008632 -6.116492 -15.908718 -3.830036 6.2e-05 -0.001889 -0.005316 -10.265785 -5.672673 -4.336055 11.021049 -11.305422 -2.386029 -1.37218 -14.234476 -6.309171 -0.610391 -26.907738 -3.832214 -4.390259 -49.548416 -3.343812 -13.686112 -7.351362 -3.698682 18.144905 -14.048262 -3.271211 0.010537 -18.781504 -0.004222 -0.422813 -8.440279 2.54649 0.002216 0.007636 -0.010491 -15.888141 -20.083607 -5.466297 30.409931 -7.186902 1.700258 -0.001932 -8.166414 -0.005169 -1.861694 -22.826565 -6.161644 -0.000238 -0.005888 -0.015066 -178.857452 -3.504793 -9.370021 11.774605 0.067068 -0.053208 -80.466042 -1.012407 -6.064955 -5.855545 1.51905 2.101325 -0.993665 -0.000348 -0.00038 -0.974014 -3.732667 -3.643826 13.877445 0.023963 -0.10047 -79.587135 -10.902194 -6.428157 -5.681592 0.705001 1.675301 -0.996242 -0.000254 0.001584 
0.0 0.0 0.0 0.0 -0.0 0.0 -6.722774 99.922546 -14.258721 89.039825 0.075412 -3.215753 -5.696282 0.108924 -0.331428 -12.54121 -0.85513 -0.854499 20.548403 -0.774009 -3.140474 16.648375 0.879271 3.010803 -2.536581 -0.579905 0.781727 -24.708595 0.746521 0.33941 -1e-06 -0.000166 -0.001813 -0.071538 -0.006936 0.030938 0.049996 0.008369 0.05413 0.05892 -0.030317 0.016816 -153.469223 -66.812729 167.74498 13.568972 -50.601452 19.880308 35.7924 0.574512 -0.139097 1.288553 3.45246 11.998689 17.649918 -26.276739 52.407883 -19.44099 -14.389349 29.376661 0.010399 -8.777879 0.010574 16.110777 -18.435307 6.309251 -0.603287 -1.785017 -3.874223 -4.812099 -11.044102 -2.966212 -0.009298 -20.947786 0.003219 -5.02078 -25.010347 -4.057417 0.003129 -0.005761 -0.006526 -10.628559 -5.680784 -3.581316 10.55495 -17.913141 -3.103594 0.005992 -13.828352 0.006458 -0.485377 -31.174774 -4.047134 -11.699914 -60.006123 8.108759 -13.987272 -7.149921 -2.881097 13.769637 -8.392689 -3.221952 0.341332 -34.210701 0.773464 -0.970032 -17.736631 2.606991 -0.000515 0.005903 0.006132 -17.357086 -20.097837 -4.207097 21.764721 -1.621843 3.860691 0.002729 -6.339236 -0.002671 -1.725949 -22.564993 -6.225568 0.003777 -0.008838 0.002028 16.38377 -62.629528 179.734375 29.869087 -45.549976 15.767811 27.490746 -0.566567 0.1128 -2.503582 -2.299489 -0.057424 22.172909 -20.382113 49.988831 -16.705225 -16.757418 28.502443 0.000306 -12.69131 -0.008306 16.214739 -17.783768 2.785594 -0.108401 -1.512941 -4.285338 -5.03444 -5.615757 -2.953403 -0.014615 -11.025755 0.011906 -6.114563 -15.899929 -3.844907 0.00029 0.001029 0.005519 -10.287074 -5.684453 -4.340518 11.023903 -11.298819 -2.372402 -1.377971 -14.246752 -6.330976 -0.647879 -26.914288 -3.820418 -4.418854 -49.553486 -3.369052 -13.71346 -7.370154 -3.729504 18.141993 -14.052804 -3.250711 -0.01392 -18.782476 0.001069 -0.431687 -8.446561 2.553047 0.003699 0.009782 -0.001717 -15.945312 -20.110685 -5.466169 30.445066 -7.181494 1.740382 -0.002494 -8.150393 -0.013518 -1.878491 -22.865574 -6.162384 0.000669 0.004129 -0.008319 -178.973846 -3.527598 -9.304137 11.990447 0.067438 -0.054024 -80.701225 -1.009093 -6.111564 -5.87477 1.52345 2.09898 -0.994816 -0.000262 0.000294 -1.061369 -3.728885 -3.631306 14.073661 0.031926 -0.101635 -79.755737 -10.943769 -6.433752 -5.663594 0.69832 1.671887 -0.99333 -0.002158 0.001869 
0.0 0.0 0.0 0.0 -0.0 0.0 -6.714072 99.91066 -14.244202 89.044983 0.080917 -3.161411 -5.699566 0.106482 -0.321237 -12.529205 -0.859752 -0.852061 20.540741 -0.756945 -3.163732 16.625742 0.908821 3.035594 -2.534216 -0.56291 0.749858 -24.635996 0.748581 0.364806 -0.001208 0.000721 -0.000123 -0.076292 -0.00999 0.019884 0.02791 0.003306 0.044278 0.041627 -0.030249 0.009081 -153.44223 -66.840813 167.733292 13.580041 -50.574703 19.828299 35.854366 0.553632 -0.122503 1.32735 3.446706 12.044458 17.67062 -26.331375 52.432034 -19.477844 -14.405117 29.402992 0.001826 -8.781807 0.002852 16.150723 -18.442184 6.384384 -0.608839 -1.804277 -3.902046 -4.813249 -11.054363 -2.932961 -0.003623 -21.005655 -0.004126 -5.017447 -25.095606 -4.056093 -0.009685 -0.003221 -0.005122 -10.634207 -5.691552 -3.558244 10.577703 -17.928806 -3.132991 0.004429 -13.827319 3.1e-05 -0.496559 -31.195814 -4.016707 -11.773587 -60.104183 8.187055 -13.997427 -7.163585 -2.903414 13.776361 -8.403879 -3.187401 0.315257 -34.241375 0.78619 -0.974208 -17.735212 2.623861 -0.005505 0.0036 0.006987 -17.361658 -20.116379 -4.212039 21.770185 -1.635597 3.876713 -0.002653 -6.345349 -0.002695 -1.683113 -22.612909 -6.204394 -0.001052 0.003511 0.000703 16.395416 -62.589722 179.703995 29.81686 -45.449116 15.803989 27.518356 -0.595076 0.11631 -2.566858 -2.285017 0.011193 22.180119 -20.377996 49.932049 -16.702009 -16.735786 28.465513 -0.003201 -12.690966 0.011803 16.206228 -17.75959 2.775799 -0.112602 -1.518464 -4.270972 -5.030733 -5.611088 -2.960784 -0.001335 -11.026406 0.007572 -6.110698 -15.907083 -3.829167 0.00141 -0.004303 -0.001512 -10.290236 -5.679326 -4.332206 11.035687 -11.312787 -2.38546 -1.379542 -14.237078 -6.320885 -0.613526 -26.969179 -3.809484 -4.454263 -49.74646 -3.26738 -13.708305 -7.355836 -3.71622 18.141613 -14.047715 -3.239173 9.4e-05 -18.784609 -0.009155 -0.436689 -8.450762 2.543437 -0.004801 -2.7e-05 0.003565 -15.910272 -20.080492 -5.466801 30.380795 -7.190309 1.729965 0.005427 -8.171441 0.007555 -1.851166 -22.83843 -6.167301 -0.010825 0.014818 0.009814 -179.106262 -3.529412 -9.231623 12.216072 0.068098 -0.059854 -80.766434 -1.000902 -6.102834 -5.882792 1.514613 2.098183 -0.994857 -0.001861 -0.000372 -1.134439 -3.743965 -3.589169 14.225732 0.036039 -0.109123 -79.87796 -11.001427 -6.507887 -5.628514 0.703539 1.672446 -0.99627 -7.6e-05 -0.000764 
0.0 0.0 0.0 0.0 -0.0 0.0 -6.736566 99.89798 -14.206847 89.051971 0.083414 -3.108929 -5.699309 0.104674 -0.313859 -12.55608 -0.861684 -0.864464 20.585768 -0.74513 -3.172058 16.639553 0.913707 3.066131 -2.527609 -0.545871 0.752577 -24.64035 0.742655 0.377601 0.0 -0.000313 -0.000855 -0.071681 -0.012271 0.024559 0.031395 0.001905 0.046154 0.043956 -0.031151 0.010037 -153.532669 -66.696701 167.846191 13.554696 -50.484688 19.692957 35.851444 0.510582 -0.116729 1.368888 3.433749 12.141408 17.633215 -26.308601 52.450596 -19.429682 -14.36319 29.41186 0.009067 -8.759547 0.003974 16.138781 -18.372835 6.330655 -0.609708 -1.786026 -3.91893 -4.805285 -11.038129 -2.920916 -0.01774 -20.943396 0.003468 -5.023024 -24.99913 -4.036709 0.004867 -0.002094 0.004503 -10.629924 -5.69833 -3.570692 10.553938 -17.892088 -3.111424 -0.008725 -13.811009 0.004895 -0.494167 -31.170084 -4.049363 -11.683716 -59.925663 8.132827 -13.97687 -7.155636 -2.888664 13.753045 -8.379588 -3.217145 0.318014 -34.183647 0.781516 -0.97494 -17.695354 2.613568 0.004166 -0.002372 0.007472 -17.34339 -20.097712 -4.21881 21.748405 -1.628191 3.892193 -0.003297 -6.332665 -0.005736 -1.692242 -22.576651 -6.220354 -0.000965 0.002592 -0.00165 16.410784 -62.546379 179.719162 29.831039 -45.40514 15.939669 27.530539 -0.569409 0.141844 -2.595653 -2.315588 0.059344 22.181673 -20.408546 50.002499 -16.67828 -16.738239 28.49666 0.01261 -12.689527 -0.004913 16.171009 -17.770477 2.799574 -0.107571 -1.517957 -4.277019 -5.04001 -5.615483 -2.946358 -0.009321 -11.018975 -0.003482 -6.108984 -15.912838 -3.854085 -0.003031 0.0 0.005321 -10.292299 -5.688887 -4.341489 11.01914 -11.278288 -2.364483 -1.400053 -14.232023 -6.325727 -0.659262 -26.882963 -3.821364 -4.451375 -49.545826 -3.308149 -13.722484 -7.378596 -3.721567 18.141094 -14.031231 -3.245298 -0.015166 -18.808243 0.020063 -0.434711 -8.457579 2.563392 0.00656 -0.002965 -0.001178 -15.944406 -20.111599 -5.488967 30.409113 -7.169218 1.762172 0.005539 -8.178196 0.000857 -1.878809 -22.856886 -6.165637 -0.003323 0.001943 0.006924 -179.249466 -3.465538 -9.190521 12.426168 0.06745 -0.050674 -80.847786 -1.055072 -6.038769 -5.863829 1.517634 2.097971 -0.990804 0.001626 0.0006 -1.169858 -3.766404 -3.55601 14.316669 0.034233 -0.122048 -79.943077 -11.0602 -6.540643 -5.593587 0.687897 1.671651 -1.00047 0.010832 0.0023 
0.0 0.0 0.0 0.0 -0.0 0.0 -6.790334 99.897537 -14.16538 89.07296 0.086165 -3.040583 -5.705049 0.103146 -0.316101 -12.557427 -0.860271 -0.874851 20.589508 -0.730413 -3.152204 16.637718 0.91655 3.054606 -2.533154 -0.53705 0.760425 -24.568508 0.726872 0.378209 1.4e-05 9.3e-05 0.000907 -0.071504 -0.009844 0.032234 0.023534 0.003493 0.051278 0.032646 -0.029049 0.013433 -153.480225 -66.706802 167.767578 13.561807 -50.526405 19.651024 35.911331 0.468827 -0.123428 1.367597 3.434177 12.174673 17.618584 -26.285362 52.393013 -19.487144 -14.392913 29.402315 -0.005525 -8.781619 -0.001034 16.109453 -18.374937 6.333381 -0.608388 -1.796092 -3.890124 -4.799518 -11.050031 -2.938034 0.011714 -21.002142 0.001453 -4.998049 -25.058445 -4.040958 0.010467 -0.004368 -0.001756 -10.627656 -5.685552 -3.555163 10.583989 -17.933895 -3.117326 0.011102 -13.835338 0.000354 -0.463046 -31.224319 -4.043794 -11.791671 -60.141785 8.302243 -13.984527 -7.146138 -2.861839 13.784341 -8.402482 -3.234132 0.376368 -34.239697 0.769581 -0.961304 -17.745371 2.631374 -0.004785 -0.007066 0.0 -17.335121 -20.091475 -4.200407 21.752176 -1.644409 3.87024 0.003002 -6.335349 -0.010179 -1.670036 -22.605139 -6.20751 0.003031 -0.002406 0.003726 16.420847 -62.548676 179.723618 29.874695 -45.355816 15.94641 27.473425 -0.561341 0.129253 -2.559482 -2.336361 0.067565 22.14481 -20.337589 49.892315 -16.660048 -16.731928 28.432972 0.001294 -12.671001 0.010534 16.148172 -17.761702 2.822966 -0.10334 -1.511331 -4.28057 -5.036841 -5.603178 -2.952265 -0.003044 -11.011994 0.021632 -6.105062 -15.890644 -3.857842 0.0 0.001808 0.004656 -10.27422 -5.670546 -4.330354 11.020819 -11.286728 -2.371852 -1.384491 -14.211411 -6.320634 -0.622457 -26.866514 -3.808178 -4.470056 -49.521015 -3.218369 -13.684666 -7.354162 -3.716727 18.107023 -14.027659 -3.231848 -0.003856 -18.75738 -0.007219 -0.419519 -8.438197 2.568702 -0.000546 0.008203 0.004101 -15.903748 -20.070911 -5.466637 30.361713 -7.176651 1.729486 0.005612 -8.160618 0.002688 -1.878972 -22.80155 -6.170553 0.005147 -0.001981 0.006164 -179.25885 -3.459494 -9.14448 12.4236 0.07372 -0.057356 -80.935272 -1.059391 -6.022852 -5.846833 1.512233 2.095696 -0.994534 0.00334 0.000261 -1.114788 -3.787005 -3.529742 14.242655 0.034912 -0.126587 -79.865509 -11.098611 -6.56872 -5.573273 0.686042 1.676524 -0.992832 -0.002283 0.000642 
0.0 0.0 0.0 0.0 -0.0 0.0 -6.849994 99.881836 -14.121117 89.08371 0.079948 -3.00725 -5.713003 0.107922 -0.295729 -12.559505 -0.85897 -0.889693 20.609131 -0.719682 -3.155461 16.673252 0.916524 3.065725 -2.543604 -0.543891 0.747436 -24.562796 0.692137 0.358658 -0.001262 -0.000463 8.8e-05 -0.063536 -0.008706 0.042617 0.023472 0.007108 0.068643 0.035895 -0.02963 0.02491 -153.549988 -66.760361 167.79454 13.56797 -50.565701 19.665911 35.984024 0.497171 -0.130876 1.340923 3.432736 12.159502 17.59741 -26.291573 52.394299 -19.460047 -14.393479 29.37466 -0.001095 -8.766339 -0.011222 16.103762 -18.38625 6.347697 -0.599692 -1.79354 -3.859062 -4.811789 -11.046933 -2.935755 -0.001414 -20.960197 -0.021226 -5.00014 -25.035717 -4.046086 -0.008149 -0.003648 -0.014203 -10.619637 -5.682475 -3.529157 10.562765 -17.920481 -3.131321 -0.001002 -13.824225 -0.004513 -0.481086 -31.200878 -4.047969 -11.704945 -60.012058 8.228256 -13.976087 -7.147785 -2.838329 13.760213 -8.38395 -3.244015 0.326302 -34.189758 0.77136 -0.956942 -17.728441 2.604352 -0.008475 -0.012999 -0.010074 -17.348194 -20.089308 -4.174249 21.756329 -1.633535 3.854918 -0.002992 -6.33594 0.006018 -1.701661 -22.578321 -6.211469 -0.006355 -0.010315 0.012281 16.401035 -62.592953 179.79538 29.942764 -45.319698 15.982553 27.447708 -0.531659 0.136761 -2.530641 -2.377398 0.047646 22.159098 -20.321432 49.90976 -16.678934 -16.732891 28.442074 0.008808 -12.677724 0.012459 16.189484 -17.762934 2.798634 -0.102813 -1.508493 -4.273379 -5.039392 -5.607966 -2.955501 0.004717 -11.005694 0.004269 -6.092419 -15.872349 -3.840012 0.001604 -0.002414 -0.010433 -10.271198 -5.675708 -4.349773 11.005807 -11.286963 -2.374891 -1.369732 -14.228946 -6.320967 -0.613972 -26.906973 -3.837498 -4.40832 -49.611675 -3.242239 -13.697456 -7.355357 -3.743096 18.115185 -14.026435 -3.235558 -0.006102 -18.746468 -0.004584 -0.432447 -8.435033 2.56068 0.00074 -0.016939 -0.000765 -15.908649 -20.083372 -5.507748 30.397682 -7.185496 1.765755 6.9e-05 -8.154887 -0.021605 -1.845321 -22.843849 -6.155622 0.002846 0.003798 -0.005619 -179.365524 -3.475025 -9.128836 12.636793 0.070385 -0.054602 -80.958954 -1.03493 -5.991055 -5.814297 1.50514 2.097767 -1.001088 0.005034 0.000729 -1.120786 -3.805659 -3.49545 14.322508 0.030172 -0.132967 -79.952293 -11.117657 -6.601324 -5.573167 0.677726 1.666932 -0.995086 -0.000564 -0.000864 
0.0 0.0 0.0 0.0 -0.0 0.0 -6.872525 99.871536 -14.125299 89.10009 0.075918 -2.947622 -5.720465 0.110749 -0.295812 -12.561375 -0.856044 -0.890647 20.627445 -0.713637 -3.162807 16.697538 0.929602 3.049217 -2.550566 -0.555412 0.741908 -24.559259 0.650072 0.365785 -0.0 0.000293 -0.00093 -0.065576 -0.004908 0.055422 0.017961 0.012228 0.075189 0.033788 -0.027958 0.036988 -153.48381 -66.64521 167.746658 13.571579 -50.503365 19.610884 36.034752 0.484432 -0.106266 1.337998 3.446399 12.091595 17.658142 -26.317215 52.446911 -19.462082 -14.380617 29.411755 -0.001663 -8.7736 0.007214 16.111723 -18.379944 6.364914 -0.612704 -1.790459 -3.896635 -4.817585 -11.061589 -2.918633 0.009819 -20.992775 -0.029039 -5.028797 -25.063438 -4.014674 -0.007786 0.013982 0.003398 -10.627983 -5.685875 -3.553507 10.562888 -17.936312 -3.119359 0.002524 -13.822447 -0.01136 -0.504824 -31.208664 -4.038693 -11.704049 -60.083973 8.15817 -13.988015 -7.157499 -2.891848 13.77354 -8.412655 -3.202914 0.353945 -34.30302 0.74396 -0.972621 -17.777168 2.607191 -0.009252 0.007644 -0.002576 -17.352192 -20.110453 -4.197856 21.758314 -1.647631 3.877327 0.011798 -6.348292 -0.009122 -1.70637 -22.599474 -6.183564 0.00249 0.0 -0.009596 16.414965 -62.534523 179.797226 29.959682 -45.297195 16.084311 27.478796 -0.474449 0.124422 -2.500248 -2.405436 -0.001725 22.214344 -20.370974 49.987198 -16.708498 -16.749146 28.481693 0.009243 -12.702889 0.010836 16.240768 -17.785305 2.796552 -0.117229 -1.514968 -4.280555 -5.045968 -5.604481 -2.963195 0.005958 -11.023003 0.004826 -6.109373 -15.869281 -3.859427 -0.00129 -0.001658 0.000874 -10.311091 -5.688991 -4.359426 11.042967 -11.297569 -2.368992 -1.397977 -14.225213 -6.321204 -0.626313 -26.913393 -3.821462 -4.402088 -49.581066 -3.321008 -13.74248 -7.373399 -3.735397 18.161427 -14.034758 -3.23635 -0.019323 -18.774664 0.015709 -0.42825 -8.459291 2.56258 0.002092 0.002548 -0.000509 -15.962751 -20.108109 -5.487705 30.480349 -7.19967 1.750134 -0.01945 -8.14959 -0.010193 -1.881695 -22.879103 -6.164441 -0.00376 0.002981 -0.006158 -179.447556 -3.493421 -9.098323 12.800849 0.074412 -0.056226 -80.993187 -1.006316 -5.967658 -5.812968 1.499884 2.099515 -0.99746 -0.001981 0.00024 -1.157189 -3.791284 -3.466701 14.406943 0.026403 -0.146207 -79.972389 -11.163726 -6.562127 -5.562376 0.6994 1.678613 -0.993124 0.001611 0.000508 
0.0 0.0 0.0 0.0 -0.0 0.0 -6.869373 99.855919 -14.095119 89.113289 0.075918 -2.889862 -5.731662 0.115258 -0.289795 -12.565266 -0.856076 -0.89836 20.643541 -0.711151 -3.179756 16.716526 0.934438 3.049864 -2.548398 -0.561774 0.721271 -24.576914 0.615062 0.376623 -0.002192 0.000787 -6.8e-05 -0.067733 -0.002883 0.065799 0.004262 0.014219 0.09096 0.021345 -0.025642 0.049238 -153.438751 -66.541199 167.743454 13.598928 -50.481991 19.47522 36.035179 0.482781 -0.146002 1.325406 3.431796 12.065152 17.612097 -26.307856 52.387024 -19.424917 -14.40338 29.375818 0.009085 -8.768887 -0.00254 16.067411 -18.382362 6.349147 -0.603714 -1.790964 -3.887065 -4.812194 -11.051693 -2.926594 -0.003044 -20.976379 -0.005052 -5.040526 -25.025272 -4.024162 -0.011121 -0.013475 0.006521 -10.624479 -5.684529 -3.577563 10.549479 -17.9177 -3.096983 -0.008417 -13.808607 0.011555 -0.526631 -31.166948 -4.014098 -11.747463 -59.961548 8.132847 -13.977294 -7.145896 -2.876265 13.766288 -8.3969 -3.209196 0.32113 -34.194794 0.789589 -0.964999 -17.720846 2.625287 -0.011292 0.013112 0.017486 -17.346111 -20.088924 -4.193464 21.745869 -1.630195 3.876982 0.009491 -6.332694 0.001625 -1.707643 -22.561062 -6.195309 0.015313 0.000522 0.007459 16.389545 -62.447716 179.817841 29.92602 -45.198772 16.114599 27.42428 -0.448908 0.135877 -2.496232 -2.43447 -0.075321 22.150198 -20.338476 49.928986 -16.689192 -16.715115 28.453773 0.004178 -12.674611 -0.000316 16.204426 -17.73571 2.781755 -0.118541 -1.513683 -4.279833 -5.022907 -5.609779 -2.939525 -0.003065 -11.009186 -0.018674 -6.110262 -15.891654 -3.835161 -0.004119 -0.002702 -0.000717 -10.272293 -5.672235 -4.327044 11.006729 -11.275079 -2.400786 -1.374202 -14.228308 -6.296048 -0.614536 -26.879126 -3.833982 -4.371361 -49.514889 -3.336565 -13.704494 -7.356115 -3.719659 18.131773 -14.038003 -3.232566 -0.003667 -18.758501 -0.013255 -0.426115 -8.460117 2.562638 0.00926 0.000634 -0.005659 -15.906137 -20.069986 -5.474077 30.390598 -7.186233 1.725567 -0.003804 -8.132871 -0.009769 -1.852788 -22.811775 -6.170458 0.004716 0.001912 0.002375 -179.58815 -3.515667 -9.073788 13.081942 0.076421 -0.054776 -81.207237 -0.968352 -5.976107 -5.813945 1.499315 2.100808 -0.993907 -0.003655 -0.000945 -1.243447 -3.810329 -3.43213 14.552953 0.030749 -0.1483 -79.995872 -11.185992 -6.593567 -5.531496 0.700278 1.674666 -0.9977 -0.0079 -0.001861 
0.0 0.0 0.0 0.0 -0.0 0.0 -6.874014 99.851288 -14.102636 89.117538 0.076247 -2.811612 -5.744724 0.120196 -0.294254 -12.572958 -0.858463 -0.907421 20.656475 -0.711011 -3.200561 16.740845 0.920914 3.034165 -2.553927 -0.551067 0.713682 -24.526817 0.592378 0.390138 -0.001271 -0.000142 -7e-06 -0.065523 -0.002899 0.068405 0.001731 0.015636 0.087387 0.011876 -0.027218 0.052924 -153.374283 -66.624748 167.65181 13.690059 -50.590401 19.460756 36.036407 0.446579 -0.140626 1.335171 3.398995 12.038584 17.602787 -26.333158 52.433475 -19.428247 -14.386331 29.388374 -0.004074 -8.761827 0.016144 16.04468 -18.357471 6.362821 -0.607601 -1.78292 -3.895358 -4.79162 -11.026857 -2.922822 0.007449 -20.942343 0.010345 -5.017942 -25.001434 -4.006751 0.001707 -0.005631 -0.004788 -10.618415 -5.671571 -3.555963 10.572342 -17.900597 -3.112354 0.004457 -13.806542 -0.005951 -0.527804 -31.172915 -4.001208 -11.843847 -59.930553 8.27916 -13.956956 -7.130888 -2.872456 13.756896 -8.393066 -3.226192 0.367253 -34.196003 0.784862 -0.98023 -17.71471 2.654647 0.000178 -0.001262 -0.012544 -17.313261 -20.060789 -4.18984 21.727137 -1.647187 3.860559 0.0174 -6.328932 -0.01018 -1.682656 -22.561552 -6.154905 0.000439 -0.009446 -0.005246 16.450058 -62.539371 179.755859 29.994953 -45.316898 16.229494 27.430223 -0.419883 0.098991 -2.501363 -2.473449 -0.104009 22.223824 -20.368774 49.929173 -16.735977 -16.746387 28.48243 0.003211 -12.699481 -0.010498 16.232231 -17.781775 2.761177 -0.100814 -1.513868 -4.258931 -5.037219 -5.614163 -2.971244 0.002732 -11.0199 0.007815 -6.09855 -15.879661 -3.840337 -0.001402 0.005283 -0.006687 -10.284906 -5.679912 -4.316487 11.044824 -11.316676 -2.387072 -1.388825 -14.243414 -6.325932 -0.62033 -26.935356 -3.819076 -4.397221 -49.718246 -3.361793 -13.703235 -7.357195 -3.713496 18.154665 -14.070693 -3.252315 0.016029 -18.825159 -0.013046 -0.432843 -8.450028 2.565325 -0.004433 -0.000649 -0.005485 -15.933121 -20.110735 -5.477507 30.447744 -7.209357 1.750674 0.002399 -8.164104 0.00563 -1.860748 -22.857147 -6.169104 0.007064 0.001296 -0.003261 -179.641205 -3.524982 -9.048051 13.17083 0.078675 -0.048983 -81.192642 -0.925208 -5.968677 -5.840918 1.507818 2.106797 -0.994155 5.1e-05 0.00022 -1.270364 -3.800101 -3.416816 14.599095 0.032632 -0.150998 -80.004822 -11.256124 -6.610502 -5.502165 0.722668 1.683382 -0.998725 -0.009771 -0.001954 
0.0 0.0 0.0 0.0 -0.0 0.0 -6.873524 99.84124 -14.063779 89.128044 0.080176 -2.77575 -5.756312 0.122639 -0.284513 -12.573832 -0.861291 -0.916113 20.652411 -0.704288 -3.2079 16.782757 0.897732 3.019324 -2.564156 -0.537657 0.689338 -24.477562 0.580411 0.407346 -0.001286 0.000239 0.001713 -0.059978 -0.004099 0.065786 -0.011799 0.014313 0.079745 0.004045 -0.02724 0.050369 -153.357285 -66.653168 167.65416 13.763622 -50.585815 19.354349 36.012642 0.443488 -0.139364 1.310049 3.386482 12.037727 17.630238 -26.337185 52.38583 -19.480795 -14.404476 29.401991 -0.018349 -8.760211 0.000543 16.025593 -18.299414 6.372559 -0.600553 -1.798627 -3.880056 -4.780307 -11.030296 -2.938545 0.047582 -20.979773 0.002222 -4.966756 -24.997404 -3.994183 -0.005277 0.004409 0.003535 -10.611483 -5.666674 -3.561822 10.601259 -17.929262 -3.099826 0.024501 -13.808644 0.00147 -0.456121 -31.12912 -3.999604 -11.853917 -59.812923 8.434854 -13.963823 -7.122287 -2.87428 13.788891 -8.419306 -3.218394 0.441112 -34.194798 0.781708 -0.958133 -17.70785 2.623863 0.008661 0.005235 0.006887 -17.294912 -20.047724 -4.201102 21.744183 -1.677734 3.851687 0.012293 -6.32812 -0.000233 -1.672535 -22.557264 -6.174197 0.002894 -0.00703 -0.002923 16.513439 -62.594341 179.719986 30.05423 -45.319492 16.260983 27.417543 -0.414266 0.113757 -2.553862 -2.48659 -0.116449 22.185419 -20.399502 49.920254 -16.764677 -16.748724 28.514088 -0.018407 -12.690835 -0.007979 16.161396 -17.749022 2.811774 -0.103366 -1.519 -4.288068 -5.040461 -5.61992 -2.947187 0.016685 -11.033561 -0.013739 -6.106905 -15.915877 -3.826791 0.007721 0.000913 -0.010816 -10.284697 -5.67541 -4.354366 11.057398 -11.341414 -2.373983 -1.36885 -14.261346 -6.331636 -0.595433 -26.972443 -3.818239 -4.418933 -49.833401 -3.282723 -13.707269 -7.357665 -3.740642 18.17197 -14.107285 -3.249817 0.027738 -18.818117 0.000763 -0.421781 -8.474282 2.567936 0.00167 -0.000239 -0.01071 -15.89891 -20.104338 -5.488204 30.463675 -7.241234 1.7149 0.006483 -8.175774 -0.009075 -1.836129 -22.924511 -6.182568 -0.001603 0.002172 0.002618 -179.726379 -3.536222 -9.016923 13.34438 0.083178 -0.045922 -81.247612 -0.886706 -5.956208 -5.871238 1.507364 2.108823 -0.990438 0.001721 0.000503 -1.388081 -3.836284 -3.354788 14.694463 0.045272 -0.1578 -80.085709 -11.337726 -6.633467 -5.51446 0.704757 1.6812 -1.002809 0.001119 -0.001665 
0.0 0.0 0.0 0.0 -0.0 0.0 -6.895979 99.8414 -14.02688 89.167564 0.090237 -2.725295 -5.77418 0.121146 -0.272898 -12.590895 -0.863253 -0.922451 20.690582 -0.70605 -3.230567 16.855963 0.854687 3.020549 -2.575951 -0.517358 0.663706 -24.473196 0.574966 0.412474 0.001277 -0.000319 -0.00093 -0.060992 -0.006498 0.053663 -0.011985 0.009992 0.069598 0.007473 -0.027917 0.042441 -153.493835 -66.586983 167.810226 13.720005 -50.60128 19.431086 36.069305 0.511173 -0.118024 1.315886 3.371071 12.044815 17.648926 -26.394413 52.54826 -19.466139 -14.421241 29.481754 0.001083 -8.784017 -0.003294 16.135084 -18.404408 6.335164 -0.608421 -1.783712 -3.899974 -4.804525 -11.054256 -2.928797 -0.008262 -20.988617 0.008164 -5.02873 -25.054642 -4.024544 -0.001253 0.012759 0.004058 -10.640116 -5.691583 -3.556922 10.583751 -17.933075 -3.121693 -0.013734 -13.825318 -0.00043 -0.521566 -31.239519 -4.031554 -11.692822 -60.159981 8.114513 -13.996021 -7.152687 -2.876893 13.791008 -8.39739 -3.222712 0.325235 -34.257816 0.785018 -0.971581 -17.765694 2.618836 -0.009617 -0.004808 0.007864 -17.349476 -20.101313 -4.210482 21.757004 -1.630972 3.870005 -0.010197 -6.329381 -0.007983 -1.716532 -22.613527 -6.159708 -0.0048 0.010251 -0.022076 16.504272 -62.521149 179.781723 30.043407 -45.253117 16.315081 27.438719 -0.37203 0.131002 -2.624144 -2.506562 -0.150869 22.15476 -20.447504 50.020348 -16.712646 -16.772179 28.517237 -0.006295 -12.688282 0.01381 16.136169 -17.744633 2.806709 -0.087701 -1.506865 -4.271488 -5.045207 -5.610782 -2.963882 0.001486 -11.015431 0.006616 -6.081741 -15.885053 -3.846143 -4.9e-05 -0.000949 -0.006697 -10.261046 -5.665142 -4.349134 11.024136 -11.31374 -2.364379 -1.371467 -14.243964 -6.317205 -0.616257 -26.941423 -3.800016 -4.496808 -49.697342 -3.269933 -13.685584 -7.349709 -3.725773 18.134729 -14.056767 -3.246354 -0.00217 -18.790945 0.024456 -0.432502 -8.467222 2.541937 -0.002676 0.010459 0.015258 -15.882575 -20.073145 -5.4842 30.409433 -7.198028 1.724129 0.010733 -8.182827 0.005188 -1.864008 -22.871773 -6.153576 -0.002631 0.00017 -0.01676 -179.726852 -3.51712 -9.00101 13.359628 0.07665 -0.037215 -81.371002 -0.90597 -5.969143 -5.89326 1.514719 2.108029 -0.998061 -0.00178 -0.000116 -1.365997 -3.845489 -3.327551 14.667222 0.052167 -0.156389 -80.166779 -11.398874 -6.638112 -5.518096 0.701497 1.677788 -0.995781 0.003327 -0.000825 
0.0 0.0 0.0 0.0 -0.0 0.0 -6.97268 99.837303 -13.951185 89.171013 0.099485 -2.69912 -5.785596 0.116112 -0.262438 -12.583587 -0.865975 -0.921716 20.692076 -0.698078 -3.232059 16.899231 0.823644 3.012417 -2.571631 -0.509632 0.641472 -24.453728 0.544829 0.401127 -0.001325 -0.00013 -0.000809 -0.063158 -0.006974 0.047596 -0.003029 0.007633 0.063529 0.016541 -0.027869 0.03536 -153.468491 -66.463882 167.779343 13.683386 -50.571457 19.441158 36.055412 0.540882 -0.108555 1.300013 3.345525 11.962082 17.633316 -26.305445 52.421623 -19.461411 -14.400998 29.433437 0.00201 -8.768841 -0.018449 16.12689 -18.372057 6.334583 -0.599704 -1.780158 -3.919251 -4.823319 -11.050739 -2.937911 -0.01033 -20.973042 0.014016 -5.02023 -25.043749 -4.033488 -0.006528 -0.009582 0.005419 -10.635191 -5.687259 -3.576518 10.578546 -17.914347 -3.104123 0.004101 -13.803065 -0.010234 -0.482775 -31.170956 -4.030593 -11.666514 -59.896805 8.146275 -13.984374 -7.147195 -2.891952 13.77611 -8.396374 -3.217861 0.354525 -34.175949 0.775297 -0.970986 -17.726597 2.630568 -0.009644 -0.002411 0.005432 -17.330088 -20.091383 -4.233142 21.72834 -1.6406 3.897831 0.005517 -6.337331 -0.015798 -1.718297 -22.561611 -6.182131 0.005458 -0.002527 -0.009501 16.567314 -62.455189 179.698975 30.009995 -45.189621 16.263254 27.484301 -0.333038 0.167442 -2.660021 -2.491468 -0.236205 22.150311 -20.38324 49.953472 -16.712399 -16.748264 28.4972 -0.003919 -12.688148 0.006311 16.135473 -17.727859 2.812086 -0.102318 -1.512806 -4.274753 -5.042102 -5.611055 -2.94394 0.009729 -11.021696 -0.011563 -6.086393 -15.893775 -3.84352 -0.004357 -0.000211 0.005372 -10.27828 -5.672118 -4.330681 11.023461 -11.298654 -2.380458 -1.370082 -14.246113 -6.318045 -0.618243 -26.92557 -3.844309 -4.401006 -49.663803 -3.318995 -13.696619 -7.353817 -3.718884 18.126541 -14.049422 -3.239994 0.000962 -18.783962 -0.010122 -0.435795 -8.456984 2.55252 0.008148 0.002408 -0.005273 -15.904584 -20.086111 -5.477973 30.410652 -7.192449 1.725184 0.007231 -8.169995 0.004049 -1.837605 -22.837002 -6.158489 -0.011597 0.018889 0.002413 -179.709854 -3.502316 -8.989404 13.350313 0.069516 -0.030036 -81.392509 -0.919115 -5.96492 -5.886492 1.526525 2.110844 -0.991201 0.003352 0.000597 -1.222059 -3.91887 -3.297155 14.611057 0.058062 -0.156805 -80.208717 -11.420165 -6.702788 -5.54573 0.682138 1.672868 -0.993024 0.00086 0.001527 
0.0 0.0 0.0 0.0 -0.0 0.0 -7.016096 99.833511 -13.913894 89.1763 0.111723 -2.653709 -5.795807 0.11404 -0.268375 -12.588547 -0.871501 -0.920992 20.7141 -0.702857 -3.219883 16.940445 0.809474 3.029987 -2.572464 -0.510672 0.603026 -24.449596 0.510808 0.371209 0.002119 1.4e-05 0.0 -0.056862 -0.007959 0.047572 0.000334 0.006049 0.060933 0.016555 -0.02711 0.035281 -153.508881 -66.396049 167.823563 13.670788 -50.586399 19.384735 36.003254 0.505639 -0.11859 1.304707 3.333938 11.910958 17.614916 -26.341053 52.475246 -19.44565 -14.400499 29.413475 0.002819 -8.775557 0.00497 16.098989 -18.36985 6.27931 -0.603752 -1.78817 -3.895263 -4.803753 -11.037817 -2.920218 0.00301 -20.979727 -0.005579 -5.031686 -25.042471 -4.034164 0.018437 -0.009319 -0.001839 -10.622522 -5.685394 -3.569103 10.565835 -17.91201 -3.105592 -0.003714 -13.815838 0.007259 -0.511852 -31.164736 -4.018169 -11.736681 -59.891022 8.201756 -13.967415 -7.133834 -2.886968 13.760673 -8.399235 -3.200274 0.341944 -34.171459 0.782307 -0.985393 -17.70484 2.615362 -0.001469 -0.003634 0.004122 -17.344341 -20.089417 -4.201246 21.762814 -1.623876 3.869411 -0.003088 -6.343861 -0.00602 -1.723553 -22.587311 -6.171409 -0.000941 0.004691 -0.002985 16.687601 -62.420479 179.594162 30.0392 -45.195217 16.320667 27.527283 -0.298686 0.143624 -2.690892 -2.475075 -0.374143 22.178896 -20.374834 49.951702 -16.697628 -16.749971 28.470186 -0.000931 -12.689047 0.017795 16.130337 -17.692066 2.797011 -0.115244 -1.512528 -4.296504 -5.032674 -5.61102 -2.960646 -0.004155 -11.019746 0.011886 -6.109352 -15.904314 -3.841005 0.001959 0.000552 0.000827 -10.289192 -5.67842 -4.353734 11.036563 -11.304595 -2.363204 -1.387081 -14.233817 -6.330074 -0.622046 -26.916462 -3.833826 -4.397138 -49.630421 -3.307927 -13.714138 -7.363403 -3.730014 18.154778 -14.051866 -3.243581 -0.000578 -18.778353 -0.014215 -0.434851 -8.457972 2.549462 -0.00143 0.009795 0.001748 -15.927134 -20.097565 -5.484254 30.438669 -7.193485 1.719962 -0.001904 -8.170021 0.016025 -1.843626 -22.874321 -6.210892 -0.003244 0.006936 0.013915 -179.694382 -3.390436 -8.987234 13.348358 0.071467 -0.020136 -81.364944 -0.949509 -5.869991 -5.865678 1.528057 2.11308 -0.991335 0.001784 0.000837 -1.189062 -3.956748 -3.28765 14.603659 0.0637 -0.160153 -80.218689 -11.431903 -6.713492 -5.552797 0.705369 1.678558 -0.997393 0.007229 0.001673 
0.0 0.0 0.0 0.0 -0.0 0.0 -7.031205 99.821373 -13.902386 89.188011 0.118237 -2.602905 -5.810856 0.117335 -0.269625 -12.581442 -0.875383 -0.925894 20.721035 -0.712212 -3.222212 16.98177 0.803823 3.053493 -2.580137 -0.517832 0.569486 -24.426697 0.479878 0.330288 0.002095 4.6e-05 0.000863 -0.049973 -0.007591 0.050033 -0.001077 0.004364 0.061935 0.011735 -0.026307 0.036099 -153.425568 -66.346306 167.727066 13.684911 -50.627739 19.267225 35.977428 0.471999 -0.117035 1.34328 3.301899 11.89892 17.621117 -26.345509 52.496357 -19.472357 -14.405105 29.4475 0.004433 -8.774434 0.012767 16.122667 -18.361086 6.311411 -0.613057 -1.790993 -3.894729 -4.803289 -11.05573 -2.94698 -0.008639 -21.001194 -0.003593 -5.047656 -25.051432 -4.038002 0.001736 -0.003572 0.006466 -10.640952 -5.689525 -3.569414 10.574846 -17.934599 -3.107561 -0.002324 -13.834332 0.023018 -0.503384 -31.196035 -4.039546 -11.820163 -59.979042 8.258658 -13.97456 -7.151715 -2.872817 13.754568 -8.403453 -3.250738 0.320389 -34.241829 0.80771 -0.966425 -17.759542 2.618889 -0.005573 0.0 0.009315 -17.355738 -20.109562 -4.20814 21.767532 -1.648332 3.872875 0.008403 -6.348447 -9.1e-05 -1.686564 -22.59984 -6.20395 -0.002213 -0.015464 0.001155 16.720558 -62.337223 179.534973 30.006224 -45.145523 16.31567 27.533649 -0.266508 0.129927 -2.692903 -2.452915 -0.512784 22.154451 -20.360868 49.942223 -16.679258 -16.723583 28.443951 -0.002727 -12.669324 0.004606 16.105762 -17.658045 2.802491 -0.103862 -1.514917 -4.264437 -5.031591 -5.607053 -2.957254 0.00353 -11.011059 -0.010624 -6.104007 -15.878431 -3.840423 -0.008171 0.00065 0.009621 -10.267577 -5.675457 -4.320307 11.017836 -11.290257 -2.377991 -1.395038 -14.230159 -6.304761 -0.609892 -26.901741 -3.852505 -4.372595 -49.538521 -3.335661 -13.69099 -7.353492 -3.705526 18.12182 -14.04789 -3.243663 0.001749 -18.763344 -0.013359 -0.427654 -8.437605 2.581378 0.004867 0.0 -0.011167 -15.89636 -20.079422 -5.46308 30.380053 -7.182244 1.727219 0.008012 -8.176561 -0.002169 -1.868538 -22.858215 -6.163665 0.0 -0.001055 -0.011598 -179.78392 -3.393371 -8.972434 13.500775 0.076047 -0.022949 -81.409897 -0.96086 -5.873933 -5.845396 1.536272 2.113975 -0.987412 -0.006606 -0.000895 -1.242921 -3.968287 -3.289826 14.709774 0.05569 -0.151044 -80.256332 -11.44393 -6.73526 -5.558673 0.703267 1.680763 -1.002005 -0.00406 -0.003044 
0.0 0.0 0.0 0.0 -0.0 0.0 -7.062732 99.806961 -13.905377 89.200249 0.126398 -2.567939 -5.831199 0.122537 -0.262653 -12.5882 -0.877495 -0.928938 20.736565 -0.727159 -3.232924 17.024487 0.822468 3.070055 -2.588753 -0.537781 0.533128 -24.428867 0.461131 0.308742 -7e-06 -0.000168 0.000874 -0.052107 -0.008137 0.043073 -0.006731 0.002479 0.057736 0.007559 -0.025333 0.034294 -153.400604 -66.525948 167.608826 13.739131 -50.73035 19.163603 35.918625 0.384111 -0.125216 1.410801 3.266037 11.884781 17.614397 -26.320066 52.48645 -19.464636 -14.401493 29.437828 0.004323 -8.770271 0.007817 16.082796 -18.345947 6.296069 -0.619024 -1.796091 -3.906828 -4.807635 -11.052579 -2.923739 -0.02285 -20.976673 -0.006417 -5.007834 -25.07715 -4.07841 -0.001761 0.013623 -0.00472 -10.647609 -5.687201 -3.575561 10.559565 -17.914869 -3.098048 -0.00579 -13.81774 0.000666 -0.49496 -31.181784 -4.075962 -11.714155 -59.859253 8.13059 -14.007952 -7.158885 -2.866257 13.796809 -8.388085 -3.219128 0.334563 -34.199764 0.751076 -0.985587 -17.734228 2.629875 0.013825 -0.005795 -0.005552 -17.373516 -20.108601 -4.202044 21.782143 -1.629797 3.870485 -0.002158 -6.336108 0.00353 -1.697679 -22.600351 -6.238457 0.002741 -0.012269 0.01089 16.815733 -62.464787 179.484116 30.133087 -45.278252 16.327463 27.628099 -0.254627 0.133451 -2.687033 -2.437439 -0.661254 22.22682 -20.423061 50.045105 -16.713022 -16.778227 28.535515 -0.005916 -12.715647 0.00506 16.141756 -17.729128 2.809071 -0.098607 -1.507183 -4.297291 -5.047065 -5.620119 -2.960316 0.005576 -11.043681 0.013754 -6.117449 -15.93226 -3.821458 0.002509 0.005253 -0.010707 -10.297963 -5.67775 -4.355191 11.050797 -11.31517 -2.3601 -1.388606 -14.23978 -6.34127 -0.635164 -26.934082 -3.809889 -4.344895 -49.632591 -3.357737 -13.73135 -7.368218 -3.741616 18.181973 -14.082742 -3.235703 -0.006637 -18.82131 0.011669 -0.424238 -8.470694 2.553925 0.009556 -0.004955 -0.0 -15.941889 -20.111147 -5.477773 30.473194 -7.202025 1.719323 -0.013418 -8.169877 0.012463 -1.867308 -22.92252 -6.16467 -0.005124 0.004167 0.002285 -179.852127 -3.405569 -8.966993 13.658168 0.085294 -0.019398 -81.629929 -0.925367 -5.912136 -5.860442 1.535192 2.111362 -0.998235 0.000542 -0.000489 -1.298579 -3.98186 -3.308835 14.85008 0.059715 -0.150012 -80.315323 -11.452853 -6.731258 -5.610181 0.714648 1.679024 -0.992469 0.006672 0.003278 
0.0 0.0 0.0 0.0 -0.0 0.0 -7.068712 99.796051 -13.869998 89.207458 0.130036 -2.539992 -5.844311 0.1301 -0.261957 -12.589934 -0.878966 -0.916887 20.744129 -0.737544 -3.26645 17.053617 0.826769 3.104655 -2.585318 -0.54257 0.478315 -24.384197 0.431619 0.307672 -3e-06 0.000162 -3.2e-05 -0.054238 -0.008546 0.036104 -0.003323 0.002388 0.04637 0.00758 -0.024781 0.028108 -153.429581 -66.472069 167.575775 13.675708 -50.780334 19.105137 35.866543 0.323268 -0.109714 1.454103 3.198161 11.920543 17.646442 -26.329775 52.469749 -19.473284 -14.400676 29.400366 -0.004386 -8.777658 0.009942 16.055696 -18.306643 6.251698 -0.600106 -1.79192 -3.878577 -4.81373 -11.048467 -2.95161 0.010076 -20.972361 0.000256 -5.0032 -25.024851 -4.040945 -0.009432 0.002838 0.001012 -10.646295 -5.686848 -3.565211 10.604362 -17.919226 -3.120596 -0.005639 -13.809996 -0.000221 -0.498563 -31.131638 -4.015162 -11.625439 -59.769417 8.120119 -13.988046 -7.148873 -2.872041 13.786197 -8.398584 -3.215057 0.354173 -34.18388 0.738283 -0.972217 -17.72982 2.625276 0.002435 0.001721 -0.002657 -17.357197 -20.104282 -4.219614 21.770657 -1.640192 3.885519 0.002037 -6.33856 -0.000538 -1.692982 -22.589066 -6.201196 0.004545 -0.007568 -0.0 16.824333 -62.435539 179.503403 30.166029 -45.245186 16.340527 27.633863 -0.238212 0.143187 -2.654217 -2.417608 -0.827035 22.25034 -20.411205 50.018593 -16.776525 -16.754812 28.546062 -0.006968 -12.715539 -0.00649 16.141645 -17.750385 2.816845 -0.095599 -1.509975 -4.293319 -5.037976 -5.621922 -2.96246 0.003739 -11.045444 0.014298 -6.086088 -15.928698 -3.846429 -0.002861 0.004515 -0.00668 -10.289516 -5.675769 -4.354044 11.059949 -11.345209 -2.364727 -1.379639 -14.267654 -6.333623 -0.589943 -27.027975 -3.854964 -4.357523 -49.779713 -3.373293 -13.714133 -7.358259 -3.735564 18.180456 -14.093644 -3.251388 0.016188 -18.831522 0.002028 -0.420577 -8.462496 2.57246 -4e-06 0.00874 -0.015839 -15.926105 -20.120173 -5.503801 30.460075 -7.226799 1.742729 0.016238 -8.189777 -0.006269 -1.843475 -22.887245 -6.18086 0.001762 0.005935 -0.003512 -179.938416 -3.392495 -8.949138 13.813748 0.088548 -0.020422 -81.687981 -0.903805 -5.900352 -5.877697 1.539265 2.111895 -0.994769 -0.002733 -0.000919 -1.344147 -4.015883 -3.334779 14.948654 0.060586 -0.146992 -80.416672 -11.431609 -6.789135 -5.629944 0.714206 1.680828 -0.995556 -0.0018 0.00079 
0.0 0.0 0.0 0.0 -0.0 0.0 -7.034682 99.792107 -13.83004 89.21064 0.131123 -2.520737 -5.846138 0.134738 -0.272637 -12.598632 -0.877796 -0.914235 20.757935 -0.753351 -3.286648 17.076244 0.81693 3.129187 -2.57528 -0.546191 0.430022 -24.31872 0.395881 0.308775 1.4e-05 0.000218 0.0 -0.052148 -0.007475 0.036859 -0.005318 0.003775 0.048035 0.022052 -0.025319 0.028942 -153.424881 -66.386391 167.506149 13.585231 -50.772339 19.082596 35.857368 0.293596 -0.115597 1.472736 3.120983 11.935531 17.631166 -26.345192 52.455666 -19.441364 -14.37685 29.411469 -0.003392 -8.761729 -0.004458 16.024151 -18.266069 6.260435 -0.623334 -1.788763 -3.902636 -4.798709 -11.047986 -2.936737 -0.004628 -20.955826 -0.002263 -5.011033 -25.018784 -4.037355 -0.004265 -0.000294 -0.004192 -10.643524 -5.681418 -3.57726 10.571048 -17.907488 -3.112691 -0.005071 -13.832228 0.0094 -0.488493 -31.156673 -4.019827 -11.720248 -59.846603 8.187405 -13.981272 -7.139711 -2.879498 13.765849 -8.399583 -3.216543 0.313234 -34.198551 0.790781 -0.949783 -17.730766 2.622978 -0.010716 -0.00327 -0.005442 -17.351507 -20.09433 -4.224665 21.76409 -1.642747 3.875433 -0.003871 -6.347827 0.006646 -1.69702 -22.608294 -6.204459 -0.008878 -0.001413 0.007875 16.818304 -62.372032 179.579102 30.179066 -45.185787 16.315395 27.61153 -0.243783 0.15141 -2.582156 -2.417803 -0.952816 22.165176 -20.342562 49.9203 -16.7096 -16.727339 28.471554 -0.011452 -12.681066 -0.001311 16.046368 -17.685946 2.765866 -0.099458 -1.507777 -4.280283 -5.040864 -5.612592 -2.955173 0.019223 -11.032397 0.000278 -6.091985 -15.901304 -3.852059 0.004514 -0.003421 0.012853 -10.263441 -5.663492 -4.336797 11.025936 -11.312611 -2.39508 -1.369373 -14.247132 -6.322974 -0.593715 -26.926186 -3.821575 -4.286304 -49.555813 -3.439644 -13.699332 -7.355436 -3.726646 18.153437 -14.072066 -3.257136 0.008263 -18.787331 0.003658 -0.42061 -8.45869 2.564386 0.010569 -0.010612 -0.015468 -15.9011 -20.093374 -5.494484 30.433035 -7.21595 1.729025 -0.003848 -8.16964 -0.008825 -1.854806 -22.865728 -6.143048 0.008711 0.004787 -0.004484 179.972031 -3.377226 -8.93635 13.937099 0.09166 -0.018326 -81.778519 -0.904108 -5.866224 -5.909022 1.54893 2.11671 -0.998596 -0.000961 -0.000233 -1.394528 -4.047516 -3.355228 15.002913 0.06254 -0.164309 -80.463425 -11.409757 -6.856833 -5.658722 0.703485 1.677663 -0.996659 0.000963 0.000999 
0.0 0.0 0.0 0.0 -0.0 0.0 -7.01489 99.792084 -13.786048 89.217026 0.130863 -2.510169 -5.843993 0.138427 -0.266711 -12.578403 -0.879462 -0.916158 20.737499 -0.759658 -3.317444 17.110048 0.789841 3.175303 -2.580868 -0.548357 0.384672 -24.246725 0.364586 0.302528 0.00146 -2.8e-05 0.000873 -0.058276 -0.008416 0.034284 -0.000303 0.006201 0.042612 0.014411 -0.029242 0.030118 -153.480759 -66.360191 167.531189 13.509139 -50.843403 19.065483 35.883949 0.270887 -0.113545 1.485255 3.091882 12.021884 17.643415 -26.435284 52.562256 -19.473919 -14.409345 29.457666 -0.008304 -8.776829 0.002362 16.017788 -18.317345 6.314081 -0.629678 -1.804112 -3.90795 -4.783247 -11.04756 -2.924998 0.005185 -21.007788 0.005409 -5.040059 -25.049623 -4.001944 0.013485 -0.003861 -0.01065 -10.641433 -5.677587 -3.58566 10.585332 -17.954884 -3.091262 0.012126 -13.832355 0.011411 -0.527364 -31.153706 -3.97526 -11.864004 -59.822758 8.350314 -13.994379 -7.14341 -2.868185 13.793769 -8.420478 -3.231792 0.381565 -34.259487 0.787666 -0.965337 -17.747686 2.640301 0.0082 0.004012 0.006791 -17.347958 -20.100681 -4.209093 21.769341 -1.657664 3.877781 0.003235 -6.346657 -0.004043 -1.675749 -22.584532 -6.190736 -7.5e-05 0.001431 0.002138 16.78031 -62.354469 179.712296 30.208158 -45.148968 16.330128 27.657146 -0.197178 0.157824 -2.558986 -2.43784 -1.058166 22.189093 -20.451742 50.083809 -16.712416 -16.755564 28.523619 0.00077 -12.687594 0.007147 16.109354 -17.742054 2.780337 -0.106706 -1.515527 -4.276496 -5.035738 -5.611589 -2.96223 0.004859 -11.017406 -0.003447 -6.10531 -15.887321 -3.842551 -0.000335 0.006955 -0.0 -10.280693 -5.680552 -4.340408 11.023155 -11.301099 -2.37782 -1.380122 -14.243115 -6.320727 -0.635069 -26.921881 -3.835956 -4.314873 -49.531021 -3.493716 -13.705888 -7.363056 -3.724847 18.143524 -14.058272 -3.249866 -0.000883 -18.795189 0.015986 -0.430927 -8.449543 2.567713 -0.002879 -0.000449 -0.006683 -15.923157 -20.102303 -5.487808 30.428122 -7.205948 1.733089 -0.003542 -8.17364 -0.009073 -1.867007 -22.883051 -6.135084 -0.0074 0.007984 -0.011605 179.919296 -3.351915 -8.959427 13.98442 0.081945 -0.016586 -81.717422 -0.876223 -5.773281 -5.938926 1.545031 2.115414 -0.998208 -0.001291 -0.000199 -1.412179 -4.073961 -3.380629 14.997581 0.054766 -0.162718 -80.422829 -11.373101 -6.910757 -5.650987 0.711124 1.679551 -0.999511 0.007514 0.001538 
0.0 0.0 0.0 0.0 -0.0 0.0 -7.065814 99.80278 -13.76266 89.228233 0.130217 -2.48574 -5.84006 0.140346 -0.268543 -12.579104 -0.885553 -0.919889 20.751183 -0.768994 -3.310486 17.079653 0.783792 3.18538 -2.564884 -0.555326 0.374684 -24.099512 0.306295 0.266737 0.00149 -4.1e-05 -0.00176 -0.050764 -0.009252 0.039506 0.010604 0.006139 0.045142 0.028712 -0.031361 0.032823 -153.528885 -66.316223 167.592148 13.510468 -50.763775 18.972132 35.945831 0.305117 -0.102819 1.445898 3.096712 12.034625 17.670218 -26.393364 52.506638 -19.459541 -14.411239 29.40876 0.001058 -8.776746 0.012395 15.99582 -18.331259 6.294402 -0.602418 -1.790496 -3.908312 -4.819607 -11.054704 -2.939352 -0.004537 -20.994808 0.011408 -5.034328 -25.057228 -4.026958 0.002504 0.005184 0.006492 -10.638363 -5.693737 -3.568501 10.568075 -17.917532 -3.118254 -0.008392 -13.820253 0.004337 -0.516158 -31.160151 -4.018252 -11.738719 -59.812664 8.253659 -13.999038 -7.156851 -2.894619 13.790344 -8.403221 -3.230129 0.333199 -34.257668 0.790441 -0.972521 -17.752415 2.634146 0.014217 0.004594 -0.003023 -17.36833 -20.121389 -4.19694 21.776234 -1.627516 3.846713 -0.002171 -6.344368 0.016253 -1.712282 -22.591112 -6.197892 -0.010898 0.006164 -0.002207 16.815117 -62.396526 179.744934 30.320848 -45.153374 16.272909 27.658422 -0.16169 0.142404 -2.479205 -2.480706 -1.282797 22.210224 -20.396999 50.016487 -16.708523 -16.755896 28.515471 0.003389 -12.714699 0.004467 16.153299 -17.778349 2.726378 -0.09396 -1.507071 -4.285348 -5.048528 -5.625465 -2.934159 -0.000886 -11.026783 -0.000253 -6.11202 -15.918769 -3.843532 -0.003037 -0.000715 -0.001291 -10.284628 -5.682511 -4.34492 11.035076 -11.312171 -2.368817 -1.38801 -14.262094 -6.337747 -0.64153 -26.974258 -3.833045 -4.317727 -49.647781 -3.544101 -13.715187 -7.366894 -3.721081 18.157993 -14.06401 -3.246073 -0.00125 -18.801397 0.004902 -0.419938 -8.475496 2.546676 -0.001315 0.008493 0.003548 -15.935013 -20.118629 -5.478936 30.440285 -7.198136 1.742907 0.001381 -8.163007 -0.008779 -1.86732 -22.882849 -6.165542 -0.002944 0.007807 -0.006731 -179.984238 -3.332453 -9.028016 13.826581 0.079727 -0.013184 -81.656975 -0.853344 -5.691158 -5.975918 1.544239 2.11333 -1.001429 -0.000252 -0.000651 -1.300783 -4.081313 -3.42335 14.816311 0.042548 -0.165974 -80.291496 -11.323392 -6.949883 -5.615888 0.706222 1.673252 -1.002734 0.003537 0.000744 
0.0 0.0 0.0 0.0 -0.0 0.0 -7.057439 99.82476 -13.741246 89.236908 0.127177 -2.490946 -5.846839 0.14917 -0.256963 -12.573669 -0.89727 -0.944301 20.774792 -0.780247 -3.284209 17.064196 0.798178 3.177153 -2.571769 -0.569997 0.417193 -23.998644 0.251772 0.266954 0.003461 -3.9e-05 -2.4e-05 -0.054272 -0.009592 0.046518 0.012094 0.006464 0.057352 0.019382 -0.030712 0.041525 -153.572906 -66.319366 167.669632 13.595531 -50.797997 18.833256 35.945099 0.30608 -0.107419 1.394569 3.139857 12.013614 17.638399 -26.32934 52.451862 -19.446671 -14.392157 29.387411 -0.003788 -8.771908 -0.015764 15.959077 -18.331514 6.326193 -0.595701 -1.786493 -3.896334 -4.797195 -11.02259 -2.930746 0.010087 -20.926327 -0.005107 -5.028624 -24.955118 -4.027351 -0.00622 0.00625 0.00302 -10.616007 -5.672182 -3.575069 10.5684 -17.884802 -3.107019 0.00858 -13.777149 0.00236 -0.498262 -31.071753 -4.024659 -11.742483 -59.589066 8.231865 -13.960932 -7.1291 -2.90408 13.753672 -8.389024 -3.191196 0.359679 -34.109451 0.766141 -0.982887 -17.672823 2.628094 0.0 0.008176 0.006472 -17.314505 -20.055508 -4.205575 21.745682 -1.638009 3.851892 0.000353 -6.325326 0.003957 -1.680206 -22.567142 -6.189565 0.006024 0.008529 -0.005546 16.878109 -62.456219 179.762802 30.469666 -45.179459 16.213505 27.614759 -0.111363 0.131161 -2.334677 -2.506061 -1.525134 22.157225 -20.404163 49.965282 -16.718937 -16.750368 28.485271 -0.00666 -12.684873 0.012574 16.142857 -17.742834 2.707642 -0.103955 -1.511964 -4.288405 -5.037103 -5.616745 -2.94222 0.001526 -11.036432 0.002165 -6.107508 -15.906766 -3.841052 -0.003006 0.004388 -0.006097 -10.2762 -5.677131 -4.324494 11.026559 -11.308356 -2.398391 -1.379667 -14.252602 -6.301272 -0.610997 -26.940912 -3.825616 -4.330146 -49.563679 -3.500671 -13.705237 -7.366651 -3.729164 18.142281 -14.073035 -3.248264 0.006912 -18.795795 0.002322 -0.441498 -8.482214 2.558542 0.007169 -0.002321 0.000611 -15.916259 -20.107023 -5.47425 30.432365 -7.199968 1.72462 3.9e-05 -8.178369 0.00161 -1.884091 -22.87644 -6.173862 -0.000637 0.010923 0.004979 -179.882156 -3.307392 -9.147825 13.581678 0.064264 -0.00744 -81.434608 -0.849335 -5.615761 -6.008038 1.527108 2.109074 -1.001481 -0.004176 -0.000946 -1.199297 -4.084999 -3.483415 14.571734 0.034307 -0.151815 -80.142204 -11.289988 -6.972252 -5.582743 0.711796 1.683494 -1.002036 -0.007364 -0.002255 
0.0 0.0 0.0 0.0 -0.0 0.0 -7.089787 99.84211 -13.699162 89.236 0.115042 -2.506536 -5.866408 0.151673 -0.266548 -12.567809 -0.895315 -0.958768 20.828257 -0.790657 -3.252276 17.03528 0.821937 3.166837 -2.58075 -0.572621 0.485252 -23.92923 0.194913 0.256725 0.0023 -0.000152 -1.2e-05 -0.047 -0.009696 0.059639 0.022988 0.008956 0.071221 0.032061 -0.034172 0.053999 -153.604324 -66.30645 167.693237 13.593069 -50.812145 18.864536 36.00333 0.305371 -0.135768 1.409029 3.220176 12.033734 17.61508 -26.307051 52.496326 -19.451942 -14.405485 29.430561 -0.000896 -8.780965 -0.003437 16.018581 -18.346535 6.311153 -0.610549 -1.782673 -3.894506 -4.806476 -11.048256 -2.934085 -0.011323 -20.960585 -0.003208 -5.017559 -24.986712 -4.036639 -0.000147 -0.011881 0.004781 -10.638579 -5.686511 -3.561899 10.566622 -17.891953 -3.122377 -0.018693 -13.792316 -0.001783 -0.518461 -31.116997 -4.023135 -11.669935 -59.655926 8.155208 -13.988016 -7.141271 -2.877984 13.774356 -8.391757 -3.229855 0.349935 -34.191784 0.783927 -0.948899 -17.713335 2.625236 -0.009815 0.0 0.004153 -17.347435 -20.092695 -4.210527 21.754196 -1.622241 3.860137 -0.011335 -6.33736 0.000145 -1.704435 -22.56843 -6.185312 0.006227 0.001509 0.000854 16.967773 -62.454819 179.74826 30.656813 -45.136894 16.173758 27.562912 -0.057354 0.164996 -2.259217 -2.486265 -1.740546 22.182468 -20.38732 50.000027 -16.670874 -16.72905 28.472834 0.004835 -12.683873 0.005154 16.217726 -17.774025 2.694825 -0.097678 -1.508915 -4.293638 -5.047921 -5.615867 -2.941028 -0.005043 -11.011456 -0.009152 -6.112805 -15.895555 -3.836721 0.0 -0.0 0.0 -10.285764 -5.685572 -4.359225 11.014999 -11.282393 -2.378191 -1.388985 -14.228079 -6.312144 -0.636847 -26.863447 -3.816452 -4.225341 -49.499649 -3.606554 -13.708484 -7.368124 -3.737032 18.128395 -14.025661 -3.253893 -0.010921 -18.772154 0.026697 -0.428854 -8.465038 2.546996 0.00681 -0.008334 -0.003166 -15.906616 -20.090412 -5.504224 30.370405 -7.185119 1.738223 -0.001594 -8.16895 0.005493 -1.881198 -22.813232 -6.135019 -0.003805 3.3e-05 0.016155 -179.748169 -3.279725 -9.269274 13.360484 0.050488 0.016179 -81.442818 -0.851784 -5.594973 -6.078637 1.507742 2.101844 -1.001323 -0.000489 -0.001469 -1.044 -4.095335 -3.54687 14.286651 0.026801 -0.152409 -79.95507 -11.226674 -6.991582 -5.552328 0.735307 1.69406 -0.997592 0.003708 -0.000931 
0.0 0.0 0.0 0.0 -0.0 0.0 -7.115635 99.857628 -13.621566 89.226715 0.095858 -2.501207 -5.858433 0.146167 -0.287349 -12.54462 -0.885221 -0.957169 20.85042 -0.795684 -3.245361 17.015635 0.849991 3.14101 -2.624641 -0.57113 0.556473 -23.834246 0.189838 0.264232 0.002262 -3.8e-05 0.00175 -0.05366 -0.012106 0.068616 0.037234 0.00855 0.083494 0.046149 -0.039279 0.062138 -153.54126 -66.308662 167.584946 13.637702 -50.764191 18.895433 36.051338 0.276705 -0.120565 1.378454 3.261778 12.12944 17.648359 -26.353094 52.509415 -19.467857 -14.414237 29.437183 0.003544 -8.780745 -0.000369 15.991389 -18.382151 6.376443 -0.608375 -1.789509 -3.912299 -4.801553 -11.04792 -2.937323 -0.009507 -20.990465 0.013013 -5.017564 -25.065325 -4.042756 -0.012437 0.016066 0.015535 -10.64129 -5.690023 -3.555631 10.596325 -17.909904 -3.129989 -0.004462 -13.812436 0.000235 -0.502063 -31.176846 -4.055912 -11.767138 -59.999649 8.349449 -13.978949 -7.147465 -2.864382 13.770491 -8.387065 -3.250695 0.325202 -34.187489 0.776595 -0.97045 -17.729744 2.630822 -0.014203 0.006008 0.005839 -17.351591 -20.10095 -4.217304 21.776321 -1.624324 3.880539 0.002978 -6.353659 0.009582 -1.689069 -22.599024 -6.199376 -0.002512 -0.002363 0.0 16.960541 -62.533566 179.811218 30.790424 -45.133682 16.157017 27.536444 -0.018844 0.166339 -2.227 -2.503462 -1.927331 22.222456 -20.410975 50.008362 -16.727587 -16.752575 28.51602 -0.004802 -12.701466 -0.017236 16.243586 -17.818569 2.70571 -0.093669 -1.509885 -4.300095 -5.042933 -5.615087 -2.951341 -0.008007 -11.034219 -0.000869 -6.117796 -15.919413 -3.819889 0.001439 -0.005314 -0.000347 -10.274256 -5.675076 -4.348733 11.036417 -11.315791 -2.38236 -1.380451 -14.255203 -6.323549 -0.606163 -26.958246 -3.841088 -4.172449 -49.682442 -3.621368 -13.712824 -7.358398 -3.728889 18.166243 -14.06395 -3.250521 0.006543 -18.793221 -0.004927 -0.432731 -8.470442 2.572796 0.0 -0.001247 -0.010833 -15.919877 -20.106064 -5.493996 30.43865 -7.205441 1.734692 0.00018 -8.171493 0.000269 -1.86266 -22.908316 -6.159164 0.001032 0.003845 -0.011231 -179.644989 -3.24121 -9.352586 13.192864 0.039092 0.023796 -81.253441 -0.873557 -5.536187 -6.136069 1.489749 2.091456 -0.99767 0.002824 -7.8e-05 -0.866727 -4.121072 -3.588427 13.996056 0.024557 -0.148684 -79.909142 -11.117207 -7.027849 -5.531031 0.732962 1.693403 -0.988544 0.001798 0.000868 
