HIERARCHY
ROOT Root
{
  OFFSET 0.0 0.0 0.0
  CHANNELS 6 Xposition Yposition Zposition Zrotation Yrotation Xrotation
  JOINT Hips
  {
    OFFSET 0.0 100.0 0.0
    CHANNELS 6 Xposition Yposition Zposition Zrotation Yrotation Xrotation
    JOINT Spine1
    {
      OFFSET 5.003913 -0.037094 -0.013727
      CHANNELS 3 Zrotation Yrotation Xrotation
      JOINT Spine2
      {
        OFFSET 7.125363 -1e-06 0.0
        CHANNELS 3 Zrotation Yrotation Xrotation
        JOINT Chest
        {
          OFFSET 7.594027 1e-06 0.0
          CHANNELS 3 Zrotation Yrotation Xrotation
          JOINT Neck1
          {
            OFFSET 26.313086 -0.460272 -0.181672
            CHANNELS 3 Zrotation Yrotation Xrotation
            JOINT Neck2
            {
              OFFSET 8.045911 0.0 0.0
              CHANNELS 3 Zrotation Yrotation Xrotation
              JOINT Head
              {
                OFFSET 6.432774 0.0 0.0
                CHANNELS 3 Zrotation Yrotation Xrotation
                JOINT HeadEnd
                {
                  OFFSET 16.169773 0.06451 0.00362
                  CHANNELS 3 Zrotation Yrotation Xrotation
                }
                JOINT Jaw
                {
                  OFFSET 0.108741 3.12938 0.002639
                  CHANNELS 3 Zrotation Yrotation Xrotation
                }
                JOINT LeftEye
                {
                  OFFSET 4.45173 8.166359 3.206392
                  CHANNELS 3 Zrotation Yrotation Xrotation
                }
                JOINT RightEye
                {
                  OFFSET 4.436895 8.135758 -3.222429
                  CHANNELS 3 Zrotation Yrotation Xrotation
                }
              }
            }
          }
          JOINT LeftShoulder
          {
            OFFSET 23.218927 5.195579 1.621656
            CHANNELS 3 Zrotation Yrotation Xrotation
            JOINT LeftArm
            {
              OFFSET 15.902118 2e-06 -2e-06
              CHANNELS 3 Zrotation Yrotation Xrotation
              JOINT LeftForeArm
              {
                OFFSET 28.739307 0.0 -1e-06
                CHANNELS 3 Zrotation Yrotation Xrotation
                JOINT LeftHand
                {
                  OFFSET 27.093981 -4e-06 0.0
                  CHANNELS 3 Zrotation Yrotation Xrotation
                  JOINT LeftHandThumb1
                  {
                    OFFSET 2.276781 3.380274 0.83384
                    CHANNELS 3 Zrotation Yrotation Xrotation
                    JOINT LeftHandThumb2
                    {
                      OFFSET 4.705309 -1e-06 -1e-06
                      CHANNELS 3 Zrotation Yrotation Xrotation
                      JOINT LeftHandThumb3
                      {
                        OFFSET 2.798515 0.0 3e-06
                        CHANNELS 3 Zrotation Yrotation Xrotation
                        JOINT LeftHandThumbEnd
                        {
                          OFFSET 3.180793 4e-06 -4e-06
                          CHANNELS 3 Zrotation Yrotation Xrotation
                        }
                      }
                    }
                  }
                  JOINT LeftHandIndex1
                  {
                    OFFSET 3.247786 2.352677 0.137192
                    CHANNELS 3 Zrotation Yrotation Xrotation
                    JOINT LeftHandIndex2
                    {
                      OFFSET 6.367095 1e-06 0.0
                      CHANNELS 3 Zrotation Yrotation Xrotation
                      JOINT LeftHandIndex3
                      {
                        OFFSET 3.662364 0.0 0.0
                        CHANNELS 3 Zrotation Yrotation Xrotation
                        JOINT LeftHandIndex4
                        {
                          OFFSET 2.329242 4e-06 -4e-06
                          CHANNELS 3 Zrotation Yrotation Xrotation
                          JOINT LeftHandIndexEnd
                          {
                            OFFSET 2.767823 1e-06 0.0
                            CHANNELS 3 Zrotation Yrotation Xrotation
                          }
                        }
                      }
                    }
                  }
                  JOINT LeftHandMiddle1
                  {
                    OFFSET 3.163612 0.945023 -0.406112
                    CHANNELS 3 Zrotation Yrotation Xrotation
                    JOINT LeftHandMiddle2
                    {
                      OFFSET 6.276789 3e-06 0.0
                      CHANNELS 3 Zrotation Yrotation Xrotation
                      JOINT LeftHandMiddle3
                      {
                        OFFSET 4.35652 -1e-06 4e-06
                        CHANNELS 3 Zrotation Yrotation Xrotation
                        JOINT LeftHandMiddle4
                        {
                          OFFSET 2.996877 0.0 8e-06
                          CHANNELS 3 Zrotation Yrotation Xrotation
                          JOINT LeftHandMiddleEnd
                          {
                            OFFSET 2.323256 3e-06 -4e-06
                            CHANNELS 3 Zrotation Yrotation Xrotation
                          }
                        }
                      }
                    }
                  }
                  JOINT LeftHandRing1
                  {
                    OFFSET 2.882606 -0.309162 0.107445
                    CHANNELS 3 Zrotation Yrotation Xrotation
                    JOINT LeftHandRing2
                    {
                      OFFSET 6.033198 0.0 4e-06
                      CHANNELS 3 Zrotation Yrotation Xrotation
                      JOINT LeftHandRing3
                      {
                        OFFSET 4.350578 3e-06 0.0
                        CHANNELS 3 Zrotation Yrotation Xrotation
                        JOINT LeftHandRing4
                        {
                          OFFSET 2.651321 2e-06 -7e-06
                          CHANNELS 3 Zrotation Yrotation Xrotation
                          JOINT LeftHandRingEnd
                          {
                            OFFSET 1.937663 1e-06 -4e-06
                            CHANNELS 3 Zrotation Yrotation Xrotation
                          }
                        }
                      }
                    }
                  }
                  JOINT LeftHandPinky1
                  {
                    OFFSET 2.865315 -1.525436 0.575687
                    CHANNELS 3 Zrotation Yrotation Xrotation
                    JOINT LeftHandPinky2
                    {
                      OFFSET 5.54936 1e-06 -8e-06
                      CHANNELS 3 Zrotation Yrotation Xrotation
                      JOINT LeftHandPinky3
                      {
                        OFFSET 3.070974 0.0 -4e-06
                        CHANNELS 3 Zrotation Yrotation Xrotation
                        JOINT LeftHandPinky4
                        {
                          OFFSET 1.549672 1e-06 0.0
                          CHANNELS 3 Zrotation Yrotation Xrotation
                          JOINT LeftHandPinkyEnd
                          {
                            OFFSET 1.952123 0.0 0.0
                            CHANNELS 3 Zrotation Yrotation Xrotation
                          }
                        }
                      }
                    }
                  }
                }
              }
            }
          }
          JOINT RightShoulder
          {
            OFFSET 23.161716 5.296122 -1.380114
            CHANNELS 3 Zrotation Yrotation Xrotation
            JOINT RightArm
            {
              OFFSET -16.027195 -2e-06 1.1e-05
              CHANNELS 3 Zrotation Yrotation Xrotation
              JOINT RightForeArm
              {
                OFFSET -28.736639 4e-06 2e-06
                CHANNELS 3 Zrotation Yrotation Xrotation
                JOINT RightHand
                {
                  OFFSET -27.133619 6e-06 0.0
                  CHANNELS 3 Zrotation Yrotation Xrotation
                  JOINT RightHandThumb1
                  {
                    OFFSET -2.274328 -3.351035 -0.83067
                    CHANNELS 3 Zrotation Yrotation Xrotation
                    JOINT RightHandThumb2
                    {
                      OFFSET -4.703594 -3e-06 2e-06
                      CHANNELS 3 Zrotation Yrotation Xrotation
                      JOINT RightHandThumb3
                      {
                        OFFSET -2.794935 -4e-06 -3e-06
                        CHANNELS 3 Zrotation Yrotation Xrotation
                        JOINT RightHandThumbEnd
                        {
                          OFFSET -3.183852 4e-06 1e-06
                          CHANNELS 3 Zrotation Yrotation Xrotation
                        }
                      }
                    }
                  }
                  JOINT RightHandIndex1
                  {
                    OFFSET -3.253496 -2.33755 -0.127667
                    CHANNELS 3 Zrotation Yrotation Xrotation
                    JOINT RightHandIndex2
                    {
                      OFFSET -6.344434 0.0 0.0
                      CHANNELS 3 Zrotation Yrotation Xrotation
                      JOINT RightHandIndex3
                      {
                        OFFSET -3.654871 0.0 -8e-06
                        CHANNELS 3 Zrotation Yrotation Xrotation
                        JOINT RightHandIndex4
                        {
                          OFFSET -2.327586 -1e-06 0.0
                          CHANNELS 3 Zrotation Yrotation Xrotation
                          JOINT RightHandIndexEnd
                          {
                            OFFSET -2.770001 3e-06 8e-06
                            CHANNELS 3 Zrotation Yrotation Xrotation
                          }
                        }
                      }
                    }
                  }
                  JOINT RightHandMiddle1
                  {
                    OFFSET -3.168223 -0.944764 0.411762
                    CHANNELS 3 Zrotation Yrotation Xrotation
                    JOINT RightHandMiddle2
                    {
                      OFFSET -6.266691 -1e-06 -4e-06
                      CHANNELS 3 Zrotation Yrotation Xrotation
                      JOINT RightHandMiddle3
                      {
                        OFFSET -4.348901 0.0 0.0
                        CHANNELS 3 Zrotation Yrotation Xrotation
                        JOINT RightHandMiddle4
                        {
                          OFFSET -3.00024 2e-06 -4e-06
                          CHANNELS 3 Zrotation Yrotation Xrotation
                          JOINT RightHandMiddleEnd
                          {
                            OFFSET -2.321477 -4e-06 -4e-06
                            CHANNELS 3 Zrotation Yrotation Xrotation
                          }
                        }
                      }
                    }
                  }
                  JOINT RightHandRing1
                  {
                    OFFSET -2.885654 0.293261 -0.119232
                    CHANNELS 3 Zrotation Yrotation Xrotation
                    JOINT RightHandRing2
                    {
                      OFFSET -6.032835 -1e-06 -4e-06
                      CHANNELS 3 Zrotation Yrotation Xrotation
                      JOINT RightHandRing3
                      {
                        OFFSET -4.33881 0.0 -4e-06
                        CHANNELS 3 Zrotation Yrotation Xrotation
                        JOINT RightHandRing4
                        {
                          OFFSET -2.654903 -4e-06 -4e-06
                          CHANNELS 3 Zrotation Yrotation Xrotation
                          JOINT RightHandRingEnd
                          {
                            OFFSET -1.935122 0.0 4e-06
                            CHANNELS 3 Zrotation Yrotation Xrotation
                          }
                        }
                      }
                    }
                  }
                  JOINT RightHandPinky1
                  {
                    OFFSET -2.866241 1.503904 -0.60527
                    CHANNELS 3 Zrotation Yrotation Xrotation
                    JOINT RightHandPinky2
                    {
                      OFFSET -5.553177 -2e-06 0.0
                      CHANNELS 3 Zrotation Yrotation Xrotation
                      JOINT RightHandPinky3
                      {
                        OFFSET -3.062664 -1e-06 -4e-06
                        CHANNELS 3 Zrotation Yrotation Xrotation
                        JOINT RightHandPinky4
                        {
                          OFFSET -1.546529 2e-06 4e-06
                          CHANNELS 3 Zrotation Yrotation Xrotation
                          JOINT RightHandPinkyEnd
                          {
                            OFFSET -1.952341 0.0 -4e-06
                            CHANNELS 3 Zrotation Yrotation Xrotation
                          }
                        }
                      }
                    }
                  }
                }
              }
            }
          }
        }
      }
    }
    JOINT LeftLeg
    {
      OFFSET -8.443107 2.567604 10.043214
      CHANNELS 3 Zrotation Yrotation Xrotation
      JOINT LeftShin
      {
        OFFSET 43.229198 1e-06 -1e-06
        CHANNELS 3 Zrotation Yrotation Xrotation
        JOINT LeftFoot
        {
          OFFSET 42.298611 1e-06 1e-06
          CHANNELS 3 Zrotation Yrotation Xrotation
          JOINT LeftToeBase
          {
            OFFSET 14.165858 1e-06 0.0
            CHANNELS 3 Zrotation Yrotation Xrotation
            JOINT LeftToeEnd
            {
              OFFSET 6.7141 -0.234461 0.0
              CHANNELS 3 Zrotation Yrotation Xrotation
            }
          }
        }
      }
    }
    JOINT RightLeg
    {
      OFFSET -8.303923 2.592729 -10.047278
      CHANNELS 3 Zrotation Yrotation Xrotation
      JOINT RightShin
      {
        OFFSET -43.369682 0.0 1e-06
        CHANNELS 3 Zrotation Yrotation Xrotation
        JOINT RightFoot
        {
          OFFSET -42.260784 4e-06 2e-06
          CHANNELS 3 Zrotation Yrotation Xrotation
          JOINT RightToeBase
          {
            OFFSET -14.222245 -2e-06 -1e-06
            CHANNELS 3 Zrotation Yrotation Xrotation
            JOINT RightToeEnd
            {
              OFFSET -6.660062 0.232574 -2e-06
              CHANNELS 3 Zrotation Yrotation Xrotation
            }
          }
        }
      }
    }
  }
}
MOTION
Frames: 107
Frame Time: 0.03333333333333333
0.0 0.0 0.0 0.0 -0.0 0.0 0.99461 97.65062 -5.662967 97.210213 8.026862 90.22435 3.02136 -3.859958 0.058857 -9.377179 -1.337785 0.727013 17.928213 -2.789065 -2.199835 21.259367 -1.51469 3.185065 -2.631982 -0.327442 1.193521 -35.295525 0.103014 0.528185 -0.002927 0.000179 -3.1e-05 -0.012956 0.00205 -0.005658 0.003331 0.026126 -0.029507 0.035377 -0.025328 0.008609 -106.933479 -72.420052 122.639519 20.408699 -71.883026 -6.255948 30.00304 0.016749 -0.09886 -1.630563 19.002684 10.732865 17.670088 -26.397585 52.599953 -19.467787 -14.405168 29.466993 0.000319 -8.783724 0.002125 16.005047 -17.993362 6.553477 -0.617114 -1.785091 -3.893938 -4.809495 -11.055612 -2.943763 0.002274 -20.978315 0.006564 -5.015551 -25.01755 -4.034544 0.000137 -0.00726 0.000454 -10.662753 -5.685111 -3.57537 10.591739 -17.947161 -3.112415 0.000645 -13.845455 0.00578 -0.506355 -31.231754 -4.024776 -12.164694 -60.22443 8.877868 -14.015759 -7.151742 -2.886234 13.798109 -8.401107 -3.218512 0.33761 -34.237377 0.78769 -0.968265 -17.746447 2.635795 0.000841 -0.001951 -0.009385 -17.386032 -20.114653 -4.219865 21.803808 -1.636493 3.885647 -0.005528 -6.343617 -0.002749 -1.705787 -22.595152 -6.192264 -0.0008 0.003968 0.000461 53.412006 -75.780273 143.703583 40.356705 -67.509796 -18.860249 17.658333 -0.02785 0.064666 -8.70812 13.285913 0.89805 22.21479 -20.438858 50.060482 -16.70797 -16.73271 28.520243 0.000151 -12.689314 -0.002242 16.325254 -18.248934 2.284575 -0.108821 -1.520917 -4.285177 -5.035842 -5.631176 -2.958592 0.001428 -11.036048 -0.000744 -6.106935 -15.93399 -3.84372 0.001674 0.006258 -0.000853 -10.285601 -5.705911 -4.356488 11.022946 -11.314194 -2.364592 -1.381852 -14.257413 -6.328967 -0.629211 -26.951168 -3.826734 -3.892968 -49.459446 -4.493055 -13.711004 -7.385989 -3.735383 18.136475 -14.071873 -3.238654 9.9e-05 -18.804712 -6e-05 -0.430254 -8.47485 2.561318 -0.001561 0.005834 -0.002652 -15.918755 -20.133507 -5.495607 30.394169 -7.197278 1.743523 0.001638 -8.165968 0.000804 -1.860749 -22.838474 -6.164295 0.005154 -0.0 0.002608 178.038254 12.788558 -5.889359 18.312462 0.017151 -0.662853 -78.872108 -9.886627 -0.325793 -6.818706 1.537549 2.072487 -1.001672 0.002013 0.000166 -5.809032 -10.239089 0.176387 68.492203 -0.475809 0.325807 -48.341644 -6.751043 -9.17021 -10.248078 0.749862 1.720472 -1.000081 0.001673 -0.000884 
0.0 0.0 0.0 0.0 -0.0 0.0 1.149894 98.111252 -1.271364 96.25251 8.366141 91.060349 3.300621 -3.422637 -0.164472 -9.259426 -1.230719 0.405887 17.866776 -2.203869 -2.568374 21.692539 -1.809407 3.079723 -2.574425 -0.325968 1.383464 -35.489574 -0.180515 0.707384 0.0 -0.0 0.0 0.013185 0.00909 0.037967 0.084859 0.009639 0.042256 0.095553 0.006859 0.032189 -106.355614 -72.98085 121.813164 24.330206 -71.173119 -7.841438 32.609787 -0.385226 -0.160386 -1.716108 19.30654 10.912495 17.623917 -26.347643 52.501064 -19.440542 -14.365607 29.40667 0.000116 -8.761101 -0.002106 15.625137 -18.145683 6.601026 -0.622944 -1.790186 -3.884364 -4.787291 -11.037479 -2.938694 -0.000867 -20.955284 -0.007198 -5.009377 -25.008394 -4.036601 0.00078 -0.00729 0.002837 -10.635331 -5.671644 -3.567152 10.566751 -17.912218 -3.108365 0.003307 -13.805559 -0.004671 -0.507941 -31.123028 -4.025749 -11.916662 -59.622971 8.421445 -13.981688 -7.146452 -2.876042 13.764202 -8.395731 -3.212226 0.348542 -34.181774 0.768022 -0.960204 -17.705845 2.619159 0.001355 0.000683 -0.000635 -17.338526 -20.086748 -4.208208 21.744553 -1.636882 3.872738 -0.006548 -6.334789 -0.000162 -1.694002 -22.563681 -6.203538 0.001613 -0.005626 0.004436 54.417618 -75.237686 142.828903 36.605206 -67.80378 -16.584076 17.688673 0.244096 0.014959 -8.169841 13.517715 0.632528 22.182364 -20.41021 50.056248 -16.697245 -16.73884 28.516825 -8.1e-05 -12.68819 0.001955 16.398279 -18.189266 2.322009 -0.108251 -1.511639 -4.283424 -5.038126 -5.610248 -2.960392 -0.000363 -11.021197 -0.003652 -6.102625 -15.896593 -3.851314 -0.002614 -0.0 -0.001121 -10.278077 -5.685048 -4.35058 11.019969 -11.298531 -2.375155 -1.381125 -14.249886 -6.337419 -0.620753 -26.957127 -3.84282 -3.831666 -49.458778 -4.405362 -13.701922 -7.36292 -3.73635 18.117769 -14.048005 -3.237382 0.001091 -18.780733 0.0025 -0.432185 -8.440105 2.557882 -0.001919 9.9e-05 -0.000748 -15.918944 -20.098797 -5.499639 30.3934 -7.195764 1.739347 -0.001278 -8.164751 0.003374 -1.863117 -22.851524 -6.161935 0.000502 -0.00051 0.002739 -176.856476 11.948633 -4.649979 15.169386 0.003894 -0.537826 -80.265587 -10.320623 -0.267693 -6.860556 1.623657 2.069442 -1.00053 -0.006155 -0.001528 -10.760501 -8.265908 0.924583 69.053177 -0.237778 0.217927 -56.044827 -8.927539 -7.915584 -10.419016 0.739822 1.687764 -1.011546 -0.002864 -0.000928 
0.0 0.0 0.0 0.0 -0.0 0.0 1.276215 98.367203 3.194155 94.804222 8.514129 91.916367 3.554855 -2.763053 -0.375982 -9.191813 -1.11735 -0.122657 17.796633 -1.388793 -2.810459 21.957218 -1.855458 3.026516 -2.537855 -0.392894 1.582284 -35.698498 -0.234734 0.972119 0.003017 0.000389 -0.000276 0.043078 0.01443 0.025766 0.095283 -0.010715 0.030962 0.120953 0.034471 0.02112 -105.008041 -73.542969 120.093658 28.17297 -70.539513 -9.134403 35.104584 -0.414629 -0.237299 -2.070912 19.068827 11.600068 17.639704 -26.304356 52.412079 -19.486143 -14.406585 29.405331 -0.002582 -8.786991 0.004541 15.549845 -18.366207 6.588655 -0.606499 -1.807112 -3.889978 -4.804373 -11.043999 -2.9384 -0.004878 -20.987658 -0.002232 -5.023186 -25.042671 -4.035145 -0.001668 0.000218 0.005059 -10.636018 -5.693281 -3.560296 10.565991 -17.927042 -3.113084 -0.000887 -13.819504 -0.005705 -0.505133 -31.214548 -4.020819 -11.8615 -59.739197 8.268221 -13.983264 -7.163907 -2.871252 13.775819 -8.400307 -3.22117 0.354933 -34.239208 0.756699 -0.969631 -17.751894 2.616762 0.002382 0.001097 0.0 -17.354631 -20.128824 -4.1998 21.773035 -1.634959 3.871047 0.001072 -6.339186 -0.003141 -1.684946 -22.605112 -6.200066 -0.006451 -0.001513 -0.005818 54.771046 -74.689339 142.383316 32.463127 -67.733902 -13.747594 18.399477 0.388069 -0.011789 -7.656032 13.386588 0.124567 22.185703 -20.381058 49.956474 -16.681225 -16.744432 28.471663 -0.00032 -12.694617 -0.00127 16.33573 -18.114458 2.425244 -0.105045 -1.520913 -4.279581 -5.040287 -5.6086 -2.950385 0.001432 -11.026092 0.002109 -6.113451 -15.908981 -3.835294 7.4e-05 3.1e-05 -8e-06 -10.288286 -5.681365 -4.341187 11.028509 -11.302262 -2.368566 -1.384405 -14.2357 -6.315988 -0.628401 -26.91081 -3.819512 -3.815704 -49.481625 -4.265858 -13.716625 -7.361335 -3.721117 18.153639 -14.063683 -3.239511 0.00057 -18.794617 0.000894 -0.427497 -8.46577 2.55918 -0.001022 -1.4e-05 -0.00186 -15.931633 -20.098896 -5.478144 30.430262 -7.203457 1.736838 -0.00212 -8.167628 0.002043 -1.862861 -22.855522 -6.159863 -0.005335 -0.003325 -0.001672 -172.045334 10.386324 -3.332101 12.079713 0.027593 -0.399017 -81.741135 -10.323761 -0.226237 -7.031286 1.67584 2.073576 -0.993937 0.002128 -0.000679 -15.251716 -6.150436 0.6503 65.585106 -0.012077 0.077189 -62.210278 -10.411485 -7.272726 -11.199235 0.765215 1.663013 -1.000441 0.002535 0.000481 
0.0 0.0 0.0 0.0 -0.0 0.0 1.333786 98.218399 7.372223 93.612007 8.415207 92.88488 3.685428 -2.320735 -0.632255 -9.171629 -1.027813 -0.563033 17.776709 -0.720923 -3.015546 22.185638 -1.540808 2.986782 -2.573048 -0.426315 1.684645 -35.837677 -0.14857 1.227588 0.003043 -8.7e-05 -0.001141 0.066831 0.009659 -0.00976 0.061856 -0.026073 -0.023555 0.079619 0.041664 0.008111 -102.692009 -74.593475 117.209328 31.835762 -70.153175 -10.689581 37.122341 -0.409259 -0.244671 -2.476471 18.356478 12.508954 17.588728 -26.226648 52.287327 -19.460192 -14.367789 29.348745 -0.002331 -8.754927 0.00866 15.476005 -18.410276 6.528012 -0.606193 -1.787203 -3.869803 -4.790915 -11.039681 -2.941797 0.005863 -20.969801 -0.007921 -4.993598 -25.043505 -4.020429 0.000392 0.00554 -0.005841 -10.612181 -5.668709 -3.54623 10.569096 -17.919792 -3.126784 0.001383 -13.815109 -0.00563 -0.481905 -31.147869 -4.038353 -11.690659 -59.553272 8.182628 -13.946449 -7.130033 -2.865126 13.743011 -8.40136 -3.226722 0.352956 -34.202526 0.756251 -0.945038 -17.737612 2.604551 -0.002285 0.009499 -0.001458 -17.303219 -20.063339 -4.193481 21.720718 -1.644817 3.850806 0.003256 -6.336168 -0.001346 -1.683474 -22.574312 -6.20411 -0.002336 -0.004024 0.001923 55.341698 -74.375381 142.059906 29.132233 -67.643776 -10.978374 19.137859 0.480799 -0.023808 -7.55493 12.90887 0.169821 22.171719 -20.334852 49.803177 -16.685274 -16.70233 28.415712 0.001716 -12.673616 -0.003958 16.224426 -18.128252 2.512134 -0.107657 -1.507779 -4.269862 -5.033151 -5.620602 -2.947742 0.00281 -11.030312 0.001021 -6.091502 -15.912913 -3.831527 -0.002151 -0.003223 -0.001743 -10.273758 -5.661187 -4.332187 11.015662 -11.320086 -2.366649 -1.383078 -14.242992 -6.310704 -0.630342 -26.94772 -3.817266 -3.881851 -49.746872 -3.997839 -13.695337 -7.359864 -3.711457 18.128292 -14.068037 -3.235341 0.004437 -18.813253 -0.004369 -0.426151 -8.479457 2.551866 -9.6e-05 0.006278 -7e-06 -15.899376 -20.082541 -5.463131 30.371645 -7.201035 1.733821 0.000968 -8.161889 -0.002289 -1.849926 -22.860735 -6.162457 -0.001185 -9e-06 -3.9e-05 -168.864868 8.865855 -2.483847 11.217347 0.04793 -0.325277 -84.027115 -10.088327 -0.0574 -7.121641 1.701382 2.088617 -0.994877 -0.004187 -0.000108 -18.918875 -4.820435 -0.63041 58.189072 0.025949 -0.00901 -65.95311 -11.068199 -7.67978 -11.645658 0.80783 1.64356 -0.99262 0.001313 0.000574 
0.0 0.0 0.0 0.0 -0.0 0.0 1.364631 97.703026 11.642035 92.957535 8.107593 93.798767 3.681021 -2.189928 -0.735653 -9.207847 -1.027041 -0.945963 17.837355 -0.368657 -3.319868 22.400597 -0.970311 2.991868 -2.605487 -0.394106 1.611759 -36.031456 -0.042821 1.335322 0.0025 0.000205 0.000628 0.077325 -0.001298 -0.041114 0.007518 -0.033144 -0.07452 0.035648 0.027756 -0.007395 -99.950241 -75.54657 113.974152 35.183132 -69.488762 -12.653344 38.782703 -0.536985 -0.219901 -2.721852 17.586668 13.636697 17.672737 -26.36075 52.511528 -19.44445 -14.439092 29.420385 0.007152 -8.78877 0.008745 15.457715 -18.436422 6.441018 -0.608564 -1.780849 -3.898907 -4.814424 -11.041919 -2.935045 -0.008715 -20.973261 0.02387 -5.046648 -25.01811 -4.042109 -0.002241 -0.000774 0.006198 -10.642961 -5.667937 -3.559992 10.566646 -17.916451 -3.114321 -0.019792 -13.825078 0.010106 -0.525334 -31.169033 -4.034109 -11.691593 -59.540138 8.08114 -13.991466 -7.137933 -2.870982 13.774045 -8.381869 -3.223103 0.307598 -34.175617 0.808504 -0.993667 -17.690166 2.632659 0.006353 -0.010923 0.001017 -17.380917 -20.085049 -4.200721 21.805508 -1.630922 3.878166 -0.009182 -6.341334 0.002344 -1.713072 -22.585249 -6.175662 0.008566 -0.005955 -0.009597 55.224106 -73.844444 142.261032 26.912333 -67.407913 -9.464017 19.757896 0.380464 -0.024184 -7.49687 12.627072 0.325607 22.214151 -20.417645 50.046749 -16.712336 -16.759611 28.527779 -0.000315 -12.688288 -0.001266 16.181749 -18.244085 2.511023 -0.108247 -1.510986 -4.283888 -5.040672 -5.618611 -2.95697 -0.00135 -11.02158 -0.000658 -6.11859 -15.897525 -3.849054 0.000351 -0.002906 0.001871 -10.292615 -5.687251 -4.348175 11.037075 -11.309558 -2.372658 -1.385224 -14.251079 -6.324163 -0.628295 -26.96419 -3.829599 -3.855633 -49.977104 -3.907073 -13.716254 -7.37684 -3.730283 18.14262 -14.041388 -3.238152 -0.00114 -18.780819 0.002108 -0.431967 -8.450953 2.557862 1.9e-05 -1.8e-05 0.000445 -15.936484 -20.106754 -5.490338 30.452021 -7.20458 1.74169 0.001148 -8.172912 0.001097 -1.865596 -22.884071 -6.17049 0.00098 0.0 -0.001439 -166.426788 7.779729 -2.194006 11.540827 0.054213 -0.284249 -87.033836 -9.73881 0.034997 -7.165367 1.702558 2.106307 -0.999776 -3.3e-05 -8.8e-05 -21.128475 -4.387412 -2.55064 47.169266 -0.049972 0.031241 -67.280907 -10.741395 -8.915722 -11.250489 0.88728 1.653702 -1.007281 0.011494 0.003017 
0.0 0.0 0.0 0.0 -0.0 0.0 1.307381 97.053749 16.058462 92.86924 7.669044 94.80217 3.571718 -2.35369 -0.62866 -9.310622 -1.107121 -1.308607 17.884466 -0.323701 -3.63124 22.4785 -0.168571 3.060533 -2.626888 -0.366794 1.313035 -36.161575 -0.065578 1.195376 0.002928 -0.000148 -0.000976 0.092069 -0.014238 -0.094531 -0.006179 -0.035948 -0.141217 0.009885 0.005304 -0.044674 -95.951584 -76.253784 109.634094 38.691959 -68.837067 -14.826686 39.765274 -0.505478 -0.237895 -2.843828 17.041485 14.648183 17.639635 -26.347431 52.422386 -19.459579 -14.419672 29.400007 -0.002233 -8.772662 0.010164 15.431361 -18.311737 6.361106 -0.603572 -1.802284 -3.891294 -4.812296 -11.040969 -2.93566 -0.01192 -20.966505 0.012384 -5.02014 -25.024323 -4.009974 -0.000607 -0.000422 -0.006214 -10.622293 -5.695775 -3.546835 10.575504 -17.896652 -3.119824 -0.008115 -13.814278 0.011745 -0.506865 -31.158623 -4.020278 -11.605985 -59.491741 8.02255 -13.983201 -7.159702 -2.864093 13.773707 -8.376061 -3.212126 0.325203 -34.171577 0.782815 -0.975959 -17.729115 2.632001 0.004817 -0.000509 -0.007595 -17.343904 -20.101286 -4.189087 21.74264 -1.627985 3.863744 0.012833 -6.333584 0.006855 -1.711481 -22.580858 -6.18142 0.00613 0.004351 -0.010016 55.491253 -73.016006 141.782532 25.55253 -67.293678 -9.485826 20.284693 0.257917 -0.043899 -7.18985 12.735087 0.333915 22.178654 -20.351994 49.996765 -16.690369 -16.756897 28.492844 -3.9e-05 -12.700048 -0.004046 16.131456 -18.38916 2.576377 -0.110183 -1.497419 -4.281281 -5.039439 -5.616772 -2.953251 0.00333 -11.012863 -0.003321 -6.111684 -15.890089 -3.847785 0.00297 -0.003682 -0.002666 -10.278541 -5.665364 -4.349783 11.018909 -11.286808 -2.370578 -1.38124 -14.213475 -6.327694 -0.612456 -26.862755 -3.842776 -3.793288 -49.986691 -3.746714 -13.706029 -7.354329 -3.729145 18.140728 -14.042388 -3.243294 0.001058 -18.782724 -0.001468 -0.429226 -8.444755 2.558172 0.000663 -0.00624 0.00021 -15.911771 -20.065655 -5.498296 30.414515 -7.196311 1.739123 0.002351 -8.15244 0.001721 -1.860361 -22.839411 -6.163977 0.000907 0.019396 0.003043 -162.273132 7.168658 -2.288643 8.278483 -0.006495 -0.231614 -88.205925 -8.551106 -0.012767 -7.327484 1.654705 2.104302 -0.996926 -0.008228 -0.001095 -21.403109 -4.615991 -4.887948 32.264641 0.000294 0.096463 -66.703072 -9.673075 -10.027566 -10.762479 1.026835 1.652702 -0.988587 0.001979 0.001142 
0.0 0.0 0.0 0.0 -0.0 0.0 1.198548 96.351097 20.837044 93.116425 7.032632 95.889496 3.250939 -2.619168 -0.596033 -9.500134 -1.192895 -1.456316 17.936283 -0.457503 -3.865782 22.489632 0.60876 3.072982 -2.675475 -0.404817 1.033702 -35.999809 -0.321018 0.851877 -1.5e-05 0.000351 0.000949 0.101571 -0.015819 -0.145511 0.013944 -0.04573 -0.184244 0.005882 0.013642 -0.100189 -92.095306 -77.252869 105.512039 41.746872 -68.381241 -16.329086 40.389202 -0.27678 -0.226367 -2.833427 16.731876 15.115355 17.660463 -26.361988 52.445934 -19.432331 -14.357073 29.380693 -0.003674 -8.757223 -0.001401 15.496663 -18.233097 6.315059 -0.608613 -1.799137 -3.886596 -4.793836 -11.051337 -2.950567 0.001674 -20.962721 0.015068 -5.012407 -25.016495 -4.024549 0.002251 0.001472 0.000574 -10.616435 -5.691976 -3.572929 10.552389 -17.926828 -3.107883 0.014666 -13.816485 0.00405 -0.473023 -31.180838 -4.025202 -11.571783 -59.641621 7.998175 -13.961424 -7.149998 -2.877752 13.761201 -8.411683 -3.221249 0.359274 -34.222427 0.787371 -0.954655 -17.729137 2.610549 0.008364 -0.00085 0.000225 -17.310951 -20.081793 -4.216708 21.733948 -1.648012 3.870721 -0.015323 -6.339163 0.002033 -1.673373 -22.551823 -6.174038 -0.008687 0.005699 -0.014757 56.56517 -72.617729 141.042297 23.947189 -67.958511 -9.983196 20.9408 0.228969 -0.076507 -6.720638 12.806653 0.645667 22.187248 -20.399229 50.003292 -16.69837 -16.725224 28.503622 0.002554 -12.680802 -0.001623 16.027153 -18.364346 2.717927 -0.109928 -1.506897 -4.282616 -5.037541 -5.617336 -2.954894 -0.002513 -11.020486 -0.00025 -6.105978 -15.883696 -3.84932 -0.000468 -0.005613 0.000536 -10.281842 -5.688735 -4.345829 11.021321 -11.309122 -2.37188 -1.383912 -14.245314 -6.322895 -0.624448 -26.961147 -3.837645 -4.185129 -50.289433 -3.476588 -13.705956 -7.373138 -3.725607 18.133305 -14.04855 -3.241085 -0.000637 -18.791492 -0.001388 -0.430148 -8.47068 2.560199 0.0008 5.7e-05 -0.000171 -15.922177 -20.113531 -5.481832 30.402607 -7.187794 1.737992 0.001289 -8.177407 -0.002611 -1.851151 -22.850853 -6.175941 -0.004008 -0.003845 0.0 -158.218185 6.781885 -3.054499 5.370997 -0.051257 -0.122753 -88.259178 -6.640243 -0.631653 -7.491705 1.593144 2.112964 -0.997307 -0.003617 0.00075 -20.890882 -4.819404 -7.088006 16.597658 0.066039 0.190017 -66.035576 -7.867442 -10.872783 -10.744959 1.128962 1.585991 -0.997555 -0.000453 -0.00214 
0.0 0.0 0.0 0.0 -0.0 0.0 1.004499 95.636284 25.938595 93.023575 6.240999 97.034554 2.752555 -2.556252 -0.581699 -9.654642 -1.304971 -1.639077 17.950298 -0.612972 -4.068541 22.271 1.272073 3.227403 -2.749713 -0.546189 0.642961 -35.754402 -0.66571 0.313207 0.00052 -0.00066 -0.004317 0.107607 0.003442 -0.097893 0.093438 -0.038344 -0.094521 0.077029 0.043526 -0.094124 -91.449272 -77.86763 104.817764 43.628777 -67.616051 -17.362568 40.687153 -0.312721 -0.34364 -2.663542 16.677633 15.622401 17.699053 -26.435829 52.579502 -19.501776 -14.398927 29.476662 0.003168 -8.793604 -0.001284 15.680086 -18.367617 6.487347 -0.604094 -1.805779 -3.899231 -4.810299 -11.067412 -2.939044 0.004589 -21.000315 -0.00708 -5.041906 -25.077011 -4.020288 0.002469 0.001458 0.000656 -10.635406 -5.702309 -3.570254 10.579668 -17.95573 -3.113405 0.011147 -13.843949 -0.003001 -0.47597 -31.238991 -4.036668 -12.042688 -60.000072 8.464 -14.000367 -7.151308 -2.86993 13.783674 -8.424424 -3.224949 0.356719 -34.295944 0.791286 -0.960021 -17.773582 2.611702 -0.010348 0.00287 -0.0 -17.35671 -20.132246 -4.218011 21.764803 -1.650105 3.881297 0.003641 -6.347787 9e-05 -1.706259 -22.620056 -6.187591 -0.000243 0.001895 -0.007377 55.396008 -72.080246 142.190109 21.456749 -68.181229 -9.658965 21.073858 0.208962 -0.183853 -6.075809 12.829602 0.793901 22.180338 -20.391912 49.98912 -16.683048 -16.741291 28.49103 -0.001648 -12.681392 -0.000849 16.139006 -18.204294 2.720825 -0.107356 -1.511066 -4.281766 -5.038038 -5.61029 -2.950611 -0.003139 -11.026474 0.00361 -6.117769 -15.892766 -3.824409 -0.001151 -0.003594 -0.003504 -10.282161 -5.679312 -4.343393 11.025608 -11.302062 -2.373052 -1.385868 -14.235616 -6.318091 -0.632117 -26.915545 -3.815866 -4.222402 -50.311646 -3.327064 -13.701828 -7.366431 -3.725471 18.128624 -14.053805 -3.239517 -0.001753 -18.802015 0.004226 -0.428201 -8.468189 2.556936 -0.00081 -0.006344 -0.000888 -15.917117 -20.089878 -5.481361 30.419275 -7.199846 1.735262 0.001717 -8.168368 0.003366 -1.86693 -22.865646 -6.16012 0.001281 -7e-05 -0.001451 -155.827637 5.78651 -4.620059 5.519987 -0.074995 -0.069245 -88.459724 -4.090751 -1.724576 -8.220486 1.605263 2.107683 -0.999053 0.003957 0.002627 -20.685024 -4.274393 -9.068074 5.040137 0.07747 0.360498 -66.235886 -7.511975 -12.098864 -10.770121 1.115744 1.512628 -0.988285 0.001726 0.000684 
0.0 0.0 0.0 0.0 -0.0 0.0 0.797101 95.129044 31.311522 92.49205 5.664747 97.947273 2.373607 -2.228263 -0.49687 -9.821305 -1.407123 -1.670029 17.833775 -0.459798 -4.390101 22.057467 1.702812 3.248367 -2.784314 -0.659177 0.285236 -35.637451 -0.942891 0.008861 -0.000462 -0.000255 1.3e-05 0.069963 0.015 -0.04527 0.02701 -0.019031 -0.033965 0.018664 0.044206 -0.050515 -91.005447 -77.625191 104.513077 44.84539 -67.010956 -18.56876 40.37051 -0.267462 -0.288142 -2.509534 16.468859 15.827153 17.639746 -26.307152 52.413528 -19.42498 -14.405364 29.38814 0.004729 -8.770004 -0.004832 15.726027 -18.429075 6.560338 -0.607753 -1.786672 -3.889456 -4.800758 -11.042015 -2.943444 -0.011909 -20.975636 0.009791 -5.019288 -25.045273 -4.043042 -0.003626 0.003946 -0.005591 -10.627951 -5.675285 -3.562509 10.555326 -17.906471 -3.101379 -0.008885 -13.82141 0.006897 -0.52898 -31.173243 -4.017408 -12.319424 -59.986477 8.619782 -13.97523 -7.137618 -2.870736 13.775688 -8.384377 -3.217692 0.329592 -34.18631 0.772648 -0.973558 -17.710491 2.635965 0.003457 0.0 -0.002418 -17.349228 -20.077301 -4.19316 21.766228 -1.634487 3.867676 -0.011837 -6.342463 0.010855 -1.696862 -22.563461 -6.216174 -0.005638 0.00374 -0.0 54.049046 -71.589539 142.950714 19.831203 -68.549316 -9.66603 20.265135 0.123418 -0.208095 -5.432055 12.858121 1.396607 22.20924 -20.405701 50.012901 -16.724686 -16.786356 28.507502 -0.000751 -12.71984 0.003495 16.401171 -18.187864 2.624981 -0.104501 -1.508152 -4.277787 -5.047488 -5.623993 -2.95868 0.00417 -11.034567 0.002256 -6.110226 -15.919223 -3.842472 -0.002239 0.00105 -0.003227 -10.296474 -5.68264 -4.336844 11.052469 -11.320421 -2.380397 -1.387807 -14.25942 -6.325999 -0.628085 -26.980574 -3.825177 -4.150367 -50.53027 -3.303081 -13.72791 -7.374314 -3.717102 18.17716 -14.068908 -3.247898 -0.000235 -18.830427 0.002643 -0.427523 -8.468542 2.556546 0.001788 -0.006322 0.000448 -15.947343 -20.120708 -5.478528 30.479658 -7.206799 1.743648 0.000297 -8.169237 0.001307 -1.86591 -22.870041 -6.168631 -0.001183 0.004023 -0.002391 -153.65036 4.116565 -6.106656 6.338433 -0.051651 -0.02948 -86.946228 -1.551257 -2.850607 -10.044868 1.647407 2.102938 -0.997942 0.009273 0.002009 -21.656271 -3.248993 -11.105461 1.975542 0.0807 0.536886 -68.336205 -8.420991 -13.586686 -10.916683 1.119969 1.41985 -0.989006 -0.00735 -0.000975 
0.0 0.0 0.0 0.0 -0.0 0.0 0.474289 94.807526 36.876072 91.629799 5.120455 98.374176 1.732458 -1.728454 -0.450587 -10.068041 -1.429729 -1.778394 17.743492 -0.277327 -4.400596 21.85252 1.82564 3.261506 -2.767143 -0.666055 0.087581 -35.069855 -1.043724 -0.006163 -0.000883 -8.4e-05 -0.000137 0.025885 0.017907 -0.017663 -0.065024 0.017523 -0.009518 -0.048641 0.009951 -0.015514 -90.912666 -77.851662 104.614029 45.030689 -67.51741 -19.169519 40.015442 -0.055888 -0.239797 -2.546623 16.22057 15.072654 17.623493 -26.277405 52.429745 -19.478884 -14.40478 29.422922 -0.002191 -8.777861 0.004579 15.817598 -18.330116 6.519249 -0.602635 -1.804938 -3.889286 -4.806812 -11.056709 -2.941686 0.006963 -20.984129 -0.017421 -5.003493 -25.084026 -4.057207 -0.007436 0.005706 0.00211 -10.618085 -5.693332 -3.559413 10.560566 -17.932335 -3.133842 -0.002669 -13.820043 -0.004235 -0.467518 -31.194857 -4.038894 -12.273016 -60.174637 8.677342 -13.983612 -7.158128 -2.872276 13.782261 -8.413071 -3.238338 0.356703 -34.22488 0.746438 -0.943936 -17.737562 2.616857 -0.003024 0.008485 0.004105 -17.33658 -20.115442 -4.19983 21.74268 -1.647805 3.853466 0.009441 -6.336631 -0.003608 -1.686483 -22.615587 -6.219904 -0.00027 0.009716 -0.008333 53.915104 -71.65696 143.403976 19.728523 -68.975113 -10.170223 19.165035 -0.024296 -0.214634 -5.515224 12.654539 2.130056 22.169147 -20.388746 49.922031 -16.665733 -16.715437 28.431747 0.00451 -12.678267 -0.001983 16.555208 -18.180832 2.607888 -0.105765 -1.508018 -4.270862 -5.027482 -5.609741 -2.949444 -0.00697 -11.022022 0.005906 -6.109609 -15.896103 -3.832013 0.0 -0.0 0.0 -10.267854 -5.660608 -4.340335 10.997127 -11.306094 -2.361563 -1.385038 -14.227967 -6.307358 -0.639227 -26.892771 -3.819227 -4.341109 -50.439297 -3.218309 -13.688497 -7.359505 -3.716451 18.099016 -14.039739 -3.22735 -0.005624 -18.789412 0.002923 -0.432607 -8.462293 2.553165 0.000685 0.006007 -0.000123 -15.904521 -20.09503 -5.463562 30.350384 -7.178297 1.739293 -0.006912 -8.155686 0.002808 -1.858816 -22.85388 -6.160519 -0.000649 -0.007641 -0.001737 -152.146088 2.081607 -7.267745 8.446546 -0.091523 0.032516 -83.622726 0.362018 -4.153574 -14.055274 1.670934 1.996596 -1.004192 0.002129 0.001529 -21.240606 -1.778979 -12.387946 2.947706 0.181844 0.491235 -68.543816 -8.76128 -12.926416 -11.637642 1.141496 1.450494 -1.009465 0.00386 -0.007937 
0.0 0.0 0.0 0.0 -0.0 0.0 0.0189 94.746719 42.649952 89.605644 4.383142 98.493256 0.612661 -0.411284 -0.507556 -10.505836 -1.373178 -2.052321 17.72064 0.157176 -4.14941 21.472589 1.586674 3.22464 -2.711002 -0.614853 0.042406 -33.776146 -1.134988 0.063463 0.000543 -0.000568 -0.000611 -0.010728 0.02859 -0.007284 -0.101268 0.019895 -0.009218 -0.091328 0.028876 0.006722 -97.30957 -77.510323 111.014954 41.019772 -67.695816 -16.709423 39.738304 -0.080473 -0.37877 -2.51147 15.926664 14.17759 17.665056 -26.416393 52.570259 -19.448433 -14.405003 29.445538 0.001211 -8.778211 -0.007007 15.758349 -18.173063 6.459599 -0.596727 -1.796899 -3.895211 -4.823655 -11.054883 -2.942857 -0.003597 -20.969805 0.009165 -5.024937 -25.018774 -4.033971 0.004127 -0.006153 -0.000946 -10.638618 -5.693984 -3.564287 10.568392 -17.926382 -3.103051 0.008152 -13.826939 0.012674 -0.533033 -31.166641 -4.010127 -12.097847 -59.979961 8.390409 -13.997931 -7.147423 -2.87427 13.776371 -8.413302 -3.221333 0.349279 -34.206371 0.794536 -0.95785 -17.748161 2.617266 0.002072 -0.005452 0.019534 -17.354233 -20.103035 -4.20903 21.759962 -1.649159 3.872161 0.00086 -6.340272 0.007281 -1.686238 -22.587517 -6.180876 0.006461 0.003238 -0.001456 51.176647 -71.073349 146.561356 18.853682 -68.214378 -9.423229 18.353045 -0.144327 -0.222107 -6.170554 12.099259 2.20381 22.221546 -20.451838 50.082561 -16.728319 -16.768473 28.545145 -0.000674 -12.700721 -0.000591 16.66972 -18.009497 2.498519 -0.109345 -1.514217 -4.288551 -5.038831 -5.611055 -2.954564 -0.002047 -11.031864 0.002675 -6.116141 -15.908436 -3.846953 0.007355 0.000635 0.00075 -10.299973 -5.684738 -4.353032 11.038597 -11.328372 -2.375448 -1.385988 -14.271208 -6.33393 -0.636993 -26.982063 -3.839126 -4.252808 -50.806332 -3.448749 -13.720997 -7.377152 -3.731205 18.145702 -14.067325 -3.244387 -0.004785 -18.81283 0.004044 -0.432797 -8.480715 2.556253 6.2e-05 -8e-06 0.000399 -15.943466 -20.145716 -5.488759 30.465424 -7.197459 1.746809 -0.001072 -8.184145 0.000124 -1.86474 -22.947601 -6.191781 0.001089 0.007766 0.000217 -152.139847 -1.306312 -9.042529 12.572547 -0.165745 0.268013 -79.376862 1.822403 -5.803826 -21.282375 1.79086 1.892967 -0.998016 -0.001191 0.00018 -21.169727 0.969179 -12.697128 6.775607 0.208946 0.424047 -64.820953 -9.028309 -9.472357 -12.127417 1.053997 1.530456 -0.998884 -0.000418 0.002967 
0.0 0.0 0.0 0.0 -0.0 0.0 -0.510188 94.869789 48.564953 86.924706 4.013347 98.034851 -0.382619 1.028367 -0.415776 -10.884211 -1.147342 -2.227189 17.639479 1.187084 -3.964039 21.18199 1.029099 3.082157 -2.801162 -0.663387 0.48843 -32.569984 -0.953863 0.099818 -0.002817 -0.000745 8.8e-05 -0.011238 0.03935 0.001201 -0.146344 0.033946 -0.026285 -0.132986 0.037598 0.03988 -104.39415 -76.095177 117.993858 35.144257 -67.849709 -13.274829 38.485451 -0.055084 -0.38612 -2.282352 15.941518 13.45198 17.647684 -26.36277 52.435192 -19.452213 -14.388206 29.396553 -0.001363 -8.769017 0.00205 15.820441 -18.166544 6.427853 -0.596007 -1.792049 -3.898018 -4.808178 -11.043271 -2.935248 0.000577 -20.972034 0.007208 -5.01162 -25.032049 -4.006128 0.010611 -0.000486 -0.008626 -10.62249 -5.686702 -3.575154 10.561436 -17.922836 -3.092387 0.001328 -13.80844 -0.006419 -0.48745 -31.182451 -4.025048 -11.837264 -59.804043 8.243358 -13.967031 -7.147607 -2.878665 13.760021 -8.395662 -3.203595 0.352783 -34.194492 0.787079 -0.967115 -17.728075 2.621281 -0.005578 0.001913 0.006492 -17.328157 -20.083193 -4.2108 21.741819 -1.650591 3.886607 0.012911 -6.34001 -0.001978 -1.699396 -22.587841 -6.191298 -0.005495 0.010502 0.002747 47.221092 -70.204231 150.248932 17.440708 -66.70401 -7.962307 17.345055 0.033679 -0.139878 -6.638097 11.381599 2.058149 22.173319 -20.359861 49.946301 -16.697216 -16.749535 28.48126 0.001728 -12.695973 -0.000136 16.672192 -18.124195 2.511984 -0.10698 -1.513256 -4.277137 -5.035038 -5.619619 -2.949001 -0.001548 -11.006167 -0.002523 -6.105972 -15.883471 -3.841105 0.003729 0.003258 0.003186 -10.284631 -5.670095 -4.338842 11.026468 -11.302052 -2.369625 -1.386981 -14.233442 -6.317353 -0.628465 -26.920012 -3.82565 -4.247721 -51.086357 -3.424296 -13.709448 -7.360629 -3.714408 18.138594 -14.035737 -3.246406 -0.00199 -18.763533 -0.001016 -0.430036 -8.453222 2.552882 0.000384 0.006193 -0.000677 -15.925364 -20.086536 -5.473641 30.434595 -7.187761 1.736223 -0.003131 -8.155047 0.000384 -1.862128 -22.834654 -6.168339 -0.003624 0.011617 0.000914 -153.365189 -5.381506 -11.058789 19.315222 -0.366473 0.539517 -72.636246 3.034472 -7.183732 -31.0354 2.134351 1.808587 -0.997636 0.006953 0.001334 -22.040306 4.445858 -11.804489 12.596626 0.070747 0.231652 -61.055061 -10.350025 -6.218575 -10.628981 0.817208 1.593138 -0.993268 0.000337 0.002648 
0.0 0.0 0.0 0.0 -0.0 0.0 -0.981815 95.227654 54.400192 84.899055 4.52733 97.180786 -0.693225 1.680994 -0.306116 -10.964815 -0.88442 -2.268095 17.627275 2.583829 -3.864133 21.079695 0.434238 2.858707 -2.77201 -0.61703 1.067808 -32.077023 -0.703532 0.328103 -0.002384 -5.4e-05 0.000498 -0.00063 0.040317 0.020994 -0.184183 0.030011 -0.016856 -0.157196 0.037565 0.063837 -105.92543 -75.327492 120.028923 32.759521 -69.313431 -13.224637 35.852386 0.110346 -0.238208 -2.291092 16.246115 11.631341 17.663912 -26.380259 52.496449 -19.44195 -14.413156 29.42135 -7.4e-05 -8.779152 -0.005055 15.985206 -18.221676 6.311627 -0.620174 -1.802122 -3.897629 -4.800021 -11.022421 -2.928701 -0.002191 -20.962849 0.003811 -5.033024 -24.998831 -4.024714 -0.000838 -0.004466 -0.001424 -10.653139 -5.677663 -3.564914 10.574733 -17.907972 -3.102474 -0.006454 -13.80638 0.011241 -0.507982 -31.140844 -3.998326 -11.862844 -59.342712 8.032451 -14.005104 -7.14572 -2.880872 13.782336 -8.389027 -3.204223 0.346513 -34.174686 0.780372 -0.960928 -17.72477 2.629121 -0.00733 0.019814 0.001317 -17.359089 -20.088432 -4.208098 21.750322 -1.639965 3.880865 0.01433 -6.334194 0.000551 -1.711469 -22.571478 -6.179192 0.002556 -0.007799 0.001921 45.968773 -70.497314 151.413254 17.843452 -66.238518 -7.51472 16.493853 0.292113 -0.058104 -6.946227 10.990082 1.303536 22.138895 -20.347437 49.87257 -16.663816 -16.708864 28.423695 -0.00043 -12.654935 0.001608 16.810221 -18.154448 2.34126 -0.106821 -1.515955 -4.268322 -5.028521 -5.593019 -2.947516 -0.000446 -10.992465 0.001589 -6.09208 -15.851662 -3.841243 -0.00378 0.001586 0.002471 -10.2718 -5.6674 -4.32507 11.018661 -11.271791 -2.373725 -1.38456 -14.203642 -6.302281 -0.625888 -26.857773 -3.807729 -4.372663 -51.016556 -3.481634 -13.688195 -7.359337 -3.702541 18.112339 -14.005243 -3.234462 0.000382 -18.736933 0.002418 -0.427204 -8.427186 2.546432 0.000386 -0.012359 0.000369 -15.90154 -20.048105 -5.461093 30.376564 -7.180882 1.728139 0.000458 -8.140564 0.004271 -1.862592 -22.788609 -6.149563 3.7e-05 0.019471 0.001859 -155.879623 -8.964754 -11.000665 29.033421 -0.466359 0.60234 -62.910393 3.103359 -8.224723 -37.428577 2.222768 1.769709 -0.994873 0.000356 -0.002403 -21.545938 7.472467 -10.748988 18.927183 0.070142 -0.102299 -63.970589 -11.711491 -3.707437 -8.561902 0.542816 1.559792 -0.998555 0.002971 -0.00188 
0.0 0.0 0.0 0.0 -0.0 0.0 -1.46074 95.628448 59.947269 83.494156 5.558895 96.814445 -0.307987 2.071985 -0.336677 -10.749354 -0.642642 -2.234583 17.531815 3.463323 -3.828551 21.133535 0.555659 2.875722 -2.787801 -0.585564 1.031649 -32.092213 -0.560598 0.519859 -0.003432 0.000549 0.000545 0.001599 0.046969 0.022084 -0.146901 0.023954 0.004366 -0.124169 0.057667 0.057322 -103.733421 -75.426529 118.130035 31.234169 -71.089905 -12.92473 32.734089 0.234179 -0.139891 -2.999065 16.00626 10.706046 17.63496 -26.33054 52.463127 -19.477104 -14.399426 29.437391 -0.002638 -8.782426 0.005124 16.144709 -18.360283 6.413509 -0.613531 -1.80647 -3.898016 -4.813399 -11.04705 -2.936656 7.6e-05 -20.987373 -0.008359 -5.025023 -25.045029 -4.045995 -0.000713 -0.011884 0.00024 -10.632792 -5.701424 -3.56582 10.564551 -17.910881 -3.1164 -0.004534 -13.821773 0.002631 -0.497868 -31.179384 -4.041456 -11.895145 -59.58004 8.221483 -13.989713 -7.155365 -2.870446 13.773259 -8.39869 -3.225091 0.345378 -34.194439 0.763598 -0.957706 -17.707659 2.620584 0.006025 -0.010646 0.007151 -17.361736 -20.121288 -4.204322 21.770908 -1.630687 3.873224 0.00619 -6.342704 -0.00327 -1.710174 -22.602932 -6.207675 -0.000616 0.000263 0.00653 46.618782 -71.324013 150.999771 20.261147 -66.735725 -9.665411 16.555256 0.425794 0.019084 -7.024242 11.1999 0.879739 22.183428 -20.350218 49.896763 -16.726461 -16.774393 28.474651 -0.002593 -12.709741 0.003357 16.79718 -18.229721 2.350255 -0.101043 -1.520535 -4.272357 -5.040447 -5.619338 -2.954314 -0.001773 -11.037657 -0.00127 -6.110054 -15.918289 -3.828111 -0.003857 0.002977 -0.002174 -10.287556 -5.677637 -4.331559 11.033929 -11.308723 -2.379467 -1.382465 -14.24218 -6.317441 -0.624549 -26.941111 -3.825717 -4.514333 -51.097176 -3.370309 -13.717941 -7.365415 -3.708235 18.156973 -14.053414 -3.255663 0.002521 -18.776733 -0.003258 -0.426288 -8.455129 2.553774 -0.00037 0.006506 0.000804 -15.936078 -20.097736 -5.466591 30.446539 -7.20492 1.725568 0.005134 -8.165371 -0.001252 -1.862493 -22.870932 -6.175286 -0.001055 0.00823 0.001366 -160.937164 -12.141871 -8.481829 41.757774 -0.607099 0.617004 -52.043602 3.852401 -8.940921 -29.267387 1.987345 2.054192 -0.998099 0.002325 -0.008676 -18.925745 9.879542 -10.045821 22.830467 0.13544 -0.26393 -69.959007 -12.848581 -1.946769 -7.707631 0.477994 1.561307 -0.994581 -6e-06 0.002131 
0.0 0.0 0.0 0.0 -0.0 0.0 -1.907076 95.904305 65.095177 82.355736 6.673121 96.947433 0.386716 2.54686 -0.377217 -10.435841 -0.419632 -2.110575 17.50667 3.965348 -3.614527 21.175756 1.097424 2.881611 -2.720994 -0.606734 0.64267 -32.719685 -0.38895 0.664761 0.000299 -0.000133 3.3e-05 0.015967 0.032296 -0.021173 -0.118741 0.014783 -0.045227 -0.099305 0.039744 0.013821 -100.632103 -75.470123 115.269104 30.84087 -72.219246 -12.924476 30.14167 0.082997 -0.110222 -4.345103 15.365102 11.538157 17.64208 -26.302418 52.379665 -19.459606 -14.398968 29.370398 0.003171 -8.779118 0.001488 16.185921 -18.353901 6.485701 -0.604812 -1.79364 -3.887871 -4.803932 -11.047187 -2.931665 -0.001571 -20.989578 0.007156 -5.018233 -25.057796 -4.025127 -0.000105 0.003861 0.005923 -10.63016 -5.675487 -3.554729 10.577475 -17.927227 -3.112873 0.003222 -13.823198 -0.003809 -0.511473 -31.178179 -4.024197 -11.96408 -59.878666 8.607376 -13.980339 -7.136662 -2.86642 13.775245 -8.402106 -3.216892 0.358714 -34.232136 0.771264 -0.956107 -17.751348 2.618258 -0.001029 -0.000366 0.0 -17.339428 -20.089045 -4.193271 21.7654 -1.641655 3.863392 -0.00444 -6.33996 -0.003883 -1.706752 -22.58222 -6.194969 -0.002515 0.005353 0.00376 47.851871 -71.912506 149.503387 23.149353 -67.014725 -12.14902 17.454113 0.541408 0.01908 -6.768723 11.629069 0.437095 22.156815 -20.387653 49.920338 -16.680649 -16.743929 28.470066 -0.002373 -12.679988 0.005883 16.543362 -18.155357 2.549478 -0.104816 -1.514041 -4.270337 -5.035052 -5.600604 -2.955165 0.001008 -11.015162 -0.000127 -6.097341 -15.874178 -3.833662 0.002569 -0.004499 -0.001492 -10.272989 -5.672111 -4.334198 11.01475 -11.295456 -2.367458 -1.382748 -14.227409 -6.307752 -0.627975 -26.914242 -3.828332 -4.348774 -50.969276 -3.249133 -13.699699 -7.358255 -3.711249 18.125473 -14.034681 -3.235836 -0.001115 -18.773249 0.005209 -0.43308 -8.453618 2.555123 -0.000184 0.006573 -5.9e-05 -15.913952 -20.073496 -5.466261 30.400455 -7.18537 1.739229 0.001783 -8.15767 0.003183 -1.871101 -22.841194 -6.156249 0.005336 -0.003596 0.004667 -167.670471 -14.36003 -4.505202 54.535885 -0.807341 0.47517 -47.601566 4.058316 -8.682439 -13.860727 1.638965 2.463181 -0.998154 -0.00101 0.006098 -15.34635 12.048421 -9.759166 24.500208 0.119528 -0.302518 -74.347725 -13.614274 -0.859601 -7.367795 0.534436 1.606773 -0.995541 0.00341 -0.000936 
0.0 0.0 0.0 0.0 -0.0 0.0 -2.224337 96.449677 69.831772 81.936607 7.608038 96.792145 1.129378 2.864484 -0.236935 -10.242444 -0.267457 -1.782538 17.773405 3.978657 -3.309667 21.450174 1.595976 2.855436 -2.706639 -0.6907 0.436141 -33.511127 -0.160586 0.525759 -0.000512 -0.000262 -0.001162 0.019027 0.022217 -0.005462 -0.083418 0.034052 -0.03754 -0.098269 0.001977 0.040291 -99.56295 -75.424126 114.387054 30.081783 -72.900002 -11.970051 28.69717 0.138548 -0.03691 -5.489401 14.959487 12.060441 17.652519 -26.385839 52.57436 -19.474779 -14.433804 29.481337 0.001686 -8.790654 0.004568 16.248903 -18.132263 6.397648 -0.608655 -1.805079 -3.90222 -4.822027 -11.048462 -2.939981 -0.007965 -20.993282 0.000252 -5.036697 -25.050798 -4.051227 2.3e-05 0.000216 0.00174 -10.648238 -5.703672 -3.57117 10.581917 -17.916599 -3.121488 -0.004453 -13.822893 0.003189 -0.506923 -31.210222 -4.036208 -11.910027 -59.888405 8.522283 -14.007382 -7.163348 -2.882156 13.791067 -8.394767 -3.222911 0.333929 -34.218739 0.782745 -0.979865 -17.699526 2.624493 0.003203 -0.009153 0.005612 -17.387718 -20.12652 -4.211528 21.810255 -1.628563 3.876856 -0.005618 -6.339909 0.00846 -1.719072 -22.592449 -6.206068 -0.0 -0.006205 0.001633 48.493439 -72.625862 149.178543 27.284613 -67.011345 -15.431808 18.634165 0.44679 0.030951 -6.287177 12.412874 0.273802 22.204657 -20.403315 50.047615 -16.738541 -16.821943 28.548286 -0.002784 -12.728789 0.004565 16.496529 -18.1737 2.63879 -0.103277 -1.518001 -4.280262 -5.046245 -5.61482 -2.964369 0.001055 -11.021538 -0.003797 -6.118052 -15.892232 -3.853956 -0.000871 -0.006946 0.002283 -10.305551 -5.682873 -4.340624 11.060063 -11.313063 -2.391667 -1.381134 -14.239203 -6.331874 -0.608604 -26.920385 -3.844366 -4.381507 -51.000511 -3.203893 -13.735382 -7.379661 -3.717519 18.180676 -14.051423 -3.258121 0.002441 -18.797575 -0.001882 -0.428004 -8.464581 2.558731 -0.000374 0.006263 0.000587 -15.954839 -20.113596 -5.482781 30.486208 -7.201186 1.729557 0.001993 -8.169844 0.001374 -1.8673 -22.875067 -6.167738 0.002382 -0.003812 -0.004022 -174.492569 -14.644055 -1.099548 64.433563 -0.746154 0.305944 -52.965115 1.231254 -8.556058 -11.759462 1.60516 2.429394 -0.991701 0.001748 0.005356 -10.466813 13.603694 -8.91156 23.120813 0.00961 -0.327504 -77.164497 -13.891346 -0.177849 -7.114971 0.601795 1.645876 -0.999513 -0.000209 -0.001046 
0.0 0.0 0.0 0.0 -0.0 0.0 -2.415752 97.145523 74.379578 82.506279 8.262807 96.195343 1.756227 2.757978 -0.100732 -9.973481 -0.215508 -1.195617 18.002996 3.483564 -2.935471 21.771255 1.803359 2.826321 -2.674944 -0.716656 0.409058 -33.48634 0.092951 0.232875 -0.003433 0.000751 0.002888 0.016635 0.01272 0.006883 -0.049425 0.032441 -0.01748 -0.06353 -0.015833 0.038309 -98.744919 -74.673325 113.846458 28.091728 -73.170258 -10.18959 28.380844 0.288596 0.011654 -5.791798 15.02852 11.598019 17.626795 -26.324203 52.43734 -19.450153 -14.381939 29.416662 -0.000311 -8.775218 0.000591 16.281639 -17.87388 6.218779 -0.605237 -1.793229 -3.89608 -4.804315 -11.03826 -2.929017 0.003868 -20.949793 -0.005757 -5.00511 -25.002565 -4.025183 -0.000786 0.003171 -0.001167 -10.626016 -5.693199 -3.570469 10.563419 -17.899492 -3.107727 -0.003617 -13.80094 0.002853 -0.501205 -31.107168 -4.023652 -11.781601 -59.662777 8.193493 -13.974121 -7.148369 -2.883117 13.764221 -8.392883 -3.20589 0.346701 -34.184917 0.77262 -0.962475 -17.703163 2.617633 0.000906 -0.009665 -0.000999 -17.332031 -20.09852 -4.212123 21.755646 -1.629598 3.876861 0.00254 -6.333622 -0.000278 -1.704611 -22.567701 -6.191867 0.001395 -0.006229 -0.001557 48.257736 -72.899956 149.099426 32.056206 -66.139267 -19.00172 19.75252 0.265418 0.046017 -5.711778 13.114269 0.788917 22.180664 -20.398571 50.008175 -16.712976 -16.739977 28.503447 -0.001131 -12.681679 0.001063 16.438393 -18.07065 2.610667 -0.109389 -1.510841 -4.280074 -5.037313 -5.612177 -2.958595 -0.000649 -11.023605 -0.000987 -6.111569 -15.901182 -3.850358 0.001702 0.003258 -0.001739 -10.291156 -5.680023 -4.342047 11.03606 -11.303097 -2.379316 -1.384297 -14.242705 -6.326495 -0.626066 -26.923908 -3.832808 -4.560866 -50.899296 -3.207477 -13.720328 -7.367761 -3.724007 18.158804 -14.054709 -3.247435 0.004575 -18.807194 -0.003656 -0.428585 -8.446434 2.556747 0.001257 -0.006209 -0.001584 -15.928479 -20.110622 -5.486494 30.427328 -7.191189 1.742963 -0.011366 -8.165382 -0.001486 -1.853984 -22.855396 -6.165065 -0.002477 0.007363 0.000242 178.938232 -13.009622 1.264461 70.084572 -0.460443 0.1195 -59.412682 -2.798769 -8.362392 -11.778226 1.621975 2.323194 -0.991477 -0.001184 0.000515 -4.932833 13.978374 -7.371948 20.106123 -0.03456 -0.307561 -78.70768 -13.73635 0.394396 -6.809938 0.678523 1.673802 -0.995025 -0.002658 -2.9e-05 
0.0 0.0 0.0 0.0 -0.0 0.0 -2.416712 97.765327 78.810837 83.673637 8.651973 95.238983 2.325003 2.412514 0.031056 -9.694794 -0.214245 -0.522516 18.10652 2.701736 -2.522974 22.250769 1.629483 2.831156 -2.661683 -0.684792 0.500772 -33.262486 0.306444 -0.068773 1.9e-05 0.000261 0.002257 0.016986 0.004499 6.8e-05 0.013077 0.014849 -0.008035 0.004277 -0.015603 0.019648 -98.886475 -73.9991 114.347862 24.943233 -73.367554 -7.482367 29.149073 0.425528 0.013744 -5.588079 15.328419 10.608831 17.604515 -26.274708 52.387447 -19.414503 -14.351983 29.375975 -0.001314 -8.751081 -0.002632 16.335621 -17.785416 6.050953 -0.608778 -1.803943 -3.889049 -4.795228 -11.025954 -2.936457 0.000532 -20.932436 -0.002656 -5.002353 -24.96311 -4.035288 -0.001191 -0.008108 0.001896 -10.605743 -5.69202 -3.564511 10.535624 -17.873945 -3.107423 0.001095 -13.787685 -0.002276 -0.492033 -31.136333 -4.024623 -11.767896 -59.722519 7.960844 -13.94389 -7.138612 -2.882851 13.728518 -8.384129 -3.210553 0.346463 -34.141552 0.765914 -0.963294 -17.694752 2.619323 6.5e-05 0.000232 0.00139 -17.288754 -20.063658 -4.213029 21.681204 -1.628894 3.866163 -0.000274 -6.32043 -0.003478 -1.686444 -22.526505 -6.187349 -0.002032 -0.006205 -0.001244 48.667439 -73.734161 148.679977 37.166267 -65.35009 -22.829399 21.082998 0.058593 0.014037 -5.135244 13.424026 1.733431 22.141417 -20.319958 49.8368 -16.679169 -16.689844 28.423233 0.000345 -12.655369 -0.000793 16.335245 -17.965275 2.592249 -0.101639 -1.525288 -4.273829 -5.028578 -5.59653 -2.947164 -0.000172 -11.017344 -0.003261 -6.091528 -15.883612 -3.832302 0.0 -0.0 0.0 -10.256383 -5.682474 -4.335156 11.002568 -11.294844 -2.36957 -1.379559 -14.234441 -6.317501 -0.621045 -26.90826 -3.834128 -4.65223 -50.562481 -3.193592 -13.673799 -7.362512 -3.714648 18.095762 -14.034088 -3.2401 0.003134 -18.767324 -0.005242 -0.425706 -8.439127 2.545728 -0.001569 -0.000437 -0.001389 -15.87569 -20.093653 -5.469325 30.34453 -7.179667 1.735422 0.000406 -8.160325 -0.003975 -1.849491 -22.844606 -6.173724 -0.005537 -0.012419 -0.000863 173.095734 -10.440276 2.345381 71.169968 -0.220033 -0.031403 -64.579712 -5.671719 -8.13013 -11.914649 1.624536 2.195963 -0.98731 0.001626 -0.000284 0.639075 13.35634 -5.388964 16.574467 -0.003648 -0.250752 -79.710152 -13.388669 0.773603 -6.587133 0.747848 1.696248 -0.996798 0.002044 9e-06 
0.0 0.0 0.0 0.0 -0.0 0.0 -2.356709 98.12178 83.1539 84.934708 8.749846 94.121727 2.797426 2.004526 0.187679 -9.48455 -0.200771 0.069838 18.13632 1.965918 -2.108108 22.581377 1.058199 2.877757 -2.673854 -0.627626 0.58892 -33.152145 0.44159 -0.295547 -0.002432 -0.000239 2.7e-05 0.011369 -0.007284 -0.031046 0.039712 -0.001816 -0.029803 0.033688 -0.019988 -0.018843 -100.177414 -73.38797 116.026924 21.472895 -73.396606 -4.55399 30.453909 0.401616 0.004621 -5.231452 15.487103 9.975358 17.66876 -26.378431 52.558113 -19.463093 -14.385998 29.432384 -9e-06 -8.770533 -0.00796 16.481396 -17.85972 5.987095 -0.613628 -1.788351 -3.893432 -4.806947 -11.042686 -2.941128 0.000239 -20.978424 0.000609 -5.016683 -25.047289 -4.028307 0.000132 -0.011365 0.000355 -10.643086 -5.681144 -3.573818 10.573733 -17.930656 -3.110182 0.001929 -13.821901 0.005065 -0.500192 -31.166512 -4.027376 -11.845587 -59.894764 7.96533 -13.991191 -7.138522 -2.887409 13.776545 -8.40566 -3.21611 0.338513 -34.23061 0.78608 -0.96126 -17.756212 2.626952 -0.002036 0.019371 7.8e-05 -17.343927 -20.095757 -4.225672 21.73995 -1.644048 3.876392 -0.000877 -6.340683 -0.000459 -1.693024 -22.596369 -6.198153 0.001219 -7.9e-05 0.001045 49.442753 -74.959885 147.934814 42.159138 -64.553535 -26.498476 22.771185 -0.052001 -0.024789 -4.67865 13.232001 2.290917 22.15937 -20.380991 49.978508 -16.68969 -16.707792 28.482138 -0.00162 -12.665941 0.003034 16.247904 -17.924526 2.655375 -0.096924 -1.507929 -4.277533 -5.028714 -5.618079 -2.953562 -0.001498 -11.021935 -0.002587 -6.094176 -15.903456 -3.837595 7.1e-05 0.003909 -0.00147 -10.259083 -5.68166 -4.342452 11.010323 -11.312233 -2.373691 -1.374186 -14.24872 -6.325002 -0.630643 -26.923567 -3.831026 -4.697907 -50.39896 -3.253607 -13.677514 -7.364533 -3.727429 18.100409 -14.053794 -3.236635 0.01482 -18.78614 -0.008234 -0.431863 -8.454507 2.550298 -0.005839 0.007902 -0.006352 -15.875133 -20.092089 -5.486384 30.347391 -7.19464 1.734505 -0.002747 -8.158538 -0.005512 -1.848149 -22.867956 -6.162227 -0.004716 0.003444 0.002967 167.979248 -7.876451 2.412731 68.49263 -0.06247 -0.179466 -68.185013 -7.624016 -8.205171 -12.043068 1.641371 2.145046 -0.992155 -0.001469 -0.000492 5.668911 12.283311 -3.468063 13.28543 0.060162 -0.194045 -80.997681 -12.983099 1.111466 -6.428424 0.780401 1.702519 -0.997288 0.0003 -0.000564 
0.0 0.0 0.0 0.0 -0.0 0.0 -2.252103 98.192947 87.449112 85.946007 8.503953 92.905617 3.12426 1.66773 0.311096 -9.370831 -0.162324 0.536079 18.152645 1.427627 -1.720164 22.558399 0.147916 2.930996 -2.685901 -0.556438 0.682988 -33.240532 0.515071 -0.409625 0.002173 0.000421 0.001219 0.016222 -0.013935 -0.055466 0.064643 -0.015299 -0.053593 0.061478 -0.021308 -0.050811 -101.890633 -72.141716 118.126976 18.103237 -72.590569 -2.006623 31.653084 0.284554 -0.023279 -5.05515 15.460069 9.690779 17.607092 -26.348135 52.533897 -19.432684 -14.392623 29.440462 0.003 -8.760175 0.000822 16.530567 -17.84012 5.938162 -0.612804 -1.786008 -3.886156 -4.802812 -11.029442 -2.937319 -0.002936 -20.942022 0.004712 -5.020497 -24.995729 -4.031473 0.001119 0.008073 -0.000852 -10.629886 -5.668639 -3.564977 10.560051 -17.896017 -3.108186 -0.003306 -13.794573 0.001103 -0.508776 -31.092363 -4.016959 -11.752509 -59.825089 7.893673 -13.975547 -7.126236 -2.872261 13.760654 -8.39465 -3.218452 0.337686 -34.142162 0.779681 -0.964821 -17.704973 2.62139 -0.001452 0.000132 0.002488 -17.327826 -20.055828 -4.209198 21.729086 -1.639205 3.864111 0.001127 -6.325819 0.002692 -1.705073 -22.532598 -6.185744 -0.000386 -0.006233 3e-05 49.840782 -75.850121 146.863464 46.439548 -63.357738 -29.427303 24.703112 -0.106862 -0.070603 -4.362141 12.889329 2.657558 22.192183 -20.423496 50.026131 -16.660686 -16.751535 28.47982 -0.001372 -12.682255 0.00255 16.10021 -17.981192 2.693657 -0.10155 -1.489838 -4.271866 -5.040509 -5.611816 -2.955465 0.006368 -10.993368 0.004116 -6.117729 -15.860006 -3.842015 0.001359 -0.002977 0.00187 -10.280493 -5.652802 -4.341616 11.037174 -11.28156 -2.362901 -1.391059 -14.203246 -6.316861 -0.633656 -26.839043 -3.800936 -4.708604 -50.029289 -3.351986 -13.70229 -7.350528 -3.730464 18.144308 -14.011267 -3.224985 -0.016849 -18.742439 0.01538 -0.433343 -8.435357 2.576411 0.004574 -0.010795 -0.007488 -15.918663 -20.044924 -5.481618 30.441307 -7.186654 1.743008 -0.005235 -8.147697 0.007889 -1.870642 -22.830191 -6.146952 -0.012416 0.010074 -0.001207 163.48027 -5.770554 1.922643 62.377563 -0.020623 -0.253021 -70.563126 -9.054676 -8.509114 -12.159892 1.703918 2.118106 -0.994342 0.000773 0.001008 10.301651 11.153429 -1.783504 9.742573 0.098111 -0.171349 -82.159073 -12.472873 1.407209 -6.144963 0.74993 1.695701 -1.000791 0.001112 0.000708 
0.0 0.0 0.0 0.0 -0.0 0.0 -2.111079 97.979233 91.652733 86.674316 7.987686 91.778969 3.258096 1.458317 0.333362 -9.336029 -0.116307 0.864632 18.255358 1.1211 -1.346458 22.334314 -0.885551 2.861151 -2.698216 -0.449981 0.79904 -33.678974 0.538265 -0.275767 -0.00109 0.000107 -0.001354 0.023614 -0.016024 -0.062974 0.068896 -0.023707 -0.061702 0.071974 -0.015726 -0.062352 -103.202644 -71.797424 119.674271 15.950302 -72.869606 -0.452132 32.507603 0.195209 -0.025159 -5.114825 15.45602 9.678892 17.611164 -26.304735 52.348354 -19.445763 -14.381173 29.370995 -0.002345 -8.765888 0.002063 16.599674 -17.876017 5.933226 -0.610178 -1.791262 -3.886075 -4.797352 -11.043878 -2.930564 -0.000918 -20.967409 0.004013 -5.015206 -25.015686 -4.01569 -0.00171 -0.001912 -0.000523 -10.623501 -5.683561 -3.55473 10.560117 -17.914995 -3.108333 0.000441 -13.822624 0.000231 -0.502265 -31.189554 -4.016879 -11.642752 -60.038345 7.856087 -13.970399 -7.145172 -2.867677 13.753662 -8.398719 -3.214124 0.344615 -34.183319 0.774029 -0.960464 -17.737009 2.616966 0.003541 0.000792 0.003541 -17.328896 -20.071165 -4.188825 21.723726 -1.645837 3.856645 0.00048 -6.335907 -0.002812 -1.69506 -22.573496 -6.183191 0.001544 -0.006189 -0.000274 51.760525 -77.590576 145.168945 50.890564 -62.491035 -32.43528 26.441843 -0.095687 -0.105781 -4.228839 12.755025 3.197327 22.190338 -20.40938 49.950241 -16.709139 -16.718596 28.478233 -0.003742 -12.683856 -0.002064 15.973495 -17.97415 2.720884 -0.094094 -1.519179 -4.274751 -5.036501 -5.618913 -2.956206 -0.000444 -11.028093 -0.003589 -6.111274 -15.91916 -3.831605 0.000511 0.003508 -0.004438 -10.270771 -5.68705 -4.340703 11.023025 -11.312171 -2.371754 -1.383258 -14.243046 -6.31245 -0.62698 -26.934015 -3.817919 -4.637189 -50.127235 -3.561681 -13.69228 -7.373631 -3.722534 18.141153 -14.070298 -3.241231 -0.00149 -18.811155 -0.001193 -0.420571 -8.465308 2.549269 0.002574 0.002444 0.005032 -15.907398 -20.115364 -5.478117 30.41818 -7.201496 1.737258 -0.003203 -8.165367 0.003238 -1.850167 -22.873993 -6.184489 -0.001827 -0.001043 0.00134 160.056641 -4.366006 1.173174 52.717697 -0.007898 -0.235024 -71.52977 -10.175479 -8.751143 -11.916469 1.832765 2.121499 -0.991076 0.001496 0.001498 14.13996 10.17121 -0.600095 6.885295 0.083362 -0.221128 -83.265678 -11.836409 1.556363 -5.912574 0.682556 1.678081 -0.993906 -0.001859 -0.000361 
0.0 0.0 0.0 0.0 -0.0 0.0 -1.986574 97.509598 95.94281 86.976799 7.393564 90.58857 3.237747 1.486374 0.290161 -9.318928 -0.077609 1.127776 18.377319 0.981837 -1.022964 21.936258 -1.941282 2.729107 -2.670606 -0.330549 0.947394 -34.478672 0.507681 0.06842 -0.001473 -0.000278 3.9e-05 0.040184 -0.005731 -0.016634 0.10999 -0.022156 -0.00412 0.121683 0.002293 -0.03212 -103.960838 -70.998566 120.649857 14.302936 -72.785461 0.248165 32.657673 0.094711 0.011466 -5.149693 15.377557 9.709309 17.64489 -26.325926 52.434132 -19.442291 -14.405118 29.395485 -0.00054 -8.776866 0.001605 16.583658 -17.760168 5.937284 -0.608919 -1.798615 -3.88908 -4.807522 -11.037096 -2.933882 -0.000557 -20.964411 0.00262 -5.017818 -25.005806 -4.02263 0.001731 0.004898 -0.000674 -10.63648 -5.676313 -3.559096 10.570974 -17.913639 -3.110466 -0.002743 -13.811604 0.003454 -0.510066 -31.157305 -4.020112 -11.366981 -59.714027 7.614776 -13.982936 -7.145803 -2.868521 13.768756 -8.403032 -3.215664 0.341165 -34.209206 0.779428 -0.965919 -17.745417 2.625716 -0.000311 0.019969 0.003539 -17.345808 -20.077383 -4.195856 21.745708 -1.645082 3.862129 0.001605 -6.329672 0.000688 -1.703059 -22.551531 -6.174087 -0.000569 3.5e-05 -0.000191 52.29652 -78.61042 143.935532 54.391743 -61.152103 -34.927048 27.801195 0.001858 -0.064857 -4.195557 12.826243 3.766274 22.159842 -20.305534 49.848526 -16.679533 -16.751255 28.43582 0.003165 -12.686244 0.006438 15.736247 -17.888748 2.708086 -0.106866 -1.509954 -4.27481 -5.037469 -5.604464 -2.942317 0.00365 -11.003271 -0.004055 -6.115325 -15.874824 -3.832008 0.00054 -0.002937 -0.003374 -10.276521 -5.662629 -4.332278 11.029997 -11.287812 -2.37373 -1.392849 -14.217827 -6.312187 -0.626286 -26.865324 -3.814626 -4.590695 -49.542522 -3.739338 -13.70615 -7.353339 -3.713289 18.131504 -14.027384 -3.240462 0.006015 -18.749731 -0.002536 -0.434588 -8.435661 2.547492 -0.000316 0.004621 -0.001994 -15.926604 -20.068556 -5.462921 30.429182 -7.176204 1.737223 0.008179 -8.157703 0.004542 -1.869859 -22.821955 -6.150391 -0.006956 -0.008091 -0.007166 158.399567 -3.741938 0.251425 39.281353 0.031193 -0.24929 -70.388687 -10.636227 -8.788733 -11.179819 1.942833 2.117955 -1.0101 0.000599 0.000656 17.089729 9.41252 0.142246 5.618145 0.081095 -0.358936 -85.041672 -10.95057 1.538453 -6.036489 0.628597 1.655425 -0.992271 -0.000368 0.000477 
0.0 0.0 0.0 0.0 -0.0 0.0 -1.688283 96.900711 100.446495 86.948654 6.969269 89.386703 3.284491 1.734886 0.334418 -9.399902 -0.054005 1.310574 18.577873 0.959188 -0.841787 21.540066 -2.950449 2.681747 -2.628371 -0.300113 1.329 -35.330971 0.402945 0.254573 -3.6e-05 -0.0 -0.001369 0.062073 0.025067 0.114429 0.177765 -0.000704 0.134466 0.175892 0.041528 0.086661 -104.310547 -70.549271 120.988419 12.443716 -73.245934 1.103976 32.506313 -0.155024 0.067405 -5.223214 15.390615 10.02949 17.656942 -26.325317 52.427338 -19.47064 -14.420985 29.423174 0.002969 -8.792354 -0.004004 16.712433 -17.599232 5.835676 -0.61062 -1.802602 -3.887062 -4.81504 -11.028859 -2.937466 -0.001855 -20.952831 0.001416 -5.022098 -24.999336 -4.038712 -0.001748 -0.011154 0.00153 -10.654499 -5.688192 -3.556653 10.590737 -17.913748 -3.113381 -0.000755 -13.815273 0.00329 -0.511365 -31.139013 -4.024366 -11.198229 -59.450745 7.512904 -14.006556 -7.150784 -2.863749 13.792196 -8.391981 -3.222732 0.340982 -34.195026 0.781115 -0.967956 -17.694199 2.625525 0.002927 -0.010053 -0.001609 -17.376389 -20.089037 -4.193619 21.786058 -1.638407 3.86918 -0.003062 -6.330842 0.000869 -1.708754 -22.569706 -6.184138 -1e-06 0.000146 -0.00019 53.720654 -80.241936 142.97966 58.06284 -60.114498 -37.693123 28.825605 0.209954 0.002851 -4.127636 13.217055 3.973306 22.231689 -20.407635 49.986961 -16.699671 -16.752951 28.486334 0.001075 -12.693187 -0.005933 15.505405 -17.810848 2.747642 -0.111628 -1.509724 -4.272699 -5.029734 -5.616099 -2.957661 -0.006286 -11.014909 0.003359 -6.120245 -15.895274 -3.84201 9e-05 -0.000739 0.001703 -10.299411 -5.674896 -4.336948 11.050756 -11.30714 -2.377946 -1.391613 -14.243003 -6.326884 -0.614891 -26.93775 -3.828492 -4.526083 -49.1199 -3.79557 -13.730187 -7.358163 -3.718148 18.162046 -14.042712 -3.242968 -0.0011 -18.778988 0.007037 -0.430596 -8.472021 2.567132 0.001827 0.007757 -0.003914 -15.943653 -20.093506 -5.479673 30.459082 -7.197115 1.74443 0.0012 -8.169394 0.000786 -1.86505 -22.846472 -6.167361 0.001759 -0.005763 -0.005912 158.498444 -3.708152 -0.516744 24.201624 0.105785 -0.251432 -69.78878 -9.326894 -9.484075 -11.205872 2.061534 2.009864 -1.003197 -0.003444 -0.001965 19.696693 8.871294 0.341164 5.471879 0.039163 -0.346883 -86.445175 -9.907516 1.184156 -6.511918 0.618638 1.655465 -1.003769 -0.004053 -0.000525 
0.0 0.0 0.0 0.0 -0.0 0.0 -1.332873 96.196831 105.162224 86.721237 6.525176 88.125114 3.028457 2.02099 0.397484 -9.482513 0.046324 1.436582 18.772406 1.108441 -0.699045 21.008371 -3.9019 2.551804 -2.531889 -0.321032 1.886621 -35.755707 0.300951 0.422645 -0.002732 0.000385 -0.000171 0.078512 0.041487 0.17971 0.206615 0.004209 0.21003 0.227968 0.067904 0.132555 -104.96209 -69.819847 121.727036 10.815144 -73.356133 1.703265 31.772411 -0.320935 0.089526 -5.027494 15.449255 9.743435 17.632408 -26.315718 52.399418 -19.448994 -14.388386 29.390945 -0.002228 -8.769677 0.003124 16.861677 -17.478273 5.690927 -0.611034 -1.793381 -3.890754 -4.803463 -11.023211 -2.933445 0.000866 -20.958466 0.003865 -5.013103 -24.975643 -4.021963 -0.000124 0.000234 0.00187 -10.628908 -5.670793 -3.562278 10.567327 -17.909098 -3.110626 -0.000754 -13.814954 0.00377 -0.507597 -31.164579 -4.020384 -11.528599 -59.785404 7.791034 -13.974139 -7.132424 -2.874566 13.757891 -8.397821 -3.212466 0.344529 -34.17046 0.778531 -0.964435 -17.704523 2.620979 -0.000272 -2.6e-05 0.0 -17.327848 -20.064392 -4.203774 21.72583 -1.641619 3.859842 -0.000782 -6.331665 0.000495 -1.696586 -22.555569 -6.178806 0.000731 -0.006146 -0.000589 54.368462 -81.038185 141.892838 60.308651 -59.094635 -39.140644 29.472639 0.488088 -0.049283 -3.971192 13.76358 4.282032 22.16139 -20.310987 49.85107 -16.708794 -16.751196 28.449924 -0.008519 -12.677671 0.006574 15.365742 -17.777784 2.90085 -0.099025 -1.517586 -4.282161 -5.031957 -5.600957 -2.945385 0.012921 -11.01713 -0.003625 -6.123752 -15.897572 -3.831465 0.00667 -0.003081 0.003776 -10.269536 -5.662261 -4.334821 11.015618 -11.306396 -2.382177 -1.379145 -14.234553 -6.305025 -0.619749 -26.885462 -3.836648 -4.419572 -48.890415 -3.784736 -13.683943 -7.35133 -3.712689 18.124249 -14.04382 -3.257182 -0.005851 -18.780127 0.000555 -0.43392 -8.444224 2.551235 0.000479 0.009175 -0.004803 -15.891081 -20.079617 -5.471103 30.388222 -7.191846 1.720437 0.010742 -8.152301 -0.010138 -1.844377 -22.832819 -6.18077 -0.001651 -0.002242 -0.002618 159.406952 -3.812277 -1.40381 9.81195 0.113716 -0.250508 -69.855644 -7.034823 -11.271666 -11.556896 1.996039 1.882164 -0.998615 -0.00144 0.000626 22.336826 8.319348 0.291054 5.45892 0.016168 -0.360937 -86.81263 -8.283814 0.526043 -7.447397 0.596341 1.637685 -0.992883 0.001537 0.001408 
0.0 0.0 0.0 0.0 -0.0 0.0 -0.870126 95.605881 109.923508 86.658409 6.070801 87.196938 2.586664 2.183394 0.427188 -9.624203 0.121644 1.296087 19.138025 1.3649 -0.420595 20.416374 -4.766356 2.487178 -2.458557 -0.38822 2.170663 -36.101299 0.311138 0.571506 0.000493 0.000241 5.4e-05 0.092152 0.045221 0.188463 0.189783 0.012573 0.197559 0.204218 0.062151 0.159425 -107.460381 -69.157249 124.512093 10.400972 -73.087952 0.969599 30.879084 -0.271005 0.079868 -4.636819 15.538582 9.060593 17.599522 -26.255594 52.352047 -19.43675 -14.385547 29.371931 -0.000645 -8.767724 0.001498 16.70537 -17.402212 5.621686 -0.609938 -1.792749 -3.888546 -4.805535 -11.024891 -2.930851 0.003411 -20.953392 -0.002622 -5.012945 -25.007465 -4.02819 0.001771 0.011201 0.000874 -10.626089 -5.674115 -3.557278 10.560404 -17.886662 -3.114814 0.000863 -13.790727 -0.002611 -0.497337 -31.114349 -4.021194 -11.408539 -59.611031 7.575292 -13.971839 -7.139454 -2.867487 13.761402 -8.389622 -3.220181 0.352942 -34.178352 0.761187 -0.956792 -17.694103 2.611351 0.000941 -0.009736 0.002547 -17.335188 -20.0606 -4.199418 21.743258 -1.640453 3.858024 -0.000625 -6.330595 -0.001119 -1.695027 -22.555338 -6.191389 0.000717 0.006253 -0.000601 53.606709 -81.108398 142.200394 60.599884 -58.360424 -38.680607 30.197567 0.407798 -0.079757 -3.666717 14.083233 4.754193 22.165331 -20.358841 49.913876 -16.661846 -16.763063 28.447317 0.007911 -12.687683 0.002859 15.429968 -17.873827 2.786607 -0.103626 -1.515432 -4.275023 -5.035013 -5.606695 -2.952393 -0.005683 -11.002462 0.010268 -6.111165 -15.871435 -3.824863 -4.3e-05 0.002251 0.000717 -10.269259 -5.671285 -4.332372 11.021887 -11.277329 -2.36939 -1.389251 -14.208032 -6.310122 -0.647802 -26.853477 -3.821532 -4.379251 -48.700668 -4.008309 -13.694741 -7.359648 -3.711405 18.12439 -14.012616 -3.231401 -0.006293 -18.750626 0.005534 -0.445205 -8.433378 2.551553 0.003477 -0.006953 -0.00123 -15.932577 -20.084843 -5.466736 30.446375 -7.176219 1.736417 -0.00243 -8.153718 0.006216 -1.867639 -22.855698 -6.170763 0.0151 -0.002954 0.000835 158.840897 -3.525621 -2.867578 3.273678 0.060269 -0.231664 -71.125374 -6.495483 -13.521275 -11.487082 1.941001 1.80074 -0.985907 -0.002171 0.002123 25.168873 7.487598 -0.165914 5.373755 0.001322 -0.290801 -85.841843 -6.65631 -0.628188 -9.892983 0.63491 1.603945 -0.986297 -0.005623 0.0 
0.0 0.0 0.0 0.0 -0.0 0.0 -0.433514 95.27607 115.064095 87.138893 5.816301 86.654655 2.199912 2.023703 0.416454 -9.874906 0.127574 1.20683 19.42063 1.362452 -0.33633 20.156744 -5.28371 2.508171 -2.426903 -0.399694 2.253034 -36.362091 0.415603 0.62802 0.000389 -0.000923 -0.001565 0.111736 0.050163 0.215336 0.140897 0.02355 0.202993 0.148954 0.062286 0.207992 -109.147575 -69.05719 126.359253 10.007443 -73.360886 0.376668 29.825972 -0.312778 0.019595 -4.520931 15.949339 8.12227 17.659185 -26.39863 52.565334 -19.527306 -14.420392 29.491259 0.000536 -8.795663 0.001391 16.871866 -17.61508 5.601898 -0.610462 -1.797911 -3.898273 -4.810084 -11.065643 -2.942202 0.002042 -21.022686 -0.002086 -5.021346 -25.092751 -4.041332 0.00066 -3e-06 -0.002171 -10.646935 -5.701004 -3.569375 10.587082 -17.964556 -3.124655 0.000695 -13.862365 -0.002908 -0.496757 -31.261297 -4.038208 -11.561597 -60.049789 7.63649 -14.00251 -7.170596 -2.876889 13.795013 -8.412878 -3.229992 0.351982 -34.326672 0.765107 -0.962615 -17.794535 2.62302 0.001151 -0.009077 0.00081 -17.379059 -20.158878 -4.204526 21.790897 -1.631005 3.869921 0.000746 -6.351452 -0.000871 -1.695041 -22.649479 -6.203798 -0.000212 0.006739 0.000176 54.990963 -81.949768 141.777756 60.783829 -58.507717 -38.386242 30.776724 0.156574 -0.142835 -3.36326 14.304897 4.970739 22.234591 -20.380461 49.977253 -16.734692 -16.770605 28.512798 0.0073 -12.716484 -0.00118 15.540269 -17.881346 2.653745 -0.09496 -1.515472 -4.282223 -5.057788 -5.622619 -2.959367 -0.000764 -11.029836 0.004015 -6.121132 -15.910161 -3.855484 -0.005752 0.001446 -0.006079 -10.300019 -5.694962 -4.347059 11.054363 -11.316364 -2.378536 -1.402545 -14.258823 -6.326953 -0.629401 -26.966133 -3.850423 -4.276203 -49.163898 -4.158238 -13.731135 -7.386496 -3.721534 18.165361 -14.064972 -3.243073 0.013593 -18.824785 -0.009115 -0.445473 -8.462679 2.550516 0.006315 0.000761 0.011485 -15.967387 -20.135098 -5.47266 30.505787 -7.193829 1.733153 -0.012834 -8.168795 -0.00136 -1.860774 -22.886757 -6.197865 -0.008574 0.00405 -0.001675 158.612656 -2.509384 -4.961062 3.569422 0.05547 -0.372623 -71.571289 -6.075414 -14.154078 -11.876558 1.965442 1.746743 -1.003238 0.003014 0.001495 28.028715 6.097108 -1.144938 5.699855 -0.03791 -0.13717 -82.41758 -5.297102 -1.847268 -13.779273 0.735072 1.564138 -0.997815 -0.002762 -0.001144 
0.0 0.0 0.0 0.0 -0.0 0.0 0.153874 95.089432 120.810699 88.673409 5.433263 86.257637 1.609165 1.183089 0.49466 -10.221704 0.074158 1.246915 19.315561 0.902633 -0.37183 20.050373 -5.434162 2.618434 -2.375099 -0.270541 2.1939 -36.035759 0.527597 0.630008 0.000653 -0.000153 0.000798 0.115378 0.058972 0.234577 0.143916 0.041445 0.214217 0.163333 0.062653 0.240319 -111.155937 -68.427551 128.50293 8.597228 -72.348633 1.002534 28.80356 -0.238687 0.038286 -4.780472 16.153563 7.280213 17.638838 -26.30098 52.369091 -19.45903 -14.399818 29.380938 0.000611 -8.765214 0.000321 16.983957 -17.706327 5.598485 -0.609964 -1.799149 -3.891399 -4.805527 -11.051923 -2.933666 -0.001055 -20.968393 -0.003192 -5.014465 -25.015629 -4.024907 -0.0048 -0.010874 -0.002727 -10.636097 -5.694496 -3.5604 10.573093 -17.923023 -3.110038 -9.4e-05 -13.819688 -0.000922 -0.506483 -31.160004 -4.026186 -11.721446 -60.018261 7.69761 -13.985042 -7.149129 -2.868764 13.768419 -8.40232 -3.217855 0.348448 -34.212986 0.766692 -0.961728 -17.744003 2.615926 -0.000639 0.010231 -0.000558 -17.347681 -20.097565 -4.197473 21.754818 -1.638219 3.866424 -0.000753 -6.33481 -0.001511 -1.70002 -22.559147 -6.191354 1.6e-05 -0.006779 -0.001515 52.984367 -81.09095 142.954941 59.111038 -59.063896 -36.393108 30.888748 0.143982 -0.080515 -3.289732 14.190838 4.367805 22.187603 -20.305613 49.887081 -16.709965 -16.735004 28.43335 -0.001476 -12.690888 -0.005288 15.565618 -17.842098 2.631107 -0.083143 -1.502387 -4.268827 -5.057934 -5.61551 -2.952604 -0.004326 -11.023973 -0.00821 -6.106664 -15.906513 -3.840477 0.005713 7e-06 0.00988 -10.286216 -5.668922 -4.330988 11.028168 -11.299136 -2.381732 -1.38578 -14.228177 -6.314664 -0.629631 -26.912062 -3.843588 -4.109826 -49.336216 -4.285161 -13.710206 -7.357248 -3.710598 18.153965 -14.042795 -3.241995 -0.01043 -18.780121 -0.01382 -0.407918 -8.455683 2.529716 -0.011113 -0.001332 0.001858 -15.931188 -20.081816 -5.463192 30.402319 -7.199429 1.735174 -0.001465 -8.148554 -0.003751 -1.854151 -22.842352 -6.154963 0.000188 0.00349 -0.00698 159.167572 -0.272338 -6.358524 6.957116 0.124868 -0.580095 -69.711403 -5.933343 -11.530292 -12.502398 1.953513 1.787344 -0.986911 -0.003021 0.003516 29.636597 3.54368 -3.074324 7.804839 -0.06765 0.082477 -78.120766 -3.715462 -3.024092 -19.339186 0.888038 1.509651 -0.993995 -0.005839 -0.000827 
0.0 0.0 0.0 0.0 -0.0 0.0 0.791427 95.188332 126.937317 91.441238 4.753024 86.005196 0.728186 -0.224011 0.48244 -10.588701 -0.075909 1.586437 19.008841 -0.177894 -0.336597 19.968409 -5.179076 2.811993 -2.401415 -0.1987 1.845455 -35.334511 0.596024 0.544375 -0.000256 0.000601 0.003334 0.085819 0.041635 0.137792 0.117732 0.017389 0.116791 0.126211 0.055376 0.142166 -114.817268 -67.913902 132.001938 6.493151 -70.928467 2.527029 27.97296 0.022818 0.126072 -5.167021 16.440451 6.655534 17.625078 -26.30477 52.439674 -19.503843 -14.418685 29.423475 -0.00364 -8.787113 0.002244 16.976593 -17.637207 5.601282 -0.608358 -1.777948 -3.889356 -4.809758 -11.052995 -2.936339 0.009257 -20.997326 -0.002536 -5.027408 -25.074152 -4.041582 0.002515 0.004412 0.00506 -10.641236 -5.664617 -3.56004 10.582215 -17.922665 -3.123443 0.002972 -13.810294 -0.003542 -0.49249 -31.127474 -4.029912 -11.883165 -59.991634 7.961351 -13.995255 -7.128683 -2.869132 13.791151 -8.399883 -3.22848 0.361418 -34.182335 0.75817 -0.956215 -17.713804 2.617673 -0.000142 -0.010286 -0.00076 -17.355604 -20.084242 -4.197434 21.770744 -1.634617 3.855956 0.000588 -6.335697 -0.001853 -1.694212 -22.571377 -6.194009 0.0 -0.005778 -0.00013 48.63158 -79.985901 147.096344 55.688599 -59.94939 -33.140766 30.36405 0.132541 -0.020709 -3.556993 13.803965 3.385216 22.182911 -20.361401 49.929466 -16.660433 -16.765793 28.43388 0.009405 -12.69598 0.004533 15.632565 -17.926916 2.595955 -0.098704 -1.496612 -4.270421 -5.046693 -5.608097 -2.943141 -0.00496 -11.000381 -0.004842 -6.132038 -15.873981 -3.833635 0.007515 0.004242 -0.002264 -10.289801 -5.679798 -4.332339 11.020937 -11.26896 -2.370051 -1.395353 -14.20849 -6.306766 -0.649553 -26.869268 -3.831234 -4.222528 -49.240337 -4.217597 -13.71637 -7.352641 -3.708813 18.127224 -14.015387 -3.237305 -0.00065 -18.748814 0.006494 -0.430874 -8.436585 2.548177 0.000246 -0.004071 0.00179 -15.944304 -20.064114 -5.461729 30.445223 -7.164465 1.74062 -0.007193 -8.142334 0.000101 -1.877665 -22.827087 -6.166969 -0.004177 0.000681 0.004224 158.65567 3.384506 -6.123399 11.511779 0.10377 -0.736167 -64.418762 -7.859307 -7.185706 -11.711679 1.80013 1.915693 -1.005052 0.000875 0.00015 29.181608 -0.418654 -6.06154 12.647101 -0.188599 0.402001 -72.473587 -1.798814 -4.286881 -27.492422 1.117756 1.495063 -0.992624 0.001511 -0.000127 
0.0 0.0 0.0 0.0 -0.0 0.0 1.417238 95.358406 132.933289 94.122169 4.428842 86.021118 0.103739 -1.25359 0.382077 -10.871477 -0.299746 2.04446 18.599569 -1.639428 -0.375477 19.762775 -4.706804 2.982297 -2.395202 -0.281518 1.167464 -34.915077 0.759614 0.601626 1.8e-05 -0.000218 -0.0 0.043771 0.007187 0.027994 0.082288 -0.019595 0.013624 0.077135 0.021787 0.030454 -116.69989 -67.746117 133.649506 5.315666 -70.004089 3.080685 26.935688 0.077406 0.135671 -5.349753 16.74679 6.653215 17.633968 -26.322977 52.457508 -19.45426 -14.373302 29.409702 -8e-05 -8.766826 -0.003142 16.978128 -17.559139 5.519432 -0.612745 -1.780632 -3.892075 -4.803824 -11.040068 -2.934273 -0.000123 -20.937996 -0.002447 -5.001345 -24.955994 -4.036589 -0.005677 -0.018499 0.004201 -10.628889 -5.672716 -3.569843 10.563683 -17.911736 -3.110758 -0.001075 -13.817329 0.000137 -0.502266 -31.1817 -4.027891 -11.679426 -59.951145 7.688962 -13.974365 -7.13778 -2.885065 13.759335 -8.394848 -3.207619 0.348515 -34.166878 0.771674 -0.963671 -17.71912 2.622994 0.00013 0.001025 -0.000674 -17.327564 -20.074654 -4.218325 21.728807 -1.640074 3.872838 -0.000378 -6.338356 0.001512 -1.692511 -22.585615 -6.194007 2e-06 0.011205 0.001908 48.100433 -79.293251 147.629166 53.339958 -61.788208 -31.390871 29.058819 0.196281 0.072512 -3.888635 13.331013 2.146196 22.205481 -20.442379 50.046215 -16.718613 -16.730743 28.522427 -0.005313 -12.686624 -0.000568 15.909429 -17.732477 2.48622 -0.10568 -1.518009 -4.284193 -5.035317 -5.616577 -2.960974 0.009537 -11.031688 4.8e-05 -6.097642 -15.922811 -3.840949 0.0 -0.0 0.0 -10.282726 -5.684741 -4.347733 11.051593 -11.318287 -2.380237 -1.378259 -14.26687 -6.323316 -0.635729 -26.952942 -3.815849 -4.206206 -49.609592 -4.054498 -13.694925 -7.36659 -3.733814 18.140745 -14.065519 -3.232377 0.016544 -18.795166 -0.006052 -0.420472 -8.454963 2.552839 -0.004897 0.00044 -0.002461 -15.900868 -20.106174 -5.495787 30.406261 -7.207966 1.74169 0.000911 -8.169475 0.002933 -1.851823 -22.893377 -6.149265 0.009917 0.002971 0.00112 158.282349 7.03583 -5.571292 16.817291 -0.0354 -0.78042 -63.138523 -9.801201 -4.5569 -9.904603 1.687524 2.002876 -0.996546 0.000391 0.003578 26.815712 -4.484686 -8.03133 20.855333 -0.395706 0.67858 -64.053658 -0.718403 -5.216399 -36.266495 1.287069 1.459296 -1.001898 -0.002892 -0.001305 
0.0 0.0 0.0 0.0 -0.0 0.0 1.995962 95.752365 138.723785 96.168732 4.70097 86.379356 -0.075394 -1.870213 0.313215 -10.858965 -0.478112 2.359461 18.3675 -2.934213 -0.679986 19.726742 -4.347379 2.995824 -2.541272 -0.388129 0.78212 -34.990173 0.806452 0.418313 0.006778 -0.000222 -0.002754 0.056415 -0.036369 -0.085249 0.029242 -0.03794 -0.109241 0.053128 -0.046584 -0.06792 -116.478294 -68.422859 133.425247 5.588669 -70.515923 2.39285 26.378315 0.062216 0.057009 -5.38864 16.888725 6.962465 17.661329 -26.389153 52.443722 -19.46917 -14.387001 29.431927 0.003516 -8.776724 -0.002471 16.845358 -17.563055 5.817608 -0.610251 -1.792543 -3.894706 -4.813256 -11.076324 -2.931857 -0.007024 -21.034904 0.011657 -5.030554 -25.094242 -4.019718 0.004059 0.000254 0.003601 -10.639107 -5.69315 -3.569367 10.574593 -17.974142 -3.10555 -0.005168 -13.868197 0.002607 -0.517047 -31.306093 -4.024524 -12.219344 -60.537472 8.390733 -13.987677 -7.16388 -2.875193 13.771684 -8.422359 -3.214856 0.337445 -34.319172 0.783651 -0.968407 -17.785522 2.625042 0.000541 -2.7e-05 -0.001109 -17.347 -20.145792 -4.196731 21.744173 -1.633768 3.87051 0.000312 -6.357302 -5.1e-05 -1.69555 -22.653141 -6.198044 0.000149 -0.0 0.002308 50.475536 -79.65522 146.293304 52.744537 -63.972469 -31.020847 27.24745 0.402605 0.060056 -4.323003 12.725581 0.840813 22.188936 -20.40906 50.005638 -16.746006 -16.765566 28.537088 -0.005048 -12.695202 0.00234 16.099371 -17.788532 2.509243 -0.107532 -1.5184 -4.284344 -5.036877 -5.612329 -2.956942 0.000719 -11.034125 -0.002344 -6.106975 -15.907923 -3.845181 0.002707 0.009432 0.003373 -10.291091 -5.686616 -4.345817 11.044335 -11.312688 -2.383647 -1.392721 -14.256063 -6.331102 -0.613513 -26.983128 -3.834731 -4.189947 -49.628971 -3.81459 -13.714376 -7.371499 -3.733668 18.14769 -14.067205 -3.242869 0.003893 -18.801142 -0.013961 -0.42606 -8.469566 2.558432 0.003715 0.011005 0.012162 -15.925921 -20.122766 -5.490009 30.433031 -7.203075 1.729512 0.021515 -8.178723 -0.003919 -1.861274 -22.902573 -6.18308 0.007094 0.009044 0.007289 159.92627 10.065546 -5.179045 20.363674 -0.109968 -0.718693 -65.266083 -11.418906 -2.500072 -8.477411 1.654572 2.015681 -0.995192 0.002677 0.000952 22.623659 -8.197371 -8.490283 32.095642 -0.460111 0.856715 -52.343285 -0.13596 -6.637356 -38.738544 1.240464 1.485525 -1.00478 0.001123 -0.002157 
0.0 0.0 0.0 0.0 -0.0 0.0 2.526168 96.261803 143.997787 97.613449 5.314241 86.368065 0.23251 -2.415501 0.404341 -10.732496 -0.649355 2.334171 18.153721 -3.696892 -0.830287 19.492039 -4.204498 3.048476 -2.552328 -0.519952 0.746711 -35.22802 0.616378 0.171814 0.002973 -0.000248 0.001979 0.02778 -0.014331 -0.041193 0.006254 0.006414 -0.063041 0.042333 -0.046402 -0.030308 -115.449921 -68.821175 132.528259 6.507462 -70.839508 1.877022 26.875208 0.202197 0.064421 -5.709584 16.426825 7.151885 17.621302 -26.346718 52.493668 -19.478889 -14.379741 29.447784 -0.003207 -8.77942 7e-06 16.616934 -17.451651 5.923106 -0.610224 -1.80373 -3.891856 -4.805314 -11.04599 -2.942147 -0.00398 -20.994881 -0.000328 -5.020445 -25.068922 -4.038454 0.002402 0.006689 -0.001817 -10.623886 -5.683894 -3.57032 10.556922 -17.93182 -3.11398 -0.000447 -13.823096 -0.004357 -0.494203 -31.192081 -4.033872 -12.373898 -60.261272 8.628938 -13.974987 -7.143427 -2.881634 13.759032 -8.409645 -3.216918 0.347344 -34.235516 0.765829 -0.962748 -17.739187 2.62 0.000114 -4e-06 -7.5e-05 -17.325497 -20.108313 -4.212159 21.727877 -1.632322 3.867316 -0.001333 -6.339474 -0.001136 -1.690315 -22.592838 -6.197707 0.0 0.005655 0.001824 52.564461 -79.448257 144.146439 52.594376 -65.269249 -30.564594 24.85347 0.443015 0.183991 -4.852477 11.625747 0.578427 22.163681 -20.357563 49.942047 -16.684082 -16.712175 28.460615 0.001171 -12.673178 -0.001533 16.134499 -17.855602 2.500395 -0.107967 -1.505363 -4.275103 -5.033492 -5.615348 -2.954152 0.002127 -11.024773 -0.002719 -6.088705 -15.903667 -3.83675 0.001094 -0.0 0.00151 -10.260666 -5.66819 -4.343027 10.997745 -11.304549 -2.368426 -1.381774 -14.236648 -6.320975 -0.622344 -26.913511 -3.826464 -4.109365 -49.437721 -4.026537 -13.684426 -7.356915 -3.724979 18.109995 -14.05193 -3.245353 0.001642 -18.777308 -0.004163 -0.431417 -8.444497 2.548302 0.001258 -0.00035 0.009178 -15.89552 -20.08861 -5.485157 30.355806 -7.193222 1.737402 0.021015 -8.161261 0.00152 -1.868097 -22.87097 -6.174802 0.009137 0.000153 0.003195 163.30899 12.290667 -5.2955 21.730398 -0.07663 -0.705136 -69.884422 -11.978688 -0.934298 -7.937014 1.626753 2.070233 -0.994771 -3.6e-05 -0.000307 16.452158 -11.304962 -7.098735 44.320389 -0.755254 0.853392 -38.472176 1.496588 -9.241112 -19.805803 0.872947 1.504799 -1.002437 0.001933 -0.000604 
0.0 0.0 0.0 0.0 -0.0 0.0 2.94364 96.659058 149.018448 98.575691 6.071687 86.307159 0.774047 -2.948437 0.413576 -10.492394 -0.843271 2.179701 18.12817 -4.060324 -1.12011 19.219717 -4.089847 3.268253 -2.56039 -0.500165 0.759972 -35.976231 0.224557 0.193892 -2e-05 0.000806 -0.000118 0.012929 0.011072 0.011996 0.025522 0.040104 0.002839 0.054427 -0.028758 0.015919 -113.524529 -69.415298 130.763519 9.333157 -71.389015 0.171766 28.228386 0.194067 0.035108 -5.89216 15.985607 7.583173 17.625364 -26.346321 52.521217 -19.458422 -14.391304 29.431303 -0.002838 -8.777178 0.000658 16.48081 -17.624371 6.032704 -0.611801 -1.794176 -3.895311 -4.806499 -11.038169 -2.939335 -8e-06 -20.967581 -0.00056 -5.018694 -25.012981 -4.028651 0.003731 -0.003277 0.004502 -10.632962 -5.680602 -3.570286 10.566978 -17.924143 -3.115671 0.00019 -13.817696 0.001196 -0.499481 -31.145233 -4.024545 -12.52427 -60.201828 8.794201 -13.985075 -7.148151 -2.880995 13.770461 -8.392721 -3.217469 0.346294 -34.212795 0.774793 -0.964054 -17.714554 2.623313 0.000875 -2e-06 0.000277 -17.342585 -20.098055 -4.217253 21.745348 -1.638602 3.870115 -0.001485 -6.337728 0.001081 -1.693272 -22.575827 -6.188564 -0.000473 0.000621 -0.000942 54.46957 -79.24765 142.606812 52.932434 -66.040382 -30.3475 22.75812 0.374578 0.220236 -5.276866 10.779058 2.033784 22.191858 -20.412933 50.004944 -16.726456 -16.753056 28.524136 -0.004209 -12.689754 0.000617 16.169689 -18.076025 2.538783 -0.099645 -1.521292 -4.280042 -5.02862 -5.608687 -2.952766 0.008544 -11.021929 -0.005003 -6.098094 -15.877576 -3.840538 -6.9e-05 -0.004095 -0.003637 -10.271315 -5.681085 -4.334988 11.030094 -11.306472 -2.378504 -1.382289 -14.238356 -6.325641 -0.616719 -26.902092 -3.820891 -3.985058 -49.404953 -4.121197 -13.694891 -7.366156 -3.721454 18.127649 -14.058892 -3.244484 0.007627 -18.770451 0.001753 -0.42756 -8.462056 2.552775 -0.003236 -0.013782 0.001978 -15.903884 -20.105717 -5.486249 30.410612 -7.198605 1.73586 -0.005974 -8.169012 0.000818 -1.846413 -22.857122 -6.155068 -0.009557 -0.000471 -0.002281 167.900406 13.957152 -5.315629 20.85491 -0.016097 -0.654182 -73.725319 -12.212757 -0.057366 -7.12128 1.576081 2.093702 -0.994189 0.003689 0.001013 9.64361 -13.149487 -4.595162 55.829887 -1.040981 0.746398 -34.953388 2.643227 -10.734474 -9.383314 0.754896 1.719607 -0.997933 -0.001628 -0.003742 
0.0 0.0 0.0 0.0 -0.0 0.0 3.222569 97.209511 153.638824 98.447395 6.887621 86.508614 1.437902 -3.037211 0.279517 -10.220846 -0.972463 1.900481 18.191202 -3.768027 -1.48404 19.232271 -4.049552 3.37068 -2.590886 -0.472714 0.934091 -36.418488 -0.227959 0.386341 -2.3e-05 0.0 0.000873 0.025851 0.015357 0.040246 -0.002775 0.035709 0.029611 0.040059 -0.013459 0.043972 -112.09465 -70.07563 129.275543 13.67117 -71.789848 -2.635806 29.508148 0.163853 0.004282 -5.573336 16.354818 8.453548 17.624632 -26.330462 52.404385 -19.441904 -14.344041 29.403368 0.000178 -8.751718 -0.004896 16.334352 -17.767376 6.161283 -0.611015 -1.798799 -3.890406 -4.797606 -11.05377 -2.93775 -0.00201 -20.99753 0.002903 -5.022094 -25.060602 -4.029083 0.002369 0.003713 0.001867 -10.608548 -5.689754 -3.569474 10.546997 -17.919483 -3.103833 -0.000386 -13.823698 0.000689 -0.499661 -31.170469 -4.024672 -12.67118 -60.461674 8.99001 -13.947812 -7.155656 -2.884058 13.730733 -8.390277 -3.203904 0.345799 -34.200325 0.773906 -0.965631 -17.756559 2.625013 -0.000175 0.00953 -0.001733 -17.308561 -20.086472 -4.212389 21.717138 -1.649697 3.869946 0.005607 -6.344408 -0.00164 -1.693476 -22.61455 -6.194428 -0.000439 -0.006322 -0.000317 55.25037 -78.978271 142.55275 52.756706 -66.520142 -29.822607 21.301641 0.468153 0.220719 -5.857649 10.699247 2.962323 22.219236 -20.430141 50.0466 -16.737278 -16.762339 28.536671 -0.00554 -12.706186 0.002773 16.234974 -18.260782 2.442338 -0.104885 -1.507909 -4.282472 -5.044373 -5.625348 -2.957477 0.005285 -11.037891 -0.003728 -6.113846 -15.925133 -3.842124 -4.6e-05 0.002579 0.001015 -10.288878 -5.674355 -4.346799 11.034399 -11.324646 -2.378757 -1.37745 -14.249531 -6.326726 -0.61894 -26.953594 -3.833579 -3.916387 -49.678349 -4.224994 -13.723845 -7.36868 -3.732858 18.178747 -14.081059 -3.249551 0.002686 -18.81772 -0.0029 -0.430571 -8.464638 2.555933 -0.008043 -0.008393 -0.002474 -15.936841 -20.117258 -5.491107 30.462238 -7.215173 1.736473 0.005598 -8.172417 0.000738 -1.840469 -22.920353 -6.177196 -0.005042 0.018563 0.001958 172.927536 14.472718 -4.471859 19.172003 0.011188 -0.58043 -76.27124 -12.391542 0.272008 -6.623834 1.529649 2.078294 -0.998171 -0.001256 -0.000359 3.215521 -12.903086 -2.225652 64.118835 -0.867811 0.557427 -40.488342 1.557765 -11.198765 -8.659578 0.726649 1.73563 -0.993869 0.000844 -0.012394 
0.0 0.0 0.0 0.0 -0.0 0.0 3.418758 97.868546 158.219025 97.337555 7.582901 87.00248 2.088856 -2.77378 0.068814 -9.901771 -0.991807 1.373811 18.117632 -2.872957 -1.821426 19.554159 -3.836945 3.302992 -2.576894 -0.519289 1.087923 -36.170963 -0.5637 0.649141 -0.003818 -0.000155 0.000499 0.021188 0.026191 0.085563 0.01073 0.022594 0.083004 0.052111 0.022789 0.082441 -110.740555 -70.539604 127.806267 19.141161 -71.697083 -6.740346 30.533911 0.098717 -0.003787 -4.862226 17.4027 9.579699 17.609579 -26.284744 52.3162 -19.415775 -14.368688 29.34643 -0.004381 -8.759284 8e-06 16.149693 -17.967052 6.248899 -0.604533 -1.797813 -3.884449 -4.796582 -11.011823 -2.922904 -0.003011 -20.901859 0.005296 -5.007911 -24.935375 -4.017562 0.000118 -0.007575 0.000947 -10.614221 -5.682417 -3.553788 10.545874 -17.881842 -3.104096 -0.002675 -13.789293 0.001203 -0.509879 -31.104586 -4.010158 -12.35669 -60.0662 8.725008 -13.95407 -7.136174 -2.864735 13.737265 -8.388718 -3.211483 0.34463 -34.14587 0.774025 -0.968396 -17.713114 2.625423 0.003119 -0.000167 0.001067 -17.306683 -20.058149 -4.195432 21.696493 -1.636151 3.85933 -0.003174 -6.323123 0.003646 -1.697006 -22.534576 -6.17589 -0.001744 0.011079 0.000491 54.214359 -77.511414 142.911026 50.294796 -66.351372 -27.760656 20.848848 0.612492 0.207049 -6.234158 10.969824 2.904201 22.167952 -20.309721 49.837475 -16.659737 -16.707293 28.389153 0.001162 -12.664269 -0.006388 16.342297 -18.217533 2.295899 -0.105976 -1.50875 -4.262316 -5.033243 -5.604735 -2.947867 0.001494 -10.998436 -0.001793 -6.108188 -15.868063 -3.839881 0.000568 6.3e-05 0.000714 -10.269664 -5.663161 -4.327549 11.007992 -11.272919 -2.363068 -1.383451 -14.201015 -6.303191 -0.623921 -26.833344 -3.813112 -3.908317 -49.457726 -4.314629 -13.689993 -7.347859 -3.709262 18.110317 -14.020619 -3.228815 -0.003379 -18.74198 0.003223 -0.419316 -8.448606 2.555347 -0.002236 0.01103 -0.002877 -15.90701 -20.050341 -5.460466 30.383015 -7.179321 1.74629 -0.001036 -8.135093 -0.003755 -1.860708 -22.802803 -6.155666 0.002188 0.011581 0.00208 178.725204 13.865168 -2.843276 15.897979 0.00638 -0.486046 -77.746307 -12.3488 0.47251 -6.438496 1.522758 2.071156 -0.998346 0.00063 0.00044 -2.583135 -11.004437 -0.908818 68.092857 -0.497913 0.37662 -48.317844 -1.875867 -11.184996 -9.303313 0.735339 1.688124 -0.994479 -0.001139 0.003769 
0.0 0.0 0.0 0.0 -0.0 0.0 3.452861 98.423759 162.684128 95.904724 8.004039 87.939796 2.71426 -2.417168 -0.149644 -9.632148 -0.99732 0.628527 17.933973 -1.828081 -2.201059 20.021894 -3.323698 3.249515 -2.566677 -0.596411 1.24818 -35.897694 -0.846741 0.858109 0.003149 -0.000277 -0.0 0.021242 0.034257 0.104371 0.03515 0.01288 0.108231 0.085563 0.048893 0.090202 -108.672035 -71.85173 125.420784 24.940815 -72.078957 -10.698233 31.790577 0.154302 -0.033789 -4.276335 18.287111 10.901633 17.628944 -26.337353 52.506447 -19.413269 -14.403621 29.417812 0.001534 -8.777302 0.000993 15.933896 -18.151066 6.419368 -0.62123 -1.780188 -3.895416 -4.810517 -11.036528 -2.935835 -0.008101 -20.919275 0.006118 -5.02369 -24.975338 -4.028913 0.000508 0.004795 0.002199 -10.643975 -5.680966 -3.569493 10.567326 -17.897186 -3.111104 -0.001846 -13.802997 0.007613 -0.514889 -31.156387 -4.02934 -12.263973 -60.025459 8.65389 -14.001638 -7.137835 -2.885127 13.779717 -8.383574 -3.212037 0.334568 -34.150169 0.791593 -0.975827 -17.699934 2.615258 0.003921 -0.020595 0.00419 -17.355124 -20.055466 -4.219478 21.75589 -1.647962 3.871542 -0.007864 -6.325665 0.003675 -1.706562 -22.530493 -6.191995 0.004277 0.000261 0.005602 54.587498 -76.933006 142.976791 47.265873 -66.876884 -25.308498 21.413128 0.594137 0.155377 -6.278678 11.34347 2.647827 22.206905 -20.407253 50.033264 -16.682533 -16.745802 28.494608 0.001218 -12.685809 0.000558 16.453957 -18.199755 2.261689 -0.105293 -1.509411 -4.284587 -5.043944 -5.604136 -2.951029 -0.002093 -11.017648 0.001497 -6.111548 -15.886536 -3.841435 0.000916 0.008172 -0.000461 -10.284618 -5.673307 -4.347742 11.023454 -11.296883 -2.369589 -1.383943 -14.223233 -6.324095 -0.62603 -26.915354 -3.825807 -3.904175 -49.693703 -4.378169 -13.712386 -7.363855 -3.728865 18.133152 -14.031276 -3.23242 -0.004203 -18.75934 0.004221 -0.435504 -8.438059 2.566416 0.000176 0.01168 -0.003161 -15.932518 -20.081167 -5.490356 30.434271 -7.191482 1.7525 -0.010565 -8.153923 0.005068 -1.860544 -22.861202 -6.153521 -0.002601 0.000199 -0.005465 -175.421356 12.543337 -0.999809 11.817114 0.002927 -0.392197 -78.565948 -11.931555 0.614087 -6.398189 1.56373 2.076365 -1.001413 -0.001189 -0.001102 -7.831111 -8.587351 -0.616663 68.578842 -0.116589 0.170701 -56.323299 -5.947919 -10.223192 -10.002563 0.728195 1.636389 -0.991193 0.002495 0.000457 
0.0 0.0 0.0 0.0 -0.0 0.0 3.342634 98.665222 166.896896 94.544174 8.137286 89.236938 3.192548 -2.097834 -0.384017 -9.441176 -0.996765 -0.117799 17.754675 -0.931417 -2.621212 20.37718 -2.47674 3.183745 -2.551296 -0.676298 1.26249 -35.727711 -1.059803 1.0008 0.0 -0.0 0.0 0.03934 0.030813 0.070863 0.032875 0.003094 0.080934 0.086467 0.053491 0.062987 -105.467346 -73.384659 121.706352 30.652315 -72.197754 -13.972013 33.27787 0.237405 -0.119743 -3.90484 18.462919 12.101668 17.644455 -26.28157 52.371799 -19.509117 -14.434652 29.432268 0.004598 -8.800452 -0.012356 15.780851 -18.376743 6.613002 -0.603902 -1.798209 -3.889198 -4.814194 -11.068208 -2.93069 0.006673 -21.015547 -0.009037 -5.031699 -25.091818 -4.040896 0.002215 -0.000171 -0.002513 -10.640926 -5.683438 -3.545446 10.598398 -17.948418 -3.130479 -0.000166 -13.833637 -0.012355 -0.487479 -31.245363 -4.049059 -12.126917 -60.031784 8.659772 -14.0002 -7.146593 -2.854334 13.810168 -8.422709 -3.233058 0.362384 -34.297558 0.757502 -0.960631 -17.756029 2.615565 -0.00263 -0.010065 -0.001062 -17.366602 -20.114365 -4.181123 21.797585 -1.643323 3.859976 0.010193 -6.343693 -0.002987 -1.710621 -22.620451 -6.208023 -0.001769 0.005067 0.002064 55.190334 -76.096245 142.574982 43.995697 -67.386627 -22.635962 22.327888 0.507374 0.103297 -6.007249 11.561491 2.392067 22.14999 -20.322941 49.864906 -16.699684 -16.729198 28.442629 -0.000297 -12.67065 0.004146 16.467804 -18.099291 2.308084 -0.111594 -1.525703 -4.278121 -5.034772 -5.599971 -2.946771 -0.001503 -11.018579 -0.004851 -6.104868 -15.888083 -3.841737 0.00093 -0.006732 -0.000227 -10.285864 -5.68533 -4.329902 11.02472 -11.292113 -2.377814 -1.389429 -14.235099 -6.310018 -0.623468 -26.92317 -3.832103 -3.824371 -49.744003 -4.285393 -13.717333 -7.369121 -3.714222 18.145021 -14.040298 -3.245958 -0.001659 -18.765608 -0.011298 -0.421999 -8.461948 2.549133 0.001754 -0.006972 0.001253 -15.92998 -20.103123 -5.462149 30.413685 -7.183416 1.734402 0.002635 -8.160648 -0.011844 -1.848597 -22.852161 -6.183696 -0.002608 -0.020027 -0.003795 -170.788193 10.868999 0.50178 8.946911 0.024065 -0.320135 -79.633339 -11.311781 0.712124 -6.336814 1.606814 2.09175 -0.997713 0.003243 0.001635 -12.711978 -6.361348 -0.978977 65.816101 0.154421 -0.044121 -62.372326 -8.794421 -9.14865 -10.789108 0.732492 1.655608 -0.988548 0.000264 -2e-05 
0.0 0.0 0.0 0.0 -0.0 0.0 3.185846 98.56501 170.97554 93.556458 7.971694 90.671646 3.488632 -1.894387 -0.627724 -9.337547 -0.989951 -0.687636 17.676361 -0.322146 -3.052954 20.61183 -1.522369 3.100452 -2.569775 -0.711181 1.109186 -35.833786 -1.178969 1.109314 -0.0 0.000256 -0.000443 0.05694 0.025052 0.037156 0.009872 -0.000937 0.039308 0.049875 0.047557 0.037014 -102.016891 -74.737862 117.651619 35.426968 -71.564743 -16.433935 35.008221 0.175767 -0.19182 -3.446095 17.999493 13.046952 17.607254 -26.29735 52.355972 -19.457401 -14.377323 29.381176 0.003197 -8.765017 -0.00592 15.643184 -18.403561 6.668797 -0.60536 -1.800036 -3.888868 -4.800607 -11.050498 -2.937954 0.000457 -20.984745 0.005238 -5.007032 -25.063482 -4.028488 0.003463 0.001141 -0.006355 -10.619136 -5.685945 -3.56739 10.566544 -17.927958 -3.116768 0.000472 -13.822973 -0.000552 -0.489442 -31.187939 -4.014514 -12.050279 -59.811749 8.620817 -13.959602 -7.150901 -2.868789 13.755763 -8.407971 -3.223032 0.361435 -34.236191 0.760684 -0.949562 -17.772207 2.601747 -0.001789 0.007694 0.009948 -17.307413 -20.095133 -4.204123 21.725924 -1.643633 3.855483 -0.009852 -6.346135 -0.002461 -1.677239 -22.59366 -6.200592 0.003576 -0.004686 -0.0 55.43148 -75.207626 142.522507 40.844051 -67.643761 -20.191355 23.198168 0.397579 0.089952 -5.623463 11.793581 2.169643 22.194571 -20.379829 49.942646 -16.706348 -16.765259 28.469082 -0.001768 -12.700912 9.8e-05 16.442503 -18.092548 2.368575 -0.100854 -1.506259 -4.281328 -5.04975 -5.621014 -2.948339 0.001772 -11.029046 0.002082 -6.12062 -15.908144 -3.831697 -0.001902 0.002664 -0.000176 -10.286635 -5.679777 -4.337986 11.036612 -11.311579 -2.376683 -1.381319 -14.257983 -6.319423 -0.627827 -26.976719 -3.825798 -3.849844 -49.86137 -4.066723 -13.720596 -7.352015 -3.717063 18.164276 -14.068431 -3.247432 0.002931 -18.815975 0.002134 -0.429334 -8.472561 2.554029 0.00069 0.019165 0.001888 -15.936611 -20.105406 -5.472455 30.457232 -7.202763 1.733027 0.007192 -8.167006 -0.002199 -1.869974 -22.881802 -6.167197 -0.002901 -0.002315 -0.000682 -167.13472 9.427479 1.52501 7.034653 0.038668 -0.281925 -81.085381 -10.671609 0.897234 -6.398632 1.665816 2.114641 -0.994405 0.000743 -9e-05 -16.990995 -4.767836 -1.760955 60.097584 0.186032 -0.180742 -66.416847 -9.792129 -8.961319 -11.564328 0.821042 1.683894 -0.985573 -0.002938 -0.000631 
0.0 0.0 0.0 0.0 -0.0 0.0 3.046229 98.206673 174.889572 92.982086 7.505921 92.098534 3.595945 -1.805907 -0.773151 -9.319461 -1.017451 -1.120171 17.63303 -0.008312 -3.452262 20.688114 -0.606367 3.07888 -2.594007 -0.671221 0.76134 -36.086575 -1.250644 1.086714 -0.003489 -0.000583 0.000515 0.05757 0.012223 -0.001315 -0.003345 -0.004543 -0.013934 0.016544 0.027433 0.016378 -98.62149 -75.802414 113.639091 39.262756 -70.518036 -18.524317 37.036396 -0.047193 -0.198309 -2.891407 17.453405 13.868615 17.637466 -26.320004 52.409611 -19.439335 -14.424036 29.399014 0.00642 -8.781816 -0.005368 15.636846 -18.459644 6.607726 -0.606149 -1.784735 -3.8829 -4.817214 -11.0665 -2.939722 -0.010843 -20.978006 0.001644 -5.033715 -25.052389 -4.033199 0.0 0.000444 0.006605 -10.64382 -5.689674 -3.55549 10.566916 -17.910767 -3.117336 -0.004693 -13.810534 0.005061 -0.503896 -31.168701 -4.062228 -11.921969 -59.690922 8.498254 -13.99886 -7.172236 -2.871459 13.77642 -8.38182 -3.219497 0.324856 -34.236481 0.771733 -0.971013 -17.729158 2.609401 -0.000652 0.001355 0.012561 -17.374916 -20.114216 -4.183562 21.773058 -1.623315 3.857016 -0.003372 -6.335933 0.003602 -1.719722 -22.561783 -6.189564 0.00341 0.005727 0.003828 55.166466 -74.328918 142.673477 38.222588 -67.791496 -18.404015 23.579844 0.328572 0.068989 -5.225384 12.108959 1.905903 22.194599 -20.410307 49.998676 -16.696012 -16.777607 28.498257 0.001032 -12.70951 0.001947 16.396078 -18.122875 2.35046 -0.10609 -1.507263 -4.281196 -5.044406 -5.616226 -2.951816 -0.000912 -11.020268 0.00434 -6.115837 -15.888158 -3.83553 -2.2e-05 -0.002719 -0.00116 -10.293276 -5.663999 -4.339705 11.035319 -11.305632 -2.374205 -1.390683 -14.227692 -6.313012 -0.630941 -26.899658 -3.821332 -3.776798 -49.90554 -4.044008 -13.723903 -7.363863 -3.721047 18.154074 -14.043997 -3.239584 -0.003048 -18.783384 0.010404 -0.432464 -8.469839 2.561212 0.000842 -0.000496 0.001133 -15.948668 -20.102505 -5.469821 30.458525 -7.192251 1.738406 0.01476 -8.170599 0.000661 -1.871512 -22.886995 -6.176292 -0.003362 0.008367 0.000916 -164.545303 8.27248 1.939191 6.424889 0.062877 -0.276313 -83.218826 -9.838757 1.046322 -6.640317 1.698866 2.136836 -0.998503 -0.003685 -0.001072 -20.184189 -3.866891 -2.849505 51.069519 0.02642 -0.139515 -68.239067 -10.003338 -9.451081 -11.614187 0.919804 1.697859 -1.001997 -0.00874 -0.007825 
0.0 0.0 0.0 0.0 -0.0 0.0 2.860695 97.659393 179.148254 92.826073 6.901441 93.399467 3.537545 -1.906011 -0.708176 -9.354506 -1.10798 -1.512636 17.628862 0.09163 -3.816954 20.706388 0.295409 3.104417 -2.62873 -0.622193 0.360426 -36.372581 -1.337334 0.87377 -0.003159 -4.1e-05 -5.4e-05 0.078578 -0.004362 -0.059728 -0.029874 -0.013991 -0.084203 -0.016555 0.003732 -0.027824 -94.925247 -77.032578 109.34182 43.072933 -69.612503 -20.714647 38.810844 -0.229024 -0.219773 -2.311356 17.086582 14.524504 17.669188 -26.373735 52.541775 -19.477163 -14.427057 29.469156 0.001301 -8.78293 0.001631 15.581264 -18.400471 6.520218 -0.606396 -1.803161 -3.904267 -4.807813 -11.055557 -2.933161 0.001188 -21.003225 0.000855 -5.031118 -25.063646 -4.033361 -0.002684 0.005967 0.005245 -10.648423 -5.698407 -3.564218 10.593283 -17.930017 -3.131377 0.002828 -13.828304 0.002073 -0.5005 -31.225409 -4.038272 -11.932381 -59.884846 8.430671 -13.998763 -7.153661 -2.882625 13.797106 -8.40552 -3.21471 0.344377 -34.241844 0.781672 -0.971101 -17.752737 2.622663 0.003401 0.009168 -0.006488 -17.368021 -20.111456 -4.214803 21.789927 -1.649218 3.863237 0.002437 -6.341967 0.003809 -1.688316 -22.592299 -6.217356 0.00308 -0.002615 0.010863 55.878849 -73.928566 142.322998 36.63586 -68.212997 -17.770107 23.488749 0.278558 0.048982 -4.971164 12.617109 1.57029 22.23185 -20.44767 50.060608 -16.741074 -16.763977 28.53632 -0.000906 -12.709538 -0.001321 16.392244 -18.19898 2.373606 -0.102198 -1.522594 -4.288522 -5.048071 -5.625471 -2.956111 0.000357 -11.045728 0.001369 -6.12414 -15.938908 -3.841075 -0.001381 -8.5e-05 -0.002551 -10.295072 -5.696571 -4.349097 11.043741 -11.316172 -2.377717 -1.384389 -14.259065 -6.330735 -0.626074 -26.986065 -3.835185 -3.602541 -50.231632 -4.061106 -13.725673 -7.394154 -3.728361 18.172539 -14.073975 -3.24891 0.000181 -18.831152 0.000251 -0.436119 -8.465959 2.565095 0.001104 -0.005147 -0.002574 -15.942066 -20.147039 -5.488462 30.469492 -7.20759 1.736647 -0.004952 -8.184101 0.001581 -1.868409 -22.899849 -6.165525 -0.002535 0.0067 -0.003805 -162.110748 7.495007 1.856408 5.962265 0.054962 -0.279385 -84.80085 -8.626761 0.992494 -7.022513 1.701595 2.151083 -0.999507 0.00079 -0.000455 -21.726786 -3.693574 -4.174276 38.307613 -0.057153 0.00379 -67.635254 -9.962258 -9.860885 -11.237832 1.026735 1.688716 -0.999709 -0.001432 -0.000939 
0.0 0.0 0.0 0.0 -0.0 0.0 2.627286 97.060303 183.844162 93.081238 6.214516 94.608353 3.377797 -2.209224 -0.616006 -9.448017 -1.1956 -1.659961 17.570999 0.080753 -4.110704 20.60795 1.092639 3.058564 -2.667096 -0.632651 0.09915 -36.27552 -1.529229 0.450929 0.00016 -0.000233 3.1e-05 0.088751 -0.015779 -0.13221 -0.016259 -0.028041 -0.169973 -0.040352 -0.000301 -0.088902 -91.228149 -77.229256 105.057518 45.536137 -68.393753 -21.717661 40.159954 -0.076465 -0.189031 -1.738766 16.721722 14.286146 17.591726 -26.267786 52.358501 -19.43458 -14.376835 29.348579 0.003799 -8.770774 0.007825 15.483979 -18.308519 6.409646 -0.605069 -1.773787 -3.877244 -4.81432 -11.03324 -2.93846 -0.003355 -20.936472 0.001888 -5.018187 -24.965467 -4.032714 -0.006768 0.000981 0.004559 -10.620498 -5.656333 -3.565363 10.559219 -17.90082 -3.102646 -0.00287 -13.802608 0.008125 -0.522812 -31.09568 -4.0207 -11.797974 -59.524498 8.012293 -13.960223 -7.112188 -2.871829 13.747856 -8.398608 -3.221579 0.337122 -34.162243 0.793165 -0.966975 -17.69537 2.617151 -0.00311 0.003201 -0.011427 -17.321861 -20.058056 -4.191104 21.728312 -1.634135 3.857088 -0.001842 -6.327961 -0.00386 -1.691392 -22.552607 -6.179079 0.0 -0.0 0.0 55.961613 -72.885422 141.618164 34.657379 -68.12059 -17.75749 23.182423 0.252508 0.004759 -4.926558 12.925075 1.447945 22.142788 -20.2924 49.841064 -16.687843 -16.742018 28.437307 -0.000139 -12.677716 0.003255 16.185314 -18.251562 2.506469 -0.105408 -1.496346 -4.268961 -5.031521 -5.615399 -2.947794 -8e-05 -11.011044 -0.001706 -6.105305 -15.892143 -3.835692 -0.001728 0.004085 0.003025 -10.271345 -5.65895 -4.330502 11.019412 -11.290784 -2.375246 -1.385425 -14.219049 -6.304884 -0.621072 -26.901999 -3.819275 -3.827074 -50.152336 -3.692518 -13.689626 -7.336404 -3.711945 18.115517 -14.035801 -3.246775 0.003044 -18.777281 -0.006852 -0.429856 -8.431228 2.548406 -0.000189 -0.000553 0.002551 -15.894569 -20.055576 -5.470241 30.371153 -7.187471 1.721922 0.002457 -8.156144 -0.003692 -1.853354 -22.831284 -6.175885 0.0 -0.011076 -0.001689 -159.595917 7.035066 1.109144 5.617225 0.023166 -0.2297 -85.59919 -6.965044 0.57686 -7.5669 1.671154 2.162029 -0.998186 0.002294 0.001018 -21.822947 -4.051127 -5.641717 23.281069 0.001027 0.145324 -67.011719 -8.575406 -10.092505 -10.937214 1.144284 1.626206 -0.998908 -0.003375 -0.002757 
0.0 0.0 0.0 0.0 -0.0 0.0 2.360405 96.364944 188.546951 93.424583 5.454274 95.887794 2.951514 -2.488914 -0.634953 -9.592082 -1.309618 -1.822603 17.605844 -0.112117 -4.204293 20.492382 1.856251 3.168082 -2.718299 -0.667884 -0.318216 -36.335789 -1.812189 -0.102365 0.00326 -1e-05 0.000193 0.099026 -0.007523 -0.148324 0.085563 -0.033263 -0.151914 0.03772 0.020722 -0.136661 -89.219048 -78.536354 102.875198 48.461746 -67.582436 -23.332285 41.061996 -0.087627 -0.31391 -1.21382 16.571239 14.248893 17.691523 -26.430279 52.588512 -19.47522 -14.424176 29.473036 0.006001 -8.788618 -0.014961 15.635573 -18.349382 6.527648 -0.605264 -1.786883 -3.895177 -4.826854 -11.0666 -2.958161 -0.006045 -21.022751 0.013252 -5.028844 -25.115694 -4.024674 0.002746 -0.007554 0.007103 -10.633021 -5.696367 -3.580227 10.558396 -17.945759 -3.112953 0.006878 -13.851226 0.016851 -0.528127 -31.250151 -4.010631 -12.122036 -60.10001 8.342971 -14.006168 -7.16057 -2.891224 13.788887 -8.412149 -3.208537 0.340943 -34.240246 0.780156 -0.9724 -17.749414 2.624616 -0.000314 -0.007664 -0.003241 -17.369505 -20.130581 -4.210524 21.785065 -1.635228 3.877602 0.009653 -6.352465 0.009975 -1.709787 -22.617506 -6.214778 0.002822 -0.01181 0.005645 56.179504 -72.767838 141.863388 31.707462 -68.99559 -17.076666 22.866516 0.22913 -0.088394 -5.020153 13.357361 1.398084 22.194601 -20.381596 49.905056 -16.718023 -16.767408 28.475771 -0.001517 -12.710899 0.001187 16.168077 -18.176506 2.603475 -0.103884 -1.520987 -4.279173 -5.041391 -5.613327 -2.942674 0.000973 -11.026999 0.002229 -6.109393 -15.895632 -3.830964 -0.000891 -0.003135 0.001783 -10.291522 -5.689911 -4.326584 11.038377 -11.298533 -2.373228 -1.388987 -14.235831 -6.311909 -0.629687 -26.921453 -3.822082 -4.208925 -50.374352 -3.317501 -13.719954 -7.362917 -3.705336 18.156614 -14.049873 -3.242396 0.00344 -18.783598 0.001289 -0.419637 -8.47591 2.554962 -0.002072 0.012714 0.000292 -15.940029 -20.100613 -5.452281 30.458792 -7.197251 1.727297 -0.0039 -8.170622 -0.001772 -1.870011 -22.848877 -6.155673 0.005008 -0.007968 -0.002671 -157.350174 6.507712 -0.337214 5.707112 -0.024851 -0.176745 -85.836769 -4.587964 -0.258934 -8.520005 1.669343 2.145338 -0.993037 -0.000747 -0.002324 -21.281307 -4.389611 -7.297637 9.516643 0.091834 0.282511 -67.387215 -6.828297 -11.332999 -11.135736 1.20931 1.514646 -1.000931 -0.000521 -0.001696 
0.0 0.0 0.0 0.0 -0.0 0.0 1.975499 95.798065 193.454865 93.394989 4.945016 97.026184 2.605107 -2.499131 -0.569119 -9.701181 -1.406612 -1.904182 17.594646 -0.208821 -4.448614 20.300138 2.492926 3.240213 -2.786516 -0.830502 -0.587024 -36.297066 -1.976832 -0.621182 -0.000127 2e-05 -0.00031 0.078186 0.016034 -0.075323 0.119026 -0.015161 -0.046731 0.081499 0.04814 -0.096495 -88.722946 -78.339027 102.333389 49.527435 -66.205635 -24.288507 41.267933 -0.336524 -0.363675 -0.853587 16.25485 14.278049 17.590252 -26.259262 52.265739 -19.421312 -14.388463 29.348162 0.007666 -8.778697 -0.008751 15.687569 -18.349539 6.555477 -0.619566 -1.800045 -3.880336 -4.824071 -11.044994 -2.927808 -0.033611 -20.962868 0.020346 -5.042033 -25.034182 -4.010984 0.005373 -0.005121 -0.0 -10.649936 -5.700469 -3.556636 10.551868 -17.904354 -3.103352 -0.007882 -13.80968 -0.003497 -0.548219 -31.123819 -4.018018 -12.185397 -59.910706 8.320594 -13.991369 -7.159589 -2.856846 13.748365 -8.385104 -3.215111 0.314645 -34.16917 0.770019 -0.966979 -17.737711 2.602945 -0.005718 -0.007112 0.007736 -17.366665 -20.100376 -4.170853 21.742332 -1.624187 3.86066 -0.011252 -6.338497 0.004004 -1.692931 -22.58341 -6.17487 -0.005942 0.000461 -0.00542 54.423592 -71.800484 142.897446 28.030302 -68.864746 -15.675134 21.952749 0.134614 -0.135701 -4.712322 13.741961 1.374335 22.176491 -20.334616 49.907242 -16.71039 -16.754679 28.487026 -0.001648 -12.692359 0.002638 16.351595 -18.053303 2.524122 -0.106205 -1.511979 -4.275039 -5.040027 -5.614409 -2.949718 0.002789 -11.01748 -0.003398 -6.110009 -15.883308 -3.843666 0.001457 -0.0 0.002626 -10.286836 -5.674302 -4.330678 11.040502 -11.295738 -2.379951 -1.384379 -14.225775 -6.322052 -0.613456 -26.877602 -3.835142 -4.100519 -50.358593 -3.32939 -13.71018 -7.364982 -3.711895 18.151367 -14.044242 -3.245583 0.005721 -18.775543 -0.005967 -0.426038 -8.450919 2.550908 0.001332 0.006413 0.000686 -15.92873 -20.087101 -5.471289 30.454536 -7.202266 1.73484 -0.004406 -8.157539 0.001086 -1.852462 -22.845526 -6.165086 0.0 0.011195 0.002232 -154.886734 5.335285 -1.854807 5.978641 -0.04001 -0.112315 -84.424179 -1.930621 -1.04754 -10.324107 1.72001 2.134518 -1.005339 -0.00221 -0.001157 -21.722523 -4.116163 -9.230514 2.749979 0.09705 0.504169 -69.527939 -7.317183 -13.408303 -11.320704 1.167398 1.393981 -1.000157 0.003523 -0.002917 
0.0 0.0 0.0 0.0 -0.0 0.0 1.558951 95.435242 198.913651 93.067078 4.605053 97.892059 2.2047 -2.366024 -0.445327 -9.888947 -1.496618 -1.929419 17.550488 -0.167813 -4.695134 20.282021 2.857763 3.210421 -2.818537 -0.855326 -0.688956 -36.248005 -2.042714 -0.719737 1e-06 -0.000109 -0.0 0.050737 0.029739 -0.018791 0.047398 0.019053 0.008728 0.026963 0.038337 -0.033207 -86.60601 -79.012032 100.268341 51.292099 -66.142677 -25.822523 40.666035 -0.270129 -0.293803 -0.784069 15.957029 14.033197 17.607061 -26.310545 52.446617 -19.509584 -14.397701 29.459661 -0.007183 -8.762581 0.005023 15.797421 -18.37233 6.58147 -0.612466 -1.796096 -3.904889 -4.787909 -11.045378 -2.936691 0.01708 -20.986832 -0.013953 -4.988695 -25.030565 -4.032126 -0.003586 0.0 0.005293 -10.639298 -5.701275 -3.573048 10.590719 -17.925056 -3.133135 0.016974 -13.829661 -0.002367 -0.47151 -31.184456 -4.05428 -12.319794 -60.159939 8.474335 -13.964489 -7.159424 -2.89214 13.751726 -8.412305 -3.221956 0.388172 -34.216709 0.74896 -0.935575 -17.731415 2.609612 -0.008046 0.007768 -0.002589 -17.32913 -20.112804 -4.232229 21.748264 -1.644537 3.86137 0.007187 -6.337584 -0.003488 -1.677869 -22.600462 -6.190906 -0.00638 0.002928 -0.009454 54.564308 -71.729599 142.855682 25.683193 -69.410553 -14.431251 20.805655 0.07548 -0.131384 -4.619136 13.987958 1.498371 22.159969 -20.365011 49.95002 -16.676323 -16.740206 28.45598 0.000345 -12.689972 0.000622 16.557671 -18.106562 2.462827 -0.107353 -1.504352 -4.279509 -5.037912 -5.613944 -2.950832 0.001624 -11.021379 -8e-05 -6.116658 -15.904284 -3.830353 -0.000591 -1.9e-05 0.002365 -10.274445 -5.665473 -4.344755 11.008353 -11.307683 -2.367578 -1.38073 -14.237936 -6.316009 -0.622981 -26.895546 -3.829784 -4.151382 -50.363811 -3.391516 -13.69696 -7.346316 -3.725742 18.111261 -14.050136 -3.234968 0.000904 -18.77948 0.000822 -0.43295 -8.449386 2.554868 0.001607 0.0001 -0.000613 -15.913013 -20.079634 -5.478658 30.408358 -7.193382 1.734012 -0.001846 -8.164322 -0.001221 -1.854937 -22.864994 -6.172535 0.002529 -0.000335 0.002387 -152.681061 3.732271 -2.969821 7.012586 -0.081221 0.000286 -80.914688 0.239106 -1.948035 -14.021027 1.798083 2.069741 -0.999073 -0.004926 -0.002289 -21.823524 -3.491018 -10.717074 1.93108 0.148629 0.550734 -71.334755 -8.405856 -13.822999 -11.542276 1.192667 1.326498 -0.994575 0.0004 -0.005822 
0.0 0.0 0.0 0.0 -0.0 0.0 0.970156 95.205673 204.840134 91.915771 4.031768 98.618744 1.326438 -1.655064 -0.483659 -10.248625 -1.489356 -2.111545 17.527193 -0.070755 -4.696791 20.143501 2.832489 3.205274 -2.805762 -0.820925 -0.712598 -35.553196 -1.970522 -0.583378 -0.003394 0.000242 -5.4e-05 0.009763 0.031941 0.009406 -0.034488 0.037748 0.028488 -0.037628 0.02135 0.003036 -88.662094 -79.129303 102.379311 49.897049 -66.331497 -24.620771 40.143829 -0.054904 -0.357145 -0.913694 15.672126 13.359615 17.659769 -26.34021 52.503761 -19.502789 -14.423563 29.439512 0.000205 -8.776159 0.005786 15.773314 -18.274822 6.499211 -0.592657 -1.801003 -3.89274 -4.813814 -11.066928 -2.945654 0.007903 -21.006435 -0.006596 -5.023327 -25.084497 -4.024617 0.005486 0.013891 -0.0014 -10.62856 -5.692168 -3.556587 10.582541 -17.947102 -3.137094 0.007402 -13.828418 -0.010449 -0.497828 -31.183352 -4.028544 -12.345545 -60.390984 8.538248 -13.975996 -7.158735 -2.869355 13.792459 -8.40659 -3.238663 0.340112 -34.2579 0.777435 -0.945929 -17.756989 2.606705 -0.003128 0.002845 -0.005821 -17.337626 -20.11801 -4.206903 21.769611 -1.643897 3.87073 0.000808 -6.337994 -0.013139 -1.677415 -22.614582 -6.202161 -0.005577 0.000273 -0.011154 53.60778 -71.35128 144.043808 23.106279 -69.276138 -11.995645 19.721193 0.075757 -0.178221 -5.167169 13.684268 1.653421 22.194708 -20.420469 50.029392 -16.699186 -16.747078 28.517073 0.002177 -12.698124 -0.003241 16.657887 -18.123243 2.491176 -0.108455 -1.507496 -4.27914 -5.040972 -5.615917 -2.959196 -0.001678 -11.029678 0.001187 -6.10233 -15.898362 -3.837665 0.000272 -0.001249 0.000105 -10.283536 -5.691898 -4.340639 11.021434 -11.297709 -2.375226 -1.385907 -14.239955 -6.329535 -0.631145 -26.942106 -3.829171 -4.216655 -50.430428 -3.554336 -13.70419 -7.371523 -3.72945 18.1166 -14.043742 -3.238703 -0.006755 -18.78097 0.004992 -0.431332 -8.469989 2.556091 -0.00106 0.006312 -0.000218 -15.914401 -20.108002 -5.491443 30.381815 -7.19136 1.741768 -0.011272 -8.163641 0.0026 -1.855527 -22.884558 -6.176696 0.002848 0.00028 0.001353 -151.850189 1.184401 -4.434723 10.048971 -0.177685 0.161427 -75.789955 2.218244 -2.715943 -20.006134 1.873523 1.931775 -0.989654 -0.001195 0.000306 -20.724974 -1.703795 -11.447807 3.882466 0.224915 0.552216 -70.725433 -9.223511 -11.323697 -12.122021 1.179391 1.448672 -1.011151 0.000375 -0.001068 
0.0 0.0 0.0 0.0 -0.0 0.0 0.212065 95.308937 211.06749 88.958641 3.107056 98.788139 -0.008422 0.193177 -0.549662 -10.763347 -1.316322 -2.31399 17.362856 0.623187 -4.544277 19.673128 2.254527 3.158375 -2.811718 -0.818053 -0.564675 -34.202976 -1.819698 -0.482207 -7e-06 0.000114 0.000356 -0.007865 0.050963 0.035339 -0.04493 0.037285 0.031695 -0.052205 0.061473 0.050427 -99.862709 -78.221046 113.363998 43.805779 -65.91806 -19.911787 39.389244 0.010331 -0.413983 -0.895599 15.491727 13.123363 17.640276 -26.297657 52.399422 -19.473431 -14.416965 29.423697 0.002574 -8.784166 -0.000344 15.746149 -18.15699 6.401428 -0.604883 -1.790925 -3.891865 -4.818414 -11.057133 -2.934286 0.004777 -20.968975 -0.012852 -5.017904 -25.029055 -4.055125 -0.005849 0.007099 0.005443 -10.632481 -5.699512 -3.570547 10.570539 -17.925343 -3.112092 0.005608 -13.810621 -0.011317 -0.474984 -31.167423 -4.057885 -11.899535 -59.987167 8.186964 -13.997733 -7.168682 -2.880475 13.787202 -8.403554 -3.216022 0.344623 -34.232174 0.751631 -0.961869 -17.749735 2.607513 -0.003864 0.010508 0.013947 -17.385803 -20.119377 -4.207523 21.790354 -1.644158 3.87659 -0.003223 -6.337048 -0.007848 -1.680032 -22.586981 -6.21625 -0.000727 -0.003808 -0.001113 49.575592 -70.215637 147.995483 19.926598 -67.631058 -8.75129 18.606508 0.081305 -0.12981 -6.134247 13.122856 1.016295 22.160637 -20.34 49.852074 -16.664852 -16.735575 28.418863 0.001521 -12.679886 -0.002853 16.668812 -17.878765 2.376172 -0.105173 -1.497997 -4.268457 -5.033441 -5.620963 -2.943489 0.001838 -11.00567 0.001142 -6.119288 -15.88181 -3.827948 0.005771 -0.00041 0.00489 -10.274755 -5.670708 -4.326507 11.022387 -11.293654 -2.367692 -1.384526 -14.23443 -6.307363 -0.635805 -26.897945 -3.808768 -4.077162 -50.643009 -3.72158 -13.698522 -7.34686 -3.708859 18.120123 -14.032624 -3.233491 -0.002036 -18.754652 0.004181 -0.42797 -8.430358 2.54995 -0.000609 0.00656 -0.000245 -15.90882 -20.069223 -5.453848 30.402374 -7.182318 1.736431 -0.001333 -8.155349 -0.00095 -1.868429 -22.831322 -6.147533 -0.000514 -0.00696 0.000811 -153.399475 -3.277742 -7.474872 16.115957 -0.336359 0.572497 -69.365944 3.878858 -3.50732 -30.244108 2.113909 1.826849 -0.992157 0.001385 0.000435 -21.294447 2.175887 -11.224596 8.165302 0.156227 0.402811 -64.678513 -10.903646 -6.74026 -11.334476 1.015488 1.562778 -0.998354 0.003497 -0.003323 
0.0 0.0 0.0 0.0 -0.0 0.0 -0.554271 95.526375 217.260666 86.16185 2.964115 98.045601 -0.83373 1.45427 -0.441829 -11.064974 -1.015629 -2.433557 17.231112 1.905845 -4.363749 19.438475 1.432578 3.022742 -2.872763 -0.841743 0.052268 -33.534782 -1.570006 -0.365857 0.000192 -0.000726 -0.001437 -0.015146 0.063937 0.065704 -0.143644 0.046296 0.034132 -0.137869 0.076603 0.112784 -106.594818 -77.02623 120.057747 38.185177 -66.566124 -16.395964 37.856392 0.036288 -0.296982 -1.049935 15.969623 12.886716 17.601412 -26.259258 52.360249 -19.495111 -14.426434 29.41519 0.002618 -8.774406 0.009733 15.88862 -18.275227 6.412102 -0.607533 -1.79112 -3.888951 -4.816024 -11.052475 -2.925958 -0.000483 -20.985991 -0.005171 -5.021324 -25.024593 -4.053418 0.00588 -0.007601 0.002057 -10.643089 -5.694853 -3.547951 10.57308 -17.922085 -3.116657 -0.002641 -13.827349 -0.010297 -0.51034 -31.206724 -4.060184 -11.733564 -59.991798 8.023109 -13.989946 -7.145113 -2.859963 13.785695 -8.394455 -3.218426 0.325794 -34.224121 0.741625 -0.953682 -17.737885 2.613649 0.001849 -0.00397 0.003495 -17.360102 -20.107327 -4.182615 21.756428 -1.629005 3.852349 -0.006385 -6.341927 0.008444 -1.670151 -22.611469 -6.21211 -0.003948 5.1e-05 0.000796 47.061081 -70.015396 150.28096 18.317535 -66.667404 -6.695287 17.313175 0.266235 -0.035891 -6.890781 12.561021 0.599681 22.187845 -20.391054 49.911537 -16.706511 -16.766882 28.480856 -0.000999 -12.694627 0.001699 16.794636 -18.167816 2.365009 -0.106614 -1.511951 -4.277003 -5.043217 -5.612758 -2.94767 0.006125 -11.016974 0.002966 -6.114681 -15.892334 -3.828527 -0.002528 0.004603 0.000809 -10.282568 -5.674075 -4.334012 11.031161 -11.294134 -2.365001 -1.387765 -14.224507 -6.307801 -0.629645 -26.915518 -3.816336 -4.178348 -51.091244 -3.555706 -13.710571 -7.366227 -3.713461 18.153616 -14.045842 -3.239992 -0.000298 -18.790394 0.004662 -0.428736 -8.457327 2.557646 5.9e-05 0.0 -0.000481 -15.926422 -20.084702 -5.45992 30.421551 -7.192331 1.735626 -0.001877 -8.157762 0.001586 -1.857016 -22.85704 -6.155824 -0.002823 0.01129 -0.000818 -155.788315 -7.432243 -9.553072 24.653692 -0.524577 0.788694 -60.534046 4.120531 -3.998255 -38.910286 2.349619 1.756366 -0.995334 0.002274 0.001876 -22.081165 6.089923 -10.349756 14.42174 0.015245 0.10111 -63.275795 -12.994967 -4.414998 -9.295218 0.756107 1.597289 -0.998159 -0.005409 -0.001268 
0.0 0.0 0.0 0.0 -0.0 0.0 -1.152496 95.809639 223.250397 84.417686 3.736836 96.900581 -0.863125 1.899888 -0.400055 -10.995173 -0.752224 -2.390419 17.250607 3.109249 -4.138815 19.394722 0.868332 2.903394 -2.778004 -0.767959 0.54501 -33.470821 -1.332113 0.138636 -0.003577 -0.000306 -0.001717 -0.005271 0.055313 0.060225 -0.086035 0.026092 0.042751 -0.080737 0.076293 0.088515 -106.385216 -76.41526 120.353317 35.439449 -68.348976 -15.725338 35.340019 0.17926 -0.099949 -1.491588 16.306742 11.607533 17.617212 -26.255438 52.364983 -19.500463 -14.38987 29.438431 -0.007199 -8.770287 -0.004734 16.085199 -18.237041 6.27835 -0.584756 -1.788984 -3.888387 -4.809512 -11.049905 -2.942867 0.02236 -20.977943 -0.019637 -4.986692 -25.026104 -4.039384 0.0 -0.005953 -0.00125 -10.601582 -5.677243 -3.571173 10.559179 -17.934996 -3.112848 0.020096 -13.825081 -8.6e-05 -0.486673 -31.194656 -4.040707 -11.87821 -59.649895 8.212831 -13.955368 -7.138418 -2.878711 13.759283 -8.404097 -3.21904 0.381078 -34.22839 0.754618 -0.952938 -17.73893 2.617317 -0.006856 0.004103 -0.000775 -17.292952 -20.082411 -4.218987 21.725546 -1.647488 3.866272 0.000575 -6.340068 -0.00926 -1.663317 -22.612143 -6.201456 -0.001502 0.006991 0.002763 46.835258 -70.761414 150.411194 19.212189 -66.788834 -6.573572 16.74449 0.405231 0.048729 -7.233109 12.332703 0.258658 22.177448 -20.381292 49.937351 -16.708143 -16.766479 28.473196 0.000431 -12.691608 0.003738 16.999243 -18.147152 2.145579 -0.104889 -1.506862 -4.280415 -5.039818 -5.618403 -2.949787 -0.003298 -11.026126 0.000752 -6.111438 -15.90378 -3.836467 -0.000341 0.004336 0.005114 -10.283438 -5.674756 -4.334666 11.034653 -11.3182 -2.375201 -1.387498 -14.255584 -6.318388 -0.634708 -26.968189 -3.819883 -4.328473 -51.153915 -3.694423 -13.709762 -7.360688 -3.714939 18.151892 -14.070197 -3.250955 -0.002163 -18.815844 0.001568 -0.430955 -8.471296 2.553486 0.000466 -0.005878 0.00083 -15.920305 -20.101248 -5.468312 30.42157 -7.196231 1.730825 -0.003124 -8.167716 -0.002877 -1.864979 -22.893703 -6.171911 0.000941 0.003039 -0.001442 -159.22113 -10.51313 -9.167312 35.290306 -0.54756 0.695432 -50.01482 3.278543 -5.284288 -37.582211 2.145428 1.887242 -0.990221 0.002717 0.005509 -20.699423 8.977338 -10.011412 19.764557 0.079651 -0.197669 -66.796761 -13.684683 -1.862388 -7.471 0.528187 1.562852 -0.995257 0.000643 -0.000209 
0.0 0.0 0.0 0.0 -0.0 0.0 -1.771988 95.977852 228.656387 83.107872 4.835485 96.136024 -0.342193 2.321873 -0.424605 -10.729502 -0.544708 -2.359045 17.263407 3.779577 -3.82647 19.558331 0.709419 2.891577 -2.741003 -0.677652 0.534103 -33.827919 -1.109583 0.692263 -0.003659 -0.000118 -0.000926 0.025558 0.047584 0.027809 -0.034783 0.012377 0.017551 -0.026825 0.074716 0.050974 -104.619591 -75.92392 119.06057 32.452034 -69.914604 -14.589889 33.195408 0.100241 -0.037191 -2.350541 16.070559 11.139148 17.643602 -26.313179 52.409714 -19.408155 -14.425838 29.389778 0.005684 -8.783758 -0.006295 16.109407 -18.507387 6.437286 -0.608433 -1.782099 -3.893289 -4.811307 -11.031166 -2.919915 -0.00128 -20.935648 0.005081 -5.025059 -24.989157 -4.032823 -0.002512 0.007499 0.002886 -10.630316 -5.668605 -3.566348 10.560301 -17.897442 -3.090962 -0.007453 -13.798158 0.008889 -0.520904 -31.151775 -4.013166 -12.033221 -59.789734 8.49516 -13.983168 -7.139113 -2.869763 13.767529 -8.380782 -3.211633 0.330618 -34.128235 0.792782 -0.964272 -17.698629 2.6364 -0.003091 0.0066 -0.004788 -17.351254 -20.0606 -4.188338 21.763382 -1.634624 3.869761 -0.003179 -6.329276 0.000616 -1.707241 -22.550703 -6.181736 -4.1e-05 -0.001021 -0.001595 47.379753 -71.208633 149.618774 21.852135 -66.886131 -8.71836 17.341827 0.513584 0.088832 -7.074078 12.482036 0.318453 22.182661 -20.37854 49.967098 -16.68886 -16.770973 28.505722 -0.001945 -12.696233 0.002811 16.793715 -18.112068 2.213725 -0.102875 -1.513844 -4.278537 -5.044723 -5.603629 -2.954662 0.002214 -11.007735 -0.000269 -6.11017 -15.874939 -3.848074 -0.003618 -0.003186 -0.000698 -10.292118 -5.668047 -4.335841 11.042833 -11.297462 -2.376317 -1.385479 -14.226151 -6.320076 -0.619996 -26.898916 -3.82339 -4.164288 -50.903229 -3.594134 -13.71975 -7.349086 -3.719484 18.15666 -14.038537 -3.242638 0.000381 -18.767946 0.006351 -0.43135 -8.442313 2.563511 -0.00037 0.000238 -0.000892 -15.926427 -20.061808 -5.47547 30.426947 -7.192553 1.730426 0.004285 -8.15224 0.001104 -1.867512 -22.821886 -6.146958 0.003378 0.008068 -0.000526 -164.597076 -12.963677 -6.984059 47.465714 -0.764744 0.560235 -40.885265 3.160568 -6.610769 -19.078213 1.715775 2.387824 -1.000639 -0.001987 -0.000549 -17.827574 11.329154 -10.114264 23.255054 0.115186 -0.264627 -72.451927 -13.942004 0.062202 -6.933105 0.529451 1.597148 -1.000216 0.006816 0.000306 
0.0 0.0 0.0 0.0 -0.0 0.0 -2.248512 96.309547 233.71286 82.211021 5.915665 95.465378 0.379004 2.769355 -0.31493 -10.49749 -0.344694 -2.108829 17.443081 4.034994 -3.521763 19.924648 0.658988 2.84747 -2.729567 -0.639086 0.503558 -34.588974 -0.808495 1.004978 -0.003002 5.4e-05 -0.001875 0.03994 0.038486 0.020075 -0.051783 0.025781 0.000358 -0.035086 0.041017 0.051688 -102.870003 -75.747665 117.657631 30.099829 -71.225922 -13.449795 31.166451 -0.036195 -0.048392 -3.399199 15.636127 10.748447 17.598017 -26.263153 52.308495 -19.42605 -14.363153 29.340481 0.003785 -8.754981 -0.000363 16.142849 -18.370142 6.432623 -0.605575 -1.806686 -3.885798 -4.806724 -11.013529 -2.925592 -0.007749 -20.914633 0.001036 -5.017045 -24.957247 -4.029169 0.002941 -0.007632 -0.000831 -10.615159 -5.686523 -3.550452 10.548071 -17.886261 -3.109162 0.001223 -13.792418 -0.006918 -0.502738 -31.147125 -4.026597 -11.98734 -59.796921 8.592363 -13.955685 -7.137442 -2.866784 13.738377 -8.394275 -3.210792 0.345108 -34.139671 0.770627 -0.969147 -17.718975 2.624762 0.001038 -0.007782 -0.002934 -17.325802 -20.073143 -4.185896 21.728867 -1.62913 3.870749 0.001286 -6.326987 -0.005261 -1.698694 -22.547142 -6.186483 -0.002978 0.004669 4.8e-05 48.548599 -71.859352 148.511902 26.387127 -67.064713 -12.435933 18.325563 0.546012 0.07708 -6.527886 13.162318 0.313211 22.161806 -20.329546 49.850918 -16.668053 -16.727566 28.403151 0.000672 -12.671811 -0.002896 16.540966 -18.061749 2.462181 -0.106668 -1.508636 -4.266943 -5.035492 -5.608073 -2.946411 0.002592 -11.006931 0.000647 -6.110139 -15.886372 -3.832961 2.5e-05 0.002891 -0.000509 -10.275556 -5.657944 -4.328166 11.01486 -11.285251 -2.367619 -1.384157 -14.201178 -6.303537 -0.621725 -26.864737 -3.819775 -4.177441 -50.660942 -3.384508 -13.698086 -7.340306 -3.709292 18.128925 -14.039901 -3.238264 0.003584 -18.753057 0.001648 -0.427062 -8.450161 2.555199 -0.002063 0.006143 0.000584 -15.911838 -20.048767 -5.4598 30.382635 -7.186647 1.736523 -0.003826 -8.143945 0.000903 -1.856322 -22.789898 -6.151207 0.000622 0.01103 0.000869 -170.666046 -14.202385 -4.154302 58.567539 -0.86521 0.409294 -42.530674 2.675632 -7.147487 -11.577113 1.522708 2.555058 -0.998023 0.000482 0.003053 -13.373188 13.323774 -9.872724 23.441872 0.045828 -0.298368 -76.188492 -13.710409 1.027312 -6.57092 0.547004 1.625565 -0.997272 0.000923 0.000488 
0.0 0.0 0.0 0.0 -0.0 0.0 -2.588135 96.89463 238.363144 82.278 6.774329 94.737022 1.027049 2.879463 -0.186287 -10.288155 -0.241206 -1.641177 17.694511 3.746392 -3.21726 20.379 0.612804 2.79725 -2.702635 -0.62505 0.621722 -34.970482 -0.507925 1.041152 -0.003098 -0.000207 -1.4e-05 0.029764 0.027296 0.048107 -0.00118 0.034128 0.030711 0.006302 0.012019 0.067807 -101.581055 -75.959602 116.671944 27.986256 -72.764206 -11.906604 29.554209 0.004939 -0.009344 -4.351656 15.123615 9.997273 17.653341 -26.374563 52.462154 -19.51762 -14.412952 29.442921 -0.004705 -8.787222 0.000754 16.242489 -18.221964 6.315666 -0.613876 -1.801677 -3.90447 -4.811844 -11.060196 -2.935301 0.003899 -21.015457 0.001352 -5.019034 -25.082703 -4.028251 -0.000717 0.011475 -0.00093 -10.645357 -5.682605 -3.567219 10.580281 -17.958239 -3.124141 0.005102 -13.839274 0.00116 -0.503461 -31.213718 -4.023364 -12.049232 -60.022064 8.492183 -13.998915 -7.155221 -2.874778 13.791415 -8.41892 -3.223214 0.351156 -34.284611 0.764374 -0.966126 -17.756433 2.627594 0.001631 0.000447 0.007344 -17.364656 -20.126394 -4.201575 21.778341 -1.645817 3.865675 0.004449 -6.350953 -0.00021 -1.697476 -22.636168 -6.203647 0.00089 0.000416 0.000184 49.658844 -72.798553 148.020035 32.177357 -67.288788 -17.179653 19.417048 0.577537 0.118364 -5.949313 14.151399 0.406965 22.216719 -20.414579 50.026825 -16.734642 -16.774918 28.511856 0.001434 -12.718027 -0.001367 16.521856 -18.12685 2.571661 -0.108433 -1.503975 -4.275453 -5.050256 -5.64413 -2.957551 -0.00036 -11.045106 -0.001211 -6.12962 -15.937485 -3.843556 -0.001798 0.00362 0.001451 -10.299001 -5.686438 -4.343017 11.0439 -11.333634 -2.375557 -1.386467 -14.271331 -6.325902 -0.628769 -26.987597 -3.834311 -4.360691 -51.041702 -3.319989 -13.726278 -7.37184 -3.722179 18.164297 -14.096048 -3.250574 0.000823 -18.833992 -0.001247 -0.429893 -8.48102 2.557038 0.001906 -0.012257 -0.000362 -15.944597 -20.146063 -5.478223 30.460066 -7.208956 1.74264 -0.002775 -8.17892 -0.004191 -1.861431 -22.902842 -6.181764 -0.003745 0.011106 0.002747 -176.872986 -13.568911 -1.37749 66.700562 -0.677404 0.215007 -49.522755 0.492247 -7.661743 -11.183126 1.546319 2.412297 -0.997922 -0.003551 0.002929 -7.972397 14.238017 -8.935735 21.170643 0.00091 -0.319818 -78.39151 -13.20392 1.63801 -6.198368 0.579269 1.650242 -1.000728 0.001747 -0.000747 
0.0 0.0 0.0 0.0 -0.0 0.0 -2.710688 97.494553 242.824142 83.094208 7.384219 93.765602 1.639559 2.696472 -0.09272 -9.999865 -0.215202 -1.018072 17.798794 3.067984 -2.85746 20.743061 0.413344 2.816698 -2.669438 -0.616598 0.802106 -34.820557 -0.212611 0.922577 0.000152 1.8e-05 -3e-05 0.037022 0.015623 0.047939 0.063945 0.019855 0.046492 0.061077 0.004816 0.055618 -100.73703 -75.001396 116.251297 24.446745 -72.989159 -9.213721 28.548405 0.084926 0.026979 -4.975125 14.674211 9.203899 17.607327 -26.319271 52.495743 -19.432636 -14.399207 29.42662 0.002628 -8.771916 0.004413 16.218513 -17.952694 6.104133 -0.611632 -1.787135 -3.892879 -4.804946 -11.030372 -2.938548 -0.001565 -20.937597 -0.001163 -5.019392 -24.986507 -4.036783 -0.000248 -2.7e-05 0.000881 -10.629201 -5.676043 -3.566227 10.562145 -17.881149 -3.109855 -0.003057 -13.800428 6.5e-05 -0.510197 -31.137016 -4.023774 -11.904722 -59.588619 8.100173 -13.97378 -7.138616 -2.881919 13.753509 -8.378984 -3.213106 0.33976 -34.135944 0.780157 -0.968126 -17.710016 2.624052 0.001153 0.00997 -0.00243 -17.329384 -20.055069 -4.214539 21.726534 -1.635036 3.867006 0.001177 -6.322894 0.002768 -1.698481 -22.508574 -6.180147 -0.001726 0.012293 -0.001549 49.322262 -73.162292 147.86319 37.594738 -66.531731 -21.876999 20.564365 0.455602 0.123784 -5.378006 14.70826 0.972969 22.15741 -20.371588 49.951641 -16.677299 -16.737946 28.465939 0.002666 -12.681601 0.001801 16.427322 -17.997326 2.607563 -0.115979 -1.517587 -4.272316 -5.029931 -5.603365 -2.954126 4.9e-05 -11.009105 0.000352 -6.10692 -15.867262 -3.844355 0.00022 0.003415 0.001499 -10.283118 -5.678353 -4.33685 11.021077 -11.283783 -2.370293 -1.380264 -14.212157 -6.316165 -0.620971 -26.868687 -3.819422 -4.462105 -50.650211 -3.278376 -13.70005 -7.359751 -3.718815 18.121012 -14.025933 -3.238701 -0.001725 -18.758261 0.001531 -0.430696 -8.435111 2.552455 -0.000773 -0.005579 -0.00094 -15.908278 -20.071104 -5.476024 30.383896 -7.18396 1.730696 0.003559 -8.146775 0.003461 -1.862609 -22.815157 -6.152025 0.006666 0.008071 0.002675 177.145264 -11.59643 0.690554 70.789017 -0.357848 0.057979 -56.757793 -2.389157 -7.95095 -11.492844 1.579265 2.26262 -1.001194 -0.004492 0.003314 -2.370479 14.047891 -7.388205 18.022526 0.013107 -0.304648 -79.829475 -12.514522 1.928195 -5.963813 0.647635 1.670809 -0.991196 0.000973 0.000804 
0.0 0.0 0.0 0.0 -0.0 0.0 -2.832587 97.954407 247.134949 84.218124 7.746446 92.55555 2.241126 2.378708 0.040833 -9.709378 -0.185509 -0.380853 17.814096 2.32181 -2.429592 20.931208 -0.024208 2.873282 -2.643228 -0.592228 1.004824 -34.672588 0.012809 0.732318 -0.003155 -0.000259 0.001116 0.027191 0.004859 0.026151 0.091845 0.0048 0.035433 0.098899 -0.002667 0.022247 -100.827812 -74.206284 116.680794 20.411024 -73.430061 -5.881008 28.359339 0.140069 0.024064 -5.183526 14.423815 8.509642 17.587889 -26.29562 52.370514 -19.424114 -14.380559 29.376989 -0.001306 -8.759331 -0.000106 16.311701 -17.783052 5.938941 -0.608597 -1.7955 -3.887767 -4.800564 -11.020586 -2.930637 -0.002308 -20.923952 0.002198 -5.009582 -24.963299 -4.029189 0.000785 4.3e-05 -0.000113 -10.612598 -5.69242 -3.56053 10.549678 -17.888912 -3.106218 0.001196 -13.805779 -0.000826 -0.501197 -31.157127 -4.013892 -11.917853 -59.739437 7.997918 -13.956944 -7.142596 -2.871183 13.744473 -8.37504 -3.212362 0.336492 -34.111504 0.775549 -0.964688 -17.700212 2.618982 0.000669 -0.009788 -0.002641 -17.307734 -20.067614 -4.19801 21.701298 -1.631133 3.854796 0.001905 -6.325324 -0.000554 -1.696018 -22.538927 -6.184231 0.000605 0.0001 -0.001115 49.777397 -74.243935 147.155518 43.370255 -65.945793 -26.464056 21.89753 0.161855 0.089397 -4.975611 14.558487 1.912241 22.172468 -20.363417 49.932407 -16.700312 -16.719522 28.473408 -0.001129 -12.681204 -0.000502 16.348387 -17.930056 2.65682 -0.118103 -1.514002 -4.274325 -5.032407 -5.614209 -2.95518 0.003798 -11.02562 -0.000893 -6.106301 -15.902043 -3.842255 2e-06 0.003076 0.000149 -10.27825 -5.674808 -4.340159 11.016498 -11.321176 -2.375603 -1.380916 -14.254199 -6.32051 -0.627671 -26.966892 -3.834325 -4.517837 -50.564842 -3.294567 -13.706069 -7.36508 -3.725942 18.128014 -14.070227 -3.237301 0.00341 -18.806896 -0.009908 -0.425658 -8.47268 2.546692 -0.003938 0.005056 -0.000193 -15.912693 -20.116928 -5.479989 30.38397 -7.198543 1.742349 0.008295 -8.17627 -0.007485 -1.854007 -22.92631 -6.196394 0.004068 0.01203 0.003022 171.60083 -9.123685 1.801603 70.784401 -0.11894 -0.064807 -62.392727 -4.990895 -8.042065 -11.747207 1.58657 2.148901 -1.007922 -0.002728 -0.001794 3.136297 13.284643 -5.451567 14.312278 0.044501 -0.265753 -80.665123 -11.892608 2.127618 -5.865973 0.707248 1.69566 -0.989733 0.000411 -0.000348 
0.0 0.0 0.0 0.0 -0.0 0.0 -2.882544 98.184624 251.373596 85.346107 7.770273 91.344238 2.706207 2.046375 0.165158 -9.501066 -0.134308 0.229571 17.827288 1.720883 -1.990932 20.861469 -0.719535 2.920571 -2.63748 -0.533918 1.177778 -34.798851 0.148017 0.521841 -0.000219 -4.6e-05 2.3e-05 0.020465 -0.005725 -0.004462 0.129422 -0.005424 0.009884 0.149967 -0.016288 -0.023142 -101.931709 -73.322456 118.132469 16.450569 -73.646271 -2.799101 28.757425 0.123134 0.00057 -5.144845 14.263536 7.924827 17.629704 -26.283445 52.437126 -19.432905 -14.409165 29.397886 0.003496 -8.771214 -0.001854 16.409039 -17.67659 5.792331 -0.610787 -1.793875 -3.889619 -4.810858 -11.032999 -2.938276 -0.000573 -20.933739 -0.004107 -5.01695 -24.98711 -4.040357 -0.000638 0.013865 -0.001049 -10.639421 -5.67895 -3.562421 10.571119 -17.881895 -3.113266 0.000481 -13.791665 -0.000942 -0.506214 -31.084892 -4.028914 -11.757203 -59.648766 7.849334 -13.994383 -7.143143 -2.875689 13.784782 -8.391838 -3.220785 0.350038 -34.182182 0.772759 -0.964261 -17.727474 2.619233 0.001702 -0.009886 0.001748 -17.347891 -20.06892 -4.21423 21.764076 -1.64005 3.864809 0.001985 -6.325396 7e-05 -1.709084 -22.550797 -6.192094 -0.000827 0.006218 -0.000361 50.460358 -75.566246 146.199799 48.719513 -64.892494 -30.279758 23.463591 -0.084585 0.046997 -4.758469 13.778875 2.917047 22.171379 -20.421898 49.995579 -16.676104 -16.732029 28.488768 -0.003876 -12.671388 -0.000169 16.198242 -17.869032 2.68531 -0.108908 -1.509375 -4.275339 -5.033349 -5.608068 -2.958845 0.001892 -11.018744 0.003221 -6.103099 -15.88942 -3.83781 -0.000613 -0.003311 0.000888 -10.272473 -5.657341 -4.340243 11.015343 -11.307664 -2.373072 -1.374484 -14.235703 -6.314096 -0.633614 -26.910946 -3.811727 -4.574213 -50.281109 -3.307099 -13.702102 -7.356539 -3.725736 18.132071 -14.04575 -3.235667 0.004664 -18.783579 0.011248 -0.440071 -8.451503 2.563252 0.004947 -0.005746 -0.000723 -15.908405 -20.078062 -5.481251 30.40704 -7.19018 1.738448 0.005262 -8.160934 0.006485 -1.877892 -22.867601 -6.148349 0.001315 0.012043 0.001656 166.573624 -6.755733 2.242724 67.006325 -0.004093 -0.193234 -66.542091 -7.275507 -8.222138 -11.978515 1.620808 2.124316 -1.002945 -0.00392 -0.001297 8.439922 12.246627 -3.469754 10.078888 0.079255 -0.212191 -81.435387 -11.430671 2.20274 -5.797699 0.734674 1.705054 -0.996778 0.001128 0.000338 
0.0 0.0 0.0 0.0 -0.0 0.0 -2.885674 98.187927 255.543991 86.345604 7.406476 90.160683 2.954897 1.725497 0.252712 -9.39424 -0.061558 0.710759 17.86982 1.302123 -1.54469 20.505621 -1.54197 2.917729 -2.650922 -0.442432 1.272042 -35.0331 0.25465 0.402197 1.3e-05 0.000125 0.00056 0.024026 -0.009393 -0.01758 0.143249 -0.009288 0.000425 0.160629 -0.018665 -0.03586 -103.198708 -72.761581 119.546982 12.736861 -74.136833 -0.063259 29.28545 0.10202 -0.030956 -5.013007 14.303219 7.542232 17.654339 -26.350601 52.459515 -19.472395 -14.367378 29.430704 -0.000245 -8.767071 -0.00151 16.614483 -17.661043 5.770615 -0.609458 -1.8131 -3.895338 -4.805306 -11.055882 -2.943263 0.000438 -21.001347 -0.004866 -5.00549 -25.079088 -4.034979 -0.001479 0.000419 0.001054 -10.63284 -5.702279 -3.569536 10.572646 -17.948103 -3.119068 0.002781 -13.849982 -0.00352 -0.490917 -31.218832 -4.037385 -11.704946 -60.143013 7.85627 -13.977876 -7.16336 -2.880205 13.763801 -8.416718 -3.216148 0.353595 -34.267021 0.760672 -0.960671 -17.754549 2.61871 0.000813 -0.009798 -0.000741 -17.336451 -20.13938 -4.212764 21.740147 -1.635231 3.874304 0.004095 -6.345097 -0.001429 -1.690911 -22.610006 -6.199718 0.00066 0.000113 0.000476 51.992985 -77.526726 144.853638 53.673717 -63.83762 -33.594822 25.065723 -0.27723 -0.009886 -4.602661 12.994135 3.909182 22.168722 -20.379549 49.990459 -16.692579 -16.716173 28.471922 -0.002638 -12.672501 -2.6e-05 16.05702 -17.907774 2.674521 -0.117136 -1.507437 -4.273997 -5.029257 -5.622131 -2.960473 0.004703 -11.027639 -0.000877 -6.112697 -15.909398 -3.846874 -0.001106 0.003238 0.00041 -10.29193 -5.669175 -4.332402 11.041636 -11.312609 -2.379289 -1.372921 -14.236963 -6.325477 -0.622648 -26.930332 -3.830516 -4.56411 -50.166843 -3.434003 -13.713088 -7.360821 -3.72478 18.155415 -14.05969 -3.244365 -0.002041 -18.79258 -0.000783 -0.418919 -8.450175 2.543707 0.003692 0.00014 0.005476 -15.923107 -20.101591 -5.479746 30.416843 -7.20005 1.732565 -0.00306 -8.165951 -9.8e-05 -1.835095 -22.878553 -6.177658 0.001115 0.001024 0.005929 162.294281 -4.794622 2.238113 59.654339 0.004611 -0.222549 -69.434792 -9.226554 -8.505871 -12.135179 1.742914 2.130163 -1.000621 0.001057 0.001738 12.570618 11.072096 -2.025795 6.910067 0.078912 -0.214978 -82.163277 -10.876642 2.186741 -5.662155 0.705363 1.696005 -1.003796 -0.003951 -0.00085 
0.0 0.0 0.0 0.0 -0.0 0.0 -2.909672 97.928299 259.839905 87.037262 6.767634 89.164848 2.984415 1.538676 0.25842 -9.370651 -0.009078 1.039445 17.989222 1.047318 -1.107476 19.944649 -2.317042 2.812438 -2.642955 -0.341672 1.289664 -35.552223 0.319896 0.447021 -0.003413 -0.000179 -0.000598 0.037594 -0.006291 -0.01714 0.177387 -0.00935 0.002318 0.18778 -0.012149 -0.040828 -104.245735 -71.488243 120.774712 9.881285 -73.809303 1.565114 29.642925 0.023447 -0.059921 -4.974276 14.341284 7.553565 17.640629 -26.325253 52.455334 -19.44553 -14.412437 29.413267 0.000342 -8.775712 -0.001012 16.693304 -17.728807 5.795124 -0.608737 -1.791251 -3.892417 -4.807975 -11.038643 -2.933328 5.3e-05 -20.940586 0.001007 -5.012075 -24.984138 -4.02441 -0.000647 0.008136 -0.003717 -10.634583 -5.678684 -3.565015 10.569169 -17.909008 -3.109604 -0.000713 -13.810467 0.002534 -0.501796 -31.169247 -4.026141 -11.428924 -59.891117 7.620178 -13.990151 -7.140729 -2.874395 13.778502 -8.39173 -3.216836 0.344555 -34.166279 0.778825 -0.964342 -17.728773 2.627642 -4.2e-05 2.7e-05 -0.000782 -17.353939 -20.091185 -4.203293 21.768831 -1.637766 3.869328 -0.000224 -6.335145 0.001489 -1.701419 -22.582825 -6.194999 -7.2e-05 0.006242 0.000132 52.086178 -78.345123 143.600067 57.091728 -62.120831 -35.760731 26.551794 -0.30883 -0.040687 -4.541137 12.522998 4.841069 22.16441 -20.361315 49.924553 -16.680178 -16.724319 28.452116 -0.002324 -12.668947 -0.00266 15.874383 -17.935366 2.67801 -0.092932 -1.501145 -4.26801 -5.052442 -5.607776 -2.947676 0.014922 -11.006015 0.00084 -6.095615 -15.861325 -3.84303 -0.001245 -0.000572 0.000542 -10.263461 -5.672214 -4.334098 11.007873 -11.282137 -2.369677 -1.384018 -14.211862 -6.31587 -0.617034 -26.869261 -3.825264 -4.56637 -49.974594 -3.576369 -13.690401 -7.344635 -3.712023 18.115885 -14.025159 -3.240895 -0.007 -18.750689 0.011926 -0.435147 -8.454765 2.554573 -0.000109 0.000141 0.000145 -15.902868 -20.064871 -5.473297 30.372375 -7.188442 1.741521 0.024828 -8.146503 0.00052 -1.869793 -22.845221 -6.172053 0.000384 0.001762 -0.00482 159.389877 -3.486647 1.840141 48.201347 0.007418 -0.213134 -70.010216 -10.484131 -8.423715 -11.66609 1.862814 2.114103 -1.002309 0.002257 6.7e-05 15.35482 10.04331 -1.325572 5.676926 0.057166 -0.310048 -83.390015 -10.211384 2.054018 -5.637862 0.651954 1.673347 -0.996676 -0.003416 -0.001274 
0.0 0.0 0.0 0.0 -0.0 0.0 -2.842504 97.404114 264.136444 87.3759 6.077534 88.315514 2.899953 1.581566 0.258891 -9.410554 0.023746 1.31295 18.13162 0.938381 -0.794175 19.45615 -2.964944 2.676192 -2.616941 -0.276955 1.320479 -36.382275 0.3075 0.524557 -7.7e-05 -0.000226 -0.001122 0.070796 0.010645 0.043852 0.255017 -0.00372 0.068951 0.261115 0.016502 0.006549 -104.584152 -71.141129 121.116806 7.773538 -74.500175 2.760884 29.600544 -0.051979 -0.045051 -4.873368 14.370627 8.074986 17.652218 -26.345638 52.427818 -19.49938 -14.426699 29.432562 0.000872 -8.793736 0.000228 16.827534 -17.697685 5.806857 -0.609221 -1.798918 -3.892384 -4.809842 -11.063569 -2.93605 0.002625 -21.008129 0.002259 -5.025813 -25.082632 -4.025536 -0.002524 0.002595 -0.005266 -10.642278 -5.688971 -3.560889 10.58885 -17.936243 -3.118879 0.000773 -13.831528 -0.000333 -0.505223 -31.156843 -4.02632 -11.222939 -59.791546 7.441672 -13.99858 -7.159888 -2.86693 13.798425 -8.403874 -3.220931 0.353344 -34.266399 0.770026 -0.961456 -17.756618 2.625488 0.000142 -1.8e-05 -0.000234 -17.366997 -20.11191 -4.195036 21.792475 -1.646207 3.867547 0.000345 -6.34333 -0.000147 -1.702456 -22.607069 -6.194874 -0.000836 8e-05 0.000195 53.953812 -80.261871 142.064606 60.460411 -61.018703 -38.189476 27.763489 -0.157744 -0.030475 -4.41831 12.670321 5.539721 22.21381 -20.418423 50.057446 -16.695982 -16.76647 28.502941 0.004936 -12.702378 -0.003341 15.725621 -17.866673 2.688087 -0.102854 -1.508321 -4.279239 -5.047288 -5.623443 -2.958199 0.000661 -11.025401 0.002727 -6.124044 -15.907319 -3.85117 0.003827 -0.009152 0.002619 -10.299021 -5.689862 -4.344978 11.043151 -11.312051 -2.380309 -1.406266 -14.252972 -6.317358 -0.619306 -26.928539 -3.827444 -4.621677 -49.819767 -3.699048 -13.734828 -7.375182 -3.715228 18.178988 -14.051942 -3.249184 -0.011872 -18.800671 -0.002052 -0.435784 -8.466483 2.570126 -0.002005 0.002916 -0.000943 -15.949298 -20.114779 -5.486395 30.472729 -7.200647 1.73891 -0.004909 -8.170363 -0.001836 -1.876682 -22.872938 -6.177298 0.008155 0.003212 -0.002565 158.390579 -2.900182 1.140474 33.428345 0.055696 -0.247024 -68.802528 -10.336558 -8.174144 -11.052878 1.946885 2.079643 -0.994064 -0.002373 -0.00049 17.631739 9.311416 -1.214571 5.290109 0.055439 -0.444329 -84.904205 -9.247655 1.828435 -5.934036 0.595385 1.641279 -0.998048 -0.000787 -0.00043 
0.0 0.0 0.0 0.0 -0.0 0.0 -2.666865 96.762146 268.592468 87.418282 5.46613 87.432098 2.819305 1.780773 0.305389 -9.534324 0.062234 1.536146 18.198259 0.925472 -0.612714 18.868183 -3.567556 2.627859 -2.501713 -0.294967 1.662033 -37.083363 0.253399 0.396032 0.003523 0.000554 -0.001793 0.096261 0.048128 0.165778 0.300854 0.025413 0.203867 0.306384 0.059351 0.115482 -104.383087 -70.308273 120.781883 5.222824 -74.406464 4.523915 29.086365 -0.254205 0.009299 -4.739037 14.324712 9.084952 17.648615 -26.301252 52.403236 -19.443499 -14.386547 29.394737 0.000415 -8.770009 -0.003944 16.874804 -17.444944 5.693562 -0.612198 -1.781609 -3.885556 -4.799367 -11.03713 -2.932991 0.000753 -20.947794 0.000654 -5.00872 -24.971903 -4.031401 -0.004254 -0.010676 0.000665 -10.629533 -5.671865 -3.563797 10.559579 -17.903027 -3.101306 0.000767 -13.803762 0.001497 -0.497683 -31.15205 -4.02826 -11.108431 -59.517525 7.39513 -13.978848 -7.134246 -2.873322 13.768383 -8.395417 -3.211429 0.349791 -34.191051 0.775757 -0.964656 -17.714849 2.62672 0.0 -0.0 0.0 -17.334656 -20.061722 -4.203886 21.742453 -1.65013 3.868382 0.001298 -6.332899 0.000865 -1.697081 -22.580303 -6.184004 -0.000269 -0.006304 0.001535 54.32513 -80.925873 140.612869 62.766228 -59.389153 -40.212742 28.644581 0.004258 -0.046013 -4.076773 13.179935 6.069468 22.143379 -20.340513 49.870216 -16.648062 -16.718199 28.411131 0.001073 -12.663707 -0.004077 15.491701 -17.78504 2.809973 -0.100558 -1.505965 -4.268335 -5.024701 -5.598756 -2.94652 -0.002339 -10.994922 -0.001931 -6.098621 -15.861103 -3.827633 -0.003362 0.000276 -0.001501 -10.272195 -5.671306 -4.334687 11.011781 -11.280105 -2.368066 -1.378268 -14.218987 -6.304481 -0.643557 -26.870354 -3.80959 -4.631677 -49.257107 -3.675077 -13.689158 -7.353768 -3.717605 18.117481 -14.007872 -3.235816 -0.013227 -18.750141 0.006033 -0.436234 -8.43286 2.557605 0.007264 -0.008401 0.003879 -15.887705 -20.057467 -5.474054 30.343313 -7.171034 1.739761 -0.000939 -8.144107 0.003645 -1.867724 -22.800636 -6.138837 -0.004272 3.1e-05 0.004848 158.587357 -2.721 0.437385 18.032476 0.114528 -0.253621 -68.19632 -7.650433 -9.497943 -11.207896 2.063407 1.960946 -0.995892 -0.000914 -0.001295 20.0413 8.840139 -1.508203 5.212412 0.002508 -0.395557 -86.058243 -8.221164 1.299258 -6.676623 0.57688 1.630692 -1.003765 -0.00255 -0.000827 
0.0 0.0 0.0 0.0 -0.0 0.0 -2.442681 95.969841 273.415619 87.425407 4.653012 86.547493 2.328058 1.927832 0.379401 -9.714966 0.147046 1.59353 18.36569 1.096429 -0.352456 18.252123 -4.159202 2.519094 -2.401274 -0.369904 2.012723 -37.415142 0.22665 0.2759 0.003118 -0.000654 0.001302 0.101621 0.063127 0.208468 0.319467 0.035015 0.242542 0.318031 0.079305 0.156271 -105.469833 -69.94722 121.989899 4.684243 -74.474091 4.982944 28.146749 -0.281703 0.013838 -4.547381 14.222478 9.605891 17.616392 -26.293549 52.375721 -19.446802 -14.392445 29.368717 7.5e-05 -8.764159 -0.000716 16.886272 -17.348307 5.571646 -0.608733 -1.80631 -3.889619 -4.804778 -11.0268 -2.92925 0.002579 -20.943718 -0.000769 -5.011776 -24.993021 -4.032234 0.0 -0.008456 -0.001115 -10.627388 -5.695036 -3.553792 10.564695 -17.902573 -3.110657 0.000261 -13.819911 0.000119 -0.504354 -31.171289 -4.018617 -11.368268 -59.726795 7.528327 -13.972378 -7.156452 -2.866437 13.763413 -8.379916 -3.215079 0.34749 -34.170647 0.769394 -0.961457 -17.722633 2.61763 8.4e-05 -1e-06 -7.4e-05 -17.339231 -20.085636 -4.186484 21.753414 -1.630178 3.857451 -0.000474 -6.331629 -0.000276 -1.700658 -22.557867 -6.184916 0.000782 -0.00625 -0.000852 56.056183 -82.309486 139.307327 64.189445 -58.469677 -40.977818 29.43495 0.157093 -0.129757 -3.582444 13.852152 6.592972 22.136492 -20.348074 49.904129 -16.696209 -16.698196 28.478386 -0.003924 -12.68375 -0.001942 15.41712 -17.902349 2.928095 -0.126493 -1.520253 -4.279079 -5.017218 -5.606043 -2.95759 0.002775 -11.012136 -0.00807 -6.111204 -15.901162 -3.843931 0.003985 -0.001049 0.002122 -10.290611 -5.687012 -4.336856 11.027587 -11.275777 -2.375421 -1.367408 -14.219636 -6.32266 -0.618263 -26.858238 -3.837418 -4.600819 -49.014545 -3.73642 -13.719297 -7.361084 -3.715987 18.131313 -14.031541 -3.240953 0.007075 -18.762323 -0.006266 -0.419801 -8.445224 2.539465 0.004259 0.007192 0.002763 -15.92377 -20.086988 -5.488811 30.40221 -7.188622 1.740707 -0.018018 -8.160677 0.004339 -1.840954 -22.811707 -6.143503 -0.008251 -0.003049 0.003002 158.896011 -2.418994 -1.115514 5.352302 0.128926 -0.196621 -68.184006 -4.665163 -12.896049 -11.2782 2.000618 1.840133 -1.007344 -0.001006 0.004666 22.376686 8.256673 -1.777846 5.212118 0.001601 -0.410468 -86.620918 -6.882663 0.463078 -8.073825 0.553123 1.612849 -1.004164 -0.000227 -0.000929 
0.0 0.0 0.0 0.0 -0.0 0.0 -2.196319 95.455139 278.431335 87.781487 3.900657 85.969025 1.819224 1.881868 0.433235 -9.999624 0.167335 1.476578 18.657742 1.097058 -0.068279 17.59304 -4.557586 2.547511 -2.367557 -0.501324 2.022391 -37.678192 0.291153 0.361876 -3.6e-05 -0.000406 0.000237 0.101859 0.056951 0.192941 0.232235 0.023174 0.208993 0.223419 0.080993 0.159019 -107.739677 -69.62191 124.43206 6.191597 -74.160561 3.631908 26.796516 -0.134423 -0.022267 -4.505276 14.089382 9.563874 17.665857 -26.374857 52.511517 -19.479103 -14.42347 29.439228 -5e-05 -8.784669 0.000659 16.803631 -17.302799 5.494385 -0.610857 -1.791462 -3.89789 -4.816052 -11.063179 -2.937482 -0.002557 -20.98847 0.001113 -5.036395 -25.046551 -4.038183 -0.000373 -0.003142 -0.000842 -10.655684 -5.691496 -3.568605 10.597095 -17.936129 -3.115264 -0.002614 -13.832835 0.001869 -0.507015 -31.223001 -4.036939 -11.236629 -59.802971 7.310917 -14.011105 -7.148711 -2.876316 13.791224 -8.404859 -3.219871 0.345605 -34.218632 0.780504 -0.966494 -17.742809 2.626468 -0.0 0.009883 -0.000384 -17.378338 -20.104839 -4.207523 21.795647 -1.6496 3.871594 -0.000221 -6.341451 0.001693 -1.709078 -22.600719 -6.193118 6.5e-05 -0.006213 -0.002587 56.761292 -82.732559 138.731049 64.252953 -57.785492 -40.662144 30.240229 -0.108375 -0.129471 -3.036206 14.429173 7.066854 22.245678 -20.444515 50.010712 -16.697908 -16.762781 28.491653 -0.0017 -12.705335 -0.005647 15.436865 -18.013626 2.915426 -0.102775 -1.512688 -4.268052 -5.032037 -5.612262 -2.959575 -0.010959 -11.023845 0.011813 -6.114489 -15.898355 -3.827884 -0.000775 0.000541 -0.003192 -10.278354 -5.676146 -4.330431 11.038882 -11.308334 -2.365991 -1.390764 -14.239577 -6.321407 -0.632584 -26.936365 -3.809526 -4.792889 -49.058128 -3.780493 -13.70251 -7.358943 -3.717774 18.148985 -14.068379 -3.235512 -0.009752 -18.802219 0.020546 -0.432121 -8.458879 2.545229 -0.008674 0.005338 0.001625 -15.920884 -20.103819 -5.462622 30.436356 -7.19274 1.744156 0.009173 -8.177586 -0.005393 -1.878013 -22.898758 -6.170144 -0.006057 -0.014375 -0.010105 157.291122 -1.390207 -3.444144 2.420478 0.074627 -0.203027 -69.43969 -3.703493 -16.115206 -11.372149 1.977286 1.722036 -1.000577 0.000275 0.002024 24.787838 7.166001 -2.302496 5.250623 -0.031928 -0.334491 -84.942627 -5.617818 -0.884619 -11.050614 0.592982 1.556514 -0.992791 0.003334 0.002204 
0.0 0.0 0.0 0.0 -0.0 0.0 -1.945888 95.126625 283.913818 88.562576 3.502619 85.541862 1.378304 1.498591 0.39013 -10.300889 0.174007 1.57363 18.612701 0.86274 -0.106111 17.534256 -4.733618 2.643288 -2.297273 -0.502275 2.005988 -37.379868 0.434594 0.477213 0.002848 0.000266 -0.002357 0.132127 0.064888 0.214953 0.176619 0.03458 0.210707 0.168111 0.080537 0.206223 -108.745102 -69.038872 125.660454 7.52197 -73.25058 2.102768 25.207886 -0.194768 -0.072261 -4.942637 14.095345 9.062957 17.627333 -26.294281 52.40292 -19.455872 -14.35848 29.384182 -0.000587 -8.76292 -0.002576 16.955008 -17.434507 5.517597 -0.609184 -1.789783 -3.888781 -4.805235 -11.04947 -2.93959 -0.001827 -20.973978 -0.003362 -5.015473 -25.05073 -4.030179 -0.002535 0.010846 -0.007443 -10.622562 -5.684813 -3.5639 10.564088 -17.919983 -3.115713 -0.000682 -13.835779 -0.000982 -0.499024 -31.216568 -4.035676 -11.394701 -59.907242 7.496603 -13.9686 -7.144389 -2.877312 13.75268 -8.392339 -3.215943 0.348776 -34.173458 0.758889 -0.961023 -17.715227 2.616743 -0.000499 5.9e-05 -6.5e-05 -17.327723 -20.09481 -4.206543 21.731604 -1.626539 3.866951 -0.000139 -6.334939 -0.001285 -1.694212 -22.55607 -6.194133 0.000108 0.00028 -0.000798 57.041538 -82.394188 137.527039 63.550751 -58.067333 -39.968681 30.959106 -0.261238 -0.135129 -2.492042 14.901175 6.900339 22.153248 -20.326374 49.88377 -16.674545 -16.709784 28.43609 -0.000607 -12.664774 -0.006117 15.421198 -17.939768 2.838822 -0.10889 -1.516378 -4.268285 -5.02499 -5.603322 -2.951462 -0.0034 -11.003017 -0.001945 -6.10624 -15.876609 -3.818508 0.003863 0.001042 -0.005371 -10.276681 -5.678341 -4.329334 11.013418 -11.285069 -2.370738 -1.376402 -14.219374 -6.313951 -0.627298 -26.881372 -3.81979 -4.698395 -49.247234 -3.823061 -13.678135 -7.354709 -3.704562 18.109581 -14.031398 -3.246978 -0.009673 -18.757605 -0.008302 -0.434496 -8.443916 2.532488 -0.007503 0.00317 0.013862 -15.887611 -20.065268 -5.47477 30.336439 -7.178804 1.735186 0.006696 -8.147077 -0.004709 -1.860459 -22.818319 -6.175619 0.009436 0.00864 -0.000583 157.519119 0.073557 -5.882652 4.211115 0.106849 -0.403167 -69.650764 -2.80424 -16.056513 -12.072227 2.060603 1.688068 -0.992267 0.000665 0.002663 27.009489 5.558992 -2.972179 6.264603 -0.054942 -0.161697 -81.206825 -4.478535 -2.1656 -15.511503 0.725108 1.518889 -0.992159 -0.003037 -0.000858 
0.0 0.0 0.0 0.0 -0.0 0.0 -1.547519 95.116249 289.910583 90.72789 2.723007 85.181473 0.477087 0.147768 0.541773 -10.691441 0.065624 1.660959 18.300207 0.233117 -0.086182 17.675137 -4.689439 2.794998 -2.328171 -0.295268 1.944577 -36.497288 0.380926 0.490533 0.003041 -5.8e-05 -6.4e-05 0.115208 0.07128 0.203174 0.187826 0.035696 0.192598 0.172031 0.096768 0.196738 -111.925072 -68.62413 128.895035 7.618711 -71.917229 1.779927 24.237038 -0.074944 0.017447 -5.605162 14.221394 8.450766 17.639896 -26.29248 52.439613 -19.468058 -14.395749 29.419605 0.001286 -8.764306 -0.000558 16.847677 -17.432123 5.740132 -0.609788 -1.788283 -3.89598 -4.814587 -11.056941 -2.937397 0.003317 -20.988922 -0.007847 -5.016057 -25.032711 -4.051373 0.005561 -0.000451 0.002875 -10.638839 -5.687709 -3.566812 10.568732 -17.91818 -3.114788 0.00443 -13.812449 -0.004089 -0.487581 -31.159409 -4.037054 -11.880945 -59.996513 8.130803 -13.991885 -7.147757 -2.87895 13.776552 -8.398134 -3.221226 0.357868 -34.199703 0.758954 -0.958518 -17.714224 2.617546 -0.001297 0.009951 -0.001699 -17.353638 -20.099751 -4.215815 21.757746 -1.644142 3.871451 0.001064 -6.343464 -0.001168 -1.697512 -22.600723 -6.195501 0.001588 0.006348 -0.000336 52.394131 -81.843704 142.212692 60.59597 -59.024677 -36.886715 31.360029 -0.23224 -0.077843 -2.238143 15.200868 5.961493 22.16177 -20.320898 49.926682 -16.710171 -16.73221 28.467684 0.003195 -12.68779 0.003378 15.520758 -18.00869 2.703158 -0.101068 -1.495475 -4.266832 -5.036879 -5.626909 -2.94988 -0.010105 -11.02654 -0.011373 -6.128853 -15.916397 -3.837091 0.000126 0.001217 0.002216 -10.273016 -5.673274 -4.325914 11.016459 -11.312672 -2.389835 -1.383584 -14.2649 -6.327443 -0.623304 -26.978706 -3.852222 -4.494089 -49.450447 -4.156115 -13.712125 -7.35391 -3.71802 18.152121 -14.055518 -3.255671 -0.005444 -18.784403 -0.022845 -0.429756 -8.466137 2.535849 -0.003374 0.005546 0.009326 -15.919735 -20.082851 -5.465824 30.408293 -7.178704 1.718528 -0.001238 -8.159069 0.002877 -1.866562 -22.817579 -6.166162 -2e-06 -0.019849 0.011898 157.726608 3.064955 -6.445875 8.054647 0.192165 -0.6468 -65.611252 -4.064742 -10.52101 -12.359869 1.952825 1.845663 -0.997318 0.001828 0.001046 27.420689 2.270371 -5.044473 9.518153 -0.069558 0.079408 -76.726814 -2.225154 -3.83945 -22.484556 0.932941 1.50029 -0.990429 0.000305 -5.7e-05 
0.0 0.0 0.0 0.0 -0.0 0.0 -1.079865 95.33316 296.216309 93.694328 1.980555 85.130325 -0.485724 -1.33845 0.416833 -11.090741 -0.207969 2.039724 17.964611 -1.044958 -0.130295 17.521477 -4.152254 2.939915 -2.358076 -0.358517 1.54378 -35.775524 0.486754 0.676515 0.00293 0.00069 -0.000889 0.069211 0.0452 0.117417 0.195605 0.009827 0.121793 0.166406 0.072659 0.103318 -116.098068 -68.095207 132.584244 7.053343 -70.118446 1.872827 23.398201 0.12382 0.042095 -5.842159 14.656778 7.833882 17.678576 -26.385359 52.60054 -19.485933 -14.405947 29.467978 -0.000553 -8.784563 -0.00287 16.77833 -17.402128 5.68228 -0.617114 -1.800312 -3.898856 -4.808513 -11.052271 -2.948833 0.000491 -20.994469 -0.00452 -5.018561 -25.066221 -4.056602 -0.001416 -0.011905 -0.000242 -10.654401 -5.702388 -3.573492 10.581737 -17.924948 -3.114572 0.000295 -13.827767 0.001136 -0.504886 -31.184721 -4.035236 -11.647694 -60.030636 7.767673 -14.004407 -7.154154 -2.889354 13.786074 -8.405213 -3.224329 0.352107 -34.231289 0.772427 -0.967006 -17.733665 2.626997 0.000874 -4.1e-05 -0.0 -17.384724 -20.123638 -4.222844 21.789993 -1.63921 3.879224 -2.7e-05 -6.339918 0.000288 -1.695032 -22.581182 -6.209957 -0.000403 -0.006436 0.00019 46.527534 -80.671379 148.59346 56.368744 -60.142841 -32.9063 31.382984 -0.055518 0.060245 -2.156457 15.219718 4.945507 22.235004 -20.454884 50.068455 -16.701815 -16.75971 28.521774 0.001279 -12.699987 -0.008872 15.648309 -17.860704 2.60853 -0.096468 -1.513277 -4.294558 -5.054841 -5.623639 -2.9536 0.000786 -11.041013 -0.001409 -6.098505 -15.923203 -3.857629 0.003777 -0.001374 -0.003915 -10.292593 -5.689679 -4.360299 11.035644 -11.316186 -2.370053 -1.38063 -14.249516 -6.329574 -0.630815 -26.941669 -3.819452 -4.57613 -49.314129 -4.080666 -13.716869 -7.366149 -3.737325 18.144053 -14.066958 -3.241709 0.008566 -18.821278 0.022818 -0.438358 -8.462348 2.564071 -0.002442 0.001817 -0.000359 -15.916496 -20.108137 -5.507145 30.39637 -7.202434 1.749595 0.017642 -8.165144 0.007317 -1.844937 -22.830168 -6.155973 -0.008763 -0.003155 0.002463 156.686874 7.125782 -5.41808 13.387283 0.008267 -0.831517 -61.734543 -7.409386 -5.77282 -10.637471 1.726912 1.99037 -0.992107 -0.00148 -0.002358 25.644001 -2.02149 -7.806855 16.082998 -0.234552 0.454997 -69.418083 0.203535 -5.342119 -31.663404 1.184773 1.482705 -1.002775 -0.003933 -0.002837 
0.0 0.0 0.0 0.0 -0.0 0.0 -0.702916 95.741066 302.170105 95.940628 2.050372 85.679947 -0.846999 -2.09649 0.258798 -11.168212 -0.478074 2.440197 17.74198 -2.565536 -0.52843 17.689373 -3.442281 2.979959 -2.560955 -0.492812 1.029489 -35.752151 0.541636 0.745762 -0.00394 -7.3e-05 -0.000123 0.071915 -0.015933 -0.031556 0.112692 -0.025897 -0.040459 0.074636 -0.014946 -0.030005 -115.938354 -68.77079 132.213638 8.35343 -70.310753 -0.194331 23.201288 0.186276 0.01619 -5.614932 15.4882 7.459327 17.66939 -26.371834 52.539982 -19.507483 -14.433416 29.462465 0.002127 -8.791557 0.000142 16.740532 -17.522987 5.880003 -0.60942 -1.789693 -3.899674 -4.826061 -11.071233 -2.936896 0.00501 -21.021761 0.00419 -5.047017 -25.093365 -4.028472 0.007107 -0.000535 -0.001726 -10.662366 -5.67895 -3.5705 10.601213 -17.970043 -3.122753 0.000864 -13.850441 -0.000797 -0.507353 -31.286259 -4.035125 -11.847746 -60.178379 8.071841 -14.021042 -7.151469 -2.875933 13.810605 -8.417237 -3.230011 0.350336 -34.270741 0.774304 -0.964995 -17.763247 2.627191 -4.7e-05 -0.00867 -0.00118 -17.394154 -20.134686 -4.208346 21.823225 -1.643608 3.871814 0.000265 -6.350526 -0.000454 -1.702949 -22.637556 -6.199925 0.003594 0.004976 -0.006132 46.911186 -80.151161 149.031006 54.840759 -61.994976 -32.018089 29.958157 0.258689 0.068671 -2.141047 15.399242 3.766502 22.194914 -20.389112 50.033028 -16.719759 -16.763905 28.510975 -0.002416 -12.705325 0.004443 15.867022 -17.844259 2.552982 -0.104104 -1.509504 -4.274405 -5.040268 -5.627444 -2.967673 -0.001112 -11.036551 0.002219 -6.118658 -15.923685 -3.843629 -3.2e-05 -0.000719 0.003051 -10.29957 -5.680398 -4.341456 11.054396 -11.319284 -2.382444 -1.387479 -14.265678 -6.321457 -0.632591 -26.970366 -3.833454 -4.462042 -49.493889 -3.803262 -13.717846 -7.365138 -3.724024 18.147596 -14.086315 -3.256957 0.018758 -18.837591 -0.000896 -0.439348 -8.45402 2.550719 -0.0 -0.007117 0.0039 -15.937408 -20.120842 -5.489749 30.452515 -7.209968 1.731838 -0.006892 -8.173467 -0.005203 -1.831672 -22.89258 -6.202943 -0.007711 0.003079 -0.002865 157.100067 10.582866 -4.292017 19.166988 -0.140824 -0.773169 -64.166611 -10.386956 -3.098515 -8.721957 1.649168 2.01382 -0.998078 0.001225 0.002132 21.896685 -6.115864 -9.218315 26.658358 -0.333529 0.763278 -57.424973 2.405538 -6.669574 -39.075733 1.266949 1.475984 -1.004913 -0.006984 -0.003744 
0.0 0.0 0.0 0.0 -0.0 0.0 -0.48926 96.246849 307.870056 97.063835 2.808257 85.966599 -0.545884 -2.491883 0.254956 -11.018911 -0.641112 2.465676 17.509245 -3.184546 -0.651131 17.921394 -3.302945 2.961619 -2.565622 -0.607976 1.031431 -35.829853 0.226729 0.491192 0.004058 0.000636 0.001493 0.066304 -0.009574 -0.027197 0.060561 0.002339 -0.04857 0.052039 -0.028694 -0.011965 -113.691597 -69.39743 130.033081 10.279572 -71.061363 -2.137736 24.385038 0.245136 0.027703 -5.290593 15.99231 7.011395 17.588562 -26.335592 52.387299 -19.43836 -14.365034 29.377474 -0.003137 -8.75761 0.003623 16.440495 -17.486053 6.025658 -0.607446 -1.799205 -3.885643 -4.799397 -11.044491 -2.937313 -0.003331 -20.995272 0.008539 -5.018867 -25.078449 -4.013989 0.00018 0.007559 -0.001417 -10.609188 -5.686874 -3.558583 10.549053 -17.917753 -3.110794 -0.002462 -13.823349 0.00728 -0.507768 -31.184271 -4.014894 -12.250508 -60.00666 8.43355 -13.946584 -7.149772 -2.870994 13.741101 -8.399042 -3.213168 0.340505 -34.235653 0.776535 -0.969226 -17.755016 2.623723 0.000322 0.010396 -0.000136 -17.298059 -20.088413 -4.199721 21.689558 -1.640481 3.860531 -0.00025 -6.336186 -0.000181 -1.692995 -22.590294 -6.175938 -0.000537 -0.005594 -6.5e-05 49.582043 -79.901413 146.432022 54.711899 -63.607597 -32.165981 27.237183 0.392056 0.180424 -2.674963 14.895215 2.815596 22.187597 -20.394566 49.96447 -16.699392 -16.743635 28.482008 -0.00262 -12.697053 0.005054 16.027342 -17.86557 2.489389 -0.102848 -1.522723 -4.2872 -5.02683 -5.598347 -2.947274 -0.003455 -11.027421 -0.005361 -6.108544 -15.898915 -3.833002 -0.002434 0.000546 -0.00225 -10.279833 -5.673437 -4.339961 11.031796 -11.303335 -2.377482 -1.381598 -14.236826 -6.316236 -0.606125 -26.915142 -3.824506 -4.214079 -49.306755 -3.949358 -13.694314 -7.35948 -3.726276 18.130409 -14.057782 -3.244034 0.014886 -18.790054 0.006009 -0.421519 -8.463643 2.551415 -0.00503 0.005877 0.000422 -15.910261 -20.102577 -5.484628 30.43854 -7.199448 1.740495 -0.007964 -8.172205 0.002777 -1.854391 -22.888536 -6.175304 -0.001056 -0.002433 0.000333 160.028351 12.449647 -3.86721 22.416574 -0.07443 -0.756058 -69.716698 -11.391741 -1.369186 -8.136743 1.660077 2.045452 -0.999871 0.000488 0.001269 16.402521 -9.299952 -8.287243 38.983967 -0.502317 0.912087 -42.764816 5.526776 -9.234108 -28.52585 1.005171 1.511196 -0.999748 0.002601 0.002364 
0.0 0.0 0.0 0.0 -0.0 0.0 -0.277658 96.592346 313.084686 97.821243 3.756149 86.112244 -0.006296 -2.97111 0.247518 -10.758522 -0.826577 2.27586 17.503595 -3.450759 -0.884263 18.159887 -3.179462 3.181977 -2.553426 -0.601702 1.028598 -36.389336 -0.170436 0.516074 0.001619 -0.000577 0.000117 0.034366 0.016063 0.01439 0.016338 0.036265 -0.001533 0.017737 -0.010967 0.014599 -111.078659 -70.079956 127.625389 13.479295 -71.887695 -4.325721 26.941418 0.084637 0.006076 -4.843297 16.000299 6.452746 17.638464 -26.300604 52.393394 -19.451372 -14.388026 29.384573 -0.000753 -8.76939 -0.000234 16.284353 -17.745646 6.164328 -0.607428 -1.800002 -3.887785 -4.806932 -11.049584 -2.931322 0.001817 -20.988333 -0.000202 -5.025533 -25.056177 -4.02704 5.6e-05 -0.000573 -0.002105 -10.634871 -5.68262 -3.557688 10.576035 -17.925766 -3.110687 0.000776 -13.830389 -0.001139 -0.499742 -31.19639 -4.028463 -12.529645 -60.158058 8.680611 -13.978065 -7.139374 -2.870044 13.762688 -8.396315 -3.21516 0.349463 -34.18639 0.76967 -0.964849 -17.715513 2.6199 0.000248 0.000968 0.000177 -17.336563 -20.083664 -4.196695 21.737633 -1.636999 3.863918 0.001165 -6.334298 -0.000243 -1.697085 -22.578613 -6.186809 0.0 -0.005642 -0.001596 50.982307 -79.391617 145.395813 54.841919 -64.31118 -31.937529 24.229963 0.265145 0.172807 -3.147671 13.810184 3.559119 22.165478 -20.305979 49.851608 -16.692394 -16.746153 28.43243 0.004619 -12.67758 0.002878 16.047668 -18.013235 2.558583 -0.104199 -1.504756 -4.271179 -5.026772 -5.610676 -2.946402 -0.006736 -10.999857 -0.0004 -6.110848 -15.870227 -3.840374 0.000159 -0.006588 -0.000823 -10.265298 -5.674769 -4.324738 11.008042 -11.289834 -2.378535 -1.37711 -14.225936 -6.307024 -0.633969 -26.887772 -3.827636 -4.046283 -49.248966 -4.088266 -13.696968 -7.360632 -3.705268 18.122757 -14.027751 -3.246552 -0.006606 -18.768456 -0.009991 -0.422444 -8.45304 2.556687 -0.000972 0.001424 -0.003533 -15.920979 -20.085972 -5.458072 30.401394 -7.173727 1.734864 0.00966 -8.161413 -0.000813 -1.864169 -22.830271 -6.163774 0.002407 0.010146 0.006402 164.482391 13.87394 -3.558394 22.631393 0.015155 -0.677542 -74.34697 -11.743512 -0.248568 -7.348376 1.59938 2.084208 -0.992901 -0.002718 -0.000537 9.914627 -11.277046 -6.122692 51.143959 -0.878135 0.820276 -35.154808 7.729553 -11.30534 -10.50902 0.743716 1.637163 -1.005688 0.002376 -0.00452 
0.0 0.0 0.0 0.0 -0.0 0.0 -0.184883 97.19696 317.997711 97.74649 4.607594 86.540611 0.54763 -3.122312 0.122135 -10.539642 -0.968282 1.969313 17.682173 -3.218017 -1.263549 18.46212 -3.158507 3.363582 -2.61851 -0.537985 1.058797 -36.498768 -0.564862 0.769267 0.0 -0.0 0.0 0.036302 0.025697 0.041641 0.016128 0.029611 0.033556 0.025795 0.01513 0.042057 -110.297142 -70.445961 126.927361 17.625177 -71.543259 -6.609514 29.727108 -0.134697 -0.021074 -4.272471 15.691149 6.656935 17.631002 -26.299082 52.374207 -19.445101 -14.375031 29.37216 -0.003517 -8.767636 0.000467 16.173235 -18.060719 6.232034 -0.610584 -1.802181 -3.887076 -4.802644 -11.050174 -2.938225 0.003619 -20.975288 -0.002469 -5.019012 -25.056025 -4.025859 -0.001136 -0.008039 0.000137 -10.625963 -5.686353 -3.557902 10.561479 -17.892756 -3.113425 -0.000388 -13.801252 -0.001664 -0.49633 -31.118319 -4.025248 -12.497346 -59.961781 8.652224 -13.973538 -7.152331 -2.871429 13.75564 -8.385168 -3.21369 0.352897 -34.143951 0.765536 -0.96059 -17.704197 2.613248 0.002152 -0.019705 -0.001586 -17.333855 -20.084484 -4.197725 21.734833 -1.639484 3.863412 0.004431 -6.333482 -0.001145 -1.697907 -22.566448 -6.18778 0.002087 -0.005821 -0.001003 49.846081 -78.379036 147.225586 53.998196 -64.120323 -30.29167 21.610924 0.251811 0.149618 -3.8768 12.809813 4.304028 22.176678 -20.364326 49.943134 -16.702438 -16.743235 28.491217 -0.001043 -12.683234 0.003037 16.136206 -18.225824 2.519395 -0.101878 -1.512846 -4.27736 -5.040341 -5.609756 -2.950448 -0.005059 -11.022623 -0.001216 -6.101924 -15.904729 -3.834389 -0.001481 0.003673 -0.000443 -10.285474 -5.687064 -4.331717 11.033246 -11.293159 -2.376857 -1.383984 -14.240365 -6.328938 -0.612871 -26.928148 -3.836224 -3.960964 -49.652275 -4.109985 -13.709847 -7.358416 -3.717673 18.142982 -14.060171 -3.248415 -0.003326 -18.783926 -0.00553 -0.431359 -8.431102 2.563205 0.003541 -0.018356 0.004101 -15.928807 -20.103861 -5.470186 30.42827 -7.185853 1.735792 0.005018 -8.165482 -0.001352 -1.865008 -22.840431 -6.175044 0.003862 0.0025 0.0 169.80722 14.389582 -2.627486 20.942318 0.022525 -0.610129 -77.067383 -11.891808 0.158914 -6.822114 1.535703 2.06377 -0.999983 0.001477 -0.000147 3.345488 -11.408951 -4.213771 60.821396 -0.82949 0.582482 -39.576195 4.578169 -12.206409 -8.758285 0.719703 1.695875 -0.996459 0.000721 0.003944 
0.0 0.0 0.0 0.0 -0.0 0.0 -0.174779 97.949013 322.641693 96.71331 5.430824 87.062386 1.142121 -2.820414 -0.01155 -10.256513 -1.010235 1.44907 17.745089 -2.45087 -1.592275 19.024044 -3.174024 3.315351 -2.615622 -0.520514 1.139484 -36.180351 -0.783271 0.977142 -0.002814 0.000392 -0.001831 0.041728 0.039193 0.09789 0.055728 0.015715 0.103283 0.085571 0.057741 0.087215 -109.883736 -71.019928 126.437141 22.615076 -70.976669 -9.427925 31.604109 -0.191159 -0.045305 -3.780021 15.635466 7.44045 17.613274 -26.302542 52.404099 -19.423145 -14.371758 29.377464 0.001556 -8.757906 -0.002947 15.961641 -18.191031 6.339641 -0.610109 -1.795445 -3.889959 -4.794411 -11.015833 -2.932367 -0.002851 -20.922554 0.002438 -5.004288 -24.957973 -4.021821 -0.001231 -0.011467 9.8e-05 -10.615421 -5.668031 -3.564123 10.551109 -17.884216 -3.103538 0.001894 -13.784142 0.001354 -0.498095 -31.078314 -4.016211 -12.300567 -59.808048 8.551523 -13.954638 -7.136903 -2.875422 13.733441 -8.375652 -3.208819 0.341371 -34.107136 0.779239 -0.961072 -17.688915 2.614078 0.002698 -0.020135 0.000396 -17.309261 -20.048058 -4.203578 21.709898 -1.640882 3.860072 -0.000133 -6.321608 0.002623 -1.6987 -22.511656 -6.177421 0.000752 -0.006388 -0.000662 49.431137 -77.400665 147.967743 52.309681 -64.23658 -28.440212 19.711309 0.358347 0.10524 -4.90376 12.225898 4.269777 22.14735 -20.355707 49.944214 -16.673779 -16.728745 28.454714 -0.001474 -12.67249 0.003162 16.347824 -18.242466 2.333147 -0.110472 -1.516315 -4.280475 -5.035414 -5.604078 -2.950102 -0.001132 -11.006544 -0.000839 -6.103965 -15.883573 -3.843366 0.001001 0.000755 0.000295 -10.275536 -5.669091 -4.338807 11.011505 -11.289565 -2.375875 -1.384495 -14.215637 -6.315822 -0.620139 -26.865717 -3.824 -3.908238 -49.682819 -4.209976 -13.704747 -7.365122 -3.720187 18.128756 -14.03071 -3.238015 -0.004321 -18.780544 -0.003989 -0.426422 -8.455565 2.566697 0.003661 2e-06 0.000405 -15.903171 -20.070614 -5.478479 30.361609 -7.179022 1.737514 -0.004508 -8.146116 -8e-05 -1.855113 -22.832582 -6.162916 0.000647 -0.000351 0.002698 176.052383 13.683224 -1.119516 17.155695 0.008179 -0.51765 -78.236916 -11.761744 0.447429 -6.687308 1.521975 2.053537 -0.999944 -0.000598 0.000234 -2.529972 -9.925938 -3.097282 65.811249 -0.480737 0.360584 -46.589283 -1.6931 -12.164689 -9.297023 0.733682 1.653656 -0.990919 0.000142 -0.008235 
0.0 0.0 0.0 0.0 -0.0 0.0 -0.222801 98.601509 327.047852 95.240585 6.071799 87.927711 1.767654 -2.393817 -0.177685 -9.972485 -0.989651 0.743799 17.640696 -1.465522 -1.92355 19.628057 -2.904208 3.245056 -2.568348 -0.565242 1.162043 -35.796631 -0.922246 1.127559 -0.000494 9.5e-05 -0.000314 0.062054 0.038662 0.102018 0.075825 0.000283 0.115912 0.108308 0.070496 0.084701 -108.065712 -72.071411 124.385971 28.136791 -70.693047 -12.503325 32.957226 -0.042485 -0.062732 -3.625486 15.678939 8.66038 17.600779 -26.321728 52.44072 -19.412687 -14.362868 29.394157 0.001391 -8.752958 0.003717 15.70692 -18.260141 6.483707 -0.604766 -1.782399 -3.882609 -4.798343 -11.032162 -2.933518 0.001176 -20.918774 -0.00201 -4.997693 -24.987549 -4.017558 -0.000571 0.007983 0.002846 -10.607496 -5.657875 -3.559513 10.539151 -17.884495 -3.103825 -0.000488 -13.782461 0.004247 -0.503271 -31.088648 -4.019244 -12.117258 -59.752441 8.487451 -13.947438 -7.140379 -2.876584 13.732089 -8.37309 -3.205457 0.336678 -34.128708 0.79104 -0.976478 -17.685532 2.627606 -0.000742 0.010419 -0.007117 -17.31262 -20.054125 -4.20493 21.719477 -1.637328 3.866202 -0.000263 -6.329475 0.000476 -1.696246 -22.549969 -6.166284 -0.002915 0.000618 -0.003985 50.719604 -76.735764 146.781235 50.004971 -65.017776 -26.243326 18.913271 0.535766 0.066273 -5.914629 11.886106 4.225395 22.155846 -20.396143 50.021996 -16.690327 -16.730034 28.504404 -0.004872 -12.670815 0.005927 16.449577 -18.094126 2.314811 -0.11128 -1.513347 -4.279644 -5.031711 -5.616218 -2.95737 0.003552 -11.030186 0.000276 -6.104679 -15.913803 -3.842313 -0.001995 0.003781 0.000518 -10.278035 -5.66964 -4.351261 11.018215 -11.316703 -2.368555 -1.375287 -14.257523 -6.327081 -0.615454 -26.971458 -3.83267 -3.916344 -49.989704 -4.246933 -13.70459 -7.354352 -3.729893 18.138157 -14.063261 -3.243278 0.000453 -18.802055 -0.002292 -0.427398 -8.446611 2.564896 0.00196 -0.007765 -0.002847 -15.893146 -20.084833 -5.492662 30.366539 -7.198716 1.727273 -0.0004 -8.157211 -0.001472 -1.85123 -22.882465 -6.158338 0.002388 0.001009 -0.00378 -177.271255 12.241431 0.64595 11.810459 -0.013983 -0.436419 -78.723228 -11.466962 0.797531 -6.710954 1.566909 2.062695 -1.000472 0.000821 -0.000429 -7.672213 -7.848 -2.794942 66.492874 -0.075543 0.118503 -54.042843 -7.739065 -10.803552 -10.07765 0.713491 1.604232 -0.99913 8.4e-05 -0.001944 
0.0 0.0 0.0 0.0 -0.0 0.0 -0.431805 98.920288 331.273193 93.751526 6.422218 89.129318 2.300942 -1.977396 -0.393663 -9.782735 -0.935892 0.032583 17.551201 -0.555711 -2.322815 20.112226 -2.254167 3.147637 -2.539796 -0.631704 1.127298 -35.556232 -0.982259 1.29135 1e-06 0.000564 -0.000847 0.056387 0.029665 0.056829 0.067302 -0.01132 0.070927 0.099841 0.066718 0.042912 -105.132439 -73.406464 121.016449 33.755444 -70.510361 -15.395776 34.165718 0.113151 -0.137588 -3.57915 15.391306 10.103734 17.64045 -26.342411 52.495449 -19.431438 -14.4061 29.404057 0.003158 -8.776205 0.005287 15.532967 -18.408587 6.643727 -0.607859 -1.800789 -3.900783 -4.81257 -11.033748 -2.92214 -0.0052 -20.948992 -0.002785 -5.037688 -25.00931 -4.042279 0.001193 0.015497 0.002221 -10.645575 -5.696846 -3.563011 10.575709 -17.896341 -3.101072 -0.00497 -13.804235 0.006058 -0.531544 -31.159227 -4.01596 -12.054754 -59.699589 8.457519 -13.986024 -7.152708 -2.866251 13.764048 -8.377106 -3.214075 0.323189 -34.148243 0.797599 -0.975631 -17.711777 2.6393 0.000253 0.002213 -0.000352 -17.366413 -20.089535 -4.198015 21.770014 -1.632847 3.875374 0.003104 -6.334349 3e-05 -1.703063 -22.570019 -6.190406 -0.005929 0.005066 0.005252 51.633144 -75.963631 145.933762 46.556313 -65.741852 -23.138762 19.122471 0.655913 0.068057 -6.48372 11.554813 4.188223 22.213387 -20.389902 49.992111 -16.687044 -16.772219 28.485598 0.002792 -12.705614 -0.005656 16.386776 -18.110527 2.354748 -0.103299 -1.512392 -4.277987 -5.04918 -5.597444 -2.953186 -0.002768 -11.009811 0.004633 -6.12588 -15.87971 -3.848937 -0.002109 -0.000258 0.000236 -10.29493 -5.671004 -4.344839 11.039038 -11.294566 -2.368565 -1.387927 -14.231188 -6.326213 -0.627664 -26.897181 -3.826141 -3.906297 -49.72728 -4.222842 -13.718284 -7.35513 -3.719278 18.1455 -14.025688 -3.236181 -0.007549 -18.758867 0.004201 -0.431684 -8.45573 2.551419 -0.002138 -0.000132 0.005043 -15.942241 -20.075058 -5.480436 30.462244 -7.189735 1.746937 -0.008159 -8.162652 0.001403 -1.876699 -22.846575 -6.161341 -0.000447 0.00929 0.000867 -171.861694 10.36186 2.129653 7.7393 -0.012126 -0.389665 -79.129303 -11.148918 1.082147 -6.742021 1.621083 2.077428 -0.996585 0.000265 0.000103 -12.3 -5.804127 -2.995545 63.36462 0.18622 -0.096522 -59.592022 -11.378948 -9.492262 -10.730141 0.711259 1.634042 -1.008434 -0.001359 -0.003081 
0.0 0.0 0.0 0.0 -0.0 0.0 -0.699489 98.798981 335.32785 92.578369 6.451554 90.634491 2.659928 -1.703274 -0.66232 -9.651054 -0.901728 -0.549938 17.509724 0.10813 -2.738204 20.402893 -1.30222 3.002191 -2.544285 -0.657819 1.063733 -35.634605 -1.00057 1.415452 -0.003383 0.000156 0.000255 0.060618 0.019864 0.009413 0.040799 -0.01308 0.010028 0.073593 0.051857 0.009362 -100.75946 -74.967888 115.950752 38.942368 -69.989365 -17.927626 35.325161 0.184914 -0.156297 -3.319085 14.848544 11.169394 17.643394 -26.316576 52.420143 -19.460541 -14.416689 29.404972 0.000733 -8.779411 0.001973 15.433783 -18.444571 6.734571 -0.605829 -1.790452 -3.896729 -4.811358 -11.042855 -2.932753 -0.001881 -20.962048 0.006218 -5.04201 -25.016647 -4.017168 0.005979 -0.000484 -0.00757 -10.632984 -5.692871 -3.551508 10.588138 -17.907368 -3.126627 0.006998 -13.820162 0.001099 -0.507586 -31.158392 -4.032506 -11.940038 -59.65966 8.548303 -13.990413 -7.144181 -2.87648 13.79307 -8.402133 -3.220968 0.328405 -34.216389 0.797016 -0.97059 -17.727747 2.624743 -0.004186 0.009308 -0.006861 -17.357004 -20.089029 -4.194493 21.783424 -1.640509 3.859418 0.000786 -6.340139 -0.005887 -1.708628 -22.586422 -6.197402 -0.004375 0.000928 -0.009258 52.647377 -75.318283 145.082123 42.919479 -66.548416 -20.119408 19.672747 0.638431 0.086699 -6.536913 11.424807 4.026052 22.180944 -20.375422 49.931053 -16.686739 -16.727135 28.464884 -0.000113 -12.674757 -0.001819 16.302053 -18.017563 2.381634 -0.110382 -1.518853 -4.279752 -5.034015 -5.616973 -2.951617 0.000564 -11.026599 -0.000516 -6.104631 -15.897725 -3.834805 0.002157 7.2e-05 -6.9e-05 -10.272298 -5.684303 -4.340817 11.015814 -11.303295 -2.373442 -1.379376 -14.239758 -6.32057 -0.62246 -26.939281 -3.828078 -3.881552 -49.784954 -4.102288 -13.698583 -7.36878 -3.727182 18.129391 -14.059821 -3.235651 0.007198 -18.79837 -0.00305 -0.42465 -8.462747 2.558551 -0.000431 -0.006671 0.000663 -15.9045 -20.105537 -5.481663 30.391203 -7.20024 1.742615 0.00273 -8.16813 -0.002121 -1.847665 -22.871286 -6.171658 -0.000211 -0.000198 0.002993 -168.146881 8.618752 3.072047 6.173919 0.016839 -0.352381 -80.976143 -10.750678 1.409313 -6.73835 1.6689 2.1017 -0.997906 0.001009 -9.1e-05 -16.391628 -4.315551 -3.610499 56.752216 0.212588 -0.243375 -62.957466 -12.529868 -9.381647 -11.742446 0.789385 1.662279 -0.993433 0.005025 -0.001954 
0.0 0.0 0.0 0.0 -0.0 0.0 -0.841431 98.345428 339.437927 91.905434 6.263474 92.163658 2.852901 -1.646801 -0.825021 -9.577023 -0.923567 -1.007921 17.556408 0.490597 -3.172069 20.56366 -0.306231 2.892757 -2.573029 -0.612301 0.951233 -36.041302 -1.008522 1.368655 -0.00011 -1.4e-05 -0.000523 0.07117 0.008109 -0.027504 -0.009697 -0.012546 -0.039848 0.009883 0.028671 -0.009491 -95.580902 -76.276855 110.19529 43.797806 -69.15992 -20.712765 36.713585 0.047094 -0.100653 -2.777142 14.424798 12.13301 17.638252 -26.345051 52.52356 -19.493736 -14.3859 29.454813 -0.002452 -8.769164 0.002893 15.38795 -18.414297 6.718889 -0.605671 -1.790801 -3.901454 -4.799207 -11.063368 -2.947988 0.009685 -21.011942 -0.000642 -4.999478 -25.0874 -4.043164 -0.006148 0.005974 0.005037 -10.629719 -5.686127 -3.579544 10.579424 -17.950644 -3.11679 0.01217 -13.832108 0.000442 -0.467813 -31.19471 -4.022394 -11.884054 -59.617718 8.545671 -13.975265 -7.14945 -2.895405 13.763821 -8.411958 -3.21187 0.38932 -34.200756 0.749739 -0.949661 -17.718216 2.619466 -0.004184 -0.007201 0.006714 -17.324617 -20.094395 -4.225994 21.742075 -1.660192 3.873085 0.003582 -6.33682 -0.001891 -1.684057 -22.576969 -6.203125 -0.002623 0.000937 -0.001231 52.973366 -74.435097 144.744019 39.539627 -66.977158 -17.838631 20.154318 0.545459 0.095326 -6.295449 11.604659 3.781416 22.178867 -20.383673 49.951527 -16.684368 -16.738579 28.463045 -3.8e-05 -12.684977 -0.00268 16.324192 -18.098883 2.340395 -0.107681 -1.506866 -4.276373 -5.036618 -5.61694 -2.949431 0.000348 -11.022916 0.000181 -6.110901 -15.904074 -3.834956 -0.002464 -0.002789 0.000511 -10.283258 -5.673437 -4.340332 11.028591 -11.306598 -2.372799 -1.384603 -14.246424 -6.317088 -0.629215 -26.95499 -3.826823 -3.798326 -49.863655 -4.096139 -13.70577 -7.361311 -3.72108 18.136414 -14.046816 -3.234966 -0.000553 -18.78256 0.003718 -0.427979 -8.456628 2.55442 0.000305 -0.007351 -0.00282 -15.915497 -20.090828 -5.475243 30.408464 -7.194427 1.737228 0.003864 -8.169197 -0.002304 -1.863481 -22.827164 -6.172014 0.00124 -0.009196 0.000945 -165.313721 7.310401 3.45371 5.806139 0.039204 -0.326317 -83.366577 -10.176206 1.639586 -6.797286 1.683241 2.125832 -1.001603 0.001495 -0.000209 -19.27286 -3.573892 -4.601544 46.445335 0.028372 -0.203016 -63.981697 -12.621873 -10.111991 -12.142996 0.912141 1.685236 -0.984417 -0.003135 0.003324 
0.0 0.0 0.0 0.0 -0.0 0.0 -1.240577 97.716087 343.994202 91.808601 5.909625 93.625679 2.907568 -1.80461 -0.752249 -9.555691 -1.021875 -1.438481 17.659714 0.609623 -3.563476 20.651157 0.612934 2.901915 -2.593592 -0.578879 0.71432 -36.465824 -1.035915 1.116247 1e-06 -0.000134 2.6e-05 0.08175 -0.005221 -0.061572 -0.026657 -0.00896 -0.0882 -0.023567 0.001714 -0.02825 -90.622246 -77.139061 104.797165 47.408745 -67.87442 -22.877283 38.299179 -0.034592 -0.084681 -2.127248 14.313587 13.024597 17.621731 -26.312778 52.408539 -19.456211 -14.403066 29.420841 0.003965 -8.781913 0.000858 15.365999 -18.414427 6.656969 -0.584874 -1.794777 -3.892172 -4.829593 -11.041146 -2.92856 -0.007173 -20.954411 -0.022783 -5.050464 -25.011778 -4.042222 0.002859 -0.000376 -0.004315 -10.61851 -5.69668 -3.56168 10.549422 -17.901218 -3.108212 -0.011072 -13.806225 0.004358 -0.514386 -31.16029 -4.044302 -11.872885 -59.569351 8.349922 -13.972385 -7.168764 -2.87258 13.768806 -8.387837 -3.216912 0.326893 -34.21521 0.763934 -0.977104 -17.716059 2.608499 0.000315 0.000549 0.008777 -17.347725 -20.117594 -4.197519 21.767857 -1.620033 3.871737 -0.012817 -6.344027 -0.001452 -1.700758 -22.580618 -6.215714 -0.00652 -0.010617 0.009554 53.290344 -73.60643 144.555466 36.943752 -67.255455 -16.914646 20.299734 0.40291 0.081294 -5.859215 12.144934 3.517402 22.183819 -20.391077 50.018787 -16.687263 -16.738146 28.482635 0.000904 -12.690871 -0.001951 16.308979 -18.185501 2.341991 -0.107415 -1.514199 -4.28 -5.04276 -5.613134 -2.959909 -0.000253 -11.026645 -0.001207 -6.1137 -15.910267 -3.850464 -0.002077 0.006892 -0.000348 -10.291419 -5.678747 -4.346159 11.03151 -11.303829 -2.371212 -1.385982 -14.241344 -6.331667 -0.621235 -26.928068 -3.839055 -3.631022 -50.059456 -4.116508 -13.718337 -7.364531 -3.725627 18.146347 -14.053345 -3.241272 -0.004402 -18.794697 0.001317 -0.432167 -8.460572 2.561415 0.001042 0.000331 -0.002538 -15.931533 -20.103546 -5.488276 30.429493 -7.191853 1.743502 0.004133 -8.166652 0.003106 -1.875254 -22.823784 -6.165408 0.003542 -0.016905 -0.001319 -162.543304 6.44751 3.269115 5.60356 0.020663 -0.297883 -85.368126 -9.102962 1.569232 -7.10968 1.671513 2.13342 -0.995744 0.001572 6.5e-05 -20.432461 -3.571896 -5.818259 32.255623 -0.081065 -0.01282 -62.942661 -12.113982 -10.64786 -11.806174 1.032567 1.691499 -1.003249 0.003012 -0.000386 
0.0 0.0 0.0 0.0 -0.0 0.0 -1.680205 97.027313 349.226959 92.170692 5.493186 94.891861 2.825217 -2.179386 -0.675913 -9.626231 -1.132097 -1.621168 17.753281 0.591096 -3.84071 20.693346 1.31675 2.848639 -2.647687 -0.625666 0.666284 -36.670006 -1.186661 0.72121 0.003259 8.9e-05 0.000392 0.105145 -0.008926 -0.112735 0.003306 -0.012093 -0.146655 -0.006954 0.000807 -0.069266 -86.339272 -78.149033 100.079041 50.143021 -67.11216 -24.050062 39.833744 0.156789 -0.062902 -1.494461 14.379071 13.056878 17.679365 -26.398874 52.524536 -19.474619 -14.41802 29.464184 -0.000492 -8.778856 0.012982 15.403917 -18.329121 6.557343 -0.602793 -1.781226 -3.895604 -4.812619 -11.051008 -2.94277 0.014898 -20.977232 0.005954 -5.022583 -25.038561 -4.037149 -0.000748 0.004014 0.000693 -10.626863 -5.68888 -3.584704 10.569391 -17.932936 -3.100315 0.00103 -13.828556 0.004205 -0.516879 -31.208853 -3.998178 -11.918497 -59.770687 8.210738 -13.97533 -7.135352 -2.891477 13.769375 -8.418486 -3.21415 0.353495 -34.249821 0.782562 -0.968313 -17.761957 2.599691 0.003773 0.002127 0.004025 -17.342402 -20.095373 -4.228998 21.754816 -1.648136 3.879169 -0.005975 -6.337411 0.001921 -1.707838 -22.601868 -6.186405 0.008732 0.000974 -0.006536 54.369724 -73.258492 144.007233 34.919384 -68.046417 -17.158798 20.19945 0.266328 0.027976 -5.491131 12.556627 3.522363 22.20509 -20.437986 50.095272 -16.724701 -16.740705 28.543247 -0.000514 -12.696106 0.001958 16.142202 -18.272383 2.515532 -0.107596 -1.512796 -4.288533 -5.039233 -5.62036 -2.963367 -0.000565 -11.041311 -0.000966 -6.102448 -15.926328 -3.852548 -0.0 7e-06 -0.000555 -10.292895 -5.678512 -4.358598 11.028808 -11.323358 -2.376164 -1.37951 -14.25693 -6.33872 -0.619858 -26.959414 -3.845329 -3.952711 -50.283138 -3.752269 -13.717549 -7.374588 -3.741564 18.140976 -14.085226 -3.247299 0.003017 -18.837547 -0.000875 -0.435109 -8.474488 2.561633 0.001172 0.012095 0.004312 -15.930052 -20.128551 -5.505251 30.413204 -7.203496 1.732559 0.002044 -8.172415 0.002369 -1.858455 -22.895517 -6.178341 0.000333 -0.000499 0.002446 -159.943085 6.073673 2.313791 5.732804 -0.02268 -0.226248 -86.188065 -7.500815 1.143882 -7.629403 1.636659 2.148567 -1.000584 -0.000258 -0.000391 -20.288477 -4.08417 -7.102105 16.405054 -0.010201 0.165651 -61.805759 -9.755107 -10.971291 -11.445866 1.154895 1.628556 -1.001765 -0.004266 -0.000994 
0.0 0.0 0.0 0.0 -0.0 0.0 -2.12201 96.222916 354.477814 92.60656 4.870636 96.042259 2.423117 -2.469995 -0.701155 -9.741191 -1.250398 -1.765059 17.803625 0.345937 -3.910664 20.547804 1.863656 2.981662 -2.700598 -0.660895 0.407394 -36.668221 -1.397792 0.269434 0.000106 -8e-05 -9e-06 0.111545 0.00536 -0.099759 0.112037 -0.010961 -0.091218 0.070707 0.026647 -0.099177 -84.553307 -77.932274 98.231888 51.07 -65.552879 -24.510811 41.022854 0.141264 -0.195716 -0.874371 14.586843 13.121842 17.658489 -26.295013 52.382854 -19.389475 -14.380386 29.341202 0.009624 -8.766286 -0.009495 15.539625 -18.378145 6.726774 -0.603951 -1.787217 -3.880928 -4.815776 -11.027221 -2.933522 -0.030264 -20.923758 0.015971 -5.058035 -24.994461 -4.013985 0.002076 0.000123 0.0011 -10.63483 -5.678028 -3.553327 10.542075 -17.883106 -3.081368 -0.014176 -13.798899 0.007222 -0.55438 -31.132753 -4.032905 -12.077136 -59.80505 8.351608 -13.973272 -7.142638 -2.858855 13.743741 -8.367657 -3.207942 0.281372 -34.158745 0.81331 -0.990247 -17.731968 2.627963 0.005722 -0.002131 -0.003256 -17.362522 -20.085697 -4.185388 21.748859 -1.6117 3.897369 -0.016855 -6.328671 0.011293 -1.716998 -22.569414 -6.19138 -0.000656 -0.000768 -0.005888 53.226292 -72.138374 144.441742 31.193352 -68.080803 -16.068449 19.79001 0.191646 -0.076704 -5.421786 12.755313 3.368371 22.213039 -20.397871 50.050194 -16.683155 -16.755857 28.509138 -7.5e-05 -12.681691 -0.004265 16.050301 -18.069794 2.580035 -0.109573 -1.503315 -4.281997 -5.04253 -5.611403 -2.956271 -0.000127 -11.001394 -0.001065 -6.11403 -15.878255 -3.848912 0.000445 0.004182 0.002813 -10.296758 -5.663299 -4.350625 11.038067 -11.297722 -2.371588 -1.386354 -14.220346 -6.330889 -0.614322 -26.882362 -3.839147 -4.242051 -50.148457 -3.393527 -13.722811 -7.354255 -3.731297 18.160582 -14.044614 -3.240286 0.000914 -18.773973 0.005928 -0.431264 -8.457695 2.559158 0.000861 -0.000167 0.003166 -15.936873 -20.066223 -5.500672 30.44006 -7.19416 1.748021 -7.4e-05 -8.15213 0.006899 -1.869074 -22.806581 -6.146845 -0.001516 0.002985 -0.000153 -157.469711 5.601609 0.550852 5.992768 -0.080668 -0.162312 -86.43412 -4.941612 0.234346 -8.710465 1.642891 2.130678 -0.98862 0.002444 0.001434 -19.773638 -4.363303 -8.70153 2.575842 0.073876 0.31181 -61.939617 -7.464034 -12.195242 -11.555218 1.187413 1.512364 -0.997598 0.005922 0.001152 
0.0 0.0 0.0 0.0 -0.0 0.0 -2.602237 95.579132 359.787994 92.594147 4.519949 96.836838 2.115428 -2.41692 -0.558596 -9.857249 -1.33204 -1.809878 17.805342 0.222702 -4.186559 20.462955 2.195203 3.12992 -2.797013 -0.799363 0.166529 -36.706974 -1.501858 -0.035345 -0.006801 3.9e-05 0.000862 0.07422 0.026215 -0.027899 0.108617 0.004821 0.00799 0.077182 0.050669 -0.046903 -84.869675 -78.380516 98.602478 51.752953 -64.93364 -25.673794 41.590645 -0.248563 -0.258716 -0.374973 14.716966 13.500512 17.630548 -26.32061 52.390053 -19.423824 -14.403153 29.374264 0.001303 -8.768782 -0.003987 15.643676 -18.476742 6.786158 -0.631143 -1.803831 -3.878283 -4.801739 -11.041411 -2.919213 -0.001709 -20.950912 0.001737 -5.056984 -25.027012 -4.008883 -0.002758 0.00556 0.008119 -10.658442 -5.703227 -3.558175 10.569137 -17.908205 -3.082358 -0.02435 -13.824955 0.007917 -0.550621 -31.16667 -4.0158 -12.463515 -60.115639 8.64802 -14.00675 -7.148449 -2.864313 13.768988 -8.389185 -3.198992 0.322499 -34.207577 0.788149 -0.970471 -17.743694 2.626176 0.01137 -0.011173 -0.007583 -17.399784 -20.092775 -4.171752 21.776487 -1.631714 3.874046 -0.011121 -6.345571 0.004529 -1.716165 -22.595221 -6.17658 -0.009788 0.00431 -0.002299 52.720348 -71.940468 144.91713 28.282158 -68.649948 -15.050701 18.713709 0.148973 -0.138919 -5.172911 13.005216 3.246778 22.19092 -20.36804 49.902733 -16.711065 -16.759682 28.456846 -0.001463 -12.707316 0.001143 16.331001 -18.083637 2.498917 -0.104332 -1.507234 -4.274509 -5.039927 -5.610626 -2.944652 0.001925 -11.02141 0.001828 -6.112926 -15.891038 -3.834043 -0.003121 -0.003128 0.0 -10.287394 -5.675515 -4.33298 11.036996 -11.304773 -2.372905 -1.384295 -14.240529 -6.311055 -0.626361 -26.913748 -3.818967 -4.199663 -50.393181 -3.336307 -13.717567 -7.359903 -3.707982 18.159971 -14.047646 -3.243357 0.002389 -18.795303 0.000306 -0.425141 -8.456451 2.550951 -0.000376 -0.012298 -0.001089 -15.933083 -20.094088 -5.461272 30.447123 -7.19703 1.734575 0.001468 -8.174669 -0.002759 -1.864751 -22.885695 -6.167 0.002427 -0.019573 -0.00341 -154.850571 4.400943 -1.361589 6.681896 -0.095453 -0.093122 -84.896385 -2.010655 -0.756236 -11.12005 1.733953 2.122241 -0.998771 -0.003908 -0.000698 -20.757397 -3.860126 -10.725824 -2.512859 0.096468 0.534773 -64.663475 -7.78245 -13.8975 -11.709136 1.11181 1.393085 -0.989897 0.004285 -0.002959 
0.0 0.0 0.0 0.0 -0.0 0.0 -3.072893 95.138596 365.392365 92.053253 4.278254 97.319786 1.647731 -2.06107 -0.484098 -10.079761 -1.383524 -1.853004 17.751009 0.336399 -4.375796 20.487492 2.18125 3.183815 -2.81579 -0.790024 0.088937 -36.432938 -1.496371 0.098078 1e-06 -0.000217 -0.001748 0.04687 0.03214 0.005039 0.012971 0.032913 0.028516 -0.004078 0.030585 -0.007547 -84.114952 -79.05468 98.107597 52.608295 -65.388 -26.996084 41.288818 -0.254916 -0.218498 -0.243445 14.789983 13.422482 17.637222 -26.299591 52.437878 -19.515511 -14.422556 29.439653 0.00268 -8.783494 -0.000845 15.723514 -18.480555 6.777165 -0.603775 -1.79921 -3.890238 -4.824895 -11.070752 -2.930556 -0.012985 -21.000422 -0.001823 -5.039602 -25.081228 -4.03893 0.002197 -0.00357 -0.007199 -10.642837 -5.694168 -3.549227 10.571107 -17.950718 -3.128802 0.007506 -13.830317 -0.006469 -0.498403 -31.213747 -4.057862 -12.494662 -60.404911 8.760146 -14.003084 -7.166791 -2.853798 13.788125 -8.40792 -3.234972 0.366865 -34.245605 0.73875 -0.984856 -17.746546 2.626005 -0.001232 -0.002043 0.009856 -17.386889 -20.128801 -4.180234 21.7985 -1.631796 3.864799 -0.002795 -6.346334 -0.011831 -1.693264 -22.588333 -6.215833 -0.001574 0.007341 -0.0 53.446468 -72.197891 144.536499 26.880831 -69.394218 -14.54427 17.619478 0.165101 -0.152711 -5.321112 13.189719 3.208534 22.217037 -20.410076 50.00481 -16.708614 -16.767086 28.50972 0.003721 -12.708075 -8.8e-05 16.623444 -18.141468 2.458796 -0.105348 -1.514279 -4.281541 -5.048125 -5.622271 -2.95634 0.001418 -11.043463 0.003407 -6.118707 -15.924252 -3.839809 -0.00036 -0.000324 0.001706 -10.294514 -5.678772 -4.345274 11.036378 -11.328456 -2.369296 -1.389958 -14.26188 -6.320825 -0.641896 -26.9671 -3.825627 -4.29949 -50.553169 -3.30037 -13.725526 -7.369116 -3.721359 18.163551 -14.078588 -3.244012 -0.003733 -18.82909 0.001757 -0.43166 -8.486244 2.559347 -0.000706 0.013012 0.000325 -15.944346 -20.126856 -5.476558 30.456127 -7.202683 1.746592 -0.003837 -8.185312 -0.000665 -1.868029 -22.941963 -6.190668 4.3e-05 0.011715 0.002363 -152.921051 2.639355 -2.899174 8.710813 -0.17157 0.036979 -81.280876 0.129997 -1.767852 -16.181286 1.834129 2.024424 -0.997437 -0.004378 -0.001131 -20.774801 -2.705666 -12.0227 -2.091394 0.181391 0.539477 -65.947197 -8.327821 -13.540518 -12.071089 1.145315 1.395864 -0.998061 -0.004224 -0.001271 
0.0 0.0 0.0 0.0 -0.0 0.0 -3.711588 94.953331 371.277344 90.414917 3.726285 97.646652 0.621554 -0.956763 -0.584703 -10.452646 -1.339971 -2.124187 17.657709 0.60758 -4.272029 20.192209 1.892472 3.157408 -2.760693 -0.756515 0.146647 -35.312748 -1.483289 0.176239 7e-06 -0.000158 -0.000657 0.012657 0.039737 0.03259 -0.038193 0.03896 0.043191 -0.041581 0.038195 0.03871 -88.46804 -77.998184 102.490005 49.244228 -65.442749 -24.646162 40.485538 -0.256921 -0.310578 -0.467803 14.560943 13.08331 17.592201 -26.286201 52.384743 -19.408192 -14.406692 29.378222 0.003733 -8.766796 0.002749 15.630853 -18.292973 6.663123 -0.627556 -1.793393 -3.877503 -4.800904 -11.029467 -2.933778 -0.024231 -20.930454 0.010981 -5.04771 -24.992573 -4.048847 0.004057 0.007765 -0.002401 -10.640094 -5.691755 -3.550343 10.562972 -17.867887 -3.104474 -0.016174 -13.775329 -0.015969 -0.533303 -31.079174 -4.027419 -12.217623 -60.056644 8.543214 -13.987406 -7.143151 -2.850715 13.766505 -8.37049 -3.226191 0.317692 -34.130413 0.774059 -0.968047 -17.672199 2.616843 0.003967 -0.013927 -0.005842 -17.355015 -20.061357 -4.174891 21.749546 -1.616314 3.853691 -0.025188 -6.331718 0.006495 -1.712705 -22.523523 -6.160663 0.002618 -0.003193 0.005823 51.472198 -71.228333 146.004883 24.159407 -68.563675 -12.205749 16.95676 0.153686 -0.183367 -5.890223 13.027356 2.959702 22.168514 -20.338854 49.870094 -16.683195 -16.746128 28.452967 0.001245 -12.682291 0.001619 16.730164 -17.985968 2.350414 -0.105792 -1.512017 -4.273204 -5.035565 -5.605102 -2.946642 0.004696 -11.007363 0.000845 -6.096805 -15.872787 -3.837021 -0.007128 -0.000463 -0.00054 -10.280344 -5.670485 -4.333036 11.021372 -11.298144 -2.373274 -1.38828 -14.225457 -6.313185 -0.621237 -26.901476 -3.826381 -4.111989 -50.527828 -3.55798 -13.706039 -7.359974 -3.712895 18.14311 -14.03322 -3.242301 -0.001215 -18.776852 -0.00164 -0.430291 -8.444384 2.555056 -0.000165 -0.000323 0.0 -15.925087 -20.084703 -5.464363 30.427513 -7.186164 1.738094 0.000893 -8.159062 0.000856 -1.873428 -22.842783 -6.161674 0.003404 0.011557 -0.002329 -152.736221 -0.356223 -4.864002 12.95922 -0.231478 0.244268 -77.002472 1.91378 -2.89159 -24.241722 1.935434 1.878101 -0.991348 -0.005447 -0.000976 -20.444796 -0.241563 -12.311129 1.622203 0.253474 0.554544 -64.364929 -8.926797 -10.245907 -12.599172 1.068088 1.506949 -1.000867 -0.000841 0.003278 
0.0 0.0 0.0 0.0 -0.0 0.0 -4.402102 95.004944 377.286774 87.469048 3.137627 97.48056 -0.532608 0.814373 -0.539209 -10.892984 -1.075276 -2.333098 17.492504 1.482608 -4.25458 19.818699 1.289224 3.046506 -2.851794 -0.738665 0.33521 -33.957104 -1.326349 0.122834 0.006777 8e-06 -0.000111 0.00537 0.053915 0.050021 -0.072395 0.040318 0.037923 -0.072998 0.063946 0.07216 -98.297905 -77.479286 112.089706 43.827614 -65.949936 -20.65814 38.958328 -0.252993 -0.366875 -0.666267 14.334545 13.157777 17.651903 -26.338392 52.452534 -19.476818 -14.390288 29.424347 -0.00036 -8.771628 -0.00187 15.732702 -18.370365 6.591914 -0.610341 -1.795629 -3.899813 -4.811597 -11.050545 -2.940539 -0.006899 -20.97706 0.017178 -5.021216 -25.048512 -4.034096 -0.00293 0.008901 -0.008299 -10.617617 -5.692655 -3.574704 10.560523 -17.914793 -3.108956 -0.006272 -13.822548 0.002542 -0.49239 -31.200609 -4.018738 -12.105229 -60.024448 8.41223 -13.97642 -7.156699 -2.8715 13.76884 -8.3867 -3.223224 0.333516 -34.203983 0.791806 -0.984869 -17.72016 2.623164 0.001718 0.002641 0.0 -17.347853 -20.100222 -4.20816 21.743147 -1.633471 3.857581 0.020331 -6.33625 0.000574 -1.68206 -22.585445 -6.218975 -0.008768 0.003275 0.00473 47.7556 -70.430763 149.731155 20.957273 -67.046417 -9.096226 16.562513 0.402737 -0.137652 -6.309035 12.817608 2.167868 22.20639 -20.351028 49.928173 -16.684591 -16.750896 28.448307 -0.000332 -12.691715 -0.003415 16.863636 -17.94762 2.295994 -0.105911 -1.513378 -4.277709 -5.040926 -5.607908 -2.94994 0.002473 -11.010806 -0.001007 -6.116175 -15.875768 -3.839471 -0.000996 -0.003173 0.001993 -10.290414 -5.667668 -4.342117 11.031552 -11.297258 -2.369552 -1.388811 -14.224956 -6.317968 -0.612396 -26.895697 -3.843169 -4.113924 -50.825161 -3.545969 -13.716293 -7.348942 -3.723102 18.136139 -14.03978 -3.235691 -0.000133 -18.767483 0.000358 -0.428852 -8.443001 2.554016 -0.000152 0.006189 0.000211 -15.932795 -20.074488 -5.482726 30.426905 -7.195971 1.743744 0.005747 -8.1568 0.003086 -1.866976 -22.824118 -6.160618 0.000204 -0.003432 -0.0 -154.582962 -4.79251 -7.678181 20.25725 -0.398993 0.574199 -70.457802 3.534675 -3.784681 -34.489841 2.238052 1.778371 -0.99746 -0.003639 -0.002114 -21.579063 3.622216 -11.708518 7.590057 0.12751 0.3785 -58.951118 -10.635633 -6.136827 -11.136604 0.851663 1.581139 -0.996729 0.003729 -0.001207 
0.0 0.0 0.0 0.0 -0.0 0.0 -5.158648 95.230904 383.447876 85.085426 3.626913 96.787682 -0.892229 1.781278 -0.399303 -11.026126 -0.786753 -2.476443 17.46575 2.912856 -4.16688 19.645351 0.561261 2.816954 -2.851851 -0.743469 0.83159 -33.396389 -1.130448 0.101874 1.9e-05 -0.000328 -0.000873 0.015498 0.053373 0.059916 -0.106251 0.035034 0.037427 -0.093498 0.063342 0.092377 -102.301308 -76.95752 116.309654 41.211281 -67.726013 -20.190962 36.079651 -0.161908 -0.258667 -1.160426 14.569866 12.485512 17.649454 -26.304754 52.472927 -19.476603 -14.413755 29.441032 -0.001153 -8.771923 -0.001818 15.98667 -18.372087 6.326423 -0.597323 -1.794696 -3.885571 -4.804498 -11.051542 -2.954977 -0.009706 -20.984735 0.001762 -5.031596 -25.045948 -4.026628 0.002126 0.00215 0.001465 -10.624746 -5.689106 -3.558679 10.576144 -17.916311 -3.129056 -0.011355 -13.821343 0.001558 -0.462712 -31.195274 -4.06397 -11.864159 -59.5844 8.002201 -13.983168 -7.14658 -2.868922 13.776929 -8.402514 -3.226801 0.356218 -34.215717 0.763348 -0.964457 -17.71454 2.59319 0.000869 0.010765 -0.00557 -17.333368 -20.114697 -4.213217 21.753191 -1.638307 3.870009 -0.00353 -6.346337 0.009554 -1.683049 -22.597132 -6.206789 -0.003716 0.004854 -0.006873 46.615189 -70.80088 150.784225 19.950891 -66.61087 -7.524277 16.355524 0.683936 -0.04483 -6.629119 12.899085 0.800872 22.209877 -20.396687 49.940075 -16.723141 -16.775078 28.51104 -0.002294 -12.706001 0.001071 17.158468 -18.030037 2.110886 -0.10446 -1.511172 -4.28066 -5.041241 -5.618435 -2.949951 -0.000264 -11.034816 0.002727 -6.118044 -15.919853 -3.833606 -0.003169 -0.003424 0.000127 -10.294408 -5.685972 -4.33833 11.050235 -11.315002 -2.374421 -1.387085 -14.258296 -6.324765 -0.630808 -26.960033 -3.808916 -4.116051 -51.099808 -3.747909 -13.723899 -7.3675 -3.716132 18.173485 -14.059354 -3.245485 0.001042 -18.807547 0.005017 -0.42876 -8.453535 2.55849 0.000485 0.006367 0.000139 -15.932586 -20.100067 -5.468601 30.447495 -7.205711 1.732195 0.006084 -8.174669 0.000109 -1.868773 -22.887266 -6.159864 -0.0004 0.003854 0.002133 -157.352127 -8.725695 -8.496439 30.21772 -0.474497 0.638135 -60.654396 3.715722 -4.710717 -40.514202 2.277971 1.752104 -1.009715 0.000589 -0.001138 -21.732893 7.10586 -10.779397 14.96728 0.062911 0.028499 -60.696735 -12.855786 -3.565745 -8.527094 0.583909 1.572947 -0.996739 -0.00034 -0.000833 
0.0 0.0 0.0 0.0 -0.0 0.0 -5.892162 95.553085 389.380371 83.373138 4.69499 96.343796 -0.575244 2.338114 -0.452036 -10.810519 -0.52649 -2.500242 17.363932 3.970689 -4.044906 19.539749 0.457125 2.80003 -2.800878 -0.729999 0.724285 -33.398468 -1.130262 0.227949 -0.003135 -0.000642 -0.001901 0.008885 0.057204 0.063077 -0.099524 0.028662 0.05074 -0.06648 0.077956 0.081705 -101.350418 -76.645508 115.755013 39.772556 -69.857597 -20.824947 32.990997 -0.062939 -0.173497 -1.898951 14.913399 11.518737 17.647297 -26.354124 52.488636 -19.472961 -14.373867 29.428837 0.002253 -8.773684 -0.009449 16.111162 -18.436945 6.374523 -0.610755 -1.792601 -3.897561 -4.804545 -11.05826 -2.937787 0.00842 -20.967201 -0.002895 -5.009392 -25.018938 -4.040658 0.000381 -0.003551 0.001429 -10.623576 -5.686122 -3.562555 10.55614 -17.921505 -3.128033 -0.001317 -13.818733 0.01525 -0.50882 -31.184568 -4.028993 -11.875006 -59.656322 8.197945 -13.973436 -7.153673 -2.872711 13.763587 -8.40316 -3.219711 0.350748 -34.219784 0.765401 -0.951629 -17.757074 2.629946 0.002451 0.002246 0.007821 -17.337893 -20.112186 -4.213685 21.747049 -1.638102 3.856127 -0.000815 -6.342874 0.007848 -1.700831 -22.581778 -6.182337 0.00173 0.001206 -0.002401 46.917744 -71.528419 150.355209 21.380245 -66.845863 -9.377988 16.65061 0.591287 0.020119 -6.437074 13.39118 0.191907 22.169432 -20.371031 49.954033 -16.717657 -16.739311 28.49375 0.000988 -12.685944 0.00097 17.153292 -18.087769 2.069163 -0.106833 -1.514077 -4.280795 -5.03755 -5.61621 -2.952219 4.7e-05 -11.030466 -0.004087 -6.111619 -15.899326 -3.852102 0.003074 7e-06 0.003781 -10.281322 -5.685742 -4.339769 11.028767 -11.312481 -2.380728 -1.385745 -14.246962 -6.321113 -0.620548 -26.936388 -3.834189 -4.159245 -51.080044 -3.734333 -13.701787 -7.370592 -3.720133 18.145796 -14.074075 -3.253452 0.001343 -18.819904 -0.005183 -0.429969 -8.470033 2.556897 0.001293 2.9e-05 -0.000519 -15.917394 -20.127832 -5.477739 30.423897 -7.190452 1.727689 -0.003203 -8.167347 -0.002902 -1.853389 -22.883057 -6.184264 -0.006265 0.00024 0.00096 -161.931473 -11.868577 -6.877791 42.311611 -0.605971 0.635262 -49.696892 3.467503 -6.062554 -31.432131 1.977848 2.074057 -1.000548 0.00284 -0.003944 -20.053963 9.803626 -10.470419 21.256256 0.070479 -0.178179 -68.088341 -14.266472 -1.560422 -7.383077 0.508766 1.578673 -0.996853 0.006521 0.002359 
0.0 0.0 0.0 0.0 -0.0 0.0 -6.581166 95.849037 394.784943 81.958061 5.813891 96.266724 -0.044075 2.927296 -0.496749 -10.573899 -0.304146 -2.383847 17.422884 4.60044 -3.80168 19.638903 0.779134 2.835194 -2.770729 -0.734391 0.258584 -33.992069 -1.121687 0.406379 -0.007528 7.2e-05 0.002372 0.022031 0.046456 0.030167 -0.072512 0.021095 0.009669 -0.046603 0.064164 0.053572 -99.764366 -76.760498 114.508652 38.761909 -71.853104 -21.562386 30.563786 -0.192596 -0.158289 -3.086755 14.843562 11.106229 17.671331 -26.388842 52.526375 -19.506426 -14.391212 29.462944 -0.007831 -8.785007 -0.002743 16.186674 -18.575174 6.433516 -0.614168 -1.792718 -3.894812 -4.808817 -11.066431 -2.952642 0.002893 -21.006474 0.001028 -5.011766 -25.07197 -4.036483 -0.001989 0.007803 -0.000967 -10.653116 -5.685666 -3.574728 10.589181 -17.954453 -3.114719 0.005198 -13.83846 -0.000498 -0.512257 -31.219343 -4.01589 -11.890785 -60.136387 8.531316 -13.996365 -7.157451 -2.887949 13.77598 -8.420132 -3.219044 0.366514 -34.267132 0.771901 -0.952104 -17.766033 2.615473 0.000803 -0.009239 0.00364 -17.356213 -20.118259 -4.212481 21.767481 -1.643988 3.863716 0.006786 -6.345939 0.005924 -1.696945 -22.617313 -6.208014 0.003324 -0.011669 -0.00089 47.755558 -72.307884 149.699432 24.356823 -67.031494 -12.092856 17.494448 0.530138 0.031836 -6.215559 13.974716 -0.362761 22.237545 -20.462244 50.090034 -16.739754 -16.791567 28.562651 0.002577 -12.714564 -0.00018 16.830193 -18.185879 2.304741 -0.105385 -1.529953 -4.291533 -5.048337 -5.623602 -2.957275 -0.001185 -11.043486 0.002122 -6.122983 -15.933518 -3.841724 0.001531 0.003641 0.000465 -10.308066 -5.705246 -4.348673 11.056102 -11.327924 -2.377909 -1.387107 -14.274796 -6.338022 -0.635793 -26.969128 -3.823525 -4.101347 -51.123356 -3.531048 -13.738657 -7.396958 -3.726933 18.176224 -14.070682 -3.253721 -0.003502 -18.816669 0.003659 -0.440731 -8.470988 2.562122 0.003978 -0.006243 -0.000714 -15.964323 -20.159868 -5.485912 30.494644 -7.203682 1.741286 -0.000749 -8.174014 0.003312 -1.865661 -22.909472 -6.183239 0.003309 -0.007954 -0.001102 -167.900467 -13.899446 -3.614292 54.291443 -0.827514 0.474166 -44.929508 1.453534 -6.893174 -14.351686 1.597989 2.511363 -0.995628 -0.002499 -3.9e-05 -16.549032 12.274092 -10.640413 23.40044 0.030927 -0.24803 -73.072044 -14.723158 -0.290833 -6.924184 0.542032 1.610771 -0.998791 0.002605 0.001136 
0.0 0.0 0.0 0.0 -0.0 0.0 -7.121521 96.522316 399.672058 81.413475 6.771947 96.033829 0.534635 3.266507 -0.433414 -10.400306 -0.147109 -1.969721 17.523838 4.645202 -3.442236 19.987537 1.143516 2.780718 -2.733719 -0.761858 0.016072 -34.457241 -1.018056 0.335779 -0.003779 -0.000242 0.000592 0.032805 0.035153 0.033446 -0.063013 0.027368 0.010588 -0.042122 0.03636 0.064527 -98.30452 -76.064575 113.311813 36.993992 -72.949203 -20.455589 28.532417 -0.087809 -0.120382 -4.479161 14.262712 10.27954 17.635729 -26.27177 52.353558 -19.474596 -14.407987 29.393791 0.001523 -8.779127 0.002718 16.227705 -18.383745 6.313949 -0.597626 -1.78617 -3.884593 -4.809997 -11.04914 -2.933266 0.000487 -20.971357 -0.010466 -5.021609 -25.029249 -4.03275 0.000391 -0.003292 2e-05 -10.632894 -5.691541 -3.554608 10.590001 -17.938839 -3.12352 0.004268 -13.838398 -0.001416 -0.495889 -31.235418 -4.035312 -11.820349 -60.14883 8.452342 -13.972053 -7.149259 -2.865124 13.770747 -8.389364 -3.221226 0.345778 -34.200603 0.761083 -0.950637 -17.756041 2.611997 -0.002805 0.009718 -0.004341 -17.33502 -20.095703 -4.194206 21.7579 -1.639841 3.857819 0.001365 -6.339768 -0.000176 -1.702079 -22.601786 -6.187621 0.000597 -0.006871 -0.001722 47.476109 -72.397835 149.763809 28.682335 -66.150635 -15.509872 18.124542 0.492767 0.054183 -6.050035 14.576811 -0.48972 22.186817 -20.369986 49.899899 -16.71273 -16.74226 28.463392 0.001357 -12.691114 0.000665 16.564619 -18.178444 2.498092 -0.106235 -1.506893 -4.274289 -5.037894 -5.616964 -2.948153 0.001455 -11.030674 0.002304 -6.114455 -15.916121 -3.840592 -0.00389 1.9e-05 -0.00111 -10.277233 -5.66564 -4.332456 11.022831 -11.321464 -2.374245 -1.38228 -14.253122 -6.310786 -0.628123 -26.954678 -3.820572 -4.250532 -51.078697 -3.328774 -13.703798 -7.345942 -3.714386 18.147449 -14.076542 -3.248814 0.008405 -18.813683 -0.000754 -0.432709 -8.468195 2.552469 0.002079 -0.012267 0.000618 -15.915738 -20.085077 -5.464182 30.408262 -7.200372 1.726631 -0.002074 -8.170989 -0.002618 -1.843918 -22.88242 -6.165729 -0.007785 0.008132 -0.000687 -174.043579 -13.91791 -0.020636 63.813046 -0.710831 0.245762 -50.036259 -1.504138 -7.146204 -11.583602 1.547176 2.510092 -0.998116 0.002944 0.001894 -11.21018 14.026919 -10.341263 21.345573 -0.051674 -0.285309 -75.592972 -14.333072 0.488117 -6.603338 0.548786 1.630909 -0.998815 0.004509 0.001554 
0.0 0.0 0.0 0.0 -0.0 0.0 -7.281767 97.305855 404.429962 81.850822 7.470858 95.336601 1.066378 3.196762 -0.367147 -10.164582 -0.061007 -1.299413 17.561543 4.182199 -2.969264 20.502655 1.332891 2.726575 -2.706943 -0.775941 -0.102494 -34.371189 -0.845307 0.09839 0.003621 -8.8e-05 -0.000873 0.04364 0.02503 0.045796 0.043626 0.025456 0.040493 0.050593 0.019294 0.0608 -97.373215 -75.294319 112.610649 34.221058 -73.922821 -17.683672 27.42087 0.159428 -0.034911 -5.468671 13.594597 9.482743 17.617901 -26.329836 52.417797 -19.440899 -14.417018 29.384382 0.000355 -8.778956 0.006459 16.284227 -18.151489 6.080232 -0.604527 -1.785497 -3.890943 -4.816428 -11.050244 -2.933134 -0.005306 -20.980797 0.008982 -5.043154 -25.061001 -4.030359 0.000111 -0.002905 -0.000804 -10.633926 -5.681158 -3.558983 10.56869 -17.903358 -3.106535 -0.002973 -13.812139 0.005666 -0.513225 -31.143251 -4.00887 -11.738008 -59.658916 8.068474 -13.986835 -7.141197 -2.866398 13.782338 -8.393723 -3.224505 0.339909 -34.209309 0.780184 -0.969101 -17.731688 2.629862 -0.001715 -0.000309 0.00096 -17.355537 -20.079845 -4.190529 21.769106 -1.639546 3.860474 0.001804 -6.335413 0.000266 -1.709975 -22.5749 -6.186618 0.000648 -0.006469 0.002256 46.619904 -72.776421 150.565796 33.817799 -65.204979 -19.794842 18.579279 0.438636 0.08026 -5.762581 15.294322 0.295703 22.180517 -20.370499 49.900883 -16.694172 -16.755671 28.461977 -0.000439 -12.694684 0.003939 16.401468 -18.118214 2.530836 -0.102903 -1.52004 -4.275814 -5.038059 -5.612407 -2.949916 0.001221 -11.019209 0.001367 -6.108948 -15.89175 -3.834541 0.001779 -0.001814 -0.001006 -10.282808 -5.682032 -4.332653 11.035337 -11.292056 -2.375011 -1.386637 -14.22876 -6.318751 -0.623278 -26.90316 -3.827436 -4.434272 -50.784664 -3.274553 -13.708983 -7.354045 -3.714905 18.135811 -14.046601 -3.239455 -0.001728 -18.765362 0.003926 -0.428368 -8.454313 2.558679 -0.00198 -0.000751 -0.000794 -15.924947 -20.097939 -5.465936 30.425566 -7.191503 1.73473 0.003039 -8.163326 -0.001408 -1.873523 -22.823162 -6.163217 -0.000212 -0.004773 0.001354 -179.813599 -11.993356 3.160761 69.313026 -0.406687 0.055075 -56.88969 -4.008539 -7.298572 -11.446177 1.580048 2.367148 -0.994016 0.001821 0.000468 -5.161536 14.444312 -9.368489 17.794546 -0.038935 -0.292699 -77.214676 -13.388621 0.854876 -6.446665 0.605192 1.659748 -0.992965 -0.008042 -0.000411 
0.0 0.0 0.0 0.0 -0.0 0.0 -7.390172 97.966408 409.312958 82.930534 7.926322 94.085266 1.602237 2.884214 -0.227355 -9.884296 0.000554 -0.511229 17.450056 3.433578 -2.382359 21.014536 1.197177 2.731565 -2.669996 -0.746394 -0.090014 -34.002953 -0.66977 -0.17609 -1.2e-05 2.3e-05 0.000873 0.037089 0.013168 0.036594 0.077859 0.014141 0.049123 0.094979 0.006417 0.034044 -96.483704 -74.301331 111.998238 29.87842 -74.878792 -13.325568 27.511578 0.337701 -0.002706 -5.825444 13.19763 8.619302 17.632641 -26.341261 52.431889 -19.46694 -14.389445 29.410688 -0.0003 -8.773051 0.000557 16.366758 -18.040075 5.927083 -0.610799 -1.800508 -3.890025 -4.800765 -11.036741 -2.93354 0.001813 -20.970011 -0.00051 -5.008417 -25.017868 -4.024626 0.0 7.6e-05 0.00087 -10.631006 -5.69278 -3.561044 10.570752 -17.913969 -3.110059 0.002586 -13.814586 -0.002381 -0.500236 -31.174141 -4.026954 -11.7653 -59.72607 7.809567 -13.976147 -7.14792 -2.869796 13.761616 -8.402665 -3.215654 0.357495 -34.227055 0.767811 -0.964301 -17.723774 2.619187 -0.001176 0.010113 -0.008268 -17.338097 -20.088457 -4.197275 21.744873 -1.641123 3.860705 -0.002895 -6.332254 0.000881 -1.694722 -22.566448 -6.184854 -0.000169 -0.000315 -0.001576 46.323189 -73.768173 150.605392 39.273701 -64.378647 -24.495344 19.171003 0.331283 0.065937 -5.312273 15.6971 1.839761 22.140066 -20.348083 49.900063 -16.662561 -16.714939 28.439264 -0.003293 -12.659986 0.003951 16.225422 -17.970154 2.560529 -0.096585 -1.498864 -4.274534 -5.030472 -5.610641 -2.94793 0.000208 -10.988032 5e-06 -6.08884 -15.851435 -3.834033 0.000476 0.003486 0.000372 -10.259801 -5.657282 -4.337076 11.004965 -11.278733 -2.370319 -1.385722 -14.20961 -6.30852 -0.615252 -26.850113 -3.817342 -4.646396 -50.365017 -3.171425 -13.681778 -7.341358 -3.720986 18.111601 -14.007649 -3.235766 -0.001891 -18.723093 0.000787 -0.430738 -8.423092 2.550627 0.002466 -0.005193 0.000895 -15.889052 -20.033466 -5.475376 30.366205 -7.183149 1.724689 -0.00209 -8.140238 0.00262 -1.876985 -22.785736 -6.154586 0.005355 -0.00467 0.005901 174.95488 -9.068897 5.217333 70.804909 -0.111003 -0.100987 -62.694157 -6.30093 -7.261787 -11.540577 1.62166 2.254067 -1.019671 -0.001385 -0.00174 1.259582 14.009666 -7.644754 13.388561 0.019731 -0.267091 -78.182571 -12.247591 1.079008 -6.410021 0.640375 1.678114 -0.998217 -0.000559 -0.000852 
0.0 0.0 0.0 0.0 -0.0 0.0 -7.375557 98.348976 414.090729 84.154358 8.086359 92.477638 2.063534 2.490031 -0.053943 -9.698038 0.070279 0.267576 17.391142 2.684824 -1.765785 21.436459 0.626978 2.787079 -2.627016 -0.68539 0.041002 -33.814213 -0.504574 -0.373387 0.000237 8.7e-05 -2.5e-05 0.044159 -0.004234 -0.012539 0.13267 0.001923 0.013581 0.13988 -0.016034 -0.025887 -97.205925 -73.232407 113.165161 24.333414 -75.508949 -8.144892 28.513613 0.389959 0.002677 -5.690076 13.123899 7.760842 17.624611 -26.313246 52.415798 -19.456106 -14.379684 29.402315 0.00017 -8.764745 -0.000651 16.386789 -17.959908 5.846314 -0.608053 -1.802355 -3.895757 -4.80238 -11.031895 -2.935097 0.000776 -20.932749 -0.003248 -4.998595 -24.962381 -4.029562 -0.000408 0.0 0.000513 -10.628675 -5.688293 -3.564574 10.563192 -17.913101 -3.115623 -0.002057 -13.80928 -0.001842 -0.497985 -31.125309 -4.026958 -11.715576 -59.615517 7.655954 -13.977605 -7.154552 -2.875103 13.771244 -8.400561 -3.22246 0.351451 -34.226826 0.764666 -0.960112 -17.753733 2.619713 -0.000462 0.000421 -0.001262 -17.341402 -20.09111 -4.212233 21.742716 -1.639716 3.867587 -0.001934 -6.333723 -0.001847 -1.692209 -22.570948 -6.197612 0.001517 -0.000454 -0.000103 46.752056 -75.308914 150.141006 44.812702 -63.560513 -28.857395 20.373936 0.188545 0.058242 -4.727032 15.670645 3.492201 22.150026 -20.393166 49.979191 -16.6654 -16.734516 28.476408 -0.000797 -12.688795 -0.001391 16.081924 -17.880619 2.633169 -0.109514 -1.509641 -4.280333 -5.036427 -5.62043 -2.953112 -0.001857 -11.011249 0.002226 -6.104163 -15.893343 -3.834908 -0.002394 0.001041 -0.001136 -10.289739 -5.682663 -4.34309 11.027124 -11.298518 -2.375016 -1.383854 -14.233612 -6.319095 -0.632299 -26.927956 -3.823746 -4.766434 -50.120716 -3.139559 -13.711489 -7.357598 -3.721751 18.140289 -14.060344 -3.243968 -0.002707 -18.798357 0.001003 -0.435581 -8.471574 2.558655 0.001349 0.00788 -0.010331 -15.917799 -20.085552 -5.47729 30.396776 -7.185072 1.73248 -0.001671 -8.154282 0.000685 -1.870663 -22.83214 -6.152457 -0.004522 0.010894 0.002628 170.114777 -6.159212 6.115835 68.666565 0.020262 -0.222954 -66.703072 -8.674402 -7.131295 -11.713231 1.653651 2.199863 -0.996768 -0.005268 -0.001684 7.387953 12.963036 -5.597864 8.870034 0.077033 -0.219691 -79.04187 -11.230035 1.086665 -6.388412 0.691777 1.690014 -0.995593 0.002816 -0.000313 
0.0 0.0 0.0 0.0 -0.0 0.0 -7.408284 98.441048 418.552917 85.322525 7.970245 90.789825 2.35014 2.110886 0.122407 -9.618108 0.135713 0.902726 17.446321 2.057844 -1.180667 21.536324 -0.261396 2.849929 -2.629029 -0.619347 0.247189 -33.733883 -0.363533 -0.513492 -0.000386 -3.9e-05 -0.000955 0.027486 -0.020338 -0.061212 0.155974 -0.013073 -0.033015 0.164109 -0.032318 -0.082077 -98.650986 -72.092255 114.971031 18.483486 -75.545052 -3.112878 29.589531 0.281019 0.010183 -5.322157 13.231091 7.036814 17.635809 -26.324902 52.44833 -19.470392 -14.407109 29.42144 0.000422 -8.7799 0.001415 16.441189 -17.990776 5.832964 -0.608306 -1.792133 -3.892575 -4.806962 -11.043063 -2.937524 0.001871 -20.972559 -0.001219 -5.018946 -25.041723 -4.030529 0.001048 0.002179 0.00075 -10.643642 -5.684208 -3.563474 10.580179 -17.916162 -3.116333 0.001018 -13.809138 0.001844 -0.50348 -31.14954 -4.027535 -11.681693 -59.620819 7.607293 -13.992513 -7.152522 -2.872578 13.78386 -8.395295 -3.225511 0.347027 -34.199772 0.776258 -0.963642 -17.734324 2.624287 -0.000171 9e-05 0.000779 -17.364143 -20.10154 -4.203976 21.78421 -1.636383 3.868903 0.005741 -6.344475 -0.002187 -1.700822 -22.600655 -6.196993 0.000137 0.000666 0.000152 47.758301 -76.820633 148.812622 49.634407 -62.31097 -31.910589 22.199095 0.028045 0.021792 -4.107122 15.228791 4.706265 22.206736 -20.395437 49.956112 -16.698084 -16.759731 28.47319 0.000125 -12.701547 0.000813 15.957028 -17.879108 2.689071 -0.097333 -1.503295 -4.275836 -5.041776 -5.619526 -2.955878 -0.004988 -11.027209 0.003558 -6.123237 -15.903798 -3.831758 0.004215 0.001317 0.002786 -10.277733 -5.67663 -4.341138 11.036809 -11.303581 -2.370286 -1.387977 -14.24833 -6.316962 -0.612866 -26.957279 -3.822186 -4.773982 -50.017567 -3.188902 -13.706076 -7.357402 -3.722354 18.150307 -14.057978 -3.233164 0.005337 -18.800028 0.003123 -0.439113 -8.465497 2.550235 0.00626 -0.000344 0.00027 -15.912393 -20.085842 -5.473422 30.445549 -7.194021 1.741314 -0.005474 -8.161196 -0.003785 -1.874803 -22.841467 -6.163665 -0.007626 0.00377 -0.003011 165.734772 -3.789022 6.26199 62.965206 0.025713 -0.278919 -69.382896 -10.682261 -7.247309 -11.853401 1.715349 2.177663 -1.006941 0.001762 0.002061 11.432065 11.596494 -4.07025 6.874788 0.098041 -0.161158 -80.106529 -10.358127 1.058259 -6.188602 0.686231 1.689112 -0.994251 0.003347 0.000673 
0.0 0.0 0.0 0.0 -0.0 0.0 -7.376336 98.264481 422.692047 86.276421 7.596651 89.325592 2.448561 1.829599 0.197423 -9.613351 0.183833 1.373027 17.645123 1.630967 -0.686761 21.436123 -1.32323 2.821513 -2.638187 -0.536641 0.474746 -33.848167 -0.212281 -0.496198 2.1e-05 -0.000273 -0.001745 0.028247 -0.023997 -0.06342 0.160712 -0.020282 -0.037246 0.181292 -0.034472 -0.090245 -100.593933 -71.126732 117.175117 13.732546 -75.617676 0.591733 30.191755 0.145416 0.015712 -5.0173 13.362211 6.758047 17.630562 -26.305649 52.395676 -19.435959 -14.387949 29.386089 0.00057 -8.769132 -0.001615 16.45002 -18.000618 5.838928 -0.607994 -1.793696 -3.891848 -4.80804 -11.038341 -2.931043 -0.000836 -20.969131 0.005413 -5.024881 -25.01432 -4.032316 -0.000114 0.000251 0.000709 -10.627075 -5.679112 -3.55937 10.567929 -17.907251 -3.105952 -0.000533 -13.817475 0.003296 -0.513781 -31.170084 -4.015978 -11.574882 -59.832336 7.559947 -13.973756 -7.133653 -2.873524 13.769728 -8.398421 -3.212039 0.342335 -34.211227 0.779078 -0.96305 -17.747572 2.622708 -0.002684 0.021051 -0.001512 -17.330601 -20.078016 -4.199152 21.746096 -1.635894 3.871619 0.001332 -6.341074 0.001162 -1.702569 -22.597033 -6.188541 -0.000278 0.000627 0.000939 49.227131 -78.448517 147.1884 53.748013 -60.889198 -34.045158 24.382208 -0.057691 0.009021 -3.556933 14.735577 5.730597 22.155476 -20.383276 49.969353 -16.682112 -16.743555 28.464754 0.00451 -12.696535 -0.007802 15.720239 -17.884817 2.774231 -0.097881 -1.508889 -4.274893 -5.044169 -5.611461 -2.953181 -0.00781 -11.008773 0.000705 -6.116067 -15.88166 -3.850985 2e-06 -0.001041 0.003465 -10.280986 -5.666856 -4.330746 11.017271 -11.285773 -2.374215 -1.391299 -14.214558 -6.313651 -0.640245 -26.874939 -3.81552 -4.746225 -49.708729 -3.339404 -13.713636 -7.356193 -3.718812 18.136744 -14.025733 -3.241139 -0.011963 -18.7607 0.013783 -0.436838 -8.442625 2.545231 -0.008058 0.002759 -0.0 -15.932429 -20.089737 -5.470922 30.451996 -7.179 1.73568 -0.023014 -8.162229 -0.002701 -1.873158 -22.84803 -6.172013 -0.003897 0.007199 -0.0036 162.219498 -2.306684 5.824147 53.87402 -0.00808 -0.215549 -70.986969 -11.694983 -7.579634 -11.74809 1.84092 2.155825 -1.002282 -0.003827 -0.00212 14.383471 10.317816 -3.12793 6.126391 0.088541 -0.157526 -81.98687 -9.501403 0.978331 -5.931556 0.650293 1.671988 -1.0099 0.000544 -0.002043 
0.0 0.0 0.0 0.0 -0.0 0.0 -7.436096 97.839195 426.926239 86.87603 7.138701 88.095848 2.441697 1.703667 0.225327 -9.653858 0.203954 1.653078 17.905708 1.363242 -0.304717 21.218021 -2.331405 2.723967 -2.635307 -0.463745 0.694478 -34.200188 -0.087017 -0.268619 -7e-06 0.000536 -9.1e-05 0.041491 -0.009595 -0.016223 0.154866 -0.021594 0.006515 0.181445 -0.00597 -0.04521 -102.115089 -70.185616 118.906052 10.345197 -75.337029 2.710643 30.138988 -0.009434 -0.019699 -4.828444 13.424773 6.829388 17.63345 -26.312714 52.438473 -19.444479 -14.417194 29.407768 0.001393 -8.782968 0.001009 16.519835 -17.983749 5.882892 -0.60916 -1.801539 -3.889456 -4.812423 -11.031316 -2.941307 0.000341 -20.963373 -0.000149 -5.027263 -25.016396 -4.032789 0.0007 -0.001848 0.003374 -10.635123 -5.680064 -3.565116 10.571995 -17.888008 -3.106204 -0.000108 -13.801606 0.00303 -0.505605 -31.121132 -4.018786 -11.315844 -59.632069 7.423037 -13.98689 -7.142893 -2.873871 13.778913 -8.387901 -3.217935 0.346393 -34.182526 0.779546 -0.962551 -17.718796 2.625661 -0.000479 -0.009451 -0.001218 -17.35051 -20.065763 -4.205881 21.758722 -1.638744 3.867404 -0.000786 -6.329913 0.002471 -1.697019 -22.548037 -6.189158 -0.002245 -0.006656 -0.001026 50.134056 -79.607872 145.610977 57.048321 -59.351086 -35.827618 26.417772 -0.184875 -0.016489 -3.157134 14.473206 6.49995 22.207043 -20.36949 49.9398 -16.689142 -16.794991 28.467543 0.004621 -12.712674 -0.003176 15.497033 -17.937754 2.863919 -0.105983 -1.502846 -4.278715 -5.050513 -5.615458 -2.946346 -0.003188 -11.015982 0.008866 -6.140508 -15.90226 -3.830577 -0.002577 -0.002508 -0.004769 -10.299923 -5.674054 -4.335192 11.043488 -11.310483 -2.37033 -1.388419 -14.261453 -6.314625 -0.643245 -26.958939 -3.832574 -4.749223 -49.742535 -3.473305 -13.736822 -7.364416 -3.7142 18.183334 -14.042222 -3.237554 -0.008513 -18.788986 0.002562 -0.426887 -8.466863 2.559842 0.001504 0.005819 0.002662 -15.969119 -20.101656 -5.457843 30.522306 -7.184845 1.740635 -0.003732 -8.176792 0.00321 -1.894507 -22.891821 -6.178033 0.002384 -0.006111 0.004255 160.222809 -1.832925 4.578813 41.205921 0.003571 -0.179228 -70.685783 -11.562367 -7.73321 -10.963723 1.96234 2.125407 -0.991106 0.000497 0.000599 17.074547 9.289843 -2.589215 5.513548 0.05955 -0.249715 -83.666382 -8.644403 0.802159 -5.918353 0.604358 1.643089 -0.996628 0.003856 0.000604 
0.0 0.0 0.0 0.0 -0.0 0.0 -7.460856 97.163986 431.291687 87.199417 6.719297 86.917877 2.362622 1.741325 0.299123 -9.698223 0.210602 1.865222 18.158913 1.201786 -0.061273 21.007221 -3.222621 2.633529 -2.587347 -0.446508 1.010613 -34.725945 -0.022792 0.039032 2.4e-05 -0.000211 -0.000964 0.070269 0.01669 0.082889 0.227369 -0.006321 0.116534 0.23667 0.032658 0.045535 -102.92688 -69.599045 119.735649 7.731999 -75.506767 4.048445 29.347569 -0.223595 -0.037741 -4.629142 13.494895 7.106128 17.63162 -26.31979 52.480606 -19.461393 -14.358446 29.428574 0.00069 -8.759771 -0.003046 16.713917 -17.84499 5.81592 -0.611446 -1.804472 -3.891571 -4.804154 -11.031987 -2.945625 -0.000282 -20.962011 -0.008252 -5.005929 -25.041929 -4.038745 -0.003134 -0.008867 0.001663 -10.624366 -5.690557 -3.571993 10.552934 -17.904837 -3.111124 -0.000381 -13.808358 -0.00313 -0.49456 -31.13818 -4.035266 -11.131154 -59.622654 7.283627 -13.966903 -7.154302 -2.885463 13.749142 -8.391013 -3.210769 0.345315 -34.191628 0.763174 -0.960327 -17.730743 2.615957 -0.001031 0.000644 -0.000694 -17.319363 -20.084034 -4.224632 21.718983 -1.642702 3.874848 -0.000679 -6.331151 -0.000856 -1.688476 -22.56637 -6.195042 -0.000499 -0.005946 -0.001518 51.502583 -80.976593 143.9991 60.058167 -58.025887 -37.666019 27.818777 -0.175276 0.007044 -2.897635 14.52228 6.780084 22.178045 -20.402683 49.978886 -16.675249 -16.733624 28.462143 -0.006347 -12.675214 -0.000693 15.276354 -17.791416 2.946829 -0.113859 -1.503933 -4.269581 -5.037992 -5.619402 -2.959709 0.014799 -11.02312 0.009978 -6.117709 -15.898445 -3.839282 0.00175 0.002855 0.007252 -10.309755 -5.675084 -4.340644 11.062576 -11.31537 -2.36219 -1.384265 -14.247407 -6.323557 -0.61578 -26.927258 -3.826995 -4.66183 -49.342846 -3.517586 -13.732015 -7.361679 -3.725357 18.172369 -14.05273 -3.228763 -0.01738 -18.80217 0.010854 -0.42157 -8.462067 2.565637 0.008831 0.006287 0.000175 -15.945226 -20.101248 -5.474616 30.463675 -7.198401 1.743813 -0.015728 -8.161867 0.001055 -1.853407 -22.864679 -6.177198 -0.000623 -0.004614 -0.005188 159.99025 -1.97918 2.752308 25.916079 0.049973 -0.239384 -69.608116 -10.027555 -8.160698 -10.733189 2.018507 2.041649 -0.996826 0.002458 0.000623 19.637251 8.477895 -2.482057 5.361097 0.051343 -0.318424 -85.500732 -7.612684 0.592967 -6.189781 0.570852 1.625796 -0.991866 0.00755 0.001475 
0.0 0.0 0.0 0.0 -0.0 0.0 -7.391857 96.446388 436.013885 87.396431 6.300261 85.793427 2.188908 1.806146 0.4013 -9.808579 0.238637 2.02273 18.382771 1.116364 0.065551 20.803534 -4.08402 2.620438 -2.497423 -0.475931 1.511581 -35.018688 0.022558 0.201388 -0.003873 -2.9e-05 0.000995 0.078217 0.046014 0.206667 0.282599 0.01911 0.239726 0.29193 0.062992 0.148972 -103.943756 -69.221733 120.588669 5.436525 -75.77195 5.389962 28.107569 -0.486941 -0.037939 -4.500636 13.569261 7.49439 17.669645 -26.35397 52.591942 -19.502125 -14.443474 29.491955 0.000572 -8.807075 -0.000835 16.971144 -17.769585 5.599293 -0.613008 -1.778157 -3.899869 -4.821115 -11.059042 -2.94335 0.005138 -20.98708 -0.001058 -5.029338 -25.064938 -4.045073 -0.001703 0.008961 -0.001818 -10.662277 -5.684421 -3.575268 10.604991 -17.944864 -3.122616 0.002866 -13.842167 0.000363 -0.499432 -31.234821 -4.041687 -11.210512 -59.925827 7.394077 -14.020614 -7.139449 -2.886739 13.806684 -8.4001 -3.222497 0.353704 -34.198856 0.771599 -0.962789 -17.73428 2.624682 0.000213 -5e-06 0.000214 -17.387453 -20.097359 -4.227685 21.809963 -1.64818 3.880073 -0.001272 -6.335609 0.001374 -1.702059 -22.568552 -6.208651 -0.000986 -0.000384 -0.001672 52.839149 -82.423889 143.030106 62.860931 -56.837891 -39.71418 28.785942 0.049845 -0.060211 -2.595924 14.73986 6.68671 22.188511 -20.402576 50.016857 -16.673052 -16.74712 28.47089 0.011455 -12.693685 0.003528 14.996934 -17.831858 3.084741 -0.085926 -1.508558 -4.264791 -5.074289 -5.623631 -2.964549 0.001898 -11.018209 0.001902 -6.131813 -15.918121 -3.85266 -0.001953 -0.001156 0.003338 -10.294049 -5.693036 -4.341808 11.023938 -11.288087 -2.363367 -1.383163 -14.242448 -6.335386 -0.643627 -26.943403 -3.828999 -4.713346 -49.029469 -3.536927 -13.718672 -7.369195 -3.715682 18.13673 -14.046754 -3.240343 -0.008215 -18.797958 -0.008284 -0.445167 -8.452826 2.554739 -0.002449 -0.002071 0.003856 -15.955102 -20.11388 -5.476583 30.456696 -7.17109 1.753617 -0.025968 -8.156599 0.001623 -1.868834 -22.832314 -6.193521 0.000622 0.006567 0.0028 160.719391 -2.099489 0.77055 10.960549 0.063175 -0.291369 -69.06192 -7.123168 -9.843557 -11.146907 2.019274 1.897487 -0.999895 0.000241 0.000399 22.282406 7.744658 -2.769847 5.295373 -0.015913 -0.212022 -86.294441 -6.586602 0.160638 -6.958722 0.556213 1.62663 -0.999131 -0.005266 -0.000193 
0.0 0.0 0.0 0.0 -0.0 0.0 -7.331617 95.679733 440.673492 87.491386 5.599793 84.869041 1.645234 1.853214 0.500248 -10.000135 0.306705 1.951864 18.581652 1.231736 0.25741 20.430136 -4.79058 2.561694 -2.414313 -0.546851 1.95855 -35.049698 0.056441 0.344505 -0.000468 -4e-05 0.00065 0.087715 0.051086 0.216828 0.27574 0.027014 0.24665 0.274627 0.065154 0.166185 -105.259979 -68.702339 122.089195 5.611048 -75.388962 4.890995 26.178513 -0.447794 -0.060797 -4.463917 13.44 7.436327 17.625677 -26.353647 52.532269 -19.447344 -14.39948 29.445797 -0.000468 -8.770223 0.000726 16.934145 -17.496555 5.497194 -0.611069 -1.801684 -3.896068 -4.805081 -11.034371 -2.938137 0.000348 -20.950644 0.001907 -5.008599 -24.980158 -4.036609 -0.001765 0.001827 -0.003359 -10.633828 -5.685606 -3.56757 10.570694 -17.902342 -3.110743 -0.002349 -13.813862 0.003072 -0.502869 -31.136057 -4.025878 -11.346184 -59.67141 7.426317 -13.974971 -7.14298 -2.878213 13.758773 -8.394804 -3.21624 0.342696 -34.161861 0.781089 -0.966168 -17.705151 2.62321 -0.000328 -1.2e-05 0.000274 -17.341089 -20.089388 -4.211132 21.75017 -1.63718 3.871249 -0.000161 -6.336409 0.001618 -1.698304 -22.56344 -6.189431 -0.000925 5.8e-05 -0.000241 54.400829 -83.042099 141.023758 64.289452 -56.270374 -40.670193 29.515238 0.05201 -0.107125 -2.366813 15.047772 6.593694 22.187666 -20.428652 49.953205 -16.665009 -16.71385 28.453291 0.006746 -12.696755 -0.000147 15.049086 -17.866318 3.075743 -0.081185 -1.506048 -4.289821 -5.045774 -5.606246 -2.934521 0.005242 -11.009188 0.007165 -6.09452 -15.877887 -3.829054 -0.002151 -0.003298 0.00915 -10.252296 -5.678519 -4.352849 11.009092 -11.299182 -2.360558 -1.389436 -14.228859 -6.321246 -0.626459 -26.914 -3.813411 -4.752656 -48.843018 -3.578711 -13.681675 -7.362481 -3.722631 18.133286 -14.039009 -3.232387 0.006126 -18.797792 0.009473 -0.440229 -8.46867 2.577268 -0.007676 0.013584 -0.015348 -15.892182 -20.07443 -5.480994 30.370501 -7.190488 1.737328 0.011775 -8.157417 0.004054 -1.874595 -22.84075 -6.136392 0.002919 -0.005092 -0.010213 161.003723 -1.897507 -1.380505 0.32762 0.037704 -0.258209 -68.613503 -5.624523 -12.628416 -11.146466 1.924661 1.813479 -0.995479 -1.3e-05 0.0041 24.835535 6.961321 -3.205355 5.04349 -0.026402 -0.167667 -86.192665 -5.231678 -0.729356 -8.688816 0.547446 1.594011 -0.997773 -0.003057 0.001192 
0.0 0.0 0.0 0.0 -0.0 0.0 -7.269715 95.229813 445.476196 87.831848 4.981945 84.453751 1.152221 1.730467 0.51792 -10.281984 0.301458 1.768596 18.774126 1.213445 0.389097 20.019875 -5.134578 2.576038 -2.366456 -0.580689 2.158736 -35.103687 0.059072 0.462712 -0.000379 -0.000818 0.00146 0.097823 0.050159 0.224222 0.197282 0.032281 0.23293 0.186306 0.062053 0.19057 -106.542282 -68.461609 123.470612 7.330168 -75.18074 3.096567 24.146589 -0.418232 -0.123332 -4.835604 13.371833 7.434859 17.645916 -26.340609 52.463284 -19.482685 -14.380144 29.421135 0.000111 -8.77258 -0.001039 16.99876 -17.426432 5.437643 -0.610072 -1.788333 -3.893174 -4.806545 -11.056835 -2.936118 0.002213 -20.999203 -0.005438 -5.008637 -25.061096 -4.022398 -0.001947 -0.0 -0.003664 -10.640031 -5.682847 -3.565868 10.576238 -17.946445 -3.113144 -0.00119 -13.83586 -0.002797 -0.499121 -31.216421 -4.033154 -11.336147 -59.932869 7.508849 -13.991691 -7.146105 -2.876285 13.782458 -8.413634 -3.217021 0.350542 -34.256264 0.758963 -0.957754 -17.731722 2.616616 -0.000697 -2.3e-05 -0.000375 -17.348122 -20.126429 -4.203133 21.762667 -1.629266 3.866246 -0.000296 -6.350378 -0.000435 -1.699372 -22.62484 -6.197126 0.000767 -0.000432 -0.003036 56.321156 -83.183762 138.773224 64.633186 -56.399529 -41.151974 30.602444 -0.287349 -0.10928 -1.782254 15.656667 6.713525 22.171537 -20.401962 49.989677 -16.716217 -16.740723 28.509554 -0.003744 -12.695893 -0.004396 15.13169 -17.941502 2.962854 -0.124879 -1.51602 -4.27809 -5.046146 -5.61861 -2.965627 0.005752 -11.04197 -0.000226 -6.116992 -15.919597 -3.83986 0.010056 0.00464 -0.003192 -10.29022 -5.680994 -4.351934 11.020329 -11.322195 -2.369767 -1.370765 -14.256935 -6.332151 -0.61902 -26.968477 -3.833142 -4.786092 -49.038342 -3.638111 -13.7229 -7.368569 -3.731324 18.157055 -14.074626 -3.255792 0.017902 -18.832016 0.004574 -0.454072 -8.468 2.546525 0.007355 -0.012449 0.010113 -15.920588 -20.112583 -5.497901 30.392847 -7.207686 1.742499 0.001861 -8.164248 -0.004185 -1.845664 -22.866905 -6.154733 -0.013908 -0.00865 0.004815 159.977676 -1.056556 -3.742654 -1.554451 -0.018878 -0.333871 -68.719154 -5.479957 -14.655303 -11.393805 1.955159 1.73801 -1.000671 0.003706 -0.000687 27.235903 5.844535 -3.8161 5.023465 -0.055906 -0.062927 -83.621605 -4.050131 -2.0729 -12.001886 0.606911 1.554267 -0.995022 0.002375 0.000706 
0.0 0.0 0.0 0.0 -0.0 0.0 -7.125745 95.030411 450.790741 89.042747 4.374552 84.57122 0.551298 1.010523 0.517401 -10.669601 0.233957 1.732947 18.741676 0.857975 0.227977 19.907425 -5.09478 2.647812 -2.345185 -0.43877 2.110831 -34.692528 0.099981 0.68231 2.8e-05 -0.000229 -0.001772 0.11133 0.056056 0.235194 0.176731 0.043075 0.236027 0.175998 0.060345 0.212404 -108.118553 -68.271095 125.115639 8.303135 -74.207092 2.28628 22.634676 -0.362843 -0.119353 -5.514751 13.376482 7.416498 17.633299 -26.295033 52.302685 -19.426113 -14.357934 29.329624 -0.000573 -8.75411 -0.000462 16.987776 -17.44371 5.550243 -0.605925 -1.794456 -3.885156 -4.807487 -11.035191 -2.928042 -0.001374 -20.961084 0.005609 -5.023306 -25.008308 -4.016553 -0.003867 -0.010676 -0.003855 -10.620909 -5.680182 -3.554946 10.55759 -17.897026 -3.104977 -0.005692 -13.804554 0.004438 -0.513066 -31.160458 -4.015906 -11.382651 -59.782101 7.690943 -13.962219 -7.140173 -2.869566 13.740988 -8.392403 -3.206538 0.335543 -34.188538 0.780315 -0.966668 -17.719236 2.616286 0.000766 0.010202 -0.000298 -17.321714 -20.083866 -4.191487 21.718187 -1.633362 3.864425 -0.00045 -6.334891 0.001758 -1.702088 -22.567286 -6.170674 -0.001617 0.000366 0.000291 55.629421 -83.270691 140.005234 63.379948 -57.279369 -39.908943 31.815483 -0.399531 -0.078484 -1.240595 16.146978 6.290661 22.192747 -20.423319 50.078724 -16.702574 -16.717403 28.521788 0.002743 -12.715085 0.002422 15.193963 -17.90666 2.859098 -0.11881 -1.514221 -4.27511 -5.045822 -5.628445 -2.964475 0.008382 -11.026687 -0.006389 -6.104002 -15.910535 -3.837247 -0.004473 -0.003895 -0.010738 -10.301957 -5.685057 -4.350713 11.037749 -11.324079 -2.382487 -1.37174 -14.262102 -6.335155 -0.619793 -26.964102 -3.87131 -4.568161 -49.20591 -3.839109 -13.737125 -7.365918 -3.728508 18.158607 -14.090683 -3.259095 0.023456 -18.818739 -0.012814 -0.429164 -8.462808 2.560605 -0.010754 -0.011116 -0.003161 -15.940738 -20.137527 -5.495178 30.461327 -7.216603 1.739565 -0.026804 -8.172741 -0.009057 -1.849261 -22.910639 -6.176635 0.002777 0.004412 0.001544 160.059402 0.822218 -5.947568 0.773135 0.0396 -0.557127 -66.616013 -5.348302 -13.332137 -12.046474 1.999502 1.756227 -0.999513 -0.002962 -0.001069 28.719925 3.867604 -4.989065 6.822813 -0.067339 0.113584 -79.540352 -2.838964 -3.43212 -17.351641 0.753691 1.518795 -0.993604 -0.007855 0.000149 
0.0 0.0 0.0 0.0 -0.0 0.0 -6.737824 95.182381 456.63266 91.429703 3.450816 84.739052 -0.441535 -0.418678 0.558194 -11.073553 0.055259 1.895028 18.46574 0.071803 0.121524 19.867834 -4.744417 2.752912 -2.380521 -0.276258 1.913615 -33.697662 0.077509 0.787553 0.00299 0.000435 -0.001057 0.085031 0.043614 0.15893 0.164105 0.023459 0.154978 0.146177 0.058795 0.139756 -111.503967 -67.698517 128.436142 7.947711 -72.306053 3.162302 22.020985 -0.062505 -0.020072 -6.080386 13.720936 7.230876 17.641226 -26.357712 52.49852 -19.474945 -14.429941 29.429066 -0.001606 -8.779897 0.000795 16.871157 -17.434017 5.714891 -0.608308 -1.796061 -3.896252 -4.814409 -11.047874 -2.935327 0.001626 -20.967817 0.000652 -5.022766 -25.006762 -4.034269 -0.003605 0.001054 0.004215 -10.650131 -5.687091 -3.561409 10.589556 -17.912712 -3.115008 0.00108 -13.810057 0.002476 -0.500669 -31.168026 -4.01908 -11.761312 -60.053741 8.207669 -14.003438 -7.153802 -2.869178 13.804938 -8.404185 -3.226249 0.350406 -34.232391 0.781378 -0.962446 -17.747215 2.630376 -0.001113 0.000548 -0.001082 -17.371756 -20.094057 -4.197746 21.786674 -1.645973 3.865851 -0.000129 -6.333398 0.001452 -1.70221 -22.574625 -6.183744 0.001905 -0.00054 -0.001801 49.314426 -81.518784 145.472824 59.490273 -58.062176 -36.136143 32.191689 -0.522604 -0.052228 -0.917355 16.092234 5.507882 22.166407 -20.322723 49.91135 -16.734634 -16.749899 28.500259 0.002096 -12.699102 0.008422 15.352184 -18.000578 2.682914 -0.106714 -1.518125 -4.280328 -5.044825 -5.619964 -2.955544 0.009432 -11.017567 -0.016483 -6.107411 -15.89954 -3.83714 -0.004109 0.000843 -0.004539 -10.29403 -5.693866 -4.336844 11.05121 -11.288502 -2.387785 -1.41027 -14.236876 -6.321346 -0.584229 -26.918756 -3.84172 -4.469551 -49.222916 -4.02399 -13.716819 -7.38046 -3.723444 18.176374 -14.046448 -3.261173 0.003306 -18.795193 -0.012336 -0.440741 -8.446845 2.554454 0.002168 -0.00918 0.003688 -15.932289 -20.121899 -5.479419 30.444048 -7.189254 1.732859 -0.017146 -8.158911 -0.002193 -1.825352 -22.85791 -6.171106 0.000939 0.00069 -0.001971 159.499603 4.102557 -6.412635 4.727343 0.087694 -0.754453 -60.6875 -7.172053 -8.174954 -11.679098 1.822439 1.90962 -0.989581 -0.000859 0.002809 28.248169 0.472023 -7.323497 11.199035 -0.139783 0.37289 -74.119209 -0.717364 -4.905897 -25.604506 1.001209 1.482382 -0.992247 -5.8e-05 0.001405 
0.0 0.0 0.0 0.0 -0.0 0.0 -6.319413 95.390076 462.557281 93.879608 2.953969 85.275642 -1.173971 -1.557158 0.421518 -11.410821 -0.174914 2.284645 18.108969 -1.115075 -0.012064 19.802145 -4.11345 2.904963 -2.371621 -0.325567 1.378144 -33.186424 0.148977 0.869826 -0.000304 -0.000263 -0.001052 0.056675 0.01602 0.056274 0.155631 0.000835 0.066147 0.138052 0.026631 0.040544 -114.261917 -67.37159 130.938263 7.091556 -70.698517 4.115294 21.842539 0.073053 0.043607 -6.114195 14.229708 7.374727 17.623228 -26.336596 52.420433 -19.442268 -14.38584 29.400988 -0.001049 -8.765615 0.000385 16.821804 -17.421284 5.712802 -0.609769 -1.789249 -3.893458 -4.804085 -11.040669 -2.931545 -0.001317 -20.972279 0.008135 -5.02564 -25.02422 -4.017483 -0.003932 -0.019555 -0.005089 -10.628262 -5.670843 -3.559857 10.571429 -17.910021 -3.106968 -0.00234 -13.806121 0.006649 -0.507283 -31.125504 -4.01134 -11.596772 -59.856625 7.947887 -13.980243 -7.141862 -2.8721 13.771962 -8.391412 -3.212917 0.341862 -34.198986 0.78656 -0.966384 -17.727942 2.625293 -0.000156 -0.00984 -0.000624 -17.32254 -20.068069 -4.203569 21.719566 -1.640848 3.865962 -0.000109 -6.335865 0.002686 -1.696119 -22.562443 -6.178626 -0.001551 -0.006346 -0.003514 46.202202 -80.124641 148.64006 55.746685 -59.443985 -32.70752 31.676426 -0.387705 0.068843 -0.952996 15.700626 4.671059 22.215014 -20.385487 49.968231 -16.6943 -16.75234 28.471809 0.00023 -12.681866 -0.001434 15.549528 -17.841816 2.576043 -0.099509 -1.517775 -4.27547 -5.06066 -5.621651 -2.959682 0.016694 -11.034057 0.002175 -6.110548 -15.926442 -3.852202 -0.011656 -0.00546 0.009669 -10.3003 -5.687646 -4.340347 11.054529 -11.308326 -2.374133 -1.392315 -14.248653 -6.3125 -0.628632 -26.93845 -3.836469 -4.514853 -49.393768 -3.988095 -13.719167 -7.368979 -3.715606 18.166721 -14.06507 -3.247281 -0.016978 -18.800589 0.001739 -0.409569 -8.464265 2.560457 0.0 -0.0 0.0 -15.932897 -20.10597 -5.472365 30.412863 -7.197288 1.730285 0.007201 -8.167014 0.008875 -1.847792 -22.848486 -6.161775 0.003391 -0.001059 -0.004773 158.907059 7.603122 -5.821824 9.927548 -0.040173 -0.837784 -59.25655 -9.144592 -4.631204 -9.887552 1.686198 1.999022 -0.999881 -0.000601 -0.002567 26.185532 -3.152668 -9.247723 18.631973 -0.307933 0.629776 -66.084137 1.282356 -5.883582 -34.493484 1.194546 1.447478 -0.996244 -0.000717 0.00452 
0.0 0.0 0.0 0.0 -0.0 0.0 -5.957986 95.784798 468.446106 95.767105 3.192795 86.084412 -1.402872 -2.233503 0.290388 -11.403316 -0.377512 2.612319 17.929554 -2.38399 -0.340696 19.94091 -3.48377 2.928488 -2.53766 -0.433595 1.015264 -33.132847 0.100201 0.755869 -0.0 0.00085 -0.000201 0.076002 -0.021031 -0.066183 0.099484 -0.007915 -0.07198 0.097309 -0.041053 -0.076246 -114.267212 -67.832504 130.989426 8.094881 -70.33091 3.176805 22.351042 0.037322 0.02213 -5.832948 14.708428 7.798573 17.604822 -26.255304 52.315937 -19.437471 -14.380099 29.355627 -0.002156 -8.754679 -0.000626 16.678535 -17.562132 6.020367 -0.609943 -1.777924 -3.888527 -4.797532 -11.028884 -2.928838 0.002422 -20.93265 -0.001567 -5.010193 -24.994953 -4.026679 -0.000958 0.003948 0.000644 -10.624952 -5.669215 -3.560789 10.563256 -17.885963 -3.107174 0.000642 -13.799385 0.000556 -0.499299 -31.123541 -4.016237 -12.07464 -60.141968 8.593923 -13.968276 -7.12263 -2.870613 13.762622 -8.390577 -3.21824 0.3482 -34.127289 0.769104 -0.957134 -17.677557 2.615399 0.000523 -0.009895 6.2e-05 -17.325348 -20.058311 -4.195071 21.737747 -1.637107 3.857815 0.000348 -6.324479 6e-06 -1.697614 -22.538832 -6.18177 0.001455 0.006216 0.00201 46.717922 -79.628433 148.663727 53.837627 -61.102253 -31.094221 29.552338 -0.069258 0.063788 -1.416288 15.279176 3.495072 22.172482 -20.401516 49.975319 -16.701509 -16.762423 28.495718 -0.002532 -12.695291 -0.007325 15.75037 -17.871717 2.57854 -0.119714 -1.512124 -4.265687 -5.02479 -5.598673 -2.951301 0.000113 -11.004088 -0.002564 -6.114489 -15.868046 -3.835324 -0.000826 4.1e-05 -0.000222 -10.29266 -5.671969 -4.335214 11.027832 -11.294199 -2.370788 -1.40034 -14.233721 -6.314017 -0.628396 -26.914715 -3.811473 -4.430231 -49.384186 -3.758802 -13.71201 -7.359724 -3.712248 18.134863 -14.02881 -3.240321 -0.013495 -18.770702 0.020698 -0.442334 -8.448388 2.559775 0.001551 0.005099 0.001923 -15.942345 -20.080452 -5.466097 30.420437 -7.183092 1.739328 0.007277 -8.152564 -0.000971 -1.865761 -22.804611 -6.146415 -0.000881 -0.003494 -0.005235 159.937637 10.589098 -5.108029 14.847863 -0.145426 -0.724985 -62.389549 -10.775051 -2.291516 -8.379344 1.636366 2.007653 -1.002006 0.000694 0.000562 22.342529 -6.746142 -9.81544 29.302578 -0.335072 0.823693 -54.475319 2.976873 -6.89014 -38.225574 1.192963 1.466629 -0.985968 -0.000429 0.003504 
0.0 0.0 0.0 0.0 -0.0 0.0 -5.648672 96.290909 473.846588 97.196838 3.997275 86.490746 -1.013973 -2.721547 0.375555 -11.205666 -0.578892 2.63332 17.83667 -3.206699 -0.48704 20.045937 -3.314354 3.0115 -2.558328 -0.594244 0.956043 -33.544289 -0.135052 0.502602 -0.006753 -0.000812 0.0 0.051837 -0.008108 -0.045144 0.067314 0.031503 -0.052463 0.074169 -0.0543 -0.047879 -113.499527 -68.449059 130.34761 10.260376 -70.722633 1.964231 23.850197 0.141046 0.079499 -5.69038 14.815315 8.119723 17.600584 -26.339079 52.446556 -19.477205 -14.417847 29.442389 -0.002332 -8.789305 0.005841 16.542028 -17.680304 6.139715 -0.608663 -1.794867 -3.892042 -4.806982 -11.046298 -2.939001 9.2e-05 -20.973743 -0.001033 -5.023776 -25.026125 -4.028716 0.000342 0.00015 -0.001409 -10.63733 -5.676852 -3.561252 10.578602 -17.928562 -3.117974 0.00164 -13.811915 0.000391 -0.505242 -31.166857 -4.018088 -12.422103 -60.235569 8.851588 -13.99163 -7.148443 -2.868589 13.788346 -8.398334 -3.229045 0.349429 -34.220512 0.773041 -0.965044 -17.74227 2.62498 -0.000472 -0.009911 0.000363 -17.348864 -20.093246 -4.195156 21.757547 -1.638246 3.856777 -6.9e-05 -6.333913 0.000616 -1.693732 -22.560913 -6.190916 -0.000801 -0.006329 0.00238 48.728367 -79.74324 147.209229 53.609592 -62.528381 -30.994553 26.125441 0.021543 0.10907 -2.413881 14.51679 2.384521 22.200872 -20.385664 49.976505 -16.70816 -16.756889 28.490925 -3.1e-05 -12.694088 -0.002649 15.899117 -17.924988 2.54633 -0.10255 -1.510597 -4.277333 -5.037154 -5.608701 -2.949345 -0.004058 -11.025824 0.00248 -6.105152 -15.895797 -3.838611 0.004662 -0.001351 -0.000678 -10.271354 -5.671883 -4.344727 11.028547 -11.303063 -2.368124 -1.398178 -14.234214 -6.323005 -0.623823 -26.921648 -3.809232 -4.244699 -49.363235 -3.992404 -13.703148 -7.349058 -3.722204 18.141312 -14.059271 -3.242253 -0.003272 -18.796829 -0.000363 -0.433222 -8.477294 2.555195 -0.006724 0.004778 -0.0 -15.925554 -20.093491 -5.47457 30.43045 -7.201927 1.739915 0.02316 -8.168856 -0.006814 -1.864559 -22.892153 -6.179233 -0.01181 0.012017 -0.002298 162.678925 12.703432 -4.997767 18.188614 -0.114367 -0.670579 -67.86454 -11.456161 -0.772531 -7.86789 1.613885 2.046584 -0.997772 0.000203 5.4e-05 16.729633 -9.974583 -8.211486 41.398632 -0.514173 0.842801 -40.784027 5.774488 -9.16491 -23.063433 0.901054 1.526819 -0.998863 0.000707 -0.007839 
0.0 0.0 0.0 0.0 -0.0 0.0 -5.376985 96.706177 479.117157 98.148842 5.024523 86.597878 -0.365134 -3.177812 0.403964 -10.932779 -0.766709 2.469213 17.915413 -3.664915 -0.731878 20.0341 -3.410218 3.17718 -2.542205 -0.569103 0.974241 -34.186356 -0.421914 0.572508 -0.007032 -0.000632 0.000993 0.023339 0.011463 -0.009937 0.045078 0.060215 -0.008382 0.066442 -0.04602 -0.019273 -111.757141 -69.182297 128.724121 14.009265 -71.332565 -0.329239 25.901789 0.134336 0.099814 -5.487327 14.784099 8.101309 17.6504 -26.339582 52.444893 -19.498449 -14.420529 29.444031 -0.000868 -8.792863 0.000435 16.445921 -17.869061 6.16686 -0.611116 -1.788207 -3.891489 -4.813213 -11.060132 -2.936275 -0.001482 -20.983131 -0.001389 -5.018793 -25.012873 -4.036878 -0.006449 -0.005485 -0.003743 -10.649641 -5.692292 -3.561494 10.583683 -17.940985 -3.120255 0.000386 -13.836905 -0.00203 -0.499067 -31.225832 -4.032569 -12.623098 -60.450241 9.027357 -13.997622 -7.152506 -2.869799 13.780003 -8.406658 -3.222467 0.348207 -34.230549 0.76756 -0.960325 -17.751261 2.618302 -0.002155 -4.4e-05 0.002775 -17.369106 -20.126907 -4.196227 21.791708 -1.635788 3.866699 -0.001174 -6.35254 -0.000535 -1.701566 -22.634399 -6.208744 0.0 -0.0 0.0 51.849705 -80.025414 144.935944 54.483448 -63.60751 -31.52479 22.789076 -0.033199 0.094634 -3.461462 13.346143 2.883592 22.205814 -20.342243 49.945221 -16.728973 -16.770977 28.49296 -0.000967 -12.710948 -0.005885 15.985838 -18.05982 2.532183 -0.102373 -1.505316 -4.27343 -5.040641 -5.624957 -2.9526 -0.001533 -11.022531 -0.001514 -6.11259 -15.897054 -3.841208 -0.000151 0.003288 0.003167 -10.291642 -5.67381 -4.337737 11.051664 -11.325318 -2.385362 -1.387407 -14.262129 -6.323821 -0.621599 -26.965174 -3.842583 -4.021758 -49.388313 -4.107672 -13.723828 -7.355947 -3.716531 18.162834 -14.072794 -3.256134 0.004384 -18.805529 -0.008396 -0.441954 -8.456556 2.555683 0.006761 -0.008736 -0.00645 -15.932318 -20.103302 -5.476981 30.446478 -7.210526 1.737399 0.007518 -8.160875 -0.012328 -1.864931 -22.852289 -6.179967 0.005078 -0.001653 -0.005698 166.682663 14.271784 -4.915611 19.428692 0.00519 -0.632905 -72.293465 -11.874363 0.00491 -7.134923 1.573947 2.079421 -0.994354 0.000969 0.00036 10.075046 -11.853543 -5.367381 53.261562 -0.840075 0.763568 -35.473942 6.556145 -10.919148 -9.886108 0.728785 1.681579 -0.997192 0.001292 0.001072 
0.0 0.0 0.0 0.0 -0.0 0.0 -5.298783 97.248421 484.082611 98.279152 6.101668 87.022141 0.396664 -3.32143 0.249138 -10.603703 -0.925596 2.134312 18.038795 -3.578544 -1.127844 20.190922 -3.529894 3.275931 -2.584768 -0.473894 1.086074 -34.398819 -0.812214 0.876136 -0.003265 -0.000172 -0.000928 0.022895 0.017603 0.013424 -0.002742 0.060646 0.015392 0.035136 -0.032019 0.004863 -110.569778 -69.745682 127.634819 19.043367 -71.158882 -3.798856 27.828609 0.099028 0.050402 -5.288119 15.063824 8.532787 17.636332 -26.252163 52.295609 -19.440325 -14.414206 29.360661 0.0032 -8.7822 -0.003108 16.258472 -18.10154 6.280604 -0.605321 -1.798641 -3.879406 -4.810699 -11.030782 -2.928062 -0.000934 -20.968445 0.000727 -5.02599 -25.045181 -4.018876 0.00077 0.008217 -0.001326 -10.642602 -5.675148 -3.544237 10.579658 -17.897282 -3.112199 -0.000472 -13.800737 -0.000643 -0.510332 -31.156376 -4.027565 -12.66137 -60.456799 9.124563 -13.997502 -7.149634 -2.853354 13.788172 -8.38701 -3.21962 0.344634 -34.183968 0.768091 -0.960643 -17.723022 2.617283 0.000814 -7.1e-05 0.001216 -17.372303 -20.073254 -4.176291 21.780996 -1.640183 3.865599 -0.000725 -6.330914 0.001958 -1.706743 -22.542084 -6.189127 0.000709 -0.012475 0.00078 53.27924 -79.20517 143.777878 53.980167 -63.785511 -30.302494 20.550991 -0.022228 0.063673 -4.635918 12.431371 3.560898 22.146282 -20.331451 49.839691 -16.691339 -16.745657 28.423962 -0.001479 -12.682857 0.006552 16.04714 -18.144165 2.458703 -0.112182 -1.507668 -4.262525 -5.033992 -5.618127 -2.950956 -0.002559 -11.02445 0.003651 -6.113779 -15.907124 -3.826543 -0.000501 9.7e-05 -0.003152 -10.285408 -5.666373 -4.319598 11.034657 -11.29649 -2.376404 -1.390394 -14.231494 -6.308901 -0.627096 -26.87298 -3.820731 -3.906662 -49.347 -4.116094 -13.700688 -7.35206 -3.699548 18.131895 -14.038148 -3.252901 0.005031 -18.782885 0.006208 -0.423737 -8.465777 2.540498 -0.003559 0.0 0.005734 -15.914367 -20.074968 -5.451952 30.392494 -7.191037 1.727994 -0.002698 -8.14854 -0.007026 -1.840406 -22.862284 -6.171637 0.001938 -0.001169 0.003917 172.036118 14.964328 -3.854662 18.151749 0.053994 -0.601521 -75.156563 -12.136144 0.300385 -6.675359 1.569398 2.070502 -0.998011 -0.004269 -0.000214 3.471125 -11.878616 -2.846909 62.918667 -0.738302 0.555877 -40.183807 2.615973 -11.835657 -8.794275 0.713688 1.743974 -0.992454 0.001911 -0.008197 
0.0 0.0 0.0 0.0 -0.0 0.0 -5.406047 97.879288 488.992798 97.430275 7.098071 87.734848 1.141871 -3.064354 0.061365 -10.283365 -1.012105 1.566065 18.110144 -2.947922 -1.536727 20.641859 -3.448291 3.211024 -2.575333 -0.477149 1.222341 -34.385639 -1.101248 1.196821 -0.000131 0.000526 0.000869 0.0256 0.021553 0.038951 0.007271 0.051678 0.046143 0.050833 -0.008394 0.026152 -109.794533 -70.66111 126.796722 25.107172 -70.944969 -8.136721 29.010248 0.107433 -0.031795 -5.163547 15.617765 9.652015 17.606979 -26.262018 52.380108 -19.441257 -14.378546 29.36237 0.001454 -8.763172 -0.00083 16.077518 -18.243828 6.426305 -0.613963 -1.777316 -3.889738 -4.801622 -11.050023 -2.932617 0.003421 -20.972258 -0.008937 -5.008211 -25.02923 -4.040636 0.000765 0.004486 -0.003516 -10.634426 -5.666205 -3.557258 10.570576 -17.919977 -3.124296 0.000882 -13.810016 -0.003097 -0.490229 -31.195606 -4.042519 -12.45289 -60.373299 9.024847 -13.9806 -7.150935 -2.869069 13.773511 -8.395061 -3.221226 0.353439 -34.228714 0.757904 -0.960408 -17.70005 2.615451 0.004343 -0.019294 -8e-06 -17.340303 -20.084677 -4.200434 21.752975 -1.635504 3.865201 -0.001805 -6.333938 -0.006647 -1.69078 -22.591944 -6.202451 0.000126 0.00026 0.003959 53.685078 -78.238647 143.723083 51.870541 -64.087296 -27.745699 19.6096 0.091988 0.058533 -5.717964 11.938895 3.759258 22.184235 -20.42001 50.016262 -16.681864 -16.732441 28.499075 -0.004132 -12.685066 0.003723 16.241299 -18.215691 2.332638 -0.104802 -1.497372 -4.270263 -5.030222 -5.618405 -2.957521 -0.000996 -11.026107 0.006708 -6.096321 -15.901346 -3.841191 -0.000837 -0.003293 0.001616 -10.270259 -5.664045 -4.342922 11.023631 -11.311304 -2.364048 -1.384692 -14.243418 -6.324973 -0.624887 -26.955338 -3.817606 -3.886639 -49.567085 -4.195747 -13.698173 -7.346763 -3.725013 18.136074 -14.063492 -3.240449 0.001448 -18.797491 0.011256 -0.436346 -8.4418 2.576598 0.008563 -0.02466 0.001764 -15.892377 -20.076143 -5.489413 30.384121 -7.201522 1.741082 0.004397 -8.168749 0.006871 -1.858432 -22.850878 -6.16246 -0.001329 0.002642 -0.002001 178.260223 14.413904 -1.952603 15.249768 0.043972 -0.552244 -77.13295 -12.189321 0.425198 -6.454932 1.565028 2.06029 -0.99549 0.005201 0.001353 -2.485135 -10.229841 -1.275801 68.427055 -0.403347 0.336302 -46.973122 -3.897344 -11.753462 -9.500676 0.736682 1.726915 -0.999991 -0.001899 -0.000715 
0.0 0.0 0.0 0.0 -0.0 0.0 -5.539943 98.416176 493.693817 96.02594 7.833703 88.85952 1.787579 -2.677773 -0.155809 -10.000332 -1.034802 0.819676 18.108675 -2.048783 -1.996193 21.208281 -3.121348 3.113839 -2.538557 -0.465056 1.257845 -34.219131 -1.292269 1.457977 -0.003574 -0.000672 0.001684 0.039115 0.023306 0.045244 0.018251 0.030746 0.060691 0.074114 0.013695 0.026096 -108.064217 -72.059196 124.79026 31.623213 -70.726219 -12.871597 29.949991 0.060307 -0.16533 -5.044677 16.36038 11.181814 17.624571 -26.299131 52.326145 -19.484386 -14.394537 29.38022 -0.003994 -8.771996 -0.001139 15.878915 -18.372595 6.581172 -0.602145 -1.815999 -3.892846 -4.801969 -11.05271 -2.926242 0.010794 -21.009052 -0.009314 -5.005493 -25.091574 -4.021208 0.001553 -0.000469 -0.003734 -10.619347 -5.703444 -3.546498 10.578647 -17.933767 -3.123251 0.00933 -13.832804 -0.003441 -0.49145 -31.216871 -4.039098 -12.243068 -60.315098 8.934384 -13.961774 -7.157324 -2.859241 13.761097 -8.401569 -3.22172 0.361352 -34.207848 0.750812 -0.955113 -17.753971 2.617339 -0.005496 0.019642 0.00059 -17.324194 -20.122766 -4.181312 21.746355 -1.63679 3.852488 0.001972 -6.34692 0.000238 -1.691081 -22.61968 -6.205307 -0.00258 -0.005768 0.00076 54.556419 -77.245842 143.190201 48.790966 -64.689201 -24.627466 19.672678 0.305942 0.062201 -6.415081 11.916105 3.795353 22.163177 -20.379301 49.930515 -16.665651 -16.700712 28.432146 -0.000812 -12.65892 -0.005271 16.413143 -18.163179 2.215477 -0.107269 -1.505325 -4.275956 -5.0318 -5.608545 -2.945539 -0.000722 -11.01085 0.005975 -6.091819 -15.873239 -3.827292 -4.3e-05 -0.00366 -0.001777 -10.274045 -5.670501 -4.334451 11.011498 -11.295846 -2.369173 -1.382099 -14.232343 -6.310255 -0.631396 -26.902752 -3.813163 -3.848882 -49.516586 -4.355045 -13.688588 -7.35101 -3.721697 18.093649 -14.03735 -3.220241 0.002555 -18.754244 -0.003411 -0.430774 -8.444013 2.550018 -0.002996 0.018592 0.00049 -15.892995 -20.07107 -5.469346 30.339123 -7.177599 1.735253 0.005095 -8.160023 0.001613 -1.866723 -22.838442 -6.159418 -0.004588 0.01058 0.003232 -175.201355 12.999309 0.249062 10.835977 0.00766 -0.48397 -78.060211 -12.023702 0.700886 -6.296017 1.58324 2.066222 -0.998421 0.002699 0.000291 -7.814842 -7.872272 -0.653998 69.589157 -0.011249 0.13356 -54.42939 -10.417607 -10.276772 -10.308891 0.727543 1.66883 -0.990839 0.001479 -0.002046 
0.0 0.0 0.0 0.0 -0.0 0.0 -5.839662 98.700851 497.967377 94.632187 8.209362 90.328293 2.324439 -2.322595 -0.416293 -9.770712 -1.030163 0.062014 17.989296 -1.182542 -2.463374 21.765688 -2.490359 3.039958 -2.537746 -0.525753 1.223314 -34.252983 -1.403406 1.542702 -0.000704 -0.001259 -0.000805 0.059584 0.022117 0.028097 0.028831 0.023042 0.044996 0.087656 0.019019 0.015285 -105.3209 -73.132202 121.662239 37.384235 -69.979706 -17.109745 30.925041 0.077073 -0.308574 -4.67179 16.912682 12.378652 17.611 -26.261066 52.34832 -19.44659 -14.376232 29.392582 0.002743 -8.765 -0.005677 15.616104 -18.460632 6.755412 -0.59987 -1.791982 -3.894256 -4.811182 -11.039412 -2.933219 -0.004363 -20.969131 -0.001828 -5.018981 -25.044676 -4.024961 0.001061 0.018575 -0.005205 -10.621782 -5.680026 -3.560541 10.560132 -17.900434 -3.115041 -0.002384 -13.809278 -0.005948 -0.516736 -31.170525 -4.036665 -11.950643 -59.859531 8.7009 -13.970253 -7.144346 -2.876364 13.765815 -8.390032 -3.212421 0.345122 -34.187775 0.767203 -0.964696 -17.721029 2.620862 -0.001245 -0.001177 -0.008562 -17.331165 -20.090136 -4.195751 21.741877 -1.622188 3.860615 0.003909 -6.33187 -0.008093 -1.703106 -22.565277 -6.196722 0.000251 -0.001079 -0.000144 54.080643 -75.775673 143.410995 44.914684 -65.045273 -21.423328 20.169579 0.535069 0.066499 -6.703484 12.151953 3.431277 22.145929 -20.326674 49.901928 -16.68001 -16.751184 28.455763 0.002112 -12.689903 0.007192 16.503242 -18.099722 2.164373 -0.10861 -1.509636 -4.276282 -5.032431 -5.609197 -2.950586 -0.002738 -10.996417 -0.00138 -6.110972 -15.86111 -3.83893 0.000757 -0.003345 -0.002372 -10.276708 -5.684597 -4.330968 11.01411 -11.273481 -2.376461 -1.37686 -14.219637 -6.315927 -0.617314 -26.895666 -3.834371 -3.719238 -49.482487 -4.447549 -13.702682 -7.357653 -3.709772 18.126595 -14.017534 -3.246346 0.002164 -18.744448 -0.004034 -0.434697 -8.438214 2.550375 -0.000564 7.7e-05 -0.002876 -15.92551 -20.078238 -5.468735 30.427797 -7.172538 1.735115 -0.00717 -8.154412 -0.005925 -1.860687 -22.834976 -6.171027 0.000241 0.00252 0.002146 -170.023361 11.104452 2.137245 7.51446 -0.025137 -0.397766 -78.674255 -11.717112 0.89039 -6.177184 1.606519 2.080607 -1.000058 -0.001937 -0.000815 -12.574506 -5.702686 -0.739584 67.04438 0.239856 -0.046597 -60.637947 -14.490921 -8.698472 -10.865625 0.758236 1.689378 -0.968495 -0.005064 0.003547 
0.0 0.0 0.0 0.0 -0.0 0.0 -6.263403 98.695084 501.967102 93.415154 8.266452 92.068161 2.722353 -2.043792 -0.725979 -9.623088 -1.011196 -0.537283 17.888031 -0.48591 -2.890048 22.235476 -1.71513 2.925017 -2.553286 -0.577807 1.115445 -34.503891 -1.485479 1.457319 0.003003 -0.000261 -0.000829 0.083164 0.020853 0.018234 0.018975 0.023134 0.024516 0.056905 0.016831 0.019776 -101.273506 -74.907661 116.937675 43.290627 -69.794914 -21.435566 32.151852 0.045739 -0.361238 -3.995382 17.367804 12.917987 17.635397 -26.280771 52.359673 -19.473755 -14.351399 29.390055 -0.004622 -8.754789 -0.000475 15.426976 -18.534676 6.856022 -0.60268 -1.805494 -3.885015 -4.798275 -11.055289 -2.947098 0.016363 -20.977636 -0.013275 -4.989917 -25.037664 -4.028975 -0.000784 0.002298 -0.000538 -10.612913 -5.689037 -3.555945 10.566764 -17.933941 -3.127406 0.011272 -13.82579 -0.010814 -0.447728 -31.199812 -4.049286 -11.815384 -59.67205 8.694618 -13.961924 -7.148814 -2.86619 13.757462 -8.415687 -3.229881 0.364748 -34.206917 0.766379 -0.941741 -17.762913 2.605682 0.001744 -0.000484 -0.005963 -17.305143 -20.104013 -4.203684 21.716303 -1.655692 3.852755 0.002309 -6.339157 0.003187 -1.677906 -22.610792 -6.19716 0.001221 -0.003028 -0.003173 54.166138 -74.86512 143.607117 41.497169 -65.572624 -18.997938 20.7502 0.747224 0.099348 -6.707602 12.504478 2.898744 22.186468 -20.392292 49.925385 -16.705019 -16.742727 28.468197 -0.002836 -12.690367 0.000729 16.560106 -17.974394 2.175108 -0.10161 -1.503486 -4.27374 -5.036931 -5.625894 -2.951913 0.003256 -11.034593 0.002956 -6.103159 -15.911906 -3.830806 0.000407 0.00012 -0.00044 -10.283881 -5.669788 -4.335062 11.041129 -11.331758 -2.382962 -1.381413 -14.253161 -6.318861 -0.625538 -26.964071 -3.820308 -3.69872 -49.57246 -4.339773 -13.713576 -7.362093 -3.717513 18.166466 -14.080868 -3.24932 0.000685 -18.809069 -0.001005 -0.426273 -8.486567 2.555745 -0.000565 -0.001075 0.002546 -15.917022 -20.103121 -5.470923 30.415407 -7.207506 1.733322 0.004699 -8.17069 0.001788 -1.865266 -22.873415 -6.165528 0.003132 -0.002318 0.001569 -166.652618 9.196885 3.523702 6.554865 -0.037669 -0.306473 -80.541985 -11.323804 1.089248 -6.213733 1.628133 2.111025 -0.992059 0.000559 0.000516 -16.569473 -4.221202 -1.442408 60.880482 0.273725 -0.155699 -65.052635 -15.463055 -8.650236 -11.576782 0.831941 1.718714 -1.002751 -0.002094 -0.003565 
0.0 0.0 0.0 0.0 -0.0 0.0 -6.748695 98.468109 505.518188 92.601059 7.979288 93.835236 2.930973 -1.867341 -0.873146 -9.546387 -1.015424 -1.026345 17.870523 -0.019441 -3.29175 22.61525 -0.976953 2.812221 -2.590883 -0.552027 0.877902 -35.020798 -1.574774 1.204819 -0.002803 -0.000516 -0.000207 0.091144 0.01501 0.027569 -0.013614 0.023209 0.023789 0.026485 0.011323 0.041009 -97.103104 -75.992027 112.285835 48.067425 -68.71283 -24.904392 33.793293 0.011007 -0.301223 -3.0511 17.442646 13.218626 17.660255 -26.356224 52.458885 -19.442289 -14.414899 29.408617 0.004945 -8.784127 0.002838 15.271766 -18.743004 6.837999 -0.60446 -1.790043 -3.889044 -4.823393 -11.038361 -2.936718 -0.01053 -20.953337 0.016061 -5.034307 -25.012022 -4.024029 -0.003019 -0.001262 -0.003183 -10.642355 -5.6802 -3.558296 10.56424 -17.895351 -3.108925 -0.010044 -13.802593 0.015404 -0.523419 -31.115511 -4.023157 -11.673433 -59.277847 8.328703 -13.987942 -7.142154 -2.873846 13.773984 -8.385741 -3.21134 0.308786 -34.178368 0.802993 -0.972293 -17.714422 2.61707 -0.006228 0.001164 0.002462 -17.369171 -20.087946 -4.207433 21.781845 -1.633107 3.886046 -0.00053 -6.335646 -0.004261 -1.741427 -22.589607 -6.168022 0.002425 0.002322 -0.006096 53.901417 -73.921928 143.901077 38.603794 -65.944839 -17.239868 21.274603 0.88878 0.100375 -6.452904 12.829958 2.384788 22.208885 -20.443739 50.051762 -16.676088 -16.76395 28.505838 0.000479 -12.690092 -0.001487 16.554995 -18.038055 2.177711 -0.109918 -1.510705 -4.287723 -5.040025 -5.601034 -2.951833 -0.001023 -10.999258 0.002515 -6.114342 -15.865147 -3.842877 -0.001464 0.003177 -0.001736 -10.285595 -5.668999 -4.350182 11.032794 -11.2892 -2.36894 -1.38856 -14.219763 -6.32325 -0.62935 -26.891453 -3.816183 -3.638119 -49.526253 -4.338486 -13.709014 -7.350424 -3.732416 18.136503 -14.024121 -3.233328 -0.010698 -18.759592 0.01611 -0.43315 -8.430588 2.564958 0.001909 -0.005491 -0.003676 -15.923662 -20.060938 -5.492068 30.427454 -7.183008 1.734996 -0.011067 -8.157442 0.011751 -1.875993 -22.845449 -6.133706 0.00153 0.0 -0.001964 -165.291351 7.465588 4.180126 8.284075 -0.028399 -0.231334 -83.14209 -10.60109 1.124319 -6.441937 1.640726 2.128964 -0.996591 -0.003326 -0.001212 -19.243271 -3.571879 -2.776419 50.564522 0.113673 -0.121958 -67.0886 -14.698596 -10.193742 -12.115545 0.958974 1.737332 -1.021062 -0.000458 -0.005241 
0.0 0.0 0.0 0.0 -0.0 0.0 -7.317938 98.097435 509.79837 92.229149 7.57268 95.572098 2.996067 -1.848383 -0.801672 -9.563605 -1.066 -1.451226 17.915539 0.234723 -3.654253 22.926493 -0.359535 2.793746 -2.638318 -0.488268 0.430419 -35.438774 -1.638792 0.902239 -2.2e-05 0.000277 -0.000695 0.094464 0.008189 0.004678 -0.034944 0.021951 -0.001857 -0.017394 -0.000361 0.02102 -92.311234 -77.06675 107.108383 52.517426 -67.795815 -27.892214 35.471336 0.073854 -0.273315 -1.931967 17.510569 13.812877 17.625174 -26.251184 52.366756 -19.503452 -14.412756 29.410635 -0.007684 -8.776638 0.010945 15.181991 -18.709354 6.773136 -0.585393 -1.779129 -3.891972 -4.818416 -11.074788 -2.927035 -0.00064 -20.98465 -0.014074 -5.013007 -25.047468 -4.046587 0.002128 -0.005673 0.005471 -10.61806 -5.683791 -3.557791 10.571217 -17.935966 -3.129153 -0.001172 -13.829499 -0.026378 -0.483112 -31.210537 -4.042902 -11.529004 -59.53915 8.016393 -13.971264 -7.140614 -2.875919 13.772955 -8.411592 -3.216694 0.378462 -34.215717 0.705712 -0.953323 -17.745131 2.596598 0.001353 0.010746 0.00683 -17.341549 -20.109011 -4.200353 21.761484 -1.631669 3.862573 -0.001308 -6.342107 -0.003669 -1.687296 -22.611071 -6.200236 -0.01176 0.001621 -0.009622 55.235893 -73.607986 142.8853 36.970882 -66.82592 -16.792053 21.604675 0.854306 0.067352 -6.131341 13.283744 2.0625 22.20505 -20.34161 49.85743 -16.704201 -16.734777 28.437723 0.001683 -12.689723 -0.00276 16.478628 -18.17911 2.309279 -0.105589 -1.509825 -4.27589 -5.040129 -5.632039 -2.948829 0.000667 -11.034741 -0.001105 -6.114115 -15.921867 -3.83386 0.000102 -0.003121 0.00039 -10.290627 -5.686045 -4.33424 11.038312 -11.320484 -2.375452 -1.38906 -14.258686 -6.317955 -0.627286 -26.940907 -3.829618 -3.581799 -49.814968 -4.309961 -13.719687 -7.372251 -3.712609 18.156828 -14.077365 -3.243172 0.005809 -18.823641 -0.004064 -0.429657 -8.456999 2.551349 0.001235 0.00654 0.000879 -15.936847 -20.12977 -5.459604 30.445728 -7.206069 1.733871 0.008484 -8.185233 -0.004695 -1.854312 -22.920675 -6.18746 0.001524 0.000947 0.00012 -163.361618 6.065563 4.433131 9.127944 -0.06613 -0.167097 -84.768761 -9.543699 0.956714 -6.930097 1.611411 2.140458 -0.995525 0.00505 0.001611 -20.006357 -3.721541 -4.476311 36.095486 0.020838 0.014359 -66.428932 -12.769659 -11.430194 -12.231934 1.087929 1.73039 -0.997826 0.004627 0.001388 
0.0 0.0 0.0 0.0 -0.0 0.0 -7.977883 97.65181 514.778931 92.233192 7.175982 97.161293 2.941255 -1.925954 -0.781187 -9.707905 -1.084268 -1.621537 18.004747 0.353093 -3.909805 23.348358 -0.002595 2.78422 -2.794009 -0.39648 -0.045699 -35.523304 -1.656006 0.64708 -0.000714 0.000306 -0.000975 0.088669 0.002594 -0.085092 -0.08425 0.001812 -0.086233 -0.074914 0.007866 -0.078685 -88.645485 -77.633255 103.081566 54.975479 -66.786613 -29.065987 37.335842 0.210737 -0.310854 -0.834939 17.299015 14.481176 17.647722 -26.385244 52.4963 -19.427048 -14.379901 29.393965 -0.014275 -8.762022 1.5e-05 15.258211 -18.685959 6.736155 -0.612348 -1.7786 -3.885584 -4.794224 -11.042951 -2.937863 0.006225 -20.960539 0.011561 -4.993667 -25.010122 -4.034754 -0.009921 -0.001791 -0.003233 -10.619936 -5.659153 -3.566158 10.57548 -17.92042 -3.114826 -0.004834 -13.815271 0.011739 -0.510623 -31.177786 -3.982163 -11.53755 -59.769093 7.88265 -13.963378 -7.128889 -2.882652 13.766905 -8.409096 -3.208667 0.348895 -34.202423 0.803417 -0.971047 -17.713577 2.608163 0.006307 -0.006655 0.027249 -17.302105 -20.045641 -4.217255 21.713337 -1.658536 3.877194 0.011533 -6.329421 2.1e-05 -1.677083 -22.541897 -6.197328 -0.003415 -0.002763 -0.000185 56.010696 -73.66806 142.105209 34.905869 -67.869843 -16.615974 21.710228 0.689724 0.017718 -5.913113 13.318421 2.015541 22.184414 -20.409632 50.036152 -16.704912 -16.726185 28.503881 0.000908 -12.683277 -1.7e-05 16.053308 -18.255919 2.727761 -0.110926 -1.514308 -4.279849 -5.030597 -5.615374 -2.953456 0.000189 -11.018526 -0.002703 -6.096302 -15.891193 -3.83926 0.00179 0.000215 0.000865 -10.281833 -5.691772 -4.344373 11.024346 -11.302289 -2.375647 -1.381358 -14.247346 -6.325796 -0.624332 -26.916845 -3.834237 -4.004147 -49.946533 -3.830586 -13.704928 -7.386634 -3.726576 18.134968 -14.04812 -3.241073 0.00665 -18.807566 -0.004631 -0.433316 -8.461785 2.552189 0.001969 0.006252 0.002701 -15.913795 -20.110367 -5.491944 30.388943 -7.195124 1.736973 -0.009294 -8.15742 0.001382 -1.852911 -22.841091 -6.167559 0.001811 -0.008066 0.001769 -159.927933 4.846419 4.218582 7.843948 -0.08033 -0.079566 -84.802536 -8.354712 0.621284 -7.913519 1.588214 2.144505 -1.000615 0.001404 -7.8e-05 -19.707014 -4.156452 -5.566179 20.64966 0.018042 0.183284 -65.436485 -9.676233 -12.021389 -12.050997 1.213078 1.668221 -0.994619 -0.002636 -0.000654 
0.0 0.0 0.0 0.0 -0.0 0.0 -8.510772 97.018753 519.466858 92.380646 6.655589 98.549141 2.591907 -1.939603 -0.77926 -9.921911 -1.127675 -1.796709 18.233921 0.189068 -4.009295 23.656702 0.298294 2.896408 -2.965782 -0.246861 -0.85086 -35.332191 -1.51407 0.542539 0.0027 -0.000707 -9e-06 0.089728 0.002582 -0.12834 -0.052142 -0.033007 -0.095633 -0.054357 0.047615 -0.153438 -87.597298 -77.844833 101.77729 56.28289 -65.861847 -29.582952 39.087311 -0.009644 -0.517169 0.077585 17.329252 15.398887 17.65749 -26.339272 52.435501 -19.443321 -14.37114 29.41116 -0.000802 -8.761414 -0.015756 15.437841 -18.789394 6.968225 -0.606633 -1.797172 -3.888538 -4.796501 -11.048762 -2.940428 -0.018688 -20.973785 0.011932 -5.029945 -25.037558 -4.02139 -0.001013 -0.000156 -0.002153 -10.621041 -5.694107 -3.563915 10.55776 -17.913736 -3.113256 -0.004086 -13.80861 0.008639 -0.508799 -31.166395 -4.016209 -11.890256 -60.348587 8.297872 -13.967585 -7.150954 -2.882325 13.757865 -8.395539 -3.197507 0.36097 -34.150883 0.764821 -0.970421 -17.709251 2.625969 0.008129 0.003535 -0.004631 -17.328583 -20.101103 -4.200622 21.755667 -1.629775 3.861168 -0.00114 -6.338688 0.000536 -1.731352 -22.620899 -6.198823 0.003012 -0.001361 0.006971 55.343544 -73.6343 142.386719 31.725498 -68.468811 -14.601989 21.500992 0.590101 -0.049208 -6.046847 13.054999 1.688532 22.201715 -20.386326 49.937946 -16.717705 -16.736523 28.479784 -0.001728 -12.690124 -0.00363 15.870558 -18.056108 3.041952 -0.104647 -1.517554 -4.275483 -5.038429 -5.616884 -2.955652 0.001428 -11.043722 0.001047 -6.109942 -15.935672 -3.840309 -0.004816 0.000418 0.000627 -10.281709 -5.686226 -4.338099 11.033346 -11.31688 -2.373277 -1.383715 -14.265812 -6.326208 -0.624444 -26.982668 -3.834587 -4.327787 -49.988163 -3.457011 -13.706641 -7.363981 -3.717661 18.138098 -14.067369 -3.238758 0.002485 -18.812553 -0.004456 -0.429097 -8.461248 2.552497 0.0 0.006157 0.000933 -15.919979 -20.11389 -5.474116 30.416216 -7.204095 1.743099 0.001676 -8.173879 -0.004315 -1.846997 -22.918795 -6.186299 0.000604 0.005403 -0.000696 -157.164032 3.94566 3.28282 7.349666 -0.117369 0.04908 -84.589706 -6.67101 -0.304237 -9.633054 1.703849 2.158338 -1.002832 0.003897 0.001181 -19.61751 -4.291404 -5.82319 8.362692 -0.021913 0.229995 -64.986343 -8.679662 -12.133735 -11.925996 1.164807 1.61662 -0.997879 0.002338 -0.000373 
